"","elpd_diff","se_diff","timepoint"
"1",-4.74048826476727,10.2238821039595,"Before"
"2",13.322916447661,7.95669787926763,"After"
