"","elpd_diff","se_diff"
"1",13.5812193873581,9.2988526731063
