"","elpd_diff","se_diff","timepoint"
"1",-26.5440442842565,12.6945110351788,"Before"
"2",1.33216329764676,6.96948030823802,"After"
