"","elpd_diff","se_diff"
"1",21.4793145876945,13.9283811657122
