"","elpd_diff","se_diff","timepoint"
"1",12.2580342126447,14.4990347727405,"Before"
"2",44.498539845516,14.1274588706285,"After"
