"","elpd_mem","elpd_true","elpd_diff"
"1",-1.23997903625748,-0.500844019280276,-0.739135016977207
"2",-0.537148956635013,-0.276557878394485,-0.260591078240529
"3",-0.105295625135074,-0.426742035198152,0.321446410063078
"4",-1.16850779224401,-0.783050821392668,-0.385456970851341
"5",-2.15613376513613,-0.241585022139283,-1.91454874299685
"6",-0.894261015164591,-0.371241372565663,-0.523019642598928
"7",-0.718330292011627,-0.515348396646573,-0.202981895365054
"8",-0.568483025239331,-0.779958835737468,0.211475810498137
"9",-0.365155638445343,-0.691709681686342,0.326554043240998
"10",-0.392827691596317,-0.691709681686342,0.298881990090025
"11",-0.165263599607622,-0.501365092514639,0.336101492907018
"12",-0.397888937106935,-0.201758270537999,-0.196130666568936
"13",-0.159957900958466,-0.385352428893264,0.225394527934799
"14",-0.263960927618076,-0.26100523970619,-0.00295568791188572
"15",-0.258760900578585,-0.217873363584729,-0.0408875369938553
"16",-0.791005431558085,-0.505930837851842,-0.285074593706242
"17",-0.357092041905154,-1.1644652181654,0.807373176260248
"18",-0.640225009912228,-1.39272054314231,0.752495533230078
"19",-0.270775779855994,-0.201758270537999,-0.0690175093179946
"20",-0.589796343440058,-0.704564331045508,0.114767987605449
"21",-0.584233145965373,-0.770951498111163,0.18671835214579
"22",-0.589796343440058,-0.427370753478069,-0.162425589961989
"23",-0.575209102532212,-0.636366960190473,0.0611578576582605
"24",-0.83161061136108,-0.683977615808989,-0.147632995552091
"25",-0.927603549047022,-0.448326434909482,-0.479277114137541
"26",-0.491281854740496,-0.745218569675972,0.253936714935476
"27",-0.242429102465534,-0.290280589445004,0.0478514869794697
"28",-0.574242062781698,-0.37344021693106,-0.200801845850638
"29",-1.49928627121998,-1.89922210434799,0.399935833128009
"30",-0.393556362434303,-0.488517889911344,0.0949615274770403
"31",-0.300322843564667,-0.349034088736342,0.0487112451716749
"32",-0.490825841644087,-0.973723400202996,0.482897558558909
"33",-0.256548791837286,-0.403378137169955,0.146829345332669
"34",-0.451579686342945,-0.439255778696729,-0.0123239076462163
"35",-0.503354225716338,-0.950714093305086,0.447359867588748
"36",-1.0277696133324,-0.641890427707704,-0.3858791856247
"37",-0.343429335709042,-1.61595929762342,1.27252996191438
"38",-0.52836000929773,-0.541157436427601,0.012797427129871
"39",-0.329942162599475,-0.312773571929715,-0.0171685906697601
"40",-0.0816664257811137,-0.458672509220828,0.377006083439714
"41",-1.29168571788471,-0.785483451656641,-0.506202266228072
"42",-0.468712265341603,-0.579281227669783,0.11056896232818
"43",-1.2958737844709,-0.686971480302049,-0.608902304168852
"44",-0.947060994557167,-0.702882565287269,-0.244178429269898
"45",-0.439574568882583,-1.73278216623858,1.293207597356
"46",-0.278376650797108,-0.341511348606761,0.0631346978096525
"47",-0.231157984513336,-0.34000546135693,0.108847476843594
"48",-0.647265752155895,-1.03427477084316,0.387009018687265
"49",-0.766186807198217,-0.973723400202996,0.207536593004779
"50",-0.336793263125921,-0.368685980413181,0.0318927172872598
"51",-1.05694800771813,-1.03873906045414,-0.0182089472639912
"52",-0.274053448067226,-0.902977235185414,0.628923787118188
"53",-1.76414323602685,-1.53353761973157,-0.230605616295277
"54",-0.246377145386413,-0.641999391169109,0.395622245782696
"55",-0.586112263846438,-1.00820754225334,0.422095278406899
"56",-0.269560671250602,-0.356806312494795,0.0872456412441931
"57",-0.425261017615997,-0.460770668249796,0.0355096506337995
"58",-0.192450573882621,-0.763376048353427,0.570925474470807
"59",-0.779576859803732,-0.630417234314733,-0.149159625488998
"60",-0.193664261690737,-0.627597897076905,0.433933635386168
"61",-0.434377251682695,-0.487402905851269,0.0530256541685743
"62",-1.41067825237665,-0.606292073389337,-0.804386178987311
"63",-1.15531262122035,-0.524385626234326,-0.630926994986027
"64",-0.3674952664418,-0.483804375946537,0.116309109504737
"65",-0.77561718532772,-0.888093497789841,0.112476312462121
"66",-0.322758408347674,-0.490345936526363,0.167587528178688
"67",-1.07402125914245,-1.20965525853593,0.13563399939348
"68",-0.266201296664134,-0.869795866095903,0.603594569431769
"69",-0.50054577191541,-0.913451779878094,0.412906007962684
"70",-0.424896359521976,-0.830327224416464,0.405430864894488
"71",-0.504542193486318,-0.830327224416464,0.325785030930145
"72",-0.282493674160019,-0.265604200812573,-0.0168894733474456
"73",-0.23376155840351,-0.687874491115979,0.454112932712469
"74",-1.27110968741165,-0.869795866095903,-0.401313821315751
"75",-0.297963680083079,-0.320622381305435,0.0226587012223556
"76",-0.425261017615997,-0.829985141197382,0.404724123581386
"77",-0.656280616439746,-0.650371979413907,-0.00590863702583899
"78",-1.1466243411945,-1.18930894840287,0.042684607208372
"79",-0.585085678521565,-0.581600348025786,-0.0034853304957787
"80",-0.326708676413269,-0.410242687337529,0.0835340109242608
"81",-1.20696941714914,-1.29252430675267,0.0855548896035359
"82",-0.665472968011248,-0.6771842503956,0.0117112823843515
"83",-0.171555150410422,-0.375064655615873,0.203509505205451
"84",-0.517003849439101,-0.61989426977594,0.102890420336839
"85",-0.499148477508829,-0.486167429866933,-0.0129810476418957
"86",-0.562866743708428,-1.16567109267874,0.602804348970309
"87",-0.796949646760637,-0.726301593396084,-0.070648053364553
"88",-0.27252605480931,-0.925751569427395,0.653225514618085
"89",-1.75601074063491,-0.454642654027786,-1.30136808660713
"90",-0.564302662498915,-1.28750586261614,0.723203200117227
"91",-0.947865620479109,-0.54302814145827,-0.40483747902084
"92",-0.599113576561098,-1.12105514899118,0.521941572430078
"93",-0.92477850949155,-0.302975001398083,-0.621803508093468
"94",-0.240893483575235,-0.4143651062125,0.173471622637265
"95",-0.147880070018395,-0.324675487606894,0.176795417588499
"96",-0.333814620162446,-0.377745514868285,0.0439308947058388
"97",-0.351587653616071,-0.276946351219239,-0.0746413023968318
"98",-0.168013218569321,-0.365340153040883,0.197326934471562
"99",-1.42720202881825,-0.759208258353484,-0.667993770464763
"100",-0.217939788803022,-0.405393966661786,0.187454177858764
"101",-1.37098289494477,-0.58926569418121,-0.781717200763563
"102",-0.62491663302635,-0.525047645253828,-0.0998689877725223
"103",-0.367639848308198,-0.809084500530061,0.441444652221864
"104",-0.367426568103501,-0.408439566987262,0.0410129988837609
"105",-0.673147979556002,-1.26905757364754,0.595909594091539
"106",-0.533090173801905,-0.525047645253828,-0.00804252854807697
"107",-0.774301439988028,-0.879943403709508,0.10564196372148
"108",-0.883796643440316,-0.315122987448568,-0.568673655991748
"109",-0.566918181080537,-0.553662995424079,-0.0132551856564573
"110",-0.367426568103501,-0.429427331880002,0.062000763776501
"111",-0.177342715118407,-0.998895141853687,0.821552426735281
"112",-0.349430379352932,-1.531325998017,1.18189561866407
"113",-0.185424956439082,-0.503342709283698,0.317917752844616
"114",-1.26645819153716,-1.26905757364754,0.00259938211038069
"115",-0.344176102293011,-0.503342709283698,0.159166606990687
"116",-0.362933850302563,-0.34354927137608,-0.0193845789264824
"117",-0.35710251471728,-0.456566806030391,0.0994642913131116
"118",-0.529826263692232,-0.525047645253828,-0.00477861843840444
"119",-0.919058331733826,-0.741361008555931,-0.177697323177895
"120",-0.888450008122333,-0.315122987448568,-0.573327020673765
"121",-1.22964666069367,-0.368494486814811,-0.861152173878855
"122",-0.572940311224468,-0.484665554900058,-0.0882747563244095
"123",-1.17884611930832,-1.40183529332865,0.222989174020337
"124",-0.328412132357169,-0.17634264483168,-0.152069487525489
"125",-1.42216717759726,-0.32681765382879,-1.09534952376847
"126",-0.207725506346732,-0.11529761375996,-0.0924278925867714
"127",-0.46667031823773,-0.409950978213577,-0.056719340024153
"128",-0.210207512072749,-0.129780065750904,-0.0804274463218455
"129",-0.401093027648065,-0.32747709659834,-0.0736159310497246
"130",-0.661904312328629,-0.656308046336768,-0.00559626599186114
"131",-0.704505734137333,-0.784941607531372,0.0804358733940385
"132",-0.32026929765789,-0.248683775644082,-0.071585522013808
"133",-0.607292583107615,-0.517244610228601,-0.090047972879014
"134",-0.542606906961185,-0.507898191595082,-0.0347087153661025
"135",-0.524080691137818,-0.449305843134707,-0.074774848003111
"136",-0.385828431085965,-0.324927625440653,-0.0609008056453124
"137",-0.371722713835746,-0.302578852133011,-0.0691438617027353
"138",-0.725857569462575,-0.660916875194901,-0.0649406942676745
"139",-0.430300518081165,-0.312379867590886,-0.117920650490278
"140",-0.343340227018112,-0.257338739940808,-0.0860014870773043
"141",-0.6180650564779,-0.510101994403089,-0.107963062074811
"142",-0.335372873519631,-0.227695643806715,-0.107677229712916
"143",-0.399816620285618,-0.330062671795629,-0.0697539484899892
"144",-1.36964342118205,-1.9562690637315,0.586625642549453
"145",-0.284336076499878,-0.214980649459303,-0.0693554270405752
"146",-0.338473105004718,-0.264195603779923,-0.0742775012247954
"147",-0.454489011504413,-0.430259931966272,-0.0242290795381415
"148",-0.258558073732839,-0.169420774624655,-0.0891372991081845
"149",-1.17727090161726,-0.69940448392702,-0.477866417690242
"150",-0.724179219065903,-0.344021865049184,-0.380157354016719
"151",-0.729362762431887,-0.309973410947639,-0.419389351484249
"152",-0.364075616348469,-0.431523388313343,0.0674477719648738
"153",-0.881442864707436,-1.23413455589385,0.35269169118641
"154",-1.58322983283202,-0.75735408318947,-0.825875749642549
"155",-0.397315553718736,-0.647933734363432,0.250618180644697
"156",-1.01145305092107,-0.236221183265354,-0.775231867655715
"157",-0.508783760469736,-1.34213036312935,0.833346602659611
"158",-0.396169275792831,-0.756454639716795,0.360285363923964
"159",-0.316828833026234,-0.458752012913688,0.141923179887454
"160",-0.831534100130402,-0.482545252477312,-0.34898884765309
"161",-0.581346888276797,-0.431523388313343,-0.149823499963454
"162",-0.34257043415097,-0.791182333644541,0.448611899493572
"163",-0.570059639909461,-0.612198008387139,0.0421383684776782
"164",-0.954889960078743,-0.601296883030843,-0.353593077047901
"165",-0.45781786386638,-0.513853590852142,0.0560357269857619
"166",-0.797960106042201,-0.712788343143353,-0.085171762898848
"167",-0.524433428014845,-1.25907220405944,0.734638776044594
"168",-0.896857560916067,-0.781230894207154,-0.115626666708914
"169",-0.571603856378779,-0.412396984946174,-0.159206871432605
"170",-0.376799403800484,-0.468722843990968,0.0919234401904845
"171",-1.27235598889655,-0.979795719945209,-0.292560268951339
"172",-0.222007386144201,-0.811319156713,0.589311770568799
"173",-0.485251785928432,-0.682009891808908,0.196758105880477
"174",-0.416335550465907,-0.979795719945209,0.563460169479302
"175",-0.414467177146363,-0.512231953748636,0.0977647766022729
"176",-0.826545713995171,-0.724195112614034,-0.102350601381136
"177",-0.475517682581012,-0.816322274296636,0.340804591715623
"178",-1.07721960734336,-0.596748456978755,-0.480471150364608
"179",-0.308992286618304,-0.252095366010526,-0.0568969206077785
"180",-0.756462624440492,-0.817282775237063,0.0608201507965713
"181",-0.895422229789922,-0.579209510445685,-0.316212719344237
"182",-0.505861921903898,-0.586191131534196,0.0803292096302979
"183",-1.31250714361489,-1.15598219528437,-0.156524948330514
"184",-0.648733354480995,-0.468722843990968,-0.180010510490026
"185",-0.523254649966499,-0.520293699863541,-0.00296095010295794
"186",-0.470921513780735,-1.22895915337623,0.758037639595495
"187",-0.190078780139595,-0.470850167971347,0.280771387831751
"188",-0.38303822650226,-0.346154715829965,-0.0368835106722951
"189",-0.247649526084562,-0.504458743798963,0.256809217714402
"190",-0.898500950394035,-0.927881576198655,0.0293806258046203
"191",-1.08420326524235,-0.420190189199172,-0.664013076043183
"192",-0.481153955431071,-0.241755581316179,-0.239398374114892
"193",-0.960724582180595,-1.33378763090225,0.373063048721652
"194",-0.306370941064094,-0.317823821087089,0.0114528800229952
"195",-0.582789017445002,-1.01575846562646,0.43296944818146
"196",-0.228625067319363,-0.221497921263408,-0.00712714605595544
"197",-0.160415837536183,-0.388651081835612,0.228235244299429
"198",-0.748416316549348,-0.671663965958436,-0.0767523505909127
"199",-0.301854041533766,-0.701956596438401,0.400102554904635
"200",-0.196042390826317,-0.149772691501516,-0.0462696993248013
"201",-0.722355000329436,-1.01727073826905,0.294915737939615
"202",-0.314675714673251,-0.171746399887169,-0.142929314786081
"203",-0.972144503349898,-0.600649260830608,-0.37149524251929
"204",-0.676988384292449,-0.689328652034829,0.0123402677423803
"205",-0.481652329355981,-0.376140829343559,-0.105511500012422
"206",-0.411135676567008,-0.52641684603976,0.115281169472752
"207",-0.145422522262908,-0.365601774148709,0.220179251885801
"208",-0.470817859046274,-0.443080723282899,-0.0277371357633749
"209",-0.969051897622059,-1.55088290952311,0.58183101190105
"210",-0.640773396673435,-0.441993723641168,-0.198779673032266
"211",-0.296256361933667,-0.388651081835612,0.0923947199019457
"212",-0.245127875554585,-0.234289390627929,-0.0108384849266567
"213",-0.207491715834754,-0.720993638254188,0.513501922419434
"214",-0.0782466193686737,-0.319560660710256,0.241314041341583
"215",-0.159305852430641,-0.353626883499644,0.194321031069003
"216",-0.476906821231711,-0.967228209584361,0.49032138835265
"217",-0.451585727616938,-0.574970348547436,0.123384620930498
"218",-0.604015304387378,-0.539667520891622,-0.064347783495756
"219",-0.453133436331463,-0.368462072182808,-0.0846713641486545
"220",-0.64184813959802,-1.34260339074532,0.700755251147296
"221",-0.826954513598498,-0.266869461693084,-0.560085051905414
"222",-0.549673657953975,-0.891959259491323,0.342285601537347
"223",-0.245442992241919,-0.305035833126689,0.0595928408847692
"224",-0.138614828184053,-0.386320904793708,0.247706076609655
"225",-0.192981713144658,-0.885396819658782,0.692415106514124
"226",-0.247990201676757,-0.265959121999789,0.0179689203230318
"227",-0.62002951946277,-0.894290752153631,0.27426123269086
"228",-0.266334695359006,-0.684878255548532,0.418543560189526
"229",-1.32366556117252,-1.10326121928874,-0.220404341883782
"230",-0.514755184247186,-0.351890078337575,-0.162865105909611
"231",-0.450724430251604,-0.715481349010232,0.264756918758628
"232",-0.362256798568902,-0.657780467992516,0.295523669423614
"233",-1.42587456484357,-0.407294721580679,-1.01857984326289
"234",-0.28446972002803,-1.08270986925003,0.798240149222004
"235",-0.247214295659724,-0.343951596145141,0.0967373004854171
"236",-0.393805916958804,-1.44473292126068,1.05092700430187
"237",-0.334115820182244,-0.327156114506066,-0.0069597056761781
"238",-0.20638568183583,-0.684878255548532,0.478492573712702
"239",-0.207621295963744,-0.261020009187751,0.0533987132240075
"240",-0.631433189542721,-0.33322494941932,-0.298208240123401
"241",-1.29234454805837,-1.39099402936588,0.0986494813075067
"242",-0.332991952124826,-0.374703661292726,0.0417117091678998
"243",-0.386114287584439,-0.207764121546422,-0.178350166038017
"244",-1.53901075597459,-0.463718611242734,-1.07529214473186
"245",-0.110413976071749,-0.462004669885919,0.35159069381417
"246",-0.358888663056455,-0.386771238326322,0.0278825752698664
"247",-1.16211711876122,-1.24179928086694,0.0796821621057253
"248",-0.784204576844107,-0.469754824013398,-0.314449752830709
"249",-0.321068106667442,-0.698169330006547,0.377101223339104
"250",-0.309461387465101,-0.481993781488121,0.17253239402302
"251",-0.635334927018389,-1.12060673786068,0.48527181084229
"252",-0.471546737600759,-0.673870122487115,0.202323384886355
"253",-1.06971876829914,-1.0450534815588,-0.024665286740337
"254",-0.770858392214583,-0.411725365330692,-0.359133026883891
"255",-0.339947296634516,-0.3986247572114,0.0586774605768845
"256",-1.34432723621228,-0.538787845888753,-0.80553939032353
"257",-0.613574263495309,-0.429288308405003,-0.184285955090306
"258",-0.558317412255794,-0.949420129048287,0.391102716792493
"259",-0.332245141934926,-0.327429006726633,-0.00481613520829338
"260",-0.332245141934926,-0.352974522533937,0.0207293805990103
"261",-0.227882691311683,-1.15970486803066,0.931822176718976
"262",-0.183061037065848,-0.775279535081166,0.592218498015319
"263",-0.473545852728209,-0.959750411414236,0.486204558686027
"264",-0.649960778804746,-0.507880480932871,-0.142080297871876
"265",-0.77936840643009,-0.641046227737384,-0.138322178692706
"266",-0.891789737274684,-0.437836287820094,-0.45395344945459
"267",-0.720243320260544,-0.715867914964398,-0.00437540529614644
"268",-1.02675651984087,-0.62040103507295,-0.406355484767915
"269",-0.649960778804746,-0.306085118917849,-0.343875659886897
"270",-0.274202811201153,-0.357742775055049,0.0835399638538954
"271",-0.429537182094928,-0.579606886664131,0.150069704569202
"272",-0.15455331739321,-0.329468329896498,0.174915012503288
"273",-0.41081007517558,-0.367084295353331,-0.0437257798222488
"274",-1.22231079520252,-1.44269404999288,0.220383254790362
"275",-0.698655893360892,-0.34687863836886,-0.351777254992031
"276",-1.54174060741264,-0.35585584600121,-1.18588476141143
"277",-0.534899331176573,-0.481779957521145,-0.0531193736554281
"278",-0.491501870984521,-0.517356693190441,0.0258548222059201
"279",-0.34153268932215,-0.372082331100686,0.0305496417785358
"280",-0.788358930831732,-0.748520178493273,-0.0398387523384596
"281",-0.60241723741436,-0.748452037677028,0.146034800262668
"282",-0.306248088541948,-0.284905059819632,-0.021343028722316
"283",-0.517895913795369,-0.736797861011424,0.218901947216055
"284",-0.390694421531281,-0.517356693190441,0.126662271659161
"285",-0.441081320369407,-0.961505075585722,0.520423755216314
"286",-1.01623906363211,-0.637077543690388,-0.379161519941717
"287",-1.24022275127269,-0.897546255574997,-0.342676495697696
"288",-0.417140019061839,-1.52572744361699,1.10858742455515
"289",-0.390506054761672,-0.428461202161191,0.0379551473995194
"290",-0.959324464347528,-0.655339317156731,-0.303985147190797
"291",-0.499484516053842,-0.81227660836168,0.312792092307838
"292",-0.605611488099991,-0.551787383644895,-0.0538241044550958
"293",-0.524914764959979,-0.542702391805908,0.0177876268459292
"294",-0.950140785282365,-1.73514822087181,0.785007435589443
"295",-0.860010004662176,-0.71293928806862,-0.147070716593556
"296",-0.280731070275335,-0.657692213528156,0.376961143252821
"297",-0.369846973294367,-0.303246208313426,-0.066600764980941
"298",-0.622348154135732,-0.729905556134073,0.107557401998341
"299",-0.330959385259714,-0.392029029963751,0.0610696447040366
"300",-1.0915181735885,-0.580909342690972,-0.510608830897524
"301",-0.835928244410621,-0.756430918993595,-0.0794973254170257
"302",-0.459462461370114,-0.331482090809343,-0.127980370560771
"303",-1.47048665201352,-0.730488479035116,-0.739998172978401
"304",-0.622348154135732,-0.580160398769449,-0.0421877553662835
"305",-0.888769266060847,-1.38412780735783,0.495358541296983
"306",-1.17562841395702,-0.392029029963751,-0.783599383993274
"307",-0.671336307142733,-1.01239423075857,0.341057923615836
"308",-0.793112262196122,-0.888942763471714,0.095830501275592
"309",-0.73503621641275,-1.01239423075857,0.277358014345819
"310",-0.914321273456917,-1.01239423075857,0.0980729573016523
"311",-0.668559227422346,-0.342630075834471,-0.325929151587875
"312",-0.590774309177059,-0.705814172015337,0.115039862838278
"313",-0.689582883417211,-1.05137765313905,0.361794769721842
"314",-0.448773959394675,-0.354836045471776,-0.0939379139228986
"315",-0.90932119462541,-0.879914778168628,-0.0294064164567827
"316",-0.47860298146477,-0.893637996319899,0.415035014855128
"317",-0.676877189544543,-0.465414120326132,-0.211463069218411
"318",-0.877696046538855,-0.270503087581083,-0.607192958957771
"319",-0.547674768864982,-0.468223258172059,-0.0794515106929232
"320",-0.805091219922353,-1.10648181801383,0.301390598091475
"321",-0.634873949445566,-0.19649605744004,-0.438377892005525
"322",-0.409194423865238,-1.72468641493272,1.31549199106748
"323",-0.635524698093029,-0.47180424778426,-0.163720450308769
"324",-1.66225836317604,-1.08556249972831,-0.576695863447735
"325",-0.77174742827638,-0.230602103344605,-0.541145324931775
"326",-0.410251807061031,-0.351688060797205,-0.0585637462638262
"327",-0.449469590584683,-0.315268841309932,-0.134200749274751
"328",-1.00222454631469,-1.46348972845708,0.461265182142387
"329",-1.01285838933761,-0.49168014452616,-0.521178244811455
"330",-1.82835749809401,-0.580969258000562,-1.24738824009344
"331",-0.37270566606492,-0.420666029432941,0.0479603633680217
"332",-0.347331891772611,-0.290922642734095,-0.0564092490385155
"333",-0.993974538341968,-0.344263808406108,-0.64971072993586
"334",-0.354171553042772,-1.25712623526679,0.902954682224015
"335",-0.390808403691178,-0.368885985446183,-0.0219224182449951
"336",-1.32279806270603,-1.30782595012839,-0.0149721125776381
"337",-0.598112477322069,-0.580969258000562,-0.0171432193215066
"338",-1.66225836317604,-1.21570649844508,-0.446551864730966
"339",-0.640731717837774,-0.46724049094149,-0.173491226896283
"340",-1.12660436422186,-0.585593331664652,-0.541011032557208
"341",-0.964640559410755,-0.718921223843553,-0.245719335567202
"342",-0.249822862585367,-0.668020781133251,0.418197918547884
"343",-0.486801593891593,-0.384661656453376,-0.102139937438217
"344",-1.46456016410914,-1.72240473398376,0.257844569874623
"345",-0.339319374263423,-0.518876869583305,0.179557495319883
"346",-0.794949967393361,-0.997540733155547,0.202590765762186
"347",-0.749235938145638,-0.653723733275552,-0.0955122048700865
"348",-1.78380148180472,-0.639440782827259,-1.14436069897746
"349",-0.341993779240782,-0.922412406471914,0.580418627231133
"350",-0.504934874795916,-0.49377164145564,-0.0111632333402758
"351",-1.34348482882933,-0.929809870647097,-0.41367495818223
"352",-0.45809341355638,-0.891867943774911,0.433774530218531
"353",-0.384532992166915,-0.325766824436766,-0.0587661677301492
"354",-0.327359030769409,-0.368757902536215,0.0413988717668063
"355",-0.622928415390822,-0.912307307053698,0.289378891662876
"356",-0.577356746206402,-0.392022039194566,-0.185334707011836
"357",-0.18955767884697,-0.640062327716663,0.450504648869693
"358",-0.460552201952403,-0.254419080200252,-0.206133121752151
"359",-0.330568165651617,-0.493191421267742,0.162623255616125
"360",-0.598218503250379,-0.721967230783076,0.123748727532696
"361",-0.825897250737492,-0.744034850660118,-0.0818624000773731
"362",-0.613438015981067,-0.688821951797974,0.0753839358169071
"363",-0.522758532586875,-0.371066212729909,-0.151692319856966
"364",-1.47067400711406,-0.764184993041418,-0.706489014072643
"365",-0.408747424349278,-0.325673136549842,-0.0830742877994366
"366",-1.43063675089243,-1.07724515377527,-0.353391597117163
"367",-0.404317991399338,-0.337159891279542,-0.0671581001197961
"368",-0.324573604591444,-1.78903102689889,1.46445742230745
"369",-1.03015774894943,-1.15324225848431,0.123084509534887
"370",-0.266301278855188,-0.411996121829873,0.145694842974684
"371",-1.30729715038986,-0.439087098290392,-0.868210052099466
"372",-0.887998385476314,-0.527175337988893,-0.36082304748742
"373",-0.707089799834347,-0.476281475275547,-0.2308083245588
"374",-0.658875386452114,-1.06230968287298,0.403434296420865
"375",-1.05715952111455,-0.63447117241213,-0.422688348702422
"376",-0.957183390308503,-1.28028222563518,0.323098835326676
"377",-0.867785145157107,-0.985001606146197,0.11721646098909
"378",-0.562271328273888,-0.356048667366796,-0.206222660907092
"379",-0.367939778307869,-0.188853050954256,-0.179086727353613
"380",-0.35612604899116,-0.299587990654154,-0.0565380583370061
"381",-0.567230304693459,-0.538385157012152,-0.0288451476813076
"382",-1.14441460631209,-0.638888640983151,-0.50552596532894
"383",-0.548593329923951,-0.54541611602472,-0.00317721389923076
"384",-0.383327354342152,-0.356048667366796,-0.0272786869753556
"385",-0.548502318735161,-0.530579027815013,-0.0179232909201481
"386",-0.211364643558959,-0.156495591212401,-0.0548690523465574
"387",-0.97983400693761,-1.0435007832661,0.0636667763284926
"388",-0.295945485944668,-0.207103051783692,-0.0888424341609761
"389",-0.416099930104018,-0.342987585242206,-0.0731123448618121
"390",-0.309940933617022,-0.239215305126766,-0.0707256284902558
"391",-0.482723528604379,-0.425813961655893,-0.0569095669484856
"392",-0.862310593921616,-0.904135941090472,0.0418253471688566
"393",-1.08541416010211,-1.23665792925703,0.151243769154924
"394",-0.278510266258099,-0.187202942610464,-0.0913073236476354
"395",-0.995217172394163,-1.12796454170024,0.132747369306081
"396",-0.495318781150214,-0.434203339193743,-0.0611154419564706
"397",-0.423673398829945,-0.352360731640725,-0.0713126671892201
"398",-0.862310593921616,-0.904524531992999,0.0422139380713835
"399",-0.228292791918099,-0.20446267563123,-0.0238301162868684
"400",-0.496873537681745,-0.44171165091822,-0.0551618867635257
"401",-0.73437385328449,-0.916183558917453,0.181809705632963
"402",-0.671150580771173,-0.636882762794807,-0.0342678179763665
"403",-0.263883848712426,-0.21447375255288,-0.0494100961595461
"404",-1.14441460631209,-1.20543564344301,0.0610210371309172
"405",-0.355851270352214,-0.342987585242206,-0.0128636851100081
"406",-0.332460799146586,-0.323457594989123,-0.00900320415746236
"407",-0.579317970108518,-1.17594853650854,0.596630566400023
"408",-0.450448363363755,-0.638242954397723,0.187794591033969
"409",-0.988521172356382,-0.535744394907225,-0.452776777449157
"410",-0.260805656177746,-0.741515755136881,0.480710098959134
"411",-0.360687171066641,-0.873696642215813,0.513009471149172
"412",-0.76293845935217,-0.781524833985089,0.0185863746329193
"413",-1.4601409959897,-0.460701141942682,-0.999439854047019
"414",-0.311531187773955,-0.647010582487336,0.335479394713381
"415",-0.716094541223158,-0.728452449408106,0.0123579081849483
"416",-0.616282805866911,-0.5252013386196,-0.091081467247311
"417",-0.558256892989479,-0.9338025630397,0.375545670050221
"418",-1.11111015178297,-0.678918169093859,-0.432191982689115
"419",-0.774576744284754,-0.601677348836388,-0.172899395448366
"420",-0.660890936924739,-0.78430017207496,0.123409235150221
"421",-1.0796391660354,-0.707581582816599,-0.3720575832188
"422",-0.913753823318987,-1.23226489098265,0.318511067663659
"423",-0.968203505214012,-0.886319372299031,-0.0818841329149809
"424",-1.13095869035953,-0.931134430361332,-0.199824259998199
"425",-0.625780948917295,-1.1434242536385,0.517643304721209
"426",-0.494840918359468,-0.680858314048698,0.186017395689229
"427",-0.506939520541497,-0.323457594989123,-0.183481925552374
"428",-1.61356652359533,-0.781524833985089,-0.832041689610246
"429",-0.51108810202044,-1.07535948221045,0.564271380190006
"430",-0.512124833332577,-0.514394444335079,0.002269611002502
"431",-0.636195610252503,-0.668066062682719,0.0318704524302156
"432",-0.776611855585972,-0.904535973774235,0.127924118188263
"433",-0.767433223430682,-1.24863610241529,0.481202878984604
"434",-0.368512609095172,-0.873278905899118,0.504766296803947
"435",-0.848592807268451,-0.582970855589674,-0.265621951678777
"436",-0.611278656339868,-0.973140235320679,0.361861578980811
"437",-0.776611855585972,-0.915400383595489,0.138788528009517
"438",-0.726280547952785,-1.04331485832837,0.317034310375582
"439",-0.653156305378937,-0.528406263604999,-0.124750041773939
"440",-0.753539154531399,-0.879510603403325,0.125971448871926
"441",-0.228529555855328,-0.536432284363463,0.307902728508135
"442",-0.759565161355295,-1.08873425281145,0.329169091456158
"443",-0.229924256734231,-0.55803171712416,0.328107460389929
"444",-0.653156305378937,-0.626955296554894,-0.0262010088240432
"445",-0.64534377613397,-0.770963434534105,0.125619658400135
"446",-0.620684528027324,-0.559549923947945,-0.0611346040793785
"447",-0.535358042609978,-0.559549923947945,0.0241918813379671
"448",-0.597428214165241,-0.399644841062346,-0.197783373102895
"449",-0.387295115436486,-0.411348977407958,0.0240538619714714
"450",-0.421138974983445,-0.415438435763765,-0.0057005392196805
"451",-0.57891343678117,-0.341665944359267,-0.237247492421903
"452",-0.708138260868482,-0.752741941225432,0.0446036803569498
"453",-0.596793433201887,-0.868365715781513,0.271572282579626
"454",-0.713935149286381,-0.79572038408371,0.0817852347973291
"455",-0.672782565744291,-0.570229276676852,-0.102553289067439
"456",-0.418301539044104,-0.420855259878363,0.00255372083425875
"457",-0.278767758638885,-0.320842261577769,0.0420745029388838
"458",-0.770134763058973,-0.651827333365574,-0.118307429693399
"459",-0.965249191017301,-0.813592947062821,-0.15165624395448
"460",-0.394883541646033,-0.826382267518264,0.431498725872231
"461",-0.747675122370291,-0.41219041761281,-0.335484704757481
"462",-0.413242129220946,-0.921926886321252,0.508684757100306
"463",-0.867132124682054,-0.826382267518264,-0.0407498571637896
"464",-0.388857116320303,-0.902916204253907,0.514059087933605
"465",-1.14835264179983,-0.892567559161341,-0.255785082638486
"466",-0.397349685225508,-0.390269603365511,-0.00708008185999631
"467",-0.545378004642122,-0.658907177672682,0.11352917303056
"468",-0.487361036403437,-0.264096425404809,-0.223264610998628
"469",-0.478575575181647,-0.363212225048495,-0.115363350133152
"470",-0.314517949691896,-0.461474381480497,0.146956431788601
"471",-0.415156078265398,-0.300041938357262,-0.115114139908136
"472",-0.607815726993228,-0.906031814454736,0.298216087461508
"473",-0.483149591328885,-0.453273142620188,-0.0298764487086967
"474",-0.39008342672118,-0.442313163635302,0.0522297369141222
"475",-0.647318033303577,-0.630088081171935,-0.0172299521316424
"476",-1.4427764869653,-0.743515780089978,-0.699260706875325
"477",-0.275220257744321,-0.269466554145692,-0.00575370359862859
"478",-0.539962825823603,-1.23660342996877,0.696640604145171
"479",-0.286706154408986,-0.306782619702654,0.020076465293668
"480",-0.348790374352901,-0.294037425706268,-0.0547529486466329
"481",-0.26845371450241,-0.262941714280061,-0.00551200022234966
"482",-0.070759682352838,-1.106468613081,1.03570893072816
"483",-0.732414408426242,-0.673844024580641,-0.0585703838456011
"484",-1.42916380401326,-1.49950672820011,0.0703429241868481
"485",-0.0579322145347998,-0.517723842210511,0.459791627675711
"486",-0.32616281591205,-0.328353276641145,0.00219046072909546
"487",-0.319317818310284,-0.580256172653589,0.260938354343304
"488",-0.729126413757331,-0.266573511259738,-0.462552902497594
"489",-0.694210368147244,-1.94993500851715,1.25572464036991
"490",-0.956087259444282,-0.360175687934546,-0.595911571509737
"491",-0.631004919642432,-0.759082587134856,0.128077667492423
"492",-0.749406933268502,-0.897319362105661,0.147912428837158
"493",-0.942413389164715,-1.01505945434353,0.0726460651788177
"494",-0.330760069849242,-0.488873469103374,0.158113399254132
"495",-0.756846431842006,-0.534170540567735,-0.222675891274271
"496",-0.843397999075858,-0.94617157243767,0.102773573361812
"497",-0.904550847553515,-0.776030995177543,-0.128519852375972
"498",-0.505554220029962,-0.624981560453459,0.119427340423496
"499",-0.912792098767795,-0.787340970865838,-0.125451127901957
"500",-0.786283751116748,-0.600787482523422,-0.185496268593326
"501",-1.24209921603201,-0.536710424791945,-0.705388791240064
"502",-0.420879805887583,-0.558238674425722,0.137358868538139
"503",-0.699558550792627,-0.667376710176669,-0.0321818406159586
"504",-0.706507040715913,-0.724373043902175,0.0178660031862625
"505",-0.605461928586799,-0.918273139075771,0.312811210488971
"506",-0.669539851107783,-0.81466843825252,0.145128587144737
"507",-0.978381120060486,-0.956439509321139,-0.0219416107393471
"508",-0.397227604367803,-0.629612990515915,0.232385386148112
"509",-0.665301454149161,-1.33128269242456,0.665981238275396
"510",-1.02944165218521,-1.13146225529509,0.102020603109874
"511",-0.544118655968957,-0.635753676672236,0.0916350207032783
"512",-1.33491955241504,-0.900617638680112,-0.434301913734924
"513",-0.539804020288926,-0.389509943528739,-0.150294076760187
"514",-2.51168117805564,-0.545544723729204,-1.96613645432644
"515",-0.372520072194011,-0.252869339917515,-0.119650732276495
"516",-0.336811730242235,-0.314775340897034,-0.0220363893452005
"517",-0.917910252541429,-0.522826751821706,-0.395083500719722
"518",-0.163292155388332,-0.577182839373817,0.413890683985485
"519",-0.450228455916041,-0.413102697665274,-0.0371257582507667
"520",-0.374802029564097,-0.269084961584459,-0.105717067979637
"521",-0.651425197897885,-0.49555839422155,-0.155866803676336
"522",-0.156351035877906,-0.36123008769358,0.204879051815674
"523",-0.468036714612964,-0.492442452158351,0.0244057375453872
"524",-0.283972657709961,-0.17116503712681,-0.112807620583151
"525",-0.406146742154293,-1.51037297189208,1.10422622973779
"526",-0.216982677452712,-0.10166050889624,-0.115322168556473
"527",-0.430746760283868,-0.447878293255698,0.0171315329718302
"528",-0.472216318575848,-0.545544723729204,0.0733284051533563
"529",-0.180028006043591,-0.493788824569867,0.313760818526276
"530",-0.336049918611328,-0.162567366861332,-0.173482551749997
"531",-1.67534107492684,-1.01882870070385,-0.656512374222991
"532",-0.351308297299451,-0.36123008769358,0.0099217903941291
"533",-0.371302079308413,-0.291987489339112,-0.0793145899693011
"534",-0.218685421237252,-0.12101561810352,-0.0976698031337317
"535",-0.709919711112756,-0.569008287241952,-0.140911423870804
"536",-0.336817651716681,-0.14718696480803,-0.18963068690865
"537",-0.651425197897885,-0.4888380785197,-0.162587119378185
"538",-0.541859392672595,-0.392909584831368,-0.148949807841227
"539",-0.53421769898365,-0.542697314593592,0.00847961560994204
"540",-0.414097425372528,-0.313206521045471,-0.100890904327057
"541",-0.449099543703273,-0.414733600645723,-0.0343659430575505
"542",-0.326448536228069,-0.241624996336057,-0.0848235398920121
"543",-0.533978833841816,-0.502798316645867,-0.0311805171959492
"544",-1.18389304704251,-1.35354508967566,0.169652042633152
"545",-0.543455804518011,-0.513394868956853,-0.0300609355611581
"546",-0.83254417779618,-0.924643761888043,0.092099584091863
"547",-0.166445470609812,-0.129520121432188,-0.0369253491776238
"548",-0.570825676154364,-0.513394868956853,-0.0574308071975107
"549",-0.400376459607404,-0.345877708173307,-0.0544987514340969
"550",-0.462259066955827,-0.414733600645723,-0.0475254663101046
"551",-0.550331905164582,-0.488146335312402,-0.06218556985218
"552",-0.480387406640341,-0.394018402634558,-0.0863690040057836
"553",-0.326448536228069,-0.276827106925646,-0.0496214293024231
"554",-0.258510365027956,-0.198579943899675,-0.0599304211282803
"555",-0.64558343107567,-0.594694792432268,-0.0508886386434018
"556",-0.543455804518011,-0.542697314593592,-0.000758489924419514
"557",-0.465238171988068,-0.424533351931701,-0.0407048200563676
"558",-0.14318121330575,-0.0963983991764312,-0.046782814129319
"559",-0.649556565392866,-0.607025740055777,-0.0425308253370895
"560",-0.278623297170645,-0.198579943899675,-0.0800433532709697
"561",-0.414097425372528,-0.310999933602423,-0.103097491770106
"562",-0.289763373427649,-0.18983108208659,-0.0999322913410587
"563",-0.463766234242981,-0.40827848874966,-0.0554877454933207
"564",-0.660296774477711,-0.614184790676672,-0.0461119838010386
"565",-0.217896401529389,-0.189434186931566,-0.0284622145978233
"566",-0.555850394318461,-0.505295449810171,-0.0505549445082902
"567",-0.526535089360391,-0.701119809921101,0.17458472056071
"568",-0.322711152928137,-0.328018652619295,0.00530749969115796
"569",-1.36144004110007,-1.78208386869763,0.420643827597561
"570",-0.672748929437139,-0.587820711691363,-0.0849282177457766
"571",-0.363020862502837,-0.272228101475434,-0.0907927610274024
"572",-1.52458083817311,-1.76537101861095,0.240790180437837
"573",-0.568787800641388,-0.52699346213323,-0.0417943385081578
"574",-0.36842899818499,-0.238803861160603,-0.129625137024386
"575",-0.243060390491427,-0.225685364471971,-0.0173750260194563
"576",-0.296106042504034,-0.280639747270531,-0.0154662952335034
"577",-0.27232733743368,-0.23480112391251,-0.0375262135211702
"578",-0.478756717754232,-0.437356997449792,-0.0413997203044403
"579",-0.520343362926393,-0.587820711691363,0.0674773487649691
"580",-0.322711152928137,-0.274747333688744,-0.047963819239393
"581",-0.508725111017099,-0.587820711691363,0.0790956006742638
"582",-0.280098351264966,-0.21970308497488,-0.0603952662900866
"583",-0.35077808190377,-0.352057413677118,0.00127933177334771
"584",-0.754566837225851,-0.705349023452273,-0.0492178137735779
"585",-1.05695610199874,-1.04087933957876,-0.0160767624199796
"586",-0.328084086327843,-0.904445270427767,0.576361184099924
"587",-0.204536959027136,-0.365649536528459,0.161112577501323
"588",-1.19034804113689,-0.903898514394619,-0.286449526742274
"589",-0.552436599789491,-0.498924778732438,-0.0535118210570529
"590",-0.979658801268627,-0.943250707135642,-0.0364080941329856
"591",-1.43382597522434,-0.407748402747352,-1.02607757247699
"592",-0.153129358968783,-1.21454271675765,1.06141335778887
"593",-0.428200584541532,-0.454993320726791,0.0267927361852589
"594",-0.103380239464375,-0.433747191584013,0.330366952119638
"595",-0.0619665137323047,-0.236849517748841,0.174883004016536
"596",-0.377566778397503,-0.307746824475108,-0.0698199539223943
"597",-0.682125862995019,-0.567532724723849,-0.11459313827117
"598",-1.65973234780522,-0.588077359169818,-1.0716549886354
"599",-0.765731830066493,-0.883013893093419,0.117282063026925
"600",-1.10552919492928,-0.917125115700246,-0.188404079229038
"601",-0.545245395737907,-0.875623649285585,0.330378253547678
"602",-0.411564517227934,-0.637555187516832,0.225990670288899
"603",-0.632098931286238,-0.670966579416794,0.0388676481305552
"604",-0.441710311922632,-0.460125954854737,0.018415642932105
"605",-0.267380522373154,-0.418167295768506,0.150786773395352
"606",-0.377461555280791,-1.1936534386789,0.816191883398112
"607",-0.920053887751027,-0.576531268830933,-0.343522618920094
"608",-0.632477415266954,-1.28189565232218,0.649418237055225
"609",-0.991342780960297,-0.827606294536299,-0.163736486423998
"610",-0.757736866768037,-0.562980468493712,-0.194756398274325
"611",-0.856985317401859,-0.431791254433883,-0.425194062967976
"612",-0.62348435783514,-0.651389833572448,0.0279054757373078
"613",-1.16683014820608,-1.0262364777785,-0.140593670427587
"614",-0.241692936389706,-0.373463514210308,0.131770577820602
"615",-0.719008050343334,-0.714192499505558,-0.00481555083777518
"616",-0.716314336307831,-0.783889711002034,0.0675753746942034
"617",-0.511365107526126,-0.597051582842179,0.0856864753160531
"618",-0.808453813874213,-0.825974199003658,0.017520385129445
"619",-0.59606610166225,-0.425194818949081,-0.170871282713168
"620",-0.385481144831401,-0.597051582842179,0.211570438010779
"621",-0.399262650073949,-0.615167228034457,0.215904577960508
"622",-0.59606610166225,-0.373463514210308,-0.222602587451942
"623",-0.303019031105792,-0.366495595733506,0.063476564627714
"624",-0.372622249795667,-0.77798109547374,0.405358845678072
"625",-0.299560206956221,-0.382262311256867,0.0827021043006466
"626",-0.694574897429801,-0.429674790813745,-0.264900106616056
"627",-0.684973253932069,-0.850648598283409,0.165675344351341
"628",-0.775561792115472,-1.13242093129078,0.356859139175308
"629",-0.258009406547469,-0.588966274916345,0.330956868368876
"630",-0.348739805160686,-0.482786134808094,0.134046329647408
"631",-0.694574897429801,-0.687306476052164,-0.00726842137763661
"632",-0.515384144316998,-0.733566381532125,0.218182237215127
"633",-0.351011719935265,-0.511133331700761,0.160121611765496
"634",-1.09366791091371,-0.558572115348619,-0.535095795565093
"635",-0.367431181886405,-0.583080830847452,0.215649648961047
"636",-0.909491678511109,-0.418357004880554,-0.491134673630555
"637",-0.325776392122537,-0.557110082011116,0.231333689888578
"638",-0.295347223762833,-0.954652053075542,0.65930482931271
"639",-0.216226995404867,-0.573779132075641,0.357552136670774
"640",-0.804175825640235,-0.654298420893054,-0.149877404747182
"641",-1.55647706916153,-1.02285413304626,-0.53362293611527
"642",-0.581966346398292,-0.478203477895098,-0.103762868503193
"643",-0.39172806367033,-0.458611795597732,0.066883731927402
"644",-1.00611968733482,-0.792985220984193,-0.213134466350627
"645",-0.569043261779129,-1.0867015938568,0.517658332077676
"646",-0.755608204566602,-0.796331125939115,0.0407229213725122
"647",-0.495858277807288,-0.590775278283285,0.0949170004759976
"648",-0.581330315053021,-0.420836076364445,-0.160494238688576
"649",-0.486179596363972,-1.00794910307837,0.521769506714394
"650",-0.479991462504737,-0.475288974746842,-0.0047024877578945
"651",-0.642137300620255,-0.928093763586711,0.285956462966456
"652",-0.24757388149961,-0.353308681109802,0.105734799610191
"653",-0.480733185688954,-0.985293459273955,0.504560273585001
"654",-0.340036719856521,-0.319700767233416,-0.0203359526231042
"655",-2.68406976150489,-0.792737325353905,-1.89133243615099
"656",-0.518593025594591,-0.931622325341734,0.413029299747143
"657",-0.230224399936185,-0.664181019443155,0.43395661950697
"658",-0.642137300620255,-0.792737325353905,0.15060002473365
"659",-0.751219127250152,-0.812530427784633,0.0613113005344816
"660",-0.816208859137104,-0.855479980940427,0.0392711218033233
"661",-0.414490690803505,-0.350931240028453,-0.0635594507750517
"662",-0.931307468129103,-0.824500098663136,-0.106807369465967
"663",-0.629111821949394,-0.649527205940637,0.0204153839912431
"664",-0.991557091914014,-0.959784128533771,-0.0317729633802424
"665",-0.504483262281687,-0.513284676740107,0.00880141445842053
"666",-1.01897588645037,-0.937893494584259,-0.0810823918661114
"667",-0.475975127322454,-0.444261978520593,-0.0317131488018605
"668",-0.726107658918756,-1.05247817460617,0.326370515687413
"669",-0.713613193073122,-0.578336496868429,-0.135276696204693
"670",-0.868028772693125,-0.807913464204384,-0.0601153084887409
"671",-1.38516687406955,-0.999079433269393,-0.386087440800153
"672",-0.384093502780901,-0.352619160366028,-0.0314743424148736
"673",-0.909060922036639,-0.816920306002537,-0.0921406160341025
"674",-0.518058687533941,-0.496678767910407,-0.0213799196235334
"675",-0.97298471952288,-0.914505692286393,-0.058479027236487
"676",-0.479179839524597,-0.473486135092952,-0.00569370443164452
"677",-1.13050961600031,-1.12348318200916,-0.0070264339911521
"678",-0.465310019272343,-0.451832070910228,-0.013477948362115
"679",-0.496492221009235,-0.45358363673679,-0.0429085842724444
"680",-0.563699075932719,-0.61843694042732,0.0547378644946006
"681",-0.533114108562528,-0.512126817476904,-0.0209872910856239
"682",-0.390056289663666,-0.355532062617448,-0.0345242270462176
"683",-0.765068640228784,-0.760471591062259,-0.00459704916652459
"684",-0.31930575721319,-0.50495260200896,0.18564684479577
"685",-0.632592265724849,-0.242921628021934,-0.389670637702915
"686",-0.641198610630438,-0.846399725953844,0.205201115323406
"687",-0.745583643762894,-0.584426723115726,-0.161156920647168
"688",-0.322941502051581,-0.513882724059727,0.190941222008147
"689",-0.929745882881506,-0.742717208195259,-0.187028674686247
"690",-0.294811976700176,-0.602018183423107,0.307206206722931
"691",-0.543947979016365,-1.12827402522927,0.584326046212907
"692",-0.928455167917336,-1.02834176886523,0.0998866009478947
"693",-0.19394581758117,-0.951584067367548,0.757638249786377
"694",-0.63496268386162,-0.572024442817942,-0.0629382410436774
"695",-0.540568449273968,-0.528716104002727,-0.0118523452712411
"696",-0.260907390829312,-0.84297193482022,0.582064543990908
"697",-0.692394716038724,-1.56349823856665,0.871103522527931
"698",-0.929745882881506,-0.562872557373933,-0.366873325507573
"699",-0.251907837868467,-0.236891701735388,-0.0150161361330792
"700",-0.657562547146544,-0.955122585061261,0.297560037914717
"701",-0.777342380971374,-0.584426723115726,-0.192915657855648
"702",-0.622300942779169,-0.216998237918155,-0.405302704861015
"703",-0.632592265724849,-0.678750010588866,0.0461577448640167
"704",-0.615493601738177,-0.203126901065243,-0.412366700672934
"705",-0.75760670632562,-1.69944059811973,0.941833891794112
"706",-0.78055396076179,-0.830988930289009,0.0504349695272195
"707",-0.422367800144022,-1.02874763983112,0.6063798396871
"708",-1.83862747776882,-0.572024442817942,-1.26660303495088
"709",-0.21715956400662,-0.356166695330844,0.139007131324225
"710",-0.125767408964094,-0.572228777459039,0.446461368494945
"711",-1.04748941953704,-0.433966076911546,-0.613523342625498
"712",-0.574107446588283,-0.351742364124658,-0.222365082463625
"713",-0.468639792895887,-0.945071607580417,0.476431814684529
"714",-0.653569457012858,-0.69756788117846,0.0439984241656024
"715",-0.708937085246105,-0.18826593809235,-0.520671147153755
"716",-0.557120132923305,-0.433966076911546,-0.123154056011758
"717",-0.574107446588283,-0.444916021011508,-0.129191425576775
"718",-0.554987032244061,-0.428980751325432,-0.126006280918629
"719",-0.557120132923305,-0.222783230619868,-0.334336902303437
"720",-0.574107446588283,-0.307433528769016,-0.266673917819268
"721",-0.546349016361778,-0.525397873177545,-0.0209511431842326
"722",-0.948717599033363,-1.03668207463884,0.0879644756054736
"723",-0.446811268796495,-0.747960357491491,0.301149088694996
"724",-0.569203279032823,-0.488626907912732,-0.0805763711200909
"725",-0.518363407936256,-0.631705593865479,0.113342185929223
"726",-0.987512944726497,-0.860067281722582,-0.127445663003915
"727",-0.555951249898904,-0.478888399370739,-0.077062850528165
"728",-0.461386259206388,-0.502523722474629,0.0411374632682406
"729",-0.496588200441942,-0.605664109078352,0.109075908636409
"730",-0.495833467466423,-0.485722916866843,-0.0101105505995802
"731",-0.491954835886439,-0.42360210904031,-0.068352726846129
"732",-0.534913715483877,-0.536521711275586,0.00160799579170945
"733",-0.622008071139268,-0.477127223848408,-0.14488084729086
"734",-1.01957127540495,-0.934542513322578,-0.0850287620823709
"735",-0.497002168007642,-0.610600609211508,0.113598441203866
"736",-0.926893375905313,-0.860508537886903,-0.0663848380184096
"737",-0.520333074437388,-0.537314108159287,0.0169810337218994
"738",-0.53012800564914,-0.489813862158836,-0.0403141434903045
"739",-0.895368025494564,-1.00725817052193,0.111890145027368
"740",-0.645587576484739,-0.738667434099748,0.0930798576150087
"741",-0.352240502329696,-0.426281488862319,0.0740409865326228
"742",-0.330474841325404,-0.96072112211923,0.630246280793826
"743",-0.971821296107161,-0.783647904210508,-0.188173391896653
"744",-0.55913672886802,-0.406396544887698,-0.152740183980321
"745",-0.254188570076467,-0.87978714921995,0.625598579143483
"746",-0.193228651522556,-0.208909189079977,0.0156805375574205
"747",-0.395392242008267,-0.532507251874767,0.1371150098665
"748",-0.0810246618438502,-1.0135026391816,0.932477977337753
"749",-0.179801488315732,-0.372064319130264,0.192262830814532
"750",-0.648131234815847,-0.388085050059648,-0.260046184756199
"751",-0.776338352091634,-0.87978714921995,0.103448797128316
"752",-0.85053599648691,-0.71138959521343,-0.13914640127348
"753",-0.303286741409591,-0.279221012995515,-0.0240657284140759
"754",-0.340602390357321,-0.379167513179266,0.0385651228219448
"755",-0.295519612525713,-1.27516978938074,0.979650176855023
"756",-0.969160234673143,-0.292385652795131,-0.676774581878012
"757",-0.562148711339872,-0.535923298621553,-0.0262254127183192
"758",-0.202156674582829,-0.248804547701738,0.0466478731189088
"759",-0.445404936515815,-1.14172109597456,0.696316159458744
"760",-0.138005427009542,-0.585814670746385,0.447809243736843
"761",-0.656259995751364,-0.844412256653862,0.188152260902497
"762",-0.562148711339872,-0.327648221975624,-0.234500489364247
"763",-0.525701338502643,-0.379167513179266,-0.146533825323377
"764",-1.51700435685415,-1.4644859058125,-0.0525184510416512
"765",-0.454152699922854,-0.537507627070302,0.0833549271474485
"766",-0.729897425951265,-0.621088840200313,-0.108808585750952
"767",-0.503833023832025,-0.46435694531547,-0.0394760785165555
"768",-0.435217150744733,-0.409554204144642,-0.0256629466000904
"769",-0.454152699922854,-0.335861669407257,-0.118291030515596
"770",-0.690273668843759,-0.686959827673737,-0.00331384117002198
"771",-0.742373557300654,-0.716450266326237,-0.0259232909744176
"772",-0.811047153212228,-0.417322443605878,-0.39372470960635
"773",-0.928613987678949,-0.258566843430087,-0.670047144248862
"774",-0.56964485947046,-1.24008537298585,0.670440513515389
"775",-0.457525581047555,-0.381043467971605,-0.0764821130759499
"776",-0.214943022847249,-0.451926386957499,0.23698336411025
"777",-1.70072094662393,-1.69175142112173,-0.00896952550219865
"778",-0.642811926874405,-1.10020423619641,0.457392309322002
"779",-1.15722874774105,-0.388015716596882,-0.769213031144172
"780",-0.45740942968061,-0.486186874038263,0.0287774443576527
"781",-0.367798579384582,-0.535400032237893,0.167601452853312
"782",-0.498636180623773,-0.388015716596882,-0.110620464026892
"783",-0.291047936826507,-0.187418466003038,-0.103629470823469
"784",-0.987781055496468,-1.05662324572828,0.0688421902318082
"785",-0.484962140154961,-0.126588325520775,-0.358373814634186
"786",-0.408663953101733,-0.217844156895699,-0.190819796206034
"787",-0.597038726160783,-0.289167828005541,-0.307870898155242
"788",-0.73966719013674,-0.468826040119786,-0.270841150016954
"789",-0.681717406104331,-1.18757137362133,0.505853967517001
"790",-0.204473809879882,-0.118159831607022,-0.0863139782728606
"791",-0.465855627351406,-0.388015716596882,-0.0778399107545242
"792",-0.342869321126694,-0.515782387871042,0.172913066744347
"793",-0.591467289441771,-0.530478976420278,-0.0609883130214932
"794",-0.757406694433282,-0.905466235056073,0.148059540622791
"795",-1.36612283961185,-1.06512478257293,-0.300998057038916
"796",-0.16670577328744,-0.0995133382903024,-0.0671924349971373
"797",-0.276176408591208,-0.232261965017351,-0.0439144435738577
"798",-0.289510804113736,-0.172487521106296,-0.117023283007439
"799",-0.597038726160783,-0.496318580100987,-0.100720146059795
"800",-0.489612228625376,-0.458574476624961,-0.0310377520004144
"801",-0.324742416334014,-0.306547373498843,-0.0181950428351714
"802",-0.278742788165376,-0.295316634312867,0.0165738461474909
"803",-0.427133314924935,-0.377198508033453,-0.049934806891482
"804",-0.872548904550825,-0.908239029586713,0.0356901250358881
"805",-0.262777369151877,-0.202751453567918,-0.0600259155839584
"806",-0.42589493819845,-0.402924603821039,-0.022970334377411
"807",-0.79586701788197,-0.881611520495486,0.0857445026135162
"808",-0.375394890563347,-0.3493857695546,-0.0260091210087463
"809",-0.374665748387129,-0.319351059422995,-0.0553146889641338
"810",-0.679028932567827,-0.669310713176637,-0.00971821939119
"811",-0.700685220575414,-0.701742626285484,0.00105740571007029
"812",-0.316533448489682,-0.262635714566448,-0.0538977339232343
"813",-1.05663549688409,-0.856132338701137,-0.200503158182957
"814",-0.81195720069049,-0.553040774059044,-0.258916426631446
"815",-0.302273651299564,-0.332508597675124,0.0302349463755602
"816",-0.421118261186204,-0.458574476624961,0.0374562154387572
"817",-0.618748000543405,-0.528796248949245,-0.0899517515941595
"818",-0.365126600683781,-0.351279350314929,-0.013847250368852
"819",-0.36718670359756,-0.537913392244554,0.170726688646994
"820",-0.489909255698286,-0.908239029586713,0.418329773888426
"821",-0.299993937550582,-0.332152502710355,0.0321585651597731
"822",-1.06945665113605,-2.27672283548817,1.20726618435212
"823",-0.152158681614335,-1.66436927980454,1.5122105981902
"824",-1.47862523877448,-0.763429925907637,-0.715195312866848
"825",-1.41424877889465,-0.516099780228305,-0.898148998666342
"826",-0.46090547706132,-0.432903828360403,-0.0280016487009167
"827",-0.620864291180754,-0.653214860381797,0.0323505692010428
"828",-1.37640235713162,-1.74279468516346,0.366392328031838
"829",-0.411031097371841,-0.511695021564782,0.100663924192942
"830",-1.87771419838666,-0.659497651206215,-1.21821654718044
"831",-0.741164349457121,-0.658794560845856,-0.0823697886112642
"832",-0.678699378244582,-0.587435044948655,-0.0912643332959275
"833",-0.411295983770467,-0.519059127728678,0.107763143958211
"834",-0.337310909752493,-0.686046535711944,0.348735625959451
"835",-0.42321094580059,-0.438972661768576,0.0157617159679857
"836",-0.495428248587396,-0.652475101402527,0.157046852815131
"837",-0.655574140829644,-0.659497651206215,0.00392351037657068
"838",-1.03810728981587,-0.712435993610613,-0.325671296205261
"839",-1.06403830176466,-0.968976096392455,-0.0950622053722041
"840",-0.076165386298527,-0.523663124636646,0.447497738338119
"841",-0.660154039914944,-2.25885960588846,1.59870556597352
"842",-0.144893955923497,-0.20073456860159,0.055840612678093
"843",-0.251542904690988,-0.513222439287092,0.261679534596104
"844",-0.491980915055524,-0.422727848267495,-0.0692530667880282
"845",-0.312772092948289,-0.509479829290365,0.196707736342076
"846",-0.281516735739203,-0.170000435269754,-0.111516300469448
"847",-0.222247782001832,-0.561317305069839,0.339069523068007
"848",-0.419089007306405,-0.245204628599579,-0.173884378706826
"849",-0.344928413660887,-1.04339451027599,0.698466096615108
"850",-0.212006520517537,-0.179221319793356,-0.0327852007241809
"851",-0.222247782001832,-0.594845750376911,0.37259796837508
"852",-0.657493252383142,-0.91358641418918,0.256093161806038
"853",-1.07190898879907,-0.337893355406933,-0.734015633392137
"854",-0.24753591071377,-0.285599666651942,0.0380637559381718
"855",-0.198531267933109,-0.442169880352066,0.243638612418956
"856",-1.40762114086623,-0.91358641418918,-0.494034726677051
"857",-0.343503858508717,-0.319858233233402,-0.0236456252753143
"858",-0.0667048041962968,-0.360237200565788,0.293532396369491
"859",-0.977959730928077,-0.249666656738007,-0.72829307419007
"860",-0.808228864208849,-0.559226973680852,-0.249001890527997
"861",-0.237377078105542,-0.394434527510542,0.157057449405
"862",-1.47266738722685,-1.06640827816919,-0.406259109057662
"863",-0.659511246225857,-0.497940094518228,-0.161571151707629
"864",-0.164113287492601,-0.700461578820019,0.536348291327418
"865",-0.541750414215517,-0.699726760817139,0.157976346601622
"866",-0.285172620600676,-0.244702120205311,-0.0404705003953651
"867",-0.334485959963854,-0.219534907733733,-0.114951052230121
"868",-0.124154741786409,-0.641495113580808,0.517340371794399
"869",-0.303260838807047,-0.472105702975298,0.168844864168252
"870",-0.273471244110677,-0.209958723121414,-0.0635125209892635
"871",-0.613342023682608,-0.627368464467046,0.0140264407844377
"872",-1.17485412181812,-0.425632522053764,-0.749221599764356
"873",-0.469843017647508,-0.497940094518228,0.0280970768707194
"874",-1.19565370991417,-1.6393355835679,0.443681873653723
"875",-0.180788315356176,-0.361100978965233,0.180312663609056
"876",-1.16950361120391,-0.747613189066583,-0.421890422137326
"877",-0.262605133237276,-0.379663828072702,0.117058694835426
"878",-0.384026921106092,-0.423761453504685,0.0397345323985929
"879",-0.6987267424725,-0.848784024136193,0.150057281663693
"880",-0.483558693796319,-0.501634811726393,0.0180761179300735
"881",-0.193913890663904,-0.305593691512027,0.111679800848123
"882",-0.790761515946922,-0.38524703131682,-0.405514484630102
"883",-0.413247697242634,-0.43651796583977,0.0232702685971367
"884",-0.765744112962975,-0.699726760817139,-0.0660173521458356
"885",-0.386721857390325,-0.776077668405454,0.389355811015129
"886",-0.577062735476688,-0.273634057918665,-0.303428677558023
"887",-0.406776362324907,-0.606843679160741,0.200067316835835
"888",-0.542397649262615,-0.313244511473395,-0.229153137789219
"889",-0.302752663482384,-0.206811375198054,-0.0959412882843296
"890",-1.62113597136612,-0.140458799031041,-1.48067717233508
"891",-0.541163708081777,-0.315570960105543,-0.225592747976235
"892",-0.308053121035158,-0.112195576838976,-0.195857544196182
"893",-0.627465414300194,-0.279829101016151,-0.347636313284043
"894",-0.690692374734693,-0.81535166079461,0.124659286059916
"895",-0.41372642465058,-0.420079265217191,0.00635284056661067
"896",-0.835940624422102,-0.0935491094027849,-0.742391515019317
"897",-0.233898265001656,-0.206811375198054,-0.0270868898036021
"898",-0.731958465934679,-1.4839414710424,0.751983005107721
"899",-0.603419400561301,-0.259913458586791,-0.34350594197451
"900",-0.450467697189753,-0.150116174912794,-0.300351522276959
"901",-0.469668150391531,-0.208998165945887,-0.260669984445643
"902",-0.688480882186988,-0.35488741278238,-0.333593469404607
"903",-0.914997614131119,-1.27428145821222,0.359283844081103
"904",-0.460464048453261,-0.164446443697878,-0.296017604755383
"905",-0.405908853125173,-0.173465769638597,-0.232443083486577
"906",-0.302017351967379,-0.104702729637877,-0.197314622329502
"907",-0.396171064498704,-0.279829101016151,-0.116341963482553
"908",-0.513400231580884,-0.425827574317061,-0.0875726572638227
"909",-1.82400327175015,-0.85009746356462,-0.973905808185531
"910",-0.763524245216158,-0.602321396471949,-0.161202848744209
"911",-0.405908853125173,-0.160723558675873,-0.245185294449301
"912",-2.133829646186,-0.263289799535647,-1.87053984665036
"913",-0.711205957154953,-0.933085388203055,0.221879431048102
"914",-1.16743019174444,-0.807855477510541,-0.359574714233899
"915",-1.40417238970574,-0.972652439778715,-0.431519949927029
"916",-0.45576769160039,-0.704286620627152,0.248518929026762
"917",-0.398606416456588,-0.543244212297398,0.14463779584081
"918",-1.10604182970049,-0.952211442733654,-0.153830386966836
"919",-0.410075365606134,-0.874327353442225,0.464251987836091
"920",-0.979657760007081,-0.997894189012183,0.0182364290051025
"921",-0.420959566393897,-0.555582180567809,0.134622614173912
"922",-0.613590077407631,-0.667363227561184,0.0537731501535532
"923",-0.764972853866665,-0.890590281563347,0.125617427696683
"924",-1.06061661201464,-0.905051419803273,-0.155565192211366
"925",-1.48222958675723,-0.925403563222712,-0.556826023534519
"926",-0.528999480502451,-0.519244428142382,-0.00975505236006935
"927",-1.13161671709561,-0.655765175192354,-0.47585154190326
"928",-0.836552579904285,-0.515803997275222,-0.320748582629063
"929",-0.395601067966872,-0.318957120711636,-0.0766439472552367
"930",-0.786584258929343,-0.71989173119754,-0.0666925277318029
"931",-0.43681481527283,-0.231686787096928,-0.205128028175902
"932",-0.521409296004209,-1.56632619484543,1.04491689884122
"933",-1.52930566729046,-0.39205669940931,-1.13724896788115
"934",-0.512669238499921,-1.15726103276548,0.644591794265555
"935",-0.581342946946116,-0.34854030846407,-0.232802638482045
"936",-0.423042722342154,-0.328064161653812,-0.0949785606883422
"937",-0.85697928028628,-0.877756372436494,0.0207770921502135
"938",-0.567751204636774,-0.5441294357865,-0.0236217688502736
"939",-0.581342946946116,-0.508858475728593,-0.0724844712175221
"940",-1.12348230923392,-1.03914422794514,-0.0843380812887808
"941",-1.19089626451203,-0.461567561653566,-0.729328702858462
"942",-0.200253314136431,-0.713838752144875,0.513585438008445
"943",-0.395666347653327,-0.889731499628556,0.494065151975229
"944",-0.0955512769742679,-0.649954703442257,0.55440342646799
"945",-0.381730501219264,-0.773528446891966,0.391797945672702
"946",-0.972895664000673,-0.655765175192354,-0.317130488808319
"947",-0.483894666422687,-0.397317553408544,-0.0865771130141431
"948",-0.232546699131557,-0.508858475728593,0.276311776597036
"949",-0.388858957622147,-0.346993166234961,-0.0418657913871856
"950",-0.483539516333781,-1.09537521710104,0.611835700767259
"951",-0.678019993845647,-0.491571276595144,-0.186448717250504
"952",-0.836336353581748,-0.951640854871034,0.115304501289286
"953",-0.999709790972844,-0.85576763967179,-0.143942151301053
"954",-0.481004470043185,-0.712510026436345,0.231505556393159
"955",-0.406970033795498,-0.511167789944097,0.104197756148599
"956",-0.973977964043271,-0.91577770202757,-0.0582002620157009
"957",-0.439411860984926,-0.447330644780395,0.00791878379546951
"958",-0.474137047706415,-0.498694398559818,0.0245573508534029
"959",-0.571190981812145,-0.331273793166494,-0.239917188645651
"960",-0.853193265421377,-0.827805635686459,-0.0253876297349187
"961",-1.55110079228927,-0.984623358538524,-0.566477433750741
"962",-0.490127879695613,-0.492382092348732,0.00225421265311976
"963",-0.456116666789072,-0.925263265303658,0.469146598514587
"964",-0.929339743780974,-0.842104620136164,-0.0872351236448106
"965",-0.854784890407871,-0.936098234877321,0.08131334446945
"966",-1.00441153237362,-1.02313212799936,0.0187205956257355
"967",-0.511457621131714,-0.603933302059965,0.092475680928251
"968",-0.979507008579999,-1.06626916415846,0.0867621555784579
"969",-0.580613784981248,-0.836567813745943,0.255954028764695
"970",-0.488596909478035,-0.509328912361027,0.0207320028829914
"971",-0.821079198469512,-0.879832964116483,0.058753765646971
"972",-0.529954095451902,-0.575990807288246,0.0460367118363436
"973",-0.921532708717243,-0.738579751760239,-0.182952956957005
"974",-0.891713819676437,-1.13174698352569,0.240033163849256
"975",-0.680198049944946,-0.730561113463263,0.0503630635183177
"976",-0.570310920665887,-0.514488678679097,-0.0558222419867898
"977",-0.466266720469628,-0.497835282634385,0.0315685621647575
"978",-1.00441153237362,-0.793139226749501,-0.211272305624123
"979",-1.18403414567162,-0.760999131878394,-0.423035013793225
"980",-0.861852921170831,-0.666265857666136,-0.195587063504695
"981",-0.23704387589448,-0.54641865338999,0.30937477749551
"982",-0.285718966667938,-0.529805859947383,0.244086893279445
"983",-1.42974673863131,-1.52663326167174,0.0968865230404212
"984",-0.420560453892729,-0.788088432655042,0.367527978762313
"985",-0.41309318640285,-0.372178192461426,-0.0409149939414242
"986",-1.01402666654612,-0.584149863995303,-0.429876802550816
"987",-0.271215112272353,-0.564558109865015,0.293342997592662
"988",-0.53105135589497,-0.535022453573287,0.00397109767831694
"989",-0.998804656480338,-0.727296697191267,-0.271507959289071
"990",-1.53908204450211,-0.889938060667154,-0.649143983834954
"991",-0.341887359735471,-0.378833390452969,0.0369460307174982
"992",-1.06908847307721,-0.54164153135806,-0.527446941719155
"993",-0.258171732301522,-0.429177834625859,0.171006102324338
"994",-1.06908847307721,-0.840745866649907,-0.228342606427308
"995",-1.45464341605374,-0.630443191768891,-0.824200224284847
"996",-0.201237216396546,-0.816506909214171,0.615269692817625
"997",-0.454704468981737,-0.606538711620273,0.151834242638536
"998",-1.64334001812658,-0.530321168356128,-1.11301884977046
"999",-0.344372325341338,-0.279346723454267,-0.0650256018870703
"1000",-0.998804656480338,-1.72997097290542,0.73116631642508
"1001",-0.80281212708415,-0.709270805883274,-0.0935413212008758
"1002",-0.316144267929899,-0.558450071734286,0.242305803804387
"1003",-0.444696348351279,-0.788644166365294,0.343947818014015
"1004",-0.38017871598658,-1.1133894088511,0.73321069286452
"1005",-1.06363468726692,-0.961438230003488,-0.102196457263433
"1006",-0.93265997073858,-0.756793772799594,-0.175866197938986
"1007",-0.959209369398627,-0.675253986968535,-0.283955382430092
"1008",-0.469539764761924,-0.944971228511081,0.475431463749157
"1009",-0.327197884269077,-0.52992988919731,0.202732004928232
"1010",-1.98534604017852,-0.725795979515861,-1.25955006066265
"1011",-0.283118900800554,-0.412028824316272,0.128909923515718
"1012",-0.550157208422476,-0.727395474289187,0.177238265866711
"1013",-0.558860396455195,-0.463454390737562,-0.0954060057176331
"1014",-1.19701961676493,-1.59918845149794,0.402168834733005
"1015",-0.398957564955428,-0.594270736932372,0.195313171976943
"1016",-0.423423658201163,-0.660033094947461,0.236609436746297
"1017",-0.639373522146528,-0.725795979515861,0.0864224573693333
"1018",-0.503907006596533,-0.413487296315828,-0.0904197102807052
"1019",-0.415859487978761,-1.76170973523021,1.34585024725145
"1020",-0.452307741273439,-0.410948589935701,-0.0413591513377378
"1021",-0.691390346404638,-0.566328544309677,-0.125061802094961
"1022",-1.01087234853044,-0.507691880099175,-0.503180468431269
"1023",-1.49428738533517,-0.413487296315828,-1.08080008901934
"1024",-0.825145237500156,-0.495580627174969,-0.329564610325187
"1025",-0.367523089143656,-0.468270512864396,0.10074742372074
"1026",-0.472035428141615,-1.01823212388047,0.546196695738855
"1027",-0.22792738781968,-0.435101389409273,0.207174001589594
"1028",-0.357392719017387,-1.01823212388047,0.660839404863084
"1029",-0.47696318021754,-1.69195791955269,1.21499473933515
"1030",-1.0522984228033,-0.364284315002572,-0.688014107800726
"1031",-0.96291690613677,-0.803428696448741,-0.159488209688029
"1032",-0.809584226657392,-0.497432220826747,-0.312152005830645
"1033",-0.378814771477357,-0.993970112187513,0.615155340710156
"1034",-0.351358941511251,-0.592234182924613,0.240875241413362
"1035",-0.508604435103321,-0.658487455774411,0.149883020671091
"1036",-0.400604566913882,-0.385496899258046,-0.0151076676558368
"1037",-0.273380268948326,-1.07918323341641,0.805802964468088
"1038",-0.447277776424266,-0.651738192779881,0.204460416355615
"1039",-2.01516975849828,-0.479140759030346,-1.53602899946794
"1040",-1.66174253717842,-1.26861356100636,-0.393128976172065
"1041",-0.684507189596949,-0.845346039545662,0.160838849948713
"1042",-1.2005457459034,-0.448266522993066,-0.752279222910335
"1043",-0.434368099778393,-0.495906159058893,0.0615380592805002
"1044",-0.235784979420037,-0.473615174077754,0.237830194657716
"1045",-0.323037771889797,-0.652953051724526,0.329915279834729
"1046",-0.899780858586132,-1.00651294860227,0.10673209001614
"1047",-0.175059006225855,-0.602573511671473,0.427514505445618
"1048",-0.306111983354172,-0.850960626080989,0.544848642726817
"1049",-0.170520296869482,-0.513985255010826,0.343464958141344
"1050",-0.163174862281393,-0.43998773115719,0.276812868875798
"1051",-0.236357101593972,-0.432357834936668,0.196000733342696
"1052",-0.336671266687272,-0.590916162139329,0.254244895452056
"1053",-0.918544946759242,-0.656682956855101,-0.261861989904141
"1054",-0.859083781205806,-0.401590842516296,-0.457492938689509
"1055",-0.264593000805194,-0.341713548546241,0.077120547741047
"1056",-0.911924184572221,-1.62618271970024,0.714258535128021
"1057",-0.542007508726152,-1.17790537040799,0.635897861681838
"1058",-0.722428612231871,-0.521995707838006,-0.200432904393866
"1059",-0.803544830318349,-0.656682956855101,-0.146861873463248
"1060",-0.751720995965608,-0.362238850540949,-0.389482145424659
"1061",-0.857956157461624,-1.35843757128601,0.500481413824389
"1062",-0.592080565356872,-1.10640614251589,0.514325577159021
"1063",-0.546710326827782,-0.722022868335736,0.175312541507954
"1064",-0.563069504282541,-0.474862115503843,-0.0882073887786978
"1065",-0.562163890803075,-0.454496093869896,-0.107667796933179
"1066",-0.545525072066298,-0.520755838093339,-0.0247692339729593
"1067",-0.86639975604393,-0.697136201819418,-0.169263554224512
"1068",-0.86639975604393,-0.972783865932915,0.106384109888985
"1069",-0.447537578218714,-0.735673885629544,0.28813630741083
"1070",-0.463776549242536,-0.923925871089678,0.460149321847142
"1071",-0.513747284035615,-0.404151911570319,-0.109595372465296
"1072",-0.991294672597698,-0.339493685067398,-0.6518009875303
"1073",-0.770893217882036,-0.640750086857872,-0.130143131024164
"1074",-0.620225789581238,-0.705723731470994,0.0854979418897557
"1075",-0.563069504282541,-0.296934021947977,-0.266135482334564
"1076",-0.47758123146361,-0.594996200558622,0.117414969095012
"1077",-0.55216136541924,-0.82719147887676,0.275030113457521
"1078",-0.582801748453851,-0.435224860353883,-0.147576888099968
"1079",-0.59049197575371,-0.357191113899112,-0.233300861854598
"1080",-0.519626238609866,-0.917663682094906,0.39803744348504
"1081",-0.721890924846433,-0.606447975416057,-0.115442949430376
"1082",-0.896361254009622,-0.957725764494868,0.0613645104852463
"1083",-0.29158389977696,-0.48412635189835,0.192542452121391
"1084",-0.494719230191944,-0.746396119608403,0.251676889416459
"1085",-0.203299554498408,-0.763002472276707,0.559702917778299
"1086",-0.285249335843824,-1.3063482246429,1.02109888879908
"1087",-0.297765325154931,-0.511425538570127,0.213660213415197
"1088",-0.826422833523973,-0.831587706723431,0.00516487319945735
"1089",-0.624031511223217,-0.80994348323022,0.185911972007003
"1090",-1.07406846170434,-0.656502569179505,-0.417565892524838
"1091",-0.662031198374397,-0.741219317257292,0.0791881188828949
"1092",-0.624565157519309,-0.790981559613279,0.16641640209397
"1093",-0.919168393037256,-0.524032363703975,-0.395136029333281
"1094",-0.665237953725892,-1.28128784039655,0.616049886670657
"1095",-0.690082460942693,-0.414468245273623,-0.27561421566907
"1096",-0.870041262241869,-0.676838099031102,-0.193203163210766
"1097",-0.59840045594248,-0.723426695076329,0.125026239133849
"1098",-1.2094213328944,-0.518211751690826,-0.691209581203576
"1099",-0.862521822110948,-0.701354457497912,-0.161167364613036
"1100",-0.6189418181108,-0.642402226416511,0.0234604083057111
"1101",-0.861417027923612,-0.758552293338916,-0.102864734584696
"1102",-0.908158503500466,-0.45817475734738,-0.449983746153086
"1103",-0.542891383477504,-0.857924322472994,0.31503293899549
"1104",-0.665237953725892,-0.896802006389975,0.231564052664083
"1105",-0.882015960373628,-1.18818911638627,0.306173156012643
"1106",-0.478108299491953,-1.2470875255804,0.76897922608845
"1107",-0.870041262241869,-0.738143061156178,-0.131898201085691
"1108",-0.56152213570602,-0.36654543421202,-0.194976701494
"1109",-0.631729984842452,-0.521134061665701,-0.110595923176751
"1110",-0.777366937106166,-0.834129630761972,0.0567626936558066
"1111",-0.777366937106166,-0.562879956691898,-0.214486980414268
"1112",-0.612717006804697,-1.03102354711776,0.418306540313063
"1113",-0.342335260647508,-0.680045919740301,0.337710659092792
"1114",-0.984383550646588,-0.647920057705263,-0.336463492941325
"1115",-0.557403711231449,-0.479837948443347,-0.0775657627881019
"1116",-0.456712953911429,-0.359798136855029,-0.0969148170564003
"1117",-0.784970430186914,-0.428699153881673,-0.356271276305241
"1118",-1.00526427556943,-0.915323617000657,-0.0899406585687688
"1119",-0.203052646574774,-0.258822499871769,0.0557698532969955
"1120",-0.950061739136808,-0.42358016148724,-0.526481577649569
"1121",-0.271222202434325,-0.41290858889195,0.141686386457625
"1122",-0.399177628393251,-0.469968509057458,0.070790880664207
"1123",-0.952428203634532,-0.758450683566954,-0.193977520067578
"1124",-0.706199366448749,-0.980779859245818,0.274580492797068
"1125",-0.976942276151934,-0.317598154098016,-0.659344122053917
"1126",-0.750516495091275,-0.45633810809607,-0.294178386995204
"1127",-0.657042553905251,-0.922500954945186,0.265458401039935
"1128",-0.822513692079437,-0.922500954945186,0.0999872628657492
"1129",-1.10170657774432,-1.16444346837616,0.0627368906318457
"1130",-1.61291099010689,-0.908850257457253,-0.70406073264964
"1131",-0.388291076210134,-0.842597044255408,0.454305968045274
"1132",-0.421230008845311,-0.461928344259248,0.0406983354139374
"1133",-0.73491947013093,-0.391586244524761,-0.34333322560617
"1134",-0.38583141259154,-0.757640397995155,0.371808985403615
"1135",-0.658893549674962,-0.388975781872029,-0.269917767802934
"1136",-0.660446707585897,-0.413589729757644,-0.246856977828253
"1137",-0.42543041206042,-0.958000864780836,0.532570452720416
"1138",-0.678812372085583,-0.373762591401245,-0.305049780684338
"1139",-0.81827568047607,-1.27492188222726,0.456646201751195
"1140",-0.653050072786442,-0.413589729757644,-0.239460343028798
"1141",-1.09589136678041,-0.380815094434974,-0.715076272345433
"1142",-1.19740377651635,-0.388975781872029,-0.808427994644321
"1143",-0.503318992668708,-0.598343338643788,0.0950243459750792
"1144",-0.396752196745201,-0.181090746487975,-0.215661450257226
"1145",-0.809967332563406,-0.241904495428386,-0.56806283713502
"1146",-0.273094234688699,-0.958000864780836,0.684906630092137
"1147",-0.962156680427071,-0.430657603656827,-0.531499076770245
"1148",-0.338684436329986,-0.653101333066442,0.314416896736456
"1149",-0.713801673925175,-1.05919181346881,0.345390139543634
"1150",-0.350763943507083,-0.278544775034719,-0.0722191684723636
"1151",-0.402886386814558,-0.326309530155353,-0.0765768566592051
"1152",-0.619206706137499,-0.701452571672146,0.082245865534647
"1153",-0.959110999642257,-0.955090372534402,-0.00402062710785511
"1154",-1.06000891249123,-0.632562534303043,-0.42744637818819
"1155",-0.293313557925361,-0.170130033211208,-0.123183524714152
"1156",-0.617505036078875,-0.660233326332115,0.0427282902532395
"1157",-0.71556300147399,-0.736141119850656,0.0205781183766653
"1158",-1.5174582745615,-0.655376020670492,-0.862082253891007
"1159",-0.644347332302624,-0.2259789991781,-0.418368333124524
"1160",-0.63970589921826,-0.587375972629169,-0.0523299265890911
"1161",-0.796080043566717,-0.704107926299338,-0.0919721172673791
"1162",-0.319821068283803,-0.276674304532111,-0.0431467637516914
"1163",-0.514652915550296,-1.28696556773112,0.772312652180823
"1164",-0.491510430818025,-0.460561852900916,-0.0309485779171084
"1165",-0.372584363826311,-0.385592425404674,0.013008061578363
"1166",-0.245039589683349,-0.477322780577786,0.232283190894436
"1167",-0.45211207597951,-0.971558415675587,0.519446339696077
"1168",-0.9418566247107,-0.542516365062011,-0.399340259648689
"1169",-1.10319829498065,-0.88602787582355,-0.2171704191571
"1170",-0.958883021507965,-0.417279785311536,-0.541603236196429
"1171",-0.832399216664307,-0.857508944330085,0.0251097276657779
"1172",-0.370203392036413,-0.318348310192891,-0.0518550818435219
"1173",-0.615463137216076,-0.452535149171541,-0.162927988044535
"1174",-0.945981582224711,-1.5519351097809,0.605953527556194
"1175",-0.945981582224711,-0.391379642293127,-0.554601939931584
"1176",-0.990346181605472,-0.625528573495611,-0.364817608109861
"1177",-0.672611859043292,-0.901989378589594,0.229377519546301
"1178",-1.08273792916363,-1.01063909453652,-0.0720988346271136
"1179",-0.63891623611436,-0.539228864507385,-0.0996873716069748
"1180",-0.467825545853721,-0.417279785311536,-0.0505457605421844
"1181",-0.654552216239553,-0.46361157514292,-0.190940641096633
"1182",-0.553792691330178,-1.49683437613333,0.943041684803153
"1183",-0.945981582224711,-0.235850586846293,-0.710130995378417
"1184",-0.677675059577957,-0.438429675717525,-0.239245383860433
"1185",-1.00010352674836,-0.353875295616175,-0.646228231132181
"1186",-1.34684878833522,-0.950033874596611,-0.396814913738609
"1187",-0.356433874184889,-0.270739285298237,-0.0856945888866516
"1188",-0.225757846052902,-0.804027870833491,0.578270024780589
"1189",-0.349658370537599,-0.199826023171122,-0.149832347366477
"1190",-1.15197786410757,-1.43891631740084,0.286938453293262
"1191",-0.270522784606616,-0.172599054078679,-0.0979237305279366
"1192",-0.446492231212838,-0.509991765897633,0.0634995346847944
"1193",-0.549191491928282,-0.363579372707624,-0.185612119220658
"1194",-0.407751177294503,-1.02462345403796,0.61687227674346
"1195",-0.349568626996501,-0.438540690189149,0.0889720631926476
"1196",-0.247008781867599,-0.232085963663085,-0.0149228182045142
"1197",-1.07704341976888,-0.194894806047017,-0.882148613721866
"1198",-0.458614900164426,-0.902994019171416,0.444379119006991
"1199",-0.36036147305507,-0.146253612609051,-0.214107860446019
"1200",-0.648450483899209,-0.339690553331602,-0.308759930567607
"1201",-0.15991433645449,-0.139573385808337,-0.0203409506461529
"1202",-0.246755596727553,-0.404860651086898,0.158105054359345
"1203",-0.794392908785732,-0.493644258191602,-0.30074865059413
"1204",-0.531607599352666,-0.492200554588943,-0.0394070447637231
"1205",-0.14017845247457,-0.431361704146048,0.291183251671478
"1206",-0.157994628562452,-0.85695852442789,0.698963895865438
"1207",-0.606720859009214,-0.363853853557153,-0.242867005452061
"1208",-0.646431915584925,-1.19803585590269,0.551603940317765
"1209",-0.257416283577786,-0.442178234897145,0.184761951319358
"1210",-0.17016665383928,-0.325878725752893,0.155712071913613
"1211",-0.802647887342275,-0.325878725752893,-0.476769161589382
"1212",-0.637462202327439,-0.395421487608111,-0.242040714719328
"1213",-1.12412910942989,-0.835351720796091,-0.288777388633797
"1214",-0.494951773203967,-0.291757762100195,-0.203194011103772
"1215",-0.437182086750096,-0.37792616068514,-0.0592559260649557
"1216",-0.790498637205176,-0.530773877689827,-0.259724759515349
"1217",-0.599494986237427,-0.841499537231815,0.242004550994388
"1218",-0.272669599072191,-0.214553260605426,-0.0581163384667658
"1219",-0.176972299493809,-0.266676633100875,0.0897043336070666
"1220",-0.462898259142561,-0.500221178056849,0.0373229189142883
"1221",-2.37770421425204,-0.563986700949818,-1.81371751330222
"1222",-0.365215045560642,-0.228725043523394,-0.136490002037248
"1223",-0.98932879039319,-0.458327799499755,-0.531000990893435
"1224",-1.21529141592909,-0.444247961746435,-0.771043454182652
"1225",-0.508468327468425,-1.17517248971813,0.66670416224971
"1226",-0.240478779655003,-0.856857472327953,0.616378692672949
"1227",-0.941590515076111,-0.699156224289712,-0.242434290786399
"1228",-0.641166255506421,-1.60535067955705,0.964184424050625
"1229",-0.266203373994689,-0.141844339400912,-0.124359034593777
"1230",-0.506088237640558,-0.503833416440453,-0.00225482120010501
"1231",-0.55216892502631,-0.667036678791638,0.114867753765328
"1232",-0.567340803762226,-0.494891397731895,-0.0724494060303309
"1233",-0.889115066875206,-0.673979675633517,-0.215135391241689
"1234",-0.419780672413801,-0.433144896003441,0.0133642235896394
"1235",-0.372834027492841,-0.425784691972223,0.0529506644793818
"1236",-0.329983453660564,-0.37813105639087,0.0481476027303058
"1237",-0.418968932455712,-0.772476343358433,0.35350741090272
"1238",-1.25371580308627,-1.23485718431441,-0.0188586187718611
"1239",-0.317568368591497,-0.30299040087213,-0.0145779677193678
"1240",-0.142800844871086,-1.03588143120612,0.893080586335029
"1241",-0.258797376986223,-0.451293724130513,0.19249634714429
"1242",-0.263384410298293,-0.345643736635501,0.0822593263372076
"1243",-0.167455625281235,-0.45348880339033,0.286033178109095
"1244",-1.86959658095473,-1.15535029067508,-0.714246290279648
"1245",-0.676906639016844,-0.572010691838678,-0.104895947178166
"1246",-1.00748430194113,-0.490085367079523,-0.517398934861608
"1247",-0.811949963211861,-0.688713445746519,-0.123236517465342
"1248",-0.396731836012618,-0.669700841598689,0.272969005586071
"1249",-0.868258342721698,-0.634794273702906,-0.233464069018792
"1250",-0.390602807921416,-0.380144617530887,-0.010458190390529
"1251",-0.765412916212677,-1.4550807753494,0.689667859136719
"1252",-1.07148118923988,-0.437943222505381,-0.633537966734497
"1253",-0.713948562547255,-0.42749693263443,-0.286451629912825
"1254",-0.565724666889115,-0.344885135143323,-0.220839531745792
"1255",-0.312389369708566,-0.404765172665394,0.0923758029568287
"1256",-0.496111446353706,-0.642115010377299,0.146003564023593
"1257",-0.960888545978503,-0.931199825615602,-0.029688720362901
"1258",-0.775260876164697,-0.30937866223053,-0.465882213934167
"1259",-0.527533244747,-0.394620019045799,-0.132913225701201
"1260",-0.891741315751477,-0.906669940604807,0.0149286248533302
"1261",-0.678517565052299,-1.55595622445288,0.877438659400585
"1262",-0.646401847236636,-0.531753216536628,-0.114648630700009
"1263",-0.360293913763408,-0.284504868608941,-0.0757890451544672
"1264",-0.468448692009277,-0.780786492386187,0.31233780037691
"1265",-0.431474743250832,-0.36587355844334,-0.065601184807492
"1266",-1.05674960277743,-0.527852153634494,-0.528897449142939
"1267",-0.431040058459262,-0.213693210029168,-0.217346848430093
"1268",-0.695373839605126,-0.632393976447883,-0.0629798631572429
"1269",-0.254966629316385,-0.163621791819239,-0.0913448374971466
"1270",-1.05638796120796,-1.25928961677305,0.202901655565091
"1271",-0.63445559838878,-0.523482359719751,-0.110973238669029
"1272",-0.493616783528562,-0.419180127181332,-0.0744366563472303
"1273",-1.0873809939532,-0.353443646315688,-0.733937347637511
"1274",-0.194869808957677,-0.102087245648242,-0.0927825633094344
"1275",-0.522969947096864,-0.359533235401163,-0.163436711695701
"1276",-0.716584899428613,-1.11918768862605,0.402602789197442
"1277",-0.187620818578075,-0.0928915340770917,-0.0947292845009837
"1278",-1.29922737146824,-0.621885591862836,-0.6773417796054
"1279",-1.1651587990627,-0.504574403007583,-0.660584396055114
"1280",-0.255777907729769,-0.147629674835196,-0.108148232894573
"1281",-0.427072518117807,-0.284504868608941,-0.142567649508866
"1282",-0.375481232620378,-0.224725340277761,-0.150755892342617
"1283",-0.200751582984942,-0.0966417539960904,-0.104109828988852
"1284",-0.804950601121178,-0.420440032982094,-0.384510568139084
"1285",-0.329881504422327,-0.210137042989389,-0.119744461432938
"1286",-0.690925468512031,-0.333873457985761,-0.35705201052627
"1287",-0.313463938303832,-0.178451695473417,-0.135012242830416
"1288",-1.17047649162661,-1.65900813087043,0.488531639243814
"1289",-0.412465248023429,-0.29946099045273,-0.113004257570699
"1290",-0.34738589710742,-0.289509446668703,-0.0578764504387168
"1291",-0.146636997374696,-0.0946807529654841,-0.0519562444092116
"1292",-0.170135485435711,-0.172358906710294,0.00222342127458219
"1293",-0.390385247738839,-0.362577033570841,-0.0278082141679983
"1294",-0.172505127677088,-0.136604553564066,-0.0359005741130218
"1295",-0.343579606337836,-1.48288425441887,1.13930464808103
"1296",-0.0751129874564604,-0.34586597096355,0.27075298350709
"1297",-0.425441175455241,-0.360571591273916,-0.0648695841813245
"1298",-0.348529517776409,-0.304325748519179,-0.0442037692572299
"1299",-0.566698170399531,-0.565534807109535,-0.00116336328999544
"1300",-0.239638368474964,-0.200155745745741,-0.0394826227292224
"1301",-0.224164935386828,-0.206327537122911,-0.0178373982639162
"1302",-0.161906543114036,-0.121384727156714,-0.0405218159573213
"1303",-0.452947874612433,-0.157086395628685,-0.295861478983748
"1304",-0.425441175455241,-0.588669294913025,0.163228119457784
"1305",-0.211972981794183,-0.155703842064716,-0.0562691397294675
"1306",-0.196621202819051,-0.588669294913025,0.392048092093974
"1307",-0.354762332846751,-0.365475463062095,0.0107131302153443
"1308",-0.271399957195928,-0.299221438155487,0.0278214809595587
"1309",-0.397515672269089,-0.155541956458178,-0.241973715810911
"1310",-0.19463892333949,-0.341882466271798,0.147243542932308
"1311",-0.464766641545832,-0.435259127901427,-0.0295075136444058
"1312",-0.316329306654432,-0.257453034435789,-0.0588762722186429
"1313",-0.125899436073215,-0.0738601846975762,-0.0520392513756391
"1314",-0.229450316165831,-0.887027349809283,0.657577033643451
"1315",-1.78436023508287,-1.92697534060572,0.142615105522849
"1316",-0.238347712641866,-0.879812804424723,0.641465091782856
"1317",-0.171201248230446,-0.190090752263201,0.0188895040327548
"1318",-0.299808213653212,-0.348919305746499,0.0491110920932867
"1319",-0.4475067610869,-0.654836266690573,0.207329505603673
"1320",-0.0875300656059377,-0.223604550556084,0.136074484950147
"1321",-1.04432222135124,-0.575201424839483,-0.469120796511759
"1322",-0.870851684532195,-0.32996351236081,-0.540888172171385
"1323",-0.210244515252109,-0.202370343297417,-0.00787417195469153
"1324",-0.61752460403816,-0.739830297655542,0.122305693617382
"1325",-0.595467788332098,-0.685575526227342,0.0901077378952433
"1326",-0.217257529618527,-0.651222314650578,0.433964785032051
"1327",-0.968668263727144,-0.460078471644393,-0.508589792082751
"1328",-0.594043998199812,-0.546924620780192,-0.0471193774196195
"1329",-0.353628827983752,-0.202286964066211,-0.151341863917541
"1330",-0.222064510435192,-0.76916424077866,0.547099730343468
"1331",-0.261948130641491,-0.445078420210636,0.183130289569145
"1332",-0.173028354676292,-0.443823224759178,0.270794870082886
"1333",-0.485623972984656,-0.879282509768775,0.393658536784119
"1334",-0.318018391402802,-0.345315588708067,0.0272971973052654
"1335",-1.73210803514481,-1.09715184293072,-0.634956192214085
"1336",-0.721357698262652,-0.337958684319315,-0.383399013943337
"1337",-1.30232055736527,-1.70045555524025,0.398134997874977
"1338",-0.338703610778874,-0.337958684319315,-0.000744926459558926
"1339",-0.801424943670984,-0.685575526227342,-0.115849417443642
"1340",-0.598411513075723,-0.653806681961527,0.0553951688858039
"1341",-0.536773069778245,-0.734098958839758,0.197325889061513
"1342",-0.16155755189034,-0.153704336551776,-0.00785321533856376
"1343",-0.481476517032257,-0.229295047584257,-0.252181469448
"1344",-0.987402668587401,-0.545508199812478,-0.441894468774923
"1345",-0.731118863041368,-0.452385674090132,-0.278733188951236
"1346",-0.341002966935777,-0.38894443720705,0.0479414702712724
"1347",-0.636943320835423,-0.7079911136396,0.0710477928041771
"1348",-0.0717108304582261,-1.08676086492198,1.01505003446376
"1349",-0.408134611648265,-0.552219205424607,0.144084593776342
"1350",-0.275520847572373,-0.441594747389097,0.166073899816723
"1351",-0.1962997050822,-1.34845195409662,1.15215224901442
"1352",-0.339851182265746,-0.429365738617187,0.0895145563514408
"1353",-0.157078518430531,-0.52288541620526,0.365806897774729
"1354",-0.903389983760541,-0.716053065051136,-0.187336918709406
"1355",-0.545886529282227,-0.53718217310802,-0.00870435617420728
"1356",-0.0600339663848271,-1.20411243968109,1.14407847329627
"1357",-0.196511730770693,-1.39055840809247,1.19404667732178
"1358",-0.14145701417949,-0.300621273704579,0.159164259525088
"1359",-0.661985671911973,-0.356415878014721,-0.305569793897252
"1360",-0.124873509599803,-0.857245851034975,0.732372341435171
"1361",-1.58475131345323,-0.54681385420578,-1.03793745924745
"1362",-0.295969606948549,-0.469773830867976,0.173804223919428
"1363",-0.195743538773115,-0.465359926969415,0.2696163881963
"1364",-0.508095226632546,-0.58715143018167,0.0790562035491238
"1365",-0.27346949274272,-0.582477180382039,0.309007687639319
"1366",-0.62094950648177,-0.69742011473677,0.0764706082550006
"1367",-0.577903118339173,-0.972893139847161,0.394990021507987
"1368",-0.252992006757442,-1.49000332191047,1.23701131515303
"1369",-0.270613475303367,-0.376461507938408,0.10584803263504
"1370",-1.14910933999547,-0.578785028833867,-0.570324311161607
"1371",-0.235362026469781,-0.826815528278518,0.591453501808736
"1372",-0.458479630449804,-0.485660277055246,0.0271806466054416
"1373",-0.113525694131434,-0.713199369681455,0.59967367555002
"1374",-0.300498819160949,-0.691299113678564,0.390800294517615
"1375",-1.09742627842364,-0.751964729535784,-0.34546154888786
"1376",-0.297801650734563,-0.479080941195229,0.181279290460666
"1377",-0.435547887168124,-0.490474781211982,0.0549268940438585
"1378",-0.716606768968886,-0.730118682552056,0.0135119135831694
"1379",-0.443803613954998,-1.04455438961018,0.600750775655181
"1380",-0.385058162913976,-0.466885358567205,0.0818271956532284
"1381",-0.351171116319179,-0.753136558124588,0.401965441805409
"1382",-1.72320652945086,-1.14500016810788,-0.578206361342978
"1383",-0.162848101218499,-0.958543727543402,0.795695626324903
"1384",-0.414036201190614,-1.04294902824252,0.62891282705191
"1385",-0.877140319215633,-1.01189231971311,0.134752000497476
"1386",-0.910769659873876,-0.499044064329249,-0.411725595544627
"1387",-0.773025935305376,-1.12234494730179,0.349319011996415
"1388",-0.344265451412069,-0.37257182830858,0.0283063768965111
"1389",-0.219396651047148,-0.404599635273909,0.185202984226761
"1390",-0.571287715258934,-0.840876550356264,0.269588835097331
"1391",-0.589126889118447,-0.538124619894809,-0.0510022692236376
"1392",-0.393165623167993,-0.512250348491023,0.11908472532303
"1393",-0.398201212826291,-0.530291538888568,0.132090326062277
"1394",-0.395376283387404,-0.727396935848247,0.332020652460844
"1395",-0.187494729487481,-1.38360648359177,1.19611175410429
"1396",-0.341599541323475,-0.320962744751689,-0.0206367965717869
"1397",-1.22981282602727,-0.424877035291369,-0.804935790735899
"1398",-0.851652005103634,-0.82632244932697,-0.025329555776664
"1399",-0.875270312541684,-0.78464251926176,-0.090627793279924
"1400",-0.730758753725062,-0.839734356375158,0.108975602650096
"1401",-0.925845541548881,-0.940548626121129,0.0147030845722478
"1402",-0.560884730724577,-0.494974560785384,-0.0659101699391922
"1403",-0.799590673546268,-0.465528111854791,-0.334062561691477
"1404",-0.553608866227133,-0.909539460652745,0.355930594425612
"1405",-0.427901700035421,-0.77952223520734,0.351620535171919
"1406",-0.553222062983691,-0.495970100166505,-0.0572519628171859
"1407",-0.498589081454543,-0.663440001770693,0.16485092031615
"1408",-0.82425283941701,-0.87794003849216,0.0536871990751502
"1409",-1.33637594943558,-0.781613078218682,-0.554762871216897
"1410",-0.337045092419595,-0.824601936218977,0.487556843799382
"1411",-0.429827310720887,-0.637196820293516,0.207369509572629
"1412",-0.713865579000342,-0.791550826535497,0.0776852475351548
"1413",-1.24132444708244,-1.4041132140027,0.162788766920258
"1414",-0.908355829571571,-0.668474700763374,-0.239881128808197
"1415",-1.5820816758413,-0.75934236619403,-0.822739309647269
"1416",-0.631130109440821,-0.910247784381569,0.279117674940747
"1417",-0.670227465515818,-1.03599859347525,0.365771127959432
"1418",-0.597451414339703,-0.87464729247183,0.277195878132128
"1419",-1.28707767949323,-1.22682483434264,-0.060252845150595
"1420",-0.547847223625124,-0.641314241509865,0.0934670178847412
"1421",-1.2177467273872,-0.659176935204375,-0.558569792182827
"1422",-0.215253032822384,-0.364877966655661,0.149624933833278
"1423",-0.451526612469745,-0.441746458152348,-0.00978015431739632
"1424",-0.277595871733695,-0.441746458152348,0.164150586418653
"1425",-0.455722561342727,-0.50267346561693,0.0469509042742029
"1426",-0.907185186025022,-0.506705123073552,-0.400480062951471
"1427",-0.607430705831596,-0.498845434948568,-0.108585270883028
"1428",-0.173942700187599,-0.492265373129049,0.31832267294145
"1429",-0.379304398767981,-0.717673676719653,0.338369277951672
"1430",-0.475112754981645,-0.740241101816075,0.265128346834429
"1431",-0.403138041862669,-0.602381179647172,0.199243137784503
"1432",-0.31402109706054,-0.700081243767564,0.386060146707024
"1433",-0.518820745121745,-0.734395478523723,0.215574733401978
"1434",-0.61012952652522,-0.476806954157044,-0.133322572368176
"1435",-0.856197097021925,-0.417585626549683,-0.438611470472241
"1436",-2.22322450573889,-0.824339288103244,-1.39888521763565
"1437",-0.753002122446397,-0.405371732462959,-0.347630389983437
"1438",-0.837497536320573,-0.695184942607222,-0.142312593713351
"1439",-0.366828560441548,-0.384647999239998,0.0178194387984494
"1440",-0.261856017180447,-0.571642279217381,0.309786262036933
"1441",-0.261308233470022,-0.6844387792002,0.423130545730178
"1442",-0.661300672804709,-1.0299479821097,0.36864730930499
"1443",-0.403138041862669,-0.472833944274569,0.0696959024119002
"1444",-0.414914937165449,-0.890405233787382,0.475490296621933
"1445",-0.357333656229853,-0.383582068504655,0.0262484122748017
"1446",-0.463024263256171,-0.953630840028096,0.490606576771925
"1447",-1.04667427346491,-0.4965383356165,-0.550135937848409
"1448",-0.735248112350402,-0.439167888102131,-0.296080224248271
"1449",-0.510471954847842,-0.422061012767397,-0.0884109420804453
"1450",-0.38936135656528,-0.382751075342894,-0.00661028122238694
"1451",-1.32125831893684,-0.607215041919994,-0.714043277016851
"1452",-0.553546235701975,-1.28880325786663,0.735257022164653
"1453",-0.22413868409566,-0.604357908740914,0.380219224645254
"1454",-0.2726307246138,-0.196045176052261,-0.076585548561539
"1455",-0.532003623027713,-0.908604347025568,0.376600723997854
"1456",-0.593025738309504,-0.526651909560826,-0.0663738287486781
"1457",-0.89407479851216,-0.523322148936447,-0.370752649575714
"1458",-0.813182784454408,-0.908670114788238,0.0954873303338308
"1459",-0.497563199939185,-0.207888571317797,-0.289674628621388
"1460",-0.987034980134588,-0.891256486441461,-0.0957784936931274
"1461",-0.804419738695262,-0.283895810562546,-0.520523928132715
"1462",-0.497563199939185,-0.378838181307303,-0.118725018631882
"1463",-0.686881739544272,-0.465391346290659,-0.221490393253613
"1464",-0.757465250677776,-0.897833959095323,0.140368708417547
"1465",-0.527446910048159,-0.240875539333922,-0.286571370714237
"1466",-0.355725258352581,-0.398011275255348,0.042286016902767
"1467",-0.509337307408299,-1.01964445612363,0.510307148715327
"1468",-0.301766667309606,-0.855231153991068,0.553464486681462
"1469",-0.190852481124264,-0.66424888675657,0.473396405632307
"1470",-0.26228365936664,-0.767313645727751,0.505029986361111
"1471",-0.259769210538202,-0.361324901372418,0.101555690834216
"1472",-0.561845284622094,-0.607073715403796,0.0452284307817026
"1473",-0.721024244886243,-0.977372806218491,0.256348561332248
"1474",-0.343384011720601,-0.885334350606592,0.541950338885991
"1475",-0.625101799728787,-0.779083980816656,0.153982181087869
"1476",-0.619208677386192,-0.945351078671361,0.326142401285169
"1477",-0.518014549712739,-0.625072208953331,0.107057659240592
"1478",-1.29651103209257,-0.388018336036223,-0.908492696056347
"1479",-0.695870539979749,-0.380822593082335,-0.315047946897414
"1480",-1.37777246865265,-0.614699795627208,-0.763072673025441
"1481",-1.12081767493302,-0.459331452851463,-0.661486222081561
"1482",-0.766076016931157,-0.210849763808937,-0.555226253122219
"1483",-1.04060663818971,-0.718594164848545,-0.32201247334117
"1484",-0.183322453122118,-0.50465330398959,0.321330850867472
"1485",-0.35430857404298,-0.372943270588139,0.0186346965451589
"1486",-0.327841229042318,-0.718604895584379,0.390763666542061
"1487",-0.474528781973366,-0.354421205817959,-0.120107576155408
"1488",-0.778322859939074,-0.344192040565733,-0.43413081937334
"1489",-0.509810904072323,-0.255856119613949,-0.253954784458374
"1490",-0.188808378337091,-0.699071979429323,0.510263601092231
"1491",-0.183843422501283,-0.147306290631541,-0.0365371318697427
"1492",-0.207140415362247,-0.540672869199179,0.333532453836932
"1493",-0.408235868668192,-0.584486237114015,0.176250368445823
"1494",-0.321001331305408,-1.05734435827826,0.736343026972851
"1495",-0.701542908911435,-0.687257278278428,-0.0142856306330073
"1496",-0.336680163274371,-0.255856119613949,-0.0808240436604226
"1497",-0.275125784949147,-0.376543966432965,0.101418181483818
"1498",-0.422662204015319,-0.607089112477613,0.184426908462294
"1499",-0.496425526720757,-0.629643055391365,0.133217528670608
"1500",-0.451970211017103,-0.447351338651006,-0.00461887236609648
"1501",-0.675774919979021,-0.934454900132947,0.258679980153926
"1502",-0.417504618444842,-0.439775350744789,0.0222707322999467
"1503",-0.957605417074964,-0.907505531083491,-0.0500998859914725
"1504",-0.462323832683852,-0.407121903062258,-0.0552019296215942
"1505",-0.699255390812712,-1.06884914143362,0.369593750620905
"1506",-1.22729560526607,-1.05318891280385,-0.174106692462224
"1507",-0.282564042116059,-0.761425868563563,0.478861826447504
"1508",-0.354218543690534,-1.10005536576667,0.745836822076141
"1509",-0.360906411800773,-0.636192147643428,0.275285735842655
"1510",-0.332081688557809,-0.258577279858626,-0.0735044086991827
"1511",-0.101271485064201,-0.300328659476304,0.199057174412103
"1512",-0.451347912307067,-0.391447711984418,-0.0599002003226481
"1513",-0.382708497213904,-0.45921522501112,0.0765067277972165
"1514",-0.247067331343764,-0.428001401430805,0.180934070087041
"1515",-0.229481987829296,-0.329913391665652,0.100431403836357
"1516",-0.506331562343402,-0.469055128294786,-0.037276434048616
"1517",-1.71267658583397,-1.19846737802219,-0.51420920781178
"1518",-0.399458771387119,-0.482765402582624,0.0833066311955051
"1519",-0.579608376180648,-0.492482172543501,-0.0871262036371467
"1520",-0.334726708962936,-0.29656010995095,-0.0381665990119862
"1521",-1.34298368142536,-1.06032395012605,-0.282659731299313
"1522",-0.634224041110303,-0.317650587171217,-0.316573453939086
"1523",-0.589428941047157,-0.384011092935475,-0.205417848111683
"1524",-0.755760848328479,-1.01260115537861,0.256840307050126
"1525",-0.83181324811764,-0.704141560838539,-0.127671687279101
"1526",-0.345863413766967,-0.462359291415901,0.116495877648934
"1527",-0.143199111738749,-0.523852150458618,0.380653038719869
"1528",-0.462440349958514,-1.51932050623913,1.05688015628062
"1529",-0.450668435264304,-0.627318789233922,0.176650353969618
"1530",-1.47211758055473,-0.512213138006973,-0.959904442547756
"1531",-0.300998207544795,-0.286616867206156,-0.0143813403386392
"1532",-0.30303749182764,-0.435923596775684,0.132886104948044
"1533",-0.313877107620402,-0.673918111109638,0.360041003489235
"1534",-0.601481664611518,-1.86331050309528,1.26182883848376
"1535",-0.257784686390737,-0.342394399904999,0.0846097135142623
"1536",-0.985481164684484,-0.435923596775684,-0.5495575679088
"1537",-0.543684140917428,-0.462359291415901,-0.0813248495015264
"1538",-0.270187134208555,-0.323893442838536,0.0537063086299803
"1539",-0.467222834268317,-0.509467260633697,0.0422444263653796
"1540",-0.831824184265963,-1.5831475541672,0.751323369901233
"1541",-1.32237981851749,-0.668421777043698,-0.653958041473792
"1542",-0.219226177423261,-0.512333825085062,0.293107647661801
"1543",-0.282356761461653,-0.352267340528164,0.0699105790665113
"1544",-0.839131575102259,-0.484159447989469,-0.354972127112791
"1545",-0.83419840929079,-0.407653680190865,-0.426544729099925
"1546",-0.783167022666627,-1.20556055058538,0.422393527918755
"1547",-2.03498221457419,-1.57914881168389,-0.455833402890299
"1548",-1.33946099060547,-0.719489912229173,-0.619971078376298
"1549",-0.268921998975754,-0.514149774245096,0.245227775269342
"1550",-1.05746574339439,-0.460726065272786,-0.596739678121607
"1551",-0.2532753310945,-0.519759475770225,0.266484144675725
"1552",-0.350896569177519,-0.264764656064896,-0.0861319131126228
"1553",-0.307503972467444,-0.741108650258092,0.433604677790648
"1554",-0.601775926769935,-0.715708981227103,0.113933054457168
"1555",-0.686089066394879,-0.39418603406831,-0.291903032326569
"1556",-0.700351114592692,-0.747685734681166,0.0473346200884741
"1557",-0.426034602694393,-0.294766039328823,-0.13126856336557
"1558",-0.457401190214135,-1.062797585212,0.605396394997861
"1559",-0.448439729339082,-0.501789907553674,0.0533501782145915
"1560",-0.408396716458518,-0.766097486433602,0.357700769975084
"1561",-0.539225354605572,-0.703946369861272,0.164721015255701
"1562",-0.487466649413019,-1.14248113005199,0.655014480638973
"1563",-0.939848226957648,-0.843590030456324,-0.0962581965013234
"1564",-0.40636103869963,-0.702812156931103,0.296451118231474
"1565",-0.120716207518297,-0.438210923071456,0.317494715553159
"1566",-0.939848226957648,-0.722092154745207,-0.217756072212441
"1567",-0.328962325524513,-1.33831791171233,1.00935558618781
"1568",-0.224526826093994,-0.510876894162252,0.286350068068258
"1569",-0.312660851284464,-0.683034539700106,0.370373688415642
"1570",-0.420420820561338,-0.5405753034894,0.120154482928062
"1571",-0.395004675738861,-0.4413743797668,0.0463697040279385
"1572",-0.387451410610577,-0.328411299893705,-0.0590401107168717
"1573",-0.660107447918658,-0.543016323080112,-0.117091124838546
"1574",-0.753570658220511,-0.927499562041028,0.173928903820517
"1575",-0.62907319036279,-0.791177499886514,0.162104309523724
"1576",-0.636167595497097,-0.513148190004075,-0.123019405493022
"1577",-0.346839874593155,-0.915273766172297,0.568433891579142
"1578",-0.660107447918658,-0.616353184631369,-0.0437542632872887
"1579",-0.75384320497848,-0.924004459428308,0.170161254449828
"1580",-0.340764040561031,-1.11420118837971,0.773437147818677
"1581",-0.650896041262688,-0.724933867435883,0.0740378261731953
"1582",-0.682502779086108,-0.730295255159541,0.0477924760734325
"1583",-0.253354753035797,-0.16601312519728,-0.0873416278385175
"1584",-0.477169753511777,-0.413865877543844,-0.0633038759679332
"1585",-1.22861538062067,-1.40836367487233,0.179748294251659
"1586",-0.717015396895848,-0.671059479901761,-0.0459559169940871
"1587",-0.533491327215667,-0.448968864862858,-0.0845224623528091
"1588",-0.66983540063045,-0.712621843148459,0.0427864425180093
"1589",-0.394866813880924,-0.372089315891317,-0.0227774979896065
"1590",-0.368542216907382,-0.393908109636063,0.0253658927286819
"1591",-0.914727752550237,-1.02155145489601,0.106823702345773
"1592",-0.82291884989595,-0.67404454685069,-0.148874303045259
"1593",-0.601271733236273,-0.66338767782296,0.0621159445866866
"1594",-0.548580458552075,-0.707740040572001,0.159159582019926
"1595",-0.610301948324109,-0.600601884101198,-0.00970006422291103
"1596",-0.90250651086787,-0.853862840502692,-0.0486436703651778
"1597",-0.760516057487709,-0.682096740911931,-0.0784193165757783
"1598",-0.597276166116643,-0.736967329787286,0.139691163670643
"1599",-0.480649986714393,-0.61325371661937,0.132603729904978
"1600",-1.07983921984062,-0.946407076725322,-0.133432143115296
"1601",-0.98486271572002,-0.77657412804039,-0.20828858767963
"1602",-0.794325648086154,-0.290253062754054,-0.5040725853321
"1603",-0.377656526203507,-0.682096740911931,0.304440214708423
"1604",-0.643029724504347,-0.849461012463801,0.206431287959455
"1605",-0.908310137812601,-0.553070238258302,-0.355239899554299
"1606",-0.718945214084089,-0.95357180490386,0.234626590819771
"1607",-0.454234614653018,-0.225877787293093,-0.228356827359924
"1608",-0.306754500592053,-0.750162821224452,0.4434083206324
"1609",-1.19927359295507,-0.937072713709723,-0.262200879245349
"1610",-0.671591846514715,-0.361912030778038,-0.309679815736676
"1611",-0.987970494396493,-0.390312037054376,-0.597658457342117
"1612",-0.683427954637222,-0.453032092113545,-0.230395862523677
"1613",-1.19927359295507,-0.726436316634949,-0.472837276320123
"1614",-0.399268886269487,-0.234294323789504,-0.164974562479983
"1615",-0.620596343688873,-0.753794066915978,0.133197723227105
"1616",-0.505731994574659,-0.443659033319728,-0.0620729612549313
"1617",-1.08991624388087,-0.273897772218207,-0.816018471662662
"1618",-1.58218665299057,-0.787578860497383,-0.794607792493185
"1619",-0.727624952159141,-0.306371443624053,-0.421253508535089
"1620",-0.427406418445694,-0.325429584629482,-0.101976833816212
"1621",-0.494729338543651,-0.817834299709001,0.32310496116535
"1622",-0.363454291217463,-0.653657688196441,0.290203396978978
"1623",-0.47387190104981,-0.703191981766805,0.229320080716995
"1624",-0.47387190104981,-0.373931892881891,-0.0999400081679189
"1625",-1.05612317127417,-0.736209621725435,-0.319913549548731
"1626",-0.24998059289441,-0.42163072750265,0.17165013460824
"1627",-0.74961539895529,-1.03715613458551,0.287540735630216
"1628",-1.43589921139738,-0.961317933391342,-0.474581278006035
"1629",-0.299365705336181,-0.69647547184783,0.397109766511648
"1630",-1.50875988120736,-1.01537621503065,-0.493383666176708
"1631",-0.34184189010533,-0.749427300296269,0.407585410190939
"1632",-0.577911145369219,-0.496036273921251,-0.081874871447968
"1633",-0.348168378910544,-0.64741711737367,0.299248738463126
"1634",-0.642122695480446,-1.23132512594862,0.589202430468172
"1635",-0.767135393724302,-0.501683289143715,-0.265452104580587
"1636",-0.699501427287801,-0.461094681966133,-0.238406745321669
"1637",-0.405037240430091,-0.390219156811211,-0.0148180836188798
"1638",-0.94502605002595,-0.711867795483585,-0.233158254542364
"1639",-1.58649125243908,-0.665599657397633,-0.920891595041446
"1640",-0.512818347703942,-1.05836249811308,0.545544150409139
"1641",-0.355868289466845,-0.335287866017725,-0.02058042344912
"1642",-1.04783133560026,-1.12557727977781,0.0777459441775443
"1643",-0.897088107453488,-0.678833653201054,-0.218254454252434
"1644",-0.371228424575249,-0.674770596453619,0.30354217187837
"1645",-1.50283259560833,-0.92507582599178,-0.577756769616546
"1646",-0.472443163904854,-0.974742393518301,0.502299229613446
"1647",-1.00489373120873,-0.310485189496366,-0.694408541712361
"1648",-0.325273002813885,-0.355700797284995,0.0304277944711098
"1649",-1.01373512017357,-0.930118474938213,-0.0836166452353551
"1650",-0.411204517613522,-0.506798815578038,0.0955942979645164
"1651",-1.31327680309783,-0.324318841849576,-0.988957961248254
"1652",-1.32315986544195,-0.511019209658133,-0.812140655783817
"1653",-1.2194770813454,-0.52296496276896,-0.696512118576437
"1654",-0.485481333468552,-0.449392513901049,-0.0360888195675031
"1655",-0.617392596367182,-0.686801815338293,0.0694092189711109
"1656",-0.652142587855523,-1.0608095487178,0.40866696086228
"1657",-0.358216564363052,-0.26318881485377,-0.0950277495092822
"1658",-0.246131525477447,-0.473577433299953,0.227445907822506
"1659",-0.259804433830716,-0.768411184923941,0.508606751093225
"1660",-0.967687109459144,-0.207486868572671,-0.760200240886473
"1661",-0.33997466602297,-0.974901149627421,0.634926483604451
"1662",-0.140362149513997,-0.706989027368848,0.56662687785485
"1663",-0.178152103105869,-0.384700963829506,0.206548860723636
"1664",-1.01686635827571,-0.598525787799829,-0.418340570475877
"1665",-0.397517450980554,-0.772467349180569,0.374949898200015
"1666",-0.343363586458068,-0.650007763006676,0.306644176548608
"1667",-1.23573954535305,-1.09979398325136,-0.135945562101689
"1668",-0.244598819349369,-1.02372438251328,0.779125563163909
"1669",-0.213027578068091,-0.213199182307379,0.000171604239287859
"1670",-0.500930684237355,-0.615674587845383,0.114743903608028
"1671",-0.217615892588579,-0.257860686321582,0.0402447937330024
"1672",-0.180930866741965,-0.257860686321582,0.0769298195796164
"1673",-0.466905497868631,-0.403966106928741,-0.0629393909398903
"1674",-0.930681980127283,-0.288009610974688,-0.642672369152595
"1675",-0.453084273293719,-0.773690926550052,0.320606653256333
"1676",-0.1598285044831,-0.434653834411087,0.274825329927987
"1677",-0.488040822823752,-0.747804730415488,0.259763907591736
"1678",-0.294835489821929,-1.17012910379576,0.875293613973832
"1679",-0.0965874699190792,-0.434221370098189,0.337633900179109
"1680",-0.0643560378463484,-0.427975633553965,0.363619595707616
"1681",-0.630338649617947,-0.516278094810021,-0.114060554807926
"1682",-0.519149854781308,-0.329848545179447,-0.189301309601862
"1683",-0.52013969382199,-0.380874531305463,-0.139265162516526
"1684",-0.684192872653128,-0.75123652827244,0.0670436556193126
"1685",-0.700753948814064,-0.602752348322421,-0.0980016004916431
"1686",-0.390904970979963,-0.282905854573354,-0.107999116406609
"1687",-0.199764204129171,-0.433859880466456,0.234095676337286
"1688",-0.577138995180693,-0.694187293110206,0.117048297929513
"1689",-0.368360071217064,-0.388427511694781,0.0200674404777166
"1690",-0.297363416171506,-0.218049404347404,-0.0793140118241018
"1691",-0.460312812764082,-0.355921634673913,-0.104391178090169
"1692",-1.28329827161356,-1.35718502521459,0.0738867536010304
"1693",-0.640774542107459,-0.680658383710589,0.03988384160313
"1694",-0.565398187481468,-0.576286731526972,0.0108885440455042
"1695",-0.63502902848119,-0.638247752422689,0.00321872394149914
"1696",-0.215242286294218,-0.209819078179073,-0.00542320811514507
"1697",-0.300719486987668,-0.238018049990728,-0.0627014369969396
"1698",-0.827388267104013,-0.259800609962188,-0.567587657141825
"1699",-0.570485772403393,-0.996213639850562,0.425727867447169
"1700",-0.76649257006039,-0.662754709572862,-0.103737860487527
"1701",-1.30265992626161,-0.543336844312482,-0.759323081949131
"1702",-0.749222760793955,-1.47502632776538,0.72580356697143
"1703",-0.412543409436837,-0.231210239486382,-0.181333169950455
"1704",-0.771501289822198,-0.529267698047499,-0.242233591774699
"1705",-0.781764089632601,-0.658911170764868,-0.122852918867733
"1706",-0.937626758987266,-1.19670322303624,0.25907646404897
"1707",-0.686691889270726,-0.845877993685798,0.159186104415072
"1708",-0.531231978953893,-0.689038857170703,0.15780687821681
"1709",-1.48747748366549,-0.524951670983874,-0.962525812681618
"1710",-0.668541284223373,-0.313007462633457,-0.355533821589916
"1711",-0.672076920213361,-0.436522149802742,-0.235554770410619
"1712",-0.939085858454925,-0.778936910708943,-0.160148947745983
"1713",-0.770494763890904,-0.692079091767786,-0.0784156721231177
"1714",-0.611742557838142,-1.0713381658834,0.459595608045255
"1715",-1.05661634324482,-0.830682690696905,-0.225933652547919
"1716",-0.315010719827689,-0.530147249428385,0.215136529600696
"1717",-1.08693451896139,-1.05154713517284,-0.0353873837885512
"1718",-1.14465578715301,-0.987521741044684,-0.157134046108322
"1719",-0.327014433277886,-0.966630403855054,0.639615970577168
"1720",-0.562516390809532,-0.781279776382355,0.218763385572823
"1721",-0.978994172843539,-0.995666273577481,0.0166721007339428
"1722",-0.487897644400891,-0.490510348197736,0.00261270379684486
"1723",-0.515504941308162,-0.478620729003691,-0.0368842123044706
"1724",-0.580109410303663,-0.526490143895475,-0.0536192664081883
"1725",-0.611742557838142,-0.683271077445593,0.0715285196074502
"1726",-0.848461081946127,-1.1086839732423,0.260222891296175
"1727",-1.17166104608853,-1.16280266747695,-0.00885837861158301
"1728",-0.548931282809992,-0.748985009208253,0.200053726398261
"1729",-0.605195369039419,-0.468828567497686,-0.136366801541733
"1730",-0.829391540318936,-0.542268841113704,-0.287122699205232
"1731",-1.02015940924709,-0.902394911529258,-0.117764497717832
"1732",-0.399002779396626,-0.626880743864867,0.227877964468242
"1733",-0.962373763939715,-0.956459275486305,-0.00591448845340992
"1734",-0.320788879910782,-0.210768511393532,-0.11002036851725
"1735",-0.362767287230431,-0.345550785276062,-0.0172165019543691
"1736",-0.451213092685761,-0.348355248384462,-0.102857844301299
"1737",-0.279286091949631,-0.685570712857192,0.406284620907561
"1738",-0.678898968731414,-0.795352037755078,0.116453069023665
"1739",-0.232504392551679,-0.149349095039714,-0.0831552975119649
"1740",-0.967742576874823,-0.493177163824508,-0.474565413050315
"1741",-0.406463455748205,-0.35909517267161,-0.0473682830765947
"1742",-0.129641213733308,-0.260135631467698,0.13049441773439
"1743",-0.233306585648194,-0.175675447462435,-0.0576311381857586
"1744",-1.05071780339336,-0.363172602956646,-0.687545200436718
"1745",-0.332444735742728,-0.963211505887149,0.630766770144422
"1746",-0.42559973617468,-0.949559182488536,0.523959446313856
"1747",-0.824171269711582,-0.779314484294201,-0.0448567854173811
"1748",-0.305322434386033,-0.995585587270606,0.690263152884572
"1749",-1.54906793689822,-0.716348824366039,-0.832719112532182
"1750",-0.100770237560514,-0.661960608567245,0.561190371006731
"1751",-0.304045660500278,-0.45823197109501,0.154186310594732
"1752",-0.367655075255307,-0.457325616644497,0.0896705413891903
"1753",-0.431605806261801,-0.446731731590519,0.0151259253287188
"1754",-1.04326412093236,-0.867510312309514,-0.175753808622846
"1755",-0.348277329929712,-1.11106170124093,0.762784371311216
"1756",-0.758259695379391,-0.597440348515308,-0.160819346864083
"1757",-0.50594520873606,-0.463015835913318,-0.0429293728227425
"1758",-0.994928155438112,-0.929348921520432,-0.0655792339176795
"1759",-0.353686520538442,-1.06940224851443,0.715715727975988
"1760",-0.191606517460126,-0.481259807142443,0.289653289682317
"1761",-0.848454921679826,-0.751997410406108,-0.0964575112737185
"1762",-0.700452239479107,-0.781481163973426,0.0810289244943192
"1763",-0.195553305726573,-0.417689751062781,0.222136445336208
"1764",-0.333463497764922,-0.880078985515556,0.546615487750634
"1765",-0.724101278348094,-0.85003496152542,0.125933683177326
"1766",-0.663122540401355,-0.615255437984541,-0.0478671024168147
"1767",-0.924293771269003,-0.815763484914883,-0.10853028635412
"1768",-0.895260376884279,-0.663941175382609,-0.23131920150167
"1769",-0.54751787853117,-0.620996839130759,0.0734789605995889
"1770",-0.938842616163439,-0.962346018354299,0.02350340219086
"1771",-0.151308625910964,-0.285827625995481,0.134519000084516
"1772",-0.328473361713775,-0.126269759478296,-0.202203602235479
"1773",-0.67664685151154,-0.669536347196043,-0.00711050431549687
"1774",-0.767394474398817,-0.503933802941313,-0.263460671457504
"1775",-0.404924841765802,-0.141272633201172,-0.26365220856463
"1776",-0.479933011714661,-1.04906977651063,0.569136764795974
"1777",-1.03195928393082,-0.292252581132679,-0.73970670279814
"1778",-0.225066999563555,-0.101732435893798,-0.123334563669758
"1779",-0.632774116155183,-0.476829634471049,-0.155944481684133
"1780",-0.396658598079908,-0.468489830022234,0.0718312319423262
"1781",-0.94216879934632,-0.197195525326812,-0.744973274019508
"1782",-0.346938495149267,-0.320192433705862,-0.0267460614434052
"1783",-1.25838697356265,-0.503933802941313,-0.754453170621337
"1784",-0.494944366258163,-0.626563145849532,0.13161877959137
"1785",-0.278517696404982,-0.58003542796313,0.301517731558148
"1786",-0.601907750384077,-0.389371467472185,-0.212536282911892
"1787",-0.383868188712084,-0.58003542796313,0.196167239251047
"1788",-0.319224989742153,-0.337091846859433,0.01786685711728
"1789",-0.950977414750232,-1.57668248046691,0.625705065716677
"1790",-0.590077125021542,-0.593755759084182,0.00367863406263957
"1791",-1.17676460461302,-0.98942194096619,-0.187342663646826
"1792",-0.393693572906847,-0.494022119247846,0.100328546340998
"1793",-0.643505818427406,-0.593662082039772,-0.0498437363876345
"1794",-0.711020611718962,-0.549273828198954,-0.161746783520008
"1795",-1.07427751617737,-0.658954861411421,-0.415322654765949
"1796",-0.325138255152493,-0.352647834258289,0.0275095791057964
"1797",-0.352045624265166,-0.504766508043645,0.152720883778478
"1798",-0.581368079154986,-0.286141479263252,-0.295226599891734
"1799",-0.464058648762884,-0.504053486657248,0.0399948378943638
"1800",-0.391128528194441,-0.430337506008985,0.0392089778145435
"1801",-0.386974860904766,-0.386965937655212,-8.923249553483e-06
"1802",-0.89218824113158,-0.666512502490695,-0.225675738640884
"1803",-1.11670872961523,-0.391108811672655,-0.725599917942577
"1804",-1.09945704238203,-0.432022059794364,-0.667434982587666
"1805",-0.523928899089889,-1.56598507756636,1.04205617847647
"1806",-0.324265638559453,-0.75642541924042,0.432159780680967
"1807",-0.431854137789823,-0.506484409149271,0.0746302713594487
"1808",-0.870291953488961,-1.0254507122166,0.155158758727644
"1809",-0.454243511123095,-0.873968298713532,0.419724787590437
"1810",-1.41475766038994,-0.468788011553849,-0.945969648836093
"1811",-0.444908644227866,-0.784100428925759,0.339191784697894
"1812",-0.682580084039501,-0.412683780659147,-0.269896303380354
"1813",-0.470822796912023,-0.731792885257381,0.260970088345358
"1814",-0.275646541931945,-0.432571542301183,0.156925000369238
"1815",-0.184539675171107,-0.879336339079233,0.694796663908125
"1816",-0.920575252727049,-0.466571064977879,-0.454004187749169
"1817",-0.489161363125811,-0.845059689065518,0.355898325939706
"1818",-1.2537042456832,-0.510102143097774,-0.743602102585426
"1819",-0.410988204072897,-0.370484668899186,-0.0405035351737109
"1820",-0.489169669187948,-0.433490085855457,-0.0556795833324912
"1821",-0.714547097869008,-0.713346653204294,-0.00120044466471381
"1822",-0.828097040025951,-0.442628366511438,-0.385468673514513
"1823",-0.264038555024293,-0.305461578434271,0.0414230234099788
"1824",-0.739763934172946,-0.914860830737418,0.175096896564471
"1825",-1.22820839292038,-0.674944253579921,-0.553264139340454
"1826",-0.413148087227834,-0.555455273586466,0.142307186358631
"1827",-0.739763934172946,-1.26752504472667,0.52776111055372
"1828",-0.447948219649279,-0.600961364770128,0.153013145120848
"1829",-1.24135330613877,-2.08725158748587,0.845898281347105
"1830",-0.544304447723571,-0.684601786574787,0.140297338851216
"1831",-1.3524511999459,-0.711687607061489,-0.640763592884409
"1832",-1.28145873605007,-0.488991329276592,-0.792467406773476
"1833",-0.686946275678499,-0.415787012640323,-0.271159263038176
"1834",-0.170648502833487,-1.07828270908048,0.907634206246996
"1835",-0.605226081654902,-0.584538369323399,-0.0206877123315037
"1836",-0.195564803447148,-0.667555297472459,0.471990494025311
"1837",-0.38506615252649,-0.423686246010381,0.0386200934838907
"1838",-0.529660661380056,-0.522650528088133,-0.00701013329192346
"1839",-0.686822323952914,-0.654711193167083,-0.0321111307858306
"1840",-0.174699921807321,-0.131102548108249,-0.0435973736990718
"1841",-0.281688318477505,-0.19576346956087,-0.0859248489166351
"1842",-0.452230781858543,-0.497288715148924,0.0450579332903809
"1843",-0.393856478570621,-0.478462431980893,0.0846059534102723
"1844",-0.401560623873946,-0.190696492763319,-0.210864131110627
"1845",-0.264872341866178,-0.15646863016303,-0.108403711703149
"1846",-0.419890262494706,-0.702878650911853,0.282988388417148
"1847",-0.505790327759568,-0.416768214193818,-0.0890221135657496
"1848",-0.957191339860978,-0.98871506703533,0.0315237271743518
"1849",-1.4804086997879,-0.598908057696135,-0.881500642091765
"1850",-0.688558473335682,-0.522260354704869,-0.166298118630813
"1851",-0.419890262494706,-0.912575359028591,0.492685096533886
"1852",-0.840577828598152,-0.428057840424343,-0.412519988173808
"1853",-0.959427706092429,-1.1363147255282,0.176887019435775
"1854",-1.53879647587927,-1.24808076996294,-0.290715705916329
"1855",-0.741879597917855,-0.774072838949701,0.0321932410318464
"1856",-0.358520549110478,-0.251762981302871,-0.106757567807607
"1857",-1.05484318611311,-1.39200098507561,0.337157798962497
"1858",-0.52769286496259,-0.294438334065193,-0.233254530897398
"1859",-0.68253498545061,-1.18548575913852,0.502950773687912
"1860",-0.175783336985798,-0.221195595258665,0.0454122582728669
"1861",-1.34227823464455,-0.431351384565983,-0.910926850078572
"1862",-0.651060797080556,-0.688945009989001,0.0378842129084456
"1863",-0.633746573945277,-0.642348056533989,0.00860148258871263
"1864",-0.418633247334118,-0.3123981742146,-0.106235073119518
"1865",-1.41875180963666,-0.310938814850224,-1.10781299478643
"1866",-0.506279931559502,-0.441287071020303,-0.0649928605391983
"1867",-0.552839342525576,-0.497736028495654,-0.055103314029922
"1868",-0.475619884770577,-0.364416399537262,-0.111203485233315
"1869",-0.475619884770577,-0.507108839148433,0.0314889543778563
"1870",-0.120838415914847,-0.437015986403039,0.316177570488192
"1871",-0.652456039102757,-0.594668380700124,-0.0577876584026322
"1872",-0.305247504152403,-0.291683021580042,-0.0135644825723613
"1873",-0.306473226462002,-0.331681702336807,0.0252084758748055
"1874",-0.391324732505126,-0.408097233061765,0.0167725005566393
"1875",-0.305681030343981,-0.356016032389165,0.050335002045184
"1876",-0.252013013553491,-0.764971704001819,0.512958690448328
"1877",-1.13351700156634,-0.559406563886536,-0.574110437679804
"1878",-0.238310470761936,-0.483060494397565,0.244750023635628
"1879",-0.380506146693332,-1.24587784063732,0.865371693943985
"1880",-0.945899617054922,-0.850657408703188,-0.0952422083517339
"1881",-0.442604107856593,-0.710194936170251,0.267590828313658
"1882",-0.270602423052384,-0.309712852562114,0.03911042950973
"1883",-0.572145192037516,-0.732483071178548,0.160337879141031
"1884",-0.596708007762786,-0.67992311651024,0.0832151087474537
"1885",-0.601143401254998,-0.359206870939143,-0.241936530315854
"1886",-0.617134140086054,-0.738929806922251,0.121795666836197
"1887",-0.624718013320806,-0.674107922489389,0.0493899091685828
"1888",-0.521861217823639,-0.817571121647113,0.295709903823473
"1889",-0.61451580271336,-0.644349282172795,0.0298334794594348
"1890",-0.547281389504755,-0.826504655315398,0.279223265810643
"1891",-0.766605119342964,-1.18463821506887,0.41803309572591
"1892",-0.562740406608372,-0.446258414184503,-0.116481992423869
"1893",-0.697335066951472,-0.809207203763148,0.111872136811677
"1894",-0.814651242703684,-0.814709457768497,5.82150648122948e-05
"1895",-1.2010553623577,-0.457271733932366,-0.743783628425333
"1896",-0.601143401254998,-0.707285086855427,0.106141685600429
"1897",-0.843146831663799,-0.9850363855025,0.141889553838701
"1898",-0.86382321989391,-0.51508236913764,-0.34874085075627
"1899",-0.490421096737998,-0.481421454303948,-0.00899964243405016
"1900",-0.542689357434174,-1.99379558102346,1.45110622358928
"1901",-0.554984880253607,-0.697861854365347,0.14287697411174
"1902",-0.221093346838041,-0.262774349164532,0.0416810023264915
"1903",-1.51533705987584,-0.717269897095236,-0.798067162780608
"1904",-0.367462680063195,-0.282876958448654,-0.0845857216145411
"1905",-0.421452681336465,-0.519654800568685,0.0982021192322202
"1906",-0.326593856964704,-0.336199983372003,0.00960612640729952
"1907",-0.693167508237194,-1.01579624399705,0.322628735759852
"1908",-0.224850655823902,-0.400275266141383,0.175424610317481
"1909",-1.08342037393222,-0.72565892052087,-0.357761453411348
"1910",-0.460205989598996,-0.931208236848065,0.47100224724907
"1911",-0.185926126453884,-0.435667960103684,0.2497418336498
"1912",-0.148506367295624,-0.817758481360196,0.669252114064571
"1913",-0.462952368943725,-1.19097278333329,0.728020414389563
"1914",-0.657234466093999,-0.427125917805448,-0.230108548288551
"1915",-1.30043047082688,-1.40151812391599,0.101087653089115
"1916",-0.818857302199528,-0.793526929016829,-0.0253303731826993
"1917",-0.814821338970795,-0.601930707329389,-0.212890631641406
"1918",-0.415654348252184,-0.571922812047131,0.156268463794946
"1919",-0.949158093336122,-0.42356360059255,-0.525594492743572
"1920",-0.460780693187856,-0.322658645230956,-0.1381220479569
"1921",-0.645997014099023,-0.445439385875557,-0.200557628223466
"1922",-0.295548119774323,-0.194253054362131,-0.101295065412192
"1923",-1.17632709288053,-0.542640370978543,-0.633686721901988
"1924",-0.266261567016162,-0.708225631875897,0.441964064859735
"1925",-0.461020009166796,-0.325884870272374,-0.135135138894421
"1926",-0.290507734957936,-0.282160386479269,-0.00834734847866692
"1927",-0.355159155044194,-0.450022486671184,0.09486333162699
"1928",-1.47692329079978,-1.76938660560689,0.292463314807105
"1929",-0.460626119414917,-1.09966734928393,0.63904122986901
"1930",-0.695590266688466,-0.443351286888868,-0.252238979799598
"1931",-0.786533147522638,-0.530578437013973,-0.255954710508665
"1932",-0.370242435253789,-0.397281453433146,0.0270390181793569
"1933",-0.348414170976142,-0.287762711778182,-0.0606514591979597
"1934",-1.22351753464237,-0.614098209205096,-0.609419325437278
"1935",-0.331279158273596,-0.192759392354773,-0.138519765918823
"1936",-0.939675434950304,-1.24601983496787,0.306344400017569
"1937",-0.941337860923027,-0.710972289113171,-0.230365571809856
"1938",-0.363792354750946,-0.481834027341812,0.118041672590866
"1939",-1.08126488048904,-0.983613743257798,-0.097651137231237
"1940",-0.600147443665496,-0.549674729919737,-0.0504727137457595
"1941",-0.467184558871155,-0.629724392330526,0.162539833459371
"1942",-1.5892031996677,-1.09944194408098,-0.489761255586719
"1943",-1.03749829679797,-0.998693376772553,-0.0388049200254139
"1944",-0.428318843243495,-0.574296992797677,0.145978149554183
"1945",-0.995876413346218,-0.961417724925551,-0.034458688420667
"1946",-0.376075267216527,-0.47810997832887,0.102034711112343
"1947",-0.521301423370638,-0.530511443444888,0.00921002007424931
"1948",-0.678530363403816,-0.683155971693351,0.00462560828953507
"1949",-0.389641482822849,-0.436236643919489,0.04659516109664
"1950",-0.656623222076776,-0.57903314958903,-0.0775900724877463
"1951",-0.516506663348217,-0.55164538838521,0.035138725036993
"1952",-0.562895391099614,-0.531470327370634,-0.0314250637289799
"1953",-0.756603736127811,-1.0127499785777,0.256146242449884
"1954",-0.55851793769471,-0.543695365434041,-0.0148225722606696
"1955",-0.414252982775747,-0.498885716996118,0.0846327342203708
"1956",-0.698856949314225,-0.591750344237512,-0.107106605076712
"1957",-0.652093991453011,-0.729122513458986,0.0770285220059748
"1958",-0.677822723071456,-1.03533250517841,0.357509782106955
"1959",-0.715277924328487,-0.452922151674749,-0.262355772653738
"1960",-0.732692978393684,-0.566572717135394,-0.16612026125829
"1961",-1.25433495995468,-0.82756393912575,-0.426771020828935
"1962",-0.912084485845972,-0.369241545424141,-0.542842940421831
"1963",-0.842872140429904,-0.743392244926731,-0.0994798955031726
"1964",-0.715277924328487,-0.508474568061284,-0.206803356267203
"1965",-0.345618207820187,-0.508474568061284,0.162856360241097
"1966",-0.461877904148004,-0.645306362711044,0.18342845856304
"1967",-0.873799499421196,-0.998822195643283,0.125022696222088
"1968",-1.21128974424446,-0.770169101109849,-0.441120643134608
"1969",-0.557011380156431,-0.590862498020559,0.0338511178641285
"1970",-0.464077108701776,-0.399945254764102,-0.0641318539376741
"1971",-0.708710136647372,-0.998822195643283,0.290112058995911
"1972",-0.584935806136578,-1.10974425129687,0.524808445160287
"1973",-0.850780989036407,-0.741883930634154,-0.108897058402253
"1974",-0.562947979463972,-0.650469101758853,0.0875211222948806
"1975",-0.443229559491848,-0.508474568061284,0.0652450085694358
"1976",-0.735958154082237,-0.874408315576372,0.138450161494135
"1977",-0.345618207820187,-0.470986945278921,0.125368737458734
"1978",-0.842872140429904,-1.23853584877797,0.395663708348062
"1979",-0.26170561375559,-0.429379811917856,0.167674198162267
"1980",-0.514063222103754,-0.187643496472372,-0.326419725631382
"1981",-1.00791271974802,-0.927023503599188,-0.0808892161488339
"1982",-0.496042990698289,-0.552100091070037,0.0560571003717483
"1983",-0.401841084318006,-0.432844986414631,0.0310039020966251
"1984",-0.26170561375559,-0.309706451497248,0.0480008377416583
"1985",-0.229059411755951,-0.241982913784616,0.0129235020286647
"1986",-0.489268773537219,-1.43841564804558,0.949146874508365
"1987",-0.65412080046048,-0.193509717576347,-0.460611082884133
"1988",-0.327841915006661,-0.366450317475008,0.0386084024683475
"1989",-0.949523179791489,-1.18152848989935,0.232005310107861
"1990",-0.1413790903524,-0.114757474741197,-0.0266216156112034
"1991",-0.521234191816908,-0.547141551772634,0.0259073599557258
"1992",-0.152728790824522,-0.180171761661331,0.0274429708368089
"1993",-1.11792507304668,-1.07517345834648,-0.0427516147001938
"1994",-0.521234191816908,-0.53403539039147,0.0128011985745617
"1995",-0.328943308487192,-0.382225576510571,0.0532822680233789
"1996",-0.152728790824522,-0.193509717576347,0.0407809267518253
"1997",-0.454098785484263,-0.533902505246636,0.0798037197623733
"1998",-0.630304028111269,-0.902718086361663,0.272414058250394
"1999",-0.393831626509868,-0.149337100654769,-0.244494525855099
"2000",-0.393831626509868,-0.0880796092249927,-0.305752017284875
"2001",-0.24809292136168,-0.175791696501705,-0.0723012248599755
"2002",-0.900878237380017,-0.428143807535965,-0.472734429844052
"2003",-0.489268773537219,-0.365055715774186,-0.124213057763033
"2004",-0.484081922384378,-0.365327230307421,-0.118754692076958
"2005",-0.878591756577793,-0.465238006705914,-0.413353749871879
"2006",-0.361673845290025,-0.201029567395297,-0.160644277894728
"2007",-0.583848244457805,-0.506305579913277,-0.0775426645445281
"2008",-0.583895296062688,-0.355904051432431,-0.227991244630258
"2009",-0.591922775543801,-0.641393503524654,0.0494707279808528
"2010",-0.992080595598608,-0.593507478856179,-0.398573116742429
"2011",-0.361673845290025,-0.345693528582177,-0.0159803167078483
"2012",-1.00937743908266,-1.2593482720595,0.249970832976839
"2013",-0.179178382412164,-0.187623637067695,0.00844525465553048
"2014",-0.757685565821058,-0.613549590887645,-0.144135974933413
"2015",-0.988461278081339,-1.50412320433572,0.51566192625438
"2016",-1.23333100222188,-0.279980764533699,-0.953350237688178
"2017",-0.34015034975138,-0.451019029911443,0.110868680160062
"2018",-1.26954627919809,-0.556713717542001,-0.712832561656088
"2019",-0.465452217581762,-0.851180435137048,0.385728217555285
"2020",-0.622596362469713,-1.69353451188409,1.07093814941437
"2021",-0.453941030909423,-0.447331135966985,-0.00660989494243758
"2022",-1.00937743908266,-1.2593482720595,0.249970832976839
"2023",-1.24362644107238,-0.399907797098999,-0.843718643973377
"2024",-0.362837081699867,-0.128102524225467,-0.2347345574744
"2025",-0.887978710118968,-0.467464054189437,-0.420514655929532
"2026",-0.289363506418235,-0.980811440254112,0.691447933835877
"2027",-0.273743430533697,-1.18457540951588,0.910831978982188
"2028",-0.766648573782128,-0.985076262985798,0.21842768920367
"2029",-0.408248894905292,-0.431001289639363,0.0227523947340718
"2030",-0.564053577119698,-1.11306978215215,0.549016205032456
"2031",-0.911613002830801,-0.658518070805015,-0.253094932025786
"2032",-0.546222092745417,-0.762613528067787,0.21639143532237
"2033",-0.341276706104717,-0.499568759186024,0.158292053081308
"2034",-0.280569043088187,-0.408986674032974,0.128417630944787
"2035",-0.421064155971099,-0.700063392689792,0.278999236718693
"2036",-1.97861021066456,-1.26201229451074,-0.716597916153814
"2037",-0.0871476176875809,-0.330888881962247,0.243741264274666
"2038",-0.281331072573819,-0.431001289639363,0.149670217065545
"2039",-0.564053577119698,-0.756871094145485,0.192817517025787
"2040",-0.513956310386494,-0.677379040829781,0.163422730443287
"2041",-0.360703446358061,-0.748116774294091,0.38741332793603
"2042",-0.278218915422887,-0.341442597481888,0.0632236820590011
"2043",-1.24085182248213,-0.830274513217331,-0.410577309264794
"2044",-0.269276269452702,-0.478331606239099,0.209055336786397
"2045",-0.269276269452702,-0.65708282831722,0.387806558864519
"2046",-0.4223394697603,-0.330888881962247,-0.0914505877980529
"2047",-0.37856983538022,-0.762613528067787,0.384043692687567
"2048",-0.513956310386494,-0.770061248194502,0.256104937808008
"2049",-0.606599464601104,-0.47264187057018,-0.133957594030925
"2050",-0.419277727340111,-0.480379684996853,0.0611019576567422
"2051",-1.108686007717,-1.12793031647076,0.0192443087537653
"2052",-0.352546633284082,-0.465468681303609,0.112922048019526
"2053",-0.451423796595632,-0.730878761643889,0.279454965048257
"2054",-0.56631582043924,-0.757980847832632,0.191665027393391
"2055",-0.464408806595878,-0.472466275055049,0.00805746845917099
"2056",-1.06970618742393,-0.985497174165177,-0.0842090132587545
"2057",-0.826471969569138,-0.688843047584272,-0.137628921984866
"2058",-0.560160254844741,-0.658951343838464,0.0987910889937229
"2059",-0.56631582043924,-0.734015690705828,0.167699870266588
"2060",-0.575524866120222,-0.59042302214198,0.0148981560217578
"2061",-1.3816662605715,-1.04906272725229,-0.33260353331921
"2062",-1.14178221202899,-0.293017421645661,-0.848764790383328
"2063",-0.459237837102855,-0.404363275484211,-0.0548745616186439
"2064",-0.459237837102855,-1.26512428825589,0.805886451153031
"2065",-1.02886331139179,-0.994456435894117,-0.0344068754976741
"2066",-0.576632535851378,-0.445443514415134,-0.131189021436244
"2067",-0.554168122109337,-0.366764697339225,-0.187403424770111
"2068",-0.576632535851378,-0.447064366154788,-0.129568169696589
"2069",-0.548248406115804,-0.312804609762432,-0.235443796353373
"2070",-0.576632535851378,-0.376173895447212,-0.200458640404166
"2071",-0.548428699967078,-0.693102076263918,0.14467337629684
"2072",-0.563181883803579,-1.1499117307625,0.586729846958923
"2073",-0.862658210201303,-0.717501307219051,-0.145156902982253
"2074",-0.137697971462776,-1.38424103197215,1.24654306050937
"2075",-0.129708331428439,-0.15085934033219,0.0211510089037503
"2076",-1.10783934871454,-1.04980165279968,-0.0580376959148623
"2077",-0.121280085047768,-0.127913534336781,0.00663344928901211
"2078",-0.136339521584024,-0.24370847237706,0.107368950793036
"2079",-0.244160763657842,-0.264463862050672,0.0203030983928301
"2080",-0.224857858100183,-0.285441220981037,0.0605833628808536
"2081",-0.268295972527628,-0.474812785842174,0.206516813314546
"2082",-1.14215136590934,-0.525289283589863,-0.616862082319478
"2083",-0.422453852004687,-0.480129606523457,0.0576757545187698
"2084",-0.403950518305154,-0.293210787126984,-0.11073973117817
"2085",-0.429045943403705,-0.272666507059004,-0.156379436344701
"2086",-0.0422463326825167,-0.0613789571968777,0.019132624514361
"2087",-0.397056209236095,-0.461235000934584,0.0641787916984891
"2088",-0.72209743770334,-1.08299653085429,0.36089909315095
"2089",-1.07095726918191,-1.07030914475349,-0.000648124428415109
"2090",-0.421021226269114,-0.964565798400111,0.543544572130997
"2091",-0.145561262270281,-0.128735232120629,-0.0168260301496517
"2092",-0.12859396508482,-0.430793939488582,0.302199974403763
"2093",-0.437413854027989,-0.290496202719099,-0.14691765130889
"2094",-0.704950261697433,-0.357791616416336,-0.347158645281096
"2095",-0.434135819250999,-0.477971630029935,0.0438358107789361
"2096",-0.241407040945166,-0.121026314747905,-0.120380726197261
"2097",-0.268295972527628,-0.316160498164118,0.0478645256364896
"2098",-0.244160763657842,-0.132407879955753,-0.111752883702088
"2099",-0.44666965645003,-0.503968196518385,0.0572985400683548
"2100",-0.416438750376071,-0.503968196518385,0.0875294461423142
"2101",-0.469164282076401,-0.39266191769983,-0.0765023643765703
"2102",-0.324499125714174,-0.368065267975769,0.0435661422615947
"2103",-0.625702875160809,-0.566434076966426,-0.0592687981943829
"2104",-0.801291347343571,-0.722049136858085,-0.0792422104854857
"2105",-0.36191082782526,-0.376347262461254,0.0144364346359938
"2106",-0.265303043594109,-1.42064210803374,1.15533906443963
"2107",-0.818966986685002,-0.445899302316219,-0.373067684368783
"2108",-0.801291347343571,-0.763648944866125,-0.037642402477446
"2109",-1.21367145333835,-1.01616628401134,-0.197505169327012
"2110",-0.765471320445026,-0.959845327560511,0.194374007115485
"2111",-1.02532689862137,-1.00019323101052,-0.0251336676108593
"2112",-0.283126575665328,-0.381916350876562,0.0987897752112339
"2113",-0.670400227308188,-0.617614843404417,-0.0527853839037711
"2114",-0.464358616563499,-0.48536735093322,0.0210087343697216
"2115",-0.194313284385432,-0.207304858944221,0.0129915745587894
"2116",-0.636877974503229,-0.687510318070395,0.0506323435671661
"2117",-0.469164282076401,-0.462377965912786,-0.00678631616361436
"2118",-0.46733620641774,-0.482808646309078,0.0154724398913375
"2119",-0.352193362625859,-0.33452571051167,-0.0176676521141887
"2120",-0.545769828959076,-0.574817696040114,0.0290478670810375
"2121",-0.999025015461279,-1.01750777351322,0.0184827580519427
"2122",-1.52612307188885,-1.01616628401134,-0.509956787877504
"2123",-0.599287814773343,-0.987670382816479,0.388382568043136
"2124",-1.53112378959867,-0.694922649801736,-0.83620113979693
"2125",-0.982198035673655,-1.22805079922349,0.245852763549836
"2126",-0.619781712573083,-0.458562706625681,-0.161219005947402
"2127",-0.60728044278852,-0.475433077225172,-0.131847365563348
"2128",-1.04400836396135,-0.947415958220892,-0.0965924057404566
"2129",-0.686599231307648,-1.2223336363189,0.535734405011255
"2130",-0.553800916598043,-0.983726842489235,0.429925925891192
"2131",-0.456798071145978,-0.418882461841689,-0.0379156093042887
"2132",-0.690600339647912,-0.498065234528105,-0.192535105119807
"2133",-0.54115375524621,-0.451008189840604,-0.0901455654056056
"2134",-1.01199350494442,-0.681677734039994,-0.330315770904429
"2135",-0.451760853915534,-0.468269097106604,0.0165082431910699
"2136",-0.452846059074657,-0.373668704494819,-0.079177354579838
"2137",-1.16091262703895,-0.967981608382749,-0.192931018656203
"2138",-0.664127069945478,-0.424138527656393,-0.239988542289085
"2139",-0.621504925063978,-0.612573136397088,-0.00893178866689048
"2140",-0.675112759076598,-1.36988281301874,0.694770053942146
"2141",-0.824118638876112,-0.376569433230309,-0.447549205645803
"2142",-0.534372175282729,-0.384347245734276,-0.150024929548453
"2143",-0.846029045040821,-1.2374644928615,0.391435447820683
"2144",-1.0207387310023,-0.741547065395245,-0.279191665607051
"2145",-0.690600339647912,-0.418260720274627,-0.272339619373286
"2146",-0.456798071145978,-0.430272574857653,-0.0265254962883246
"2147",-0.460188228249032,-0.470609570251985,0.0104213420029531
"2148",-1.00323359399226,-1.13439552614434,0.131161932152082
"2149",-0.452846059074657,-1.03750473958819,0.58465868051353
"2150",-1.01009605608391,-0.525165924518955,-0.484930131564957
"2151",-1.50969935560173,-1.00563413172223,-0.504065223879501
"2152",-0.541346986840662,-1.22843333873986,0.687086351899202
"2153",-0.200483303473217,-0.786984535210945,0.586501231737729
"2154",-0.222829387643568,-0.203168350752414,-0.0196610368911543
"2155",-0.546682428948246,-0.690702709103004,0.144020280154757
"2156",-0.774996561652781,-0.579114495812314,-0.195882065840467
"2157",-0.624758267917318,-0.783309257853021,0.158550989935703
"2158",-0.277146008103244,-0.351028734823005,0.0738827267197602
"2159",-1.06917401688203,-1.21043616387196,0.141262146989924
"2160",-0.240725769801761,-0.505088526248919,0.264362756447158
"2161",-1.21175548203104,-1.25811068949089,0.0463552074598548
"2162",-0.406630709225714,-0.442102422136048,0.0354717129103337
"2163",-0.420515733239734,-0.237573173753566,-0.182942559486168
"2164",-0.383298728290005,-0.663509188769321,0.280210460479316
"2165",-0.44241325284309,-0.459629156616759,0.0172159037736694
"2166",-0.56149536669049,-0.690702709103004,0.129207342412514
"2167",-0.277146008103244,-0.464654420319284,0.187508412216039
"2168",-0.313615698288292,-0.273242826211705,-0.0403728720765866
"2169",-0.621290250486617,-0.783309257853021,0.162019007366403
"2170",-1.05593739448107,-1.00854660729236,-0.0473907871887027
"2171",-0.569282224362769,-0.375906935505645,-0.193375288857124
"2172",-0.860522893736832,-0.349497581826763,-0.511025311910069
"2173",-0.607541454248233,-0.26601430958133,-0.341527144666903
"2174",-0.61450417131267,-0.460882807863446,-0.153621363449224
"2175",-0.573818060586237,-1.03319134416548,0.459373283579248
"2176",-1.06363918309041,-1.71618316227177,0.652543979181363
"2177",-0.591897942720475,-0.542330605379551,-0.0495673373409247
"2178",-1.33051854709435,-1.11954570412569,-0.210972842968658
"2179",-0.61450417131267,-0.436450812903085,-0.178053358409585
"2180",-0.424983213589687,-0.298774253354907,-0.126208960234781
"2181",-0.290913017431157,-0.375906935505645,0.0849939180744883
"2182",-0.795924049713819,-1.03319134416548,0.237267294451666
"2183",-0.228055262823121,-0.203540412489515,-0.0245148503336061
"2184",-0.44295349661005,-0.395160467548348,-0.0477930290617019
"2185",-0.428688789402319,-0.515820722544241,0.0871319331419222
"2186",-0.398278051571656,-1.69193531263363,1.29365726106197
"2187",-1.15976070984851,-0.908844557540192,-0.250916152308322
"2188",-0.376238211447166,-0.996217958804771,0.619979747357605
"2189",-1.74034419241469,-0.173490556976423,-1.56685363543827
"2190",-0.384252708189824,-0.48161715633584,0.0973644481460161
"2191",-0.429764656966676,-0.223032842548285,-0.206731814418391
"2192",-1.04789547004412,-0.543477320455601,-0.504418149588517
"2193",-0.78677318353011,-0.404508546884136,-0.382264636645974
"2194",-0.327805767632552,-0.619509829029179,0.291704061396627
"2195",-0.298538479031752,-0.328710132713637,0.0301716536818848
"2196",-0.152085371836119,-0.167641098334869,0.01555572649875
"2197",-0.435130816108519,-0.439853847579913,0.00472303147139463
"2198",-0.563612040810113,-0.739483664567528,0.175871623757415
"2199",-0.317881096103116,-0.262869133026719,-0.0550119630763968
"2200",-0.399505769563283,-0.468784368004315,0.0692785984410325
"2201",-1.03958304284332,-0.444748802440308,-0.594834240403017
"2202",-0.579894485904743,-0.450892010652486,-0.129002475252257
"2203",-0.651987637641145,-0.60640386611275,-0.0455837715283955
"2204",-0.658445050933818,-1.23593953639579,0.577494485461968
"2205",-0.793200681393678,-0.918493674954111,0.125292993560433
"2206",-0.312598944355633,-0.442970897427279,0.130371953071646
"2207",-0.303036833209667,-0.691249392925949,0.388212559716282
"2208",-0.0624674880191556,-0.397190359939008,0.334722871919852
"2209",-0.39840326164541,-0.321455663674057,-0.076947597971353
"2210",-0.527692764351054,-0.49943146973817,-0.0282612946128848
"2211",-0.414833657093803,-0.322947802008151,-0.0918858550856525
"2212",-0.275596578057842,-0.191909815363333,-0.0836867626945086
"2213",-1.11288737480981,-1.02375205771254,-0.08913531709727
"2214",-1.31093139621828,-1.06009229161624,-0.250839104602046
"2215",-0.273704918142952,-0.285799817612325,0.012094899469373
"2216",-0.249815580474333,-0.322947802008151,0.0731322215338173
"2217",-0.477221102656881,-0.578303865924167,0.101082763267286
"2218",-1.11288737480981,-0.561784266042545,-0.551103108767269
"2219",-0.197739704967088,-0.478806339145014,0.281066634177926
"2220",-1.11857588734857,-1.04433098263292,-0.074244904715651
"2221",-0.358248141724171,-1.01183616549295,0.653588023768775
"2222",-0.410810073638359,-0.321455663674057,-0.0893544099643018
"2223",-0.249815580474333,-0.251381302390232,0.00156572191589888
"2224",-0.34798673499904,-0.306551849135977,-0.0414348858630627
"2225",-0.537646461465671,-0.425296206173046,-0.112350255292625
"2226",-0.26391180430185,-0.447617920236639,0.183706115934789
"2227",-1.33059829519071,-1.95091125834435,0.62031296315364
"2228",-0.243583800965682,-1.02375205771254,0.780168256746862
"2229",-0.39840326164541,-0.223332564569809,-0.175070697075602
"2230",-0.198693949353535,-0.368029191146827,0.169335241793292
"2231",-0.65918846336155,-0.463362938655217,-0.195825524706334
"2232",-0.357495855377087,-0.624645600428501,0.267149745051414
"2233",-0.567728432669911,-0.7697961567768,0.202067724106889
"2234",-0.765481332093461,-0.789414249673927,0.0239329175804661
"2235",-0.721893262744619,-0.462597828400399,-0.25929543434422
"2236",-0.702545393072552,-0.684554799175285,-0.0179905938972675
"2237",-0.449450658275829,-0.34185791132519,-0.107592746950639
"2238",-0.446966452075668,-0.488316827922936,0.0413503758472675
"2239",-0.811836580187719,-1.26203740137759,0.45020082118987
"2240",-0.690997203293197,-0.674859385845546,-0.0161378174476505
"2241",-0.273561898962026,-0.312709538693136,0.0391476397311106
"2242",-0.446528927792002,-0.450481414517082,0.00395248672507975
"2243",-0.625694169517647,-0.61628354722346,-0.00941062229418677
"2244",-0.576435193852797,-0.674859385845546,0.0984241919927493
"2245",-1.81103447760675,-0.776414453318115,-1.03462002428863
"2246",-0.529685960916563,-1.23942433009197,0.709738369175403
"2247",-1.19240649185188,-0.459121171522701,-0.733285320329181
"2248",-0.57327818996821,-0.294738641074896,-0.278539548893314
"2249",-0.813877847103001,-1.24759657758185,0.433718730478846
"2250",-0.741705018492707,-0.468583420705329,-0.273121597787378
"2251",-0.88865086590216,-0.951033373679225,0.0623825077770652
"2252",-0.276528551108822,-0.566984157814503,0.290455606705681
"2253",-1.47425451060042,-1.55023538523811,0.0759808746376907
"2254",-1.04587069459001,-0.769605671017255,-0.276265023572757
"2255",-0.76186281506543,-0.866596070768569,0.104733255703139
"2256",-0.860557039189104,-0.989079456574269,0.128522417385166
"2257",-0.328526188632354,-0.472703170654636,0.144176982022282
"2258",-1.01757681233059,-0.473606572171728,-0.543970240158862
"2259",-0.446967546516281,-0.427112363091887,-0.0198551834243936
"2260",-0.721527165660288,-0.565886409861189,-0.155640755799099
"2261",-0.336692270478279,-0.681449699830821,0.344757429352542
"2262",-0.475715092183028,-0.769605671017255,0.293890578834228
"2263",-0.284311150410172,-0.461610406876919,0.177299256466747
"2264",-0.363021615123378,-0.47646073464418,0.113439119520802
"2265",-0.716377418729481,-0.565886409861189,-0.150491008868292
"2266",-0.568669914325034,-1.19552031912906,0.626850404804025
"2267",-0.721527165660288,-0.741961137198956,0.0204339715386679
"2268",-0.568116166494665,-0.473880535433821,-0.0942356310608439
"2269",-0.357602182391939,-0.406074057748119,0.0484718753561797
"2270",-1.01757681233059,-0.863174140417682,-0.154402671912909
"2271",-0.278655751507795,-0.536471224325414,0.257815472817619
"2272",-0.588722601420015,-0.372912040622121,-0.215810560797894
"2273",-0.593172098142153,-0.66938057823213,0.0762084800899769
"2274",-0.76186281506543,-0.692955783703926,-0.0689070313615039
"2275",-0.592730761660744,-1.0971437038503,0.504412942189558
"2276",-1.41387271511183,-0.738416344049711,-0.675456371062117
"2277",-0.764499640911253,-0.82312068698517,0.0586210460739176
"2278",-0.434842169138058,-0.488288019997792,0.0534458508597337
"2279",-0.628145253222662,-0.753124102007512,0.12497884878485
"2280",-0.276607650561287,-0.810991436323283,0.534383785761996
"2281",-0.434842169138058,-0.645646155050978,0.21080398591292
"2282",-0.409154345438883,-0.48361157077493,0.0744572253360474
"2283",-0.816233158374329,-0.587737691514902,-0.228495466859427
"2284",-1.09398124273752,-0.983315272927621,-0.110665969809901
"2285",-0.0948523215086734,-0.328589650694154,0.23373732918548
"2286",-0.839028867943324,-0.693071608827414,-0.14595725911591
"2287",-0.600358327947685,-0.68498316420201,0.0846248362543252
"2288",-0.166553518278173,-0.587737691514902,0.421184173236729
"2289",-0.566226327246192,-0.771057207913837,0.204830880667645
"2290",-0.307003052051916,-0.641272105780659,0.334269053728742
"2291",-0.4563089542204,-1.01793043160921,0.561621477388809
"2292",-0.409154345438883,-0.48361157077493,0.0744572253360474
"2293",-0.586073264670715,-0.771057207913837,0.184983943243123
"2294",-0.276607650561287,-0.41798621047908,0.141378559917793
"2295",-1.52986602457455,-0.945522679745635,-0.584343344828912
"2296",-0.303978173983971,-1.35111182779083,1.04713365380686
"2297",-0.4209856350148,-0.488288019997792,0.0673023849829919
"2298",-1.11652931108049,-0.810991436323283,-0.305537874757205
"2299",-0.444540829373974,-1.07403082465591,0.629489995281932
"2300",-0.283043092679723,-0.394604303525243,0.111561210845521
"2301",-0.306579225810903,-0.394604303525243,0.0880250777143399
"2302",-1.42027306496341,-1.12357416232293,-0.296698902640478
"2303",-0.823557065251141,-0.68498316420201,-0.138573901049131
"2304",-0.837479857027911,-0.440916249339973,-0.396563607687938
"2305",-0.644772580432499,-0.719939519640906,0.0751669392084064
"2306",-0.747377784731086,-0.715530883906428,-0.0318469008246574
"2307",-0.951415147150946,-0.744884339573293,-0.206530807577653
"2308",-0.327651962442651,-0.344449247180914,0.0167972847382627
"2309",-0.318399836077266,-0.895444687049864,0.577044850972597
"2310",-1.05969492759246,-1.03395033917106,-0.0257445884213965
"2311",-0.70511564907308,-0.514665344902715,-0.190450304170365
"2312",-0.455908319459092,-0.413348132006671,-0.0425601874524206
"2313",-0.705423207289826,-0.744884339573293,0.039461132283467
"2314",-0.568688484869146,-1.04597394424639,0.477285459377241
"2315",-0.951415147150946,-0.200994553918374,-0.750420593232572
"2316",-0.561134451017399,-1.17851421819434,0.617379767176942
"2317",-1.11186571282436,-0.2949505518174,-0.81691516100696
"2318",-0.333593043477855,-0.365762424038858,0.0321693805610037
"2319",-0.344793701176946,-0.359055547980231,0.0142618468032847
"2320",-0.219766731512625,-0.245625265943938,0.0258585344313129
"2321",-0.577616618433974,-0.328212103921699,-0.249404514512275
"2322",-0.370711091633654,-0.514665344902715,0.143954253269062
"2323",-0.324765976698503,-0.590931859958701,0.266165883260198
"2324",-0.425506890459553,-0.440916249339973,0.0154093588804205
"2325",-1.51701627609376,-1.04349011641233,-0.473526159681431
"2326",-0.27885488570703,-0.298344199427925,0.0194893137208947
"2327",-0.432581544926913,-0.895444687049864,0.46286314212295
"2328",-0.630753914446299,-0.77288573396012,0.142131819513821
"2329",-0.540502531351521,-0.98139142602888,0.440888894677359
"2330",-0.735571340997207,-1.14464011269482,0.409068771697614
"2331",-0.493341800507344,-0.474945884419599,-0.0183959160877452
"2332",-1.34291090629063,-1.18440146778014,-0.158509438510499
"2333",-1.01255942929746,-0.972646056340729,-0.0399133729567271
"2334",-0.491644916403806,-0.485117666973428,-0.00652724943037786
"2335",-0.463313533657201,-0.5269633450894,0.0636498114321995
"2336",-0.229729512145772,-0.336156053752238,0.106426541606466
"2337",-0.540502531351521,-0.633267576950898,0.0927650455993767
"2338",-0.737952594906602,-1.18569714089014,0.447744545983539
"2339",-0.555642241915938,-0.615698410629477,0.0600561687135395
"2340",-0.750574255229007,-0.480557409326108,-0.270016845902899
"2341",-0.493341800507344,-0.294350616641344,-0.198991183866
"2342",-1.28262286708709,-0.956135999903185,-0.326486867183905
"2343",-1.01255942929746,-0.925737508130075,-0.0868219211673811
"2344",-0.0932811498894797,-1.14464011269482,1.05135896280534
"2345",-0.72708309019109,-0.463259882169878,-0.263823208021211
"2346",-0.451437811609842,-0.418717628774693,-0.0327201828351491
"2347",-0.735046963453152,-0.501866697540153,-0.233180265912998
"2348",-1.34291090629063,-0.98139142602888,-0.361519480261754
"2349",-0.546968898280204,-0.622368044499453,0.0753991462192491
"2350",-0.268880021387416,-0.504576990110008,0.235696968722593
"2351",-1.01255942929746,-0.968312894935998,-0.0442465343614575
"2352",-0.519630801141229,-0.463259882169878,-0.0563709189713508
"2353",-0.995398936325025,-0.971097670365422,-0.0243012659596031
"2354",-1.04927770699913,-1.04544499883886,-0.0038327081602656
"2355",-0.337511185101482,-0.169253527914975,-0.168257657186507
"2356",-0.442347565922809,-0.877258819448727,0.434911253525918
"2357",-0.170660695337729,-0.433147789808442,0.262487094470713
"2358",-0.265466803798356,-0.882433175638952,0.616966371840596
"2359",-1.50581918825298,-0.565083834275558,-0.940735353977418
"2360",-1.07993898150358,-1.05881559567815,-0.0211233858254314
"2361",-0.174502076238319,-0.144759039030278,-0.0297430372080409
"2362",-0.486579584202257,-0.386120236736495,-0.100459347465762
"2363",-0.170660695337729,-0.221059280724374,0.0503985853866453
"2364",-0.278282670016726,-0.888902377397045,0.610619707380319
"2365",-0.485389895134634,-0.277282242638345,-0.208107652496289
"2366",-0.45185229075487,-0.426956625057693,-0.0248956656971764
"2367",-0.501019297069666,-0.565083834275558,0.0640645372058914
"2368",-0.123778830738686,-0.289999981023106,0.16622115028442
"2369",-1.01694333564086,-0.85213672180445,-0.164806613836407
"2370",-0.424535179978897,-0.203464845993958,-0.221070333984939
"2371",-1.05731423776565,-1.0157682862678,-0.0415459514978496
"2372",-0.289373716450822,-0.401409011642781,0.112035295191959
"2373",-0.155365229829536,-0.18883456538911,0.0334693355595732
"2374",-1.04829635986888,-0.556001945994486,-0.49229441387439
"2375",-0.431076186788375,-0.297551344761466,-0.133524842026909
"2376",-0.180264727210689,-0.433885185889539,0.25362045867885
"2377",-0.9607048578474,-0.587782353871334,-0.372922503976066
"2378",-0.448492279069708,-0.515091460056044,0.0665991809863362
"2379",-0.654380683164954,-0.95627381366755,0.301893130502596
"2380",-0.448492279069708,-0.542662983335722,0.0941707042660145
"2381",-0.351295300619962,-0.51036841734763,0.159073116727668
"2382",-0.313756738054312,-0.507767449389568,0.194010711335255
"2383",-0.570233113243487,-0.587418103802877,0.0171849905593904
"2384",-0.658987448843662,-0.982761485364873,0.32377403652121
"2385",-0.809364373074835,-0.538397168927458,-0.270967204147377
"2386",-0.574836519387312,-0.571506490601385,-0.00333002878592747
"2387",-0.454075090553587,-0.511356017174818,0.0572809266212309
"2388",-1.01774290072196,-0.909199847935439,-0.108543052786521
"2389",-1.0188303678719,-0.92838842850505,-0.0904419393668547
"2390",-1.24552886590179,-0.9547591908312,-0.290769675070588
"2391",-0.439413426442984,-0.502841043074055,0.0634276166310705
"2392",-1.85531981486639,-0.914152793682807,-0.941167021183587
"2393",-0.471700842804479,-0.540290623478495,0.0685897806740163
"2394",-0.827357358166262,-0.916654256684303,0.0892968985180405
"2395",-0.750527610383532,-0.938890648021308,0.188363037637775
"2396",-0.4553862398361,-0.621754256616819,0.166368016780719
"2397",-0.229918290794576,-0.548053336683932,0.318135045889356
"2398",-0.736924304908276,-0.931291402757543,0.194367097849267
"2399",-0.434561004727409,-0.522973355658349,0.0884123509309402
"2400",-1.10612149550667,-0.998417487351058,-0.107704008155609
"2401",-0.282087185847596,-0.487028560647388,0.204941374799792
"2402",-0.441217870799022,-0.491138353864952,0.0499204830659297
"2403",-0.901019950961654,-0.467361406760165,-0.43365854420149
"2404",-0.65120638459168,-0.496786813383033,-0.154419571208647
"2405",-0.441217870799022,-0.591553593834101,0.150335723035079
"2406",-0.424704715440901,-0.500948746902942,0.076244031462041
"2407",-0.55534699329735,-0.512039396921177,-0.0433075963761738
"2408",-0.65120638459168,-0.459597285047375,-0.191609099544306
"2409",-0.912519287196516,-0.914472830013752,0.00195354281723592
"2410",-0.653689249981194,-0.522434519665345,-0.131254730315849
"2411",-0.682672982717007,-1.03071737002862,0.348044387311611
"2412",-0.666717664657056,-0.478639363804791,-0.188078300852265
"2413",-0.604671104636601,-0.490987526046043,-0.113683578590559
"2414",-0.717710909458087,-0.532003307028141,-0.185707602429946
"2415",-0.610354999823394,-0.52064787353117,-0.0897071262922235
"2416",-0.53071204247495,-0.603154030697523,0.0724419882225726
"2417",-1.16535727823314,-1.03071737002862,-0.134639908204523
"2418",-0.512206265189779,-0.600046814728902,0.0878405495391235
"2419",-0.320055060515738,-0.501671959356432,0.181616898840693
"2420",-0.370374488186428,-0.509242475851288,0.13886798766486
"2421",-0.614112823730924,-0.926481914731156,0.312369091000233
"2422",-0.544826512673636,-0.509242475851288,-0.0355840368223488
"2423",-0.439291531798568,-0.645017187790637,0.205725655992069
"2424",-0.442447736122908,-0.470587080274417,0.0281393441515094
"2425",-1.23821005312914,-0.843344561589906,-0.394865491539234
"2426",-0.419594471585594,-0.748749364303648,0.329154892718054
"2427",-0.434743075796609,-0.46432886462113,0.0295857888245212
"2428",-0.44048368193336,-0.454410914118599,0.0139272321852388
"2429",-0.940619516540778,-0.809237953176186,-0.131381563364593
"2430",-0.441796197949024,-0.809237953176186,0.367441755227161
"2431",-1.02989703058779,-1.02473601591737,-0.00516101467041619
"2432",-0.419594471585594,-0.649629054026066,0.230034582440473
"2433",-0.550059478627924,-0.353654496136772,-0.196404982491152
"2434",-0.718969874238433,-0.46432886462113,-0.254641009617303
"2435",-0.706635576857637,-0.763612025970565,0.0569764491129279
"2436",-1.29502160382775,-1.25023174203949,-0.0447898617882636
"2437",-0.290150963693076,-0.355974934215581,0.065823970522505
"2438",-0.274360751724828,-0.468184759651835,0.193824007927007
"2439",-0.880285065032242,-0.314484538181492,-0.56580052685075
"2440",-0.526076079012133,-1.55247260733898,1.02639652832684
"2441",-0.334658234901863,-0.462326649027864,0.127668414126001
"2442",-0.569969020948363,-0.599195881262013,0.0292268603136501
"2443",-0.969114663471008,-0.621603013829787,-0.347511649641222
"2444",-0.334658234901863,-0.408422345160681,0.0737641102588178
"2445",-0.64580415662678,-0.678986706725055,0.0331825500982754
"2446",-0.564120389660824,-0.367489968124021,-0.196630421536803
"2447",-0.664961932129275,-0.703548019063684,0.0385860869344095
"2448",-0.331977727443754,-0.653962540169147,0.321984812725392
"2449",-0.331189503998429,-0.825434549531066,0.494245045532637
"2450",-0.405314847420682,-0.393938679810452,-0.01137616761023
"2451",-0.409620583592692,-0.468947039856692,0.0593264562640003
"2452",-0.521703466719681,-0.694077902882756,0.172374436163075
"2453",-0.733875582237833,-0.725379431010452,-0.00849615122738179
"2454",-0.744119334042538,-0.782449585979922,0.038330251937384
"2455",-1.36498022193556,-1.1922338674817,-0.172746354453869
"2456",-1.36091074459612,-1.20332786776555,-0.157582876830565
"2457",-0.320913535915294,-0.468947039856692,0.148033503941398
"2458",-0.900192664126699,-0.621152763451214,-0.279039900675485
"2459",-0.342445214920882,-0.50468820118886,0.162242986267978
"2460",-0.94049501352618,-0.653962540169147,-0.286532473357034
"2461",-0.553506026721053,-0.459389385920848,-0.0941166408002045
"2462",-0.431883468504381,-0.767523292395937,0.335639823891556
"2463",-0.428761951836224,-0.352687859726706,-0.0760740921095175
"2464",-0.926836366363934,-0.638787568532068,-0.288048797831865
"2465",-0.331977727443754,-0.618901073855588,0.286923346411833
"2466",-0.314894898570923,-0.37629545759502,0.0614005590240971
"2467",-0.623944104602932,-0.989766309267438,0.365822204664505
"2468",-0.314894898570923,-0.40222727691869,0.0873323783477664
"2469",-0.407072691794693,-0.543201990231732,0.136129298437039
"2470",-1.11207650345196,-1.14357856273048,0.0315020592785151
"2471",-0.778503093839304,-1.30719180196615,0.528688708126849
"2472",-0.426848896231449,-0.414248898365519,-0.0125999978659301
"2473",-0.779023209521625,-1.33550398557967,0.556480776058046
"2474",-0.637150230285608,-0.388863815311971,-0.248286414973637
"2475",-0.302511020103656,-0.510746003412821,0.208234983309166
"2476",-0.275616811835926,-0.71908394096674,0.443467129130815
"2477",-0.574887257875827,-0.331915440695917,-0.24297181717991
"2478",-0.422503429090006,-0.486186074233213,0.0636826451432073
"2479",-1.06538258259275,-0.590776869699532,-0.474605712893221
"2480",-0.422503429090006,-0.486217593470514,0.0637141643805075
"2481",-0.290067032123424,-0.412890055069773,0.122823022946348
"2482",-1.06538258259275,-0.991699144510843,-0.0736834380819102
"2483",-0.254287649678348,-0.712662121204651,0.458374471526303
"2484",-1.49374019014339,-1.38616499270526,-0.107575197438127
"2485",-0.314894898570923,-0.409996596850039,0.095101698279116
"2486",-0.199143253120624,-0.254412307458093,0.0552690543374688
"2487",-0.600733806769782,-0.583623911665491,-0.0171098951042916
"2488",-0.524566462114087,-0.161495015426819,-0.363071446687267
"2489",-1.03175036272684,-1.02644426179017,-0.00530610093666706
"2490",-2.69605832881978,-0.456248833514473,-2.23980949530531
"2491",-0.0984576036814708,-1.00575096805181,0.907293364370336
"2492",-1.88420343508554,-0.340986380041466,-1.54321705504407
"2493",-0.640209322363769,-0.46184671976563,-0.178362602598139
"2494",-0.644848620571701,-1.01929944499519,0.37445082442349
"2495",-0.749044872614912,-0.5994567694688,-0.149588103146113
"2496",-0.644848620571701,-1.90294205148847,1.25809343091677
"2497",-0.782957242377758,-1.02644426179017,0.243487019412412
"2498",-0.472268247641732,-0.59967342228472,0.127405174642989
"2499",-0.261338995606192,-0.254412307458093,-0.00692668814809849
"2500",-0.75752470740942,-1.31507640897464,0.557551701565218
"2501",-0.524566462114087,-0.604833370841013,0.0802669087269265
"2502",-0.485367738216989,-0.467435739161994,-0.0179319990549951
"2503",-0.375365876250327,-0.604833370841013,0.229467494590686
"2504",-0.371308522279973,-0.990011081538864,0.618702559258891
"2505",-0.569822969782161,-1.02644426179017,0.45662129200801
"2506",-0.644848620571701,-0.349554851116759,-0.295293769454942
"2507",-0.300106785819023,-0.262183765453013,-0.0379230203660095
"2508",-0.488871071124134,-0.349554851116759,-0.139316220007375
"2509",-0.397054517994444,-0.466038455118151,0.0689839371237078
"2510",-1.23579719850922,-0.59967342228472,-0.636123776224498
"2511",-1.20624862898369,-0.340986380041466,-0.865262248942226
"2512",-0.397054517994444,-0.46184671976563,0.0647922017711862
"2513",-0.318985782681138,-0.441184414838408,0.12219863215727
"2514",-0.448292121000582,-0.711859189345423,0.263567068344841
"2515",-0.231956242196205,-0.389865801503189,0.157909559306984
"2516",-1.1047910672972,-1.16076070902744,0.0559696417302344
"2517",-0.347603498000273,-0.652865184730699,0.305261686730426
"2518",-0.843507742106956,-0.491138937662797,-0.35236880444416
"2519",-0.807437492631742,-0.420293826897199,-0.387143665734543
"2520",-0.154256787305549,-0.648920457721754,0.494663670416205
"2521",-0.462902086013277,-1.11458646630913,0.651684380295857
"2522",-1.18443090264603,-0.371845390553843,-0.812585512092183
"2523",-0.590589653808633,-0.980353951980851,0.389764298172217
"2524",-0.597008296836594,-0.355239343048625,-0.241768953787969
"2525",-0.446149476891584,-0.740599681018093,0.294450204126509
"2526",-0.402389976560231,-0.5471790108475,0.144789034287268
"2527",-1.06713927205334,-0.980353951980851,-0.0867853200724849
"2528",-1.41901288216457,-1.55342258498455,0.134409702819983
"2529",-0.224521028915818,-0.73314323790022,0.508622208984401
"2530",-0.231447131841197,-0.512990834391452,0.281543702550255
"2531",-0.425161507224399,-0.502582068379411,0.0774205611550123
"2532",-1.05121723878917,-1.44604768786689,0.394830449077713
"2533",-0.433595071413698,-0.980353951980851,0.546758880567153
"2534",-0.878160085956916,-0.732988997212455,-0.14517108874446
"2535",-0.306686672313139,-0.508519149967451,0.201832477654312
"2536",-0.216509190390804,-0.587667603585282,0.371158413194478
"2537",-0.750205581517637,-0.992781527629115,0.242575946111478
"2538",-0.610187637061413,-0.559491216563737,-0.0506964204976761
"2539",-0.198464124147055,-0.672821388073898,0.474357263926843
"2540",-0.553439413682867,-0.916876398243859,0.363436984560992
"2541",-0.202941772098979,-0.503248810564266,0.300307038465286
"2542",-1.90464111747603,-0.908651787513509,-0.995989329962519
"2543",-0.287335882838518,-0.527010066246602,0.239674183408084
"2544",-0.294650195803829,-0.632173983672604,0.337523787868775
"2545",-0.438430906681528,-0.510435369991147,0.0720044633096188
"2546",-1.49121367637577,-0.981731183631215,-0.50948249274455
"2547",-0.19959631685364,-0.617883111259606,0.418286794405966
"2548",-0.198464124147055,-0.496053119077319,0.297588994930265
"2549",-0.161197523002167,-0.54599217198226,0.384794648980093
"2550",-1.10330765286524,-0.938866902740205,-0.164440750125036
"2551",-0.528064155503121,-0.965083486070244,0.437019330567122
"2552",-0.195568384551757,-0.616326769583027,0.42075838503127
"2553",-0.434419755645717,-0.569130798575922,0.134711042930205
"2554",-0.377050406257294,-0.811079062799577,0.434028656542283
"2555",-0.415343642671565,-0.869992806356944,0.454649163685379
"2556",-0.497649466598169,-1.01461886460893,0.516969398010757
"2557",-0.415343642671565,-0.865756294295303,0.450412651623738
"2558",-1.06514834990771,-0.959826959698886,-0.105321390208819
"2559",-1.27542409786845,-0.603116883028329,-0.672307214840123
"2560",-0.629028246288739,-0.486651534475871,-0.142376711812868
"2561",-1.13555734471513,-0.781538282183903,-0.354019062531228
"2562",-0.740105854429521,-0.341276556364335,-0.398829298065186
"2563",-0.644993668053462,-0.507575491616745,-0.137418176436717
"2564",-0.644993668053462,-0.61193849860862,-0.0330551694448422
"2565",-0.448687191882439,-0.346974779340611,-0.101712412541828
"2566",-0.311396429324019,-0.386694418330418,0.0752979890063985
"2567",-0.449647473533139,-0.537173264729475,0.0875257911963354
"2568",-0.359895318931176,-0.692265537952957,0.332370219021781
"2569",-0.544613375533029,-0.95077719649612,0.406163820963092
"2570",-0.340794825148098,-0.667160902076644,0.326366076928546
"2571",-0.340794825148098,-0.757715822274833,0.416920997126735
"2572",-0.468835712539447,-1.14756118069165,0.678725468152198
"2573",-0.412121885400291,-1.04682384856452,0.634701963164227
"2574",-0.186765926208246,-0.715263179719964,0.528497253511719
"2575",-0.614347853914431,-0.503367106858973,-0.110980747055458
"2576",-1.37652681176183,-1.09921161063266,-0.27731520112917
"2577",-0.299171633776896,-0.599098752960369,0.299927119183473
"2578",-0.290959239021083,-0.46968562233135,0.178726383310267
"2579",-0.830783984442697,-0.503367106858973,-0.327416877583723
"2580",-0.612231293687945,-1.24402968115392,0.631798387465979
"2581",-1.06474710319354,-0.899467382193766,-0.165279720999778
"2582",-1.13554731204235,-0.816049380968403,-0.319497931073947
"2583",-1.35418207576619,-1.03078356797953,-0.323398507786658
"2584",-0.256040615700504,-0.33998701974229,0.0839464040417859
"2585",-1.68856982727111,-1.13724494537356,-0.551324881897549
"2586",-0.454848489098979,-0.474322352529279,0.0194738634302993
"2587",-0.433675778097573,-0.774216147679887,0.340540369582314
"2588",-0.781191480548657,-0.918650490801092,0.137459010252435
"2589",-1.12952018917722,-1.03879684578836,-0.0907233433888601
"2590",-0.72777432870405,-0.799539797783779,0.0717654690797289
"2591",-0.591577700269339,-0.286308626100857,-0.305269074168482
"2592",-1.0675627242107,-0.436770340965674,-0.630792383245029
"2593",-0.586956598541621,-0.347490509907201,-0.23946608863442
"2594",-0.980380411543452,-0.999658392789302,0.0192779812458497
"2595",-0.535827128047194,-0.248774751458818,-0.287052376588377
"2596",-0.56905254549029,-0.782230732558238,0.213178187067948
"2597",-0.391126232712375,-0.347490509907201,-0.043635722805174
"2598",-0.38791818451233,-0.354049336165909,-0.0338688483464207
"2599",-0.809300318756112,-0.39319510260413,-0.416105216151982
"2600",-0.493704959114135,-0.314555960451729,-0.179148998662406
"2601",-0.750846433170056,-1.05486566460447,0.304019231434418
"2602",-0.612173423002639,-0.757714188277927,0.145540765275288
"2603",-0.768790029539803,-0.533391159158437,-0.235398870381366
"2604",-0.695113883624439,-0.354049336165909,-0.34106454745853
"2605",-0.691184337825514,-0.478783891365012,-0.212400446460502
"2606",-0.607375970055418,-0.347490509907201,-0.259885460148218
"2607",-0.547967127531519,-0.249368876321748,-0.298598251209771
"2608",-1.11385934045886,-1.34780270724472,0.233943366785856
"2609",-1.00630804086022,-1.30975193110182,0.303443890241603
"2610",-0.973167835459162,-0.533391159158437,-0.439776676300726
"2611",-0.879922802632152,-0.4342964051783,-0.445626397453851
"2612",-0.47462881372388,-0.450443404358236,-0.0241854093656446
"2613",-0.95475062995237,-0.61730787582213,-0.33744275413024
"2614",-0.365747157394532,-0.427442329246817,0.0616951718522847
"2615",-0.42509950100086,-1.33149084880926,0.906391347808401
"2616",-0.404104170328737,-0.750528828514724,0.346424658185987
"2617",-0.430470316817479,-0.193702931153128,-0.236767385664351
"2618",-0.430470316817479,-0.770850932134604,0.340380615317125
"2619",-0.365747157394532,-0.819058050199144,0.453310892804613
"2620",-1.31923465411721,-0.416035077526439,-0.903199576590775
"2621",-0.435177109070544,-0.417809298396831,-0.0173678106737132
"2622",-1.09736092176158,-1.04941457769978,-0.0479463440617947
"2623",-1.10433223303115,-0.708845209679643,-0.395487023351504
"2624",-0.447222529086793,-0.151631919652777,-0.295590609434016
"2625",-0.389224516172487,-0.338365404096189,-0.0508591120762985
"2626",-0.447222529086793,-0.194316014237033,-0.25290651484976
"2627",-0.375681019936907,-0.251611810826828,-0.124069209110078
"2628",-1.29747097127265,-0.566542846414093,-0.73092812485856
"2629",-0.389489308119978,-0.198033853058543,-0.191455455061434
"2630",-0.279903639241565,-0.364755849042825,0.0848522098012596
"2631",-0.361621656276142,-0.357834245296878,-0.00378741097926394
"2632",-0.226105419158127,-0.39172842717984,0.165623008021712
"2633",-0.488095031472326,-0.607418680339102,0.119323648866775
"2634",-1.12396327194101,-0.629215700407306,-0.494747571533702
"2635",-0.630219100984856,-1.390631516481,0.760412415496146
"2636",-0.537123622946937,-0.990698032720729,0.453574409773792
"2637",-0.081501647917932,-0.241926675438474,0.160425027520542
"2638",-0.421507950522935,-0.364755849042825,-0.05675210148011
"2639",-1.07787077952127,-0.593894740851555,-0.483976038669718
"2640",-0.276722677972828,-0.468880648012818,0.19215797003999
"2641",-0.235547859988092,-0.363070513585254,0.127522653597162
"2642",-0.363181901873884,-0.261258554892814,-0.10192334698107
"2643",-0.771208804652955,-0.466337792295228,-0.304871012357728
"2644",-0.276722677972828,-0.986969003344695,0.710246325371867
"2645",-1.75656254320039,-0.334088388933273,-1.42247415426711
"2646",-0.361621656276142,-1.23444021433821,0.872818558062066
"2647",-0.527385977425568,-1.62630762657701,1.09892164915144
"2648",-0.936470635547801,-0.25998613464423,-0.676484500903571
"2649",-0.119186881050247,-0.473912088258216,0.354725207207969
"2650",-0.165850921263942,-1.31785084083763,1.15199991957369
"2651",-0.393026615215023,-0.463888029771539,0.0708614145565161
"2652",-1.19252475648979,-1.0553880450238,-0.137136711465983
"2653",-0.143436049268116,-0.287862348058043,0.144426298789927
"2654",-0.765006148934196,-0.991105772577773,0.226099623643577
"2655",-0.419864365454361,-0.218970217473082,-0.20089414798128
"2656",-0.1119151866545,-0.2532451733389,0.141329986684401
"2657",-0.222497534670449,-0.173395149019809,-0.0491023856506398
"2658",-2.16528861626038,-1.05516498941825,-1.11012362684212
"2659",-0.582515649583272,-0.467701184420762,-0.114814465162509
"2660",-0.434368002681337,-0.264775546563373,-0.169592456117964
"2661",-0.204586650616449,-0.152377040107464,-0.0522096105089851
"2662",-1.34880025130653,-0.265296929653418,-1.08350332165311
"2663",-1.65268657459187,-0.452149093180643,-1.20053748141122
"2664",-0.398096506349639,-0.285700005563475,-0.112396500786164
"2665",-0.335753549576737,-0.252392848944009,-0.0833607006327286
"2666",-0.412346103832268,-0.194592277542162,-0.217753826290107
"2667",-0.106563736705811,-0.192915937207353,0.0863522005015422
"2668",-0.219873342180056,-0.11051691480197,-0.109356427378087
"2669",-0.489001004949906,-0.46866821084718,-0.0203327941027265
"2670",-0.996838012170333,-1.0643728848634,0.0675348726930638
"2671",-0.455770078146052,-0.462800659163223,0.00703058101717158
"2672",-0.323321253499746,-0.0689105678875741,-0.254410685612172
"2673",-0.201820121831307,-0.192915937207353,-0.00890418462395459
"2674",-0.999842361184468,-1.08556665722993,0.0857242960454601
"2675",-1.25257852523166,-0.996964850766799,-0.255613674464861
"2676",-0.306522722989802,-0.260865071646109,-0.0456576513436939
"2677",-0.546321949507794,-0.46866821084718,-0.0776537386606142
"2678",-0.245031249234895,-0.148765334343496,-0.0962659148913989
"2679",-0.187633252030171,-0.168116642230364,-0.0195166097998065
"2680",-0.434368002681337,-0.477348413413918,0.0429804107325813
"2681",-0.521208718781041,-0.452149093180643,-0.0690596256003975
"2682",-0.212617451437591,-0.0922117964326699,-0.120405655004921
"2683",-1.2724992775625,-1.05226581492429,-0.220233462638212
"2684",-1.05669077356886,-0.958366083261964,-0.0983246903068995
"2685",-1.54576633548309,-1.29616795776124,-0.249598377721852
"2686",-0.635798155589861,-1.14299616621593,0.507198010626067
"2687",-0.730282151263105,-0.921757507575811,0.191475356312706
"2688",-0.933231273851021,-0.648472154011379,-0.284759119839642
"2689",-0.789151130229409,-0.672694071888347,-0.116457058341062
"2690",-0.555831231995429,-0.405838850159353,-0.149992381836077
"2691",-0.499190538494191,-0.390817409297172,-0.108373129197019
"2692",-0.92644172497018,-0.648472154011379,-0.277969570958801
"2693",-1.18464277912417,-0.954148073366092,-0.230494705758078
"2694",-0.789151130229409,-0.740195731682173,-0.0489553985472355
"2695",-0.719704299150005,-0.507197639483028,-0.212506659666977
"2696",-0.708859885378317,-0.441791475085488,-0.267068410292829
"2697",-1.11363638451294,-0.747079780245821,-0.366556604267116
"2698",-1.10208783009553,-1.299623152035,0.197535321939468
"2699",-0.534462693049461,-0.261384207508046,-0.273078485541415
"2700",-0.806740864631815,-0.552157546754595,-0.25458331787722
"2701",-0.450920572743888,-0.393772933213728,-0.05714763953016
"2702",-0.667277135168796,-1.09786522335425,0.430588088185453
"2703",-0.950946444854989,-0.95865101565169,0.00770457079670095
"2704",-0.747767124650481,-0.574720671093591,-0.173046453556889
"2705",-0.555831231995429,-0.405838850159353,-0.149992381836077
"2706",-0.949794677013213,-1.31383406322898,0.364039386215767
"2707",-0.407575765185983,-0.425980051958581,0.018404286772598
"2708",-0.546478303249606,-0.718622284751167,0.17214398150156
"2709",-0.622480681085734,-0.393772933213728,-0.228707747872006
"2710",-0.115265970216479,-0.129040815279971,0.0137748450634927
"2711",-0.214609628456339,-0.21890298200257,0.00429335354623106
"2712",-1.065019132776,-0.6203797756403,-0.444639357135697
"2713",-0.799220617813265,-0.438473113382924,-0.360747504430341
"2714",-0.802261940524634,-0.31958017455309,-0.482681765971544
"2715",-0.605845412659131,-0.767999166951851,0.16215375429272
"2716",-1.10336610720568,-1.03693856247202,-0.0664275447336626
"2717",-0.301488899012219,-0.343787669626031,0.0422987706138116
"2718",-0.214609628456339,-0.447687487077024,0.233077858620685
"2719",-0.306517523153087,-1.07394167397096,0.767424150817869
"2720",-0.594775795258879,-0.632214816277347,0.0374390210184687
"2721",-1.44312081839144,-1.28197509974056,-0.161145718650881
"2722",-0.269435560839113,-0.39534385311122,0.125908292272107
"2723",-0.301525822328539,-0.44800034516052,0.146474522831981
"2724",-1.77199952101729,-1.57123234697745,-0.200767174039841
"2725",-0.24797660279321,-0.412121430423462,0.164144827630252
"2726",-0.436197538515304,-0.336894156503993,-0.0993033820113114
"2727",-0.417984734150124,-0.44464295041717,0.0266582162670455
"2728",-0.299227409134026,-0.387401851013622,0.0881744418795956
"2729",-0.32895277391374,-0.660043052198409,0.331090278284669
"2730",-0.130327425362369,-0.174227580465551,0.0439001551031826
"2731",-0.436197538515304,-0.452860277570872,0.016662739055568
"2732",-0.212343798804314,-0.309626644997402,0.0972828461930879
"2733",-0.832291619230834,-0.758034591019217,-0.0742570282116173
"2734",-1.065019132776,-1.62658233474344,0.561563201967441
"2735",-0.311175164801189,-0.199188197172033,-0.111986967629156
"2736",-0.392565279892671,-0.496704670944319,0.104139391051648
"2737",-0.999808810834798,-0.494243808796912,-0.505565002037886
"2738",-0.53776390140393,-0.353300974243075,-0.184462927160855
"2739",-1.36860231384996,-1.03831179254053,-0.330290521309434
"2740",-0.499189544183242,-0.343959017754324,-0.155230526428918
"2741",-0.309415572108437,-0.324211628527354,0.0147960564189171
"2742",-1.32379189269468,-0.448577015245485,-0.87521487744919
"2743",-0.422313407368243,-1.88042118524369,1.45810777787545
"2744",-1.01218101941098,-1.0175931943261,0.00541217491511947
"2745",-0.748173463544705,-0.343959017754324,-0.404214445790381
"2746",-0.499189544183242,-0.323799514667028,-0.175390029516214
"2747",-0.337460550363812,-0.4370361046701,0.0995755543062886
"2748",-0.866434178226042,-0.151832990276786,-0.714601187949256
"2749",-0.499189544183242,-0.510950627466292,0.0117610832830506
"2750",-0.422313407368243,-0.34342386534091,-0.0788895420273334
"2751",-1.70074761695321,-0.462001159470772,-1.23874645748244
"2752",-0.21948801908322,-0.146881725114389,-0.0726062939688319
"2753",-0.63378762380753,-0.343959017754324,-0.289828606053206
"2754",-0.317900143174564,-0.165436815624536,-0.152463327550027
"2755",-0.801069333326954,-1.00812891966848,0.207059586341529
"2756",-0.334528822154502,-0.297634589127536,-0.0368942330269668
"2757",-0.653361298756518,-1.23428763097754,0.580926332221024
"2758",-0.627761602468325,-0.146881725114389,-0.480879877353937
"2759",-0.995563748514012,-0.484286358217315,-0.511277390296697
"2760",-0.459588802516386,-0.957468885721063,0.497880083204677
"2761",-1.01218101941098,-0.513977415328791,-0.49820360408219
"2762",-0.218256702159451,-0.215010074521386,-0.00324662763806494
"2763",-1.0454016961614,-1.04185187480864,-0.00354982135275694
"2764",-0.418308957310957,-0.319809993621464,-0.0984989636894937
"2765",-0.843098330106812,-0.319809993621464,-0.523288336485349
"2766",-0.478788924615036,-0.35187325690033,-0.126915667714706
"2767",-0.603412713625954,-2.05785557807467,1.45444286444872
"2768",-0.271387956665759,-0.336126978165589,0.0647390214998298
"2769",-0.416648219664179,-0.324196108597313,-0.0924521110668657
"2770",-1.11003642409728,-0.815178057573579,-0.294858366523701
"2771",-0.121043335392056,-0.815178057573579,0.694134722181524
"2772",-0.314973883644985,-0.448800002007274,0.133826118362289
"2773",-0.144011000163202,-0.44824244505046,0.304231444887258
"2774",-1.88777203914019,-0.430564218952937,-1.45720782018726
"2775",-0.362053084780759,-0.269914092053943,-0.0921389927268157
"2776",-1.13250943461704,-0.32156217775134,-0.810947256865698
"2777",-0.362053084780759,-1.00772021050703,0.645667125726268
"2778",-0.608612856576615,-0.431804971707731,-0.176807884868884
"2779",-0.612185729298807,-0.321029143245384,-0.291156586053424
"2780",-1.07661440015191,-0.547413957177756,-0.52920044297415
"2781",-0.166695087365689,-0.17389955578032,0.00720446841463129
"2782",-0.329949298165126,-0.547413957177756,0.217464659012631
"2783",-0.33904729214542,-0.321029143245384,-0.0180181489000359
"2784",-0.201653276441643,-0.440666505383379,0.239013228941736
"2785",-0.166695087365689,-0.450768371856243,0.284073284490554
"2786",-1.39558642266411,-1.74151224370187,0.345925821037761
"2787",-0.979969588919872,-0.522093471197938,-0.457876117721933
"2788",-0.76448566875032,-0.925897437531934,0.161411768781615
"2789",-1.04657451019777,-0.74407100156904,-0.302503508628727
"2790",-1.0063536577114,-1.19462041447953,0.188266756768129
"2791",-0.374680892413155,-0.925897437531934,0.551216545118779
"2792",-0.60437051527764,-1.02564942488274,0.421278909605095
"2793",-0.363933157684433,-0.704679901710074,0.340746744025641
"2794",-0.943559309423073,-0.776071735820435,-0.167487573602638
"2795",-0.460796933000828,-0.475258663978629,0.0144617309778008
"2796",-0.468618294071504,-0.313588118027733,-0.155030176043772
"2797",-0.668463019499561,-1.02564942488274,0.357186405383175
"2798",-0.579996566815432,-1.03133173502512,0.451335168209685
"2799",-1.25734893932639,-0.460552660701675,-0.796796278624718
"2800",-0.763367903711823,-0.85352827536728,0.0901603716554567
"2801",-0.283993212337576,-0.454097761876187,0.170104549538611
"2802",-0.60437051527764,-0.480584827658164,-0.123785687619477
"2803",-0.741635396454689,-0.743875844191764,0.00224044773707455
"2804",-0.511449254558861,-0.502576071440236,-0.00887318311862462
"2805",-0.454995963154598,-0.459121819272952,0.00412585611835414
"2806",-0.996364651895355,-0.548932257892155,-0.4474323940032
"2807",-0.470519782655355,-0.675432575066642,0.204912792411287
"2808",-1.21762656498734,-0.726311017085168,-0.491315547902168
"2809",-1.29499050069453,-0.728609041768945,-0.566381458925584
"2810",-0.460796933000828,-0.475258663978629,0.0144617309778008
"2811",-0.236151658088556,-0.459121819272952,0.222970161184397
"2812",-0.873318571567808,-0.365724270471699,-0.50759430109611
"2813",-0.404994654362368,-0.243849793293546,-0.161144861068823
"2814",-0.586534637813835,-0.622283482682167,0.0357488448683316
"2815",-0.706365086272262,-0.42869338794194,-0.277671698330322
"2816",-0.211834633632673,-0.193730499918013,-0.0181041337146599
"2817",-0.681004432061333,-0.596306207672296,-0.0846982243890366
"2818",-0.327536495764852,-0.365724270471699,0.0381877747068469
"2819",-0.723095254767893,-0.723642467290595,0.000547212522702623
"2820",-0.327536495764852,-0.353487517183126,0.0259510214182743
"2821",-0.339811129970127,-0.365724270471699,0.0259131405015713
"2822",-0.33168741267393,-0.341731075715355,0.0100436630414249
"2823",-0.696620258787284,-1.05371429855703,0.357094039769741
"2824",-1.13920719324534,-1.28818859183069,0.148981398585343
"2825",-0.706365086272262,-0.800381853442294,0.0940167671700314
"2826",-0.680101711110582,-0.60446130756227,-0.0756404035483111
"2827",-0.883170083705379,-0.900949064576839,0.0177789808714595
"2828",-0.854305328282953,-1.28818859183069,0.433883263547734
"2829",-1.06514646822168,-1.05371429855703,-0.0114321696646495
"2830",-0.719734389257826,-0.596306207672296,-0.123428181585529
"2831",-0.240800851269997,-0.296912501843577,0.0561116505735804
"2832",-0.252930359832941,-0.277023841713648,0.0240934818807066
"2833",-0.50093660226168,-0.68492355647235,0.18398695421067
"2834",-0.292958559586156,-0.26399177662509,-0.0289667829610654
"2835",-0.339553795204416,-0.68492355647235,0.345369761267935
"2836",-1.02319006162704,-0.701438993790026,-0.321751067837016
"2837",-0.421119906030274,-0.432303446028055,0.0111835399977815
"2838",-1.42670714765817,-1.30036149562556,-0.126345652032612
"2839",-0.660604281982281,-0.723609101733051,0.0630048197507698
"2840",-0.421119906030274,-0.28355805473929,-0.137561851290984
"2841",-0.328008285245554,-0.502799185772774,0.17479090052722
"2842",-0.40961156718216,-0.254242803898455,-0.155368763283705
"2843",-0.572771892498932,-0.436264632113751,-0.136507260385181
"2844",-0.582101878572068,-0.752430125676276,0.170328247104208
"2845",-0.572771892498932,-0.137228088282784,-0.435543804216148
"2846",-0.793792604099803,-0.440124063112889,-0.353668540986914
"2847",-0.389158210511411,-0.430175523286022,0.0410173127746107
"2848",-0.389158210511411,-0.759198248101957,0.370040037590546
"2849",-0.195842479581815,-0.442744250681943,0.246901771100128
"2850",-0.479559491942299,-1.29472334332379,0.815163851381494
"2851",-1.00018050884681,-0.758252835225042,-0.241927673621765
"2852",-0.215138567850218,-0.28355805473929,0.0684194868890717
"2853",-0.320114506056675,-0.928452491480456,0.608337985423781
"2854",-1.4096891153314,-0.595383776869793,-0.814305338461604
"2855",-0.722029123032105,-0.412934978237337,-0.309094144794767
"2856",-0.13848722640852,-0.304297610062457,0.165810383653937
"2857",-0.250267168112153,-0.32293105580792,0.072663887695767
"2858",-0.286699012301018,-0.163384760051605,-0.123314252249413
"2859",-0.359421164469362,-0.32293105580792,-0.0364901086614422
"2860",-1.05215611016437,-0.482673875016739,-0.569482235147635
"2861",-1.06651265458938,-0.466185411832888,-0.600327242756496
"2862",-0.450574359583808,-0.46248843950703,0.0119140799232227
"2863",-1.04136532495263,-0.477456313714839,-0.563909011237789
"2864",-1.02427821002152,-1.07172683787311,0.0474486278515878
"2865",-0.359574718952899,-0.0757699233030937,-0.283804795649806
"2866",-0.172346747612114,-0.180211916602333,0.00786516899021983
"2867",-1.39083438612433,-1.53496509385303,0.144130707728706
"2868",-0.752343175800205,-0.482673875016739,-0.269669300783466
"2869",-0.529274821704011,-0.477456313714839,-0.0518185079891715
"2870",-0.209209418203555,-0.249902410809048,0.0406929926054929
"2871",-0.480178631253334,-0.460593944611973,-0.0195846866413616
"2872",-0.435366374495077,-0.458618877339998,0.0232525028449215
"2873",-0.13264889946246,-0.101624783733584,-0.0310241157288758
"2874",-0.671039603516341,-0.256031862443615,-0.415007741072726
"2875",-0.319493536943535,-0.453581375375147,0.134087838431611
"2876",-0.964097657097485,-0.458618877339998,-0.505478779757486
"2877",-0.480178631253334,-0.481948102789703,0.00176947153636853
"2878",-0.38171911996066,-0.321711207621965,-0.0600079123386941
"2879",-0.36538166500356,-0.455937656347784,0.0905559913442238
"2880",-1.31333071728625,-0.774767143683333,-0.538563573602918
"2881",-0.774765466147608,-0.702028859119133,-0.0727366070284745
"2882",-1.23722684270901,-1.01609523936541,-0.221131603343602
"2883",-0.321305633694668,-0.746056841563935,0.424751207869267
"2884",-0.306187538280341,-0.455937656347784,0.149750118067443
"2885",-0.44236944975869,-0.314260822569195,-0.128108627189495
"2886",-0.387279613687021,-0.746056841563935,0.358777227876915
"2887",-0.447598172080347,-0.702028859119133,0.254430687038786
"2888",-0.568752849059297,-0.460894694562517,-0.107858154496781
"2889",-0.446665927561414,-0.927693427589443,0.481027500028029
"2890",-1.02097813512229,-0.603108255552021,-0.417869879570264
"2891",-0.774765466147608,-1.13705920867569,0.362293742528085
"2892",-0.95534269354707,-0.681238793254761,-0.274103900292309
"2893",-0.732925517195275,-0.68267350671344,-0.0502520104818345
"2894",-1.31333071728625,-1.01398121833824,-0.299349498948015
"2895",-0.470661416168911,-0.463963705545318,-0.00669771062359281
"2896",-1.02865408699233,-0.543551316670229,-0.485102770322101
"2897",-1.02097813512229,-0.737380916782339,-0.283597218339946
"2898",-0.762647430035308,-1.12444018302853,0.361792752993225
"2899",-0.528364135898332,-0.774094926387609,0.245730790489278
"2900",-0.617690686063161,-0.774094926387609,0.156404240324449
"2901",-1.40822707346548,-1.03503618415368,-0.373190889311799
"2902",-1.3860841020999,-1.04099913162065,-0.345084970479254
"2903",-0.425118626863385,-0.873116682161972,0.447998055298587
"2904",-0.898953841618964,-0.474787262281866,-0.424166579337099
"2905",-0.59442900079295,-0.450560797019666,-0.143868203773285
"2906",-0.313240643109765,-0.446081899006271,0.132841255896506
"2907",-0.320773895884916,-0.856234141553565,0.535460245668649
"2908",-0.320773895884916,-0.356529572983269,0.0357556770983534
"2909",-0.372022683484983,-0.288483578373643,-0.0835391051113392
"2910",-0.59442900079295,-1.00531839708492,0.410889396291974
"2911",-1.04112674991668,-0.540679933656583,-0.500446816260098
"2912",-0.456008286050034,-0.44650735000614,-0.00950093604389401
"2913",-0.522552816879923,-0.604224089531281,0.0816712726513584
"2914",-0.320773895884916,-0.449857351524218,0.129083455639303
"2915",-0.543468126748136,-0.452787299055179,-0.0906808276929576
"2916",-0.796385345071276,-0.437303007983562,-0.359082337087714
"2917",-1.03421401200728,-1.46592155589937,0.431707543892089
"2918",-0.307321373348044,-0.433651141371572,0.126329768023528
"2919",-0.328173294040615,-0.508668775354287,0.180495481313672
"2920",-0.615100046736032,-0.656252848157736,0.0411528014217044
"2921",-0.802495612757416,-0.787021059120951,-0.0154745536364649
"2922",-0.802495612757416,-1.08034563344312,0.277850020685704
"2923",-0.774866364512175,-0.946509158793056,0.17164279428088
"2924",-0.299970800309178,-0.29190157138637,-0.0080692289228077
"2925",-0.780807609462613,-1.06045497182792,0.27964736236531
"2926",-0.642267022667107,-0.469693662017716,-0.172573360649391
"2927",-0.629335663425476,-0.329770178194655,-0.29956548523082
"2928",-0.293795690028871,-0.37015068181918,0.0763549917903097
"2929",-0.270456101221081,-0.269234406613899,-0.00122169460718169
"2930",-0.438649625022946,-0.150520171859656,-0.288129453163291
"2931",-0.563626254673555,-0.524988047485145,-0.0386382071884102
"2932",-0.563626254673555,-1.05302068473105,0.489394430057498
"2933",-0.300414225272887,-0.153938139794652,-0.146476085478235
"2934",-0.284970996088726,-0.311635655160561,0.0266646590718356
"2935",-0.300414225272887,-0.280581949534136,-0.019832275738751
"2936",-2.66026669368965,-2.71261173696173,0.0523450432720809
"2937",-0.546679519833954,-1.05349307949913,0.506813559665178
"2938",-0.260919276503868,-0.169677026593662,-0.0912422499102057
"2939",-0.426212554171892,-0.425104023186451,-0.00110853098544084
"2940",-0.517837522525323,-0.517020456074523,-0.000817066450800041
"2941",-0.293795690028871,-0.559296606807731,0.26550091677886
"2942",-0.276949186546121,-0.329770178194655,0.0528209916485345
"2943",-0.426212554171892,-0.444491484671086,0.0182789304991937
"2944",-0.270456101221081,-0.244915806819479,-0.0255402944016012
"2945",-0.526249709214226,-0.537101502198894,0.0108517929846679
"2946",-1.54322929402205,-0.559296606807731,-0.983932687214315
"2947",-0.473909380384675,-0.559296606807731,0.0853872264230562
"2948",-0.209292862398163,-0.434561521156347,0.225268658758184
"2949",-1.3944719707734,-0.2497582521673,-1.1447137186061
"2950",-1.01642248355446,-0.567994582577841,-0.448427900976616
"2951",-0.531419187866951,-1.01638816057352,0.484968972706569
"2952",-1.03565351767613,-0.373236116274749,-0.662417401401378
"2953",-0.451285358822901,-0.437170123000841,-0.01411523582206
"2954",-1.05564611459563,-0.627361215667335,-0.428284898928298
"2955",-0.233375663685718,-0.450711073531791,0.217335409846072
"2956",-0.438496140590331,-0.861982567238944,0.423486426648613
"2957",-0.244626598227457,-0.812821049948969,0.568194451721512
"2958",-0.451285358822901,-0.227873067013849,-0.223412291809051
"2959",-0.329763995790842,-0.465769918073944,0.136005922283102
"2960",-1.02511619341993,-1.01383441286284,-0.0112817805570877
"2961",-0.261310631421809,-0.289120839310574,0.0278102078887645
"2962",-0.442723206054358,-0.437433085735469,-0.00529012031888865
"2963",-0.320901785675348,-0.332285488055749,0.0113837023804013
"2964",-0.438496140590331,-0.449259807488955,0.0107636668986242
"2965",-1.29949535109633,-1.27220664458058,-0.0272887065157494
"2966",-1.03565351767613,-1.01859228116873,-0.0170612365073977
"2967",-1.18403377222552,-1.08541386566541,-0.0986199065601134
"2968",-0.603543357311016,-0.627361215667335,0.0238178583563196
"2969",-0.572024595618458,-0.599061918802373,0.0270373231839143
"2970",-0.455310760789434,-0.455920200124688,0.000609439335254258
"2971",-1.57060350509259,-1.40825253216036,-0.162350972932227
"2972",-0.453537815579801,-0.239161522856293,-0.214376292723508
"2973",-0.88617436936905,-0.451965552250465,-0.434208817118585
"2974",-0.578659047831213,-0.593737928349969,0.0150788805187565
"2975",-0.448835945777697,-0.245644389231302,-0.203191556546395
"2976",-1.07113918318576,-1.51623704858948,0.445097865403715
"2977",-1.68815307433433,-1.51315206360239,-0.175001010731941
"2978",-0.295210407509688,-0.197141054460173,-0.0980693530495147
"2979",-0.471318378536156,-0.176895424170892,-0.294422954365264
"2980",-0.23280344870833,-0.407805379927774,0.175001931219445
"2981",-0.250912124683687,-0.307205400915121,0.0562932762314343
"2982",-0.445341825944729,-0.481065007414609,0.03572318146988
"2983",-0.471318378536156,-0.32349761521798,-0.147820763318176
"2984",-0.0570763731854349,-0.0865279868420412,0.0294516136566063
"2985",-0.163128467026972,-0.197141054460173,0.0340125874332013
"2986",-0.427774682208941,-0.418121957851583,-0.00965272435735809
"2987",-0.445341825944729,-0.478151791498171,0.032809965553442
"2988",-0.238431962226077,-0.240271286147879,0.00183932392180175
"2989",-0.676203896314051,-0.309798867655434,-0.366405028658617
"2990",-0.0809599135621717,-0.178526807004562,0.0975668934423908
"2991",-0.238431962226077,-0.417022106223563,0.178590143997486
"2992",-0.238431962226077,-0.172743056326208,-0.0656889058998686
"2993",-0.452785861349943,-0.474958788018449,0.0221729266685058
"2994",-0.251844501758447,-0.266040900451612,0.0141963986931657
"2995",-0.679074441447491,-0.45190945088009,-0.227164990567401
"2996",-1.11533485456744,-1.10622000650512,-0.00911484806231844
"2997",-0.234254122873811,-0.290636442906683,0.0563823200328724
"2998",-0.68627599441776,-0.497666104196753,-0.188609890221007
"2999",-0.427774682208941,-0.401682843697567,-0.0260918385113742
"3000",-0.452785861349943,-0.481065007414609,0.0282791460646656
"3001",-0.421437200827063,-0.413149482753856,-0.00828771807320638
"3002",-0.250948779909784,-0.255236170204862,0.00428739029507774
"3003",-0.161292107312102,-0.20959160500747,0.0482994976953677
"3004",-0.306580740103191,-0.458624769124676,0.152044029021486
"3005",-0.30671398620883,-0.278300867160398,-0.028413119048432
"3006",-0.321537009916943,-0.410422166462656,0.0888851565457127
"3007",-0.314493618037371,-0.424271633084389,0.109778015047018
"3008",-0.237556895680715,-0.375230278710877,0.137673383030162
"3009",-0.162666647448528,-0.474388681994117,0.311722034545589
"3010",-0.376508876434078,-0.607994197524598,0.23148532109052
"3011",-0.777552664953446,-0.974514512857481,0.196961847904035
"3012",-1.06629409187891,-0.754286407883908,-0.312007683995001
"3013",-0.604237463638411,-1.64450612118337,1.04026865754496
"3014",-1.14686146720218,-0.468372444422377,-0.678489022779806
"3015",-0.178139974454576,-0.829706150358827,0.651566175904252
"3016",-1.08340360697705,-1.00008656654339,-0.0833170404336636
"3017",-0.611218108414244,-0.970246515374018,0.359028406959774
"3018",-0.426168730522135,-0.813135855211503,0.386967124689368
"3019",-1.07084527427227,-0.682877172122438,-0.387968102149831
"3020",-1.15916843377783,-0.274803880708429,-0.884364553069403
"3021",-0.314493618037371,-0.474388681994117,0.159895063956746
"3022",-1.08340360697705,-0.775334977721963,-0.308068629255088
"3023",-0.237556895680715,-0.472478189678828,0.234921293998113
"3024",-0.615314775324586,-0.786231836828619,0.170917061504032
"3025",-0.817087535160006,-0.695202954106235,-0.121884581053771
"3026",-1.15916843377783,-0.635531561813359,-0.523636871964474
"3027",-0.354206755902561,-0.586025649711295,0.231818893808734
"3028",-0.448745041942192,-1.00008656654339,0.551341524601196
"3029",-0.588895126020939,-0.898851924141106,0.309956798120168
"3030",-0.790978679979106,-0.688860296344665,-0.102118383634441
"3031",-0.328438480247081,-0.311161466847512,-0.0172770133995686
"3032",-0.108186203270444,-0.211663056534814,0.10347685326437
"3033",-1.31166451432665,-1.18371986907342,-0.127944645253222
"3034",-0.431498201609791,-0.442058977088554,0.0105607754787629
"3035",-0.16254433907301,-0.383327994657459,0.220783655584449
"3036",-0.651152367124093,-1.7249004899163,1.07374812279221
"3037",-0.322865667168453,-0.348277577955643,0.0254119107871897
"3038",-0.431498201609791,-0.570276996652826,0.138778795043034
"3039",-1.03480642663741,-0.978184261369111,-0.0566221652682968
"3040",-0.569849371960986,-0.688860296344665,0.119010924383679
"3041",-0.234533386749035,-0.311161466847512,0.0766280800984767
"3042",-0.432180663018428,-0.607873404649988,0.17569274163156
"3043",-0.458095144308674,-0.459091866619162,0.000996722310488529
"3044",-1.6293111112088,-1.39334865188356,-0.235962459325243
"3045",-0.240584266469762,-0.531262295060975,0.290678028591213
"3046",-0.569849371960986,-0.676717966455755,0.106868594494768
"3047",-0.879709700356772,-0.47465876849615,-0.405050931860622
"3048",-0.833813979131501,-0.778738286669199,-0.0550756924623022
"3049",-1.32216925106094,-0.58057549629902,-0.74159375476192
"3050",-0.305105190979697,-0.820017924244427,0.51491273326473
"3051",-0.840097501737696,-1.16596055927809,0.325863057540398
"3052",-1.05487478259654,-1.0159660778693,-0.0389087047272341
"3053",-0.447463303999604,-1.06221641723771,0.614753113238107
"3054",-1.04450928326668,-0.816494408899819,-0.228014874366862
"3055",-0.289233048081455,-0.794411707784274,0.505178659702819
"3056",-1.04450928326668,-0.837237369785659,-0.207271913481022
"3057",-0.288720524766203,-0.344776349954738,0.0560558251885341
"3058",-0.459229234829539,-0.455807528672456,-0.00342170615708337
"3059",-0.135598814884494,-0.245740438972762,0.110141624088268
"3060",-0.368696756097047,-0.583357495183982,0.214660739086935
"3061",-0.748829602281361,-1.02023344329403,0.271403841012665
"3062",-0.277288355669748,-0.333342191129632,0.0560538354598838
"3063",-0.526568420200521,-0.57462325686309,0.048054836662569
"3064",-0.288720524766203,-0.32656366706766,0.0378431423014565
"3065",-1.07087582453873,-0.990771580946854,-0.080104243591876
"3066",-1.05100666499835,-1.02023344329403,-0.0307732217043277
"3067",-0.304522437416514,-0.238864572417848,-0.0656578649986663
"3068",-0.257358411559938,-0.346845566404188,0.0894871548442495
"3069",-0.549938423670302,-0.583357495183982,0.0334190715136806
"3070",-0.441729426778079,-0.443365014774788,0.00163558799670849
"3071",-0.629033906445834,-0.339040203934546,-0.289993702511287
"3072",-1.86509852772703,-1.56896119308381,-0.296137334643218
"3073",-0.533013980099737,-0.597678340226508,0.0646643601267716
"3074",-0.289233048081455,-0.321445439048777,0.032212390967322
"3075",-0.489833151949295,-0.381550131167889,-0.108283020781406
"3076",-0.772479422370171,-0.381550131167889,-0.390929291202283
"3077",-0.826924447824071,-0.477266510379593,-0.349657937444478
"3078",-1.00078834330697,-0.684372173657719,-0.316416169649256
"3079",-0.652838362334915,-2.04524817724492,1.39240981491001
"3080",-0.277398066518698,-0.371551553783575,0.0941534872648768
"3081",-1.19607679759454,-1.17582027611325,-0.0202565214812909
"3082",-0.221334956630228,-0.294714513073473,0.0733795564432453
"3083",-1.02028835797604,-0.66135598596375,-0.358932372012292
"3084",-0.842682982321248,-0.72598233474062,-0.116700647580628
"3085",-0.356728685772484,-0.407527432382578,0.0507987466100941
"3086",-0.805293948248718,-0.614077731030861,-0.191216217217858
"3087",-0.34446059615203,-0.486001581728361,0.141540985576332
"3088",-0.277398066518698,-0.382869770872634,0.105471704353936
"3089",-0.345735054922193,-0.477266510379593,0.1315314554574
"3090",-0.211499325719588,-0.72598233474062,0.514483009021032
"3091",-0.194869970533729,-0.368987239735287,0.174117269201559
"3092",-0.360078126373459,-0.486001581728361,0.125923455354902
"3093",-1.94771210353488,-0.975909330302674,-0.971802773232204
"3094",-0.360078126373459,-0.714298773542755,0.354220647169296
"3095",-1.23306687290585,-0.996544965242313,-0.23652190766354
"3096",-0.436373008549199,-0.466341576243492,0.0299685676942927
"3097",-0.342402228839923,-0.779009563271783,0.43660733443186
"3098",-1.29686966951569,-0.954721926276497,-0.342147743239194
"3099",-0.652838362334915,-0.508532410244819,-0.144305952090096
"3100",-0.634045873238753,-0.59526118047022,-0.0387846927685329
"3101",-0.301472392691268,-1.05988348203316,0.758411089341893
"3102",-1.54980475251348,-0.825088486444556,-0.724716266068922
"3103",-1.25910325929402,-0.586350930393535,-0.67275232890048
"3104",-0.947474725509122,-0.664150420659873,-0.283324304849249
"3105",-0.602484944928015,-0.586350930393535,-0.0161340145344804
"3106",-0.793442262914212,-0.937411816220154,0.143969553305942
"3107",-0.602484944928015,-0.597636230670718,-0.00484871425729771
"3108",-0.367154851931415,-0.776537708401781,0.409382856470366
"3109",-0.523807707124042,-0.658369929442044,0.134562222318002
"3110",-0.427152436230616,-0.378529785112967,-0.0486226511176486
"3111",-0.288317094402698,-0.298054014032651,0.00973691962995282
"3112",-0.23862453927438,-0.358595174917133,0.119970635642753
"3113",-0.736766275299303,-0.513580944390537,-0.223185330908766
"3114",-0.431104543923031,-0.707487077988218,0.276382534065188
"3115",-0.931942519294817,-0.457004679898923,-0.474937839395894
"3116",-0.449846259704024,-0.44113596659725,-0.00871029310677418
"3117",-0.440888021907835,-0.378529785112967,-0.0623582367948678
"3118",-0.553630732121995,-0.664150420659873,0.110519688537877
"3119",-0.435080829112478,-0.239637705651322,-0.195443123461156
"3120",-1.25828319599227,-1.7674983111578,0.509215115165535
"3121",-0.263753168803847,-0.298054014032651,0.0343008452288043
"3122",-0.241939728924443,-0.367882147561075,0.125942418636632
"3123",-0.659389897220549,-0.634682424897799,-0.0247074723227501
"3124",-0.927363472559879,-0.613331334948955,-0.314032137610924
"3125",-1.29526765320507,-1.1649928812267,-0.130274771978374
"3126",-0.431486468392723,-0.329464020108877,-0.102022448283846
"3127",-0.339245837609947,-0.396326097314865,0.057080259704918
"3128",-0.392007941693696,-0.595693006881966,0.20368506518827
"3129",-1.19940289858898,-1.05564049399134,-0.143762404597646
"3130",-0.205282636426782,-0.40970914426977,0.204426507842988
"3131",-0.189595588857081,-0.68520384797881,0.495608259121729
"3132",-0.242159534814542,-0.683932848960938,0.441773314146396
"3133",-0.400070087923324,-0.427663913784774,0.0275938258614499
"3134",-0.738000839633862,-0.595693006881966,-0.142307832751897
"3135",-0.391414431849599,-0.373857264664665,-0.0175571671849344
"3136",-0.391414431849599,-0.68520384797881,0.293789416129211
"3137",-0.358639886179938,-0.468143729982432,0.109503843802494
"3138",-0.782324668167529,-1.37646048940156,0.594135821234026
"3139",-1.04851683914724,-0.889293203512688,-0.15922363563455
"3140",-1.3394195454727,-0.4640956411084,-0.875323904364298
"3141",-0.693027114171633,-0.695998854653566,0.00297174048193316
"3142",-0.611275267731417,-0.41160669682776,-0.199668570903658
"3143",-0.927363472559879,-0.396326097314865,-0.531037375245014
"3144",-0.526369677510981,-0.582817842385421,0.0564481648744399
"3145",-0.894398256157302,-0.379341855960891,-0.515056400196412
"3146",-1.01683954108163,-0.428493209538163,-0.58834633154347
"3147",-1.02193251018643,-0.969923744846525,-0.0520087653399077
"3148",-0.451859236773819,-1.23583019557355,0.783970958799735
"3149",-0.27285320013228,-0.428493209538163,0.155640009405883
"3150",-0.296015249489575,-0.480684220979311,0.184668971489736
"3151",-0.465463217601243,-0.476604480997436,0.0111412633961923
"3152",-0.446128927142923,-0.390683945057656,-0.0554449820852669
"3153",-1.00916931104209,-1.12884666508732,0.119677354045238
"3154",-1.01468707442658,-0.780630670498527,-0.234056403928054
"3155",-0.988442720260191,-0.44310461349077,-0.545338106769421
"3156",-1.01182125201497,-0.630608286180967,-0.381212965833998
"3157",-1.24839008382116,-1.46543064869081,0.217040564869648
"3158",-0.386478403758988,-0.470359152469638,0.0838807487106497
"3159",-0.372267972657835,-0.676269291171979,0.304001318514144
"3160",-0.631031828191867,-0.431267083054237,-0.19976474513763
"3161",-0.631031828191867,-0.416239352272635,-0.214792475919232
"3162",-0.896886540569922,-0.373033218830194,-0.523853321739727
"3163",-0.352191788632042,-0.6594061868696,0.307214398237558
"3164",-0.896886540569922,-0.758383972494928,-0.138502568074993
"3165",-0.218015143033655,-0.750870391642573,0.532855248608918
"3166",-0.426025497766739,-0.475718745669332,0.0496932479025931
"3167",-0.416785750878974,-0.717942200213215,0.301156449334241
"3168",-0.274117650682228,-0.730036510186605,0.455918859504377
"3169",-0.759377887177925,-1.58355245727891,0.824174570100986
"3170",-0.432792944364658,-0.487806390646581,0.0550134462819232
"3171",-0.621162407988417,-0.513107658865673,-0.108054749122744
"3172",-0.638751439119829,-0.337480759648537,-0.301270679471292
"3173",-0.367388980245822,-0.640734220853867,0.273345240608045
"3174",-0.254839716737179,-0.964085592992287,0.709245876255109
"3175",-0.542517430221434,-0.6594061868696,0.116888756648166
"3176",-0.298660107739858,-1.18886438363681,0.890204275896948
"3177",-0.565401492546222,-0.640734220853867,0.0753327283076448
"3178",-0.120588613978013,-0.325814950590351,0.205226336612338
"3179",-1.4164049133531,-1.1887449184936,-0.227659994859499
"3180",-1.08206214475617,-1.39678202835697,0.314719883600792
"3181",-0.5429132442897,-0.951844679572812,0.408931435283112
"3182",-0.613498263390877,-0.498316142569152,-0.115182120821725
"3183",-0.399349036625347,-0.750870391642573,0.351521355017226
"3184",-1.41741680216695,-1.08869106194377,-0.328725740223173
"3185",-0.406572291662416,-0.642302695022713,0.235730403360297
"3186",-0.293505267307156,-0.65403213135918,0.360526864052025
"3187",-0.406572291662416,-0.47849144248797,0.0719191508255541
"3188",-1.26840477409131,-0.576836413278313,-0.691568360812999
"3189",-0.477220634122692,-0.490825330598298,0.013604696475606
"3190",-0.98222563255394,-0.578273168426961,-0.403952464126979
"3191",-0.469166736503418,-0.671617971872328,0.20245123536891
"3192",-1.0110531512246,-0.744255819908215,-0.266797331316384
"3193",-0.571459748273703,-0.490825330598298,-0.0806344176754052
"3194",-0.753928449585508,-0.65403213135918,-0.0998963182263273
"3195",-0.478588274076659,-0.48242092737921,0.00383265330255078
"3196",-0.633521864986081,-0.796019940187287,0.162498075201206
"3197",-0.338220381321821,-0.822950791756407,0.484730410434586
"3198",-0.406572291662416,-0.477678026761706,0.0711057350992901
"3199",-1.43800382336922,-1.64800679921318,0.210002975843961
"3200",-0.561606046308337,-0.6424436866639,0.0808376403555631
"3201",-1.0056404256344,-1.0338353633888,0.0281949377543924
"3202",-0.388319752392566,-0.361639691367765,-0.026680061024801
"3203",-1.26840477409131,-0.980264153468145,-0.288140620623167
"3204",-1.25799796193619,-1.0338353633888,-0.224162598547394
"3205",-0.452349532779056,-0.302745303818613,-0.149604228960444
"3206",-0.742677973127182,-0.781470299246058,0.0387923261188758
"3207",-0.546292053123952,-0.51769076505781,-0.0286012880661417
"3208",-1.02412988812742,-1.05877404331489,0.0346441551874692
"3209",-0.726279030834437,-0.8797464190896,0.153467388255163
"3210",-1.09037200557516,-0.810414906230629,-0.279957099344534
"3211",-1.02412988812742,-0.949442582933565,-0.0746873051938586
"3212",-0.402392976837703,-0.482052852934595,0.0796598760968923
"3213",-0.403672678393018,-0.613016726476325,0.209344048083307
"3214",-0.406875937007237,-0.549406997586614,0.142531060579377
"3215",-0.87884651913581,-0.832778218941952,-0.0460683001938582
"3216",-1.08166540444205,-0.860663774733331,-0.221001629708717
"3217",-0.444895562412236,-0.49139984926451,0.046504286852274
"3218",-0.353265767164062,-0.493592890797904,0.140327123633843
"3219",-0.782685228428959,-0.690210993417145,-0.0924742350118146
"3220",-0.666948959606361,-0.4840900523415,-0.182858907264861
"3221",-0.602906154439966,-0.85328766476411,0.250381510324145
"3222",-0.74438703867862,-0.585799236783997,-0.158587801894623
"3223",-0.428350913216618,-0.792517628429408,0.36416671521279
"3224",-0.462977211843305,-0.456223094934407,-0.0067541169088976
"3225",-1.1820601340484,-0.80101747369755,-0.381042660350845
"3226",-0.644405365951513,-0.81035714474891,0.165951778797396
"3227",-0.659333636148707,-0.66159984925044,0.00226621310173325
"3228",-0.782546070802069,-0.957518178472913,0.174972107670844
"3229",-0.451354325158949,-0.48702882931172,0.0356745041527713
"3230",-0.443248126438423,-0.980907735236029,0.537659608797606
"3231",-0.871951043435845,-0.869564953327099,-0.0023860901087458
"3232",-1.32880508691602,-0.943672786252218,-0.385132300663799
"3233",-0.197526269600321,-0.462263890300382,0.264737620700061
"3234",-0.607837444907511,-0.492978787279229,-0.114858657628282
"3235",-0.815803944871994,-0.713221790167144,-0.10258215470485
"3236",-0.60263484532051,-0.655008634581842,0.0523737892613321
"3237",-0.539272921538701,-0.681999907995258,0.142726986456557
"3238",-0.623562861265503,-0.754979005061791,0.131416143796288
"3239",-0.424442586269989,-1.12967528529253,0.705232699022544
"3240",-1.01923268647656,-0.530844511350961,-0.488388175125596
"3241",-0.444825902378936,-0.916636530361936,0.471810627983
"3242",-1.05970025090075,-1.14689060946267,0.0871903585619211
"3243",-0.447650118187331,-0.704420116934936,0.256769998747605
"3244",-0.58390471239021,-0.577760852439416,-0.00614385995079392
"3245",-0.213398324119002,-0.489494153148948,0.276095829029947
"3246",-1.33211219387895,-1.12974333920478,-0.202368854674172
"3247",-0.794876846032391,-0.697671277019821,-0.0972055690125702
"3248",-0.633800814025884,-0.916636530361936,0.282835716336052
"3249",-0.586431071919829,-0.59383918200859,0.00740811008876019
"3250",-0.453430591202448,-0.681999907995258,0.22856931679281
"3251",-0.581101858404123,-0.681999907995258,0.100898049591135
"3252",-0.875081876546767,-0.492978787279229,-0.382103089267538
"3253",-0.38958709668854,-0.780531946259734,0.390944849571194
"3254",-0.41685670690167,-0.748444883672168,0.331588176770499
"3255",-0.583555526210195,-1.11742188554698,0.533866359336782
"3256",-0.59889031365244,-0.377579730534415,-0.221310583118025
"3257",-0.720093926383733,-0.649682195627696,-0.070411730756037
"3258",-0.794715877454339,-0.476422209744445,-0.318293667709894
"3259",-0.470548059824834,-0.441025966974704,-0.0295220928501303
"3260",-0.797221818653625,-0.769749793734296,-0.0274720249193292
"3261",-0.38958709668854,-0.437360060580349,0.0477729638918083
"3262",-0.62291744499648,-0.638962116098763,0.016044671102283
"3263",-0.781210735530096,-0.638962116098763,-0.142248619431333
"3264",-0.625333958856211,-0.780531946259734,0.155197987403524
"3265",-1.1549092026628,-0.775422535030278,-0.37948666763252
"3266",-0.38958709668854,-0.406873201340741,0.017286104652201
"3267",-1.02563803716219,-1.29971306460197,0.274075027439777
"3268",-0.451588617689201,-0.378536864934153,-0.073051752755048
"3269",-1.2114440510727,-1.15597454489188,-0.0554695061808159
"3270",-0.456744471877946,-0.817585767044555,0.360841295166609
"3271",-0.379902784669165,-0.500108446200644,0.12020566153148
"3272",-0.468376786954151,-0.495515923070889,0.0271391361167383
"3273",-0.880944946546923,-0.814000924829696,-0.0669440217172266
"3274",-1.05936426112202,-1.00262294775989,-0.0567413133621217
"3275",-0.543228277031509,-0.670977062844723,0.127748785813214
"3276",-0.314777671129655,-0.491313544241878,0.176535873112223
"3277",-0.726910122800053,-1.00380458555877,0.276894462758713
"3278",-0.396492811221124,-0.634498995500039,0.238006184278914
"3279",-1.79905212870132,-1.03555796137938,-0.763494167321934
"3280",-1.05936426112202,-1.00380458555877,-0.0555596755632504
"3281",-0.307979758294111,-0.755450452186361,0.44747069389225
"3282",-0.759995629315685,-0.436033721218387,-0.323961908097298
"3283",-0.320600520986181,-0.480326117213218,0.159725596227037
"3284",-0.546632858054947,-0.670977062844723,0.124344204789776
"3285",-0.52633655344021,-0.511407051359437,-0.0149295020807729
"3286",-0.560259053314195,-0.670977062844723,0.110718009530528
"3287",-0.186263302814272,-0.111622912356207,-0.0746403904580646
"3288",-0.468376786954151,-0.48703383240048,0.0186570454463295
"3289",-0.228652656825753,-0.491313544241878,0.262660887416125
"3290",-1.40520182936112,-0.963858419151526,-0.441343410209591
"3291",-1.05400048393642,-1.18168776102356,0.127687277087141
"3292",-0.560259053314195,-0.5130210334108,-0.0472380199033955
"3293",-1.05400048393642,-1.52626491530947,0.472264431373053
"3294",-0.318775016143281,-0.386490294240541,0.0677152780972605
"3295",-0.809771251450363,-0.690753210002325,-0.119018041448038
"3296",-0.415946395378594,-0.29656742286688,-0.119378972511714
"3297",-0.857503588365977,-2.10883279080732,1.25132920244134
"3298",-1.04914216434117,-0.448368410302806,-0.600773754038361
"3299",-0.789318502336744,-0.682526158874593,-0.106792343462152
"3300",-0.346062199466133,-0.71956721108282,0.373505011616687
"3301",-0.578161103642354,-0.453093457783025,-0.125067645859329
"3302",-1.10757128682326,-0.745525237447596,-0.362046049375663
"3303",-0.296860860013352,-0.366519838603492,0.06965897859014
"3304",-0.188074000804313,-0.353743497080139,0.165669496275825
"3305",-0.213362715235728,-0.453093457783025,0.239730742547296
"3306",-0.401015529228196,-0.365198043404759,-0.0358174858234372
"3307",-0.143013605497043,-0.248019771944232,0.10500616644719
"3308",-1.08219187059647,-0.635885273469903,-0.446306597126565
"3309",-0.413777547948952,-0.678226207330463,0.264448659381511
"3310",-0.213362715235728,-0.380955008688322,0.167592293452594
"3311",-0.416300773229032,-0.448368410302806,0.0320676370737747
"3312",-0.623391220479422,-0.422288416634529,-0.201102803844893
"3313",-0.297118997140487,-0.29415107621436,-0.0029679209261273
"3314",-0.416300773229032,-0.442967349445075,0.0266665762160434
"3315",-0.815275232603953,-0.798018645169587,-0.0172565874343658
"3316",-0.219131420269232,-1.29625511979896,1.07712369952973
"3317",-0.408377506273946,-0.663880298722732,0.255502792448786
"3318",-0.444364393422433,-0.693446036366594,0.249081642944161
"3319",-0.316264498071801,-0.903629769098146,0.587365271026345
"3320",-0.316264498071801,-0.432370849795168,0.116106351723367
"3321",-0.818064089839756,-0.660491038445154,-0.157573051394602
"3322",-0.42910529472447,-1.17455553678917,0.745450242064698
"3323",-0.587294826517376,-0.637686675755163,0.0503918492377871
"3324",-0.572745421286689,-0.441143362617114,-0.131602058669575
"3325",-0.642676552880438,-0.347362949378087,-0.295313603502351
"3326",-0.587294826517376,-0.637686675755163,0.0503918492377871
"3327",-0.642676552880438,-0.658997924205551,0.0163213713251125
"3328",-0.606969346679053,-1.56982958741669,0.962860240737639
"3329",-1.05294519359258,-0.377031842197209,-0.675913351395372
"3330",-1.30076258294743,-0.508983547372248,-0.791779035575186
"3331",-0.416332654462112,-0.581496439633748,0.165163785171636
"3332",-1.60353686667975,-1.05516189272355,-0.548374973956201
"3333",-0.224624269842872,-0.497000551964385,0.272376282121513
"3334",-0.642676552880438,-1.14002198252905,0.497345429648614
"3335",-0.839715210095723,-0.748406563324802,-0.091308646770921
"3336",-0.61218323524447,-1.36091795247046,0.74873471722599
"3337",-0.606278058384629,-0.550805084786833,-0.0554729735977961
"3338",-0.612514954403379,-0.759616396144947,0.147101441741569
"3339",-0.609459622151458,-0.45904083430849,-0.150418787842968
"3340",-0.500438304136456,-0.473098625509886,-0.0273396786265705
"3341",-0.975536983023758,-0.655362646170905,-0.320174336852853
"3342",-0.640165309640762,-0.408053333745799,-0.232111975894964
"3343",-0.815883398725402,-0.581314008319335,-0.234569390406067
"3344",-0.486591561343785,-0.38387462328877,-0.102716938055014
"3345",-0.985573866687791,-0.999371955510236,0.0137980888224449
"3346",-0.882352728173035,-1.01681275979872,0.134460031625683
"3347",-0.503678940261878,-0.341802400917605,-0.161876539344273
"3348",-1.22985786546823,-0.996262688750883,-0.233595176717346
"3349",-0.482765083424398,-0.481720433698652,-0.00104464972574547
"3350",-0.496367374066004,-0.23624459777024,-0.260122776295765
"3351",-0.649328567669194,-1.57046813132039,0.921139563651197
"3352",-0.548538801795464,-0.253628547900126,-0.294910253895337
"3353",-0.606423183342209,-0.469269264075256,-0.137153919266953
"3354",-0.698634578230359,-0.667088374197371,-0.0315462040329884
"3355",-0.965141295711593,-1.18918478705928,0.224043491347683
"3356",-0.525231211480426,-0.664572054675745,0.13934084319532
"3357",-0.895064133088034,-1.02296353389032,0.127899400802287
"3358",-1.00201190351031,-0.965692845540414,-0.0363190579698927
"3359",-1.00256335248452,-1.04650511932114,0.0439417668366202
"3360",-0.477162865326079,-0.230832827227664,-0.246330038098415
"3361",-0.476597833109706,-0.309329764283173,-0.167268068826534
"3362",-0.476597833109706,-0.710377676719895,0.233779843610188
"3363",-0.96993463247564,-1.02784015092977,0.0579055184541302
"3364",-0.422005453691385,-0.902587529439701,0.480582075748316
"3365",-0.739851660066758,-0.309329764283173,-0.430521895783585
"3366",-0.728556234094492,-0.377654910175993,-0.350901323918499
"3367",-0.436434240481962,-0.353729935933224,-0.0827043045487379
"3368",-0.733988529541334,-0.655877860313135,-0.0781106692281988
"3369",-0.839789551330989,-1.01881245192934,0.179022900598347
"3370",-0.617529840171762,-0.230832827227664,-0.386697012944098
"3371",-0.597585593750104,-0.349351489568387,-0.248234104181717
"3372",-1.06633039129774,-0.678783042048396,-0.387547349249343
"3373",-0.653908602082709,-0.447887473738525,-0.206021128344183
"3374",-0.993432659873128,-1.03448847670646,0.0410558168333308
"3375",-1.06633039129774,-0.676208552464979,-0.39012183883276
"3376",-0.462517133193595,-0.464721099940819,0.00220396674722423
"3377",-0.422005453691385,-0.442822603178059,0.0208171494866738
"3378",-0.476597833109706,-0.944878915723407,0.4682810826137
"3379",-0.476597833109706,-0.345718024039741,-0.130879809069966
"3380",-0.464528696094211,-0.282900987289732,-0.181627708804479
"3381",-0.454181469771452,-0.365984677477805,-0.0881967922936466
"3382",-0.236197069419244,-0.896350087326877,0.660153017907633
"3383",-1.38319183449591,-0.438290649106285,-0.944901185389629
"3384",-0.314167395872491,-0.383650439566661,0.06948304369417
"3385",-1.02920217145158,-1.01638130684123,-0.01282086461035
"3386",-1.34506442204508,-0.961867988221888,-0.383196433823197
"3387",-1.31224492542038,-0.57269255459219,-0.739552370828187
"3388",-0.18638875319153,-0.578639524146777,0.392250770955247
"3389",-0.988097200158447,-0.481008943025214,-0.507088257133233
"3390",-0.385160703735971,-1.29108001786681,0.905919314130839
"3391",-0.303230761878396,-0.465637441361729,0.162406679483333
"3392",-0.577007131048621,-0.578639524146777,0.00163239309815566
"3393",-0.203024919238677,-0.473011247612598,0.269986328373921
"3394",-0.318888530185402,-0.365984677477805,0.0470961472924039
"3395",-1.33239856379312,-0.503784749401439,-0.828613814391684
"3396",-0.574393355665412,-0.604809953545159,0.0304165978797464
"3397",-0.551697862120322,-0.973806083731464,0.422108221611142
"3398",-1.02920217145158,-1.63478282520451,0.605580653752927
"3399",-0.214987616630555,-0.456663783718368,0.241676167087813
"3400",-0.464528696094211,-0.474241329369628,0.00971263327541649
"3401",-0.524665560139458,-0.570001755110493,0.0453361949710347
"3402",-1.02763338768454,-1.56556486545876,0.537931477774216
"3403",-0.779424930416337,-0.999530691052754,0.220105760636417
"3404",-0.656817937976143,-0.456663783718368,-0.200154154257775
"3405",-0.473070822184014,-0.365868759994409,-0.107202062189605
"3406",-1.08973950843572,-1.36768013202975,0.277940623594026
"3407",-0.527458094847399,-0.403515251283763,-0.123942843563635
"3408",-0.986781684132927,-0.775439296571782,-0.211342387561145
"3409",-0.567127040546644,-0.355715576630471,-0.211411463916173
"3410",-0.347263801506349,-0.307067506488167,-0.0401962950181822
"3411",-0.538610367668792,-0.472606608845345,-0.066003758823447
"3412",-0.837369821993268,-0.76682146377311,-0.070548358220158
"3413",-0.329489193124637,-0.226218414882814,-0.103270778241823
"3414",-0.367816719538462,-0.658009133396174,0.290192413857712
"3415",-0.837369821993268,-0.431481386669128,-0.405888435324139
"3416",-1.18836279666127,-0.293964617645486,-0.894398179015781
"3417",-0.426241599845079,-0.422009680045634,-0.00423191979944448
"3418",-0.701493924279416,-1.11966081462223,0.418166890342817
"3419",-0.527458094847399,-0.43028495966271,-0.097173135184689
"3420",-0.527458094847399,-0.438913558583891,-0.0885445362635071
"3421",-0.327589748850905,-0.43028495966271,0.102695210811805
"3422",-0.188137812331679,-0.339798340851235,0.151660528519557
"3423",-0.869959758848839,-1.41936154432148,0.549401785472646
"3424",-0.325088224313,-0.421874844150125,0.0967866198371246
"3425",-0.700717381181524,-0.393382351044814,-0.30733503013671
"3426",-0.567127040546644,-0.672167174912694,0.10504013436605
"3427",-0.708454848016694,-0.42912053711719,-0.279334310899504
"3428",-0.542950149562797,-0.532582066617777,-0.0103680829450203
"3429",-0.33069308196295,-0.2886563285224,-0.0420367534405504
"3430",-0.307159947480852,-0.183501856324426,-0.123658091156425
"3431",-1.36427734424761,-1.29038007505795,-0.0738972691896604
"3432",-0.713288059530889,-0.976505953975117,0.263217894444228
"3433",-0.230856552584127,-0.24640495055464,0.0155483979705124
"3434",-0.777776745064068,-0.89686329906344,0.119086553999373
"3435",-0.667702708040737,-0.654709020087358,-0.0129936879533785
"3436",-1.347252001172,-0.303305570561638,-1.04394643061037
"3437",-0.414729355251387,-0.753273773877324,0.338544418625937
"3438",-0.473834110860286,-0.411501411504107,-0.0623326993561797
"3439",-0.877726202680897,-0.786722531245548,-0.0910036714353488
"3440",-1.02953821161041,-0.827032219154439,-0.202505992455975
"3441",-1.1892782906126,-0.96957695164184,-0.219701338970757
"3442",-0.856991863663808,-1.29391554287566,0.436923679211857
"3443",-0.412596820375708,-0.448223060556001,0.0356262401802931
"3444",-0.414729355251387,-1.0692619055493,0.654532550297914
"3445",-0.327963765508135,-0.495033112964165,0.167069347456031
"3446",-0.478888731256984,-0.680681040111255,0.20179230885427
"3447",-1.24804556696849,-1.17506906989255,-0.0729764970759383
"3448",-0.984151968997439,-0.58397968047155,-0.400172288525888
"3449",-0.877726202680897,-0.72125054548632,-0.156475657194577
"3450",-0.460024814114893,-0.411501411504107,-0.0485234026107859
"3451",-0.865022190714532,-0.735280839408584,-0.129741351305948
"3452",-0.757514569494997,-0.476677455499461,-0.280837113995536
"3453",-0.75865986464698,-0.756072750610002,-0.00258711403697731
"3454",-0.456250256130631,-0.483328626377285,0.0270783702466542
"3455",-0.7966734812732,-0.806672933903966,0.00999945263076629
"3456",-1.14039076356396,-1.08065201296942,-0.0597387505945379
"3457",-0.709492865959547,-0.858369661270507,0.148876795310961
"3458",-0.566892957791956,-0.750381542755121,0.183488584963165
"3459",-1.0439032744794,-0.480592216781425,-0.563311057697972
"3460",-0.946490242460058,-0.863587499758341,-0.0829027427017168
"3461",-0.747706302382833,-0.480592216781425,-0.267114085601408
"3462",-0.506456099449657,-0.595888344356633,0.0894322449069769
"3463",-0.416520358240444,-0.692892409923339,0.276372051682896
"3464",-0.653769463782857,-0.94266170587365,0.288892242090792
"3465",-0.676824160248818,-0.56632647612441,-0.110497684124407
"3466",-0.406254358715636,-0.600495279801132,0.194240921085496
"3467",-0.677064385232182,-0.691769586932274,0.0147052017000924
"3468",-0.830095183543369,-0.972814338660756,0.142719155117387
"3469",-1.18076444891112,-0.980975482576502,-0.199788966334622
"3470",-0.414529695186437,-0.416126209197362,0.00159651401092464
"3471",-0.385212688762869,-0.49362356695869,0.108410878195821
"3472",-0.663493820696173,-0.651574567786436,-0.0119192529097374
"3473",-0.471839934204715,-0.613687716598683,0.141847782393969
"3474",-0.723706804380772,-0.959008055953935,0.235301251573163
"3475",-0.792749486957769,-0.246112077381872,-0.546637409575897
"3476",-0.674197472901216,-0.700078052207046,0.0258805793058299
"3477",-0.46453955126901,-0.72168290391142,0.25714335264241
"3478",-0.714273848906508,-0.488693326097917,-0.225580522808591
"3479",-0.672457629420244,-0.670783915660579,-0.00167371375966407
"3480",-0.603764983572439,-1.34806315246319,0.744298168890746
"3481",-1.0526943429016,-0.476280851194041,-0.576413491707564
"3482",-0.465385385464709,-1.1122620042516,0.646876618786887
"3483",-0.550948988386071,-0.685713801265469,0.134764812879398
"3484",-0.369473534481674,-0.668384259220324,0.29891072473865
"3485",-1.35926873411303,-0.686264015436499,-0.67300471867653
"3486",-1.60877653824265,-1.14918875533261,-0.459587782910037
"3487",-0.458996405543886,-0.488693326097917,0.0296969205540307
"3488",-0.579198170367501,-0.716022023437972,0.136823853070471
"3489",-0.674197472901216,-0.967517754118634,0.293320281217418
"3490",-0.672457629420244,-0.700078052207046,0.0276204227868027
"3491",-0.710056340257014,-0.859438406414292,0.149382066157278
"3492",-1.02632961932926,-1.01296857941404,-0.0133610399152202
"3493",-1.47316081422637,-0.502560072892166,-0.970600741334207
"3494",-0.140069826651393,-0.189988688835617,0.0499188621842244
"3495",-0.487355625489204,-0.524620833922115,0.0372652084329106
"3496",-0.952562033128935,-1.21959243705567,0.267030403926734
"3497",-1.37932302170858,-1.32177215849312,-0.0575508632154591
"3498",-0.260326187792987,-0.340068501041672,0.0797423132486843
"3499",-0.125783594012233,-0.212938608251731,0.0871550142394977
"3500",-0.156589765821359,-0.184057429360154,0.0274676635387952
"3501",-1.47316081422637,-1.26641881826948,-0.206741995956897
"3502",-0.733634484986634,-0.992612473432478,0.258977988445844
"3503",-0.707126929517441,-1.27742135554665,0.570294426029213
"3504",-0.289251229478008,-0.550606136808373,0.261354907330364
"3505",-0.346202867547556,-0.157621947969961,-0.188580919577595
"3506",-0.346202867547556,-0.383419734524121,0.0372168669765651
"3507",-0.417898130906419,-0.314842932512987,-0.103055198393432
"3508",-0.226222673447937,-0.291636957887814,0.0654142844398766
"3509",-0.454853031378264,-0.499686597205369,0.0448335658271048
"3510",-0.125704110090458,-0.191735386640003,0.0660312765495448
"3511",-0.453643137923324,-0.450887704484055,-0.00275543343926898
"3512",-1.04596984299738,-1.00895866544798,-0.0370111775493971
"3513",-0.506650279418012,-0.400032357131709,-0.106617922286303
"3514",-0.707126929517441,-0.502560072892166,-0.204566856625275
"3515",-0.308832102527302,-0.462999771528954,0.154167669001652
"3516",-0.220182895033613,-0.290645813416827,0.0704629183832139
"3517",-0.536556679286934,-0.826346601264855,0.289789921977921
"3518",-0.369526365181772,-0.839322379210517,0.469796014028746
"3519",-0.373143098753769,-0.801145597161836,0.428002498408066
"3520",-0.198859513533867,-0.496143697447295,0.297284183913429
"3521",-1.44914600829473,-0.50041891716115,-0.948727091133575
"3522",-0.281719028410198,-0.800693562864561,0.518974534454363
"3523",-0.878894518973714,-0.800693562864561,-0.0782009561091526
"3524",-0.255345008879772,-0.441112927277499,0.185767918397727
"3525",-0.135119894517187,-0.426758245760068,0.291638351242881
"3526",-0.41675056877457,-1.06268036685189,0.64592979807732
"3527",-0.288637716864882,-1.06268036685189,0.774042649987009
"3528",-0.282677688498939,-0.65390024518201,0.371222556683071
"3529",-0.417228911620392,-0.58746415950342,0.170235247883028
"3530",-1.1219743782068,-0.793054776031323,-0.328919602175477
"3531",-0.198859513533867,-0.920054383131745,0.721194869597879
"3532",-0.557125359456492,-1.3007704827904,0.743645123333904
"3533",-1.06846590770551,-1.05570320158369,-0.0127627061218227
"3534",-0.472035992297273,-0.52839580090748,0.0563598086102068
"3535",-0.218265007721543,-0.70384800789876,0.485583000177217
"3536",-0.216231840192494,-0.738473159860363,0.522241319667869
"3537",-0.318027179690636,-0.361719942818953,0.0436927631283162
"3538",-0.794113178535882,-0.796740030847302,0.0026268523114199
"3539",-1.10856748138004,-0.266000307101361,-0.842567174278675
"3540",-0.257430309619011,-0.499336112574476,0.241905802955466
"3541",-0.583242119644141,-0.266000307101361,-0.31724181254278
"3542",-0.582896158171261,-0.44005364957898,-0.142842508592281
"3543",-1.4664248205405,-0.682559649631202,-0.783865170909301
"3544",-0.129078555899817,-0.209685284710629,0.0806067288108121
"3545",-0.225192532834432,-0.204268931863282,-0.02092360097115
"3546",-0.465306339209373,-0.520443569280101,0.0551372300707271
"3547",-0.619847542338468,-1.30425091697001,0.68440337463154
"3548",-0.762581267400349,-0.435325480182783,-0.327255787217566
"3549",-0.571097599349033,-0.738089858024271,0.166992258675238
"3550",-0.827371900216781,-0.435674578836846,-0.391697321379935
"3551",-0.423205917344394,-0.422410185517933,-0.000795731826460866
"3552",-0.423432278530366,-0.450047033568503,0.0266147550381373
"3553",-0.58026978510382,-0.759850956218954,0.179581171115134
"3554",-0.582896158171261,-0.429088368940858,-0.153807789230403
"3555",-0.358801414657003,-0.335010082136099,-0.0237913325209034
"3556",-1.67091974626335,-0.819137834345199,-0.851781911918151
"3557",-0.832892382159448,-0.420323441260829,-0.412568940898619
"3558",-0.216422637412496,-0.166060870292124,-0.0503617671203713
"3559",-0.440654314777475,-0.258789198217437,-0.181865116560037
"3560",-0.325263172736912,-0.38874196485483,0.0634787921179187
"3561",-1.13583220938514,-1.39668071756963,0.260848508184496
"3562",-0.420298288036708,-0.429013784444113,0.00871549640740454
"3563",-0.919016227336599,-0.310199674761978,-0.608816552574622
"3564",-0.325487517930553,-0.272157030567438,-0.0533304873631142
"3565",-0.635302967700261,-1.06954196919375,0.43423900149349
"3566",-0.59123401978758,-0.431373855503564,-0.159860164284016
"3567",-0.851420449072537,-0.604854478859597,-0.246565970212941
"3568",-0.427225405585843,-0.303814992188055,-0.123410413397788
"3569",-0.387362074452787,-0.84836214423429,0.461000069781504
"3570",-1.07498287467834,-0.298005209237607,-0.776977665440729
"3571",-1.54849655131222,-0.470528623057149,-1.07796792825508
"3572",-0.298886716164193,-0.429013784444113,0.130127068279919
"3573",-0.417384660426741,-0.428727594891564,0.0113429344648228
"3574",-0.133772967636702,-0.204805026907575,0.0710320592708733
"3575",-0.175754979267085,-0.303814992188055,0.128060012920971
"3576",-0.413201425866901,-1.43437025196058,1.02116882609368
"3577",-0.413201425866901,-0.419051423079336,0.00584999721243484
"3578",-0.304078054567443,-0.429961158916152,0.125883104348709
"3579",-0.766397786818071,-0.252733556620768,-0.513664230197302
"3580",-0.797616132671527,-0.663716146554801,-0.133899986116726
"3581",-0.795690128209163,-0.451534642661449,-0.344155485547714
"3582",-1.30154981787034,-1.25444305398521,-0.0471067638851332
"3583",-1.01824195196718,-0.33475420408177,-0.683487747885412
"3584",-0.347033572486959,-0.769209082484237,0.422175509997278
"3585",-0.216477953900815,-0.472711769764258,0.256233815863443
"3586",-1.25151273739136,-0.459484501586469,-0.792028235804894
"3587",-1.01589652891972,-0.940306194457669,-0.0755903344620528
"3588",-1.06817969316032,-1.23763703276114,0.169457339600821
"3589",-0.502162409483395,-1.00679048414378,0.50462807466038
"3590",-0.324150844572539,-0.285824995733579,-0.0383258488389595
"3591",-0.458344435083761,-0.454744364787524,-0.00360007029623688
"3592",-0.316569721659074,-0.535311424567287,0.218741702908213
"3593",-1.11684262919769,-0.786274874949165,-0.330567754248528
"3594",-0.348006915937543,-0.309405623005125,-0.0386012929324187
"3595",-0.636668079534991,-0.648134742392848,0.011466662857857
"3596",-0.336972767053159,-0.476530468277958,0.139557701224799
"3597",-0.502162409483395,-0.541844795765252,0.0396823862818572
"3598",-0.486032441481952,-1.52060734569558,1.03457490421363
"3599",-0.483479380905253,-0.62716255808421,0.143683177178957
