"model","parameter","estimate","error","ci_50_lower","ci_50_upper","ci_80_lower","ci_80_upper","ci_95_lower","ci_95_upper"
"true","b_Intercept",0.286572461926491,0.0426919121938533,0.257596779597714,0.315511292995693,0.230461049122774,0.341018267029473,0.203487117793244,0.369806443207629
"true","b_value_z",0.643071297877738,0.0568030498720635,0.605470267557135,0.68085889888092,0.571312514996178,0.717142832898545,0.531942417504355,0.754002099646159
"true","b_exp_versionexp_c1",-0.0577124029213027,0.0560090788465238,-0.0951257484701688,-0.0192539919656941,-0.129360482678029,0.0143286782418841,-0.169869020884438,0.0472603113155963
"true","b_exp_versionexp_c2",0.115873768669592,0.0698542409356577,0.0690744457297129,0.162007271274439,0.0280848213272788,0.204180444912984,-0.0179460881926204,0.259284069982912
"true","b_value_z:exp_versionexp_c1",0.0795708326232646,0.0764167505255101,0.0290355991387941,0.129564396835799,-0.0209279087624327,0.178088322125681,-0.0677343825083917,0.235200426130026
"true","b_value_z:exp_versionexp_c2",-0.0762498742231369,0.0884117388261389,-0.133446591899844,-0.0167921733118912,-0.188452004850048,0.0350597372634614,-0.253788099061802,0.0986602109124598
"true","sd_wid__Intercept",0.168190959097433,0.0661995186229699,0.121729167057407,0.213183356111694,0.0802821512166849,0.250794392381443,0.0360290227818139,0.297136508570596
"true","sd_wid__value_z",0.464250400095207,0.0655857991025715,0.419597220751538,0.507640983144285,0.379923603897931,0.547747613320165,0.338687255931031,0.594338689158653
"true","cor_wid__Intercept__value_z",-0.627630997423389,0.272764763075501,-0.854375698466172,-0.458317029823211,-0.943047978467343,-0.239226585220732,-0.985346950121012,-0.0116688564237258
"true","Intercept",0.255324903870793,0.0387688958987037,0.22887133737047,0.281397364875565,0.204415177472626,0.304802204982547,0.17988774637322,0.330465455265772
"true","r_wid[w001d343,Intercept]",0.0917502369756811,0.160074743236456,-0.0119215524029895,0.1781003024537,-0.0855849876279505,0.301411899070652,-0.175328448542854,0.476840564925286
"true","r_wid[w03114c0,Intercept]",0.013861763139525,0.148123574900172,-0.0710052477393097,0.0985082058848937,-0.165152704269228,0.197311829145794,-0.283770284516632,0.329598192848044
"true","r_wid[w04c1659,Intercept]",0.098362662184332,0.171940470363225,-0.00732289940241239,0.201425887698601,-0.0961916480835676,0.319086049869379,-0.222417748347869,0.464531391460601
"true","r_wid[w063688a,Intercept]",-0.200732100038806,0.172731946956589,-0.301241723744063,-0.0814154101471498,-0.42931958297663,-0.00492794327681043,-0.5885320976409,0.0959424968240236
"true","r_wid[w06866f0,Intercept]",-0.128222045469269,0.161911277634625,-0.222497942191471,-0.0237825577696916,-0.337344620291806,0.050933695600588,-0.481203750023399,0.171635387892963
"true","r_wid[w0a27d42,Intercept]",0.0665860452466299,0.150199541045875,-0.0170979261674669,0.150216747405329,-0.0999238449331334,0.254909918049946,-0.232147214981665,0.399133058830904
"true","r_wid[w0a90f7a,Intercept]",0.0731117855891504,0.165598929809319,-0.0193911921731516,0.169834456092495,-0.115585229141754,0.271393734380172,-0.257828081629011,0.420187319381583
"true","r_wid[w0ae94e6,Intercept]",-0.15706719167117,0.16413067912156,-0.247516643899762,-0.0392396824586294,-0.383499899652002,0.0176506129590679,-0.540331418325047,0.100902679957243
"true","r_wid[w0b2b304,Intercept]",-0.136071499217785,0.156550087860575,-0.227435151886366,-0.0332542068032422,-0.343271778270836,0.0424203071575267,-0.475570485810478,0.143305913493463
"true","r_wid[w0bdd7c4,Intercept]",-0.0136319653778427,0.151948901189355,-0.0932267361441586,0.0746438365321643,-0.202246495761078,0.161388403448996,-0.34041920153297,0.267412951703416
"true","r_wid[w0e7fb0a,Intercept]",0.0288068403479597,0.157118068889574,-0.0619296905603866,0.116894638423197,-0.149452987207055,0.217707633308702,-0.284228526540377,0.363877552737983
"true","r_wid[w0fc6501,Intercept]",0.103332062903974,0.166131516164577,-0.00172045161976108,0.19801361509521,-0.0827842505607621,0.325272024600259,-0.200192078788231,0.470535974429696
"true","r_wid[w107fce5,Intercept]",-0.01967272468341,0.1495706297344,-0.0984619840329717,0.069125997875605,-0.209959688932309,0.150237254578044,-0.363075481821163,0.260359186509595
"true","r_wid[w108c7bf,Intercept]",-0.0932813488563173,0.154048122496654,-0.179970931161939,-0.000746990946200643,-0.294202623018052,0.0838567966400756,-0.42697721452897,0.203233713936549
"true","r_wid[w13816ba,Intercept]",-0.0279712851478181,0.166839302588882,-0.122188877020222,0.0606410974721327,-0.222999040696883,0.171875704855371,-0.366805563904419,0.333945313318768
"true","r_wid[w18042a7,Intercept]",0.162859645247892,0.170909596121285,0.0428074869470488,0.262183300297801,-0.0299292099151514,0.390401365159676,-0.124651731492512,0.538112277593666
"true","r_wid[w192a97f,Intercept]",-0.051160434819666,0.156564151294413,-0.141347991445874,0.0394706643318604,-0.247780254838606,0.128543279398424,-0.400407689882121,0.255221856745653
"true","r_wid[w1ad74ca,Intercept]",-0.0699967412371429,0.169301079225966,-0.162513887994992,0.0277554872412731,-0.282330250799726,0.120020476659785,-0.445591172194187,0.25000021567272
"true","r_wid[w21be7c0,Intercept]",0.0165553709394121,0.163257205377708,-0.0804418784701861,0.103111920970598,-0.17262001727699,0.221789853683258,-0.290369857205583,0.382092845565276
"true","r_wid[w2329c2e,Intercept]",-0.0333281475097526,0.158588510750198,-0.127171395308674,0.051804127954704,-0.223690879409479,0.160687970842281,-0.342720499530096,0.295596564062217
"true","r_wid[w24cc88c,Intercept]",-0.0714691931933263,0.146620673634619,-0.158445322892596,0.0173088376716469,-0.258681244766266,0.0915257275172078,-0.392362262927231,0.203885721151213
"true","r_wid[w27e5a42,Intercept]",0.00249263024480381,0.148894304706482,-0.0793083689025136,0.0844079961432936,-0.173462441228435,0.180825436244042,-0.31255941960337,0.308822347470685
"true","r_wid[w28f36aa,Intercept]",0.0580141746602335,0.162817450090708,-0.0239295562190819,0.150693555219698,-0.145088589823205,0.251750893427989,-0.309805858809209,0.380989193950159
"true","r_wid[w29215b1,Intercept]",0.156657298065338,0.183536626194991,0.0431159434798208,0.265263641477743,-0.0572000103986953,0.391329729882583,-0.203409282253127,0.534381221732495
"true","r_wid[w2b37aae,Intercept]",0.032587049915806,0.154429113895595,-0.0538234889154965,0.120224345670606,-0.150130842688022,0.222371474084445,-0.280798935804505,0.356177936945849
"true","r_wid[w2b4a70d,Intercept]",0.103661024262446,0.156012740822546,0.00593513299399102,0.1893462109562,-0.0675765566265183,0.303660844855209,-0.187151779497696,0.451991181035154
"true","r_wid[w2b9a138,Intercept]",-0.110978005348922,0.170166134192377,-0.205985106694399,-0.00543603320349731,-0.322767928308749,0.083325840962313,-0.48238752484222,0.205862706813499
"true","r_wid[w2d4c98d,Intercept]",-0.0992204981318722,0.164597866987921,-0.190457334266402,-0.000499627745150101,-0.311375727272629,0.0858392089617812,-0.466214275006277,0.220946206392412
"true","r_wid[w2d80146,Intercept]",0.0217035910414368,0.155177298352081,-0.0693298392571783,0.108082790117812,-0.15870935411976,0.220133510714892,-0.269334443356281,0.35747689353362
"true","r_wid[w2e6acfb,Intercept]",0.158425368805524,0.170620148985355,0.0453732472286734,0.256011738850031,-0.0305790390628229,0.380608893655072,-0.149464012956405,0.529387837057198
"true","r_wid[w2f45fb6,Intercept]",-0.11782391763911,0.173011869462256,-0.220457034532962,-0.00932504538897101,-0.340806229879883,0.0825756367279899,-0.492299940896247,0.199750762167317
"true","r_wid[w2fdc513,Intercept]",-0.064175749554118,0.17020182026631,-0.158965237462321,0.0388143040479573,-0.281358378357388,0.126768305440341,-0.444240569293196,0.258648440646688
"true","r_wid[w30bb20e,Intercept]",0.0434705387906922,0.149791907677216,-0.0373433647214253,0.129218156859431,-0.133353779922614,0.227245177168631,-0.257619912596811,0.359796650504033
"true","r_wid[w31415e8,Intercept]",-0.0313620213884858,0.151294487803883,-0.113833912338922,0.0622361064022341,-0.222129004546338,0.146475839457466,-0.378014585349167,0.244135080470528
"true","r_wid[w31bcaa3,Intercept]",0.0584266981771698,0.141339435175511,-0.0250677977639537,0.14087143528666,-0.106583897267111,0.236061653455338,-0.221476874360262,0.359946967258735
"true","r_wid[w37d3a90,Intercept]",-0.0922220070215245,0.165089318836373,-0.182777620313939,0.0150434103310355,-0.306020050299902,0.0887777976611472,-0.485928379989011,0.177365127822015
"true","r_wid[w3870b92,Intercept]",0.0967176861034098,0.161061437669983,0.00424318141830218,0.191110408218518,-0.0915912004776845,0.297272160960176,-0.224985297056511,0.434336525826701
"true","r_wid[w3946928,Intercept]",-0.0130492890176115,0.167247031190975,-0.110000119070126,0.0772080047635394,-0.2121919359057,0.186217997481439,-0.347009474925108,0.339232266480754
"true","r_wid[w39cea38,Intercept]",0.0163271476860623,0.153624936933305,-0.0750321010177761,0.102777498291453,-0.163727459651989,0.213032581475717,-0.295605190990819,0.343534657207296
"true","r_wid[w4077e51,Intercept]",0.0526691595195145,0.140818804612339,-0.0287234299140473,0.129417120027251,-0.109880028797117,0.227810903771462,-0.218335245544448,0.362301741332858
"true","r_wid[w4140fe6,Intercept]",-0.0047258774738581,0.149986635851545,-0.0868701159240639,0.0815151642444647,-0.194165280993295,0.171622282620779,-0.323963310241668,0.287330498466104
"true","r_wid[w4160090,Intercept]",-0.048055572852816,0.152760308812028,-0.135544318955715,0.0399754097547663,-0.236820247417709,0.133384477092099,-0.384548093706399,0.251411071719219
"true","r_wid[w430272a,Intercept]",-0.0387228177718595,0.150983283367953,-0.125678318794562,0.0488660478104241,-0.22947194325209,0.138193687942297,-0.354234415370237,0.264165218080197
"true","r_wid[w44a1a9f,Intercept]",-0.0377486897547401,0.176710267419436,-0.138076281099064,0.0646561188459471,-0.25709974538215,0.17761012557019,-0.408742432747163,0.309533471931579
"true","r_wid[w44b0e2d,Intercept]",0.0516286701515181,0.14623080827299,-0.0338405920109009,0.136067193184814,-0.122106414946939,0.238843596193405,-0.234040482434588,0.368671503164882
"true","r_wid[w45af4af,Intercept]",-0.0272198610973461,0.156011306835357,-0.112254206064821,0.0670693381638774,-0.220229489538095,0.146525437362804,-0.381859196220025,0.266719629231557
"true","r_wid[w47f6859,Intercept]",0.0295189464043715,0.166378953572309,-0.0625300260200608,0.125520477031942,-0.170297555481712,0.228648971920377,-0.326621827050033,0.363621802308118
"true","r_wid[w488be27,Intercept]",-0.0104978575846502,0.169266649297979,-0.102247667209015,0.0882996280581136,-0.221050590566898,0.186820869108289,-0.385598598348449,0.322189371122643
"true","r_wid[w496515d,Intercept]",0.214779820002768,0.172694498822212,0.0917757125685596,0.313203292834344,0.0203146003265541,0.45108040394317,-0.0559787139332549,0.612572585435245
"true","r_wid[w497e696,Intercept]",0.0458834679199341,0.151507802455469,-0.0395659041876857,0.132506150611903,-0.134140616119805,0.236882139202003,-0.259319893116055,0.362069807731183
"true","r_wid[w4a643e0,Intercept]",-0.0104451583691392,0.166582980222842,-0.100599173184018,0.0775150978869157,-0.208665827990607,0.185427404646117,-0.357199368115811,0.343366709085001
"true","r_wid[w4b34871,Intercept]",-0.0201339969653168,0.157985589329365,-0.111992944283655,0.0704247631353891,-0.212143023661423,0.16388486287606,-0.340731940656856,0.301196012492446
"true","r_wid[w4bdc2df,Intercept]",0.00469603999721146,0.169803114059755,-0.089393037696041,0.095315164457619,-0.196438324651798,0.206907512789054,-0.349483831735219,0.365773108798599
"true","r_wid[w4e902e8,Intercept]",0.00855221880848129,0.15611955147719,-0.0808816456239972,0.101496233801899,-0.187918839341085,0.189436544310464,-0.324229926910026,0.315190410534461
"true","r_wid[w4e997cb,Intercept]",-0.0214557240222834,0.151315598585298,-0.105436682321248,0.0665430727597844,-0.209445117225197,0.156918053051048,-0.355185072887013,0.279246482502958
"true","r_wid[w4ebac4c,Intercept]",-0.00761322635633804,0.153455547265051,-0.0932083355744159,0.0813367478091734,-0.196469779404136,0.177032767122727,-0.329084883048161,0.292126802858156
"true","r_wid[w4f4cbdd,Intercept]",0.0306610052724944,0.170404378642695,-0.0682848150197146,0.121586083267555,-0.163085101510651,0.246182468571002,-0.290541421320881,0.412182945829524
"true","r_wid[w502a382,Intercept]",0.00652858878618763,0.165454285429623,-0.0908260915274516,0.0989838748620848,-0.190024404947633,0.206900424385347,-0.318251342077528,0.362448247949171
"true","r_wid[w52f1872,Intercept]",-0.0362062358361307,0.157925172989591,-0.116979571018945,0.0535509491762695,-0.232873209670732,0.140998296606446,-0.374376756518673,0.270046483806455
"true","r_wid[w5305891,Intercept]",0.0207665608678025,0.153998384983188,-0.0715759834632559,0.108646743081769,-0.155322632985323,0.211325877413318,-0.27988959888333,0.355912518713892
"true","r_wid[w5317a1b,Intercept]",0.118372963005969,0.170034651567525,0.00662475660698608,0.214837549578736,-0.0696229630148786,0.343748221417323,-0.184426470556178,0.501588324838439
"true","r_wid[w55e643e,Intercept]",-0.0794257287725129,0.174182102911388,-0.179515193483431,0.0242610376614148,-0.296725512132894,0.114253004765022,-0.460894503677542,0.254010110295463
"true","r_wid[w58111ca,Intercept]",0.0820495437001097,0.148227237265219,-0.00977259077454362,0.164856397158438,-0.0841513726841732,0.278872635013365,-0.196845143937956,0.405022646230576
"true","r_wid[w58ddb10,Intercept]",0.110612474518371,0.154145470357716,0.0129099728737456,0.196209665815054,-0.061922114550595,0.306849618323132,-0.18221871913007,0.45819405890527
"true","r_wid[w5bee286,Intercept]",0.140440002844999,0.163923250936266,0.0284005249053291,0.243075681152751,-0.0426475027247906,0.358698535192206,-0.148268138328104,0.503250343857269
"true","r_wid[w5e13b84,Intercept]",0.13203612083725,0.161247929745521,0.0214845116698625,0.225527309800715,-0.0429638600361424,0.344959084551335,-0.157205046186219,0.486628061126423
"true","r_wid[w5ef243f,Intercept]",0.0998509796612769,0.166458422067972,-0.00311143548524041,0.195036824006798,-0.0889094545400572,0.313358427955994,-0.215897496512314,0.466083117833656
"true","r_wid[w5fb2730,Intercept]",0.0350210181628866,0.179734557593538,-0.0675863461593056,0.137397351221843,-0.181482817572199,0.252440623573149,-0.32647446242095,0.412850697678376
"true","r_wid[w6079012,Intercept]",0.12407497104124,0.158785281551316,0.0218551331367597,0.220562015945924,-0.0571580754720302,0.326808814513646,-0.180555548030508,0.461172410234033
"true","r_wid[w608e33c,Intercept]",-0.0556551298068474,0.158556224882559,-0.144167900059382,0.0365655589035368,-0.254118840180352,0.128665439331425,-0.396933008146144,0.245177760670366
"true","r_wid[w60e592a,Intercept]",-0.0821065827952591,0.164420788128355,-0.174645254422423,0.0203329775746548,-0.294403317048999,0.10567350540367,-0.466042012133435,0.207556605661286
"true","r_wid[w62f57a5,Intercept]",-0.0856690738264459,0.151778022451849,-0.168164492689226,0.00968619944047215,-0.28644219520665,0.0804000244542185,-0.431552582751948,0.183715799350621
"true","r_wid[w65ae27b,Intercept]",0.115269114194065,0.159698710951562,0.0104638014208512,0.206581069389997,-0.0527037012221611,0.321605587503406,-0.175306411582511,0.485271812861801
"true","r_wid[w65ed633,Intercept]",-0.0545558807808882,0.161403434911616,-0.144279414479613,0.0376688858623119,-0.249340878994385,0.132162770104852,-0.401359576395097,0.25946598205238
"true","r_wid[w67efce7,Intercept]",-0.132051257152591,0.168117229083399,-0.226749010597135,-0.0293566822486181,-0.348057481898768,0.0583671730208454,-0.486585644366268,0.194307690837509
"true","r_wid[w6b34a8b,Intercept]",-0.0153762894054594,0.158497254114229,-0.103645966716174,0.0760918455735401,-0.206974257219414,0.173775760126218,-0.343427198738871,0.300498275091984
"true","r_wid[w6c5aa72,Intercept]",-0.0308584252973492,0.167036851916877,-0.127355664534276,0.063597931503342,-0.236821764371569,0.171519995278597,-0.379154228672964,0.310434828117307
"true","r_wid[w6e46ddf,Intercept]",0.176293999492482,0.174209742162312,0.0529991011369143,0.27572887937597,-0.0163014377095103,0.408257314705828,-0.114172315186325,0.561716339717453
"true","r_wid[w6ebaea9,Intercept]",-0.0893249264162711,0.157880695724566,-0.183891947618586,0.00836167140133908,-0.298942171038296,0.0912521879146646,-0.436498853129001,0.205751851657742
"true","r_wid[w6fe5d47,Intercept]",0.0328103775498434,0.15793516503714,-0.0554915919752969,0.124537104823465,-0.156148883621824,0.225460000065252,-0.290011062752166,0.357231358879185
"true","r_wid[w715d917,Intercept]",0.0244672753055712,0.149981036424478,-0.0635247545074644,0.0997306544263501,-0.145763319075422,0.213723137295432,-0.253889911134243,0.370183943659288
"true","r_wid[w720e820,Intercept]",0.016575033646277,0.155258712835139,-0.0730576257460135,0.0985861211419238,-0.161587089330101,0.212397921286136,-0.293606522561496,0.352932472648566
"true","r_wid[w7606987,Intercept]",0.064883890234456,0.172728408442145,-0.0360320943265261,0.159237005240407,-0.126700406435291,0.284930607030729,-0.253879010922175,0.459101580011869
"true","r_wid[w7978f92,Intercept]",-0.0241786543385998,0.143878577528955,-0.108053083628333,0.0590016897403311,-0.20284236567105,0.152021490013452,-0.319760865551185,0.264689715696368
"true","r_wid[w797a1e5,Intercept]",-0.0461147319938035,0.162626751434221,-0.137170411114669,0.0488990754412994,-0.256956661323532,0.139828587296517,-0.393203575600981,0.278465744555086
"true","r_wid[w7a04fdc,Intercept]",0.0555820518739656,0.178096677332789,-0.0502556191074666,0.15374770268199,-0.148733420057829,0.274796121207037,-0.281720691412897,0.442372684453267
"true","r_wid[w7c1d29f,Intercept]",-0.0579047229467816,0.161852879139882,-0.141363482307333,0.0379804757394768,-0.261759279746628,0.128029480927532,-0.429143945247412,0.231770007851547
"true","r_wid[w7cfc37e,Intercept]",0.112464104616287,0.1698974287387,0.011908997682448,0.210891816755301,-0.0818578421363657,0.318896765888113,-0.214027564491261,0.475403538486205
"true","r_wid[w7e41e95,Intercept]",0.0427414485358373,0.148679628674674,-0.0437919203223147,0.126359366140274,-0.132159856372823,0.231820479519193,-0.248359135323863,0.363433517208014
"true","r_wid[w80189d3,Intercept]",0.151800469358687,0.167532389336646,0.0357438720843546,0.244477125214724,-0.0276296604229419,0.373784851988058,-0.132181158305919,0.541586676314719
"true","r_wid[w8146fb9,Intercept]",8.13156986159842e-05,0.150114195729945,-0.0874387040046885,0.0765421291596853,-0.177622997550911,0.188051784505179,-0.282781063330545,0.341197526725461
"true","r_wid[w84e06f3,Intercept]",-0.0929498429889367,0.159218783000613,-0.179053974877597,0.00492320595061705,-0.302766538643651,0.0898659188802589,-0.450252741769417,0.197587802988821
"true","r_wid[w8937d22,Intercept]",-0.0561878778153357,0.153862989073981,-0.138493120584105,0.035976162715765,-0.257444572748922,0.118388643845793,-0.400552292612223,0.220302379925073
"true","r_wid[w8ad52eb,Intercept]",0.0412958592699717,0.165014121162567,-0.0512809181964214,0.139041262833274,-0.169092007298026,0.244635552458266,-0.305990450462711,0.374697439754495
"true","r_wid[w8bc33f5,Intercept]",-0.0918763914673642,0.155858212885927,-0.1758401294146,0.00994464871929517,-0.299684194579043,0.0733425409832464,-0.459669137642787,0.171970954228336
"true","r_wid[w8d56791,Intercept]",-0.025660424854876,0.163959232791451,-0.117156756863916,0.067759128051714,-0.222574570752046,0.164673660515305,-0.373194797846979,0.298515264872824
"true","r_wid[w8e2568d,Intercept]",0.0350724024162052,0.159740683975755,-0.0634020366851937,0.125891704686879,-0.152381104108107,0.237535352123834,-0.2624818504136,0.374147704489984
"true","r_wid[w8e5f535,Intercept]",0.0074117830458405,0.153324534848596,-0.0794779547616006,0.0958487750922775,-0.178227416866548,0.199652535922671,-0.317204080573699,0.318511568550011
"true","r_wid[w8eb1000,Intercept]",-0.114621516167205,0.158939568447126,-0.205914029552106,-0.00845215904037828,-0.32125340936827,0.0610973665558976,-0.4832770132341,0.168471291847836
"true","r_wid[w8f37d35,Intercept]",0.0818844474048052,0.16927414411421,-0.0136900251305191,0.185504732216835,-0.118010986437199,0.291297474609227,-0.255492019108333,0.429410888660417
"true","r_wid[w8f47681,Intercept]",-0.102017438731725,0.164113118044094,-0.196655451769349,0.00493471339699295,-0.317711657006054,0.0862959461302441,-0.466725127737446,0.180663194493506
"true","r_wid[w8f710ed,Intercept]",-0.103840887268459,0.160141546258283,-0.196853417104215,-0.00582850671317915,-0.306788457181161,0.0746966349628929,-0.450663655268741,0.205400533164158
"true","r_wid[w91e953e,Intercept]",0.0424892183363163,0.166223039480392,-0.0518825664703165,0.143735961569225,-0.155167622705845,0.251316563190719,-0.294363461401579,0.372269437094283
"true","r_wid[w93de42b,Intercept]",0.0193227036327455,0.151162039488876,-0.0666637041318125,0.1060473666351,-0.166026029783594,0.202965759534068,-0.292938293880526,0.322548486004144
"true","r_wid[w950a999,Intercept]",0.0555317774702485,0.159247702427807,-0.0400078129391011,0.148485256981883,-0.122071048993751,0.259505071814088,-0.263006738036126,0.398534666305921
"true","r_wid[w95f2351,Intercept]",-0.109348408499726,0.155081996414881,-0.203614650907716,-0.00951728194933421,-0.311570719181515,0.0685702628525044,-0.437801461681069,0.180761658218286
"true","r_wid[w967bd55,Intercept]",-0.00151555729029631,0.155998394190959,-0.0870761267796805,0.0894623095256463,-0.191063806265199,0.179690755740315,-0.333856087688037,0.312424187775319
"true","r_wid[w970a2f0,Intercept]",0.0507775358728786,0.163186474706646,-0.0452040442970043,0.14101666347433,-0.135677307767495,0.263166060382675,-0.254597431866997,0.416200523987075
"true","r_wid[w973f72a,Intercept]",-0.0500333812035527,0.176834335543491,-0.152155926147418,0.0506538894551331,-0.275085751518538,0.164275367797729,-0.415319119550414,0.305117206059749
"true","r_wid[w977f12b,Intercept]",-0.0719077522625968,0.15543439669788,-0.157457961966755,0.0206267486455101,-0.267542806039012,0.101422516159893,-0.416906725808147,0.206502668401293
"true","r_wid[w993543c,Intercept]",0.126075425125994,0.147734656358826,0.0291026677326079,0.21176549885383,-0.0401827948670313,0.315614088288759,-0.146240079757974,0.444690835405771
"true","r_wid[w9a48bb6,Intercept]",-0.0664980589231373,0.15538770161986,-0.149939556232058,0.0283204633205356,-0.262670710715657,0.102926855632257,-0.428261915002816,0.209743651032059
"true","r_wid[w9be1ae9,Intercept]",0.0515462766605247,0.15421985599924,-0.0417063050072788,0.140940115160879,-0.130402128501327,0.244015272256369,-0.238725475757688,0.384568787369667
"true","r_wid[w9d4c48d,Intercept]",-0.0155234928283249,0.144037015216293,-0.100250043073333,0.0657557713353836,-0.187104171550268,0.161723535350966,-0.30245777062351,0.275244209776124
"true","r_wid[w9f6c077,Intercept]",-0.0833187515209189,0.168818207025833,-0.180058017697411,0.017087894400284,-0.297239064559239,0.111132219672537,-0.450663298701774,0.244934392097945
"true","r_wid[wa0cc687,Intercept]",0.136127879434907,0.171764688628883,0.020743085627951,0.231513859876113,-0.0455990975921743,0.357951078844641,-0.162353298292954,0.525428179069213
"true","r_wid[wa13a069,Intercept]",0.00971720654490034,0.150172792055997,-0.0775292832940396,0.0867555023211587,-0.156557959362492,0.197682335367633,-0.266474893294762,0.351634577203921
"true","r_wid[wa36b055,Intercept]",-0.0115264292110369,0.155877297312717,-0.0931504949588081,0.0775739886016435,-0.202481010632925,0.170020136775648,-0.359887218936691,0.272849897725208
"true","r_wid[wa577349,Intercept]",-0.0748065809719579,0.154161505700564,-0.161499655110615,0.0126523994617504,-0.267438206600989,0.100746133607512,-0.398983461759954,0.238840211885514
"true","r_wid[wa797b6a,Intercept]",-0.0127882790271346,0.153208268015749,-0.10024323601891,0.0749784199708409,-0.201481902746299,0.176604762894176,-0.345079291212793,0.293418767649897
"true","r_wid[wa88aaed,Intercept]",-0.0974158923847049,0.150728323875207,-0.184036424041305,0.00168239971352488,-0.293370618612818,0.0708091342674074,-0.438828151911691,0.164717547377798
"true","r_wid[wa90a378,Intercept]",-0.0112973659524439,0.147842291998223,-0.0916318930942694,0.0746079838131903,-0.197952854154958,0.157976715159158,-0.329693062846538,0.281050337232865
"true","r_wid[wa913679,Intercept]",-0.0601816398599754,0.148429640858784,-0.13964594567486,0.0287224749415377,-0.253210860642036,0.105441851688383,-0.401787912947384,0.204117848861185
"true","r_wid[waa6a3c8,Intercept]",0.08791397246392,0.158880893876983,-0.0103678375268055,0.174551377983393,-0.0816166258388657,0.295722649638535,-0.188364718324729,0.457404051869292
"true","r_wid[wab2e8f4,Intercept]",-0.0923711449222161,0.176035519462647,-0.195929182282514,0.0157727831769965,-0.319180341274076,0.105292248001652,-0.482810836818528,0.223909620507364
"true","r_wid[wada012d,Intercept]",0.156375343113425,0.15652062723676,0.0432734389612419,0.246540116429013,-0.016167340210236,0.371921281230591,-0.0852099200861683,0.519090841152791
"true","r_wid[wae959a9,Intercept]",0.0312858966718472,0.165770607144524,-0.0640945526008282,0.12028299661167,-0.163802007834935,0.240633255887292,-0.279258262164755,0.3982463821522
"true","r_wid[wb0ecf0b,Intercept]",0.0688564288301386,0.151834246569783,-0.01047731606119,0.158011281729045,-0.115327434957889,0.250695860009881,-0.253180490667046,0.36806783394043
"true","r_wid[wb14e228,Intercept]",-0.0703036649531178,0.149962438002415,-0.156041725506167,0.0203362653283389,-0.261898421508696,0.102632887049496,-0.405365533444734,0.208591108495333
"true","r_wid[wb2e2d84,Intercept]",0.07614989450952,0.149367237635727,-0.0112727905509149,0.158815082695062,-0.0907487490136448,0.270503514490609,-0.206188379161642,0.406718766652013
"true","r_wid[wb51887d,Intercept]",0.0369863157002874,0.150716247093939,-0.0517061200464121,0.124195629485074,-0.139533206391738,0.225256395325672,-0.25566706070003,0.351841581844631
"true","r_wid[wb71ae9a,Intercept]",0.0273777102035134,0.164684819472671,-0.0626907881059055,0.121735299212671,-0.169093713424615,0.226686054610041,-0.31644591561752,0.362714163184767
"true","r_wid[wb900a5f,Intercept]",0.0776848645845939,0.152699628178949,-0.0136945208227975,0.166483342944359,-0.0945435680859732,0.274611235248005,-0.208714987280275,0.403487430823704
"true","r_wid[wb90ffa2,Intercept]",0.097272090824348,0.158894245519901,-0.00374171598609014,0.184952691550563,-0.0786004654725749,0.299464306135078,-0.18572042736001,0.449953177695342
"true","r_wid[wbaa44ea,Intercept]",-0.0914929455844485,0.159782619594174,-0.182509787089964,0.000592365490507583,-0.300492128081776,0.0922706084728747,-0.42838212592598,0.234387209584592
"true","r_wid[wbb70a68,Intercept]",0.0115734264673422,0.146340406300717,-0.0721330571001392,0.0939128690414825,-0.162658832026951,0.19184478410819,-0.290825347162102,0.312397734009991
"true","r_wid[wbc9e827,Intercept]",-0.16967599253985,0.171218875230091,-0.271311339642669,-0.0534366491968678,-0.395169867060051,0.019416041487569,-0.549942594182501,0.131844497689962
"true","r_wid[wbcfaf6a,Intercept]",0.051621676727018,0.148960329765422,-0.0355321909469925,0.137046172980595,-0.124507885058833,0.242615486454903,-0.2512520531107,0.360262240623519
"true","r_wid[wbd60b70,Intercept]",0.0640759131201031,0.147123499007773,-0.0283281236978552,0.145419812996315,-0.0994442705743067,0.256800956788571,-0.195064074132362,0.412399716249417
"true","r_wid[wbe3571b,Intercept]",-0.0754872360487465,0.155752298340574,-0.16477380090098,0.020548661412125,-0.278586125536076,0.100758249793087,-0.42558141934227,0.216845387216444
"true","r_wid[wbf6ee18,Intercept]",0.106472383234419,0.160975796480703,0.00454004675982697,0.195850037014179,-0.0695686947839266,0.315932058328493,-0.181236808543346,0.484383843529975
"true","r_wid[wc04c93a,Intercept]",-0.133745478954566,0.160645435199292,-0.229333276171562,-0.0246326425773709,-0.345515975058918,0.0420558199788279,-0.485479634842295,0.154474397215839
"true","r_wid[wc471696,Intercept]",-0.197617853812175,0.172502094552424,-0.302186168837387,-0.0772279383207809,-0.423143559973572,-0.00195096134453768,-0.580583901629164,0.0867576508270102
"true","r_wid[wc5adc9d,Intercept]",0.0532166404560509,0.143711564742079,-0.0351387792832464,0.132168147539463,-0.111332890070124,0.239400628954442,-0.208183840801208,0.363222101151072
"true","r_wid[wc6ebbf2,Intercept]",0.0630375767184615,0.146637338962822,-0.0194118264635275,0.144552101328676,-0.10999962441657,0.246550631897473,-0.245894559395089,0.363477639068834
"true","r_wid[wc9128ed,Intercept]",-0.0661318447863743,0.163897912981439,-0.160699827051497,0.0333758186378834,-0.278504801898624,0.125993292532834,-0.419191355321407,0.248565989735999
"true","r_wid[wc9d64f4,Intercept]",-0.0137071672991021,0.155890541772104,-0.0994038923967648,0.0706327232470196,-0.194967505820803,0.176221792641827,-0.350882925769176,0.31500102431051
"true","r_wid[wca8e71a,Intercept]",-0.0527440054239258,0.148626707103609,-0.130461468846127,0.0403771986839095,-0.245888549150619,0.111808447200377,-0.406439775780783,0.217681302004602
"true","r_wid[wca9e1aa,Intercept]",0.0433247743364385,0.153689711012617,-0.0467120133323292,0.122534691455948,-0.130879399172534,0.241141151614601,-0.237983458012265,0.386075924726126
"true","r_wid[wcabe93e,Intercept]",0.085908942796151,0.167436260278112,-0.0160419944942111,0.170063229297389,-0.0960051592356603,0.299184483405086,-0.201830800550067,0.480904497749426
"true","r_wid[wcbb66d9,Intercept]",-0.129412251988614,0.171054635944407,-0.230825465234545,-0.018178469888434,-0.347941283166567,0.0560398707283423,-0.51658566007284,0.188356338494052
"true","r_wid[wcbfad8c,Intercept]",0.000496617936841631,0.160308272431312,-0.0923643939344915,0.088722889125865,-0.188950105170927,0.190266188512447,-0.329034081315115,0.322581010623093
"true","r_wid[wcd5d786,Intercept]",0.0146782098913894,0.148479597926727,-0.0720379851009334,0.0943978452818656,-0.155185259244283,0.198853843530857,-0.272747244680426,0.342735423810495
"true","r_wid[wd071aa9,Intercept]",-0.0536143894035655,0.151049402980525,-0.140434535088973,0.0330536850311168,-0.243639334569253,0.12021495525146,-0.37598464260537,0.245138221706795
"true","r_wid[wd3f2678,Intercept]",0.0393022706319025,0.154780165926851,-0.0517225205913815,0.125242153975761,-0.142521943531263,0.230230680100351,-0.261627143338033,0.375618180010514
"true","r_wid[wd5e9df2,Intercept]",0.12585578764033,0.155987092382078,0.0260277012770708,0.217534436688155,-0.0444100881818495,0.329058569323835,-0.153830826685848,0.468525451668274
"true","r_wid[wd697686,Intercept]",-0.0889446446690082,0.158221690131122,-0.175503531061206,0.0111700401948874,-0.296810957456388,0.084864780354976,-0.449745083757909,0.182400204355877
"true","r_wid[wd7482cf,Intercept]",-0.120436882269209,0.173566825478493,-0.214749265536624,-0.00469846070357469,-0.351290109366605,0.0602920227077547,-0.522390532432013,0.167751272937174
"true","r_wid[wd7d7085,Intercept]",0.11276885741639,0.164169397038773,0.00871980184390849,0.204716392646953,-0.0698986488161166,0.325865647219724,-0.176653409584131,0.490583285052929
"true","r_wid[wd887970,Intercept]",0.0706794142883416,0.16226214503546,-0.0214989306139869,0.155832141483332,-0.111144058679926,0.275318481326385,-0.228605923439284,0.441979553403598
"true","r_wid[wdabae0a,Intercept]",-0.019349839920249,0.168586232780617,-0.10980681450725,0.08415568839876,-0.23823053423078,0.176430045241579,-0.399271742029641,0.294914217858374
"true","r_wid[wdb97422,Intercept]",0.00332806417050909,0.149829416762609,-0.0755422802811256,0.0886203135660881,-0.179244698161823,0.179317137196121,-0.317929973287867,0.314027615141822
"true","r_wid[wdc0f604,Intercept]",0.0640287224439951,0.158969844451109,-0.0342662686164029,0.14961071408009,-0.114927776343715,0.27848520770102,-0.2183362118078,0.42897117223307
"true","r_wid[wdfa587e,Intercept]",-0.0205567569534094,0.146093198598919,-0.0999533621514568,0.0622525521379447,-0.200767023106635,0.149991039547215,-0.333027736559709,0.266649086234655
"true","r_wid[wdfbc43e,Intercept]",-0.171205485464027,0.165937555762871,-0.270696823601812,-0.0552309683551046,-0.388557625997926,0.0130825069221337,-0.53342641003331,0.125934020919454
"true","r_wid[we0078b2,Intercept]",-0.0834002280693649,0.161078725915062,-0.170592468303149,0.0194785999063183,-0.303669767495544,0.0874187344150621,-0.458445568499211,0.184201870028525
"true","r_wid[we07eba7,Intercept]",0.0957014249411384,0.145984909773821,0.0014437899219716,0.18135298705495,-0.0671076955561768,0.285485086167117,-0.165609157791298,0.420138908620602
"true","r_wid[we0e98d2,Intercept]",-0.102491949487611,0.162964166431703,-0.198544242163505,-0.00620487319548069,-0.313008008989617,0.0847702327045434,-0.439543177260513,0.220608626995966
"true","r_wid[we2b50c8,Intercept]",-0.0287409986253373,0.147769135787115,-0.11209145223998,0.0575975226708336,-0.215508163211778,0.144323448796912,-0.346471261500952,0.260589735426983
"true","r_wid[we35ea87,Intercept]",-0.184980057741527,0.176069081947315,-0.286500528911604,-0.0567116397430453,-0.424199485565528,0.00648569685370831,-0.598245383280687,0.0850596354814833
"true","r_wid[we368c94,Intercept]",-0.0209978570836281,0.141526163520974,-0.0980774800947888,0.0552119818242174,-0.194910508192542,0.147320769508371,-0.313100882133138,0.269066870595066
"true","r_wid[we6483ae,Intercept]",0.0399185049969701,0.150100758384281,-0.0475300954139754,0.119023029376677,-0.131158839182819,0.232263033225428,-0.241712353386639,0.380680612350986
"true","r_wid[we6aff32,Intercept]",0.0330351102187717,0.154719473368264,-0.0573638203465691,0.120291812121951,-0.154656837003533,0.219528856033551,-0.276352592661016,0.368322908031869
"true","r_wid[we869265,Intercept]",0.107898853134578,0.153889263696772,0.00795866636527987,0.194817290612809,-0.0628215476564768,0.309062715467435,-0.16130042335007,0.451544340761804
"true","r_wid[wea7f2f9,Intercept]",-0.0342761755923971,0.158174259577463,-0.124743739324538,0.0572104984552593,-0.229790690306475,0.152006279545821,-0.374233032220522,0.273230921787928
"true","r_wid[wea96b0b,Intercept]",0.0121721481928339,0.151645639659139,-0.0772698043186947,0.102172419232728,-0.167626693905039,0.196014091573924,-0.29084216073264,0.326546919665955
"true","r_wid[web7e878,Intercept]",-0.0199808077316956,0.161680867074033,-0.110956814249949,0.0666542536498982,-0.208138992836759,0.175807896849735,-0.34821556265236,0.314881653372058
"true","r_wid[wecf7799,Intercept]",0.0682727556924746,0.157561934014289,-0.0291957185830116,0.154353500275275,-0.108736705437654,0.268215679928784,-0.209647947595106,0.425096702994714
"true","r_wid[wed2778e,Intercept]",-0.172592311551042,0.168711155449197,-0.274878035843625,-0.0574407141040851,-0.39158833441299,0.0168832024234713,-0.547011139837962,0.119354506802559
"true","r_wid[wed354d9,Intercept]",-0.0335149049445986,0.17799568846209,-0.126697805346701,0.0621909349330337,-0.243647680940321,0.16866370114754,-0.423148068031326,0.320909850187944
"true","r_wid[wef591ef,Intercept]",-0.0740098732538398,0.162339627366481,-0.171382470870039,0.0140270385573012,-0.271535332291683,0.119161587479527,-0.407289543107221,0.264325633772515
"true","r_wid[wf1704eb,Intercept]",0.0773463563187594,0.151243538245828,-0.0128137120255678,0.162965314863133,-0.0939621296969282,0.264100528944555,-0.209632122807944,0.418781211668302
"true","r_wid[wf1ea1db,Intercept]",-0.0346991937652298,0.175588413769004,-0.137217259577335,0.0642235971499192,-0.244342409407006,0.173406399998565,-0.393709062780851,0.32261782422003
"true","r_wid[wf3a15bc,Intercept]",0.0509929361175365,0.157810964550671,-0.0417678701631836,0.13682698458847,-0.126737220566867,0.246815318445325,-0.246606263041777,0.402489372559609
"true","r_wid[wf6aed15,Intercept]",0.0140820450771991,0.155194325389505,-0.0763080248221577,0.0975849250167761,-0.166028982145643,0.210865512165786,-0.285565532463009,0.356086341896751
"true","r_wid[wf8b98ff,Intercept]",-0.0919250627148026,0.161503024066655,-0.18399967817597,0.0089600482971987,-0.303280884513606,0.0895991394219308,-0.454258822883041,0.201559261999898
"true","r_wid[wf8bf1c3,Intercept]",-0.0730788387647507,0.155562817393267,-0.159252291023148,0.0184472757349288,-0.262691210624456,0.100924973045194,-0.41413080411847,0.209259059544775
"true","r_wid[wf93dad0,Intercept]",-0.0311718300333027,0.153270191713944,-0.112093852019885,0.0582945182670711,-0.221656545177258,0.150526394982719,-0.366850213296644,0.267563209088554
"true","r_wid[wf9cb312,Intercept]",-0.065767038386877,0.16012980278995,-0.152078741260616,0.0297659474821699,-0.276265336847774,0.113448816763648,-0.423994709048438,0.224260255000703
"true","r_wid[wfd759db,Intercept]",0.0394641947665494,0.15538288495335,-0.0422830442716971,0.128674115177531,-0.154054185754454,0.223486802602413,-0.30877119576252,0.339521977151787
"true","r_wid[wfdd68c1,Intercept]",0.0820046639075529,0.162981552313453,-0.0125397883773152,0.172870351819314,-0.105745711286087,0.29380918955582,-0.234967316862483,0.428806488313836
"true","r_wid[wfe9216a,Intercept]",0.0851089382570554,0.157485963962753,-0.00832186511995957,0.178367280772733,-0.095251312691665,0.284533032596259,-0.22469090666661,0.412922918524885
"true","r_wid[w001d343,value_z]",-0.0162134603641273,0.331049145244937,-0.238227951388109,0.193825701077224,-0.431353210646993,0.41493370950743,-0.643139472885642,0.652495389756602
"true","r_wid[w03114c0,value_z]",0.0500559034880654,0.338146694864579,-0.182351903394863,0.272454472760661,-0.370318396474955,0.478426620972266,-0.612288036548284,0.729295009683627
"true","r_wid[w04c1659,value_z]",-0.438030447887495,0.411724241721505,-0.71372466917954,-0.155376285233083,-0.964211238606194,0.0854804166616104,-1.27143952304078,0.318611426716072
"true","r_wid[w063688a,value_z]",0.709866183715968,0.352591188624991,0.462832354783577,0.925705474687524,0.289889893040875,1.17270035678465,0.0670735466975188,1.46326463844805
"true","r_wid[w06866f0,value_z]",0.457466771788483,0.348599461471794,0.21216350081077,0.701264370507591,0.0174158337464179,0.913279192016344,-0.206598813546506,1.1514542341901
"true","r_wid[w0a27d42,value_z]",-0.215615625549384,0.305075740444701,-0.416510524202012,-0.0168785844474485,-0.599015572276945,0.177983872086315,-0.836269454150694,0.397747926953789
"true","r_wid[w0a90f7a,value_z]",-0.354234308720163,0.37403316705323,-0.608709143911551,-0.104615714856708,-0.838388624846743,0.121260516236677,-1.07948144055654,0.377751206157822
"true","r_wid[w0ae94e6,value_z]",0.352734307065503,0.325859366486377,0.132572227263823,0.556448800323146,-0.056133099265101,0.772694664630783,-0.247642696854562,1.02285108208724
"true","r_wid[w0b2b304,value_z]",0.587290882979505,0.342182003773766,0.347741644384439,0.812723282186936,0.163082566628463,1.02994473842348,-0.0440924428220906,1.3024017594879
"true","r_wid[w0bdd7c4,value_z]",-0.137828354306241,0.317187814607905,-0.345284673034063,0.074769570456956,-0.55516188270713,0.257755880736749,-0.743916341364918,0.491663101402752
"true","r_wid[w0e7fb0a,value_z]",-0.112803854372194,0.377988211601353,-0.359055795649839,0.129959640751832,-0.59068192640297,0.370924401732175,-0.849031011430373,0.63033290203678
"true","r_wid[w0fc6501,value_z]",-0.305248699854438,0.38148765899108,-0.562788311431811,-0.0526102381943343,-0.791755218295347,0.182986519822344,-1.05090617992612,0.445278226155446
"true","r_wid[w107fce5,value_z]",-0.120013396680237,0.30437473597883,-0.320195316252557,0.0799513504079112,-0.500055873763975,0.266010757643635,-0.711640597585698,0.481366330912156
"true","r_wid[w108c7bf,value_z]",0.400662896071525,0.335436374011027,0.162733272938617,0.617318819470409,-0.0170564251385176,0.827440829992563,-0.202226780720254,1.11588698608352
"true","r_wid[w13816ba,value_z]",0.322969729711389,0.384840831705312,0.0620151351591013,0.571481832652895,-0.148556116713772,0.824210641234361,-0.386969942336186,1.1368018778814
"true","r_wid[w18042a7,value_z]",-0.538568813013141,0.370315489522745,-0.78372190227287,-0.287704045441799,-1.00095955286662,-0.0805962445780675,-1.28401829874869,0.183406548130766
"true","r_wid[w192a97f,value_z]",0.145606790928291,0.370886407926973,-0.101339602622794,0.389039601312486,-0.318175610619224,0.616795189960971,-0.572716735622172,0.890850492261948
"true","r_wid[w1ad74ca,value_z]",0.230713641485194,0.396518339154668,-0.0304653220811787,0.479056146927861,-0.270359374142428,0.740870450724955,-0.517149056675615,1.04331916027239
"true","r_wid[w21be7c0,value_z]",0.133127676928632,0.3582736357567,-0.113208803844516,0.374110385654546,-0.3192287132743,0.593396948684828,-0.5501133302395,0.844386504364398
"true","r_wid[w2329c2e,value_z]",0.333130207234934,0.34858184716467,0.0956335530523574,0.560705401657085,-0.111266301588514,0.784081600868466,-0.315931616312883,1.04766599858484
"true","r_wid[w24cc88c,value_z]",0.244117417357048,0.341705696295159,0.0149932854079693,0.465550560983076,-0.182604175308346,0.683859312294739,-0.395933562068541,0.926463893731281
"true","r_wid[w27e5a42,value_z]",-0.0516156814930166,0.318855024585152,-0.269226842245361,0.168115512654641,-0.449453712002314,0.349071161482427,-0.678203419770928,0.566647010868491
"true","r_wid[w28f36aa,value_z]",-0.466757861559888,0.339273226998883,-0.697993852481211,-0.235168764216672,-0.896714508658472,-0.0341880264540864,-1.12789358124683,0.178785717964889
"true","r_wid[w29215b1,value_z]",-0.838241085976204,0.386033843166391,-1.07988414550795,-0.580867017437377,-1.33419372362457,-0.359171557355215,-1.64619697219342,-0.121899174851226
"true","r_wid[w2b37aae,value_z]",-0.109475881825137,0.358118772406538,-0.357479008609168,0.131727274989434,-0.566779956622988,0.351649665697219,-0.795997925496836,0.61055956205119
"true","r_wid[w2b4a70d,value_z]",-0.403700272986548,0.299390072437119,-0.600930169778499,-0.20268918401819,-0.7891724631164,-0.0227201129427891,-0.990485219849876,0.177564936497554
"true","r_wid[w2b9a138,value_z]",0.484041356025915,0.376489073334585,0.225042907122061,0.740531941802571,0.0111308272646928,0.977363205215374,-0.201498998649538,1.27137829515635
"true","r_wid[w2d4c98d,value_z]",0.391690192455516,0.388688940796419,0.133604168636843,0.63465600913573,-0.0834171107753931,0.90396180009113,-0.352848562647692,1.1993466032265
"true","r_wid[w2d80146,value_z]",0.147635583654641,0.362403824477646,-0.0980909480701742,0.384983087709858,-0.303871098228204,0.617691568296076,-0.549780736950312,0.874655957977507
"true","r_wid[w2e6acfb,value_z]",-0.670851303288129,0.376273348964971,-0.919385853020208,-0.414529537705244,-1.15249076500365,-0.191555183239051,-1.45460371498272,0.0415652395638964
"true","r_wid[w2f45fb6,value_z]",0.471147767637131,0.400240660099533,0.201119058337667,0.728181645382183,-0.0339672775219504,1.00048611567739,-0.299449884129658,1.27107438451393
"true","r_wid[w2fdc513,value_z]",0.143099236964564,0.392786396937037,-0.119547211375472,0.402641103690683,-0.356886297256945,0.637642694332731,-0.616485525423408,0.949394591542798
"true","r_wid[w30bb20e,value_z]",-0.195066851551379,0.338763944015082,-0.421657554897364,0.0353645351210789,-0.633974312994449,0.226614015391048,-0.882706361639619,0.464967815881907
"true","r_wid[w31415e8,value_z]",-0.08990417441466,0.328326448281506,-0.310487906224971,0.127846924485353,-0.508595899310739,0.322012932484929,-0.73765640006738,0.564674178523806
"true","r_wid[w31bcaa3,value_z]",-0.213406460884794,0.297744382557897,-0.404861516792775,-0.0263255719579971,-0.589544634561538,0.171055550666742,-0.813906329017865,0.373536278005198
"true","r_wid[w37d3a90,value_z]",0.0637625027934711,0.358241802594535,-0.171831040885622,0.30329901964673,-0.397415794597396,0.514804037299016,-0.64425463662667,0.760789064974332
"true","r_wid[w3870b92,value_z]",-0.516404875520711,0.372676951957795,-0.757978453298292,-0.264869641588814,-1.00548684047691,-0.0469435868728814,-1.28381011009134,0.194246724999425
"true","r_wid[w3946928,value_z]",0.212264881347933,0.415508726436414,-0.061191296140023,0.489749502482599,-0.307035918896644,0.738726808992197,-0.587104644106211,1.0527000223022
"true","r_wid[w39cea38,value_z]",-0.00943886973755823,0.355343472116027,-0.247775061760416,0.226310924099388,-0.467593947550211,0.442388805057085,-0.692002505273796,0.718875595005888
"true","r_wid[w4077e51,value_z]",-0.185814207806678,0.296065997914327,-0.384893706079799,0.00913328655357969,-0.548324449991718,0.196555505904687,-0.765601475630939,0.409298304380083
"true","r_wid[w4140fe6,value_z]",-0.12392807001574,0.33445488904275,-0.341401056740177,0.102043866618476,-0.55794735047652,0.306296186454814,-0.78924620203057,0.529609308836228
"true","r_wid[w4160090,value_z]",0.214177818288848,0.351081844190774,-0.0272815433323212,0.44193189851242,-0.228599541935687,0.670123143909328,-0.435201569272005,0.899706364120693
"true","r_wid[w430272a,value_z]",0.0905247947432969,0.338364050202291,-0.140558784309359,0.31530793390635,-0.337169750946429,0.537698419882503,-0.533949333568144,0.772944792428165
"true","r_wid[w44a1a9f,value_z]",0.281826830899592,0.446103364646067,-0.014443245646785,0.57378122310409,-0.279476416555369,0.865312090249096,-0.557694672940312,1.21058382795359
"true","r_wid[w44b0e2d,value_z]",-0.2186555277004,0.323235152758144,-0.431314607264633,-0.0155455096380121,-0.627914372230349,0.195355549042987,-0.832885829611538,0.451279390105765
"true","r_wid[w45af4af,value_z]",-0.108108023297626,0.323119271374163,-0.328506899731673,0.113335696942638,-0.523766277622938,0.312666529723855,-0.732999091335583,0.514801079222573
"true","r_wid[w47f6859,value_z]",-0.294927352006456,0.413490975218561,-0.558047543648493,-0.0200118140788581,-0.831864104793528,0.22413296497964,-1.1255554500639,0.491708717850754
"true","r_wid[w488be27,value_z]",-0.133136766211285,0.431221844624458,-0.406053792492256,0.144806686967427,-0.67912412490147,0.409892186888604,-1.00941976286444,0.704293292068901
"true","r_wid[w496515d,value_z]",-0.646633652306761,0.328705576872015,-0.865626028389254,-0.427536081917737,-1.06553676782769,-0.235326197701462,-1.33121104872609,-0.0143878214972928
"true","r_wid[w497e696,value_z]",-0.181353633946811,0.348136350462859,-0.406471965104626,0.049978899185923,-0.619919232393609,0.244777374799957,-0.861217956416976,0.508339349200001
"true","r_wid[w4a643e0,value_z]",0.108706683672114,0.377035310751581,-0.147756813701041,0.362985525833336,-0.366498009957021,0.58372565090589,-0.609564685193098,0.869624842638544
"true","r_wid[w4b34871,value_z]",0.131434404529854,0.382625555360355,-0.13610143137657,0.383360468445756,-0.353847467020409,0.614137282264571,-0.588206029388052,0.906799082906665
"true","r_wid[w4bdc2df,value_z]",-0.012414788165651,0.417544132340481,-0.29510207554107,0.270238045500735,-0.541384568692197,0.515310662949974,-0.83244065721168,0.79288966247921
"true","r_wid[w4e902e8,value_z]",-0.30168312973291,0.332835606972245,-0.522387795650491,-0.0788651950020904,-0.726901240639937,0.128575135736986,-0.967221838535182,0.333268506278639
"true","r_wid[w4e997cb,value_z]",0.0187817415607633,0.323803431447081,-0.199631195389935,0.233853189875748,-0.397059477741544,0.439477065446814,-0.580715001002748,0.659502212551648
"true","r_wid[w4ebac4c,value_z]",-0.070242105407355,0.337201363313899,-0.300267686820128,0.159422165922339,-0.499546320279863,0.364543081724146,-0.702241521994537,0.601451943129753
"true","r_wid[w4f4cbdd,value_z]",0.0952994856546436,0.397016404524179,-0.175096195949301,0.368475577892304,-0.405050148804159,0.601111982064099,-0.672490002546223,0.878680762148544
"true","r_wid[w502a382,value_z]",0.0954831550768016,0.407202290058949,-0.178558786366091,0.356427995800529,-0.410011500189641,0.613843202348077,-0.684457966827421,0.930209254170555
"true","r_wid[w52f1872,value_z]",0.0726125563675853,0.353554053305616,-0.17341052822891,0.30474621267645,-0.36536518097594,0.52713571647882,-0.601683851608467,0.784855271417843
"true","r_wid[w5305891,value_z]",0.0364049057684393,0.349545880486729,-0.194361109401995,0.261564458641335,-0.394128796627522,0.472795395941766,-0.634332796296874,0.739923182717161
"true","r_wid[w5317a1b,value_z]",-0.347019771017166,0.368360865245119,-0.595401430454279,-0.105450103031198,-0.823641269806912,0.114103392428282,-1.07836900443511,0.363148189240059
"true","r_wid[w55e643e,value_z]",0.295903727850866,0.440135029693492,-0.00230722996578216,0.587066969050865,-0.253437101877453,0.861176330875884,-0.559263467174518,1.19956932772626
"true","r_wid[w58111ca,value_z]",-0.240156915202981,0.306907271831803,-0.442026163954521,-0.0368599066899555,-0.635180830302786,0.148795932385451,-0.849812807714296,0.336606814000473
"true","r_wid[w58ddb10,value_z]",-0.383982913095525,0.329574067297612,-0.605127625858642,-0.165799508709383,-0.805678220242019,0.0317838579976051,-1.02908269898584,0.251524880541946
"true","r_wid[w5bee286,value_z]",-0.47383023710039,0.330631517478098,-0.692699759735006,-0.245217294100667,-0.898727307108794,-0.0455393265235387,-1.13222076680943,0.160236984982362
"true","r_wid[w5e13b84,value_z]",-0.464095448799825,0.365273532907708,-0.707460240470805,-0.220455353748324,-0.927260720498787,-0.00612043811407911,-1.20567632019134,0.235082537563255
"true","r_wid[w5ef243f,value_z]",-0.364149812525687,0.379129768679497,-0.613838221919205,-0.108511375299124,-0.850375111371786,0.120587262436629,-1.13993219089252,0.372441060926218
"true","r_wid[w5fb2730,value_z]",-0.282295162811712,0.432730655970785,-0.58025054025036,0.0150084711339349,-0.839645951842407,0.257614175622511,-1.14980948120664,0.520597409767617
"true","r_wid[w6079012,value_z]",-0.584210550024023,0.325553895789966,-0.789016229731616,-0.375111515151314,-0.995358807261284,-0.163563778330878,-1.24379854598844,0.068680684823051
"true","r_wid[w608e33c,value_z]",0.127238855443775,0.379912259883443,-0.12779568297896,0.38370883313617,-0.359116953899928,0.610976943731289,-0.611501178176973,0.887667496254446
"true","r_wid[w60e592a,value_z]",0.130636529861362,0.365038939860198,-0.109133140740716,0.372976532657438,-0.337082217347897,0.595845128479759,-0.565188903776066,0.85086295956241
"true","r_wid[w62f57a5,value_z]",0.17003973442859,0.306680671899672,-0.0336571927929807,0.375023709317202,-0.209313256409528,0.554792501295259,-0.434069533936668,0.788884053635888
"true","r_wid[w65ae27b,value_z]",-0.262217345159573,0.341275598181628,-0.48796056175427,-0.0414715719551873,-0.70316484841764,0.17407181782859,-0.927046185030933,0.404208263808563
"true","r_wid[w65ed633,value_z]",0.273107178178572,0.388406835182604,0.0127132397476674,0.527700916209678,-0.218497840630083,0.76778561587467,-0.470834784810369,1.06501854506295
"true","r_wid[w67efce7,value_z]",0.619915784259789,0.373578993625529,0.373576943027849,0.851633499445668,0.161949478308566,1.10019786023686,-0.0886105261376849,1.38941687412413
"true","r_wid[w6b34a8b,value_z]",0.107638378492781,0.375855109999,-0.145821610933883,0.35076654856831,-0.377085319692498,0.589712260639486,-0.600667263818422,0.850243683121126
"true","r_wid[w6c5aa72,value_z]",0.165800869700643,0.432772112925113,-0.122053768283645,0.442268657702325,-0.382717640364597,0.721733468327337,-0.65538352214794,1.04870185765782
"true","r_wid[w6e46ddf,value_z]",-0.554185202690636,0.369262186864118,-0.799997865880983,-0.297074440662912,-1.03429647789782,-0.0758502473371345,-1.29088635673409,0.134161522564677
"true","r_wid[w6ebaea9,value_z]",0.305727758847281,0.389345238465816,0.0493449886077181,0.561927812068114,-0.183353661892223,0.79500235249615,-0.451128354579268,1.09502244499622
"true","r_wid[w6fe5d47,value_z]",-0.150768321144525,0.36245818309773,-0.387427693218302,0.0885930033602955,-0.609585592246985,0.308207921160651,-0.875842589588842,0.56948943661409
"true","r_wid[w715d917,value_z]",0.0839728231390194,0.333538149353397,-0.147119843731593,0.302736934335536,-0.337213204203443,0.511849108108009,-0.560483535579427,0.75933103668838
"true","r_wid[w720e820,value_z]",0.0550699190223638,0.364908188131391,-0.190603746981656,0.299939133802657,-0.406623093642928,0.525273895221972,-0.652961531900484,0.796480907657513
"true","r_wid[w7606987,value_z]",-0.054870621457582,0.380586708384778,-0.301726048230597,0.191674659222668,-0.540907334694092,0.429184931726127,-0.805032478840147,0.716294133012853
"true","r_wid[w7978f92,value_z]",0.18827434003469,0.33068559392028,-0.0474195848714181,0.411704784051917,-0.228395864170616,0.621149768424393,-0.417817271158273,0.85871317916623
"true","r_wid[w797a1e5,value_z]",0.128934269164401,0.398894157428621,-0.137724891450179,0.38580253678546,-0.363792216322764,0.625450310549351,-0.636933459707434,0.942334859832841
"true","r_wid[w7a04fdc,value_z]",-0.126910096774668,0.449249491517538,-0.419667675099811,0.172377598194056,-0.697606492356691,0.439541954495042,-1.04538927600516,0.757935448854132
"true","r_wid[w7c1d29f,value_z]",0.119177324747546,0.388666942562096,-0.131737254326085,0.375082006177895,-0.388025535584171,0.623991951663213,-0.658423429553448,0.898402813396026
"true","r_wid[w7cfc37e,value_z]",-0.566126125365536,0.384102181118944,-0.809688170277565,-0.310979853972326,-1.05579594775406,-0.0883699512607985,-1.33121669062085,0.175403728717496
"true","r_wid[w7e41e95,value_z]",-0.0920601849716706,0.320940230347823,-0.303346311191109,0.122674838237378,-0.50316788124912,0.320868477995789,-0.715413248342441,0.526590194676457
"true","r_wid[w80189d3,value_z]",-0.327297100689661,0.335716593434878,-0.551493796780354,-0.10327903712215,-0.760077519446446,0.105874484931117,-0.979686742618375,0.324673850292993
"true","r_wid[w8146fb9,value_z]",0.181237659927223,0.327237469561676,-0.0373590066723257,0.392883296373182,-0.233517190180897,0.598269030959922,-0.446840059525303,0.839577423757098
"true","r_wid[w84e06f3,value_z]",0.304635347774176,0.342512446806827,0.0712989861427053,0.528806277899082,-0.129721814540084,0.746464389739342,-0.336496281510106,1.00102907138056
"true","r_wid[w8937d22,value_z]",0.0291711259412675,0.349350535474161,-0.201179507175631,0.260438823336095,-0.407656816461484,0.466366628655719,-0.672417683074221,0.746150267204312
"true","r_wid[w8ad52eb,value_z]",-0.25230933906711,0.418436843993086,-0.524391386297123,0.0279121740202319,-0.779395418054509,0.273655117995988,-1.0982043379862,0.545105444475775
"true","r_wid[w8bc33f5,value_z]",0.0735056638148481,0.299501724008223,-0.128726330561402,0.27155420998062,-0.306300873969068,0.45101015158851,-0.509902233265677,0.673431460231548
"true","r_wid[w8d56791,value_z]",0.0825428048548804,0.397998644530328,-0.191158158708087,0.338487263880119,-0.421195267182953,0.596042877367688,-0.689328997992426,0.876215181087509
"true","r_wid[w8e2568d,value_z]",-0.0490346918043856,0.388793241635737,-0.311577852757733,0.210521050639801,-0.549732029642249,0.44788407008759,-0.808951713508275,0.711145208784339
"true","r_wid[w8e5f535,value_z]",-0.0450192030584739,0.366993495701118,-0.280007237151671,0.203190460644009,-0.514844674034583,0.409079453858374,-0.760183957628058,0.694963467487638
"true","r_wid[w8eb1000,value_z]",0.333886582048085,0.334214119895051,0.108882206695865,0.553236464199204,-0.0857389647743428,0.757816520566976,-0.303174575655351,1.02719124789436
"true","r_wid[w8f37d35,value_z]",-0.561590581982082,0.371386263372436,-0.809142708725251,-0.30584474597557,-1.04215005498995,-0.0935386273307003,-1.30167543489712,0.15723435888475
"true","r_wid[w8f47681,value_z]",0.27530582391319,0.388068989163881,0.0141740572657689,0.530848064401285,-0.209919455202885,0.774433715562459,-0.463770350481607,1.07152858530861
"true","r_wid[w8f710ed,value_z]",0.471342138492626,0.346930943725463,0.234204881187732,0.694997804152631,0.0405512774038731,0.930246745919205,-0.172308745250861,1.17776668435022
"true","r_wid[w91e953e,value_z]",-0.312778335759679,0.381199200055549,-0.562642900278632,-0.057016648518535,-0.815028623892261,0.164552333856392,-1.06613882934454,0.424777166017474
"true","r_wid[w93de42b,value_z]",-0.127177528946905,0.314909907522364,-0.344357799646929,0.0830300288037777,-0.528358482709043,0.272223751470215,-0.744832357828684,0.486244188617333
"true","r_wid[w950a999,value_z]",-0.25461759419274,0.37537832478074,-0.508280716448169,-0.00141254545260391,-0.737382302011887,0.216435583605824,-0.996119998430821,0.470074715975686
"true","r_wid[w95f2351,value_z]",0.43279151717337,0.351308462603921,0.193686880892626,0.655585656810358,0.00333582590568054,0.884394451560189,-0.240024156347697,1.1841113066464
"true","r_wid[w967bd55,value_z]",-0.126065108840728,0.339445605286305,-0.35404905396878,0.101802075132473,-0.55878365812465,0.312084032789044,-0.772486880646169,0.545517076684631
"true","r_wid[w970a2f0,value_z]",-0.0259363526017615,0.413060409195739,-0.300855712255231,0.251273606610897,-0.538217122613169,0.491264435258253,-0.828755393582384,0.811239615951623
"true","r_wid[w973f72a,value_z]",0.272316769238446,0.431908073400763,-0.0201164377539639,0.552329314669374,-0.267966134854528,0.833563412607758,-0.54133182710094,1.14593725948627
"true","r_wid[w977f12b,value_z]",0.161786323083467,0.347301421054396,-0.0779413758602917,0.390041689987705,-0.273661899147666,0.602288133481721,-0.4912514240744,0.857524059849394
"true","r_wid[w993543c,value_z]",-0.461652427962133,0.286105606799566,-0.653901671350978,-0.270871827181234,-0.831066836093366,-0.0939823272176546,-1.02651937444246,0.0975574740895517
"true","r_wid[w9a48bb6,value_z]",0.0778515989319604,0.351495620187829,-0.15696504202345,0.302690662715209,-0.37312584823769,0.521716724376138,-0.606578575761685,0.787425083224899
"true","r_wid[w9be1ae9,value_z]",-0.143944573375068,0.33215267901459,-0.365323006861521,0.0707829599852413,-0.565674897399754,0.288450113223036,-0.785617773584363,0.503642218645246
"true","r_wid[w9d4c48d,value_z]",0.144120610098803,0.304166794830677,-0.0707213090688933,0.338737004618451,-0.235843999391152,0.541051375307116,-0.413049310330332,0.78758731636006
"true","r_wid[w9f6c077,value_z]",0.377353304843815,0.395455206335653,0.106931899130755,0.640667784544517,-0.129767714812304,0.893132169134825,-0.37314780588557,1.17533451250216
"true","r_wid[wa0cc687,value_z]",-0.383047950536366,0.360803631347086,-0.628066580154774,-0.134232172017668,-0.850121580737104,0.0885950087653132,-1.0857103620951,0.3147932026886
"true","r_wid[wa13a069,value_z]",0.198954457150881,0.312768860165004,-0.0128331806822357,0.398465500845238,-0.192412474082101,0.597697598868616,-0.388843872831079,0.836285038267082
"true","r_wid[wa36b055,value_z]",-0.093038557907319,0.347555893390864,-0.324579779908877,0.140998030440336,-0.525339026414772,0.34918411295259,-0.760531072816209,0.591933471445318
"true","r_wid[wa577349,value_z]",0.327252188204519,0.334895775792246,0.105749872042803,0.542210281315603,-0.0950118486838926,0.761114995578489,-0.322633406705036,1.02425651218116
"true","r_wid[wa797b6a,value_z]",0.038314483830911,0.392451023893908,-0.219899237634983,0.295893673736511,-0.462439249866091,0.546453820934663,-0.734451068474333,0.825639715668114
"true","r_wid[wa88aaed,value_z]",0.225492286837929,0.32575152992855,-0.00442015404021441,0.439374661636296,-0.183263628561484,0.643895716357504,-0.39225719108805,0.888672397452209
"true","r_wid[wa90a378,value_z]",-0.0224113341959525,0.31068152753474,-0.232278147715371,0.19127673907376,-0.409142780242372,0.371829274837032,-0.615815831818588,0.587680244710991
"true","r_wid[wa913679,value_z]",0.00815310954307598,0.322127733807467,-0.213620647774916,0.22285487774417,-0.401225383689344,0.418074635142528,-0.607094628290222,0.664366420930036
"true","r_wid[waa6a3c8,value_z]",-0.0799516403398771,0.309446405150398,-0.292091463574858,0.124567135867068,-0.477875104114246,0.311683842259393,-0.680741670363314,0.520334295036532
"true","r_wid[wab2e8f4,value_z]",0.337473230348633,0.427311776962227,0.0467260338176904,0.609068048421253,-0.195275321309695,0.895188346496398,-0.492806659715835,1.19404630764713
"true","r_wid[wada012d,value_z]",-0.287282954493068,0.30376732495097,-0.482173923712261,-0.0887691053751505,-0.674483501016918,0.0978972181046692,-0.887604896179105,0.313014547845008
"true","r_wid[wae959a9,value_z]",-0.016045327809636,0.398101328865673,-0.279773825243098,0.24619843511934,-0.525485227664868,0.495850581964133,-0.792884066070909,0.799025270593761
"true","r_wid[wb0ecf0b,value_z]",-0.499070872751637,0.311828268347519,-0.707644472334941,-0.281725156349577,-0.901655169350553,-0.10701585080713,-1.13226929932302,0.0903478031448939
"true","r_wid[wb14e228,value_z]",0.229811862696175,0.330774961812276,0.00737593162201679,0.439916130392219,-0.176165320609227,0.649292612745988,-0.413597879539305,0.91230306489621
"true","r_wid[wb2e2d84,value_z]",-0.2632452800332,0.330404281891906,-0.478323205713139,-0.0489676302637269,-0.689466417132455,0.154275860890719,-0.919649847732442,0.394921056951795
"true","r_wid[wb51887d,value_z]",-0.0731416175879681,0.343433954054674,-0.303420818100757,0.143771430861982,-0.503734790993108,0.364887756224249,-0.745708787097875,0.61743544428387
"true","r_wid[wb71ae9a,value_z]",-0.236066085668292,0.39240225797407,-0.490359305275994,0.0253498492976695,-0.733915542294084,0.261669590199492,-1.03409711178278,0.517311171770035
"true","r_wid[wb900a5f,value_z]",-0.258676549321815,0.30867587684187,-0.466642795809236,-0.0548592186857508,-0.657224945448281,0.134305402198112,-0.847709134250196,0.349038377093708
"true","r_wid[wb90ffa2,value_z]",-0.282886678437223,0.350085747685416,-0.522418767407336,-0.0463410688041701,-0.730419003296586,0.168346892385382,-0.970478558532676,0.386336897662454
"true","r_wid[wbaa44ea,value_z]",0.46036693572483,0.342977956241449,0.224978162136783,0.685710459450098,0.0397643081571743,0.904370411897061,-0.179202337615285,1.16001744963273
"true","r_wid[wbb70a68,value_z]",-0.0520958435576973,0.333358336388604,-0.283270831811136,0.171116267153169,-0.472991655550576,0.384199005211511,-0.684629336479578,0.611027077664141
"true","r_wid[wbc9e827,value_z]",0.610192992097998,0.364668101310095,0.364388318683594,0.833822170825714,0.163646074461269,1.0825414059721,-0.0598504247181888,1.37574498597728
"true","r_wid[wbcfaf6a,value_z]",-0.267704512502646,0.329975623938285,-0.497646910651231,-0.0383021856475461,-0.681139510685247,0.156440244143749,-0.907879548280921,0.384381372826593
"true","r_wid[wbd60b70,value_z]",0.0286692757611116,0.311747502650553,-0.186399173039064,0.229419991077504,-0.363296909924006,0.438549539413705,-0.555905367072897,0.6581611515341
"true","r_wid[wbe3571b,value_z]",0.285553674357673,0.355566362180653,0.0421150685616963,0.516498841871697,-0.161485542716449,0.759642256835444,-0.372275312347825,1.01510322525637
"true","r_wid[wbf6ee18,value_z]",-0.297442158826354,0.343317978856692,-0.535183684273428,-0.0592514978539311,-0.734929026392028,0.144472579425305,-0.964070381884468,0.380790949410919
"true","r_wid[wc04c93a,value_z]",0.495957147153131,0.374281198696578,0.238715082141756,0.740633426292253,0.0294749603520297,0.978085531951758,-0.200611742126535,1.27743897154523
"true","r_wid[wc471696,value_z]",0.70114112441519,0.369631174935279,0.44001534324274,0.943646428801746,0.240939425850657,1.18555898131707,0.0208314165559723,1.46759478911905
"true","r_wid[wc5adc9d,value_z]",-0.0915806788555193,0.333916665306599,-0.310033379718641,0.124119602989477,-0.511609990056784,0.339430846545836,-0.745622977731951,0.58519459825744
"true","r_wid[wc6ebbf2,value_z]",-0.328709856801212,0.308183029265933,-0.540259529219286,-0.125415610504403,-0.716501502535717,0.0716521033145207,-0.920430112431982,0.271737235130213
"true","r_wid[wc9128ed,value_z]",0.25590246757488,0.391105780871423,-0.0132634094432835,0.517329191540718,-0.233206643104627,0.763505382705941,-0.479944733970953,1.04099431155442
"true","r_wid[wc9d64f4,value_z]",0.0834875790355065,0.35215490401844,-0.164215577650211,0.321586352571891,-0.370953870174756,0.522560344272645,-0.5941408382778,0.775428465635557
"true","r_wid[wca8e71a,value_z]",-0.0369471365033352,0.306969058667099,-0.240848533196708,0.16891053311198,-0.423973250135923,0.347782260208721,-0.616349816731361,0.580819425203751
"true","r_wid[wca9e1aa,value_z]",0.0285404004141523,0.335727980700797,-0.197125225469911,0.250557633476245,-0.397781633422614,0.472908107530714,-0.634387936080176,0.691256185788888
"true","r_wid[wcabe93e,value_z]",-0.0995530410376141,0.358041174695226,-0.343441096668822,0.14110937559403,-0.544666733780589,0.343970797097737,-0.809068504352472,0.622207860736482
"true","r_wid[wcbb66d9,value_z]",0.486549355995877,0.367359720385334,0.236164960198213,0.726864406365922,0.0145371364755105,0.958330759226124,-0.202145432897145,1.23567823807955
"true","r_wid[wcbfad8c,value_z]",-0.0796629365728362,0.372421162768495,-0.331795728931114,0.160820049147922,-0.563118578151987,0.399907798889099,-0.797526607069615,0.676745681249231
"true","r_wid[wcd5d786,value_z]",0.11912737319121,0.333259368452426,-0.104219836274884,0.342981891266825,-0.295054342469222,0.549050529918746,-0.513697883975922,0.778885712195025
"true","r_wid[wd071aa9,value_z]",0.204810453923987,0.345192869549087,-0.0331442688966169,0.429542659938209,-0.228469426619177,0.652915170549072,-0.446716992757673,0.911358517809487
"true","r_wid[wd3f2678,value_z]",-0.137063867028076,0.363416005880667,-0.38271865864164,0.107181769000984,-0.604018060846328,0.330022841092854,-0.840026359085993,0.583363900720002
"true","r_wid[wd5e9df2,value_z]",-0.415704911447754,0.318566101237916,-0.624446664885729,-0.200995655720485,-0.828687883568492,-0.0214351528080111,-1.04558362921522,0.195372791416738
"true","r_wid[wd697686,value_z]",0.195056603241707,0.326412753287184,-0.0260259309081696,0.404465211647331,-0.210422173577923,0.608615410612881,-0.429630595239008,0.865438452980235
"true","r_wid[wd7482cf,value_z]",0.210586206484528,0.364620493618815,-0.0412767999479558,0.452262791083549,-0.238604632428489,0.682374083311918,-0.482750898149354,0.933492287242057
"true","r_wid[wd7d7085,value_z]",-0.291427942549453,0.360236993738626,-0.533544096795368,-0.0520146805201932,-0.757141335338193,0.161363914036346,-0.998342747929149,0.408086278225388
"true","r_wid[wd887970,value_z]",-0.160044342900066,0.359377880521739,-0.389538440439757,0.0738391142462051,-0.614449094063268,0.297619595000459,-0.874923773277034,0.574432169421428
"true","r_wid[wdabae0a,value_z]",-0.0926961039346269,0.393889052084146,-0.344089610380151,0.162049038054052,-0.601899999674999,0.382706415409503,-0.869662221585058,0.704874278110955
"true","r_wid[wdb97422,value_z]",-0.129242218685824,0.330962761291776,-0.358264858617778,0.0932568028142668,-0.544130632261446,0.28641397505333,-0.770989486447026,0.525999648899085
"true","r_wid[wdc0f604,value_z]",-0.0350416027365333,0.340499053221271,-0.274134305765597,0.191650772296603,-0.471848897590595,0.401291100002919,-0.691803679692331,0.642032767007461
"true","r_wid[wdfa587e,value_z]",0.0182917370426954,0.316116265073675,-0.19739444759261,0.229826877660331,-0.381116065716125,0.423302497743686,-0.60382711197841,0.648644839681565
"true","r_wid[wdfbc43e,value_z]",0.611918359394905,0.344340382550562,0.374249889762555,0.829406435207988,0.179104250869019,1.06180271071887,-0.0198589969367817,1.32992776897867
"true","r_wid[we0078b2,value_z]",0.00677166419803387,0.323430314200317,-0.209444067739554,0.224992216001348,-0.407920680592659,0.419982255477818,-0.607193477449265,0.653061962140191
"true","r_wid[we07eba7,value_z]",-0.244668685854733,0.296076846156118,-0.442406650280363,-0.042288057116313,-0.624649248549844,0.142001906633854,-0.822978982674442,0.323056686962696
"true","r_wid[we0e98d2,value_z]",0.602759818400037,0.377203489351832,0.342552840916486,0.842120892422818,0.145410750297567,1.09235306166735,-0.0877596971020841,1.39848654344727
"true","r_wid[we2b50c8,value_z]",0.07069568237754,0.348684195259588,-0.165951767515398,0.304795137867749,-0.370315128784518,0.522311145265217,-0.592723343688678,0.752933962399377
"true","r_wid[we35ea87,value_z]",0.484811605689209,0.34232914588751,0.249907740528198,0.71047273330498,0.0552005674414138,0.925088109658581,-0.149668895108731,1.18111587155277
"true","r_wid[we368c94,value_z]",0.0390986897220527,0.318559302263299,-0.171252003900418,0.246937858670702,-0.355058470878222,0.448065382725522,-0.578972780774448,0.681367286736686
"true","r_wid[we6483ae,value_z]",0.0587728144212221,0.315837773760623,-0.15265411895618,0.262696037106485,-0.33816217203704,0.464631648024386,-0.549475575753207,0.7057411414843
"true","r_wid[we6aff32,value_z]",-0.103128375337606,0.396963339998415,-0.367151886309989,0.153890174145029,-0.613061853915628,0.393771550331775,-0.896174494761011,0.6963453072779
"true","r_wid[we869265,value_z]",-0.3218516460977,0.323277906297,-0.534372652782561,-0.107128812466923,-0.730310676916685,0.080987954223255,-0.948661786384653,0.305287357926158
"true","r_wid[wea7f2f9,value_z]",0.0561306522661341,0.36906011413678,-0.197872964369671,0.303678622278559,-0.409574048741871,0.521404544385592,-0.644234834570771,0.791395999730627
"true","r_wid[wea96b0b,value_z]",-0.0096501559064843,0.348405256985402,-0.249739136874905,0.225150965654175,-0.45803442433158,0.444728412672796,-0.666916921975605,0.690079872193709
"true","r_wid[web7e878,value_z]",0.208786561992894,0.380225759270588,-0.0475307225435846,0.44913128769066,-0.261156234248004,0.705843793905062,-0.508153492509151,0.986094155814247
"true","r_wid[wecf7799,value_z]",-0.0510235201896062,0.351370053737703,-0.284099199278705,0.185263818530112,-0.503025574951879,0.401231500908324,-0.746632143551863,0.632205339814195
"true","r_wid[wed2778e,value_z]",0.685781919930999,0.362874051680993,0.43166407805972,0.917884368327724,0.244701074673212,1.15858874802371,0.0274667719750087,1.43543379724186
"true","r_wid[wed354d9,value_z]",0.110531613757111,0.444040907626661,-0.190779371953016,0.408140042435865,-0.455252924282955,0.683974624026708,-0.749996530339983,0.993317803841795
"true","r_wid[wef591ef,value_z]",0.522241419079634,0.361983444773882,0.26096260663361,0.755479179325928,0.0747193545503404,1.00888983088889,-0.15573361368895,1.26170032584365
"true","r_wid[wf1704eb,value_z]",-0.242533042056426,0.327919937756493,-0.45759138834874,-0.023205447373799,-0.654172326358513,0.163295935263833,-0.901776152288559,0.400958521719909
"true","r_wid[wf1ea1db,value_z]",0.176002651080238,0.433215968765438,-0.113469022112074,0.46443033125832,-0.37453561663848,0.735133266398917,-0.661894850896797,1.02958790049765
"true","r_wid[wf3a15bc,value_z]",-0.125150131303596,0.386366898318633,-0.377230523364837,0.126020048622917,-0.609928127640657,0.361172406881425,-0.886136726750662,0.636982061393214
"true","r_wid[wf6aed15,value_z]",0.110926047942334,0.353096134865461,-0.120886010913115,0.340070729972273,-0.326542899666443,0.554803792953024,-0.588122669473738,0.808912491412133
"true","r_wid[wf8b98ff,value_z]",0.277298829079746,0.364459209316009,0.0239057768127394,0.517470420035538,-0.181122971128033,0.748041475760487,-0.394553493097761,1.01914026012633
"true","r_wid[wf8bf1c3,value_z]",0.206680225591599,0.337795656142419,-0.0329084177949729,0.429964399060842,-0.217124746523755,0.648542153636484,-0.442412737670685,0.879456041966147
"true","r_wid[wf93dad0,value_z]",0.0714610102844296,0.34251522379135,-0.157583065222812,0.290735391759463,-0.354770096021171,0.522409905666402,-0.595426507554223,0.751708268644775
"true","r_wid[wf9cb312,value_z]",0.0904637181656756,0.381676064585484,-0.16423709807889,0.340839634312265,-0.395409638840541,0.574779228720497,-0.638301865619535,0.853709192253502
"true","r_wid[wfd759db,value_z]",-0.372966983616664,0.30190602216076,-0.573612474692872,-0.173390870422889,-0.75905563846934,0.00708329907472822,-0.98155442786674,0.216674517236216
"true","r_wid[wfdd68c1,value_z]",-0.348509201548729,0.376953047502068,-0.594769074896754,-0.0923206052790635,-0.839412588595433,0.121553275224263,-1.10434873994696,0.375793381709718
"true","r_wid[wfe9216a,value_z]",-0.321478831339725,0.359314369579942,-0.567184829652801,-0.0746285247971973,-0.783896832062244,0.135814855192303,-1.04550073381415,0.366686913083545
"true","lprior",-5.09227345412393,0.00716016774201825,-5.09663382028424,-5.0874077588996,-5.10182919284016,-5.08363727233675,-5.10774601811377,-5.07964995568119
"true","lp__",-2787.68427952539,18.6382715455064,-2800.10370122423,-2774.61187969659,-2811.42323986037,-2764.31111387421,-2824.73128054068,-2752.45878744415
"memory","b_Intercept",0.293480787335973,0.0450856099460867,0.263045567611541,0.323479609111788,0.235525502526629,0.349976314701341,0.20533474212329,0.380798711108181
"memory","b_recalled_mem_value_z",0.81586546368914,0.0605587068756914,0.774713389145244,0.855773094429507,0.739452183155382,0.895314088795586,0.701182632665954,0.93758405099401
"memory","b_exp_versionexp_c1",-0.0373281565916006,0.059679730838611,-0.0787025634124722,0.00259200682772159,-0.114371240461001,0.0418289232778261,-0.150704553309573,0.0803329648524095
"memory","b_exp_versionexp_c2",0.1276863397969,0.0739485212056793,0.0780528403623194,0.176900517880621,0.0332536130379019,0.221706497624829,-0.0186190422512112,0.273251798909057
"memory","b_recalled_mem_value_z:exp_versionexp_c1",0.0502010013677203,0.0802249604668381,-0.0041520351601149,0.102192882793551,-0.0512768443273788,0.153138345619129,-0.108421532886371,0.212734691682398
"memory","b_recalled_mem_value_z:exp_versionexp_c2",-0.0231454525096832,0.0948840149642575,-0.0878703385454643,0.0400996953808901,-0.146150859537689,0.101956762967655,-0.204258027231722,0.161892095383669
"memory","sd_wid__Intercept",0.177795681423194,0.0764332940521526,0.125440931124008,0.231793713303007,0.0739175339427501,0.273590601958048,0.019017691186397,0.319269689190424
"memory","sd_wid__recalled_mem_value_z",0.482687677673583,0.0660743603776727,0.438261851923041,0.524995020035668,0.397637031826833,0.567428413502749,0.355515794886139,0.614760421291752
"memory","cor_wid__Intercept__recalled_mem_value_z",-0.521431291156898,0.326363200321078,-0.76286543672207,-0.353070571947552,-0.890436365480948,-0.109701614182578,-0.977874199524801,0.282041189130932
"memory","Intercept",0.257018735848811,0.0410023446225695,0.228913299653924,0.284709800655311,0.204444436601056,0.308960915110405,0.17882748046556,0.335474436838563
"memory","r_wid[w001d343,Intercept]",0.109801108409302,0.174433251318545,-0.00082518776207448,0.209135393820395,-0.071553284050414,0.34109750509206,-0.190136290268275,0.51941808704044
"memory","r_wid[w03114c0,Intercept]",0.0246986707314253,0.161765580060981,-0.0642875227073224,0.114058677542847,-0.161882611761087,0.22347060482716,-0.296471810550402,0.369542541607371
"memory","r_wid[w04c1659,Intercept]",0.0216334033004008,0.178031800426558,-0.0756009230041938,0.118741556885148,-0.187382111811137,0.235741047466843,-0.338220755272629,0.404155478050351
"memory","r_wid[w063688a,Intercept]",-0.108242168663229,0.16879172213091,-0.201762700247292,0.00288226228602126,-0.32643926009866,0.0747522111341327,-0.511868533750268,0.173098077897813
"memory","r_wid[w06866f0,Intercept]",-0.0841758452232235,0.159138810554043,-0.176158559105914,0.0103227233699717,-0.286803249828802,0.0858385267260983,-0.440726849990373,0.210369043866778
"memory","r_wid[w0a27d42,Intercept]",-0.00763966987628217,0.166989187365218,-0.100194260886512,0.0781174651236762,-0.205298120664121,0.197952525258907,-0.358303628757704,0.344965809487304
"memory","r_wid[w0a90f7a,Intercept]",-0.00900949976669394,0.168789598411168,-0.0982997360382093,0.0826729051844729,-0.208595411151964,0.188548150411473,-0.36152621332384,0.33511472227849
"memory","r_wid[w0ae94e6,Intercept]",-0.171607750988963,0.187695501378215,-0.279076767259579,-0.0345115332801286,-0.429455108147654,0.0258090393150461,-0.623179377398542,0.118858104772962
"memory","r_wid[w0b2b304,Intercept]",-0.062877021443056,0.171398189286475,-0.155764627052664,0.0368721705949747,-0.280868458744666,0.127326224520527,-0.450610299467405,0.247946764748922
"memory","r_wid[w0bdd7c4,Intercept]",-0.0425515058682741,0.158099046584916,-0.129569167300755,0.0504197667116509,-0.243875196931963,0.137333056119532,-0.392434205076198,0.248062595498434
"memory","r_wid[w0e7fb0a,Intercept]",0.0458434304540272,0.17120134148135,-0.0472749857405553,0.147307997178006,-0.160208905954412,0.256964426207487,-0.309502701567203,0.393732587901063
"memory","r_wid[w0fc6501,Intercept]",0.0650165549065431,0.187698534476056,-0.0398209389735732,0.169230961398632,-0.144505779323941,0.304343041875088,-0.294865311618571,0.474900496749829
"memory","r_wid[w107fce5,Intercept]",-0.0221281184267263,0.156341177464365,-0.107106141985388,0.0612412297117519,-0.21259678154471,0.162138439229992,-0.347891826930769,0.297350854495319
"memory","r_wid[w108c7bf,Intercept]",-0.130970897550185,0.184518617859906,-0.233183146826289,-0.00819635303201896,-0.373676227273853,0.0658733127519815,-0.562771633506462,0.17611742520917
"memory","r_wid[w13816ba,Intercept]",0.00774782098361585,0.180014483756787,-0.0937040344865131,0.102781208690663,-0.201986163683271,0.234757736166216,-0.348061436569383,0.392913443408472
"memory","r_wid[w18042a7,Intercept]",0.151674174757358,0.184277554022543,0.0221174214383496,0.258007674982918,-0.0451975873528196,0.391080937454458,-0.160355337870409,0.574537283941689
"memory","r_wid[w192a97f,Intercept]",-0.0588460065199999,0.169066263459123,-0.152154092803465,0.0345812659797177,-0.271484621463095,0.135361604135093,-0.425888146332385,0.27077511883318
"memory","r_wid[w1ad74ca,Intercept]",-0.00673212984386039,0.17243070226783,-0.101859297109921,0.0885696413398207,-0.218306558828983,0.20469693282154,-0.364138919503223,0.348328848112318
"memory","r_wid[w21be7c0,Intercept]",0.208071021171801,0.194737360921092,0.0754686546838782,0.330560265705673,-0.0158202526767253,0.457016446401105,-0.1402011601079,0.608554101207183
"memory","r_wid[w2329c2e,Intercept]",0.00349200795796467,0.166588561632924,-0.0910271122078976,0.0902351649843948,-0.193552631615868,0.210827696989488,-0.322869818283433,0.363345531017367
"memory","r_wid[w24cc88c,Intercept]",-0.0489500526158225,0.164891003569939,-0.147107133274106,0.0432874599768191,-0.257478709442478,0.147341671064964,-0.398302712935314,0.285509532032899
"memory","r_wid[w27e5a42,Intercept]",-0.0586955863903146,0.179971425861141,-0.15281301763385,0.0420223539788321,-0.286109406899696,0.139878374949025,-0.483713920026218,0.277093706313108
"memory","r_wid[w28f36aa,Intercept]",0.0372186752139582,0.165517630253262,-0.0528718093506669,0.139345788845489,-0.165600247684044,0.235058141128874,-0.33488211923999,0.369576298639709
"memory","r_wid[w29215b1,Intercept]",0.0285803133321571,0.16460429673171,-0.0645937274794596,0.118626508166387,-0.157117384209078,0.233572448603939,-0.305984455471376,0.375087873137353
"memory","r_wid[w2b37aae,Intercept]",0.0430788534915023,0.167205940368966,-0.0475452753959176,0.134716836334541,-0.150414267423437,0.249648152098503,-0.289661687252783,0.383908456216049
"memory","r_wid[w2b4a70d,Intercept]",0.0762249120818609,0.164433768970492,-0.0238083784862683,0.173470272685071,-0.111201125326421,0.288400112774527,-0.242139120619963,0.435271190432021
"memory","r_wid[w2b9a138,Intercept]",-0.038156175516706,0.16338695929733,-0.130640606570069,0.0504530838121803,-0.240020985042773,0.154975394929169,-0.390501960988579,0.285528983306725
"memory","r_wid[w2d4c98d,Intercept]",-0.0899608293199495,0.183223369623926,-0.192039053845811,0.0138073525518471,-0.317986160607709,0.107796252941493,-0.502787947028894,0.269380449923065
"memory","r_wid[w2d80146,Intercept]",0.0865913691743999,0.170240441583654,-0.0141570415029241,0.182537201910326,-0.0988726274405806,0.308172754685417,-0.218244402891794,0.470712575890022
"memory","r_wid[w2e6acfb,Intercept]",0.0387788016176583,0.167836393755426,-0.0555173004352834,0.132307905391138,-0.155040175138536,0.2407358710463,-0.292280599806436,0.401805480525582
"memory","r_wid[w2f45fb6,Intercept]",-0.120092491083056,0.189571389536047,-0.227315652963781,-8.78885006406525e-05,-0.363025725242982,0.0843531859584012,-0.540776158012364,0.217238973877192
"memory","r_wid[w2fdc513,Intercept]",-0.0951742912444274,0.186230413387169,-0.197364291001631,0.0176323059304412,-0.338797483351484,0.111108166490599,-0.530714541321076,0.242768014429159
"memory","r_wid[w30bb20e,Intercept]",0.105516463858904,0.163764969894897,0.00146875355479826,0.200329036711503,-0.0750002585693025,0.322703493350564,-0.179574962481939,0.472471998279049
"memory","r_wid[w31415e8,Intercept]",0.0443778269220175,0.167862140893091,-0.0459175812080438,0.144625229739823,-0.162933568007074,0.248543349693899,-0.328348087931119,0.385956663723553
"memory","r_wid[w31bcaa3,Intercept]",-0.0430300467216622,0.165700179854944,-0.137773716625338,0.0507208784358131,-0.252326803719023,0.154700241940002,-0.396616255945227,0.29799850659161
"memory","r_wid[w37d3a90,Intercept]",-0.159534117238511,0.199258424018525,-0.272669049161672,-0.0157428560836598,-0.428250991952032,0.0477401737688567,-0.632359438118677,0.143372441622688
"memory","r_wid[w3870b92,Intercept]",0.0459059404843578,0.191118294353508,-0.0543535336090285,0.154758846523282,-0.177878443222405,0.278823082158568,-0.362323962282026,0.445050467411184
"memory","r_wid[w3946928,Intercept]",0.0967080295024188,0.173365126337713,-0.0108320922605284,0.192208946223352,-0.0917909974355981,0.317023784857446,-0.219949676805383,0.487301712265528
"memory","r_wid[w39cea38,Intercept]",0.0538642728017921,0.170464063488786,-0.0445323280364869,0.147321589985965,-0.140621433143264,0.268933972645394,-0.271164373934264,0.430917554998538
"memory","r_wid[w4077e51,Intercept]",0.0541530523699983,0.152880176000067,-0.0331147016424772,0.135753345254204,-0.121376447891538,0.250156629514029,-0.236166358543171,0.395851865794665
"memory","r_wid[w4140fe6,Intercept]",-0.020229591608295,0.154177533692331,-0.110888878523195,0.0684252501498977,-0.209071595286935,0.166145458152036,-0.347821018254964,0.29858682448378
"memory","r_wid[w4160090,Intercept]",-0.0121027722074596,0.161806676085786,-0.101437544697873,0.0755244271755738,-0.205760237743648,0.176565726491406,-0.361829615671666,0.315689945431463
"memory","r_wid[w430272a,Intercept]",-0.0166135761965283,0.160951011934515,-0.101760878661923,0.0703329210943292,-0.218933442903533,0.173512596303811,-0.35370790062051,0.293463034951361
"memory","r_wid[w44a1a9f,Intercept]",0.109792862081014,0.177906446661413,-0.0065109242318421,0.211890219656967,-0.0808034374107306,0.350260042660804,-0.186426713846551,0.529108918561908
"memory","r_wid[w44b0e2d,Intercept]",-0.00038206792864954,0.158511103892795,-0.0934185869268334,0.0868450770326092,-0.187153434405632,0.198630123079831,-0.320934322961396,0.335346225158859
"memory","r_wid[w45af4af,Intercept]",-0.0567728297773941,0.161318412604837,-0.148401032870014,0.0331010373050943,-0.261298931460946,0.126794338250375,-0.404973995084239,0.262853478237882
"memory","r_wid[w47f6859,Intercept]",0.02053364424394,0.185109446364553,-0.074799296828637,0.122910112404809,-0.199801680679402,0.243641998999452,-0.374486282319388,0.392658423617892
"memory","r_wid[w488be27,Intercept]",-0.0424631592490535,0.186441706908141,-0.137594305204097,0.0630150952355812,-0.282280987260732,0.171461901196547,-0.456850849083231,0.306096507159918
"memory","r_wid[w496515d,Intercept]",0.157090979535083,0.182952889781879,0.0239948381958248,0.265549659749264,-0.042980629683766,0.403807049583435,-0.135453342273947,0.578986289688723
"memory","r_wid[w497e696,Intercept]",0.0788675640152777,0.163061444662455,-0.0138923447512503,0.168103345402801,-0.103876671832217,0.288570641656927,-0.236492087509834,0.428652095427043
"memory","r_wid[w4a643e0,Intercept]",0.0734734007900151,0.173323297355284,-0.0266720423261014,0.170320788121901,-0.11899962357677,0.298658914409605,-0.263640543614632,0.445112010263619
"memory","r_wid[w4b34871,Intercept]",-0.00972965919569258,0.174997819837777,-0.104104656049814,0.0885328665859131,-0.222725325644695,0.197770970482083,-0.38059112876708,0.34948035147697
"memory","r_wid[w4bdc2df,Intercept]",0.0578007531675343,0.174198761433977,-0.0353637331709709,0.151043983217298,-0.141390515180106,0.273276705470351,-0.300892028967809,0.437447585503515
"memory","r_wid[w4e902e8,Intercept]",-0.0126086959284106,0.161272958286414,-0.0991354265140922,0.0836836330351313,-0.217819399026501,0.173869036099134,-0.375562446220687,0.292098852543198
"memory","r_wid[w4e997cb,Intercept]",-0.06527354166496,0.167019388534543,-0.160414593983888,0.0336237948841042,-0.285050437162957,0.122486293592367,-0.436376407946954,0.251058056366206
"memory","r_wid[w4ebac4c,Intercept]",0.00822004316904144,0.180642712900606,-0.0836256609813947,0.112451800379313,-0.221098765633866,0.214035542484743,-0.390677152279387,0.360674758550332
"memory","r_wid[w4f4cbdd,Intercept]",0.012670705790105,0.184999894687063,-0.0912029343782767,0.110996676566277,-0.199544350403427,0.239397178188159,-0.353582882382881,0.424591174642113
"memory","r_wid[w502a382,Intercept]",0.0590594960199465,0.187578845100147,-0.0484738833400687,0.159388044074941,-0.150768636308952,0.294889664017111,-0.290386965444769,0.498497378975799
"memory","r_wid[w52f1872,Intercept]",-0.0828483780508484,0.179343932974284,-0.185318872380175,0.0250333742344273,-0.311234019152728,0.121088889783338,-0.500356025359078,0.243446081128476
"memory","r_wid[w5305891,Intercept]",-0.0201620578429792,0.169784104122239,-0.114864591754544,0.0724550372348389,-0.229380137246439,0.18047078507624,-0.373794339452345,0.339706000945354
"memory","r_wid[w5317a1b,Intercept]",0.0677644510004351,0.179653384449574,-0.0371961842255195,0.167582146690744,-0.135099100477737,0.296293418676207,-0.26223044628098,0.480410613612453
"memory","r_wid[w55e643e,Intercept]",-0.066156060161213,0.187788670929739,-0.166919068483781,0.0388623404887909,-0.303712469260535,0.140979694134102,-0.487472205446539,0.295961291609697
"memory","r_wid[w58111ca,Intercept]",0.0160604708251808,0.167871203907957,-0.0770667795791582,0.107676767029026,-0.180870974489949,0.226176362337895,-0.331884054670653,0.376353244125794
"memory","r_wid[w58ddb10,Intercept]",0.129687153550662,0.167749165169857,0.0132559907524993,0.224738166248868,-0.0547826056539359,0.35041769420212,-0.158339912877524,0.513321225163371
"memory","r_wid[w5bee286,Intercept]",0.0767520538808891,0.162264099971932,-0.0169710787883041,0.1609041193093,-0.100626953932149,0.283326187238421,-0.216897242746784,0.457325777215672
"memory","r_wid[w5e13b84,Intercept]",0.0946874741287148,0.170374172877034,-0.00902824677498505,0.187829913027905,-0.0891199685550685,0.318486679889467,-0.203468998847401,0.475704030559576
"memory","r_wid[w5ef243f,Intercept]",0.0239218576099544,0.171512350752579,-0.0746844232031618,0.121766368125151,-0.181316703465117,0.241941193302741,-0.306292891211717,0.3898036799613
"memory","r_wid[w5fb2730,Intercept]",-0.0566727707899341,0.190446007517518,-0.161019738198716,0.0488014559549594,-0.2962176045924,0.155023935182308,-0.480706677551781,0.315394318016376
"memory","r_wid[w6079012,Intercept]",-0.0851241650535887,0.170142693896551,-0.181253904540865,0.0194518882279324,-0.311608361742028,0.109164302068692,-0.457287938102309,0.215906624148872
"memory","r_wid[w608e33c,Intercept]",0.0522987052699471,0.169740454728668,-0.0415643317417772,0.153609910995871,-0.156261480177778,0.260338243852755,-0.294942218726855,0.395360618187019
"memory","r_wid[w60e592a,Intercept]",-0.0643299857267765,0.167079328226783,-0.15821591622419,0.0314900094582797,-0.273147997665506,0.123524350787192,-0.436168920512735,0.251244921519078
"memory","r_wid[w62f57a5,Intercept]",-0.0804372748724895,0.164084270558922,-0.178633755517305,0.01787983371815,-0.280962840933754,0.103060193881489,-0.440244016767373,0.233081502814566
"memory","r_wid[w65ae27b,Intercept]",0.133672533793044,0.176329006332327,0.0128118925389836,0.230621151886339,-0.0514727335626155,0.364663542231388,-0.160929842427111,0.543882142184375
"memory","r_wid[w65ed633,Intercept]",0.0345713553084381,0.173140694644928,-0.0631950872677996,0.128589046373916,-0.16779284456587,0.249488642579911,-0.314740120469374,0.403669878795494
"memory","r_wid[w67efce7,Intercept]",-0.0295962611520025,0.159380322813825,-0.119394480062082,0.0546444988943314,-0.22782967870387,0.158618388588391,-0.355801596564971,0.299289221767083
"memory","r_wid[w6b34a8b,Intercept]",0.076001091178657,0.174507441534096,-0.0233322318173704,0.176052664068203,-0.123701842149698,0.29219177336748,-0.269108655837801,0.458715294152437
"memory","r_wid[w6c5aa72,Intercept]",0.043039185700391,0.179152348032113,-0.0554985023176648,0.13910864944638,-0.166706175787666,0.263691521054945,-0.315135392868486,0.437913302977252
"memory","r_wid[w6e46ddf,Intercept]",0.214956102624675,0.189858929750659,0.078128942930482,0.330537621286102,-0.00348922110815143,0.466500506636345,-0.0921517492585266,0.642431429513307
"memory","r_wid[w6ebaea9,Intercept]",-0.0995205602724779,0.184240475413596,-0.202719288005922,0.0144093593335008,-0.343175903725591,0.105390962050076,-0.520349296506676,0.234905811297259
"memory","r_wid[w6fe5d47,Intercept]",0.00549476592537128,0.178195334609707,-0.0905915190159721,0.103398869909371,-0.211602686301019,0.219114679689595,-0.367803042423678,0.367572573771007
"memory","r_wid[w715d917,Intercept]",-0.00113897920205843,0.162040936466563,-0.0955360965257445,0.084502967979165,-0.191637187252997,0.194956145607518,-0.330815523366058,0.341853466576052
"memory","r_wid[w720e820,Intercept]",0.149665741609353,0.174730687384832,0.0245832718866414,0.256048728342945,-0.0438094538164648,0.375546827901565,-0.147508558373175,0.542051485830101
"memory","r_wid[w7606987,Intercept]",0.0546757817502033,0.18435642258843,-0.0536654363001029,0.143698026113944,-0.147533142287966,0.296142764571343,-0.278913698374689,0.482199433923089
"memory","r_wid[w7978f92,Intercept]",-0.0780698486316111,0.170307466771323,-0.176137327194747,0.024648325368117,-0.296677082926666,0.117904986197878,-0.449339399395179,0.238133097352507
"memory","r_wid[w797a1e5,Intercept]",-0.0316536928115614,0.177817002772156,-0.131537509744861,0.0690505670340456,-0.253238742973066,0.178213099600036,-0.408442323977421,0.339556763460826
"memory","r_wid[w7a04fdc,Intercept]",0.0404423735518889,0.183709741934189,-0.0599550483991423,0.134736850502953,-0.167059752551796,0.27305184981113,-0.312738694973095,0.455996811730123
"memory","r_wid[w7c1d29f,Intercept]",-0.130597749742556,0.190492142416299,-0.235776719505014,-0.00509919325688126,-0.385226149190679,0.0745698014150025,-0.56113386834263,0.189533227029645
"memory","r_wid[w7cfc37e,Intercept]",-0.0136320626453552,0.172412690459293,-0.106953869595929,0.0835731241957803,-0.227001309973524,0.197865259219852,-0.386563952648444,0.340738058902072
"memory","r_wid[w7e41e95,Intercept]",0.0122349975263314,0.161753777835771,-0.0735423416336961,0.100044772964625,-0.175719921256834,0.202128008501497,-0.338416920325557,0.356350765974029
"memory","r_wid[w80189d3,Intercept]",0.162320323428712,0.184743419998378,0.0280783950719228,0.264607305653317,-0.0316727766131464,0.410880444562224,-0.122242232033367,0.591641564385391
"memory","r_wid[w8146fb9,Intercept]",0.122871506678418,0.162976175997035,0.0123368993408918,0.222498690953776,-0.0588149355506621,0.337292330626546,-0.176077431950726,0.482872920384879
"memory","r_wid[w84e06f3,Intercept]",-0.0698130802385799,0.165613567824717,-0.166176468036543,0.0255019871265019,-0.279631160812221,0.122126133889948,-0.422372802938628,0.248216843611631
"memory","r_wid[w8937d22,Intercept]",-0.096784713999333,0.193494388389612,-0.196246855747924,0.0231327953747325,-0.347546268898146,0.1042988989372,-0.557025981754966,0.215904461608006
"memory","r_wid[w8ad52eb,Intercept]",0.0260158229242665,0.173430344027854,-0.0684282630512842,0.123047278172437,-0.180031085993999,0.242032447337406,-0.333435950765547,0.386260012236671
"memory","r_wid[w8bc33f5,Intercept]",-0.0927021733260505,0.195435744753038,-0.181870680994999,0.0298984193721686,-0.369682059104631,0.112305302654274,-0.577333115971879,0.216433952067779
"memory","r_wid[w8d56791,Intercept]",-0.0140315349879243,0.176935011906313,-0.107691159434632,0.0827197021536266,-0.226813862181251,0.19221961700159,-0.41759743158015,0.345096653255964
"memory","r_wid[w8e2568d,Intercept]",-0.044974923820919,0.192648663665949,-0.149601727801914,0.0582360227234598,-0.28331940745236,0.175604466741815,-0.448916035280804,0.351730268239316
"memory","r_wid[w8e5f535,Intercept]",-0.0431995995918129,0.170096324099396,-0.136387277880883,0.0569686691482618,-0.258221588701484,0.152628244462459,-0.421593247203467,0.274314384889014
"memory","r_wid[w8eb1000,Intercept]",-0.0323161528681654,0.159181465647033,-0.120911552197069,0.0554919466913796,-0.227103966474408,0.159753809478128,-0.368986300344972,0.296702693820509
"memory","r_wid[w8f37d35,Intercept]",-0.0840140840342039,0.181846300112667,-0.188284584703959,0.0224971456000404,-0.324502120293484,0.122052665795807,-0.480686959927461,0.256734182265988
"memory","r_wid[w8f47681,Intercept]",-0.0765853046105869,0.186380886338428,-0.178904089785758,0.0307313053606165,-0.315084974648164,0.135325945896577,-0.501530249470042,0.261749483774489
"memory","r_wid[w8f710ed,Intercept]",-0.07038852880218,0.169711561628346,-0.170908821821504,0.0269011340016799,-0.278180519514884,0.134877445760839,-0.419963149734078,0.281842055180098
"memory","r_wid[w91e953e,Intercept]",-0.0116463195250508,0.166318073923271,-0.103664014517528,0.0817139536067973,-0.213379149782488,0.186524303474153,-0.375874309193904,0.318074018111621
"memory","r_wid[w93de42b,Intercept]",-0.0855653090717927,0.184158133667589,-0.185167215404462,0.020485949484434,-0.326611056721514,0.122528275114507,-0.497154778545812,0.257273385538338
"memory","r_wid[w950a999,Intercept]",0.049327123094865,0.165862091327584,-0.0479798138407983,0.135756872170162,-0.140712217827285,0.264013102386349,-0.267922107350998,0.414767251465855
"memory","r_wid[w95f2351,Intercept]",-0.0999584368728518,0.17331057700864,-0.197796615161049,0.00335230332816781,-0.325685225148143,0.0845416870738249,-0.482183522473618,0.226801861106377
"memory","r_wid[w967bd55,Intercept]",0.0531012477640496,0.153230143544985,-0.0306330915972071,0.143785222038513,-0.1365744271801,0.24230343742719,-0.262640798639274,0.364055835097179
"memory","r_wid[w970a2f0,Intercept]",0.0941161342466413,0.191102321132705,-0.0196528837121349,0.196045830840047,-0.113446391046576,0.34675506972185,-0.246265204678721,0.533906048973341
"memory","r_wid[w973f72a,Intercept]",-0.0531411584262705,0.183217270157257,-0.157203697733561,0.0506707754463991,-0.282330599557938,0.162177688528343,-0.451053737510622,0.31753824467114
"memory","r_wid[w977f12b,Intercept]",-0.0629616480628887,0.16115727932324,-0.156785237474415,0.0286356162002821,-0.270134372902346,0.125333796966272,-0.405470803110862,0.252481110785371
"memory","r_wid[w993543c,Intercept]",0.11507194443084,0.160493690765071,0.00693892477967823,0.207385305682368,-0.0566897336726032,0.321122297033372,-0.164995367456568,0.480043757885838
"memory","r_wid[w9a48bb6,Intercept]",-0.117581976570346,0.17801669591627,-0.214471945509468,0.000381874595208177,-0.36092519664217,0.0773602907678438,-0.52887063522089,0.182342884529037
"memory","r_wid[w9be1ae9,Intercept]",0.166158490318527,0.181613946711402,0.0406355972653722,0.271746940727422,-0.0320173835384052,0.404074665303217,-0.145924372698853,0.561542501637909
"memory","r_wid[w9d4c48d,Intercept]",0.00315473748699086,0.153767641511715,-0.0858436045917019,0.0885994631028593,-0.177139480498643,0.192568988125935,-0.304486834888858,0.338207674070638
"memory","r_wid[w9f6c077,Intercept]",-0.0717275043725122,0.180825718097263,-0.175597332398054,0.0274843862421525,-0.298702233075873,0.134502956244932,-0.451112904154877,0.300607865974156
"memory","r_wid[wa0cc687,Intercept]",0.0817166773346172,0.180843249384354,-0.0238864696809014,0.180687576758375,-0.118332271479557,0.315483134700434,-0.246487634039451,0.491235819544803
"memory","r_wid[wa13a069,Intercept]",0.0986755654772382,0.158188811717374,-0.00405074029838819,0.1869319111276,-0.0731492256881615,0.30312651392268,-0.170680446300968,0.459665088195107
"memory","r_wid[wa36b055,Intercept]",-0.0101708200500709,0.166638248251504,-0.0990760623478933,0.0807259650045477,-0.207711905454625,0.183825362941536,-0.368057036636049,0.323186903159425
"memory","r_wid[wa577349,Intercept]",-0.113464091355548,0.174361968293915,-0.212855274699431,-0.00189442449804364,-0.344148259205841,0.0747114001570745,-0.507390360061024,0.20959121802414
"memory","r_wid[wa797b6a,Intercept]",-0.0805835120975432,0.177822124838507,-0.181546417384067,0.0188498409586398,-0.301640364619707,0.125036773069702,-0.475106501776772,0.273285615573693
"memory","r_wid[wa88aaed,Intercept]",-0.0952981660195572,0.17162933914009,-0.188811381146095,0.0128166037091079,-0.32531439287086,0.0893601159011312,-0.50483259582298,0.187595257621991
"memory","r_wid[wa90a378,Intercept]",-0.0536227320731226,0.167460883680632,-0.145375401997483,0.0387956390455397,-0.268784941531833,0.135267664319587,-0.423911625333164,0.271954253251213
"memory","r_wid[wa913679,Intercept]",-0.12910340963411,0.171968658128131,-0.232280188065167,-0.0134626401281601,-0.357396103549911,0.0643992624264897,-0.511328668578474,0.184086555327269
"memory","r_wid[waa6a3c8,Intercept]",0.0992385189491711,0.177167241640346,-0.0119131668760667,0.197048623666956,-0.0886862013482308,0.329321401716538,-0.210977714630178,0.492330206875818
"memory","r_wid[wab2e8f4,Intercept]",0.0313642877130568,0.167041217088379,-0.058090439340721,0.127067148706788,-0.163037234553332,0.235352523929218,-0.31520706330277,0.384641607245622
"memory","r_wid[wada012d,Intercept]",0.155090382542087,0.188170995369249,0.0201983347099488,0.259261803228394,-0.0467479728318693,0.406596992429484,-0.135087561353106,0.600969158123496
"memory","r_wid[wae959a9,Intercept]",0.0987817807079017,0.188035044901855,-0.0175767562449898,0.205093053744681,-0.112206406699893,0.346148609626162,-0.24304319045051,0.511757231618811
"memory","r_wid[wb0ecf0b,Intercept]",0.069660359872589,0.196811090727028,-0.0365989923978766,0.190458477489423,-0.172261530438782,0.305926455446774,-0.36051412372935,0.451092842792293
"memory","r_wid[wb14e228,Intercept]",-0.06504069246487,0.165744546442903,-0.160086586473802,0.0348607732501673,-0.286735031091648,0.128129275878647,-0.427830238361005,0.239311339517498
"memory","r_wid[wb2e2d84,Intercept]",0.0329768490677704,0.176939441725216,-0.0624301655018396,0.132107178886176,-0.172794834638526,0.253719882285915,-0.332029350970124,0.411342612171137
"memory","r_wid[wb51887d,Intercept]",0.063129283032744,0.167249121098363,-0.0343628751196294,0.159100391798947,-0.128319978610358,0.274391605538665,-0.262541544535102,0.431440971951643
"memory","r_wid[wb71ae9a,Intercept]",-0.0429161780033443,0.168543717123631,-0.137505673356262,0.0535754633667241,-0.254827491930422,0.15101254908638,-0.404149230707495,0.286905126652476
"memory","r_wid[wb900a5f,Intercept]",0.109389760709758,0.173934506360591,-0.00123666467775539,0.208677442901061,-0.0841994902929337,0.346262959323646,-0.201513428278099,0.500625417043263
"memory","r_wid[wb90ffa2,Intercept]",0.0239100207203328,0.1720870513248,-0.074936110984546,0.113333857898469,-0.177442432453224,0.239076631395386,-0.307215282966212,0.413991213272628
"memory","r_wid[wbaa44ea,Intercept]",-0.0468578085023386,0.164855876888012,-0.137197134260759,0.0444824071706832,-0.258881468507595,0.141749343609762,-0.405364603140187,0.273691080039037
"memory","r_wid[wbb70a68,Intercept]",-0.0227868450305325,0.170012400861092,-0.112943669641921,0.0692364745275049,-0.233931800217164,0.177718297147101,-0.388339688534729,0.315878070777296
"memory","r_wid[wbc9e827,Intercept]",-0.201413957873453,0.197523378823399,-0.31949820290928,-0.0581724409541482,-0.46951635090414,0.0165552616322369,-0.640764134931914,0.117678702631137
"memory","r_wid[wbcfaf6a,Intercept]",-0.0450163145167601,0.162694163978559,-0.134296730870414,0.0463733644101097,-0.252515545210511,0.149400641069627,-0.39835931326392,0.264115154786973
"memory","r_wid[wbd60b70,Intercept]",0.15017692711968,0.169630241167885,0.0287854673476077,0.246097649853602,-0.0295190295185636,0.378326258201344,-0.135588254105171,0.539657498878866
"memory","r_wid[wbe3571b,Intercept]",-0.0136091420783304,0.158908732262175,-0.101970569097872,0.0734107477535074,-0.203244445491499,0.17488094270623,-0.342915433395282,0.319743634891565
"memory","r_wid[wbf6ee18,Intercept]",0.138276459387106,0.178680592186267,0.0141900951195396,0.242177514706342,-0.0532086298578279,0.373494747323551,-0.166060521352471,0.56303800191431
"memory","r_wid[wc04c93a,Intercept]",-0.0568599984152947,0.161060974388232,-0.148427594022441,0.033652845922896,-0.256337572786764,0.124419911076986,-0.394136593907111,0.276144459623163
"memory","r_wid[wc471696,Intercept]",-0.136584200253343,0.179722376957795,-0.23617784815094,-0.014907993060491,-0.372920980407754,0.0505072312867201,-0.547862085302886,0.172179312328885
"memory","r_wid[wc5adc9d,Intercept]",0.0461374124616039,0.162939997222771,-0.0499222454811088,0.141048372295137,-0.146941205864023,0.253775568334272,-0.266595914521538,0.397482661696776
"memory","r_wid[wc6ebbf2,Intercept]",0.0918651853598377,0.153693022461102,-0.00110072736157597,0.181921819917217,-0.0806476805523889,0.285513599844866,-0.205389314225735,0.427874774453669
"memory","r_wid[wc9128ed,Intercept]",-0.0798236445131813,0.181135127157187,-0.178214434404902,0.0272780993462489,-0.309950897953951,0.125003907446391,-0.491605189740493,0.262417351331945
"memory","r_wid[wc9d64f4,Intercept]",-0.0353551028561916,0.170232433100455,-0.132017792734932,0.0601205566964695,-0.247441461356472,0.166309737559586,-0.395740037361647,0.305540617867917
"memory","r_wid[wca8e71a,Intercept]",-0.108829755242387,0.168531178137685,-0.209801583626484,0.00190423805419162,-0.337895682509111,0.076721993389095,-0.487231253766782,0.186172398476133
"memory","r_wid[wca9e1aa,Intercept]",0.102459348801241,0.17456187821007,-0.00673497800284852,0.196870825162055,-0.092276126996182,0.338517328015448,-0.196221218123476,0.507390041600361
"memory","r_wid[wcabe93e,Intercept]",0.0165455932948597,0.186568550071061,-0.0896846447923781,0.117734923897198,-0.201404858176612,0.249656030329592,-0.357132754676841,0.426832550724084
"memory","r_wid[wcbb66d9,Intercept]",-0.0734209982164782,0.174288230149174,-0.173169553077402,0.0290472925598052,-0.290275960041002,0.122176019039126,-0.453972109921395,0.259472235144697
"memory","r_wid[wcbfad8c,Intercept]",0.0147837081386861,0.189479695010509,-0.0809864286899934,0.117963658858321,-0.219951564871256,0.246118880683193,-0.410659446232239,0.397391417793467
"memory","r_wid[wcd5d786,Intercept]",0.0362712857854017,0.165911567352933,-0.0617873744083292,0.127082170493839,-0.15635713937156,0.249653635737424,-0.280400821685303,0.410096037661722
"memory","r_wid[wd071aa9,Intercept]",-0.100116502326302,0.18213373266444,-0.206356206552148,0.00922063468082224,-0.340453180065545,0.105232375663042,-0.513709175284873,0.23357480127727
"memory","r_wid[wd3f2678,Intercept]",0.0651662858330995,0.164372117933843,-0.0270626784666938,0.155581652364604,-0.126863035373988,0.274176736774117,-0.256705156748422,0.435003610139943
"memory","r_wid[wd5e9df2,Intercept]",-0.0475689134050816,0.179606388232649,-0.146621068021029,0.0498780113148475,-0.269759411589448,0.159877334571445,-0.423977741685834,0.308613164663243
"memory","r_wid[wd697686,Intercept]",-0.0972804763243834,0.184925352222658,-0.19817816417384,0.0158276308308091,-0.337672905782963,0.0977412860222052,-0.532077488598241,0.225014489109313
"memory","r_wid[wd7482cf,Intercept]",-0.101415373814404,0.166989215372776,-0.193035079985963,0.00418906325586723,-0.319528330204094,0.0764574764792462,-0.486969589328428,0.18449178074867
"memory","r_wid[wd7d7085,Intercept]",0.10337766494445,0.175748775387686,-0.00297955578944823,0.20168982253892,-0.0902133865171563,0.334013165155274,-0.212032042704982,0.507481812599748
"memory","r_wid[wd887970,Intercept]",0.0674954053374238,0.173324255092551,-0.0331781627015115,0.163655353109031,-0.123126900196572,0.292616645407429,-0.264881168675249,0.467493972538145
"memory","r_wid[wdabae0a,Intercept]",0.0299343043302091,0.192084032128312,-0.0715994062557158,0.145485070798957,-0.210033730702488,0.261625694570192,-0.395238003714201,0.401051468442516
"memory","r_wid[wdb97422,Intercept]",-0.06271077264704,0.165069717305305,-0.150926923202641,0.0340303052687902,-0.267481234232639,0.119923872467153,-0.428467814994672,0.239181490723646
"memory","r_wid[wdc0f604,Intercept]",0.0525505353319619,0.17300550001868,-0.0532213986360072,0.145209502131402,-0.136530045845671,0.279155417938527,-0.256434293376146,0.452506661152855
"memory","r_wid[wdfa587e,Intercept]",-0.0212435851915541,0.165680654609159,-0.112085331177858,0.0741888525098698,-0.232492409713299,0.174239226950816,-0.37243261401647,0.296531559746516
"memory","r_wid[wdfbc43e,Intercept]",-0.133658972897247,0.177524244217023,-0.244479607480399,-0.015316688063989,-0.360955023910632,0.069480739960994,-0.508856171006933,0.201615538177983
"memory","r_wid[we0078b2,Intercept]",-0.0575110605836683,0.156692973119482,-0.145078724947705,0.0265653938570681,-0.251962859770944,0.128617901453923,-0.393910067724669,0.252325557300852
"memory","r_wid[we07eba7,Intercept]",0.0805384134643915,0.161393862583017,-0.0169039253900169,0.170467902394512,-0.102562535034605,0.291663448320317,-0.20210377222979,0.44588393599745
"memory","r_wid[we0e98d2,Intercept]",-0.0759699158339145,0.170714848928286,-0.181230460017338,0.0204084216603663,-0.285807839930165,0.123102240259681,-0.424024956999262,0.269823870486619
"memory","r_wid[we2b50c8,Intercept]",0.0424194407061952,0.158080162939244,-0.0453258858191092,0.128606238782256,-0.138819367298272,0.239813217650197,-0.274256384892635,0.387522102792245
"memory","r_wid[we35ea87,Intercept]",-0.117880763684866,0.167819831513549,-0.215387942285049,-0.00309914344457381,-0.342991380923994,0.0602588439918788,-0.505900844531394,0.158078649094756
"memory","r_wid[we368c94,Intercept]",-0.0320481475372386,0.16264941832341,-0.119098540201977,0.0590451684255455,-0.232962333867628,0.160004470116454,-0.393991448268908,0.275452178046456
"memory","r_wid[we6483ae,Intercept]",0.0994815548179467,0.170933801294303,-0.00950967151026846,0.19585100284674,-0.0844018037279671,0.322994127972915,-0.195658166846502,0.502167395137193
"memory","r_wid[we6aff32,Intercept]",0.0509370456491258,0.168831951384555,-0.0426066569588503,0.14392288449544,-0.137669931584773,0.258933458318737,-0.291067300374851,0.41317668205973
"memory","r_wid[we869265,Intercept]",0.127348106050373,0.17520138437646,0.00937211849177756,0.225543712191832,-0.0675735934444439,0.362413277044402,-0.184581340659829,0.524746283259934
"memory","r_wid[wea7f2f9,Intercept]",-0.019529972964399,0.170441064589389,-0.108352701915617,0.0722758518091667,-0.229796695916421,0.180168931187541,-0.390222829014493,0.321446919392131
"memory","r_wid[wea96b0b,Intercept]",0.0428693265963043,0.162519184560185,-0.0416882487736728,0.133045388273766,-0.152372782692197,0.245378190657897,-0.291679523405483,0.379416718379222
"memory","r_wid[web7e878,Intercept]",-0.0800092939917374,0.190921770407378,-0.188396626243587,0.0264598885634636,-0.32357779699744,0.140021051483841,-0.492548484496389,0.282129756963443
"memory","r_wid[wecf7799,Intercept]",0.0618327792282811,0.171881446923382,-0.0391722438340386,0.155003397353225,-0.129050346559649,0.290158672754308,-0.250417352055727,0.46008324830924
"memory","r_wid[wed2778e,Intercept]",-0.167509637836449,0.181162389995308,-0.271625431082715,-0.039976262834306,-0.401283940627597,0.027878989160933,-0.586779817663134,0.138771253422286
"memory","r_wid[wed354d9,Intercept]",-0.0264456912762292,0.188564481014967,-0.131458269942473,0.0814100603800585,-0.258093083684049,0.198526991810272,-0.424821094312641,0.346925096821233
"memory","r_wid[wef591ef,Intercept]",-0.0130091372493328,0.168988457386444,-0.113290741862146,0.0790113184330015,-0.217723297232859,0.200092273135251,-0.348668078718984,0.344972555665983
"memory","r_wid[wf1704eb,Intercept]",0.0455595633269786,0.159016978497652,-0.0475515107761305,0.132982470255372,-0.135859726235472,0.250932977282812,-0.259317483173903,0.390761697618926
"memory","r_wid[wf1ea1db,Intercept]",-0.00786757474708217,0.187260171892475,-0.111565550267567,0.0958642353315098,-0.239259059354523,0.220435076909989,-0.390090244095612,0.375955959542351
"memory","r_wid[wf3a15bc,Intercept]",0.0072842893695318,0.187117950948111,-0.0924753572154008,0.112281606819547,-0.218308003096645,0.22891230010723,-0.387483945685879,0.387281043399374
"memory","r_wid[wf6aed15,Intercept]",0.0545379917153057,0.166315404422322,-0.0426922808979092,0.148492324993331,-0.130986396787391,0.273231632422095,-0.256933381735849,0.424705137049284
"memory","r_wid[wf8b98ff,Intercept]",-0.12318250348756,0.185318294036333,-0.232907075946885,-0.0047992027106065,-0.362773414532502,0.0818718604995664,-0.525388377451376,0.210589627415855
"memory","r_wid[wf8bf1c3,Intercept]",-0.0949287629280249,0.174242948609277,-0.197896660576979,0.0114183432277107,-0.322209208112084,0.101584908919504,-0.486263108118437,0.214630025120842
"memory","r_wid[wf93dad0,Intercept]",-0.0296481834376161,0.164403526836573,-0.1183089787017,0.0610597051932225,-0.236672143123986,0.158412184783557,-0.386727438270629,0.296069246022386
"memory","r_wid[wf9cb312,Intercept]",-0.0321235771013739,0.174077182382728,-0.123238546078121,0.0666199444958618,-0.252662380749344,0.169031350523831,-0.431631923831332,0.297562395402414
"memory","r_wid[wfd759db,Intercept]",-0.0523290703419791,0.161845262638576,-0.140424722641568,0.0393139762572123,-0.25630327919922,0.13441835749471,-0.405593608778245,0.253189569413989
"memory","r_wid[wfdd68c1,Intercept]",0.0078142071127178,0.167052040580405,-0.0813197121377345,0.099163435010493,-0.192425232915025,0.209960086237545,-0.339617520196744,0.349037124467525
"memory","r_wid[wfe9216a,Intercept]",0.110000008064339,0.174250153044658,0.00119315791160431,0.210529794137224,-0.0786562350748203,0.334017865476532,-0.21999517980532,0.491891367468815
"memory","r_wid[w001d343,recalled_mem_value_z]",-0.12496110026957,0.307340693776722,-0.337737257689069,0.0778925491966413,-0.51235960117128,0.270962736813955,-0.689185670810289,0.49394725365324
"memory","r_wid[w03114c0,recalled_mem_value_z]",-0.0830274063819691,0.32802699792474,-0.304097905415765,0.135746356324362,-0.500700057727975,0.334974572345059,-0.715151251120656,0.58371781462375
"memory","r_wid[w04c1659,recalled_mem_value_z]",-0.132694032852629,0.413596774057016,-0.405738555727733,0.133319683935945,-0.6515082435223,0.384485049247352,-0.934961205533168,0.709258794264402
"memory","r_wid[w063688a,recalled_mem_value_z]",0.180333672442178,0.312774861130083,-0.0381755591235082,0.389468519835881,-0.215170182533731,0.585885074423474,-0.406972507442219,0.813782545357734
"memory","r_wid[w06866f0,recalled_mem_value_z]",0.283807165359697,0.354083561183346,0.0568462462719137,0.497492339199945,-0.157209685709315,0.720521129489056,-0.393021920872463,1.03204568513607
"memory","r_wid[w0a27d42,recalled_mem_value_z]",0.121424117464906,0.356895738848959,-0.119605862851752,0.364211670690215,-0.326720494636423,0.575713744219438,-0.558383614299279,0.833404874874727
"memory","r_wid[w0a90f7a,recalled_mem_value_z]",0.0374202992976286,0.40780610096601,-0.234789369833363,0.294689174856966,-0.474366118753412,0.569076437852178,-0.750729540739216,0.883290272429782
"memory","r_wid[w0ae94e6,recalled_mem_value_z]",0.357298861128179,0.351907295349548,0.114213400037522,0.592881586513672,-0.0831614872277836,0.810395510063544,-0.286713503486403,1.09519910520879
"memory","r_wid[w0b2b304,recalled_mem_value_z]",-0.00231457169432102,0.353774347601989,-0.237958827465879,0.235621687667142,-0.448213078249886,0.44348168800696,-0.684658536155672,0.723397935087399
"memory","r_wid[w0bdd7c4,recalled_mem_value_z]",-0.0434311793616235,0.341221800120265,-0.270654740386411,0.18249100777315,-0.471561697676226,0.391227759990816,-0.726711255485525,0.643317763230802
"memory","r_wid[w0e7fb0a,recalled_mem_value_z]",-0.324528565676922,0.371515343604279,-0.574130814469961,-0.0720515621645938,-0.802102969943163,0.145660623854247,-1.0325041699959,0.420261617173071
"memory","r_wid[w0fc6501,recalled_mem_value_z]",-0.128483336209499,0.463798686705141,-0.434842207221767,0.176539893833965,-0.711175599982221,0.450649229469561,-1.05616492401474,0.780155554288089
"memory","r_wid[w107fce5,recalled_mem_value_z]",0.0473944814339628,0.358860822009004,-0.196278945324827,0.281820662682913,-0.404403225447202,0.510046513639739,-0.631312269284505,0.756974961301274
"memory","r_wid[w108c7bf,recalled_mem_value_z]",0.40928657280783,0.373693961321908,0.150970090184078,0.652607117742548,-0.0609698810557522,0.891967695029199,-0.292829675378578,1.1902327898123
"memory","r_wid[w13816ba,recalled_mem_value_z]",0.179477069182024,0.407707404952701,-0.0986521061674427,0.442678691194189,-0.336055314329974,0.708659290783268,-0.620163010219062,1.00654830134054
"memory","r_wid[w18042a7,recalled_mem_value_z]",-0.515284053345384,0.363544536900203,-0.754113725995596,-0.274957640819559,-0.975443853008956,-0.0617273745830966,-1.26215411727344,0.183732469734729
"memory","r_wid[w192a97f,recalled_mem_value_z]",0.312407346519266,0.360675737950506,0.07505155709725,0.536908855107264,-0.132956519677082,0.769613860346117,-0.348156780270268,1.0642461980666
"memory","r_wid[w1ad74ca,recalled_mem_value_z]",0.0527597837396479,0.382742207353778,-0.211021771788526,0.313719038546307,-0.438157021590137,0.547148527922754,-0.689481346317479,0.795691143343774
"memory","r_wid[w21be7c0,recalled_mem_value_z]",-0.965386624720366,0.198072616557533,-1.09259641407257,-0.829975115346504,-1.2238927592934,-0.715901617950254,-1.37706977128053,-0.60212244309236
"memory","r_wid[w2329c2e,recalled_mem_value_z]",0.147655133456458,0.346868587987368,-0.0899949820397362,0.375431789469015,-0.296949516493812,0.578477468692108,-0.52023841147548,0.841984612706457
"memory","r_wid[w24cc88c,recalled_mem_value_z]",0.236710534607296,0.356196433895432,-0.00116336501254739,0.468660045431529,-0.2055455927136,0.690275051725832,-0.441214371888123,0.963627815805929
"memory","r_wid[w27e5a42,recalled_mem_value_z]",0.0366621852536126,0.373411481597571,-0.215757916618811,0.276636933135966,-0.436779180247185,0.526044713496716,-0.669149050654578,0.787861352342479
"memory","r_wid[w28f36aa,recalled_mem_value_z]",-0.467356572048146,0.330953113236813,-0.693045591717123,-0.242864531069898,-0.89349998061016,-0.0404209710802469,-1.12376141821576,0.176935353475254
"memory","r_wid[w29215b1,recalled_mem_value_z]",-0.0696193401106121,0.331405000453323,-0.284054819518164,0.139786543319591,-0.494894454277841,0.356953766714449,-0.702555651968478,0.605807452981259
"memory","r_wid[w2b37aae,recalled_mem_value_z]",-0.244187496869544,0.324272023537485,-0.463942408557114,-0.029027190575871,-0.650553575461155,0.183117380807909,-0.855142032211774,0.409134100190379
"memory","r_wid[w2b4a70d,recalled_mem_value_z]",-0.250149482307537,0.375182151438432,-0.500840420618852,0.00693289037004058,-0.748275954538391,0.216003684782322,-0.991395212762927,0.466996803113614
"memory","r_wid[w2b9a138,recalled_mem_value_z]",0.17853232160356,0.386560503055452,-0.0856671029294732,0.432327167783233,-0.308440387528884,0.679152662163052,-0.550426972538418,0.967231709569284
"memory","r_wid[w2d4c98d,recalled_mem_value_z]",0.367857179954107,0.414365500412718,0.0883956497051535,0.640787575507722,-0.158644442783264,0.906787709448393,-0.43530302271421,1.20522541474477
"memory","r_wid[w2d80146,recalled_mem_value_z]",-0.144908824149713,0.322646179320125,-0.366611402877339,0.0613611509401727,-0.555529439241442,0.274555072904127,-0.758077916775749,0.504933751086825
"memory","r_wid[w2e6acfb,recalled_mem_value_z]",-0.14730029103184,0.39844292558697,-0.412979410997014,0.12159828088695,-0.659752153146003,0.35085356317025,-0.930057615172806,0.638779529704419
"memory","r_wid[w2f45fb6,recalled_mem_value_z]",0.519908149255,0.433975988819505,0.219756620336068,0.798370616212934,-0.0202185592041256,1.07864860042762,-0.293655721693967,1.4118179784574
"memory","r_wid[w2fdc513,recalled_mem_value_z]",0.243434617849992,0.421294065403672,-0.027242923745717,0.515835708248113,-0.290319699498202,0.765666485095718,-0.576646206502469,1.10223840467627
"memory","r_wid[w30bb20e,recalled_mem_value_z]",-0.261556111072594,0.331696892441326,-0.482551001770417,-0.0452199592563343,-0.682557195023308,0.152581618450207,-0.910819085397755,0.395362747918958
"memory","r_wid[w31415e8,recalled_mem_value_z]",-0.552872921066811,0.314475950320503,-0.761656441641769,-0.342472851883112,-0.954512784920802,-0.152336958005218,-1.16776177480457,0.0620634823273878
"memory","r_wid[w31bcaa3,recalled_mem_value_z]",0.312747951718043,0.368329949065904,0.0649394881450235,0.549230826762868,-0.129192194668872,0.788163434449357,-0.388961515692648,1.06795481322788
"memory","r_wid[w37d3a90,recalled_mem_value_z]",0.175557657539663,0.411607450570407,-0.105873326266826,0.450165805224918,-0.352464558693737,0.712679366404609,-0.60866304545582,0.981902662848821
"memory","r_wid[w3870b92,recalled_mem_value_z]",-0.467276118481168,0.410033635083641,-0.750803870463872,-0.182862738455897,-1.00368166377631,0.0518510118286228,-1.27920340008894,0.31029131821889
"memory","r_wid[w3946928,recalled_mem_value_z]",-0.224163802882498,0.374684454859647,-0.460048184613314,0.0134527791824254,-0.707372598015022,0.26593931309017,-0.955689812439306,0.530367044215798
"memory","r_wid[w39cea38,recalled_mem_value_z]",-0.165236713843815,0.428340712445288,-0.443285501555714,0.109833295506629,-0.717048618491628,0.371947957650738,-1.00850478902121,0.683870090845388
"memory","r_wid[w4077e51,recalled_mem_value_z]",-0.128718609914571,0.324462153792511,-0.34375874934943,0.078802770929544,-0.52655062209633,0.284262316276296,-0.76517218561318,0.525629707390671
"memory","r_wid[w4140fe6,recalled_mem_value_z]",0.108601414746445,0.329580349407162,-0.112638226254173,0.327471694353693,-0.308575261360938,0.539980741881874,-0.51570129242171,0.77311520179189
"memory","r_wid[w4160090,recalled_mem_value_z]",-0.00988816822274049,0.339905861703525,-0.237930192331928,0.22140134246289,-0.453093531831725,0.420704338405858,-0.688810973282938,0.663146150701949
"memory","r_wid[w430272a,recalled_mem_value_z]",-0.0302541499815068,0.341490419638441,-0.257039037591668,0.192435809137658,-0.460575338701908,0.411829044985809,-0.698109254772246,0.660547494726646
"memory","r_wid[w44a1a9f,recalled_mem_value_z]",-0.155751381850413,0.420589956341924,-0.430842180717376,0.125026585414401,-0.694630869590302,0.373206185801756,-1.00421593067712,0.66110699654647
"memory","r_wid[w44b0e2d,recalled_mem_value_z]",0.174030737513498,0.350914428514334,-0.0641877903471407,0.405405429441461,-0.269163123932732,0.623430587833099,-0.492581835665878,0.873396166225285
"memory","r_wid[w45af4af,recalled_mem_value_z]",0.262931240951078,0.370823622351905,0.0162501417133316,0.504525267057224,-0.20063622993095,0.747722377235349,-0.441798328971411,1.0185121456403
"memory","r_wid[w47f6859,recalled_mem_value_z]",-0.352725442989467,0.37339516089511,-0.59392776851316,-0.105031805117857,-0.821782561876808,0.116029423483375,-1.09524787121845,0.375340026880727
"memory","r_wid[w488be27,recalled_mem_value_z]",-0.0825773176841662,0.461392831916818,-0.38827048697624,0.222068506833356,-0.676740387763274,0.506627239935729,-1.00748878582166,0.814488084783058
"memory","r_wid[w496515d,recalled_mem_value_z]",-0.222972954236794,0.381922096092672,-0.472049652805885,0.0212737972624307,-0.700419593433778,0.264875401096104,-0.978879769266791,0.549046680662228
"memory","r_wid[w497e696,recalled_mem_value_z]",-0.382253862855795,0.352849973478817,-0.612272260862244,-0.152725289431558,-0.834109284210677,0.0648495812210275,-1.08201060079681,0.316882120822394
"memory","r_wid[w4a643e0,recalled_mem_value_z]",-0.34795890225106,0.372888538187564,-0.592915637326157,-0.0942983296370988,-0.816907919752979,0.126687104434357,-1.06314127605479,0.356043067497724
"memory","r_wid[w4b34871,recalled_mem_value_z]",0.0909980359589308,0.412154279678183,-0.181897256021513,0.364851177104677,-0.428438273849432,0.607595577343381,-0.71007942606408,0.917592916297048
"memory","r_wid[w4bdc2df,recalled_mem_value_z]",-0.265080802147414,0.434576646342807,-0.549166275733922,0.0186361072444254,-0.82857167044338,0.277838380559999,-1.12269580201262,0.569943683091279
"memory","r_wid[w4e902e8,recalled_mem_value_z]",-0.294163993440607,0.312802227988312,-0.498356060659719,-0.0873856680080936,-0.697939975804452,0.113412512748807,-0.897403227855243,0.311833677929897
"memory","r_wid[w4e997cb,recalled_mem_value_z]",0.191237177230278,0.360572173052155,-0.056972824010324,0.430275959737817,-0.26906578411336,0.660164285505824,-0.48221286733867,0.918767720404136
"memory","r_wid[w4ebac4c,recalled_mem_value_z]",-0.339244022081306,0.335710908540315,-0.561908184416903,-0.114239645133868,-0.768048769873301,0.0839072572331986,-0.997514251333413,0.333348019734035
"memory","r_wid[w4f4cbdd,recalled_mem_value_z]",0.175218360521031,0.440787245741973,-0.126163220119328,0.457266609608985,-0.38804189174065,0.732976659764095,-0.646439619857041,1.06636955371412
"memory","r_wid[w502a382,recalled_mem_value_z]",-0.0749354370051372,0.433836013979214,-0.362235485290914,0.215666330929716,-0.631229467356272,0.474340818592706,-0.938972273787519,0.763895691388257
"memory","r_wid[w52f1872,recalled_mem_value_z]",0.287590637608435,0.390748611517117,0.0171788104174785,0.554583538200629,-0.209322164030018,0.79069710217065,-0.478594143197814,1.08592369533945
"memory","r_wid[w5305891,recalled_mem_value_z]",0.157088207302503,0.369045004769716,-0.0828481701972261,0.392877624114274,-0.310793149468281,0.62800047838108,-0.544937259331551,0.899839221331406
"memory","r_wid[w5317a1b,recalled_mem_value_z]",-0.0531157290076653,0.418576683287147,-0.336595082312386,0.234125973044065,-0.574751946696332,0.465250922277196,-0.86894697281383,0.772424408195328
"memory","r_wid[w55e643e,recalled_mem_value_z]",0.155143451230729,0.44086278512839,-0.14377130626307,0.434182728770342,-0.386257627874614,0.709216477831232,-0.68956081748206,1.08081946282176
"memory","r_wid[w58111ca,recalled_mem_value_z]",0.060282015404875,0.373647812310918,-0.193049315623215,0.303363852609205,-0.414594519650806,0.55767703997566,-0.635757402263044,0.816123912761691
"memory","r_wid[w58ddb10,recalled_mem_value_z]",-0.422150621775834,0.326691311571179,-0.64704630631655,-0.197732346021085,-0.836873386421129,-0.00906931782999669,-1.06142623920926,0.206725909202055
"memory","r_wid[w5bee286,recalled_mem_value_z]",-0.145333013350609,0.291303748157237,-0.341963183435715,0.0405351127037352,-0.511894905133464,0.227531686047647,-0.705901832757666,0.45750870216089
"memory","r_wid[w5e13b84,recalled_mem_value_z]",-0.230960844159727,0.342967711523201,-0.456001546024421,0.0052367470673333,-0.670265212674167,0.204221196396506,-0.90267777110222,0.454083039153162
"memory","r_wid[w5ef243f,recalled_mem_value_z]",0.0681356827487412,0.363912541652758,-0.182283715342501,0.304118666034954,-0.377809652851741,0.53115267420529,-0.615881579663528,0.827532094873951
"memory","r_wid[w5fb2730,recalled_mem_value_z]",0.110431738829945,0.472539071072968,-0.191418039957244,0.417149901630089,-0.483954384977974,0.71197316872148,-0.832133991381195,1.03711885006659
"memory","r_wid[w6079012,recalled_mem_value_z]",0.290768117039579,0.371007205393305,0.0369709235373449,0.542376760610642,-0.181666983573966,0.770411788364056,-0.393597410867309,1.06028322570101
"memory","r_wid[w608e33c,recalled_mem_value_z]",-0.414222411301853,0.348459169845659,-0.647015384063671,-0.181255389535233,-0.858368521592127,0.026669715032666,-1.0890189626616,0.280652027530941
"memory","r_wid[w60e592a,recalled_mem_value_z]",0.134432479175527,0.350045395436646,-0.105845048142879,0.363968050208357,-0.304920637505915,0.589097824232986,-0.549314560125529,0.831096112637411
"memory","r_wid[w62f57a5,recalled_mem_value_z]",0.337403340553029,0.345346533351583,0.101269756824842,0.556323499814247,-0.0992526300878248,0.784127331455629,-0.308558952339189,1.04034263374344
"memory","r_wid[w65ae27b,recalled_mem_value_z]",-0.30354607604617,0.342086923234715,-0.538438992718107,-0.0672416979054814,-0.749445006084221,0.129242565824071,-0.960842920831441,0.347940256225796
"memory","r_wid[w65ed633,recalled_mem_value_z]",-0.13300099564297,0.388913939468435,-0.395458034818508,0.12269126796927,-0.623680873099913,0.357206638790043,-0.886743623990278,0.635375784012375
"memory","r_wid[w67efce7,recalled_mem_value_z]",0.256264426316442,0.333546971658764,0.0250998371577145,0.466898604254701,-0.156845610431354,0.685931428153504,-0.360586030487267,0.960985170673814
"memory","r_wid[w6b34a8b,recalled_mem_value_z]",-0.409977342081445,0.378154396276136,-0.663946457686799,-0.159429343179317,-0.886823488472176,0.0704254320641647,-1.15832765774145,0.328617441530657
"memory","r_wid[w6c5aa72,recalled_mem_value_z]",-0.144190534510611,0.43657411514322,-0.431511437128142,0.13363360248007,-0.701607989680345,0.409579285800227,-0.998828151961371,0.723849988101226
"memory","r_wid[w6e46ddf,recalled_mem_value_z]",-0.819071388102451,0.361006362304226,-1.05393283485896,-0.580445964324309,-1.28823634704507,-0.366858641886068,-1.54956533179123,-0.127698616032019
"memory","r_wid[w6ebaea9,recalled_mem_value_z]",0.21651433955212,0.415469621588144,-0.0626198827500138,0.48641360882585,-0.307789720973265,0.752197742195738,-0.578059782174239,1.04952914405986
"memory","r_wid[w6fe5d47,recalled_mem_value_z]",-0.138370851738127,0.409435505504205,-0.407392442718669,0.13871469313232,-0.669905249317333,0.37689513132023,-0.92763225356941,0.660329525011544
"memory","r_wid[w715d917,recalled_mem_value_z]",0.10136666634449,0.370769780297178,-0.149001004562948,0.350682738392186,-0.375396795817843,0.565937146022342,-0.602110038632777,0.842993592480072
"memory","r_wid[w720e820,recalled_mem_value_z]",-0.506985430182805,0.393706159336258,-0.769859501873153,-0.24216956772758,-1.00250038712801,-0.0102643110042221,-1.30205016527933,0.244154965729783
"memory","r_wid[w7606987,recalled_mem_value_z]",0.0503259777438898,0.41237132594576,-0.233250650736094,0.326867946582766,-0.477207342663023,0.581197452188849,-0.715760700185627,0.899501808307654
"memory","r_wid[w7978f92,recalled_mem_value_z]",0.288106721364503,0.359343107860266,0.050903940680132,0.522262233338812,-0.165471088274659,0.739903327235944,-0.408896213477731,1.0058660043406
"memory","r_wid[w797a1e5,recalled_mem_value_z]",0.107953331328516,0.42611009051487,-0.163193336429079,0.389933745247366,-0.440734102227376,0.654296615992267,-0.713626381418162,0.954077393812861
"memory","r_wid[w7a04fdc,recalled_mem_value_z]",-0.0654159752755411,0.480656675318865,-0.375383842336248,0.240034305424551,-0.659929993418343,0.552590999016659,-1.03591598732543,0.894480175984358
"memory","r_wid[w7c1d29f,recalled_mem_value_z]",0.441243966142809,0.448105001704705,0.130209837201132,0.733730843979804,-0.10925457538026,1.02166667574226,-0.396918462505292,1.37687480094248
"memory","r_wid[w7cfc37e,recalled_mem_value_z]",0.135526982921196,0.415884406160039,-0.139020338415184,0.413741337037061,-0.376948239915292,0.665354516300684,-0.669204092483549,0.977507958412585
"memory","r_wid[w7e41e95,recalled_mem_value_z]",-0.144365527316559,0.38284741390864,-0.399834988183667,0.104834483411733,-0.632699415900394,0.337159188989016,-0.904358321127944,0.606122023456152
"memory","r_wid[w80189d3,recalled_mem_value_z]",-0.348179226986603,0.283083790264028,-0.543802091369728,-0.161076391352836,-0.711491173579527,0.0238564460546368,-0.880624155454744,0.230820967679976
"memory","r_wid[w8146fb9,recalled_mem_value_z]",-0.46461973910395,0.298455074810147,-0.663163019015247,-0.265680081461046,-0.84401418867441,-0.09785034837887,-1.05641758746253,0.120028772169913
"memory","r_wid[w84e06f3,recalled_mem_value_z]",0.370869714573737,0.381815510476182,0.11171578683432,0.614482564903614,-0.100649210931174,0.861096104734457,-0.348051477120539,1.16431346052037
"memory","r_wid[w8937d22,recalled_mem_value_z]",-0.0657742195664979,0.318292833651901,-0.278616413995344,0.135389791680944,-0.457985769707244,0.342447307614192,-0.67409041994304,0.582675264518567
"memory","r_wid[w8ad52eb,recalled_mem_value_z]",-0.208487066421907,0.409688999810631,-0.478305505591486,0.0580622345311122,-0.729884701450027,0.309819642997523,-1.02425502782754,0.610444334968011
"memory","r_wid[w8bc33f5,recalled_mem_value_z]",-0.305146563268278,0.320029918870334,-0.518998967113722,-0.0902450201618714,-0.711330175884982,0.102349389279306,-0.926867542153475,0.33659821682903
"memory","r_wid[w8d56791,recalled_mem_value_z]",-0.0486785471833881,0.434230475043185,-0.335417651554542,0.226818171218558,-0.600923523401406,0.499048062528627,-0.916696423710414,0.83850299871736
"memory","r_wid[w8e2568d,recalled_mem_value_z]",0.323452691014182,0.46115014345107,0.018393908440796,0.619104874487934,-0.244680195117394,0.911819636187528,-0.545739357141064,1.25914790540379
"memory","r_wid[w8e5f535,recalled_mem_value_z]",-0.00878071181599833,0.34849510283566,-0.244397045232095,0.225512975354927,-0.459060912880574,0.4394355666058,-0.701666321794999,0.670656229837576
"memory","r_wid[w8eb1000,recalled_mem_value_z]",0.183421613768696,0.34122686078779,-0.0519327060053803,0.412048196184736,-0.252851718496227,0.627309984430266,-0.457310813465358,0.862435530387433
"memory","r_wid[w8f37d35,recalled_mem_value_z]",0.258979299674269,0.455421189682904,-0.0436733401212848,0.5533747987678,-0.311236405397483,0.837473460884307,-0.596179942768112,1.20449281048658
"memory","r_wid[w8f47681,recalled_mem_value_z]",0.153758141552551,0.416521048163543,-0.129162383327442,0.428281104777027,-0.369330582816257,0.683328037097695,-0.634221311654144,1.01486050582994
"memory","r_wid[w8f710ed,recalled_mem_value_z]",0.505074496964807,0.392779566674479,0.243685496396652,0.760197979468818,0.0013720006986269,1.01673227063959,-0.230857862676796,1.28855710223633
"memory","r_wid[w91e953e,recalled_mem_value_z]",-0.0426948027573835,0.373159578343393,-0.297410243694626,0.207148064078891,-0.522512181197721,0.429607015224955,-0.753067035113999,0.705737229001556
"memory","r_wid[w93de42b,recalled_mem_value_z]",0.301730100427442,0.405472883430666,0.0333197324724881,0.562851157222432,-0.211048274912488,0.822485643310828,-0.472611415313591,1.12636933556604
"memory","r_wid[w950a999,recalled_mem_value_z]",-0.0964136046617138,0.378017355796956,-0.343434506635842,0.154334027455491,-0.568446513814365,0.38351844291958,-0.846693625606152,0.64432198311603
"memory","r_wid[w95f2351,recalled_mem_value_z]",0.405248537378103,0.398254097547067,0.144396439603855,0.649689569914312,-0.0907870597514445,0.914003934062375,-0.349749144663812,1.25189316681711
"memory","r_wid[w967bd55,recalled_mem_value_z]",-0.412458106438975,0.308272322783966,-0.617694828090427,-0.206985034324554,-0.80749465663911,-0.0208633855003875,-1.0231411035463,0.191184791395853
"memory","r_wid[w970a2f0,recalled_mem_value_z]",-0.136464019869439,0.478078226915415,-0.453862824784627,0.18054231003637,-0.739515993103962,0.460803093004345,-1.06133513224048,0.803862115709819
"memory","r_wid[w973f72a,recalled_mem_value_z]",0.312000423998959,0.440638833590867,0.00735769238609116,0.606132541370405,-0.236425081545255,0.885135700027858,-0.527461747571858,1.20482644303214
"memory","r_wid[w977f12b,recalled_mem_value_z]",0.396230013677052,0.364291857503374,0.147559591810073,0.630523198348758,-0.0575669745060424,0.864316964570768,-0.274529806698596,1.18764312520665
"memory","r_wid[w993543c,recalled_mem_value_z]",-0.374475748560492,0.311015858555362,-0.58224352232674,-0.164548332226666,-0.772346314956725,0.0306035187833987,-0.977718343126368,0.241809995615492
"memory","r_wid[w9a48bb6,recalled_mem_value_z]",0.233632976848884,0.369151378770346,-0.0202059965325987,0.477546355181075,-0.222439833861343,0.70870486062517,-0.467335663377168,0.970617155369471
"memory","r_wid[w9be1ae9,recalled_mem_value_z]",-0.694959508856896,0.33121139062457,-0.914527741223931,-0.470873633028419,-1.1197301760516,-0.277314070212793,-1.35605972152177,-0.0628500362696768
"memory","r_wid[w9d4c48d,recalled_mem_value_z]",0.115239940629784,0.30996151239472,-0.0902854194838026,0.311220823564149,-0.266989805612759,0.512714683707932,-0.483340312588986,0.756681590615306
"memory","r_wid[w9f6c077,recalled_mem_value_z]",0.420416349780711,0.405004156815435,0.150725209111591,0.68266043105113,-0.0837385179056165,0.928713416866848,-0.37651890585587,1.25492179050345
"memory","r_wid[wa0cc687,recalled_mem_value_z]",-0.166058820648153,0.416134651443807,-0.441319773576296,0.113784542306997,-0.705783833555106,0.367010990769785,-0.988937521202296,0.642128931433973
"memory","r_wid[wa13a069,recalled_mem_value_z]",-0.0880162993173353,0.308040418944514,-0.296564741124003,0.113495627055857,-0.474040430735158,0.30902707492288,-0.678981227801757,0.532218385848347
"memory","r_wid[wa36b055,recalled_mem_value_z]",-0.0465702859402957,0.384275150678407,-0.300717027959326,0.206588440551056,-0.526782700763738,0.434517139847776,-0.806289505683921,0.705984418112332
"memory","r_wid[wa577349,recalled_mem_value_z]",0.485388571045275,0.377391192551404,0.220992652837183,0.727642481629906,0.0219380549052209,0.972023818448406,-0.221215046767169,1.2521636205286
"memory","r_wid[wa797b6a,recalled_mem_value_z]",0.428046574643724,0.422993229733914,0.14792268232241,0.690861288043913,-0.101114799679163,0.956328526844643,-0.373001826303633,1.32552240206299
"memory","r_wid[wa88aaed,recalled_mem_value_z]",-0.0155950699674767,0.318855118094084,-0.227979236083522,0.192187067090026,-0.411440022643083,0.396696011097978,-0.615001692580913,0.634112921161833
"memory","r_wid[wa90a378,recalled_mem_value_z]",0.0876041947907727,0.345891828658634,-0.144565272075788,0.310752117738646,-0.360078501046438,0.535969159455654,-0.582466625683555,0.781219821816177
"memory","r_wid[wa913679,recalled_mem_value_z]",0.588002393075241,0.365330705741079,0.337555175637462,0.814973618436216,0.142206804278513,1.06539511021797,-0.0797580127755072,1.36959020793064
"memory","r_wid[waa6a3c8,recalled_mem_value_z]",-0.198470294734152,0.345948072854285,-0.430195166614222,0.0345506818036833,-0.641360819762873,0.241629905797421,-0.878706820323286,0.480507114944788
"memory","r_wid[wab2e8f4,recalled_mem_value_z]",-0.238367849873352,0.355949346694095,-0.46199248628548,-0.00381822106101316,-0.682821761870763,0.211389670211823,-0.95769925193223,0.47356769123846
"memory","r_wid[wada012d,recalled_mem_value_z]",-0.246796661882505,0.41479985301146,-0.523168291573123,0.0244746014771668,-0.776616045971114,0.28064889795729,-1.0652329674437,0.580715566468603
"memory","r_wid[wae959a9,recalled_mem_value_z]",-0.332263463483332,0.426893428584691,-0.619981373909873,-0.0402916948307431,-0.872468508799076,0.212226753623424,-1.16534901953539,0.500040978251802
"memory","r_wid[wb0ecf0b,recalled_mem_value_z]",-0.720106740620185,0.340999721122714,-0.951225337646945,-0.485459380769542,-1.16343361771769,-0.287352844931526,-1.38748140184984,-0.0568925207065379
"memory","r_wid[wb14e228,recalled_mem_value_z]",0.098924524443921,0.349185585081352,-0.139644195986064,0.336863921025837,-0.346410280593635,0.543041086335962,-0.571376614716558,0.779172192583997
"memory","r_wid[wb2e2d84,recalled_mem_value_z]",-0.201844328102258,0.387957521800579,-0.462226310653634,0.0616856616610699,-0.71051431792114,0.297495970589976,-0.958004473190825,0.557939359379148
"memory","r_wid[wb51887d,recalled_mem_value_z]",-0.249369733162925,0.384596380088729,-0.517811422803812,0.0107582525779612,-0.733014538108344,0.242913576240333,-0.990946491507571,0.526500457079529
"memory","r_wid[wb71ae9a,recalled_mem_value_z]",0.176575261154835,0.395120433236056,-0.102602432663282,0.44817882723356,-0.314476996333574,0.679794478205952,-0.578147455064277,0.983411325644653
"memory","r_wid[wb900a5f,recalled_mem_value_z]",-0.374128101534924,0.402947661968879,-0.635562864010661,-0.0998125550986168,-0.89632011537965,0.132251768086356,-1.20183823249926,0.389698632342361
"memory","r_wid[wb90ffa2,recalled_mem_value_z]",0.102303108994533,0.427633157069912,-0.179633908911002,0.388974603853076,-0.448606591676346,0.641146930683782,-0.740552268605791,0.932683726276506
"memory","r_wid[wbaa44ea,recalled_mem_value_z]",0.200490253298543,0.384845666055918,-0.0667487895940344,0.450527714488638,-0.281750416964663,0.696960307194541,-0.516636458452346,0.979643841091303
"memory","r_wid[wbb70a68,recalled_mem_value_z]",0.0436945806873069,0.386692478795399,-0.223656188568071,0.302214213657442,-0.444850444363485,0.535890639456951,-0.690195834580397,0.813227050946832
"memory","r_wid[wbc9e827,recalled_mem_value_z]",0.739064465955914,0.393188851873933,0.466306991759119,1.00001165641257,0.248543508590082,1.25056885191809,0.016276955899951,1.55593138745687
"memory","r_wid[wbcfaf6a,recalled_mem_value_z]",0.142192246984573,0.353981918850286,-0.0933448639796659,0.371765355046464,-0.293528920157498,0.588312048715848,-0.544179214786023,0.854706341573694
"memory","r_wid[wbd60b70,recalled_mem_value_z]",-0.403112087350764,0.2736727349479,-0.580207108160057,-0.223031394309817,-0.758068267601802,-0.0550052516871438,-0.945903968908944,0.132825094179487
"memory","r_wid[wbe3571b,recalled_mem_value_z]",0.124389700462612,0.308292838770547,-0.0825455667918789,0.332758501403414,-0.268770094667644,0.530254980119469,-0.444160361433907,0.732618504191156
"memory","r_wid[wbf6ee18,recalled_mem_value_z]",-0.42079838114059,0.377529253177456,-0.668845397900505,-0.164970076153031,-0.904288849650721,0.0492766560040095,-1.19719549689624,0.298642933584715
"memory","r_wid[wc04c93a,recalled_mem_value_z]",0.352571367751296,0.35658460753233,0.108668396359753,0.584434069892882,-0.0894430493983321,0.807255364833133,-0.305465721045083,1.07598576425353
"memory","r_wid[wc471696,recalled_mem_value_z]",0.347562036607616,0.370299163493094,0.0974931497235409,0.587345049667055,-0.114959206555122,0.818848033190033,-0.359405843865891,1.1038468949487
"memory","r_wid[wc5adc9d,recalled_mem_value_z]",-0.186805311383086,0.372395997193829,-0.442522894686267,0.0562562552140975,-0.65993935334269,0.278146537795198,-0.90889180772673,0.556204132722318
"memory","r_wid[wc6ebbf2,recalled_mem_value_z]",-0.422274523241482,0.316354307169193,-0.633907388518065,-0.205779307114878,-0.822079413841765,-0.0144888365147024,-1.03469965354938,0.205778370625949
"memory","r_wid[wc9128ed,recalled_mem_value_z]",0.350176546853316,0.430084972524005,0.058495997917744,0.622691151843251,-0.183106026532674,0.918495257792407,-0.463113533589075,1.23718680689806
"memory","r_wid[wc9d64f4,recalled_mem_value_z]",0.296052382659726,0.394849357770195,0.0278320673426338,0.559793318593075,-0.203777772960878,0.809342074670393,-0.445022435890947,1.08957228179122
"memory","r_wid[wca8e71a,recalled_mem_value_z]",0.267830618207419,0.359121778875376,0.0254904404244588,0.503859080342458,-0.178832075269539,0.728143242964578,-0.410326716280458,1.00897451495167
"memory","r_wid[wca9e1aa,recalled_mem_value_z]",-0.144021819298454,0.350214364128462,-0.384920383262796,0.0956434387288765,-0.595671735867655,0.306622264955995,-0.829712394862342,0.530828338217595
"memory","r_wid[wcabe93e,recalled_mem_value_z]",0.197217126143483,0.442077519793443,-0.102283183080778,0.494009885605979,-0.368210603357221,0.765500584456894,-0.646782724056024,1.08535488704533
"memory","r_wid[wcbb66d9,recalled_mem_value_z]",0.345093071422197,0.402435118486358,0.0634808950033088,0.61982369125904,-0.170022135298116,0.866646646002814,-0.402558626143976,1.13557047872417
"memory","r_wid[wcbfad8c,recalled_mem_value_z]",-0.322694565447293,0.427875573443355,-0.596416156221523,-0.0483576648446649,-0.860348177408559,0.207685886291678,-1.17401033654559,0.531191174513363
"memory","r_wid[wcd5d786,recalled_mem_value_z]",0.0986458070887221,0.357745852588502,-0.137644890195179,0.331242099535807,-0.340094118708914,0.553038497232019,-0.57957018749624,0.826166289485545
"memory","r_wid[wd071aa9,recalled_mem_value_z]",0.384259298615724,0.415672127892081,0.0975600029177177,0.652688280538732,-0.12813649377619,0.917000132298791,-0.393730867397152,1.25769549267358
"memory","r_wid[wd3f2678,recalled_mem_value_z]",-0.235567444400928,0.351839288205277,-0.460141748731201,-0.000498201231094689,-0.686641869635272,0.211634739769048,-0.941107132344785,0.445986245162887
"memory","r_wid[wd5e9df2,recalled_mem_value_z]",0.3148983829528,0.410764608345513,0.0346718806961198,0.585110573663657,-0.200789017993115,0.854761919480525,-0.438707860575529,1.14067158135071
"memory","r_wid[wd697686,recalled_mem_value_z]",0.0456292274383429,0.406166070484255,-0.220309583829321,0.314906245408789,-0.473368051576422,0.567677081986907,-0.76710128581809,0.83174929730239
"memory","r_wid[wd7482cf,recalled_mem_value_z]",0.157514534675055,0.358225631416402,-0.0876110800869749,0.391232604359304,-0.285605525457351,0.610434969188546,-0.53101802507766,0.895090257129409
"memory","r_wid[wd7d7085,recalled_mem_value_z]",-0.309794331239534,0.347646044735133,-0.545550669706234,-0.0760503432778914,-0.756512265140173,0.140967946625939,-0.980552000734075,0.369860848273702
"memory","r_wid[wd887970,recalled_mem_value_z]",-0.095591288247485,0.392066783596442,-0.361941549306522,0.16283417747102,-0.596331536251485,0.401940718471532,-0.872510644100879,0.662807931083983
"memory","r_wid[wdabae0a,recalled_mem_value_z]",-0.494262830443635,0.415832212217066,-0.778428838378259,-0.211307791412012,-1.02779913458988,0.0350438039475325,-1.30563573777194,0.314827025730883
"memory","r_wid[wdb97422,recalled_mem_value_z]",0.100957005731005,0.378612940088147,-0.155015859219656,0.353711147186296,-0.383655015231834,0.586688828796485,-0.627318412481075,0.847886307613953
"memory","r_wid[wdc0f604,recalled_mem_value_z]",0.152477066988586,0.370093879972613,-0.0964843477010434,0.383321968719769,-0.312261731505188,0.631865867768116,-0.562295806364148,0.901401136987076
"memory","r_wid[wdfa587e,recalled_mem_value_z]",-0.119861469501377,0.369862003007153,-0.378580354872655,0.129869240630085,-0.577087425449477,0.347992887317557,-0.826794299475204,0.620689791735431
"memory","r_wid[wdfbc43e,recalled_mem_value_z]",0.777060561833615,0.382613117360369,0.507961089947325,1.02863799391548,0.293154741294534,1.27014783648769,0.0991780094139506,1.58181146402328
"memory","r_wid[we0078b2,recalled_mem_value_z]",0.249507546840126,0.345588358993169,0.0201642859345469,0.463697623395322,-0.181048601898553,0.695291508626683,-0.397539737364169,0.991517771581165
"memory","r_wid[we07eba7,recalled_mem_value_z]",-0.0664729681780335,0.345541302667603,-0.298752624670568,0.159121752300536,-0.502937190482962,0.375347055082486,-0.723536978080143,0.618036713148899
"memory","r_wid[we0e98d2,recalled_mem_value_z]",0.593655262929332,0.415434606478521,0.309556443510835,0.855848306165153,0.0781396357800729,1.13869033385836,-0.180751288869716,1.44539970426273
"memory","r_wid[we2b50c8,recalled_mem_value_z]",-0.129332935012545,0.330503231503142,-0.346887897661904,0.0813798043899012,-0.547445607296799,0.287542365004756,-0.774230026779862,0.548410045623483
"memory","r_wid[we35ea87,recalled_mem_value_z]",0.156064728438467,0.342812349729664,-0.0790033274023317,0.384883524893335,-0.287966342464396,0.611542981236918,-0.490220399273879,0.850313626341382
"memory","r_wid[we368c94,recalled_mem_value_z]",-0.0720730608472649,0.34359382107384,-0.29641878327428,0.158053623890141,-0.515564782915223,0.362102837668401,-0.750989150926698,0.600505936384915
"memory","r_wid[we6483ae,recalled_mem_value_z]",-0.13105050349116,0.319842951145613,-0.344274402584547,0.0756235177022213,-0.538835469947345,0.271505495718173,-0.735343305731596,0.511737860596748
"memory","r_wid[we6aff32,recalled_mem_value_z]",-0.16477808301602,0.417086816399187,-0.44288684898972,0.117681310804451,-0.695970901946916,0.3645234753778,-0.977533500424165,0.642013739302676
"memory","r_wid[we869265,recalled_mem_value_z]",-0.470350624140581,0.369219268223449,-0.712816176371859,-0.219213424161607,-0.947110349806744,-0.00319285002664013,-1.205416421818,0.232190386597774
"memory","r_wid[wea7f2f9,recalled_mem_value_z]",0.0334437786229987,0.402919087742643,-0.243906047031432,0.30153551113081,-0.475623639296288,0.55176028960825,-0.736543272627232,0.845261487563632
"memory","r_wid[wea96b0b,recalled_mem_value_z]",-0.248281907458477,0.33515838613453,-0.46737375895543,-0.0342266672615004,-0.682108617709757,0.182989808887673,-0.894539032772691,0.412496087124457
"memory","r_wid[web7e878,recalled_mem_value_z]",0.378908214922643,0.428662219213695,0.0824012383123593,0.658545313054467,-0.142462100677805,0.939790526300937,-0.409916782235695,1.26019062160404
"memory","r_wid[wecf7799,recalled_mem_value_z]",-0.0281231098169001,0.372101408642591,-0.27377938133908,0.218811241621032,-0.494187604890046,0.449005190870587,-0.754630224294553,0.71258608169333
"memory","r_wid[wed2778e,recalled_mem_value_z]",0.657055270423954,0.385096545479577,0.391017066808685,0.910695516491402,0.171395962767916,1.15657658177374,-0.0521705117861415,1.4411506208922
"memory","r_wid[wed354d9,recalled_mem_value_z]",0.0922709017314696,0.469512720046034,-0.216463979574785,0.399794413812897,-0.488182413414382,0.681764382313213,-0.817674237998874,1.03309034919135
"memory","r_wid[wef591ef,recalled_mem_value_z]",0.352063475314982,0.379924436712752,0.0867574040855247,0.59257478138633,-0.119286648499734,0.850000971420798,-0.348682008628071,1.15541180999643
"memory","r_wid[wf1704eb,recalled_mem_value_z]",-0.0885099935599715,0.345600374333901,-0.330675599839726,0.13437343777414,-0.522103619792733,0.338588817985862,-0.744222081953275,0.616081556473
"memory","r_wid[wf1ea1db,recalled_mem_value_z]",0.0715672922859701,0.472579604492329,-0.254867940516692,0.397422230759191,-0.530253154136416,0.664737676926484,-0.863891638827197,1.00657020602371
"memory","r_wid[wf3a15bc,recalled_mem_value_z]",-0.0834985898095589,0.422931210280907,-0.370832805762731,0.204732665774784,-0.615964728235352,0.444002222965839,-0.946179175834349,0.741429446020043
"memory","r_wid[wf6aed15,recalled_mem_value_z]",0.0544678007688028,0.360036892147318,-0.192203655957947,0.289454086679117,-0.386478607645217,0.505734780868407,-0.637776302674203,0.787968866477707
"memory","r_wid[wf8b98ff,recalled_mem_value_z]",0.545859366900066,0.404080138271825,0.267653919463142,0.798237405489065,0.0350638626182617,1.07821839224273,-0.208057765408559,1.3684371197026
"memory","r_wid[wf8bf1c3,recalled_mem_value_z]",0.288284455810371,0.372157617812986,0.0301316589554697,0.536770270331708,-0.176213548280267,0.765727940998025,-0.432366016935767,1.05683002211691
"memory","r_wid[wf93dad0,recalled_mem_value_z]",0.0331245573208493,0.382555504130843,-0.222859226589223,0.27967479285154,-0.448097316270446,0.519899219364427,-0.703960902529763,0.815158512766071
"memory","r_wid[wf9cb312,recalled_mem_value_z]",-0.077026154327979,0.36800452150846,-0.323606358498556,0.171363499561723,-0.549101186856128,0.404515234322707,-0.781973235014159,0.663585289538712
"memory","r_wid[wfd759db,recalled_mem_value_z]",0.109956188605948,0.335820370375294,-0.115546561731154,0.334939051040086,-0.318649018278008,0.54811105363653,-0.536061041249842,0.782344871581929
"memory","r_wid[wfdd68c1,recalled_mem_value_z]",-0.00816269652792523,0.386061364859607,-0.272677669901697,0.246079684155223,-0.490580624133932,0.492722766238403,-0.726345838860268,0.756788812486148
"memory","r_wid[wfe9216a,recalled_mem_value_z]",-0.469301225281745,0.381330159010685,-0.71226186765982,-0.224954748409218,-0.955180290313152,-0.00113160403099719,-1.25834843116344,0.254595725245882
"memory","lprior",-5.09473860310989,0.00791874544811519,-5.09951765825845,-5.08927206222412,-5.10513475750504,-5.08504925438858,-5.11174791190911,-5.08074255762057
"memory","lp__",-2746.11999007637,19.1623872896216,-2759.01321137653,-2732.93683609748,-2770.79140099545,-2721.92220641691,-2783.95425174959,-2709.06558801553
