"","elpd_diff","se_diff"
"1",21.0016289762432,15.6314587511533
