"","mean","se_mean","sd","2.5%","25%","50%","75%","97.5%","n_eff","Rhat"
"a1",0.680931081141831,0.0140057989262682,0.2307007131844,0.320699282635426,0.518248361840725,0.647285508338935,0.810365316984164,1.21869351616478,271.320182140217,1.00915629669356
"a2",14.0444666750681,0.0834572242114493,3.14390442696956,8.29373233259767,11.8091707376468,13.878319658848,16.1530241506332,20.6129023994777,1419.09280637038,0.999943848240878
"learning_rate[1]",0.0345197750571179,0.000738761205099461,0.0269152463629131,0.000671781405052117,0.0144829015046239,0.0292940363370683,0.0481888057393164,0.100148355596736,1327.35948229925,1.0043915158065
"learning_rate[2]",0.0307954053676946,0.000796028349804458,0.0284880275361907,0.000123355689756415,0.00978526654461107,0.02375604890997,0.0431727193077635,0.104134821651779,1280.7598095431,1.00072147614397
"learning_rate[3]",0.127294590541209,0.00196067441731478,0.0654012602003894,0.0321833412780347,0.0785781683238411,0.116725600436175,0.165883901496839,0.279282325782548,1112.65690883681,1.0028463100247
"learning_rate[4]",0.0335079341857399,0.00083585312322507,0.0318646510844099,0.000260854556854795,0.0103737867079269,0.0255713599425161,0.0473957997876506,0.116246987650515,1453.31044734167,1.00077983474814
"learning_rate[5]",0.028132812364402,0.000670774742955175,0.027715927765213,0.000162336812174303,0.00752026221187081,0.0201552726141943,0.0406285796592878,0.0997262266022622,1707.2826957162,1.00139888995027
"learning_rate[6]",0.0237072400856675,0.00066494570771534,0.0279569570145007,5.12348631686308e-05,0.00390813080906641,0.0142637004346709,0.0336991048960449,0.0960011033383205,1767.69536627896,1.00069685131471
"learning_rate[7]",0.0397957642925552,0.000725459179017907,0.0274971502136297,0.000715033388454828,0.0196611218426606,0.0355904274668421,0.0550065495400587,0.105892705731918,1436.64482298331,1.00086224683818
"learning_rate[8]",0.0264567996665195,0.000631613587380513,0.0245919031126343,0.000186417511716052,0.00807891982742555,0.0203872358254732,0.0371491605740484,0.0935804303478829,1515.9376878954,1.00284473491271
"learning_rate[9]",0.0111371978938828,0.000444047925385033,0.0165772831156508,1.96522535314338e-05,0.0014421077973267,0.00547259968771335,0.0142377565664012,0.0553345375404209,1393.69267856725,1.00233726669406
"learning_rate[10]",0.0211373152206512,0.000648174760572119,0.0240826310993226,5.29175013463188e-05,0.00439288033292599,0.0138590452252325,0.0299508094146297,0.0820536905092072,1380.45938755173,1.00084178630477
"learning_rate[11]",0.074443224868134,0.00141999677698774,0.0510827306407985,0.00394586293063635,0.0366428691374649,0.0646959586613187,0.101885605799881,0.19925640337911,1294.11684944338,1.00165845779903
"learning_rate[12]",0.02347598382386,0.000732006374758265,0.026889267394804,6.27746672515608e-05,0.00479790911483046,0.0150055073664317,0.0325350310347245,0.0987155700305413,1349.36118550872,1.00409627970584
"learning_rate[13]",0.0120619517205219,0.000422967585947129,0.0189625604783004,1.23414401626653e-05,0.00139821630695401,0.00541132468470484,0.0150862158009247,0.0620767743347586,2009.92468809724,1.00056605366926
"learning_rate[14]",0.0518938458671853,0.00104920329784672,0.0362414305689044,0.000855926568239322,0.0241124128543647,0.0468162686964777,0.0727244882410408,0.13502582357935,1193.13990415289,1.00388286698192
"learning_rate[15]",0.0418266035317539,0.000873843029878833,0.0309285500698466,0.000723888285276115,0.0187437872337865,0.0357469992840488,0.0581271502979274,0.117333662201847,1252.71497365547,1.00155407521194
"learning_rate[16]",0.102584209319316,0.00156341528529017,0.0598516847458943,0.00104693108283556,0.0572967605232348,0.100932711260216,0.142853136311938,0.229435097775589,1465.56151504902,1.00145821980486
"learning_rate[17]",0.0173691831121303,0.00058446658744613,0.0218428812441102,5.06435112944267e-05,0.0028851050034175,0.0101072226117706,0.0242888856567555,0.0747776829904161,1396.69144148209,1.00208636022153
"learning_rate[18]",0.028242427431006,0.000590195731564503,0.023892624392605,0.000399774078953808,0.010795289555135,0.023161005789494,0.039808161060005,0.0851523429257881,1638.83633042853,1.00066651938011
"learning_rate[19]",0.0218320903567494,0.000584270270130467,0.0238250983062862,7.31056760629223e-05,0.00489939797236913,0.0151373496826315,0.0312443150524339,0.0801395149191894,1662.80693027887,1.00052891353206
"learning_rate[20]",0.0436322204781162,0.00101288394833909,0.0403994629554367,0.000275981488808811,0.0137104435706638,0.0327014487561439,0.0618013146748778,0.147757339173353,1590.85942918655,1.00123568225588
"learning_rate[21]",0.0897139270057138,0.00111243180815252,0.0694234774773518,0.00185043858176001,0.0371849880845169,0.0753590267759852,0.126569884417816,0.259067175691228,3894.62754827856,0.999471583130961
"learning_rate[22]",0.0129971727699782,0.000446031531726832,0.0188039169733147,2.11197642718808e-05,0.0018884334693961,0.00682086615129419,0.0169153464387288,0.0611184605925092,1777.31958388368,1.00126173382086
"learning_rate[23]",0.0159038081792558,0.000487259073311233,0.0204721364021557,2.72207511359651e-05,0.00253199258438605,0.00918860977840553,0.0220941408422746,0.0657842655597485,1765.25098783116,1.00227913324478
"learning_rate[24]",0.0135187991921671,0.000550035437188451,0.0216534051741458,1.30596409112749e-05,0.0014843481799667,0.00654236466819951,0.0170899840323227,0.0680728022032138,1549.7836089862,1.00148227251055
"learning_rate[25]",0.0317443461906811,0.000733009525483633,0.0295847469540346,0.000188174045506574,0.00950182003075673,0.0245359728220213,0.0453431668626596,0.10669505408124,1628.98273459299,1.0012715085793
"learning_rate[26]",0.0258759719405883,0.000629831831800665,0.0271422587569533,7.51020179394583e-05,0.00622248081906199,0.0184222407798259,0.0361486097285231,0.0945989151846278,1857.13194553557,1.00015914238357
"learning_rate[27]",0.0846342019235534,0.00104912420111979,0.0367948973567063,0.0247757002775793,0.057533994706502,0.0801983813855981,0.107487142113407,0.167209782443684,1230.04607824921,1.00352440744944
"learning_rate[28]",0.0137393860333732,0.000489793567832963,0.0209728940158329,2.00163765877375e-05,0.00187052349726838,0.00693622692653723,0.0169535011733732,0.068410135784028,1833.54076227181,1.0012968409101
"learning_rate[29]",0.0555284592202422,0.00119727149222776,0.0399843872552305,0.00141972076174257,0.0259037380038066,0.0484498840960351,0.0781599934064203,0.152870099386441,1115.31002635249,1.00419537078515
"learning_rate[30]",0.0713685350069601,0.00112145354826734,0.0418043503201157,0.0103660759763135,0.0408794075085556,0.0645746546376654,0.0936500085237008,0.171307929026467,1389.56983618155,1.00278513575584
"learning_rate[31]",0.0262760775712074,0.000791906977700666,0.0329993631827724,7.35554616701947e-05,0.00387311596002003,0.0148694611078591,0.0363585102244036,0.115484968431839,1736.45198352296,1.00012679884372
"learning_rate[32]",0.0243977822781771,0.000665329380425425,0.0254343125021043,4.26103831326725e-05,0.00565743198667856,0.0171567991038846,0.0349302223406194,0.0901418830445605,1461.39158432121,1.00076236638716
"learning_rate[33]",0.0261986341043168,0.000638097554004592,0.0223444310981464,0.000283185287847034,0.0100097649219828,0.0211796280763482,0.0363370279633103,0.0819430549719312,1226.20884300029,1.00130585163545
"learning_rate[34]",0.0149144507203111,0.000580864213438095,0.0231246700382746,2.07824834563131e-05,0.00175271129596967,0.00685905233690632,0.0187843839894595,0.0783711318717231,1584.89993507598,1.00033682924401
"learning_rate[35]",0.047890355218166,0.00101805743672503,0.0582310160474179,6.80986616529019e-05,0.00716178539709311,0.0272267404983792,0.0659425252307834,0.217139030132875,3271.62994476726,1.00124972083235
"learning_rate[36]",0.0781816218031568,0.00170976291197006,0.0507236129086968,0.00251389819790885,0.0394642612519333,0.0698447806682956,0.109284471656143,0.193893336157106,880.133547231228,1.00263147302629
"learning_rate[37]",0.0393197225772328,0.00118580104328812,0.0426844175374592,6.14024972610891e-05,0.00869821121169891,0.026750339739924,0.0550176268553965,0.153734203106576,1295.73163708018,1.00290613650483
"learning_rate[38]",0.0310447589117108,0.000831877648311363,0.0294953535961338,0.000147012985968371,0.00901534978574568,0.0231237385969622,0.0441830489368822,0.107233005804108,1257.15348334421,1.00086514253907
"learning_rate[39]",0.0645732001897312,0.00108855477726034,0.0377995514571812,0.00709107528615155,0.0379602221235499,0.0581899115310407,0.0842043882964578,0.157828306727583,1205.79288403836,1.00486671146412
"learning_rate[40]",0.0348109521636275,0.000760908473851348,0.0288965534791458,0.000397693564035099,0.0127367440887216,0.0285604169267581,0.0492024180101753,0.106014699598402,1442.20585024945,1.00190628778568
"learning_rate[41]",0.0231767604662256,0.000672884140547328,0.0232575277313082,3.70554281370692e-05,0.00612146669206298,0.0171402954210476,0.0331260689108923,0.080605885548471,1194.66601720437,1.00142225273872
"learning_rate[42]",0.0134083845016783,0.000546212081032032,0.0187400987048058,1.55933644647078e-05,0.00180684473406307,0.00705619991586396,0.0175289410057896,0.0637546266563683,1177.12110090585,1.00298754913526
"learning_rate[43]",0.03055685671307,0.000828370811976832,0.0304122738275321,0.000152803274525438,0.00817984815752013,0.0220310294622475,0.043993259553938,0.107966757728466,1347.87062467211,1.00055760352049
"learning_rate[44]",0.0184234811217558,0.000604095442696798,0.0239153915501671,2.70844065639607e-05,0.00312910636332715,0.0101511005809494,0.0244273108059865,0.0809710310793218,1567.27018730857,1.00103810482263
"learning_rate[45]",0.0232153556958003,0.000804872626039457,0.0284700116285717,3.54330277511062e-05,0.00378481691972408,0.0138150426365473,0.0321799837032803,0.0998464611575819,1251.18340281643,1.00471542786765
"learning_rate[46]",0.0658544645502642,0.000929173176341274,0.0314103167913331,0.0185973938595557,0.0435768514992411,0.0613099822054684,0.0828514227686056,0.138390612802258,1142.75019782446,1.00184500392803
"learning_rate[47]",0.0291298274565583,0.000774802477376617,0.0282692052794479,0.000157707308427438,0.00815987295172321,0.0214010697216001,0.0418094258699977,0.102824552415798,1331.20578938104,1.00042469588559
"learning_rate[48]",0.0168082832710583,0.000627465282700073,0.0223634152600757,2.36025699675831e-05,0.00273080358467439,0.00986862211037484,0.0224291447719454,0.072466921022321,1270.27237434183,1.00393996700083
"learning_rate[49]",0.0406734705623629,0.000947014246570132,0.0317470275284328,0.000684945110557136,0.0170023595016286,0.0345623041445505,0.0567249801360578,0.119013543765584,1123.81056933871,1.0024936626302
"learning_rate[50]",0.049663202099452,0.000742193924820063,0.0286010291596968,0.00399594463497852,0.029443585488949,0.0460262092674736,0.0660595832125211,0.11547105829089,1485.00710402426,1.00166327659652
"learning_rate[51]",0.0185124706966875,0.00057376446413324,0.0206031662631226,3.68805990078136e-05,0.0039247912908841,0.0121955638604757,0.0264195216497312,0.0734900629013899,1289.43852203613,1.00173207716475
"learning_rate[52]",0.0422104537477221,0.000905315240084168,0.0332770033095137,0.000713130466646197,0.0171724583704239,0.0356778973736045,0.0590362043911716,0.124440387311473,1351.10392962706,1.0027439990299
"learning_rate[53]",0.0320736071846424,0.000882139159778478,0.0279300574944615,0.000150892572437703,0.0113000213395997,0.0257513140656542,0.0452824338749066,0.10122944531342,1002.46554823353,1.0063643605741
"learning_rate[54]",0.0251787780103844,0.000670522784190082,0.0240620401101937,8.60633669432163e-05,0.00729705702502207,0.0192906280915862,0.0355306268652549,0.0874028368430243,1287.76854703442,1.00151569656219
"learning_rate[55]",0.0906442457753173,0.00106695758782199,0.0446427459222671,0.0198122476639131,0.0589458372669744,0.0844843129808817,0.11683930168842,0.190138435732262,1750.68288794737,1.00367639043669
"learning_rate[56]",0.0401752359677998,0.000916032155580617,0.0314411163078123,0.000529239708297071,0.0172198539757116,0.0337732072824081,0.0557290942962673,0.117285958686417,1178.07916750453,1.00178889707968
"learning_rate[57]",0.0777194193490023,0.000948301988202262,0.034269486795556,0.0261016933661582,0.0525215560880613,0.0728834632482222,0.0976344719399283,0.154788997704402,1305.93595540331,1.0019254360768
"learning_rate[58]",0.0212563770830115,0.000645266824204457,0.0218896335031693,8.45188386380884e-05,0.00524444496810917,0.0151077205743003,0.0304526878347224,0.0771900936670649,1150.79590243971,1.00193037462533
"learning_rate[59]",0.124381565646443,0.00116813991141411,0.0452956130730643,0.0479109587654877,0.0906792757095306,0.121320311594374,0.153193291636354,0.221100191944875,1503.56621718971,1.00137788599346
"learning_rate[60]",0.0181620958079666,0.000590478082806242,0.0226297988593101,2.49627537074028e-05,0.00296106051091751,0.0109144475031535,0.0246260218325775,0.0820831812270271,1468.77010084134,1.00127619217846
"learning_rate[61]",0.0302761461635945,0.000736742307525819,0.0313879604983416,0.000148446241594877,0.00731517841188588,0.0218193295353171,0.0423968925740839,0.111969700931453,1815.07667059442,1.00181877679676
"learning_rate[62]",0.0292995378371644,0.00082683168175754,0.0291973318417065,0.000117454621143763,0.00764064689470598,0.0210129239236039,0.0420943681467209,0.104408307095592,1246.95882563159,1.00107734934654
"learning_rate[63]",0.0393156273462164,0.00104669467439846,0.0356044150628688,0.000245106230571475,0.0127098629005941,0.0301558938901677,0.0558470826509083,0.131145179341502,1157.091442059,1.00120861727582
"learning_rate[64]",0.0581186002209103,0.00107276596594313,0.0615882917653908,0.000128495484692879,0.0129743994809165,0.0386248022298038,0.0836543707744868,0.223807453729584,3295.99347554847,1.00035842868255
"learning_rate[65]",0.0678606240865778,0.00106814666995923,0.0350621765212532,0.0108063270543138,0.0433516129925893,0.0629918337597308,0.0878705103512433,0.149955330959958,1077.49673290576,1.00209550636646
"learning_rate[66]",0.0199796060766274,0.000655534079476373,0.0256533083987565,1.75390988556771e-05,0.00303522734816318,0.0111891902189571,0.0272782483833262,0.0862212738678566,1531.42670309954,1.00286627332853
"learning_rate[67]",0.0260691598996835,0.000727317071221541,0.0302386659015835,5.97495599637757e-05,0.00484081275316422,0.0154252910334354,0.0361834383952066,0.109724413478729,1728.5330620059,1.00061494447576
"learning_rate[68]",0.0403735002878818,0.000850820547668866,0.0343394930070177,0.00030554712964332,0.0137472855026046,0.0331715685898435,0.058360562973899,0.1256994558199,1628.96524432054,1.00110823948626
"beta_mu[1]",0.208881515735582,0.00113825150073047,0.061900149904432,0.0918334892289986,0.166826104928275,0.208080537147742,0.249829658803314,0.334273033788482,2957.37868462389,1.00070087756389
"beta_mu[2]",2.40144902944634,0.0452439521692642,0.876380113995447,1.19974028987882,1.77832824746228,2.245831607208,2.83967756160461,4.58338934168249,375.200976155226,1.00811690411506
"tau_unif[1]",0.0643750821400289,0.00119404792801523,0.0377860380095966,0.00408701537391054,0.0342605470105653,0.0618197888195614,0.0913285129379,0.143548422497495,1001.42676725717,1.00520307346756
"tau_unif[2]",0.2276125569056,0.00519696820499814,0.167283271133271,0.00937088692865102,0.0959576820763906,0.195700779585379,0.326781497925012,0.637268199787255,1036.10770878589,1.00030372759101
"Lcorr[1,1]",1,NA,0,1,1,1,1,1,NA,NA
"Lcorr[1,2]",0,NA,0,0,0,0,0,0,NA,NA
"Lcorr[2,1]",-0.0221499235800747,0.00942217428388062,0.441124885046421,-0.821935039967508,-0.358258347523113,-0.0198063329120945,0.309782649275731,0.787277333542099,2191.90057189262,1.00124495398498
"Lcorr[2,2]",0.88660919944736,0.00298700527082783,0.137461688675448,0.496362712461757,0.831114507133244,0.94150655028217,0.986077649197283,0.999829590908361,2117.83134429886,1.00189251233295
"z[1,1]",0.655254384799174,0.0151756908495533,0.954050627319786,-1.27279533350657,0.0386590429959234,0.652124901274026,1.29396732910014,2.46193323113407,3952.26358869789,0.999960337043888
"z[1,2]",0.12531260816626,0.0125370476049188,0.905523788724588,-1.6987809390579,-0.454458348054245,0.134171277050601,0.7383858328447,1.89212462607455,5216.85995209424,0.999066457264719
"z[1,3]",-0.211224648691957,0.0156313286669514,0.939417037731757,-2.02825384070021,-0.864171724454492,-0.226192531028866,0.414257088779251,1.63723233820801,3611.81149232959,0.999776744989062
"z[1,4]",-0.335585903619715,0.014648835312599,0.947356271724189,-2.229578136076,-0.945793165213548,-0.339663340970776,0.275887498365475,1.59198603235973,4182.35098395874,0.999281982717827
"z[1,5]",-0.000961053214764247,0.0124786827200124,0.918640429123545,-1.87684197505969,-0.608275250794278,0.000306941889485056,0.598706277733544,1.77454795602226,5419.43016347017,0.999257910501097
"z[1,6]",0.289312974046843,0.0158726918031897,0.999159380006711,-1.77393930864258,-0.348574800488212,0.302645233468742,0.965735919056471,2.2394476450071,3962.49176112963,1.00027032558701
"z[1,7]",-0.222094472241113,0.0138039219408642,0.92189359492279,-2.02186951260109,-0.836153793992064,-0.238533690558202,0.393498121194133,1.63593069261055,4460.22333725224,1.00026738786549
"z[1,8]",-0.0644345379137901,0.0129439539085748,0.935535254351554,-1.93481957562044,-0.667025318517299,-0.0666347315792868,0.564517338222447,1.80511807522733,5223.79830614988,0.999758721491102
"z[1,9]",-0.270851098883256,0.0144244318827531,0.970367397632351,-2.10818982636115,-0.93126982995915,-0.296686024903839,0.382723597796601,1.67083008508456,4525.5874261781,0.999918110729285
"z[1,10]",0.0721855991291527,0.0129976687468292,0.933135502420058,-1.77663596104483,-0.569726660801005,0.077593678623259,0.70003941417461,1.90086100864451,5154.16713162925,1.00064496161033
"z[1,11]",0.362692399660511,0.0155481185644933,0.984262535328331,-1.58107050415765,-0.275128150574034,0.37782163268991,1.00632383695038,2.24004657855686,4007.43255235481,1.00059465413185
"z[1,12]",0.0677037121773058,0.0132375610956695,0.914474886394742,-1.72086011217402,-0.536032435909975,0.0654485579755775,0.672769786303277,1.86125751909955,4772.29862211633,1.00077227339842
"z[1,13]",-0.0862276961662693,0.0134083659872928,0.934290541140426,-1.91181462185229,-0.703279673946948,-0.0808862366739471,0.504071932476003,1.79564930476647,4855.25665978162,0.999596846905249
"z[1,14]",0.072853240281095,0.0133733059070309,0.945876790879333,-1.71331651274615,-0.558820563074707,0.051979191063029,0.716865725505862,1.9619258122353,5002.55164145369,1.00016342052994
"z[1,15]",-0.0674481764897435,0.0138838661612418,0.9342426946004,-1.8932322685821,-0.674119129599671,-0.0649807483330178,0.544898353293551,1.7945196549,4527.91832186777,1.00032638028829
"z[1,16]",0.164761373945353,0.015703772755463,1.04513805185511,-1.84119549119248,-0.5578371992699,0.157740708883283,0.898962861536412,2.1492707033379,4429.34303373933,0.999667706781146
"z[1,17]",-0.36199258221134,0.0149136529978951,0.935025908928371,-2.16266758446661,-1.01024243821405,-0.38882686555704,0.234558526921659,1.54701023187027,3930.78438503736,0.99989962054246
"z[1,18]",-0.0873618596757707,0.0136827961674023,0.941068440884308,-1.87359576272189,-0.72363386276173,-0.103030955017865,0.544694221831368,1.7554757712547,4730.34377720466,0.999387151446543
"z[1,19]",-0.156661344072326,0.0140363949898547,0.930078417957644,-1.91077558753629,-0.794514666308687,-0.194356575160468,0.483964893514404,1.6968871265017,4390.64143832015,0.999545170489207
"z[1,20]",0.16996705264375,0.0143424071832891,0.947432372612316,-1.69460534934494,-0.447643375666595,0.184669385545864,0.802195750657576,2.01912443073222,4363.67446083227,0.999354906312351
"z[1,21]",-0.104549325887108,0.0142812942651673,0.980011262476052,-2.00698001461381,-0.775259500713724,-0.105720131967455,0.555003233853979,1.90629627580238,4708.98164604257,0.999587210716885
"z[1,22]",0.207767118282283,0.0136842887271313,0.928670836246177,-1.67534779119678,-0.395559874647423,0.211861006418969,0.815918960877051,2.06741638005679,4605.52513500467,0.999204236410402
"z[1,23]",0.364099018444157,0.0148086848847332,0.95183862478434,-1.50950742192866,-0.279244211627624,0.368454674423177,0.999226812143014,2.2150330839253,4131.36593809251,1.00004186149941
"z[1,24]",0.31512640004968,0.0156158478640532,0.978751358613325,-1.56423563789464,-0.344815649928371,0.325106120822735,0.987357044915559,2.18526087648329,3928.38113949678,1.00084477208475
"z[1,25]",-0.349544991353471,0.0146892641778644,0.950077790111632,-2.19251258044105,-0.996830664574955,-0.356978896544111,0.269414042757452,1.5600725010619,4183.29266061722,0.999611728280154
"z[1,26]",0.453140348003688,0.0153205954852963,0.985203611235999,-1.50411842836249,-0.199455086361056,0.475839459807044,1.12643042637651,2.35136737875408,4135.23979263787,1.00005625911775
"z[1,27]",0.00246299626606591,0.0141120300276276,0.936211192841937,-1.77820069579995,-0.616624861115318,-0.00311364968798038,0.611015691852561,1.83054088165744,4401.17537391321,0.999421395314413
"z[1,28]",0.488747551984157,0.0155831366013541,0.969861036605958,-1.43740144894562,-0.176759607607645,0.495145795557019,1.16042066605679,2.36490735097758,3873.55091743597,1.00190038820802
"z[1,29]",0.360722949864304,0.0134616970058397,0.941347799173602,-1.56242438016632,-0.242984243208004,0.36471281653921,0.980847608229322,2.20268828608501,4889.90701281287,0.999928464579494
"z[1,30]",0.0953399734411032,0.0130549937080745,0.911598127697374,-1.70267650715843,-0.506003831594966,0.114985626895905,0.701128662810657,1.85818254235098,4875.88568848246,0.999197240433126
"z[1,31]",0.19728788204834,0.0151960130333182,0.979185392004044,-1.73773256250634,-0.432966684630749,0.199373326399949,0.843360462738449,2.07975744137318,4152.12612241598,0.999457648172108
"z[1,32]",-0.400883104757561,0.0135298120983459,0.952883241291572,-2.22640262797547,-1.03982862345062,-0.420036326539558,0.233887735879062,1.55029800743086,4960.16184718414,0.999532032949926
"z[1,33]",-0.648913992420739,0.0165582506197293,0.981206730495258,-2.4650100475282,-1.31702210722962,-0.671943255736144,-0.013228617403806,1.36207408359538,3511.49564253001,1.00112000059172
"z[1,34]",-0.24361944954374,0.0137028439685458,0.956153370863332,-2.07525023822509,-0.892343665128003,-0.269662772387617,0.392721611839802,1.67846672812309,4868.93185035477,1.00038734706137
"z[1,35]",-0.0151052031479374,0.0142530684605834,1.00030211894982,-2.01901944403558,-0.670439614857898,-0.0106717207445418,0.657793523291432,1.96472563052989,4925.44683004377,1.00131513996293
"z[1,36]",-0.247432232267961,0.0140863377520784,0.912891144982513,-2.03583700792262,-0.858303797709772,-0.245077219964566,0.367808280800633,1.55001062934094,4199.92750543232,0.99979648323972
"z[1,37]",-0.197935916107859,0.0134096365911253,0.934145834813498,-1.98104820666768,-0.840260225581267,-0.203739947332203,0.437232631587338,1.6252895784543,4852.83300444669,1.00008966320487
"z[1,38]",-0.375241731217256,0.0144494206118197,0.95721306740936,-2.20005304290774,-1.01722612706825,-0.383856224091224,0.257609758678767,1.55833936991666,4388.502711571,1.00065325712335
"z[1,39]",-0.00310299405059577,0.0138453928741188,0.917367925110121,-1.79443583085241,-0.626515228701801,-0.0191544566118352,0.60751302437085,1.80378915991797,4390.12145429269,0.999925487113275
"z[1,40]",-0.464146677270298,0.0149205018758701,0.934508727909445,-2.22727069907402,-1.08021680224814,-0.485315115374852,0.149703012655924,1.41338419588851,3922.83336549469,1.00024065395672
"z[1,41]",0.725923823903332,0.0156536111463842,0.94163295871952,-1.20647288833267,0.105935496622356,0.751102383434499,1.35763735085492,2.48534182103387,3618.54701563412,1.00100641592185
"z[1,42]",-0.248411328409841,0.0144941787637822,0.935898651441342,-2.06256402937503,-0.872993443150615,-0.252818385159717,0.373381865067671,1.5551184596091,4169.36979876826,1.00054469835725
"z[1,43]",0.181146109439831,0.0140197699154647,0.946897993558675,-1.67761492578145,-0.456361990745696,0.166174268852042,0.830611212893546,1.99628012876862,4561.67793690984,0.999436001856865
"z[1,44]",-0.127492339795352,0.0155993875947206,0.99408857037177,-2.07836204374651,-0.803723933957742,-0.145958305140266,0.53081553409574,1.81586675443537,4061.01938814837,1.00083404569757
"z[1,45]",0.279385519210953,0.0143999335974168,0.958250548299682,-1.56992571568046,-0.378425275217899,0.276181630119031,0.917004371994517,2.16853166309544,4428.30141761157,1.00069803382477
"z[1,46]",0.063511472667836,0.0147781861581775,0.951202593226766,-1.79630261859312,-0.558333290826677,0.0750527930249892,0.666994760538157,1.9357211848474,4142.89365333272,0.999744581722983
"z[1,47]",-0.0262177842168453,0.0133440083554483,0.948886987413849,-1.81277816090036,-0.673881332247232,-0.0328993615614987,0.613747364235259,1.88125810112036,5056.57404896956,0.999728325614554
"z[1,48]",0.0122310582085025,0.0130131494317384,0.929110902302617,-1.81808323755697,-0.61795519630425,0.0156465465801898,0.641540743717196,1.87119690677065,5097.65310694906,1.00051712330988
"z[1,49]",0.490687898061967,0.0148651434092515,0.947462457856945,-1.43046065908381,-0.172435803169765,0.528523386402823,1.1376415538665,2.33590450805463,4062.42928622775,0.999815689915387
"z[1,50]",-0.236921220419546,0.0136187078550452,0.943303050281012,-2.06694486527016,-0.864047818338528,-0.261925226349219,0.394785332025414,1.65543653420287,4797.67329131088,1.00078983189877
"z[1,51]",-0.0467542192698491,0.0136235809587665,0.908149081103,-1.84155090494714,-0.638499536627161,-0.0479522309668311,0.563722348036447,1.70119268554869,4443.56709257259,0.999351332517144
"z[1,52]",0.00657253437790419,0.013847675937128,0.956030108034486,-1.84669729028927,-0.630673325299378,0.013167628503232,0.659243580566357,1.84784626473325,4766.38759933403,1.00051914915613
"z[1,53]",0.148960169580114,0.0153212373063888,0.925540007751621,-1.67284872148032,-0.451778690538136,0.144705501921092,0.773595156649455,1.95322238852013,3649.24241799654,1.00063897646094
"z[1,54]",-0.43493625560301,0.0151150176289359,0.937851712596001,-2.25709740789718,-1.08350775852379,-0.439995607067913,0.187149751007707,1.43047361017142,3849.91406433719,1.00034142566162
"z[1,55]",-0.139732944574986,0.0153660883781132,0.966429678387524,-2.05392677201054,-0.778224685132901,-0.137520729233861,0.498246180274003,1.73481546477225,3955.61361755183,0.999414411049416
"z[1,56]",-0.142602346481143,0.0132930459048286,0.93015116051131,-1.95096450030284,-0.772509834187756,-0.154139490136177,0.469718262379741,1.7051998154961,4896.18766570616,0.99953442800468
"z[1,57]",-0.420821966589784,0.0163569376073103,0.951457782044907,-2.25099158067696,-1.05243318666199,-0.460250960242335,0.213263462448911,1.48069252241056,3383.56910656254,0.99952675372796
"z[1,58]",-0.564479580145532,0.0149530060462896,0.952100142007614,-2.35790167645072,-1.22285103439211,-0.60096670474693,0.0635283680285425,1.37079869620064,4054.22868434462,1.00058229050494
"z[1,59]",0.0887743541810947,0.0145389800819586,0.960426496550816,-1.80473355410262,-0.554172914340694,0.103279146210833,0.745479988096515,1.9120202367469,4363.75523528253,1.00041689148441
"z[1,60]",0.300575960873691,0.0141184005739168,0.953493113341658,-1.616358800666,-0.335868672214995,0.313417894440419,0.945292749220113,2.18762061338293,4561.04252975836,1.0000765447593
"z[1,61]",-0.159036128464954,0.013475845220572,0.933346862543079,-1.96659677562531,-0.78028763508581,-0.168246555041232,0.459401193387869,1.72822632343534,4797.04856799246,1.00065888388863
"z[1,62]",0.0593233298334641,0.0134691145560007,0.953723326885802,-1.86123891258205,-0.557377974440522,0.0635750401461115,0.686123771565475,1.95356297298652,5013.79666175386,0.999545617268493
"z[1,63]",0.392003759623218,0.014233922657235,0.957463216247552,-1.51297057579425,-0.246196418538487,0.407579413000967,1.04606742577426,2.19090226869738,4524.75421409919,0.999615029106604
"z[1,64]",-0.062260488980119,0.0152598865926689,0.973391693336252,-1.91889813017037,-0.741915945367129,-0.0720053278062118,0.600943005533746,1.87211691316392,4068.85917880154,1.00020299846226
"z[1,65]",0.230247070313419,0.01476495699133,0.934788854950782,-1.56130949000002,-0.406931591692707,0.219207002153576,0.872899282833004,2.04683430928439,4008.32270917869,0.99964415385963
"z[1,66]",0.242229205217071,0.0134685746001886,0.941727288160303,-1.59684012760629,-0.396262318518036,0.249388973479342,0.909707249974609,2.04667190068247,4888.85366330253,0.999641952562118
"z[1,67]",0.134964554584681,0.0140756501240481,0.980469768238143,-1.73053533734731,-0.541513504656854,0.12398038272135,0.798680857710932,2.00835024244192,4852.11949826392,0.999968976352823
"z[1,68]",-0.263140826041042,0.0137090551680455,0.932452086038499,-2.09971926165388,-0.886224804143725,-0.247786186617445,0.364439918999517,1.53380196522449,4626.3448429525,0.999708459790907
"z[2,1]",0.0240652808948844,0.0140395622726548,0.988720026061937,-1.88689714051988,-0.663862517000692,0.0177728629703717,0.705960256287364,1.93716851728638,4959.51863384279,0.99956522230462
"z[2,2]",-0.0481732131493212,0.0150858272325634,0.997963702595083,-2.04093474795272,-0.701790868521063,-0.0733884008253897,0.622244388586714,1.94628394213573,4376.14024655397,0.999684951292791
"z[2,3]",0.103588121420408,0.0147635804502531,0.911538472189428,-1.65748411008516,-0.522877696941998,0.0831514793088785,0.721403551256612,1.89023394255588,3812.12046654554,1.00101770112195
"z[2,4]",-0.0460126098711711,0.0149984791597853,0.986961675336489,-1.94707658276524,-0.726622108164853,-0.0507091195170093,0.611557788971484,1.91713765448529,4330.18179558151,0.999898361376681
"z[2,5]",-0.0305176692794643,0.0141539624100724,0.989104754631285,-1.91741961987068,-0.712395987940868,-0.0494459714712425,0.649267144416486,1.91932667462191,4883.46976585217,0.999769080497582
"z[2,6]",-0.0887135692138833,0.0139746955619014,1.02393875326592,-2.10984196190524,-0.783917561244429,-0.0820062655174544,0.606328911422433,1.89335326074703,5368.62722191514,0.999372147581867
"z[2,7]",0.0899009549527215,0.0137329939997387,0.962572244339372,-1.81260028089042,-0.535821795382498,0.091433550541577,0.732617902575043,2.05058686321125,4912.88059284817,0.999279452099877
"z[2,8]",-0.0212839026907957,0.0143020074449644,0.991340102715171,-1.97594260613512,-0.672118327676886,-0.0260544500942895,0.628167767769562,1.96147101436995,4804.53487938008,1.00020307253665
"z[2,9]",-0.152075875734409,0.0159370552615598,1.00679600765719,-2.06391807973681,-0.828686292018897,-0.195809403635417,0.529444830654154,1.86494291798786,3990.86293527756,1.00044188279967
"z[2,10]",-0.0475286365247576,0.0139996242442635,0.992425466332203,-1.94024303919336,-0.691558075531803,-0.0406561658235895,0.607775775737369,1.92979989949759,5025.31213077175,1.00086864002754
"z[2,11]",0.0656438721045706,0.0150224630664319,0.965142203174161,-1.77677661387983,-0.582881491713602,0.0369144827372971,0.695737409158755,2.06574349002565,4127.62584703808,0.999341036837809
"z[2,12]",-0.0881057900091891,0.0151299322325686,0.993849008761595,-1.98562987262986,-0.749613709310879,-0.0904415046486024,0.570853883899775,1.85922227397453,4314.86142104267,0.999582558330597
"z[2,13]",-0.14973527628764,0.0156997015797692,1.0399019827024,-2.18125765914826,-0.850070415814739,-0.145219379397193,0.56029559007734,1.87407514734489,4387.34733423783,0.999520471610933
"z[2,14]",0.125952742407333,0.0151128869368558,0.988699929781269,-1.82552026110844,-0.551306670037868,0.130312149116308,0.794094056135439,2.116024001683,4279.90510676305,0.999739611862979
"z[2,15]",0.0552366598517593,0.0154137725320309,0.980055680102696,-1.86423456048532,-0.589666614954787,0.0502785734772718,0.661293284348372,2.03066572281909,4042.81258417624,1.00030767980321
"z[2,16]",0.27721681951051,0.0152437241529404,0.981037845769469,-1.62858905894424,-0.384186614544467,0.292041139103722,0.938509253011662,2.23439544469108,4141.80225911986,0.999748581064106
"z[2,17]",-0.0707663385030162,0.0146848142455298,0.990492035210423,-1.98846184118633,-0.724606722138123,-0.0652890487837977,0.580737785588773,1.86520475519704,4549.514574096,0.999435019112087
"z[2,18]",-0.00862154834707956,0.0139996407679947,0.986080664725656,-1.8925976228293,-0.68112105310504,-0.0196278045206181,0.654124104012672,1.95388342916842,4961.24989499241,0.999671074842764
"z[2,19]",-0.0627251497267218,0.0140634772108716,1.00531308759255,-1.98878647157492,-0.741047289126546,-0.0739263579459147,0.615438416617561,1.99369570850914,5109.95699667551,0.99976197357226
"z[2,20]",-0.010992137056585,0.0146879303895231,0.978582014596344,-1.88045501310324,-0.644926219230747,-0.0116918146519353,0.643289293495882,1.91728958951204,4438.87839942961,0.99938118642423
"z[2,21]",0.157292884301734,0.0140535238961673,0.994140062348634,-1.76856336844634,-0.516093775968643,0.150118538382493,0.828750460790466,2.10763646992897,5004.08500151817,1.00009848339169
"z[2,22]",-0.147593080284353,0.0154494846365321,1.03090042853462,-2.15695616442294,-0.845020491863404,-0.137978237060231,0.539901447702554,1.87322033939316,4452.51556847411,1.00069550105233
"z[2,23]",-0.122835581089433,0.0148842410564372,1.00705314611573,-2.0330548145423,-0.825669144979515,-0.136192944356819,0.565357549846793,1.86717058735947,4577.74283092916,0.999589298488858
"z[2,24]",-0.164402913635645,0.0143630233167923,1.01952520169047,-2.13353684832193,-0.837063289822674,-0.172404201598371,0.54024522134405,1.83171072350764,5038.53407714979,0.999928083356704
"z[2,25]",-0.0358172540260924,0.0144966484418768,0.983726212900629,-1.96177875908683,-0.689640015816956,-0.0307223698291684,0.613311550562533,1.95721124335632,4604.8265264725,0.999226183229081
"z[2,26]",-0.0599837079533996,0.0136380389252173,1.01173861572276,-1.96318364145097,-0.773920559175314,-0.0775930427939855,0.630068106590823,1.95961171740754,5503.4218192394,0.999789317029538
"z[2,27]",0.333999675566629,0.0144973960689803,0.938608630932415,-1.56441548932464,-0.312885212605755,0.340567758956465,0.980536195307827,2.07698444044068,4191.68925022356,0.999608056198345
"z[2,28]",-0.135871749456165,0.016067919445443,1.01472915881192,-2.09840996881957,-0.803708078221951,-0.160071007147281,0.530078339271931,1.90151239180443,3988.23728178796,1.00042402468754
"z[2,29]",0.0339392537010225,0.014123147570561,0.969708297529917,-1.90261766997211,-0.608326560068847,0.0322051877947327,0.684977416585819,1.96446312148032,4714.32185784444,0.999706641536029
"z[2,30]",0.06053518675472,0.0146425800432607,0.938251551593137,-1.80449089135663,-0.560764589511108,0.0667980571603213,0.677912168407768,1.91756002693389,4105.85274066189,1.000044714537
"z[2,31]",-0.0743615709011786,0.0156872602976064,1.00521389927609,-2.03849307315889,-0.744873022365447,-0.0760741138675897,0.627473564460391,1.83458633387076,4106.0361101026,0.999398069036368
"z[2,32]",-0.0598322276894341,0.0136436643686938,0.963539448555998,-1.92707900077288,-0.704711001427268,-0.0561929325104463,0.595058084667399,1.82873312744627,4987.43151536072,0.99942414206497
"z[2,33]",-0.056777211876954,0.0151416922756866,0.995982429669987,-1.9197893000348,-0.750836629659903,-0.0682369682375619,0.618125623797403,1.91084302849899,4326.67747324902,0.999932681386657
"z[2,34]",-0.122497186605092,0.0143311468707829,1.01356724843977,-2.09940364535046,-0.803153189345013,-0.110462307373911,0.555458163091883,1.8995972672097,5001.99488955978,0.999836092509096
"z[2,35]",0.0147740524953266,0.0156388118233833,1.01618780769873,-2.0007782693911,-0.684119686727737,0.0229543568030936,0.681718144645691,2.03131489212818,4222.21604602273,0.999224224084529
"z[2,36]",0.0238981841535949,0.0134392552491585,0.947315702181757,-1.78013257184534,-0.624987538601576,0.00382153450207478,0.665484508589441,1.85291189475345,4968.65756933516,1.00019684061999
"z[2,37]",-0.0613126863650021,0.0145939013973008,0.979433480570587,-1.96574447240405,-0.739726458027527,-0.0741785381290412,0.576875889683719,1.93869936413977,4504.09016752965,1.00013046339011
"z[2,38]",0.00408415800004886,0.0140630615194805,0.995799187765048,-1.91694285081047,-0.660299691303085,0.00206037609729635,0.683472335193755,1.94490883972095,5013.99367981977,0.999644629766415
"z[2,39]",0.113937421034383,0.0152533537070183,0.951014631222823,-1.7731229908333,-0.525914395856301,0.109927858728638,0.759032040491724,1.96879386918976,3887.26112190852,0.999799394193467
"z[2,40]",-0.00388131232571683,0.0149170393143757,1.00133925978811,-1.97843422840927,-0.651424430058668,-0.00171798244104626,0.674644066341774,1.95298128519631,4506.06258477002,1.00001631669217
"z[2,41]",-0.0397956173418831,0.0137466893836476,0.966791317138097,-1.91702580050704,-0.671047713287043,-0.045149756932024,0.599059781242136,1.84808564665788,4946.17232848909,1.00026526071577
"z[2,42]",-0.144205643264772,0.014600735159031,1.01226350737121,-2.10835655733208,-0.843685553065902,-0.142704914407077,0.545676806002861,1.83529276402138,4806.5970362718,0.999602136680119
"z[2,43]",-0.0344441042252932,0.0154653318708893,0.985665969606591,-1.9550519030252,-0.719408522394541,-0.0322010589056484,0.624438699972002,1.96736404335638,4062.01045989582,1.00004585515245
"z[2,44]",-0.0914419602642723,0.0148972918309304,1.03489577324575,-2.09277307227035,-0.798991284630104,-0.0806375079690071,0.614541196664512,1.88272652149461,4825.90285591246,0.999969267227926
"z[2,45]",-0.105600274714897,0.0136912973728881,0.971971811542697,-1.99463325781695,-0.767348640177342,-0.0936412221913868,0.545803635470578,1.78998542191153,5039.85606269906,0.999615209430402
"z[2,46]",0.257202794660632,0.0157090731902545,0.979687154998102,-1.67510256286675,-0.387967981143174,0.278217254314972,0.899933327815591,2.17696489977858,3889.32022094043,1.0001605110038
"z[2,47]",-0.0153569206465888,0.0141788564608638,1.03275012351491,-2.02816413381116,-0.739119001315185,-0.00164509160716625,0.672036782704556,2.00712528381624,5305.27742700616,0.999704907476755
"z[2,48]",-0.10923120620605,0.013859177478708,0.984992896181337,-1.99666420488095,-0.788849403117022,-0.112391336002871,0.551977589651726,1.87608002937391,5051.16184555499,0.999213899346077
"z[2,49]",0.0277632389304427,0.0144661860194796,0.957262531147333,-1.76007747997947,-0.622400133540986,0.0195745168653656,0.666918339404781,1.90692290493151,4378.78911438894,0.999876282939756
"z[2,50]",0.151377083991036,0.0147475889850259,0.958833420936097,-1.733744186181,-0.485039833719619,0.165156368173656,0.804388494890512,2.06123296633279,4227.11707204724,1.00112701421105
"z[2,51]",-0.0916374249001971,0.0148589087399958,0.994956740811085,-1.99642087316967,-0.766451630551964,-0.0935151147342881,0.573918242858577,1.86074711003861,4483.67955811163,0.999431868817041
"z[2,52]",0.0277332675121659,0.0135872969346656,0.988106566724595,-1.86850121723098,-0.627852711120947,0.0273847755451245,0.696440420825349,1.97493905198083,5288.6087356359,0.999237566030482
"z[2,53]",-0.0337192433926109,0.0144872095361047,0.982560958513652,-1.91156942646852,-0.711729871427216,-0.0299399158896222,0.617029964968918,1.90785859058161,4599.91200910324,0.999959279540162
"z[2,54]",-0.0237654432100097,0.0145207356003593,1.01376544227936,-1.97971022409915,-0.734597774856933,-0.0218185125231363,0.685760342021198,1.94023579515924,4874.136978421,1.00045118951435
"z[2,55]",0.205933501843224,0.0149108332585732,0.961905799463322,-1.69121916462509,-0.451827762160035,0.193948662948908,0.884094073566466,2.08683793495909,4161.60885477998,1.00034517022574
"z[2,56]",0.0294612318259738,0.0141592398072162,0.984728847816944,-1.869345656383,-0.654999401135988,0.0048332085523669,0.71078119867379,1.99785669382943,4836.74784956615,0.999139318286925
"z[2,57]",0.320547915966479,0.0151450705254399,0.956575967747839,-1.50903146010107,-0.350046666224245,0.318818409126947,0.965567880088142,2.27840054891044,3989.29664309278,1.00036384460984
"z[2,58]",-0.0504737140403011,0.0144777887757942,0.980140082025221,-1.95180199290354,-0.72299280004009,-0.0355262028278957,0.59441304805946,1.8659378796759,4583.23184695281,1.00005506785293
"z[2,59]",0.425614119782794,0.0152714652961107,0.948355948629477,-1.42904018234815,-0.214661681021481,0.430750435850553,1.08380360215992,2.24547147644165,3856.39335817237,1.00101929455057
"z[2,60]",-0.135687296437049,0.0143781605754729,0.986465207112812,-2.04004333627658,-0.796470701620713,-0.148333519166821,0.515607161314785,1.80031301222225,4707.13750745764,0.999681183958353
"z[2,61]",-0.0369811322543816,0.0155707737864099,1.00599892818435,-2.01252501015422,-0.713104854805399,-0.0428397056184545,0.645035361168655,1.90371348213378,4174.2133765086,0.999907728309969
"z[2,62]",-0.0565710879749365,0.013226403036109,0.965774342194242,-1.90234117800179,-0.713476020222293,-0.062624798149868,0.589764313289069,1.84429694112706,5331.7259876409,1.00003474615721
"z[2,63]",0.00477772601672268,0.0140847530449466,0.958997720123962,-1.83396106903229,-0.657847492420102,-5.21141708389565e-05,0.64055136720649,1.88026343349926,4635.92793230842,0.999511492501553
"z[2,64]",0.0416818791027082,0.0137648845809175,0.984983626446633,-1.833665460613,-0.606525827661652,0.0263293940383093,0.689625609098679,2.05388410533497,5120.50593761029,0.99949533619554
"z[2,65]",0.243381370970891,0.0145454774634091,0.943702021834559,-1.63259521402374,-0.374426728013422,0.245585529497139,0.860353960287626,2.08315806768942,4209.33807246681,0.999975724077121
"z[2,66]",-0.117583933013396,0.0148697341526776,1.01871886632817,-2.08056512335809,-0.836965858475567,-0.109803384625314,0.565773258721958,1.91321971174836,4693.559094599,1.00025191647459
"z[2,67]",-0.0886992516961819,0.0154278991056701,1.03593025624212,-2.08045906910158,-0.82827590995184,-0.0774563387909259,0.602292434279043,1.95511537487359,4508.65967783514,0.999770034848258
"z[2,68]",0.00857597888083522,0.0147025768761313,0.984697078995602,-1.90907046567917,-0.655085705294665,0.00330787570276915,0.679415288111191,1.96102639785973,4485.57767375852,1.00001710862386
"tau[1]",0.161409684410873,0.00300113574972489,0.0950690022162346,0.0102175953253736,0.085684895369206,0.154746653412169,0.228958208955436,0.361356528220182,1003.47507874585,1.00519394397095
"tau[2]",0.602924981356165,0.0151571773952314,0.484094800105371,0.0234279030931867,0.24063323272085,0.495595060264542,0.847331771261173,1.85076567871552,1020.05636095254,1.00024018907092
"u[1,1]",0.13199191675039,0.00385931555736469,0.19142235091462,-0.151647310547807,0.00230718261187749,0.0830648352855798,0.230874765567838,0.606020388420137,2460.16769243676,1.00022591254185
"u[1,2]",0.00854606258271589,0.0125240217410916,0.768750611892061,-1.60748586518241,-0.289525742897673,-0.00240432619592272,0.274287897532842,1.64427047872836,3767.76079846778,1.00023665519941
"u[2,1]",0.0258587021044455,0.00236995434091849,0.158374359991803,-0.295192655965584,-0.0526172862560514,0.0120980557181274,0.102663862739985,0.385455258439471,4465.70250118541,0.999179773364129
"u[2,2]",-0.0456414734238152,0.0133214661068837,0.733453242580921,-1.68715211404031,-0.321401053334778,-0.0120923528272486,0.222455525547895,1.55003316870881,3031.38304714648,0.999384293678023
"u[3,1]",-0.0412669176398378,0.00313582021237011,0.174387945290386,-0.43794724946968,-0.1227708575531,-0.0206444062556499,0.047482213734006,0.2822600861424,3092.64884749733,0.999889695152865
"u[3,2]",0.0692315459514415,0.012425770101398,0.65452210479076,-1.25823559883562,-0.192921371957074,0.0177107092701937,0.306940250623115,1.60688008845973,2774.61039065237,1.00088109472369
"u[4,1]",-0.0685811445780733,0.00286597746379985,0.170185439707865,-0.48840397112167,-0.152131441248554,-0.0369039240686086,0.0234930884563848,0.231249464316201,3526.13763507018,0.999391055587947
"u[4,2]",-0.0491966943689776,0.0119788868377184,0.714034079785144,-1.63680581249307,-0.333982171839586,-0.0104846173096502,0.225555790580718,1.43004327898589,3553.07975863093,0.999973902707872
"u[5,1]",0.00263455658657092,0.0024604182347056,0.167598656152821,-0.363390678885096,-0.0747874068951519,6.39405324643821e-06,0.0744298299764375,0.375687271131348,4640.05565827477,0.999248649151047
"u[5,2]",-0.0133355709210306,0.0127499099883418,0.748685341998291,-1.67883896241241,-0.284949995196208,-0.00560042730820096,0.238327059731748,1.54582220403025,3448.13629092209,0.999792116038841
"u[6,1]",0.0616266857561162,0.00333933426944096,0.187310989821538,-0.27278317279965,-0.0334507270924636,0.0281665723480068,0.141223791277327,0.504367683180537,3146.34780507473,1.00040436345738
"u[6,2]",-0.0915044851421399,0.0129047063984463,0.813035779251484,-2.01630210907326,-0.345921298975958,-0.0175579911743793,0.222725065552393,1.45581524195237,3969.38349685819,0.999651491080845
"u[7,1]",-0.0449566092154694,0.0025272834467587,0.163357941084734,-0.431867241198298,-0.124815633158034,-0.021476437682982,0.041690596940296,0.265579440613229,4178.04002810795,1.00000072071992
"u[7,2]",0.080460031246585,0.0110119322712409,0.699666231227786,-1.32632373314578,-0.192295463129701,0.0227602602511932,0.326187892878218,1.71955619770535,4036.96295312842,1.00005059479136
"u[8,1]",-0.0165024467370348,0.00232678298102421,0.164916809722191,-0.388609435703041,-0.090874455156227,-0.00531379206739875,0.0639616891087049,0.31003776330081,5023.63517519598,0.999635299399689
"u[8,2]",-0.0270115261059187,0.0115905175494332,0.714033768586101,-1.70762879889665,-0.2797855691893,-0.0031735940541727,0.241357598146924,1.48987498991993,3795.17533353756,1.00000244632143
"u[9,1]",-0.0557974046801767,0.00272017405228302,0.169549818249479,-0.452826792778938,-0.137266109148268,-0.0278664173459504,0.0353328366024872,0.248729832822874,3885.09166486985,0.99964455153889
"u[9,2]",-0.145584186837074,0.0148379193062326,0.800774065927238,-2.07435154595792,-0.397310440460858,-0.0347969979305359,0.168163180403428,1.38602335889781,2912.5540209665,1.00005896282926
"u[10,1]",0.0148225079666417,0.00230130240195437,0.164465143559804,-0.318146302580232,-0.0675175019691246,0.0046469073988261,0.0922883340359231,0.376458695197778,5107.40568337321,1.00052179262328
"u[10,2]",-0.0434402120621699,0.0125236212896334,0.778403834373585,-1.6514223580184,-0.313187414621992,-0.0126056225242499,0.228888832226326,1.58196006852021,3863.22569277645,0.999814876827236
"u[11,1]",0.0761294395137431,0.00333324340398729,0.181302391753787,-0.240222864809079,-0.0240409559130791,0.0405012923842224,0.159970575715707,0.506106054606173,2958.50978496468,1.00088127723835
"u[11,2]",0.0396793026544066,0.0127069623157209,0.695991242322353,-1.41773209017305,-0.242740597494071,0.00490549424466778,0.287891074171621,1.56706504247395,3000.01941890336,1.00086326177419
"u[12,1]",0.0132945731142333,0.00238925237941013,0.161047108947813,-0.331296747661917,-0.063237147606862,0.00530584657244003,0.0911033801456915,0.363215666846659,4543.40876500217,1.00021269572118
"u[12,2]",-0.074999835699373,0.0130619636383113,0.74958495939686,-1.75198735078276,-0.338894876347806,-0.023801133611506,0.194515268067943,1.48013597729275,3293.25065291381,1.00054327878374
"u[13,1]",-0.0179574915804664,0.00249053027974035,0.169253962399775,-0.390444512662325,-0.0933479376809876,-0.00585223245264913,0.0594793281858485,0.328890372405164,4618.42650609771,0.999631572715364
"u[13,2]",-0.131308937567712,0.0151828672574142,0.838576582025156,-2.23005467761037,-0.383301948429841,-0.0330346325118376,0.181550728322997,1.46234998770652,3050.54805154155,1.00030947161476
"u[14,1]",0.0146549683244501,0.00246538379531797,0.16850765400472,-0.328880310743783,-0.0658096392847496,0.00421496515254458,0.0918672207177555,0.367993541293852,4671.64884319893,0.999857189196454
"u[14,2]",0.0803234168860033,0.0117731632409983,0.711952319134374,-1.34432673757405,-0.201105864594773,0.0259604442500916,0.371426643450434,1.683339184164,3656.92022617616,0.999508151328934
"u[15,1]",-0.0141344776342936,0.00246612018161838,0.164806263556982,-0.380030836519829,-0.0927095239192515,-0.0047338106107782,0.0650770497387745,0.323535691255607,4466.00239886352,1.00052873559667
"u[15,2]",0.0539648138509619,0.0125640654368659,0.714842040113434,-1.37324500607662,-0.2199017176313,0.00336587312034121,0.291623327843058,1.75386130960879,3237.1274008561,1.00173101307335
"u[16,1]",0.0352217059832168,0.00313119521323775,0.195805821735696,-0.347296324664953,-0.0641405668635849,0.0125472765033562,0.126105453838234,0.486672408875842,3910.48758636411,0.999766831365177
"u[16,2]",0.259614788675733,0.0154243838568376,0.785125586303278,-1.06893875870503,-0.0988488427500477,0.0975179834235393,0.520368778087768,2.2372796036357,2590.97135776835,1.00057231335617
"u[17,1]",-0.0758318612259507,0.00286334349851262,0.169921339638345,-0.481070472947968,-0.159241295682068,-0.0412964987304023,0.0202225103687234,0.22390723954506,3521.67232827542,1.00012307982864
"u[17,2]",-0.0837422492093736,0.0130780478661644,0.774715813780179,-1.84755143396245,-0.334370126099573,-0.0128593342552542,0.210020578354093,1.40401334461647,3509.12627877827,1.00018210597823
"u[18,1]",-0.0187129947567682,0.00249816072036535,0.162040828192841,-0.381920908185403,-0.0970220368609922,-0.00787617419662319,0.0626512956107806,0.312354539351386,4207.3453105461,0.999435871947086
"u[18,2]",-0.00301986080590387,0.0118516562883801,0.718499082768686,-1.5407931658621,-0.274203891210652,-0.00290697138306613,0.262730605447092,1.44637347296375,3675.31308009858,0.999686592442816
"u[19,1]",-0.0317076959567761,0.00254515204546509,0.1649246274083,-0.405946091575637,-0.11147964619274,-0.0175167814116549,0.0529128311300085,0.287960473619315,4198.97761580005,1.00009374558445
"u[19,2]",-0.0494423347471709,0.0125777891895538,0.763922894622608,-1.71025577216952,-0.320290776734829,-0.0121047352492249,0.234400126898033,1.45894893901267,3688.84518534119,1.00033038706887
"u[20,1]",0.033305104243684,0.00286140070137014,0.169506733046936,-0.308172324589251,-0.0525734317040629,0.0146482314920665,0.110314910222572,0.424503875552089,3509.26810181608,0.999405331345926
"u[20,2]",-0.00499510428973621,0.0117789971838443,0.739408819842693,-1.5578295486877,-0.266204520699997,-0.00281334590676541,0.253451014487479,1.57220533446201,3940.51166404435,0.999825026494337
"u[21,1]",-0.023340874635493,0.00302449975505564,0.176221869294593,-0.422350645178691,-0.104355596879417,-0.00857884224005364,0.0629186258127188,0.330414898843792,3394.78676362456,0.999980531602505
"u[21,2]",0.160057320366251,0.012311822936845,0.738587820089291,-1.16378187950113,-0.158548892377074,0.0468515553645136,0.42716651972756,1.94593467395941,3598.81532292124,1.00154559345357
"u[22,1]",0.0421683442679262,0.00280232769841075,0.167314700415389,-0.260130546492668,-0.0422170159794591,0.0214924560249378,0.119106711496402,0.433133076409613,3564.76053710849,0.999513332065657
"u[22,2]",-0.136213423364953,0.0149856814730589,0.847190798992269,-2.16720029717115,-0.397840849240903,-0.0368408861945986,0.184209864811592,1.42885661085403,3196.01983792488,1.00144190212709
"u[23,1]",0.0727782250986635,0.00304525412232518,0.176479529966422,-0.234811183271956,-0.0240285367842359,0.0357567691699276,0.155077105507921,0.517750466757005,3358.47095903752,1.00042310262662
"u[23,2]",-0.126870525823433,0.014076200106104,0.802308685287738,-2.00175934533926,-0.391548450329637,-0.035537776123165,0.171530078270495,1.41675752866121,3248.71881040418,1.00056904870234
"u[24,1]",0.0637966406267716,0.00317301461102757,0.175587732373221,-0.254051870257442,-0.032420536380297,0.0307630130057908,0.146834200543867,0.487240143365226,3062.27505382007,1.0007934099864
"u[24,2]",-0.162241001824315,0.0151125107379895,0.836036265029021,-2.24363533523965,-0.419227350144948,-0.0415223529641599,0.163989998236578,1.38342693110702,3060.39150561892,1.00078900004326
"u[25,1]",-0.0723322799780142,0.00310455888959932,0.174587817609059,-0.483152327958347,-0.151865218953994,-0.0396017473466416,0.0231588978004949,0.222893353537207,3162.48204057609,0.99977733824186
"u[25,2]",-0.0223922537040704,0.0126246167511813,0.741311462694123,-1.62325808172397,-0.301028568733373,-0.00701135791407737,0.23158088305383,1.55232683351799,3447.9822790859,0.999526038029013
"u[26,1]",0.0947558685149193,0.00346536637734608,0.190571467589405,-0.218733931175288,-0.0139995302318095,0.0545993453798091,0.184230960745589,0.574658553837653,3024.24827970002,1.00046906762557
"u[26,2]",-0.0742436233189066,0.0123742699282532,0.791410857143506,-1.87695336943829,-0.345645273253929,-0.0231971641940754,0.219355651877196,1.55075961736419,4090.39112273098,0.999696693892412
"u[27,1]",-0.00127337309949988,0.00265306160081348,0.159671636250131,-0.340248080613205,-0.0807209112561478,-4.20994844317461e-05,0.0758339007356982,0.328016294648626,3622.10373257069,1.0000577607433
"u[27,2]",0.297886841803778,0.0151237444610741,0.716431656653183,-0.74902929785458,-0.0747760355517479,0.121993493183128,0.542437209248515,2.1762554365013,2244.04144604033,0.999576951553225
"u[28,1]",0.10092587967964,0.00366871627432334,0.187786572646887,-0.192576817827514,-0.0127139014993387,0.0580308867733099,0.193239807888164,0.56496044255584,2619.99714852072,1.00216310911019
"u[28,2]",-0.160959838124751,0.0157027120476823,0.793338021283684,-2.21900101687193,-0.400375874755094,-0.0430356683833283,0.163258043152023,1.32692455170463,2552.50853973466,1.00085301036891
"u[29,1]",0.0755195833097507,0.00333639765658993,0.175972842179557,-0.227575385514177,-0.0216098849909445,0.0399258253644317,0.15577194819906,0.504210410364987,2781.86263982589,0.99995238358722
"u[29,2]",0.0222328772374427,0.0114878379800489,0.696970389092855,-1.41907523854571,-0.243144691408834,0.00131834372351103,0.274130246483962,1.581252739185,3680.88332153082,1.00065684827035
"u[30,1]",0.0199813311787335,0.00224816030152144,0.156195166952707,-0.298036554361855,-0.0571095437040578,0.00895510408260091,0.0950073214159029,0.366549322671415,4827.03706858319,0.999746099694145
"u[30,2]",0.0614605634440183,0.0120863979621169,0.681885097507329,-1.3063042602828,-0.207995683046123,0.016529870853151,0.292242939678029,1.62996966669241,3182.94121915003,1.00016179054676
"u[31,1]",0.04273901683043,0.00292726351219898,0.183535339580762,-0.307886798259221,-0.0459513929549852,0.0172220847135386,0.12380057970454,0.473299649934535,3931.11510743508,0.99933278543554
"u[31,2]",-0.0781162011796636,0.013293807192502,0.793019077553937,-1.87782209869771,-0.335190159650385,-0.0137019815036549,0.209375186067038,1.48323848837192,3558.51269144055,0.99974286603308
"u[32,1]",-0.0798936028741293,0.00317036171894327,0.174778993458114,-0.507651191730535,-0.162346559760199,-0.0455775723697014,0.0192255228975947,0.216562271046874,3039.21089273576,1.00043942645915
"u[32,2]",-0.0412707454634794,0.0133523601966401,0.75570536964469,-1.6443625306026,-0.310743874564858,-0.0101655652584716,0.218178874238902,1.49764694213297,3203.23600410212,1.00017634041713
"u[33,1]",-0.13422672042819,0.00396266494744112,0.1979535618033,-0.634635884393047,-0.227957718141691,-0.084592071259799,-0.000617319201723489,0.144763844113849,2495.46759331446,1.00184537552856
"u[33,2]",-0.0291306621336426,0.0129466499431243,0.78328090471118,-1.61009219974753,-0.311056091282405,-0.0066970678920759,0.26069114907898,1.58553227971461,3660.33021898376,1.00080746456559
"u[34,1]",-0.0517253701611566,0.00277825990087609,0.173389794348303,-0.46902004345802,-0.132406479373195,-0.0243977016856493,0.039827692470354,0.267551854740677,3894.94492939154,1.00009455685148
"u[34,2]",-0.126344693341072,0.013462957607274,0.8123943577626,-2.107129807301,-0.384207493693227,-0.0264158447294756,0.171957490013743,1.41413601732022,3641.26964269046,0.999976509838664
"u[35,1]",-0.00316068060181386,0.00312877613382795,0.191372865629893,-0.409915927440021,-0.0857324812472616,-0.000706598902210832,0.0827791835039257,0.390677789373007,3741.20701317928,1.00074797902189
"u[35,2]",0.0034015818407364,0.0120202118756761,0.754474072668621,-1.65723140163997,-0.265476361770481,0.00332936932249223,0.273136321254902,1.60704653025946,3939.71126372476,0.99949338933557
"u[36,1]",-0.0470900699211071,0.00273777546629758,0.161628999990361,-0.43335329818816,-0.128280098373709,-0.0224894055247324,0.0391107079933,0.259765218669224,3485.32207584087,1.00041541163187
"u[36,2]",0.0234816242721313,0.0114677867784296,0.684007463792328,-1.36472420446567,-0.23965173007561,0.00077448118732534,0.261518071515919,1.46990535646254,3557.64379315888,1.0020422033698
"u[37,1]",-0.0418344836513507,0.00273650730907409,0.165205954453511,-0.426659832105897,-0.12284905079715,-0.0179804777115155,0.048244233221127,0.270950363684467,3644.66962902363,1.00055309185953
"u[37,2]",-0.0671574326792404,0.0117076636258212,0.714355038098391,-1.72489197024055,-0.334603360258788,-0.0199591583482323,0.207162490886269,1.39117649403588,3722.95469822484,0.999767487327862
"u[38,1]",-0.0767177128144451,0.00298437209915978,0.170687909915098,-0.483664195991457,-0.16530172614384,-0.0440301293704887,0.021356260977099,0.216024813549876,3271.14336673944,1.00054190881309
"u[38,2]",0.0234856940888677,0.0122984146560697,0.77392750464204,-1.53163589869494,-0.267010882081876,0.00127717236586247,0.294221522315363,1.64794890784244,3960.06486140814,1.00026010076848
"u[39,1]",-0.000245783392723053,0.00241991615187629,0.161782917098922,-0.342754191526633,-0.0812575672010708,-0.00121824497778312,0.0777648958569907,0.346438848211569,4469.5591305383,0.999666797962735
"u[39,2]",0.100461729001702,0.0116883731809841,0.669245105939662,-1.18105136744147,-0.180217178251151,0.0229333418372944,0.32665006540129,1.70163049530135,3278.40248097134,1.00093619439625
"u[40,1]",-0.0937000036109326,0.0034857541715797,0.176126039680602,-0.530135447152545,-0.181803046410463,-0.0569686930276513,0.0101225208721447,0.196270135440512,2553.01653746651,1.00058416626578
"u[40,2]",0.0176844746360733,0.0117421873128224,0.760328244718187,-1.57980333150673,-0.268758460552635,0.00278566512442857,0.289239519707034,1.58402038397323,4192.80090016291,0.999698255280728
"u[41,1]",0.148022404489387,0.00405018614287578,0.19960150271977,-0.131024706362468,0.00671731691427645,0.0955155248771452,0.24652456346876,0.661565190695,2428.72110238563,1.00231777598438
"u[41,2]",-0.0704274037984978,0.012247673517317,0.756616881993091,-1.73596005043283,-0.34286132166095,-0.0180413266799741,0.207422523788946,1.4804562987514,3816.32060810872,1.00045597156865
"u[42,1]",-0.0499570383887871,0.00274384457767604,0.16744048497094,-0.448958936621027,-0.12979164202061,-0.0252790470160846,0.038488960164956,0.255139857822252,3723.93362290287,1.0006672243434
"u[42,2]",-0.11543429424759,0.0136060756628621,0.781859906785041,-1.9025945588386,-0.39048946078983,-0.0284631009306463,0.183990937251108,1.45788708763433,3302.11446266372,1.00013510892234
"u[43,1]",0.0356347926822992,0.00251955935806812,0.164732144352251,-0.283421635153989,-0.04969904972356,0.013498013934726,0.118633174376615,0.405516675894765,4274.71844272183,0.999503394615417
"u[43,2]",-0.0461999059690237,0.0115146637676797,0.730837744640284,-1.64645445902028,-0.303931849024139,-0.011359145548551,0.226757715006695,1.45011986666713,4028.46333765557,1.00031759113219
"u[44,1]",-0.027799425336762,0.00296388664418415,0.182774335583877,-0.435400976140812,-0.113170184787551,-0.0122042499439562,0.057971447867777,0.353939662080955,3802.83294966724,1.00054657663689
"u[44,2]",-0.0902241788257109,0.0134776967653978,0.825935988047407,-2.03182496366262,-0.356750862902498,-0.013228795964209,0.210359300468683,1.61348748104178,3755.44510145045,1.00043165091879
"u[45,1]",0.0582480855220764,0.00310998053049258,0.179525578769183,-0.263469192522546,-0.0359475898241033,0.0266405323339493,0.138201394856973,0.497783981513841,3332.24811235549,1.00099867034749
"u[45,2]",-0.0946559500475388,0.0127635555973992,0.76422798273787,-1.92663926444302,-0.349545187034786,-0.0176410221252701,0.202403345196139,1.40623060951402,3585.11030444605,0.999443835760239
"u[46,1]",0.0136171886138561,0.00263621256628311,0.166829845070793,-0.34884019518502,-0.0683629740154913,0.004804148018744,0.0919630574687976,0.394061608374942,4004.85356665137,0.999552717378758
"u[46,2]",0.242848604937872,0.0138947569778579,0.731444008672021,-0.887697835346578,-0.106355856527036,0.0726159921213308,0.493287281806025,2.07313870162688,2771.15146027935,1.00077123947227
"u[47,1]",-0.00359777864763566,0.0026617575427876,0.164066052634211,-0.354046423560058,-0.0850107904238625,-0.00189653560198824,0.0773754750202674,0.345566053065562,3799.27274099064,1.00015032137622
"u[47,2]",-0.0359690473757437,0.0120322312069707,0.769910132847328,-1.65728344216442,-0.337114940649404,-0.0054029817216617,0.241148254663581,1.58979513706444,4094.37610284316,1.00017743314112
"u[48,1]",0.00431466972157608,0.00234672441333032,0.162519090244098,-0.341285168171731,-0.0768837683698563,0.00106758267434292,0.0824502438969475,0.362969690118533,4796.05972082498,1.00119382479943
"u[48,2]",-0.100739826141227,0.0122512947042755,0.74662623633897,-1.87810017183628,-0.337926657746761,-0.0222195158879146,0.194114115554923,1.45057897297314,3714.00530691935,0.999330711748843
"u[49,1]",0.0990050706761125,0.00347046652326409,0.177701306585851,-0.190914620747698,-0.0102793405541979,0.0639042805698434,0.189847139522699,0.514884454908856,2621.83600462638,1.0004791353185
"u[49,2]",0.023223551283156,0.0118172764116557,0.687680273729283,-1.3862324552953,-0.252611195682965,0.000517799014567652,0.284391065635091,1.59642587026523,3386.40070096594,0.999356113109738
"u[50,1]",-0.0503181265717437,0.00270681736479472,0.172544019189168,-0.455427300211432,-0.129496460194168,-0.0227816549592091,0.0379838929235692,0.269309891253627,4063.32829574114,1.00152463402528
"u[50,2]",0.141568276898086,0.0122895127374421,0.714790265058044,-1.12530914673451,-0.157493651196299,0.0402234962824676,0.36578785578748,1.81959389855282,3382.89041945425,1.0011604639683
"u[51,1]",-0.00816281507235012,0.00246231573035995,0.161443723177949,-0.364917274089196,-0.0859948172291091,-0.0023061984052505,0.0679903673680665,0.335639802824139,4298.87532598604,0.999481929541005
"u[51,2]",-0.0951758957658667,0.0123851178557514,0.746978631658716,-1.7529561349452,-0.342451282639855,-0.0204842389938571,0.204266361013803,1.30581452783263,3637.60945064955,1.00015576187109
"u[52,1]",0.00172455249249663,0.00267525230778538,0.170229488930946,-0.368319852354325,-0.0795321079515959,0.000912584006768201,0.0832309555486636,0.359384681798376,4048.92839011391,1.00004397058065
"u[52,2]",0.0363950947425144,0.0121292016161911,0.733910715055483,-1.40471369436257,-0.247053558120443,0.00909069296560659,0.276532263003866,1.74487780758396,3661.1879693325,1.00005923654358
"u[53,1]",0.029773281186333,0.00262865092189801,0.16318249230625,-0.297009563477099,-0.0521866344790194,0.0130006236651477,0.106196474563093,0.3998972008032,3853.73005698156,0.999892011089165
"u[53,2]",-0.0232456077915503,0.0124265663196338,0.72820433184805,-1.58577608170719,-0.298841563170836,-0.00541484881147055,0.231764119624816,1.51197124498564,3434.03116521257,1.00018377824988
"u[54,1]",-0.0887676230795478,0.00323336687649459,0.176082939348393,-0.522606134936759,-0.174523047243284,-0.0485015362601427,0.014237543726267,0.194998789378806,2965.68205012281,1.00023847046295
"u[54,2]",-0.0170889725414402,0.0125564692049034,0.748646424402312,-1.67826752361839,-0.294231534570903,-0.00114832678070966,0.283270016997824,1.57357527458572,3554.82673446392,1.00167819406766
"u[55,1]",-0.0273073799066375,0.00272480384226844,0.169198396249396,-0.411610925200282,-0.108273241204119,-0.0114755804629268,0.0585559765222051,0.316076462803289,3855.86658312692,0.999230492537616
"u[55,2]",0.187555629348694,0.0120813198439659,0.696614860423446,-0.998901116805525,-0.127128644130653,0.0599712607074135,0.441782219396309,1.85567659419829,3324.73247333176,1.00170306247978
"u[56,1]",-0.0295709049380869,0.00242288313574937,0.162759860362135,-0.398593683023354,-0.108060860097373,-0.0129856597652131,0.0523359017078174,0.298914884281065,4512.629550554,1.00067400277464
"u[56,2]",0.0348968155716075,0.0124597931175778,0.7232885168424,-1.36073705062878,-0.25874481045168,0.00448976850154196,0.285716114280807,1.68448094800766,3369.77945079712,0.999716627274786
"u[57,1]",-0.0850145716586436,0.00339881621650492,0.174515890788175,-0.500335994995437,-0.172642944996725,-0.0484705380560449,0.0163445661704996,0.209907327464909,2636.41997457908,1.00066085331311
"u[57,2]",0.290632328542771,0.0159667546264557,0.740855319454301,-0.835011541614616,-0.0671885761416363,0.104066271460665,0.541078196925061,2.21048348009056,2152.94782247749,1.00091772932768
"u[58,1]",-0.114913270426182,0.0036042890800141,0.186488812879694,-0.577916184850199,-0.205587934739843,-0.0701541871177901,0.00371356992680026,0.175177224080231,2677.11074204496,1.00122455950452
"u[58,2]",-0.0229294670346705,0.0121319423247561,0.748474540610307,-1.66285935616987,-0.289969172855924,-0.000209309949050275,0.253686471981119,1.58604297019178,3806.21565128338,1.00037489761711
"u[59,1]",0.0193825843401491,0.00255632241530002,0.166435827916655,-0.313350327915654,-0.0631404767366006,0.00836053014930814,0.0997350709460123,0.380158601024974,4238.98993155754,0.999599912098891
"u[59,2]",0.376104223097514,0.0145184288254958,0.737038650472269,-0.625449907444017,-0.0286340420558916,0.164129309684206,0.651223816051913,2.23306525482119,2577.15943119814,0.999911266894322
"u[60,1]",0.0625837834860518,0.00279088717978258,0.173478106818867,-0.24264809324964,-0.031594714598974,0.0302857867861983,0.14168832537379,0.485184334728544,3863.71235449202,1.00013613379824
"u[60,2]",-0.109102017781369,0.0143161551626921,0.796804575352363,-1.91977241523849,-0.371634421881353,-0.0220214032910992,0.193254248388244,1.40866246854804,3097.78194979219,1.00082459460598
"u[61,1]",-0.0328461758476981,0.00256464336630303,0.169754031073062,-0.409573782750233,-0.111953538403105,-0.0152361628296081,0.0519058397445152,0.296901099192828,4381.13089650061,1.00091115843486
"u[61,2]",-0.0265295385524333,0.0126995985011109,0.764331125460543,-1.71901515433291,-0.294174112880016,-0.00824783625117791,0.254261109193964,1.5807353504961,3622.28910117262,0.999756122028082
"u[62,1]",0.00937475109201945,0.00248760512378364,0.16689164501571,-0.350168438235123,-0.0669111680062022,0.00427843382936276,0.0868100715387083,0.375804260635007,4500.97194059337,0.999677398104692
"u[62,2]",-0.0541945214336288,0.0115837990092192,0.72995652489234,-1.65982698526004,-0.313509769780764,-0.0144895046613612,0.209458229721208,1.45762864941121,3970.92754652561,0.999930851631163
"u[63,1]",0.0820980574468467,0.00317691536485886,0.178649787899649,-0.221820040235006,-0.0194547682859375,0.0445731008022229,0.168751163111435,0.511133408882341,3162.231930886,1.00014304783329
"u[63,2]",-0.026313226514239,0.0113821248728168,0.71029137507912,-1.57658813980999,-0.292079534120484,-0.00354104569207976,0.240312546483382,1.47182515737448,3894.2729721093,0.999600003881057
"u[64,1]",-0.0113488954581209,0.00285303370774543,0.182930376608971,-0.40800047726006,-0.0927796879787047,-0.00494248782083724,0.0720774071437433,0.37692755377193,4111.09820727488,0.999998149742432
"u[64,2]",0.0373187594089219,0.0120364735553134,0.753280019000961,-1.45908122051019,-0.224986510391287,0.00485608360319853,0.270744326394388,1.72168170389039,3916.64639015296,0.999686608005787
"u[65,1]",0.045349529179307,0.0029530635797454,0.166175728069403,-0.268067842921602,-0.0405296250225937,0.0205341490349679,0.126754380021488,0.43250081255906,3166.57359152216,1.00013359046946
"u[65,2]",0.220639520824035,0.0136937465534921,0.707983679039466,-0.988903677655397,-0.0913608025893021,0.0804082633839986,0.461991118668099,2.05375924811539,2673.01823247511,1.00006631844485
"u[66,1]",0.0453093535687215,0.00255998679212602,0.166480845262816,-0.273776649929539,-0.0414354040449523,0.0223311423423328,0.127520066485162,0.426555329123418,4229.15005982341,1.0000428561266
"u[66,2]",-0.106155540930757,0.0125681695972979,0.770542816205629,-1.82296460817987,-0.389316077445982,-0.0292111524485771,0.185869967733397,1.39168943938361,3758.80232371293,1.00010815751775
"u[67,1]",0.0283921347984347,0.00278099067919855,0.179031933787189,-0.331499783159051,-0.0599276301426732,0.00955507615892067,0.113075119339875,0.438668671419406,4144.40261213809,0.999550871160694
"u[67,2]",-0.0639274041271489,0.0125908154265588,0.768707880632753,-1.78372300625189,-0.34170580104806,-0.0143908595052261,0.222561470992488,1.53506053626013,3727.47682340144,0.999772701418711
"u[68,1]",-0.0545655612918438,0.00299952365910279,0.173620599192624,-0.47696489985476,-0.138156965048788,-0.0225699534811473,0.0342604290654006,0.254668609191645,3350.40970297548,1.0000941682727
"u[68,2]",0.0118046188915932,0.0135041261474466,0.768989822203833,-1.52720540320846,-0.265675490662816,0.000939258332334508,0.276018888168885,1.61850729955212,3242.71074937346,1.00007876680777
"q_values[1,1,1]",0.0249404538113747,0.000435660946808701,0.0142697180920097,0.000649094429692935,0.0134295521693928,0.0249240949991207,0.0364568034654427,0.0495178510965784,1072.8364610357,1.00600363765582
"q_values[1,1,2]",-0.0622291799692548,0.00126883729436029,0.0445262691667976,-0.166204681109772,-0.0877603802264599,-0.0553063403719671,-0.0281450123704844,-0.00134175942586324,1231.46123225074,1.00484320430328
"q_values[1,1,3]",-0.0713819577891912,0.00155916595848281,0.0576254462342061,-0.213339777194112,-0.0990354790871224,-0.0595216286046889,-0.0291846710073212,-0.00134401502051737,1365.97865967006,1.00419669736744
"q_values[1,1,4]",0.241638425399825,0.00517132843569623,0.188406724540392,0.00470246983536482,0.101380310532367,0.205058254359478,0.337321640175215,0.70103848917715,1327.35948229925,1.0043915158065
"q_values[1,1,5]",0,NA,0,0,0,0,0,0,NA,NA
"q_values[1,1,6]",0,NA,0,0,0,0,0,0,NA,NA
"q_values[1,1,7]",0.276158200456943,0.00591008964079569,0.215321970903305,0.00537425124041694,0.115863212036991,0.234352290696547,0.385510445914531,0.801186844773886,1327.35948229925,1.0043915158065
"q_values[1,1,8]",0.0747871428616817,0.00166910164980044,0.062424716430421,0.00134491671263787,0.0295950663267029,0.0611624947557737,0.103344094713209,0.230385792235962,1398.77410441666,1.00403627332406
"q_values[1,2,1]",-0.028772182309672,0.000557723112373349,0.0188251046881771,-0.0700592745542455,-0.0412223225047403,-0.0267196142554313,-0.0138536381871688,-0.000670427502518481,1139.29847353045,1.00537796070993
"q_values[1,2,2]",-0.191791736349518,0.00394702633003628,0.139252512563544,-0.520652584133774,-0.270555545810362,-0.168899092471378,-0.0852193735145299,-0.00402707802355633,1244.70385018298,1.00478471527162
"q_values[1,2,3]",0,NA,0,0,0,0,0,0,NA,NA
"q_values[1,2,4]",0,NA,0,0,0,0,0,0,NA,NA
"q_values[1,2,5]",0.241638425399825,0.00517132843569623,0.188406724540392,0.00470246983536482,0.101380310532367,0.205058254359478,0.337321640175215,0.70103848917715,1327.35948229925,1.0043915158065
"q_values[1,2,6]",0.310677975514061,0.00664885084589516,0.242237217266218,0.00604603264546905,0.130346113541615,0.263646327033615,0.433699251653847,0.901335200370621,1327.35948229925,1.0043915158065
"q_values[1,2,7]",-0.160325274677034,0.00331297557796901,0.117472049277795,-0.438569581737362,-0.225584118563365,-0.140664304125984,-0.0709705292728488,-0.00335575034486502,1257.28177754388,1.00472071674508
"q_values[1,2,8]",-0.0891187888613216,0.00214555832944529,0.0836224764138298,-0.303592139603044,-0.121138068101384,-0.0678516514212349,-0.0312518368690993,-0.0013485249970675,1519.02666574697,1.00350018071941
"q_values[1,3,1]",-0.0594602288684926,0.00117748598142499,0.0402028203266409,-0.150148242789321,-0.0847668060876726,-0.0542973692047416,-0.0279170308134893,-0.00134130630588151,1165.73960443101,1.00519106187347
"q_values[1,3,2]",-0.276158200456943,0.00591008964079569,0.215321970903305,-0.801186844773886,-0.385510445914531,-0.234352290696547,-0.115863212036991,-0.00537425124041692,1327.35948229925,1.0043915158065
"q_values[1,3,3]",0,NA,0,0,0,0,0,0,NA,NA
"q_values[1,3,4]",0.0543146515203326,0.00140056662496451,0.0564056137409109,0.00067674298563632,0.0167628596585276,0.0385073382597177,0.0727254580085357,0.201434869126435,1621.94869296025,1.00309440442282
"q_values[1,3,5]",0.093059407670011,0.00189243708879939,0.0662133434221082,0.00201263853241581,0.0422114428497788,0.0829092337335018,0.131416765986158,0.247298106784784,1224.18804523667,1.00488062350599
"q_values[1,3,6]",-0.0249404538113747,0.000435660946808701,0.0142697180920097,-0.0495178510965784,-0.0364568034654427,-0.0249240949991207,-0.0134295521693928,-0.000649094429692934,1072.8364610357,1.00600363765582
"q_values[1,3,7]",-0.310677975514061,0.00664885084589516,0.242237217266218,-0.901335200370621,-0.433699251653847,-0.263646327033615,-0.130346113541615,-0.00604603264546904,1327.35948229925,1.0043915158065
"q_values[1,3,8]",0,NA,0,0,0,0,0,0,NA,NA
"q_values[1,4,1]",0,NA,0,0,0,0,0,0,NA,NA
"q_values[1,4,2]",0,NA,0,0,0,0,0,0,NA,NA
"q_values[1,4,3]",0.0901482754273133,0.00179603433661261,0.0616055220243569,0.00201218510924454,0.0419804234398098,0.0818751241540519,0.128311289670605,0.230237211024397,1176.54898486114,1.00512998582867
"q_values[1,4,4]",-0.17259887528559,0.00369380602549731,0.134576231814566,-0.500741777983678,-0.240944028696582,-0.146470181685342,-0.0724145075231196,-0.00335890702526057,1327.35948229925,1.0043915158065
"q_values[1,4,5]",0.103559325171354,0.00221628361529838,0.0807457390887393,0.00201534421515635,0.0434487045138718,0.087882109011205,0.144566417217949,0.300445066790207,1327.35948229926,1.0043915158065
"q_values[1,4,6]",0.155356097043252,0.00315063654098359,0.109736094781849,0.00335484531765968,0.0705267175707543,0.138746915440431,0.220044578992854,0.410474534856208,1213.11616609145,1.00494084846404
"q_values[1,4,7]",-0.136874141689001,0.00292170410018758,0.106387759656628,-0.395586015905797,-0.190992572762903,-0.116443696715516,-0.0577370408442134,-0.00268667583531157,1325.90029408305,1.0043989075147
"q_values[1,4,8]",0.0585396326128931,0.00115602085707702,0.0394696208043123,0.00134085712736369,0.0277285413451549,0.0536151973964335,0.0832279602468418,0.147149751188049,1165.72086140628,1.00517985561253
"q_values[1,5,1]",0.212866243090153,0.00462342917726386,0.170012292862463,0.00403204233284634,0.0875266723451986,0.178338640104047,0.296099317670474,0.630979214622905,1352.17290796303,1.00426362881967
"q_values[1,5,2]",0.207118650342707,0.00443256723059676,0.161491478177479,0.0040306884303127,0.0868974090277435,0.17576421802241,0.289132834435898,0.600890133580414,1327.35948229926,1.0043915158065
"q_values[1,5,3]",-0.0690395501142358,0.00147752241019892,0.0538304927258262,-0.200296711193471,-0.0963776114786327,-0.0585880726741367,-0.0289658030092478,-0.00134356281010423,1327.35948229925,1.0043915158065
"q_values[1,5,4]",0.0594602288684926,0.00117748598142499,0.0402028203266409,0.00134130630588151,0.0279170308134893,0.0542973692047416,0.0847668060876726,0.150148242789321,1165.73960443101,1.00519106187347
"q_values[1,5,5]",0.0736164028946535,0.00127556606008353,0.0416430702988897,0.0019468605868153,0.0400864405217702,0.0739987476370922,0.107578265475708,0.143892961386207,1065.80946793164,1.0060448745938
"q_values[1,5,6]",-0.0118137663512055,0.000323748970129483,0.0160043971574403,-0.0209674724874801,-0.0196329848262206,-0.0159389784506569,-0.00857772696551169,0.0181990536933516,2443.77855292666,0.999637555752657
"q_values[1,5,7]",0,NA,0,0,0,0,0,0,NA,NA
"q_values[1,5,8]",0,NA,0,0,0,0,0,0,NA,NA
"q_values[2,1,1]",0.0489914790235334,0.00153871308205202,0.0621525477571215,0.000123523057632647,0.0108310370339739,0.0298566466241023,0.0630316907982265,0.214385607995493,1631.55823487786,1.00039636187626
"q_values[2,1,2]",0.123181621470778,0.00318411339921783,0.113952110144763,0.00049342275902566,0.0391410661784443,0.09502419563988,0.172690877231054,0.416539286607115,1280.7598095431,1.00072147614397
"q_values[2,1,3]",0,NA,0,0,0,0,0,0,NA,NA
"q_values[2,1,4]",0.0835876070394079,0.00205078134345544,0.0699821068335388,0.000369990986136203,0.0288770423056186,0.06844639597389,0.120198738310194,0.258184118717083,1164.48878444058,1.00088845603363
"q_values[2,1,5]",0.219087281199332,0.00571061299586583,0.205826579852088,0.000863520261548122,0.0686883687435633,0.167421042672198,0.305936802999583,0.750631890057752,1299.08466593314,1.0006983747809
"q_values[2,1,6]",0,NA,0,0,0,0,0,0,NA,NA
"q_values[2,1,7]",-0.0923862161030837,0.00238808504941337,0.085464082608572,-0.312404464955336,-0.129518157923291,-0.07126814672991,-0.0293557996338332,-0.000370067069269245,1280.75980954311,1.00072147614397
"q_values[2,1,8]",-0.029316962577669,0.000676611383497605,0.0278225893149668,-0.0537896163691132,-0.0479972031757381,-0.0336510092644354,-0.0151874733404756,-3.62312420490027e-06,1690.89441657332,1.00067038202996
"q_values[2,2,1]",0.188291875831638,0.00491465559552912,0.177342724717718,0.000740164571791707,0.0589031021989522,0.143664993762228,0.26276408369182,0.646497068405973,1302.08871556767,1.00069466025603
"q_values[2,2,2]",0,NA,0,0,0,0,0,0,NA,NA
"q_values[2,2,3]",0.105448232606248,0.00290416003199755,0.10866398115551,0.00037018878914271,0.0301152526803559,0.0756891007340692,0.143865946603189,0.391252290478654,1400.0067715849,1.0005894007586
"q_values[2,2,4]",0.126701065096249,0.00332284277268342,0.120380938528962,0.000493453192278877,0.0393325691097301,0.096152895942288,0.176418645076293,0.438227425102416,1312.48958367508,1.00068195279148
"q_values[2,2,5]",0,NA,0,0,0,0,0,0,NA,NA
"q_values[2,2,6]",0.108677459660656,0.00303361489914868,0.114465992073668,0.000370219218641811,0.0303048817034645,0.0767909875491993,0.147432776533841,0.410681935128845,1423.74448895239,1.00056669036107
"q_values[2,2,7]",-0.277158648309251,0.00716425514824013,0.256392247825716,-0.937213394866008,-0.388554473769872,-0.21380444018973,-0.0880673989014996,-0.00111020120780774,1280.7598095431,1.00072147614397
"q_values[2,2,8]",-0.215567837573862,0.0055721984486312,0.199416192753335,-0.728943751562451,-0.302209035154345,-0.16629234236979,-0.0684968658122775,-0.000863489828294905,1280.75980954311,1.00072147614397
"q_values[2,3,1]",0.039149752026425,0.000796161435458859,0.0260734297934819,0.000148000176084939,0.0178667457489665,0.0396903311078535,0.0609243948415191,0.077927428741079,1072.49197806794,1.00139135627179
"q_values[2,3,2]",0.049272758046243,0.00111911036420219,0.0364725800365802,0.000246604863126571,0.0189002728297217,0.0435322614317195,0.0732658186284556,0.131568496622179,1062.15313764242,1.00114315983119
"q_values[2,3,3]",-0.0959056597285541,0.00252705158765994,0.0919066791654819,-0.334092603450637,-0.133245925768529,-0.072396847032318,-0.029547302565119,-0.000370097502522462,1322.71394673836,1.00066968784055
"q_values[2,3,4]",0,NA,0,0,0,0,0,0,NA,NA
"q_values[2,3,5]",-0.123181621470778,0.00318411339921783,0.113952110144763,-0.416539286607115,-0.172690877231054,-0.09502419563988,-0.0391410661784443,-0.00049342275902566,1280.7598095431,1.00072147614397
"q_values[2,3,6]",0.0171529557224063,0.000352725743927359,0.0125702769109575,3.14220580077392e-05,0.00844815997497157,0.0185557057929156,0.027105647164244,0.0319745701915115,1270.03407593807,1.00113697222814
"q_values[2,3,7]",0,NA,0,0,0,0,0,0,NA,NA
"q_values[2,3,8]",-0.246363242941557,0.00636822679843567,0.227904220289525,-0.833078573214229,-0.345381754462108,-0.19004839127976,-0.0782821323568886,-0.00098684551805132,1280.7598095431,1.00072147614397
"q_values[2,4,1]",0,NA,0,0,0,0,0,0,NA,NA
"q_values[2,4,2]",-0.0538079596704303,0.00129774083707165,0.0441688624689235,-0.161954025523191,-0.077589301703486,-0.0447841942693927,-0.0190983344396282,-0.000246635309519191,1158.39449972275,1.00089197903535
"q_values[2,4,3]",0.277158648309251,0.00716425514824013,0.256392247825716,0.00111020120780774,0.0880673989014996,0.21380444018973,0.388554473769872,0.937213394866008,1280.7598095431,1.00072147614397
"q_values[2,4,4]",-0.0835876070394079,0.00205078134345544,0.0699821068335388,-0.258184118717083,-0.120198738310194,-0.06844639597389,-0.0288770423056186,-0.000369990986136203,1164.48878444058,1.00088845603363
"q_values[2,4,5]",-0.141658974149327,0.00350597486725832,0.120638736573383,-0.444765623525339,-0.202816409080483,-0.114829793491422,-0.0482560724635549,-0.000616671932395816,1184.01161699905,1.00085764218449
"q_values[2,4,6]",0.246363242941557,0.00636822679843567,0.227904220289525,0.00098684551805132,0.0782821323568886,0.19004839127976,0.345381754462108,0.83307857321423,1280.7598095431,1.00072147614397
"q_values[2,4,7]",-0.0280015031698793,0.000690860493623481,0.0241599181357913,-0.0880929177692537,-0.039847296248993,-0.0226943823257568,-0.00959844838376852,-0.000123325265888486,1222.95421896366,1.00078894025033
"q_values[2,4,8]",0,NA,0,0,0,0,0,0,NA,NA
"q_values[2,5,1]",0,NA,0,0,0,0,0,0,NA,NA
"q_values[2,5,2]",0.0448731798695759,0.00137730584840989,0.0555863045502855,0.000123477422769282,0.0105512782697544,0.0282708501196019,0.0580837906887175,0.190887375632983,1628.82648280976,1.0003830713749
"q_values[2,5,3]",0.123181621470778,0.00318411339921783,0.113952110144763,0.00049342275902566,0.0391410661784443,0.09502419563988,0.172690877231054,0.416539286607115,1280.7598095431,1.00072147614397
"q_values[2,5,4]",0,NA,0,0,0,0,0,0,NA,NA
"q_values[2,5,5]",-0.0631964867142409,0.00131289346227623,0.0420333610747892,-0.134880432386018,-0.0973946794851455,-0.0613717455298917,-0.0274070280084368,-0.000278643732601547,1025.01274526359,1.00139951653781
"q_values[2,5,6]",-0.153977026838473,0.00398014174902229,0.142440137680953,-0.520674108258893,-0.215863596538818,-0.11878024454985,-0.0489263327230553,-0.000616778448782075,1280.75980954311,1.00072147614397
"q_values[2,5,7]",-0.0475130362335078,0.0010550441916676,0.034050492587527,-0.120109575838689,-0.0713941943808863,-0.0429687485762193,-0.0187727696495743,-0.000246152238538105,1041.61085242531,1.00121999283862
"q_values[2,5,8]",0.0912069274324726,0.00234472618377298,0.0838867809550509,0.000370051860150867,0.0292637959845449,0.0707574235532618,0.127976149829846,0.306077383397907,1279.97884523911,1.00071926754418
"q_values[3,1,1]",0,NA,0,0,0,0,0,0,NA,NA
"q_values[3,1,2]",0.789348934092226,0.0135389170819293,0.465375051141166,0.169971938149013,0.444580133312803,0.693528829247265,1.04055908583577,1.92413010395082,1181.51254444008,1.00281177049548
"q_values[3,1,3]",-0.727220787503308,0.00949122676769002,0.299814730325068,-1.33098734051823,-0.941047560258535,-0.708080276649888,-0.500650949968593,-0.216997248991868,997.840744609872,1.00282679012476
"q_values[3,1,4]",-0.406777520736614,0.005197765525005,0.163231117033309,-0.727136215655435,-0.52594826210027,-0.398778072742615,-0.28344003060893,-0.123554527640655,986.217118705256,1.00281085506847
"q_values[3,1,5]",-0.159566833771082,0.00286946071668274,0.10366833074231,-0.422631849183681,-0.2070954855162,-0.135121578163103,-0.0862082462893717,-0.0333191121560183,1305.24381546086,1.00272728241912
"q_values[3,1,6]",0,NA,0,0,0,0,0,0,NA,NA
"q_values[3,1,7]",0.763767543247251,0.0117640465038887,0.392407561202336,0.193100047668208,0.471469009943046,0.700353602617049,0.995303408981036,1.67569395469529,1112.6569088368,1.0028463100247
"q_values[3,1,8]",-0.381883771623626,0.00588202325194433,0.196203780601168,-0.837846977347645,-0.497651704490518,-0.350176801308525,-0.235734504971523,-0.0965500238341041,1112.6569088368,1.0028463100247
"q_values[3,2,1]",-0.509178362164834,0.0078426976692591,0.261605040801557,-1.11712930313019,-0.663535605987357,-0.4669024017447,-0.314312673295364,-0.128733365112139,1112.65690883681,1.0028463100247
"q_values[3,2,2]",0.763767543247251,0.0117640465038887,0.392407561202336,0.193100047668208,0.471469009943046,0.700353602617049,0.995303408981036,1.67569395469529,1112.6569088368,1.0028463100247
"q_values[3,2,3]",0.706740619217664,0.00896479239521667,0.280974508517518,0.215961481497572,0.494476421431306,0.694455410849471,0.913530091481118,1.25298872302327,982.320860980762,1.00280438752186
"q_values[3,2,4]",0.397950359081925,0.00761235001755431,0.27580765835876,0.0716170550161471,0.20037803640869,0.328825261475269,0.524390084435601,1.10455497402976,1312.72919517395,1.00272526977567
"q_values[3,2,5]",0.64550486691345,0.011175456334451,0.385303601465333,0.136786163837911,0.360312619594423,0.564768733652843,0.851722420642163,1.58863279597538,1188.70914780326,1.00280778231578
"q_values[3,2,6]",0.0617843257229254,0.00279615060468282,0.124211985758649,-0.0254749927580761,-0.0179040785687987,0.0131615749993139,0.0910319659547446,0.413569307958726,1973.3580462295,1.00230318872157
"q_values[3,2,7]",0,NA,0,0,0,0,0,0,NA,NA
"q_values[3,2,8]",0,NA,0,0,0,0,0,0,NA,NA
"q_values[3,3,1]",-0.834035209758872,0.0109225751917733,0.345361264073803,-1.53227104880582,-1.07941399297796,-0.811181011285646,-0.573054589755147,-0.248144822775606,999.763239981966,1.00282899598673
"q_values[3,3,2]",0,NA,0,0,0,0,0,0,NA,NA
"q_values[3,3,3]",0,NA,0,0,0,0,0,0,NA,NA
"q_values[3,3,4]",-0.620406365247743,0.00805994111250517,0.254274185856896,-1.12970363223063,-0.802681127539113,-0.60497954201413,-0.428247310182038,-0.18584967520813,995.269756692852,1.00282366099497
"q_values[3,3,5]",0.763767543247251,0.0117640465038887,0.392407561202336,0.193100047668208,0.471469009943046,0.700353602617049,0.995303408981036,1.67569395469529,1112.6569088368,1.0028463100247
"q_values[3,3,6]",-0.636472952706043,0.0098033720865739,0.327006301001947,-1.39641162891274,-0.829419507484197,-0.583628002180875,-0.392890841619205,-0.160916706390173,1112.6569088368,1.0028463100247
"q_values[3,3,7]",-0.147570006274134,0.00217998869731407,0.124974325360005,-0.219432820958844,-0.212230658822392,-0.189520653709835,-0.138012947479973,0.212358982159464,3286.49607700199,1.00112302779999
"q_values[3,3,8]",0.59861659773757,0.00898597065700205,0.299862985373791,0.158009410674657,0.377278354863832,0.552295628632646,0.77425533163583,1.29311758824025,1113.56540073867,1.00284727848971
"q_values[3,4,1]",0.599926196962099,0.00753431981088258,0.235515982212693,0.184813907713834,0.422072781644752,0.591354676213713,0.775163658761696,1.05170501473568,977.130717216454,1.00279473349996
"q_values[3,4,2]",0.26996812680873,0.00320415125678185,0.10073966201487,0.0895663270638578,0.196394270352499,0.267525705842969,0.341547063693778,0.466125737299467,988.496099697467,1.00283872785599
"q_values[3,4,3]",0.518210276372242,0.00921112417380308,0.320084571156234,0.104602822559876,0.281734451270582,0.448043133216668,0.685838519145324,1.30935047019284,1207.54745574876,1.0027969153613
"q_values[3,4,4]",0,NA,0,0,0,0,0,0,NA,NA
"q_values[3,4,5]",0,NA,0,0,0,0,0,0,NA,NA
"q_values[3,4,6]",0.550138698736122,0.00890227744931283,0.302337772890445,0.130804900100732,0.326661730369938,0.494152133345534,0.718570543542192,1.2731265381201,1153.40696165901,1.00282771198335
"q_values[3,4,7]",-1.14565131487088,0.017646069755833,0.588611341803504,-2.51354093204294,-1.49295511347155,-1.05053040392557,-0.707203514914569,-0.289650071502312,1112.6569088368,1.0028463100247
"q_values[3,4,8]",-0.89106213378846,0.0137247209212034,0.457808821402726,-1.95497628047784,-1.16118731047788,-0.817079203053224,-0.550047178266887,-0.225283388946243,1112.6569088368,1.0028463100247
"q_values[3,5,1]",-0.662054343551018,0.0115744327621674,0.400122561378869,-1.64484777816827,-0.874675184338933,-0.57680322881109,-0.366001964988962,-0.137788596870979,1195.05157276516,1.00280416785742
"q_values[3,5,2]",-0.89106213378846,0.0137247209212034,0.457808821402726,-1.95497628047784,-1.16118731047788,-0.817079203053224,-0.550047178266887,-0.225283388946243,1112.6569088368,1.0028463100247
"q_values[3,5,3]",0.254589181082417,0.00392134883462955,0.130802520400779,0.0643666825560694,0.157156336647682,0.23345120087235,0.331767802993679,0.558564651565097,1112.65690883681,1.0028463100247
"q_values[3,5,4]",-0.209215263683785,0.0040700990598731,0.148379925290509,-0.591276795762355,-0.275953776606509,-0.171225063637843,-0.103276282472988,-0.0363264112552219,1329.0469935002,1.00271334315737
"q_values[3,5,5]",0,NA,0,0,0,0,0,0,NA,NA
"q_values[3,5,6]",0,NA,0,0,0,0,0,0,NA,NA
"q_values[3,5,7]",-0.452151438135247,0.00505882968628991,0.154774567935003,-0.691499120575092,-0.580639322723441,-0.460982122703297,-0.337320084783624,-0.151594798941502,936.050077976741,1.00260430118303
"q_values[3,5,8]",0.015378945726313,0.000740564244202282,0.0360238512801789,-0.0924389142656294,0.00957163803369732,0.0306127153999272,0.0374423255849565,0.0393397939579007,2366.21826663858,1.00208364191022
"q_values[4,1,1]",-0.15043660050366,0.0034999023359303,0.127575921829717,-0.473128035460903,-0.21900810253703,-0.122625644089095,-0.0510080098823589,-0.00130372842186613,1328.6958513419,1.00083150456269
"q_values[4,1,2]",-0.0249563989732204,0.000528689156295745,0.0175677382461983,-0.0610605277697026,-0.0382328812609782,-0.022924752943922,-0.00992009549854557,-0.000253798223616003,1104.15717311822,1.00080568762222
"q_values[4,1,3]",-0.0991957789748938,0.00246431319124001,0.0938801125705873,-0.341511151661269,-0.140366909897358,-0.0761270692570362,-0.0310182101863566,-0.000782495696263529,1451.29400006487,1.00077249850552
"q_values[4,1,4]",0.0511291679723008,0.0015550990816719,0.0656328619525598,0.00026146682256337,0.0113333947828913,0.0313226422540908,0.0667613130699076,0.225300150173776,1781.25687988238,1.00065105977924
"q_values[4,1,5]",0.0670158683714798,0.00167170624645014,0.0637293021688199,0.00052170911370959,0.0207475734158538,0.0511427198850323,0.0947915995753012,0.23249397530103,1453.31044734167,1.00077983474814
"q_values[4,1,6]",-0.201047605114439,0.00501511873935042,0.19118790650646,-0.697481925903089,-0.284374798725904,-0.153428159655097,-0.0622427202475614,-0.00156512734112877,1453.31044734167,1.00077983474814
"q_values[4,1,7]",0,NA,0,0,0,0,0,0,NA,NA
"q_values[4,1,8]",0,NA,0,0,0,0,0,0,NA,NA
"q_values[4,2,1]",0,NA,0,0,0,0,0,0,NA,NA
"q_values[4,2,2]",-0.0441065417026541,0.000884596725210581,0.029495144048832,-0.0925087658423441,-0.0695081901329917,-0.0434175021936193,-0.0191915105105067,-0.000429856792578656,1111.75832068331,1.00059305069527
"q_values[4,2,3]",0.0834207321321807,0.00187403863873756,0.0649422392464014,0.000782019308156541,0.030260436466505,0.0714829242040625,0.124216502961729,0.240456796540676,1200.87398541096,1.00085134745918
"q_values[4,2,4]",0.234555539300179,0.00585097186257548,0.22305255759087,0.00182598189798356,0.0726165069554884,0.178999519597613,0.331770598513554,0.813728913553603,1453.31044734167,1.00077983474814
"q_values[4,2,5]",0.124759573113717,0.00298530480862117,0.111302867902592,0.0010430781251645,0.0409648842054472,0.099133014299627,0.179096665922817,0.408417351584962,1390.06576838776,1.0007970330552
"q_values[4,2,6]",0,NA,0,0,0,0,0,0,NA,NA
"q_values[4,2,7]",-0.10052380255722,0.00250755936967521,0.0955939532532298,-0.348740962951544,-0.142187399362952,-0.0767140798275484,-0.0311213601237807,-0.000782563670564384,1453.31044734167,1.00077983474814
"q_values[4,2,8]",-0.0506110046107789,0.0015607797497071,0.0668565283510501,-0.224353890442185,-0.0653666961888736,-0.0308025155660021,-0.0112347103652026,-0.000261398919262638,1834.8661941325,1.00060602227798
"q_values[4,3,1]",0.268063473485919,0.00668682498580056,0.25491720867528,0.00208683645483836,0.0829902936634153,0.204570879540129,0.379166398301205,0.929975901204118,1453.31044734167,1.00077983474814
"q_values[4,3,2]",0,NA,0,0,0,0,0,0,NA,NA
"q_values[4,3,3]",0,NA,0,0,0,0,0,0,NA,NA
"q_values[4,3,4]",-0.0670158683714798,0.00167170624645014,0.0637293021688199,-0.23249397530103,-0.0947915995753012,-0.0511427198850323,-0.0207475734158538,-0.000521709113709589,1453.31044734167,1.00077983474814
"q_values[4,3,5]",-0.113351105375999,0.00304307502277226,0.120890826703298,-0.429821140045297,-0.155665571663869,-0.0806374465451629,-0.0317670528667375,-0.000782971942370267,1578.19759103071,1.00071879348682
"q_values[4,3,6]",0.0541885655527005,0.00119864249221506,0.0410622696170112,0.000521300841903707,0.0201018806728971,0.0472193531674178,0.081313427274384,0.150560467496708,1173.56341316118,1.00085046242035
"q_values[4,3,7]",-0.0453229117285142,0.00131785316429863,0.0543985835804293,-0.189472725295913,-0.0603416313578685,-0.0294111218071012,-0.0110138975512144,-0.000261262739910521,1703.88836029517,1.0006781975418
"q_values[4,3,8]",0.0965621535626267,0.00201316809803065,0.066425203718119,0.00101506388701009,0.0393545826705276,0.0902330285677172,0.148821413128766,0.225907041673448,1088.69370230415,1.00077031094047
"q_values[4,4,1]",-0.157864156883709,0.00431347253486176,0.172531732190888,-0.613010313782526,-0.215581330437178,-0.109981684469841,-0.0427764848982166,-0.00104423461128066,1599.86703882629,1.00071829837731
"q_values[4,4,2]",0.0656878447891539,0.00162847426814962,0.0620165381879662,0.000521641139408734,0.0206444234784297,0.0505557093145201,0.0929711101097078,0.225264164010755,1450.28461095354,1.00076872470205
"q_values[4,4,3]",0,NA,0,0,0,0,0,0,NA,NA
"q_values[4,4,4]",0,NA,0,0,0,0,0,0,NA,NA
"q_values[4,4,5]",0.136169620546089,0.00343139317683734,0.131582102190445,0.00104348627272016,0.0416027622888671,0.102939334223,0.191829561200755,0.478501313451018,1470.45816879977,1.00077158941839
"q_values[4,4,6]",0.270201357289049,0.00677469698516964,0.259032489627821,0.00208690450013934,0.0830979091205747,0.205224773993065,0.381412760351358,0.943489264053077,1461.93724039628,1.0007756976547
"q_values[4,4,7]",0.13403173674296,0.00334341249290028,0.12745860433764,0.00104341822741918,0.0414951468317076,0.102285439770065,0.189583199150602,0.464987950602059,1453.31044734167,1.00077983474814
"q_values[4,4,8]",-0.201047605114439,0.00501511873935042,0.19118790650646,-0.697481925903089,-0.284374798725904,-0.153428159655097,-0.0622427202475614,-0.00156512734112877,1453.31044734167,1.00077983474814
"q_values[4,5,1]",-0.301571407671659,0.00752267810902562,0.286781859759689,-1.04622288885463,-0.426562198088855,-0.230142239482645,-0.0933640803713422,-0.00234769101169315,1453.31044734167,1.00077983474814
"q_values[4,5,2]",0,NA,0,0,0,0,0,0,NA,NA
"q_values[4,5,3]",0.173953322338089,0.00444407759710685,0.171758820608503,0.00130447692017692,0.0521917799111129,0.129818483071388,0.243718085088712,0.621775026799451,1493.73938389215,1.00076027753881
"q_values[4,5,4]",0.12008045509171,0.00329923326101279,0.132240233220222,0.000783243963823908,0.0321874672759707,0.083102535621453,0.163692806549222,0.469736600434094,1606.57560854672,1.00071809863421
"q_values[4,5,5]",0,NA,0,0,0,0,0,0,NA,NA
"q_values[4,5,6]",-0.234555539300179,0.00585097186257548,0.22305255759087,-0.813728913553603,-0.331770598513554,-0.178999519597613,-0.0726165069554884,-0.00182598189798356,1453.31044734167,1.00077983474814
"q_values[4,5,7]",0.0675324520383476,0.00136387795700854,0.0450361113008134,0.000683930829688747,0.0290170191041025,0.0657114539887442,0.105737239329214,0.144213765032778,1090.36209843475,1.00064982955065
"q_values[4,5,8]",0.0876964997384404,0.00201436132309408,0.0720593472042726,0.000782155398758502,0.030475667380824,0.0727907131099339,0.128709227062035,0.267660785857791,1279.69330740878,1.00084172105369
"q_values[5,1,1]",0.168796874186412,0.00402464845773105,0.166295566591278,0.000974020873045817,0.0451215732712249,0.120931635685166,0.243771477955727,0.598357359613573,1707.28269571619,1.00139888995027
"q_values[5,1,2]",-0.0414141837206393,0.00117193879599077,0.0533685407112303,-0.183283328812708,-0.0550823245176303,-0.0237622618552948,-0.0080266995236737,-0.000162573965758618,2073.77097987469,1.00080583726591
"q_values[5,1,3]",-0.0572077357923561,0.00111190819966714,0.0408625513860993,-0.128525243736979,-0.0917288048391625,-0.0526438986437758,-0.0213089133135292,-0.000430745711521156,1350.55754550595,1.00240151098499
"q_values[5,1,4]",0.0671816749105833,0.00175520115477377,0.0768068831146769,0.0003248580971009,0.0154364048608035,0.0431541909583587,0.0928119301863962,0.269069768344112,1914.9017276512,1.00103195179321
"q_values[5,1,5]",0,NA,0,0,0,0,0,0,NA,NA
"q_values[5,1,6]",0,NA,0,0,0,0,0,0,NA,NA
"q_values[5,1,7]",0.173475181407175,0.00419827140434172,0.175201817615727,0.000974099932796801,0.04529123631568,0.12215034099801,0.248723522613364,0.628193351816253,1741.55098451119,1.00133163932364
"q_values[5,1,8]",0.225062498915216,0.0053661979436414,0.221727422121704,0.00129869449739442,0.0601620976949665,0.161242180913555,0.325028637274302,0.797809812818098,1707.2826957162,1.00139888995027
"q_values[5,2,1]",0.253195311279618,0.00603697268659658,0.249443349886917,0.00146103130956873,0.0676823599068373,0.181397453527749,0.36565721693359,0.89753603942036,1707.28269571619,1.00139888995027
"q_values[5,2,2]",0,NA,0,0,0,0,0,0,NA,NA
"q_values[5,2,3]",-0.0866488004616621,0.00178317749551405,0.0669185735039469,-0.230192978650601,-0.134423239306205,-0.0737156882619991,-0.029121751446873,-0.000648899264832168,1408.32925244868,1.00217815865526
"q_values[5,2,4]",0.225062498915216,0.0053661979436414,0.221727422121704,0.00129869449739442,0.0601620976949665,0.161242180913555,0.325028637274302,0.797809812818098,1707.2826957162,1.00139888995027
"q_values[5,2,5]",0,NA,0,0,0,0,0,0,NA,NA
"q_values[5,2,6]",-0.0212147756868565,0.000436070110227288,0.016286024640921,-0.0566201028924734,-0.0328446258635569,-0.018181411573125,-0.00724046759626847,-0.000162205075869405,1394.81797613777,1.00219543595378
"q_values[5,2,7]",0.0750418226516809,0.00167437105599909,0.066076080490013,0.000486852317020942,0.0222214605467022,0.0580284072168945,0.111981649662589,0.239506695401426,1557.3460695922,1.00173446289686
"q_values[5,2,8]",0.0359299910656729,0.000968268081455873,0.0431277293104885,0.000162468578425942,0.00780303395262931,0.0221864481356015,0.0488819874220168,0.149452880273396,1983.90994503115,1.00092957012322
"q_values[5,3,1]",-0.0836555206988288,0.00168963193242514,0.0628523703457173,-0.211844353380472,-0.131079893578803,-0.0727614440938326,-0.028925058533813,-0.000645435603918699,1383.75468509297,1.00227159565531
"q_values[5,3,2]",0.253195311279618,0.00603697268659658,0.249443349886917,0.00146103130956873,0.0676823599068373,0.181397453527749,0.36565721693359,0.89753603942036,1707.28269571619,1.00139888995027
"q_values[5,3,3]",0,NA,0,0,0,0,0,0,NA,NA
"q_values[5,3,4]",-0.0734823869114267,0.00161902379182822,0.0633900762463463,-0.229561364667199,-0.110330968110043,-0.0576221721126131,-0.0221649061985505,-0.000486825963770614,1532.97858015524,1.00180107063973
"q_values[5,3,5]",0.0328111195851645,0.000847666169362643,0.0368430303520753,0.000162415871925286,0.00768992525632591,0.0213739779270386,0.0455806243169252,0.129562218804942,1889.12626599848,1.00107187576918
"q_values[5,3,6]",0,NA,0,0,0,0,0,0,NA,NA
"q_values[5,3,7]",0.225062498915216,0.0053661979436414,0.221727422121704,0.00129869449739442,0.0601620976949665,0.161242180913555,0.325028637274302,0.797809812818098,1707.2826957162,1.00139888995027
"q_values[5,3,8]",-0.0316284589979355,0.00080759884297404,0.0349242738493728,-0.122592325269513,-0.0441311373216642,-0.0209923061714734,-0.00763464681895542,-0.000162389531509276,1870.09381466058,1.00110189157324
"q_values[5,4,1]",-0.0453495745470247,0.000955433651971277,0.0363567086577756,-0.128542624715926,-0.069702388450755,-0.0374668994984187,-0.0146446439866797,-0.000324489151596311,1447.99830152391,1.00204934758664
"q_values[5,4,2]",0.112531249457608,0.0026830989718207,0.110863711060852,0.000649347248697211,0.0300810488474832,0.0806210904567774,0.162514318637151,0.398904906409049,1707.2826957162,1.00139888995027
"q_values[5,4,3]",-0.168796874186412,0.00402464845773105,0.166295566591278,-0.598357359613573,-0.243771477955727,-0.120931635685166,-0.0451215732712249,-0.000974020873045817,1707.28269571619,1.00139888995027
"q_values[5,4,4]",0,NA,0,0,0,0,0,0,NA,NA
"q_values[5,4,5]",0.0744871206528271,0.00166467200786641,0.0658133561865112,0.00048682599799546,0.0221683086273004,0.0576876743758562,0.110867486929469,0.237495863863992,1563.04227136279,1.00171576373765
"q_values[5,4,6]",-0.13218658940421,0.0030531579266245,0.1235551281808,-0.445901835403144,-0.193708262948162,-0.0983962669256209,-0.0372649620956,-0.000811525971316288,1637.65725336615,1.00154544705501
"q_values[5,4,7]",0,NA,0,0,0,0,0,0,NA,NA
"q_values[5,4,8]",-0.0984963277953203,0.00217703342219899,0.0854080951482306,-0.309396929801008,-0.147658184664239,-0.0769649745182445,-0.0295720597141179,-0.000649110069444261,1539.10368838493,1.00178416248253
"q_values[5,5,1]",0,NA,0,0,0,0,0,0,NA,NA
"q_values[5,5,2]",0.0520896843787417,0.00119447559342373,0.0481114763573813,0.000324594581710046,0.0148725625936615,0.039124591047166,0.0765733740706514,0.17358371060024,1622.34347835403,1.00157937122374
"q_values[5,5,3]",0.084398437093206,0.00201232422886553,0.0831477832956391,0.000487010436522909,0.0225607866356124,0.060465817842583,0.121885738977863,0.299178679806787,1707.28269571619,1.00139888995027
"q_values[5,5,4]",-0.0656222391703291,0.00169533233872529,0.0736860607041507,-0.259124437609885,-0.0911612486338504,-0.0427479558540772,-0.0153798505126518,-0.000324831743850572,1889.12626599848,1.00107187576918
"q_values[5,5,5]",-0.038295312240131,0.00104918621879997,0.0469900828866446,-0.163392667344255,-0.0517809614125386,-0.022949791646732,-0.00791359082737029,-0.000162521259257963,2005.89071131826,1.00089874782432
"q_values[5,5,6]",-0.056265624728804,0.00134154948591035,0.055431855530426,-0.199452453204524,-0.0812571593185756,-0.0403105452283887,-0.0150405244237416,-0.000324673624348606,1707.2826957162,1.00139888995027
"q_values[5,5,7]",-0.118768992418625,0.00291578357036701,0.122809193852991,-0.438686229345955,-0.169117044847334,-0.0822460308739031,-0.03030726624009,-0.000649452661698522,1773.99010112215,1.00127016525379
"q_values[5,5,8]",0,NA,0,0,0,0,0,0,NA,NA
"q_values[6,1,1]",0.0849121246147424,0.00261451466541682,0.117236546842324,0.000153733463561554,0.0118919235257172,0.0450058716050649,0.113283097860435,0.382303509980575,2010.68422893565,1.00071083352492
"q_values[6,1,2]",-0.0827380968215112,0.00214493651473805,0.0845179020521444,-0.30105850496727,-0.12457573981144,-0.0552237220296866,-0.0154950616322442,-0.000204915827566851,1552.63199463509,1.0006630666933
"q_values[6,1,3]",-0.153859817078514,0.00412497643445858,0.167302147069618,-0.589061814982231,-0.225673054499575,-0.0980148233336992,-0.0272194540594434,-0.000358620417072743,1644.97796717787,1.00068197098779
"q_values[6,1,4]",-0.18965792068534,0.00531956566172272,0.223655656116006,-0.768008826706564,-0.269592839168359,-0.114109603477367,-0.0312650464725312,-0.000409878905349046,1767.69536627896,1.00069685131471
"q_values[6,1,5]",0,NA,0,0,0,0,0,0,NA,NA
"q_values[6,1,6]",0,NA,0,0,0,0,0,0,NA,NA
"q_values[6,1,7]",-0.165950680599672,0.00465461995400738,0.195698699101505,-0.672007723368244,-0.235893734272314,-0.099845903042696,-0.0273569156634648,-0.000358644042180415,1767.69536627897,1.00069685131471
"q_values[6,1,8]",0.0279843573569727,0.000867468655452165,0.039560613797034,5.1242738473506e-05,0.00395407072589505,0.0148798643401557,0.0371825378466646,0.125419272593536,2079.7850877877,1.00070841862761
"q_values[6,2,1]",0.100202677463185,0.00290109908938135,0.125218588107777,0.000204949952722378,0.0156936172824974,0.057868614942682,0.139338943927619,0.420869261524843,1862.99839085189,1.0007033733641
"q_values[6,2,2]",0.0129598058446375,0.0003546719867733,0.0170222800138158,2.57710021729788e-05,0.00348191003760622,0.0120271658408841,0.023276523426301,0.0311609674760619,2303.46535748418,1.00049654304436
"q_values[6,2,3]",-0.0474144801713349,0.00132989141543068,0.0559139140290014,-0.192002206676641,-0.0673982097920897,-0.0285274008693417,-0.00781626161813281,-0.000102469726337261,1767.69536627896,1.00069685131471
"q_values[6,2,4]",0.0711217202570024,0.00199483712314602,0.0838708710435022,0.000153704589505892,0.0117243924271992,0.0427911013040126,0.101097314688135,0.288003310014962,1767.69536627896,1.00069685131471
"q_values[6,2,5]",0.0254209135121748,0.000747890538471075,0.0330210086239188,5.1237488584071e-05,0.00392358339385659,0.0144758597393994,0.0349495455214646,0.107871615071028,1949.41629152012,1.00070548087046
"q_values[6,2,6]",-0.0107666061462181,0.000353861754711797,0.0186161497349844,-0.0254539977066052,-0.0203522763386217,-0.0111586616330328,-0.00322606928531077,-5.21313613422077e-06,2767.65831970181,1.00058618168324
"q_values[6,2,7]",0,NA,0,0,0,0,0,0,NA,NA
"q_values[6,2,8]",0,NA,0,0,0,0,0,0,NA,NA
"q_values[6,3,1]",0,NA,0,0,0,0,0,0,NA,NA
"q_values[6,3,2]",0.0303201436760399,0.000733466900964858,0.0294485668344613,7.90299637532486e-05,0.00740943647710299,0.0253854546851713,0.0516069999005727,0.0778205859216446,1612.00835090722,1.00053227616184
"q_values[6,3,3]",0.143586869794134,0.00405048441490367,0.171030896739911,0.000307411804023748,0.0234640583659564,0.0857856559090248,0.203330260462129,0.585222832072813,1782.93378544281,1.00069817874748
"q_values[6,3,4]",0.0657480031364874,0.00175973591211984,0.0712712593534505,0.000153694089458038,0.0116632983809675,0.041977288100014,0.0965547903446948,0.251138461843401,1640.33998514549,1.00068122244242
"q_values[6,3,5]",-0.18965792068534,0.00531956566172272,0.223655656116006,-0.768008826706564,-0.269592839168359,-0.114109603477367,-0.0312650464725312,-0.000409878905349046,1767.69536627896,1.00069685131471
"q_values[6,3,6]",-0.142243440514005,0.00398967424629204,0.167741742087004,-0.576006620029923,-0.202194629376269,-0.0855822026080251,-0.0234487848543984,-0.000307409179011784,1767.69536627896,1.00069685131471
"q_values[6,3,7]",0.0337141860339403,0.00112569062403076,0.0527270273985311,5.12558624573863e-05,0.0040299607550654,0.0158739148352102,0.0425545345038048,0.164422200301808,2193.95885058041,1.00071760641565
"q_values[6,3,8]",0,NA,0,0,0,0,0,0,NA,NA
"q_values[6,4,1]",0.213365160771007,0.00598451136943806,0.251612613130506,0.000461113768517677,0.0351731772815976,0.128373303912038,0.303291944064404,0.864009930044885,1767.69536627896,1.00069685131471
"q_values[6,4,2]",0.142243440514005,0.00398967424629204,0.167741742087004,0.000307409179011785,0.0234487848543984,0.0855822026080251,0.202194629376269,0.576006620029923,1767.69536627896,1.00069685131471
"q_values[6,4,3]",0,NA,0,0,0,0,0,0,NA,NA
"q_values[6,4,4]",0,NA,0,0,0,0,0,0,NA,NA
"q_values[6,4,5]",-0.143586869794134,0.00405048441490367,0.171030896739911,-0.585222832072813,-0.203330260462129,-0.0857856559090248,-0.0234640583659564,-0.000307411804023748,1782.93378544281,1.00069817874748
"q_values[6,4,6]",-0.0433841923309487,0.00115435888508461,0.0465210999210912,-0.16435357054797,-0.0639913165345099,-0.0279170409663428,-0.007770441083459,-0.000102461851301371,1624.12050217015,1.00067846579391
"q_values[6,4,7]",-0.0330070022362973,0.000792021924614331,0.0301200784376239,-0.0915500649025301,-0.0544530761276459,-0.0260821895877109,-0.00754405194250556,-9.55662946739657e-05,1446.23140944971,1.00056823527436
"q_values[6,4,8]",-0.0874755684595404,0.00273449801651078,0.123779673761382,-0.399851167503082,-0.115516090185634,-0.0454098762058213,-0.0119224108577556,-0.000153738713450989,2049.00699983988,1.00071228599162
"q_values[6,5,1]",0.0406973337706912,0.0010462733248649,0.0409255413181791,0.000102456601277444,0.00773989406034313,0.0275101343643435,0.06172005436279,0.145644071098937,1530.02511272048,1.00065668367466
"q_values[6,5,2]",0,NA,0,0,0,0,0,0,NA,NA
"q_values[6,5,3]",0.0610814698136154,0.0019487840665675,0.0890804566605358,0.000102498600258431,0.00798373302557337,0.0307392691691511,0.0795457231178697,0.285417640078982,2089.47620225041,1.0007144810205
"q_values[6,5,4]",0.0216374551027076,0.000579076631445539,0.0239646907239099,5.12296138171646e-05,0.00387788224133761,0.0138713038388864,0.0316191919569246,0.0819925120689025,1712.6616708125,1.00069761377829
"q_values[6,5,5]",-0.18965792068534,0.00531956566172272,0.223655656116006,-0.768008826706564,-0.269592839168359,-0.114109603477367,-0.0312650464725312,-0.000409878905349046,1767.69536627896,1.00069685131471
"q_values[6,5,6]",0.0988592481830561,0.00284031137108523,0.121821591356751,0.000204947327710414,0.0156783437709394,0.0576651616416824,0.138203312841759,0.411653049481953,1839.5713274896,1.00070203888801
"q_values[6,5,7]",0,NA,0,0,0,0,0,0,NA,NA
"q_values[6,5,8]",-0.213365160771007,0.00598451136943806,0.251612613130506,-0.864009930044885,-0.303291944064404,-0.128373303912038,-0.0351731772815976,-0.000461113768517677,1767.69536627896,1.00069685131471
"q_values[7,1,1]",0,NA,0,0,0,0,0,0,NA,NA
"q_values[7,1,2]",0.065553885972018,0.00106203504869409,0.0379767272343607,0.00142699914038171,0.0370028847082326,0.0635807831385092,0.0918587761255967,0.144505819481144,1278.66674959341,1.00095186459796
"q_values[7,1,3]",0.218641738746671,0.00418487377333357,0.161753525683842,0.00357976547244924,0.101723846042755,0.188991591895076,0.300932756578686,0.620883692241725,1493.9731250255,1.00083324251743
"q_values[7,1,4]",-0.318366114340441,0.00580367343214326,0.219977201709038,-0.847141645855347,-0.44005239632047,-0.284723419734737,-0.157288974741285,-0.00572026710763862,1436.64482298331,1.00086224683818
"q_values[7,1,5]",-0.358161878632996,0.00652913261116116,0.247474351922667,-0.953034351587266,-0.495058945860529,-0.320313847201579,-0.176950096583945,-0.00643530049609345,1436.64482298331,1.00086224683818
"q_values[7,1,6]",0,NA,0,0,0,0,0,0,NA,NA
"q_values[7,1,7]",0.0280977287816449,0.000415297443666267,0.0140747437804333,0.00071247702468154,0.0177118326471051,0.0291953874263984,0.0397568427179918,0.0497032018611747,1148.58325243862,1.00106857234981
"q_values[7,1,8]",0.0804849387879103,0.00116284535988577,0.0389229508897374,0.00213454503874071,0.052336995332336,0.0850604598843738,0.113639016215586,0.135536369510289,1120.38577994112,1.00111733629426
"q_values[7,2,1]",0,NA,0,0,0,0,0,0,NA,NA
"q_values[7,2,2]",0,NA,0,0,0,0,0,0,NA,NA
"q_values[7,2,3]",0.159183057170221,0.00290183671607163,0.109988600854519,0.00286013355381931,0.0786444873706424,0.142361709867368,0.220026198160235,0.423570822927674,1436.64482298331,1.00086224683818
"q_values[7,2,4]",0.073988697469768,0.00103830837117837,0.0340411698914088,0.00203374318978697,0.0506209706390988,0.080633410743453,0.103584326539257,0.115905977019078,1074.87074608993,1.00119526393512
"q_values[7,2,5]",-0.0959687783003847,0.00193055863191126,0.0761012724248953,-0.290278268776978,-0.131193142527058,-0.0800476053613884,-0.0420281624919245,-0.00143364568619226,1553.88131646133,1.0008158109544
"q_values[7,2,6]",0.142805807454946,0.00244000609599409,0.0897302736581171,0.00285655464453671,0.075938568564039,0.133494959439664,0.198846154713294,0.345077965614532,1352.37197321599,1.0009053464384
"q_values[7,2,7]",-0.0314824958606346,0.000502594043254747,0.0179069689595711,-0.0681640627040528,-0.0439022742354196,-0.0307942027856479,-0.0181604837517374,-0.000712990490898808,1269.43213348127,1.00099238198256
"q_values[7,2,8]",-0.238774585755331,0.00435275507410744,0.164982901281778,-0.63535623439151,-0.330039297240352,-0.213542564801053,-0.117966731055964,-0.00429020033072897,1436.64482298331,1.00086224683818
"q_values[7,3,1]",-0.318366114340441,0.00580367343214326,0.219977201709038,-0.847141645855347,-0.44005239632047,-0.284723419734737,-0.157288974741285,-0.00572026710763862,1436.64482298331,1.00086224683818
"q_values[7,3,2]",-0.0444749784969193,0.000861440075119256,0.0334815494292162,-0.128319236392816,-0.061057990524899,-0.0381237847319005,-0.0204342415016901,-0.000716055933964143,1510.63990170412,1.00083145008242
"q_values[7,3,3]",0.0167480799296705,0.000290520905904127,0.011532001369128,-0.00386514147459276,0.0128075789997536,0.0204297362035029,0.0240974175980085,0.025245846125856,1575.63126962062,1.00101178581791
"q_values[7,3,4]",0,NA,0,0,0,0,0,0,NA,NA
"q_values[7,3,5]",0.0304373358838269,0.000471051192027232,0.0164074713339599,0.000712988297436197,0.0181148825246015,0.0305237129367254,0.0429026654244334,0.0605300456758288,1213.241043839,1.00100299727179
"q_values[7,3,6]",-0.278570350047886,0.00507821425312535,0.192480051495408,-0.741248940123429,-0.385045846780411,-0.249132992267895,-0.137627852898624,-0.00500523371918379,1436.64482298331,1.00086224683818
"q_values[7,3,7]",0,NA,0,0,0,0,0,0,NA,NA
"q_values[7,3,8]",0.0475338024724333,0.000664180653293652,0.0217185454232388,0.00122296290180541,0.0331339498551082,0.0525291707273585,0.0664098933229843,0.0728765175582011,1069.27405433614,1.00121209875611
"q_values[7,4,1]",-0.183350995329012,0.00359138317432647,0.140030504238798,-0.536230114121716,-0.251811213579294,-0.155889440051806,-0.082828243654601,-0.00286575426392663,1520.27382454314,1.00082186003356
"q_values[7,4,2]",0.28324956425225,0.00521285657264695,0.198393706527001,0.00500625626469311,0.138400972557654,0.251666349532953,0.391097287765251,0.763675470784327,1448.45241060741,1.00085689859201
"q_values[7,4,3]",0.159183057170221,0.00290183671607163,0.109988600854519,0.00286013355381931,0.0786444873706424,0.142361709867368,0.220026198160235,0.423570822927674,1436.64482298331,1.00086224683818
"q_values[7,4,4]",0,NA,0,0,0,0,0,0,NA,NA
"q_values[7,4,5]",0,NA,0,0,0,0,0,0,NA,NA
"q_values[7,4,6]",0.0147568594864243,0.000299188440206236,0.0127143475422573,-0.0127036007070649,0.0113384736268709,0.0187861678615767,0.0220814645587602,0.0231082517589663,1805.92012546827,1.00092965007515
"q_values[7,4,7]",0.0444749784969193,0.000861440075119256,0.0334815494292162,0.000716055933964143,0.0204342415016901,0.0381237847319005,0.061057990524899,0.128319236392816,1510.63990170412,1.00083145008242
"q_values[7,4,8]",-0.278570350047886,0.00507821425312535,0.192480051495408,-0.741248940123429,-0.385045846780411,-0.249132992267895,-0.137627852898624,-0.00500523371918379,1436.64482298331,1.00086224683818
"q_values[7,5,1]",-0.0574674611332039,0.00123913104581431,0.0498689690433757,-0.188474410081579,-0.0782137068143783,-0.045453366678153,-0.0227079992516428,-0.000719121377029478,1619.6691257593,1.00078414782955
"q_values[7,5,2]",-0.119387292877665,0.00217637753705372,0.0824914506408891,-0.317678117195755,-0.165019648620176,-0.106771282400526,-0.0589833655279818,-0.00214510016536448,1436.64482298331,1.00086224683818
"q_values[7,5,3]",0,NA,0,0,0,0,0,0,NA,NA
"q_values[7,5,4]",0.193005160133037,0.00346495813007288,0.130545532895469,0.00357363531747278,0.0971915309518946,0.174422591285546,0.266954192888075,0.502948150962175,1419.47598263652,1.00087477887816
"q_values[7,5,5]",-0.138126593250582,0.00231188823559688,0.0841293391283219,-0.322651434953635,-0.192794713728454,-0.130961602174606,-0.0751654489050095,-0.00285553209902739,1324.22348168208,1.00092198314608
"q_values[7,5,6]",0.0491541927012834,0.00100015970063499,0.0395843349226164,0.000717078479473458,0.0212073611607196,0.0406571419969588,0.0671094315097392,0.150745767053713,1566.41921502885,1.0008115528404
"q_values[7,5,7]",0.318366114340441,0.00580367343214326,0.219977201709038,0.00572026710763862,0.157288974741285,0.284723419734737,0.44005239632047,0.847141645855347,1436.64482298331,1.00086224683818
"q_values[7,5,8]",0,NA,0,0,0,0,0,0,NA,NA
"q_values[8,1,1]",-0.0793703989995585,0.00189484076214154,0.0737757093379028,-0.280741291043649,-0.111447481722145,-0.0611617074764196,-0.0242367594822767,-0.000559252535148155,1515.9376878954,1.00284473491271
"q_values[8,1,2]",0.062045608631135,0.00159866422338079,0.0658402487496564,0.000373078284178948,0.0166147223838772,0.0436839473473247,0.0839587451349033,0.248461944000062,1696.16623687244,1.00246386149869
"q_values[8,1,3]",0.0590459340850667,0.00124044162918555,0.0414407616967452,0.000554371643130305,0.0231734725648789,0.0545486508705776,0.0896096467679998,0.142808621812761,1116.0991905728,1.00378192940296
"q_values[8,1,4]",0.105827198666078,0.00252645434952205,0.0983676124505371,0.000745670046864207,0.0323156793097022,0.0815489433018928,0.148596642296194,0.374321721391532,1515.9376878954,1.00284473491271
"q_values[8,1,5]",0,NA,0,0,0,0,0,0,NA,NA
"q_values[8,1,6]",-0.061496909435693,0.00157178803404439,0.0642848249579771,-0.243544873169217,-0.0836511363893009,-0.0436331049181933,-0.0166115585661216,-0.000373078245309076,1672.74205202597,1.00251534687597
"q_values[8,1,7]",0.112350062450432,0.00275962344967367,0.110082210240902,0.000745843804540525,0.0326420241161494,0.0836271402278774,0.155496945143913,0.418108209466029,1591.23611926987,1.00268587045162
"q_values[8,1,8]",0,NA,0,0,0,0,0,0,NA,NA
"q_values[8,2,1]",0,NA,0,0,0,0,0,0,NA,NA
"q_values[8,2,2]",-0.0627100323266569,0.00161651469234715,0.0664431867954696,-0.251482658978975,-0.0849799288345776,-0.0440402705652017,-0.0166763002244517,-0.000373112990366028,1689.43542314415,1.00248096199134
"q_values[8,2,3]",0.0816804653468806,0.00174194157865306,0.0592449004548813,0.000745009813042383,0.0310792601659178,0.073692341202036,0.122690940644127,0.211474674097792,1156.73739893422,1.00367843735804
"q_values[8,2,4]",-0.17476101561067,0.00405729032543644,0.153865772217019,-0.585004631515984,-0.249003639461989,-0.139385535696737,-0.0560302871016634,-0.00130464456973025,1438.17544943641,1.00301788115002
"q_values[8,2,5]",-0.0793703989995585,0.00189484076214154,0.0737757093379028,-0.280741291043649,-0.111447481722145,-0.0611617074764196,-0.0242367594822767,-0.000559252535148155,1515.9376878954,1.00284473491271
"q_values[8,2,6]",0.132283998332597,0.00315806793690257,0.122959515563171,0.000932087558580259,0.0403945991371277,0.101936179127366,0.185745802870242,0.467902151739414,1515.9376878954,1.00284473491271
"q_values[8,2,7]",-0.124456561791372,0.00288525829194022,0.109261846807295,-0.415358366050018,-0.177465439452979,-0.0994423428161847,-0.0400029853693911,-0.000931879049368677,1434.06117543253,1.00302729822245
"q_values[8,2,8]",0,NA,0,0,0,0,0,0,NA,NA
"q_values[8,3,1]",-0.0544925216876309,0.00132138930630924,0.0522415427982216,-0.198376693726088,-0.0758321860904418,-0.041215532250709,-0.0162246905250183,-0.000372869794402303,1563.04115223444,1.00274425110315
"q_values[8,3,2]",-0.0793703989995585,0.00189484076214154,0.0737757093379028,-0.280741291043649,-0.111447481722145,-0.0611617074764196,-0.0242367594822767,-0.000559252535148155,1515.9376878954,1.00284473491271
"q_values[8,3,3]",0.105827198666078,0.00252645434952205,0.0983676124505371,0.000745670046864207,0.0323156793097022,0.0815489433018928,0.148596642296194,0.374321721391532,1515.9376878954,1.00284473491271
"q_values[8,3,4]",0,NA,0,0,0,0,0,0,NA,NA
"q_values[8,3,5]",0,NA,0,0,0,0,0,0,NA,NA
"q_values[8,3,6]",-0.10843634417982,0.0026190939516111,0.103022353062899,-0.39183631662133,-0.151356763435281,-0.0823802220722866,-0.0324462172322811,-0.000745739549934734,1547.25101015309,1.00277762816272
"q_values[8,3,7]",-0.173456442853799,0.00401252192896771,0.151620781425809,-0.576247333901085,-0.247623578892445,-0.13896989631154,-0.0559650181403739,-0.00130460981819499,1427.85012328501,1.00304156242025
"q_values[8,3,8]",0.0337108074436041,0.000672118796064031,0.0218669728538151,0.000318436609387209,0.015042397054199,0.0340735546184591,0.0523701534983307,0.0676635506131274,1058.48632126862,1.00373444357624
"q_values[8,4,1]",-0.238111196998675,0.00568452228642461,0.221327128013709,-0.842223873130946,-0.334342445166436,-0.183485122429259,-0.07271027844683,-0.00167775760544446,1515.9376878954,1.00284473491271
"q_values[8,4,2]",0,NA,0,0,0,0,0,0,NA,NA
"q_values[8,4,3]",0,NA,0,0,0,0,0,0,NA,NA
"q_values[8,4,4]",0.0552236656803611,0.00113048419863971,0.0368638594974289,0.00052362505942505,0.0229538406347942,0.0532836013498683,0.084881541254636,0.120606836824362,1063.34112720483,1.00389229182837
"q_values[8,4,5]",0.108045815147493,0.00235868615357816,0.0827080150400347,0.000931427318280123,0.0391576526903841,0.0940898732377563,0.159832260794513,0.306189180872228,1229.57459387972,1.00349424130887
"q_values[8,4,6]",-0.211654397332156,0.0050529086990441,0.196735224901074,-0.748643442783063,-0.297193284592387,-0.163097886603786,-0.0646313586194044,-0.00149134009372841,1515.9376878954,1.00284473491271
"q_values[8,4,7]",0.0728475352152042,0.00166887526337658,0.062436458100968,0.000559078777471837,0.0239104146758295,0.0590835105504351,0.104547178874426,0.236954802969151,1399.68001575713,1.00310696841658
"q_values[8,4,8]",0.0979997621248528,0.00225469199750701,0.0847271342440919,0.000745461537652626,0.0319240655419656,0.0790551069907114,0.140316278878931,0.321777935702135,1412.11669602258,1.00307795053579
"q_values[8,5,1]",-0.074152107972075,0.00171327389809259,0.0646605797747087,-0.245712100584051,-0.10592723944397,-0.059499149935632,-0.0239756836371189,-0.0005591135290071,1424.37909765286,1.00304955886932
"q_values[8,5,2]",-0.212958970089027,0.00509905860096068,0.199053999275352,-0.757400740397962,-0.298573345161931,-0.163513525988983,-0.0646966275806938,-0.00149137484526368,1523.91873727205,1.00282748868942
"q_values[8,5,3]",-0.0793703989995585,0.00189484076214154,0.0737757093379028,-0.280741291043649,-0.111447481722145,-0.0611617074764196,-0.0242367594822767,-0.000559252535148155,1515.9376878954,1.00284473491271
"q_values[8,5,4]",0.185197597665636,0.00442129511166359,0.17214332178844,0.00130492258201236,0.0565524387919789,0.142710650778312,0.260044124018339,0.65506301243518,1515.9376878954,1.00284473491271
"q_values[8,5,5]",0.0815890154809736,0.00173916820930561,0.0590910952837035,0.000745009806564072,0.0310489019070448,0.073683874696867,0.122639741237602,0.21015735649323,1154.41218824695,1.00368296626291
"q_values[8,5,6]",0,NA,0,0,0,0,0,0,NA,NA
"q_values[8,5,7]",0,NA,0,0,0,0,0,0,NA,NA
"q_values[8,5,8]",-0.0242134536164058,0.000555608919438874,0.0209534339416417,-0.0793438823386473,-0.0345941119320291,-0.0195898520078336,-0.00795049111668375,-0.000186348034558773,1422.23707732869,1.00305925654214
"q_values[9,1,1]",-0.0222743957877656,0.000888095850770066,0.0331545662313016,-0.110669075080842,-0.0284755131328024,-0.0109451993754267,-0.0028842155946534,-3.93045070628676e-05,1393.69267856725,1.00233726669406
"q_values[9,1,2]",-0.0127888723984692,0.000577078308647578,0.0229989608033435,-0.0679210426175756,-0.0150543854679527,-0.00559272489201828,-0.00145043249569113,-1.96537983910719e-05,1588.35262701227,1.00213918198296
"q_values[9,1,3]",0.0524957911426535,0.00197188008933908,0.0717341256143574,9.82581779682525e-05,0.00719390158636853,0.0271234036333301,0.0695670698529872,0.252177395586507,1323.39842746003,1.00241780191931
"q_values[9,1,4]",0,NA,0,0,0,0,0,0,NA,NA
"q_values[9,1,5]",0.0331259695732156,0.00131383928568173,0.0489490882136572,5.89563744135465e-05,0.00432425571341085,0.0163885053158586,0.0425221004009104,0.163619419145525,1388.04876967607,1.00234179287299
"q_values[9,1,6]",0.0668231873632969,0.0026642875523102,0.0994636986939049,0.000117913521188603,0.00865264678396021,0.0328355981262801,0.0854265393984072,0.332007225242525,1393.69267856725,1.00233726669406
"q_values[9,1,7]",0,NA,0,0,0,0,0,0,NA,NA
"q_values[9,1,8]",0.00954209873050252,0.000325366609269765,0.0113992033653871,1.96507086869756e-05,0.00143378909719421,0.00535280228509501,0.0134269000768918,0.0430868914826223,1227.44782443257,1.00248507993838
"q_values[9,2,1]",0,NA,0,0,0,0,0,0,NA,NA
"q_values[9,2,2]",0.0342091432633386,0.00139422428398653,0.0526400448245203,5.89575330165305e-05,0.00433048274204635,0.0164776977644492,0.0431186979439583,0.172127435650162,1425.49997886588,1.00230346976249
"q_values[9,2,3]",0.0223592587995748,0.000897552553500975,0.0336504302927348,3.93045070856374e-05,0.00288422459200131,0.0109456910779566,0.0284841717508655,0.111177363609876,1405.59909978762,1.00232305128041
"q_values[9,2,4]",-0.0668231873632969,0.0026642875523102,0.0994636986939049,-0.332007225242525,-0.0854265393984072,-0.0328355981262801,-0.00865264678396021,-0.000117913521188603,1393.69267856725,1.00233726669406
"q_values[9,2,5]",-0.100234781044945,0.0039964313284653,0.149195548040857,-0.498010837863788,-0.128139809097611,-0.0492533971894201,-0.0129789701759403,-0.000176870281782904,1393.69267856725,1.00233726669406
"q_values[9,2,6]",0,NA,0,0,0,0,0,0,NA,NA
"q_values[9,2,7]",0.0564835390511042,0.00228219287975015,0.0857828337524998,9.82620400793981e-05,0.00721469833669975,0.0274228971398759,0.0715942110767607,0.282796510731004,1412.85009490429,1.00231689477553
"q_values[9,2,8]",0.0124183852782272,0.000548374552578112,0.0216253166356016,1.96534121875472e-05,0.00144835581977397,0.005562939442207,0.0148545575515963,0.0650285606128039,1555.14312229828,1.00217008879967
"q_values[9,3,1]",0.0890975831510625,0.00355238340308026,0.132618264925206,0.00015721802825147,0.0115368623786136,0.0437807975017068,0.11390205253121,0.442676300323367,1393.69267856725,1.00233726669406
"q_values[9,3,2]",-0.0367742654344297,0.00158855381172807,0.0617325888540087,-0.192205380173885,-0.0445146071524315,-0.0166860320122849,-0.00434501647435047,-5.8960236433613e-05,1510.16749547008,1.00221786193276
"q_values[9,3,3]",0,NA,0,0,0,0,0,0,NA,NA
"q_values[9,3,4]",0.0556859894694141,0.00222023962692517,0.082886415578254,9.8261267657169e-05,0.00721053898663351,0.0273629984385667,0.071188782832006,0.276672687702105,1393.69267856725,1.00233726669406
"q_values[9,3,5]",-0.0640317638273814,0.00244603661924574,0.0896111717199844,-0.310573844641378,-0.0840075405417657,-0.032625952671698,-0.00863808905872835,-0.000117910817710801,1342.14180211359,1.00239670276773
"q_values[9,3,6]",-0.0103396483121927,0.000382294124645599,0.0138161281146015,-0.0492107145115216,-0.0138323283216465,-0.00541270098640418,-0.00143794844726046,-1.96514811092047e-05,1306.10308830984,1.0024361127207
"q_values[9,3,7]",-0.0141859578676281,0.000682674456492544,0.0279862363622008,-0.078982682107628,-0.0158450385153149,-0.00571137498873354,-0.00145873020201184,-1.96553431824007e-05,1680.58966689303,1.00205747763926
"q_values[9,3,8]",0,NA,0,0,0,0,0,0,NA,NA
"q_values[9,4,1]",-0.0204785355277616,0.000756347956647373,0.0273038401181637,-0.0965455240763398,-0.0274821459630628,-0.0107965999280569,-0.00287383821329957,-3.93025760604242e-05,1303.17934678425,1.00243093389479
"q_values[9,4,2]",0,NA,0,0,0,0,0,0,NA,NA
"q_values[9,4,3]",-0.0246670445328361,0.00107670063482128,0.042131709955423,-0.12904054416754,-0.0296917978670665,-0.0111248954793542,-0.00289669364485214,-3.93068243295549e-05,1531.1870000925,1.00219523764739
"q_values[9,4,4]",0.00931304996327576,0.00031406606196648,0.0109222909790698,1.96503225214005e-05,0.0014317274168569,0.00532383633950021,0.0132415031906406,0.0410415570262408,1209.44317099342,1.00248181192272
"q_values[9,4,5]",0.0222743957877656,0.000888095850770066,0.0331545662313016,3.93045070628676e-05,0.0028842155946534,0.0109451993754267,0.0284755131328024,0.110669075080842,1393.69267856725,1.00233726669406
"q_values[9,4,6]",0.00754822477627714,0.000208496601651363,0.00883792360570055,1.365927861813e-05,0.00139101777825379,0.0051072672063591,0.0121141077689315,0.0266602443442308,1796.81152738848,1.00155689294
"q_values[9,4,7]",0,NA,0,0,0,0,0,0,NA,NA
"q_values[9,4,8]",-0.0445487915755313,0.00177619170154013,0.0663091324626032,-0.221338150161684,-0.0569510262656048,-0.0218903987508534,-0.00576843118930681,-7.86090141257352e-05,1393.69267856725,1.00233726669406
"q_values[9,5,1]",-0.0371447525546717,0.00161698134681626,0.0630808932313798,-0.195097862178657,-0.0447144350687878,-0.0167158174620962,-0.00434709315026762,-5.89606226371376e-05,1521.89835882539,1.00220634123143
"q_values[9,5,2]",0,NA,0,0,0,0,0,0,NA,NA
"q_values[9,5,3]",0.0334115936816484,0.0013321437761551,0.0497318493469524,5.89567605943014e-05,0.0043263233919801,0.01641779906314,0.0427132696992036,0.166003612621263,1393.69267856725,1.00233726669406
"q_values[9,5,4]",0.0894963579419076,0.00358329195240935,0.134060116220064,0.000157218414462585,0.0115389420536467,0.0438107468523614,0.114104766653587,0.445738211837817,1399.69945892598,1.00233087704891
"q_values[9,5,5]",0,NA,0,0,0,0,0,0,NA,NA
"q_values[9,5,6]",0.0231568083812649,0.000960023506930014,0.0365972997823217,3.93052795078665e-05,0.00288838394206755,0.0110055897792658,0.0288895999956202,0.117301186638775,1453.22999292609,1.00227294102579
"q_values[9,5,7]",0.067221962154142,0.00269520658220612,0.100906532629298,0.000117913907399717,0.00865472645899333,0.0328655474769347,0.0856292535207845,0.335069136756975,1401.69798499274,1.00232875124931
"q_values[9,5,8]",-0.0445487915755313,0.00177619170154013,0.0663091324626032,-0.221338150161684,-0.0569510262656048,-0.0218903987508534,-0.00576843118930681,-7.86090141257352e-05,1393.69267856725,1.00233726669406
"q_values[10,1,1]",0,NA,0,0,0,0,0,0,NA,NA
"q_values[10,1,2]",-0.114259356959504,0.0036675638500161,0.141141608550123,-0.466444118337968,-0.157612574726448,-0.0710025919517759,-0.0221374005231109,-0.000264612708712464,1480.99897706557,1.00081615667333
"q_values[10,1,3]",-0.0316799811282883,0.00119059142651634,0.0510184677091855,-0.151142522468346,-0.0395765734831804,-0.0159478960965181,-0.00460438931582105,-5.29483038826475e-05,1836.23947701222,1.00077692668176
"q_values[10,1,4]",0,NA,0,0,0,0,0,0,NA,NA
"q_values[10,1,5]",-0.0262703863312665,0.000919440600749896,0.0376852167086667,-0.115717735899006,-0.0344360691779914,-0.0148194127536341,-0.0044893675735202,-5.29315031054557e-05,1679.94351311305,1.00079769434046
"q_values[10,1,6]",0.190235836985861,0.00583357284514908,0.216743679893903,0.000476257512116869,0.0395359229963339,0.124731407027092,0.269557284731668,0.738483214582865,1380.45938755173,1.00084178630477
"q_values[10,1,7]",0.169098521765209,0.00518539808457695,0.192661048794581,0.00042334001077055,0.0351430426634079,0.11087236180186,0.239606475317038,0.656429524073657,1380.45938755173,1.00084178630477
"q_values[10,1,8]",0.037141559330687,0.00104409277162985,0.0361984356747935,0.0001058210009335,0.00868927342525777,0.0267577229220632,0.0554163590658977,0.130443335628616,1201.99158535641,1.00092254756031
"q_values[10,2,1]",0.0214706887920808,0.000671902771725194,0.0254986534082596,5.29175019391067e-05,0.0043932194202203,0.0138696930879872,0.0300582793750054,0.0842634984640595,1440.19608612646,1.00083795769241
"q_values[10,2,2]",-0.0264370731169813,0.000932587106427057,0.0385154407211614,-0.116822639876432,-0.0344898041581792,-0.0148247366850115,-0.00448953711716737,-5.29315034018497e-05,1705.65397186113,1.00080025949691
"q_values[10,2,3]",-0.0422746304413024,0.00129634952114424,0.0481652621986452,-0.164107381018414,-0.0599016188292594,-0.0277180904504649,-0.00878576066585198,-0.000105835002692637,1380.45938755173,1.00084178630477
"q_values[10,2,4]",0,NA,0,0,0,0,0,0,NA,NA
"q_values[10,2,5]",0.159858993766102,0.00472599470911886,0.170187833734895,0.000423314807604103,0.0349693656303384,0.109143700250737,0.231533007742987,0.59583424237202,1296.79270413837,1.0008689763054
"q_values[10,2,6]",0.0855758751047278,0.00264473668834587,0.0989029118168479,0.000211672805737103,0.0175908187798228,0.0556282544066102,0.120700289611191,0.334947571114788,1398.47039202719,1.00083716805375
"q_values[10,2,7]",0,NA,0,0,0,0,0,0,NA,NA
"q_values[10,2,8]",0.0845492608826047,0.00259269904228848,0.0963305243972903,0.000211670005385275,0.017571521331704,0.0554361809009298,0.119803237658519,0.328214762036829,1380.45938755173,1.00084178630477
"q_values[10,3,1]",-0.0634119456619535,0.00194452428171636,0.0722478932979677,-0.246161071527621,-0.0898524282438892,-0.0415771356756974,-0.013178640998778,-0.000158752504038956,1380.45938755173,1.00084178630477
"q_values[10,3,2]",0.0422746304413024,0.00129634952114424,0.0481652621986452,0.000105835002692638,0.00878576066585198,0.0277180904504649,0.0599016188292594,0.164107381018414,1380.45938755173,1.00084178630477
"q_values[10,3,3]",-0.106713190325379,0.00329287909271765,0.122983177427582,-0.417001261623995,-0.150651099025821,-0.0694872996318426,-0.0219836991127488,-0.00026459030708342,1394.88964240879,1.00083805709895
"q_values[10,3,4]",-0.0338165529653918,0.0013072364773763,0.0572374532294915,-0.165160592612978,-0.0413975448786189,-0.0163347050735674,-0.00464306898388232,-5.29539047344993e-05,1917.13319635184,1.00077881521222
"q_values[10,3,5]",0,NA,0,0,0,0,0,0,NA,NA
"q_values[10,3,6]",-0.170125135987333,0.00523735435800858,0.195227475707635,-0.663162333151617,-0.24050352726971,-0.11106443530754,-0.0351623401115268,-0.000423342811122376,1389.4981071129,1.00083942257447
"q_values[10,3,7]",0.00332500636529521,0.000527234751500551,0.03140527812661,-0.0347172569843622,0.00222147717836729,0.00761119913222461,0.0122427713569319,0.0140436500423734,3548.11127506828,1.00092262073369
"q_values[10,3,8]",0,NA,0,0,0,0,0,0,NA,NA
"q_values[10,4,1]",0.00726477646807267,0.000370322480330009,0.0216701635217543,-0.00889092464994957,0.00300553524189407,0.00951584121911822,0.0155031009817313,0.0181020517702262,3424.24021822558,1.00101839897879
"q_values[10,4,2]",0.126823891323907,0.00388904856343271,0.144495786595935,0.000317505008077913,0.026357281997556,0.0831542713513947,0.179704856487778,0.492322143055243,1380.45938755173,1.00084178630477
"q_values[10,4,3]",0,NA,0,0,0,0,0,0,NA,NA
"q_values[10,4,4]",-0.0951752701830993,0.00312877828022042,0.122558815639193,-0.39785604598468,-0.129455869217163,-0.0575276937379041,-0.0177831150864226,-0.0002117008080698,1534.40333829254,1.00080718828264
"q_values[10,4,5]",-0.105686576103256,0.00324087380286059,0.120413155496613,-0.410268452546036,-0.149754047073149,-0.0692952261261623,-0.02196440166463,-0.000264587506731593,1380.45938755173,1.00084178630477
"q_values[10,4,6]",0,NA,0,0,0,0,0,0,NA,NA
"q_values[10,4,7]",-0.0293502289976357,0.00108339030914721,0.0462489518279882,-0.135916163132884,-0.0371272250360085,-0.0153956332706751,-0.00454725991787673,-5.2939904160938e-05,1822.35883181844,1.00079203981475
"q_values[10,4,8]",-0.138721678545451,0.00407900484856059,0.146199052139302,-0.513780551862813,-0.201582198328357,-0.0952846550255042,-0.0305764852974124,-0.000370397306257783,1284.63772300953,1.00087390304227
"q_values[10,5,1]",0,NA,0,0,0,0,0,0,NA,NA
"q_values[10,5,2]",0,NA,0,0,0,0,0,0,NA,NA
"q_values[10,5,3]",0.147961206544558,0.00453722332400483,0.168578417695258,0.000370422509424232,0.0307501623304819,0.0970133165766272,0.209655665902408,0.57437583356445,1380.45938755173,1.00084178630477
"q_values[10,5,4]",-0.0422746304413024,0.00129634952114424,0.0481652621986452,-0.164107381018414,-0.0599016188292594,-0.0277180904504649,-0.00878576066585198,-0.000105835002692637,1380.45938755173,1.00084178630477
"q_values[10,5,5]",-0.0306533669061652,0.00113582353108086,0.0481460869788774,-0.144409713390386,-0.0386795215305081,-0.0157558225908377,-0.00458509186770221,-5.29455035308201e-05,1796.80219124551,1.00077708152073
"q_values[10,5,6]",0.0964470481041483,0.00278442498407561,0.0983591874739478,0.000264562303565147,0.0217907246315604,0.0675665645750393,0.141680579499098,0.349673170844399,1247.8397645031,1.00089185069649
"q_values[10,5,7]",0.0160042441100359,0.000409341709621275,0.0136746764128339,4.61429688394229e-05,0.00426810961050218,0.0128582880003836,0.0253448397810378,0.047493478921913,1115.99466505191,1.00110748358888
"q_values[10,5,8]",0.0789729792998681,0.00232571753728576,0.0836278008452937,0.000211653204311689,0.017456330045756,0.0543023736266686,0.114608998373142,0.291685071490062,1292.9669301531,1.0008747248686
"q_values[11,1,1]",0.459836757403235,0.00972301195760475,0.362377575867033,0.0199155997828391,0.198883940798837,0.371269495889935,0.624477375264191,1.40151989847391,1389.05995463749,1.00152155000186
"q_values[11,1,2]",-0.107905690922536,0.00167040534438767,0.0559705327258274,-0.215671707868504,-0.148890642296146,-0.106174039274687,-0.0655739416618147,-0.00779873688763891,1122.72951396798,1.00193315530479
"q_values[11,1,3]",0,NA,0,0,0,0,0,0,NA,NA
"q_values[11,1,4]",0,NA,0,0,0,0,0,0,NA,NA
"q_values[11,1,5]",-0.521102574076938,0.00993997743891422,0.35757911448559,-1.39479482365377,-0.71319924059917,-0.452871710629231,-0.256500083962254,-0.0276210405144545,1294.11684944337,1.00165845779903
"q_values[11,1,6]",0.446659349208804,0.00851998066192648,0.306496383844791,0.0236751775838181,0.219857214824789,0.388175751967912,0.611313634799288,1.19553842027466,1294.11684944337,1.00165845779903
"q_values[11,1,7]",0.10813351605054,0.00162885290035909,0.0540185706544871,0.00781387667045654,0.0665722388978379,0.108438433389511,0.151680105747679,0.198730172148351,1099.82210939401,1.00194219014093
"q_values[11,1,8]",-0.224417618838226,0.00349018714374652,0.116643150773004,-0.437568982612429,-0.31405715321281,-0.221113729949723,-0.134487177671094,-0.0156433231790763,1116.91739763005,1.00192304051541
"q_values[11,2,1]",0,NA,0,0,0,0,0,0,NA,NA
"q_values[11,2,2]",-0.117687629855906,0.00271653797064168,0.10402497014014,-0.397919775788398,-0.158881458166518,-0.0884554153042455,-0.0444530665046929,-0.00403897477722603,1466.37024666042,1.0014188477218
"q_values[11,2,3]",-0.148886449736268,0.00283999355397549,0.102165461281597,-0.39851280675822,-0.203771211599763,-0.129391917322637,-0.0732857382749298,-0.0078917258612727,1294.11684944338,1.00165845779903
"q_values[11,2,4]",0,NA,0,0,0,0,0,0,NA,NA
"q_values[11,2,5]",0.0915606385950491,0.00132767578648677,0.0558397691780995,-0.0297179618938994,0.0706175222320872,0.108285667195328,0.129816243303386,0.136708171845151,1768.89949948784,1.00021865699059
"q_values[11,2,6]",-0.307011430443506,0.0051397181409386,0.175669559982736,-0.678656608617931,-0.426382615633823,-0.289995255799437,-0.172472746683977,-0.0196047559478759,1168.19251853059,1.00184602878033
"q_values[11,2,7]",-0.0988949850795705,0.0021802257961205,0.0826737286148905,-0.318365931483218,-0.133027635811975,-0.0772526602265026,-0.0406709687637201,-0.00399257244512605,1437.91131799982,1.00145611536585
"q_values[11,2,8]",0.446659349208804,0.00851998066192648,0.306496383844791,0.0236751775838181,0.219857214824789,0.388175751967912,0.611313634799288,1.19553842027466,1294.11684944337,1.00165845779903
"q_values[11,3,1]",0,NA,0,0,0,0,0,0,NA,NA
"q_values[11,3,2]",0,NA,0,0,0,0,0,0,NA,NA
"q_values[11,3,3]",-0.148886449736268,0.00283999355397549,0.102165461281597,-0.39851280675822,-0.203771211599763,-0.129391917322637,-0.0732857382749298,-0.0078917258612727,1294.11684944338,1.00165845779903
"q_values[11,3,4]",0.139647918765298,0.00346301307979444,0.136572889932253,0.0040704216359422,0.0473844681408119,0.0981804961684757,0.184931019165465,0.516881811656731,1555.32350333819,1.0013133068629
"q_values[11,3,5]",0.471111109420241,0.0092656972347147,0.337522571250694,0.0237218870983078,0.223885314451045,0.400732453533096,0.642455664811382,1.31464794837877,1326.93433394956,1.00161277557529
"q_values[11,3,6]",0.521102574076938,0.00993997743891422,0.35757911448559,0.0276210405144545,0.256500083962254,0.452871710629231,0.71319924059917,1.39479482365377,1294.11684944337,1.00165845779903
"q_values[11,3,7]",0.312082130753987,0.00693911460660328,0.262925962424826,0.0120239353580443,0.125647402900964,0.242148367864786,0.421763805195938,1.01091822847548,1435.68387920597,1.00145812394792
"q_values[11,3,8]",-0.110668866205781,0.00250702057478441,0.0954697600501762,-0.366127736513481,-0.14955842302733,-0.0845406374133391,-0.043159567006331,-0.00402346637554074,1450.15981292789,1.00143936095028
"q_values[11,4,1]",0.223329674604402,0.00425999033096324,0.153248191922396,0.0118375887919091,0.109928607412395,0.194087875983956,0.305656817399644,0.597769210137331,1294.11684944337,1.00165845779903
"q_values[11,4,2]",-0.297772899472536,0.00567998710795097,0.204330922563194,-0.797025613516441,-0.407542423199525,-0.258783834645275,-0.14657147654986,-0.0157834517225454,1294.11684944338,1.00165845779903
"q_values[11,4,3]",-0.0693725245576529,0.00149442082324566,0.0732251595067942,-0.116080685392945,-0.110810484035092,-0.0918675807830868,-0.0555094992419822,0.133005216478437,2400.90420360209,1.00013227880567
"q_values[11,4,4]",0.522190518310762,0.00915132057381435,0.317875314775975,0.0314267749016217,0.281058654220954,0.479897564594998,0.721658756362769,1.23672264272056,1206.5520678227,1.00178485097988
"q_values[11,4,5]",0.323312603917797,0.00562771085592352,0.194990939911127,0.0196358956242024,0.175158146434814,0.298366390176226,0.447143968975219,0.758062960687336,1200.50870538042,1.00179434570679
"q_values[11,4,6]",-0.0410246376669279,0.00229515835209952,0.10289348803557,-0.348824416582715,-0.0474786950715271,0.00194096497749796,0.0138190604661218,0.0168657748811265,2009.7890255768,1.00082702549379
"q_values[11,4,7]",0,NA,0,0,0,0,0,0,NA,NA
"q_values[11,4,8]",0,NA,0,0,0,0,0,0,NA,NA
"q_values[11,5,1]",-0.20195780081963,0.00256634842500653,0.0840259595841991,-0.296884003649329,-0.273079614700637,-0.223139743932605,-0.147276007428537,-0.0165291204059631,1072.00231703665,1.00139714494519
"q_values[11,5,2]",-0.595545798945072,0.0113599742159019,0.408661845126388,-1.59405122703288,-0.815084846399051,-0.51756766929055,-0.293142953099719,-0.0315669034450908,1294.11684944338,1.00165845779903
"q_values[11,5,3]",0.090744398342425,0.00192516260079172,0.072025758945523,0.00397700260696281,0.0393282688883017,0.073067093038108,0.122646959141277,0.278662755448516,1399.71898730218,1.00150723465245
"q_values[11,5,4]",0.132856980243177,0.00318260711079899,0.123347566547631,0.00407005301707455,0.0470892658784733,0.0965557603835466,0.178585169976404,0.469414991098018,1502.08709306542,1.00137507473149
"q_values[11,5,5]",0,NA,0,0,0,0,0,0,NA,NA
"q_values[11,5,6]",0,NA,0,0,0,0,0,0,NA,NA
"q_values[11,5,7]",0.297772899472536,0.00567998710795097,0.204330922563194,0.0157834517225454,0.14657147654986,0.258783834645275,0.407542423199525,0.797025613516442,1294.11684944338,1.00165845779903
"q_values[11,5,8]",0.537403747551229,0.0104354973094905,0.378214026586216,0.0276521801907809,0.259185483713091,0.46124284500602,0.733960593940566,1.47420117572318,1313.5571161485,1.00163160327006
"q_values[12,1,1]",0.176342106756711,0.00525862082899812,0.188436048736966,0.000502161869749413,0.0381760935047144,0.118017571646628,0.250753492761772,0.702021234451662,1284.05688411943,1.00423450726499
"q_values[12,1,2]",0.131938086627695,0.0039275420611114,0.140607490008096,0.00037662041708253,0.0286263151448156,0.0884568874215039,0.187800487473662,0.524079722344506,1281.66705782224,1.00423921183378
"q_values[12,1,3]",-0.04695196764772,0.00146401274951653,0.0537785347896079,-0.197431140061082,-0.0650700620694489,-0.0300110147328633,-0.00959581822966093,-0.000125549334503121,1349.36118550872,1.00409627970584
"q_values[12,1,4]",-0.00841137410776563,0.000386465633574766,0.021731481343373,-0.0209265689244754,-0.0176332979286199,-0.0104903249682466,-0.00332416470702324,0.016298247996704,3161.9638611212,1.00037512761671
"q_values[12,1,5]",0,NA,0,0,0,0,0,0,NA,NA
"q_values[12,1,6]",0.1173799191193,0.00366003187379132,0.13444633697402,0.000313873336257804,0.0239895455741523,0.0750275368321583,0.162675155173622,0.493577850152707,1349.36118550873,1.00409627970584
"q_values[12,1,7]",0.107025345063788,0.00360850446483172,0.138465706510536,0.000251142017126183,0.0194439721623393,0.0624718175066744,0.141508422327785,0.494359435083509,1472.41406724215,1.00383379481433
"q_values[12,1,8]",0,NA,0,0,0,0,0,0,NA,NA
"q_values[12,2,1]",0.14085590294316,0.00439203824854959,0.161335604368824,0.000376648003509365,0.0287874546889828,0.0900330441985899,0.195210186208347,0.592293420183248,1349.36118550873,1.00409627970584
"q_values[12,2,2]",0,NA,0,0,0,0,0,0,NA,NA
"q_values[12,2,3]",0,NA,0,0,0,0,0,0,NA,NA
"q_values[12,2,4]",0.0740780436361341,0.00195209036289164,0.066150053070863,0.000238090265363896,0.0188099361610689,0.0564117104555944,0.113316819260285,0.241135118619363,1148.31373390118,1.00427113851501
"q_values[12,2,5]",0.0285718788612686,0.00100655954725167,0.0396500476654083,6.2790430924038e-05,0.00488998885435459,0.0159061683819094,0.0367691445974016,0.137694825938394,1551.70258093745,1.00364522852537
"q_values[12,2,6]",-0.07042795147158,0.0021960191242748,0.0806678021844119,-0.296146710091623,-0.0976050931041734,-0.045016522099295,-0.0143937273444914,-0.000188324001754681,1349.36118550873,1.00409627970584
"q_values[12,2,7]",-0.0415817509315509,0.00171483727009699,0.0720549184672237,-0.236230006051581,-0.0481030035227294,-0.0183525777039052,-0.00514221410978783,-6.28337787965558e-05,1765.55574546583,1.00319963766434
"q_values[12,2,8]",0.122475814156709,0.00392744463648093,0.146757355691392,0.000313889099930281,0.0240816253136764,0.075928197847636,0.166909268736299,0.532557106060559,1396.30281150333,1.00399490611338
"q_values[12,3,1]",0,NA,0,0,0,0,0,0,NA,NA
"q_values[12,3,2]",0.0328870100122173,0.00122764489835673,0.0494070790144049,6.28061928645642e-05,0.00498129546078907,0.0167831783647232,0.0407621833151631,0.169940257909152,1619.69346834691,1.00351712385962
"q_values[12,3,3]",-0.0552005577747908,0.00189113830787621,0.073124126837571,-0.259872988810886,-0.0722731252227777,-0.0315668991962374,-0.00975629508832274,-0.000125576919445427,1495.11570196428,1.00378651478809
"q_values[12,3,4]",0.0602361613967628,0.00167749600187388,0.0580658485017425,0.000188292474409728,0.0142095678654431,0.0432152000683395,0.0891368659788191,0.218019288584231,1198.17034312608,1.00434765304938
"q_values[12,3,5]",0.0132841937490428,0.000313923794407395,0.0141489045141815,2.01621607870383e-05,0.00432715757136443,0.0126206582269157,0.0228834052062826,0.0311035635222224,2031.4080132619,1.00097720886156
"q_values[12,3,6]",0,NA,0,0,0,0,0,0,NA,NA
"q_values[12,3,7]",0.04695196764772,0.00146401274951653,0.0537785347896079,0.000125549334503122,0.00959581822966093,0.0300110147328633,0.0650700620694489,0.197431140061083,1349.36118550872,1.00409627970584
"q_values[12,3,8]",-0.07042795147158,0.0021960191242748,0.0806678021844119,-0.296146710091623,-0.0976050931041734,-0.045016522099295,-0.0143937273444914,-0.000188324001754681,1349.36118550873,1.00409627970584
"q_values[12,4,1]",0.0393081250916071,0.00107780128206965,0.0370577627326462,0.000125525688994406,0.00945769862037473,0.0286600232096467,0.0587188917254332,0.138164129736626,1182.17290430713,1.00434276835567
"q_values[12,4,2]",0.07042795147158,0.0021960191242748,0.0806678021844119,0.000188324001754682,0.0143937273444914,0.045016522099295,0.0976050931041734,0.296146710091624,1349.36118550873,1.00409627970584
"q_values[12,4,3]",0.0025991938013334,0.00061204720138517,0.0341081954621167,-0.0602124436407373,0.00204730840837436,0.00800830999003471,0.0130677833814621,0.0148693429428702,3105.61526925409,1.00102862808306
"q_values[12,4,4]",0,NA,0,0,0,0,0,0,NA,NA
"q_values[12,4,5]",0,NA,0,0,0,0,0,0,NA,NA
"q_values[12,4,6]",-0.0780717940276929,0.00260178797064254,0.0994357112947464,-0.354615593953402,-0.103956263448189,-0.0463675136225115,-0.0145318469537776,-0.000188347647263397,1460.63252327147,1.00385103505039
"q_values[12,4,7]",-0.1173799191193,0.00366003187379132,0.13444633697402,-0.493577850152706,-0.162675155173622,-0.0750275368321583,-0.0239895455741523,-0.000313873336257802,1349.36118550873,1.00409627970584
"q_values[12,4,8]",-0.0576369675954294,0.0020220533484075,0.0791480181532092,-0.278400641916656,-0.0743557427405569,-0.0320138509850242,-0.00980222451050056,-0.000125584801034244,1532.12736813721,1.00370413149444
"q_values[12,5,1]",-0.00979688556518348,0.000337939658330156,0.0184597565806336,-0.0229457218992128,-0.0189164794181082,-0.0111693787744446,-0.00360034664308306,0.00559145917158431,2983.82685602757,1.00028735984645
"q_values[12,5,2]",-0.07042795147158,0.0021960191242748,0.0806678021844119,-0.296146710091623,-0.0976050931041734,-0.045016522099295,-0.0143937273444914,-0.000188324001754681,1349.36118550873,1.00409627970584
"q_values[12,5,3]",0.18780787059088,0.00585605099806612,0.215114139158432,0.000502197338012487,0.0383832729186437,0.120044058931453,0.260280248277796,0.78972456024433,1349.36118550872,1.00409627970584
"q_values[12,5,4]",0,NA,0,0,0,0,0,0,NA,NA
"q_values[12,5,5]",-0.166879834285724,0.00525698457933279,0.194329061517887,-0.710498618167714,-0.22986227402441,-0.10548888207276,-0.0336314036735753,-0.000439430552597162,1366.47628974947,1.0040598680942
"q_values[12,5,6]",0.132830388212221,0.00398956036930826,0.143673767762835,0.000376620419061902,0.0286271987254894,0.0884839171731198,0.188076001582137,0.531775521129757,1296.89519091287,1.00420169299843
"q_values[12,5,7]",0,NA,0,0,0,0,0,0,NA,NA
"q_values[12,5,8]",-0.0729758989902843,0.00232953333075056,0.0868105462301259,-0.31563633804555,-0.099722149885512,-0.0454668526070338,-0.0144397672142535,-0.00018833188359092,1388.69579500671,1.00401162373001
"q_values[13,1,1]",-0.0371958141306185,0.0013294033878086,0.0609043247232798,-0.193937414109329,-0.0457138355721604,-0.0162925389238113,-0.00419855893920566,-3.70246251102976e-05,2098.85628557783,1.00046245701681
"q_values[13,1,2]",0.00861436213607755,0.000266215472399239,0.0102043271872101,8.77324701155977e-06,0.00137045628583524,0.00511943796418813,0.0133823061534126,0.0338662756755994,1469.27187176997,1.00154650163077
"q_values[13,1,3]",0.0361858551615657,0.00126890275784139,0.0568876814349011,3.7024320487996e-05,0.00419464892086203,0.0162339740541145,0.0452586474027741,0.186230323004276,2009.92468809724,1.00056605366926
"q_values[13,1,4]",-0.0964956137641751,0.00338374068757703,0.151700483826403,-0.496614194678068,-0.120689726407398,-0.0432905974776387,-0.0111857304556321,-9.87315213013227e-05,2009.92468809724,1.00056605366926
"q_values[13,1,5]",0,NA,0,0,0,0,0,0,NA,NA
"q_values[13,1,6]",0.0437029915213497,0.00143941976972699,0.0592056451307096,4.93643898503044e-05,0.00557527014526971,0.0213817568251837,0.0582965164414604,0.213625187366294,1691.80891462309,1.00102802142563
"q_values[13,1,7]",-0.0428628673123527,0.00168484929733056,0.0834938091186055,-0.238026997543849,-0.0484140627389627,-0.016642502031129,-0.00422199444752778,-3.70264528271893e-05,2455.76286089459,1.00012727554608
"q_values[13,1,8]",0,NA,0,0,0,0,0,0,NA,NA
"q_values[13,2,1]",0,NA,0,0,0,0,0,0,NA,NA
"q_values[13,2,2]",0.0603097586026094,0.00211483792973564,0.0948128023915019,6.17072008133267e-05,0.00699108153477006,0.0270566234235242,0.0754310790046235,0.310383871673793,2009.92468809724,1.00056605366926
"q_values[13,2,3]",-0.0105470132669426,0.000342106054439011,0.0135981578704514,-0.0505161376771785,-0.0144034335468452,-0.00532347738015961,-0.00139235127943857,-1.2340983229213e-05,1579.93288033044,1.00121627120258
"q_values[13,2,4]",0,NA,0,0,0,0,0,0,NA,NA
"q_values[13,2,5]",0.0393763431787135,0.00124470951854866,0.0470137520395707,4.92347929323251e-05,0.00555366942756818,0.0210860435943009,0.0561482539416014,0.177620655053411,1426.63805168939,1.00151630355831
"q_values[13,2,6]",-0.0252647626209576,0.000918837823391707,0.0428847608357749,-0.132578294173171,-0.0306379203877409,-0.0108816896093942,-0.00280035083283154,-2.46831849532715e-05,2178.35298981077,1.00036171982379
"q_values[13,2,7]",-0.0844336620436532,0.0029607731016299,0.132737923348103,-0.43453742034331,-0.105603510606473,-0.0378792727929338,-0.00978751414867808,-8.63900811386574e-05,2009.92468809724,1.00056605366926
"q_values[13,2,8]",-0.0854436210127061,0.00302083716939306,0.136723490374076,-0.442244511448363,-0.106058698775859,-0.0379378376626307,-0.00979142416702171,-8.6390385760959e-05,2048.47958871622,1.00051995242352
"q_values[13,3,1]",-0.0276587598327288,0.00106981834697758,0.052587830480565,-0.151128367537204,-0.0317655901947015,-0.0110276264133485,-0.00281011767811073,-2.46839465033862e-05,2416.29761580672,1.00014808216836
"q_values[13,3,2]",-0.0723717103231313,0.00253780551568277,0.113775362869802,-0.372460646008551,-0.0905172948055481,-0.032467948108229,-0.00838929784172407,-7.40486409759921e-05,2009.92468809724,1.00056605366926
"q_values[13,3,3]",0,NA,0,0,0,0,0,0,NA,NA
"q_values[13,3,4]",0.0382057730996714,0.00139132661145905,0.0650190749039337,3.70249297325992e-05,0.0042024689575493,0.0163511037935081,0.0461690237415467,0.201644505214383,2183.8529332738,1.00037188735119
"q_values[13,3,5]",-0.0172287242721551,0.000532430944798479,0.0204086543744202,-0.0677325513511989,-0.0267646123068252,-0.0102388759283763,-0.00274091257167048,-1.75464940231195e-05,1469.27187176997,1.00154650163077
"q_values[13,3,6]",0,NA,0,0,0,0,0,0,NA,NA
"q_values[13,3,7]",0.0361858551615657,0.00126890275784139,0.0568876814349011,3.7024320487996e-05,0.00419464892086203,0.0162339740541145,0.0452586474027741,0.186230323004276,2009.92468809724,1.00056605366926
"q_values[13,3,8]",0.025769742105484,0.000950387039241545,0.0449818580129887,2.46833372644223e-05,0.00280230584200336,0.0109109720442426,0.030865514472434,0.136431839725698,2240.1328288523,1.00030127442477
"q_values[13,4,1]",-0.108557565484697,0.00380670827352416,0.170663044304703,-0.558690969012827,-0.135775942208322,-0.0487019221623435,-0.0125839467625861,-0.000111072961463988,2009.92468809724,1.00056605366926
"q_values[13,4,2]",0.0153397065449104,0.000481948893669949,0.0216426062621743,1.21608048754882e-05,0.0026835514040555,0.0100479337555106,0.0254827254534563,0.0550668368729573,2016.58782898503,1.00084546523532
"q_values[13,4,3]",0.0567749022109244,0.0019124621434823,0.0814650893300707,6.17061346352713e-05,0.00697739647056735,0.0268516463795853,0.0738379204117713,0.283409052806106,1814.50170965219,1.00083258360646
"q_values[13,4,4]",0.0130719106895747,0.000484830235160155,0.0230714790094049,1.23417447849669e-05,0.00140212632529764,0.00546988955440165,0.015541403970311,0.069783865439812,2264.49559867819,1.00029267069888
"q_values[13,4,5]",0,NA,0,0,0,0,0,0,NA,NA
"q_values[13,4,6]",0,NA,0,0,0,0,0,0,NA,NA
"q_values[13,4,7]",0.00668171100521249,0.000234606290536066,0.0131671029887603,2.94009958748577e-06,0.00130349634724382,0.00489005113757366,0.0121467225569192,0.0226775516358964,3149.93186251962,1.00007305529118
"q_values[13,4,8]",-0.0723717103231313,0.00253780551568277,0.113775362869802,-0.372460646008551,-0.0905172948055481,-0.032467948108229,-0.00838929784172407,-7.40486409759921e-05,2009.92468809724,1.00056605366926
"q_values[13,5,1]",-0.0964956137641751,0.00338374068757703,0.151700483826403,-0.496614194678068,-0.120689726407398,-0.0432905974776387,-0.0111857304556321,-9.87315213013227e-05,2009.92468809724,1.00056605366926
"q_values[13,5,2]",0,NA,0,0,0,0,0,0,NA,NA
"q_values[13,5,3]",0.0389149970978074,0.00122588125414318,0.0459964278486754,4.92346414015101e-05,0.00554398775739744,0.0210204851386824,0.0558557634067127,0.17371432022467,1407.83384652878,1.00155656253378
"q_values[13,5,4]",0.0382057730996714,0.00139132661145905,0.0650190749039337,3.70249297325992e-05,0.0042024689575493,0.0163511037935081,0.0461690237415467,0.201644505214383,2183.8529332738,1.00037188735119
"q_values[13,5,5]",-0.0135768901741012,0.000517185763019729,0.0252097389559528,-0.0736374109923386,-0.0157689980550042,-0.00549917198925006,-0.00140408133446946,-1.23418970961177e-05,2375.98434514462,1.00019174117219
"q_values[13,5,6]",0.00613309811706574,0.000257854272142633,0.0152121038153929,1.99706233743468e-06,0.00129340778604799,0.00478510100540441,0.0118068820332692,0.0207436129987338,3480.40592062712,0.99978759476453
"q_values[13,5,7]",0,NA,0,0,0,0,0,0,NA,NA
"q_values[13,5,8]",-0.108557565484697,0.00380670827352416,0.170663044304703,-0.558690969012827,-0.135775942208322,-0.0487019221623435,-0.0125839467625861,-0.000111072961463988,2009.92468809724,1.00056605366926
"q_values[14,1,1]",-0.235432724326453,0.00454385643015476,0.152026999991313,-0.565737262117413,-0.331889334044206,-0.220930764766111,-0.11707361247126,-0.00427523717893673,1119.41790589017,1.00462289369165
"q_values[14,1,2]",-0.187544962627514,0.00361217024274864,0.12066639660504,-0.448943414501285,-0.264453696996664,-0.176306259189012,-0.0935426082503223,-0.00342004322107405,1115.92823595617,1.00466047450721
"q_values[14,1,3]",0.467044612804667,0.00944282968062046,0.32617287512014,0.0077033391141539,0.217011715689282,0.421346418268299,0.654520394169367,1.21523241221415,1193.13990415289,1.00388286698192
"q_values[14,1,4]",0.363256921070297,0.00734442308492702,0.253690013982331,0.00599148597767526,0.168786889980553,0.327713880875344,0.509071417687286,0.945180765055451,1193.13990415289,1.00388286698192
"q_values[14,1,5]",-0.101328130488751,0.00203651326307941,0.0701836724487414,-0.261666824643932,-0.141698641276385,-0.0918512149972597,-0.0476994937699933,-0.00171112303434533,1187.67521443398,1.0039200871613
"q_values[14,1,6]",0,NA,0,0,0,0,0,0,NA,NA
"q_values[14,1,7]",0,NA,0,0,0,0,0,0,NA,NA
"q_values[14,1,8]",0.00988371644080353,0.000972420929004344,0.0474007933978426,-0.0157947818118729,-0.013900272010044,-0.00732174999298142,0.0095893568732506,0.141915061659537,2376.088580843,1.00024563423267
"q_values[14,2,1]",0,NA,0,0,0,0,0,0,NA,NA
"q_values[14,2,2]",-0.0837572708931431,0.00152030733565769,0.0487316123374722,-0.178891767342585,-0.119004720514583,-0.0826737217960571,-0.0453177825415928,-0.00170819008459541,1027.44546453179,1.00584480325268
"q_values[14,2,3]",0.145148202470475,0.00333412335111011,0.123383065745597,0.00171990746119593,0.0545221864607203,0.117023660439685,0.200933936631924,0.453370864219359,1369.45506891666,1.00254791083535
"q_values[14,2,4]",0.311363075203112,0.0062952197870803,0.217448583413426,0.00513555940943593,0.144674477126188,0.280897612178866,0.436346929446245,0.810154941476101,1193.13990415289,1.00388286698192
"q_values[14,2,5]",-0.207575383468741,0.00419681319138687,0.144965722275618,-0.540103294317401,-0.290897952964163,-0.187265074785911,-0.0964496514174588,-0.00342370627295729,1193.13990415289,1.00388286698192
"q_values[14,2,6]",-0.0343845918205473,0.000742587279093778,0.0327755493703785,-0.0567910047262477,-0.0540611399632487,-0.0447249505888724,-0.0248034942552069,0.0408914016445193,1948.0717535373,1.00323957867372
"q_values[14,2,7]",0.227605804309968,0.00479754736008049,0.169891507320933,0.00342736932484053,0.0993566945845954,0.198223890382809,0.317342208931662,0.631263174133516,1254.02096659549,1.00335164863487
"q_values[14,2,8]",0,NA,0,0,0,0,0,0,NA,NA
"q_values[14,3,1]",-0.315369159371357,0.00641439682846958,0.222389671123051,-0.828386917439324,-0.441635780639745,-0.283089375298246,-0.145255885759616,-0.00513629201981258,1202.03628289709,1.0038004052906
"q_values[14,3,2]",0,NA,0,0,0,0,0,0,NA,NA
"q_values[14,3,3]",0,NA,0,0,0,0,0,0,NA,NA
"q_values[14,3,4]",0.137970901144267,0.00264666514211938,0.0882595211296705,0.00256412041519973,0.0695143104379943,0.130105651578061,0.194036982737328,0.328688321094617,1112.05210993724,1.00467554418186
"q_values[14,3,5]",-0.12951049652815,0.00285820415786088,0.103590849810168,-0.38290474872858,-0.180163160854875,-0.108359218143087,-0.0522105711006839,-0.00171697764675017,1313.57930702854,1.00290890759391
"q_values[14,3,6]",-0.107793775902616,0.00221790622421104,0.0774388149019752,-0.288283623121923,-0.150737827675581,-0.095824300512335,-0.0488062343421567,-0.00171258574685529,1219.07671670952,1.0036472537576
"q_values[14,3,7]",0.207575383468741,0.00419681319138687,0.144965722275618,0.00342370627295729,0.0964496514174588,0.187265074785911,0.290897952964163,0.540103294317401,1193.13990415289,1.00388286698192
"q_values[14,3,8]",-0.259469229335926,0.00524601648923358,0.181207152844522,-0.675129117896751,-0.363622441205204,-0.234081343482388,-0.120562064271824,-0.00427963284119661,1193.1399041529,1.00388286698192
"q_values[14,4,1]",-0.0816227348292102,0.0019375924827043,0.0728025907975677,-0.266110901112453,-0.112727523807334,-0.0637347125659889,-0.0286795668797465,-0.0008617836888875,1411.78572918138,1.00230802699117
"q_values[14,4,2]",-0.207575383468741,0.00419681319138687,0.144965722275618,-0.540103294317401,-0.290897952964163,-0.187265074785911,-0.0964496514174588,-0.00342370627295729,1193.13990415289,1.00388286698192
"q_values[14,4,3]",0.259469229335926,0.00524601648923358,0.181207152844522,0.00427963284119661,0.120562064271824,0.234081343482388,0.363622441205204,0.675129117896751,1193.1399041529,1.00388286698192
"q_values[14,4,4]",0,NA,0,0,0,0,0,0,NA,NA
"q_values[14,4,5]",0,NA,0,0,0,0,0,0,NA,NA
"q_values[14,4,6]",0.275308317688902,0.00524628942265764,0.173874839906304,0.00512896591604611,0.139441799425342,0.261171744104449,0.388747268704747,0.646067157807094,1098.42142382783,1.00485823618238
"q_values[14,4,7]",0.015839088352976,0.000406208374544137,0.0187777242369297,-0.0290619600896572,0.011627514147704,0.0217067396486363,0.0263495115593899,0.0277608653833792,2136.9195301468,1.00237166577939
"q_values[14,4,8]",0.0898978911253215,0.00137285303728521,0.0410144987936485,0.00204547827849396,0.0614433414950484,0.100893155243148,0.125979667881112,0.136642017240645,892.538008970336,1.01041954782568
"q_values[14,5,1]",-0.467044612804667,0.00944282968062046,0.32617287512014,-1.21523241221415,-0.654520394169367,-0.421346418268299,-0.217011715689282,-0.0077033391141539,1193.13990415289,1.00388286698192
"q_values[14,5,2]",0.0558999300354307,0.0011691454894677,0.0412174424197678,0.00085665917861597,0.024693821487792,0.0490080318158574,0.0780133394345406,0.153257799542573,1242.86787517936,1.00344341659166
"q_values[14,5,3]",0.139657200928574,0.00268040371702515,0.0893086246292669,0.00256484926321138,0.0700116040293849,0.131681753611914,0.197018059949123,0.332149566885158,1110.16205540496,1.00472453680719
"q_values[14,5,4]",0.0452429521333143,0.000719348757635548,0.026374688174481,1.47240982993775e-08,0.033013500363731,0.0533846436111065,0.0646125821812608,0.0678696929459801,1344.29836881036,1.00729505567829
"q_values[14,5,5]",0,NA,0,0,0,0,0,0,NA,NA
"q_values[14,5,6]",0,NA,0,0,0,0,0,0,NA,NA
"q_values[14,5,7]",0.0305637559723077,0.000471958525572677,0.0138563865725563,0.0008484252018748,0.0205447621172782,0.0339657004658665,0.0429471628305076,0.0469561597103721,861.97031701591,1.009993654003
"q_values[14,5,8]",-0.415150766937482,0.00839362638277375,0.289931444551235,-1.0802065886348,-0.581795905928327,-0.374530149571822,-0.192899302834918,-0.00684741254591458,1193.13990415289,1.00388286698192
"q_values[15,1,1]",0.0593009996058992,0.00101725936550381,0.0314532367626523,0.00142928743377901,0.0342974624946126,0.0599374101682019,0.0852511870804847,0.110437586356634,956.020696688603,1.00185304298609
"q_values[15,1,2]",-0.125479810595262,0.00262152908963649,0.0927856502095398,-0.352000986605541,-0.174381450893782,-0.107240997852146,-0.0562313617013595,-0.00217166485582834,1252.71497365548,1.00155407521194
"q_values[15,1,3]",-0.0545734606126788,0.000899572784759107,0.0271555913977401,-0.0930644533326926,-0.0783478224532814,-0.057149743963101,-0.033384962242572,-0.00140896625252802,911.267569323987,1.00229905689545
"q_values[15,1,4]",0.180835418270132,0.00393718119402797,0.142481522172471,0.00289817321807924,0.0767317967353681,0.149377236941306,0.249402430015411,0.538170592289605,1309.6229837594,1.00161029928199
"q_values[15,1,5]",0,NA,0,0,0,0,0,0,NA,NA
"q_values[15,1,6]",0,NA,0,0,0,0,0,0,NA,NA
"q_values[15,1,7]",0.167306414127016,0.00349537211951533,0.123714200279386,0.00289555314110446,0.074975148935146,0.142987997136195,0.232508601191709,0.469334648807388,1252.71497365547,1.00155407521194
"q_values[15,1,8]",0.0885106825465719,0.00151617094074973,0.0468628556562561,0.00216433015761999,0.0513293222127721,0.0894929233912053,0.127129655615554,0.16503638975123,955.347038484165,1.00184822684719
"q_values[15,2,1]",0,NA,0,0,0,0,0,0,NA,NA
"q_values[15,2,2]",-0.193028149176874,0.00347272527741827,0.111258712738061,-0.411404347705933,-0.275804841273926,-0.186689095174445,-0.104779569807445,-0.00433180402827946,1026.42496199657,1.00159619680556
"q_values[15,2,3]",-0.292786224722277,0.00611690120915184,0.216499850488926,-0.821335635412929,-0.406890052085492,-0.250228994988342,-0.131206510636505,-0.0050672179969328,1252.71497365547,1.00155407521194
"q_values[15,2,4]",0.20913301765877,0.00436921514939416,0.154642750349233,0.00361944142638057,0.0937189361689325,0.178734996420244,0.290635751489637,0.586668311009235,1252.71497365548,1.00155407521194
"q_values[15,2,5]",0.141714615567001,0.00315331562283405,0.115420093777645,0.00217480894819808,0.058339339061626,0.114908085618279,0.194654045482224,0.434604118784201,1339.76294109076,1.00164414355429
"q_values[15,2,6]",-0.0674184020917687,0.00124499005620299,0.040576016345423,-0.152025825527957,-0.095981706007413,-0.0638269108019646,-0.0353795971073064,-0.00144463247818249,1062.20183708936,1.00153405987237
"q_values[15,2,7]",0.0427386870837886,0.000910575010253945,0.0327448509128317,0.000723889802597141,0.018770128219903,0.0359297162055575,0.0589127424754408,0.123795081259515,1293.16690066436,1.00161325849115
"q_values[15,2,8]",0,NA,0,0,0,0,0,0,NA,NA
"q_values[15,3,1]",-0.12098029249005,0.00248410865577658,0.0871600087069876,-0.330928028270322,-0.168409511541815,-0.104868018851611,-0.0555550435673871,-0.00217061834235946,1231.10006345227,1.00154542199394
"q_values[15,3,2]",-0.167306414127016,0.00349537211951533,0.123714200279386,-0.469334648807388,-0.232508601191709,-0.142987997136195,-0.074975148935146,-0.00289555314110446,1252.71497365547,1.00155407521194
"q_values[15,3,3]",-0.310260620796423,0.00621764865123901,0.214423185900493,-0.814764599346787,-0.434608310500756,-0.274475362623191,-0.146788331829892,-0.00578639014365431,1189.29922158774,1.00151224839508
"q_values[15,3,4]",0.23955043961017,0.00534983685997571,0.195763306370056,0.00362572619714773,0.0978756236707035,0.193658058879116,0.329413358267115,0.737336382486803,1339.00286300521,1.00163593387614
"q_values[15,3,5]",0.334612828254031,0.00699074423903067,0.247428400558773,0.00579110628220892,0.149950297870292,0.28597599427239,0.465017202383419,0.938669297614776,1252.71497365547,1.00155407521194
"q_values[15,3,6]",-0.1537774099839,0.00306644480988847,0.105408596881386,-0.400498705325172,-0.215614772368008,-0.136598757331084,-0.0732185011349238,-0.00289293306412968,1181.63068263622,1.00150887334652
"q_values[15,3,7]",0,NA,0,0,0,0,0,0,NA,NA
"q_values[15,3,8]",0,NA,0,0,0,0,0,0,NA,NA
"q_values[15,4,1]",0.122188031500778,0.00301185108316347,0.115197027359382,0.00145563338750425,0.0426982506494773,0.0902506049100357,0.165168204667554,0.426636961970591,1462.90308154416,1.00179248612204
"q_values[15,4,2]",-0.0833271017773342,0.0013847107015596,0.0419692730534006,-0.144597770943269,-0.119668345995779,-0.0865396946359998,-0.0504976561571928,-0.00211369964539859,918.638825531927,1.00216795603694
"q_values[15,4,3]",0,NA,0,0,0,0,0,0,NA,NA
"q_values[15,4,4]",0,NA,0,0,0,0,0,0,NA,NA
"q_values[15,4,5]",-0.211838818487393,0.00445615473284926,0.158364019631027,-0.600435499705679,-0.294014517254377,-0.180012844381266,-0.0940702657289769,-0.00361996544177553,1262.96846828424,1.00156277694388
"q_values[15,4,6]",0.125479810595262,0.00262152908963649,0.0927856502095398,0.00217166485582834,0.0562313617013595,0.107240997852146,0.174381450893782,0.352000986605541,1252.71497365548,1.00155407521194
"q_values[15,4,7]",-0.20913301765877,0.00436921514939416,0.154642750349233,-0.586668311009235,-0.290635751489637,-0.178734996420244,-0.0937189361689325,-0.00361944142638057,1252.71497365548,1.00155407521194
"q_values[15,4,8]",-0.310260620796423,0.00621764865123901,0.214423185900493,-0.814764599346787,-0.434608310500756,-0.274475362623191,-0.146788331829892,-0.00578639014365431,1189.29922158774,1.00151224839508
"q_values[15,5,1]",0,NA,0,0,0,0,0,0,NA,NA
"q_values[15,5,2]",0,NA,0,0,0,0,0,0,NA,NA
"q_values[15,5,3]",0.292786224722277,0.00611690120915184,0.216499850488926,0.0050672179969328,0.131206510636505,0.250228994988342,0.406890052085492,0.821335635412929,1252.71497365547,1.00155407521194
"q_values[15,5,4]",0.376439431785785,0.00786458726890949,0.278356950628619,0.00651499456748504,0.168694085104078,0.321722993556439,0.523144352681346,1.05600295981662,1252.71497365548,1.00155407521194
"q_values[15,5,5]",-0.114070629014908,0.00273787714099044,0.103489916782988,-0.385335395881262,-0.155031907373333,-0.0864170610269692,-0.041644261969344,-0.00145406134131939,1428.78921677304,1.00174357805571
"q_values[15,5,6]",-0.0152246370215394,0.000333258054866178,0.0152374454866109,-0.0252433844745824,-0.0237638180323104,-0.0193809805172058,-0.0113416417806347,0.0171075152337524,2090.56184374144,1.0049587830882
"q_values[15,5,7]",0.25637122284777,0.00541711743781512,0.193022887448346,0.0043443777424466,0.113165382522808,0.217037691626337,0.355520433317045,0.731536350603969,1269.64151443792,1.0015686818384
"q_values[15,5,8]",0.139008814738378,0.0030642709628197,0.111607375256356,0.00217428493280312,0.0579880095015816,0.113630237657257,0.191275279717483,0.420836930087758,1326.57392841517,1.00162921550918
"q_values[16,1,1]",0.307752627957949,0.00469024585587053,0.179555054237683,0.00314079324850667,0.171890281569704,0.302798133780648,0.428559408935813,0.688305293326768,1465.56151504901,1.00145821980486
"q_values[16,1,2]",0,NA,0,0,0,0,0,0,NA,NA
"q_values[16,1,3]",0,NA,0,0,0,0,0,0,NA,NA
"q_values[16,1,4]",0.746299162460313,0.0113983525062926,0.44655781721086,0.00733070970926118,0.407643161313852,0.726903814235047,1.04078599157704,1.71132661904063,1534.86868265812,1.0013271430596
"q_values[16,1,5]",0.303902358926479,0.00475248747076336,0.218659079570417,0.00210153461861408,0.137573952825701,0.273177346467802,0.428555403501029,0.827353466691443,2116.86455016127,1.00058122052188
"q_values[16,1,6]",-0.410336837277265,0.00625366114116069,0.239406738983577,-0.917740391102358,-0.57141254524775,-0.403730845040864,-0.229187042092939,-0.00418772433134223,1465.56151504902,1.00145821980486
"q_values[16,1,7]",-0.121227640756433,0.00186756376140391,0.0801046837035558,-0.306230709560093,-0.16909056833736,-0.11317661856906,-0.0609558805899298,-0.00104802944255017,1839.77597587019,1.00084150498179
"q_values[16,1,8]",-0.0694323655824101,0.00174348000584927,0.117096718966909,-0.394503116002308,-0.107862073423919,-0.0263624949225655,0.00910569303391513,0.0194526844030418,4510.82013371262,0.999482616592377
"q_values[16,2,1]",-0.28979751031393,0.00451687644188462,0.20432520475706,-0.774712999385691,-0.408148384804293,-0.262989928761035,-0.134291034000096,-0.00210043855390794,2046.29133015259,1.00064778444543
"q_values[16,2,2]",-0.400082257696186,0.00604003361319796,0.193393648351928,-0.726023906286957,-0.551009531985798,-0.423164214646943,-0.260220452011338,-0.00522588689652869,1025.19316435299,1.00274776391964
"q_values[16,2,3]",0,NA,0,0,0,0,0,0,NA,NA
"q_values[16,2,4]",0.0738854119553683,0.00109872711274358,0.0368420642029595,0.00104364977374258,0.048576607769693,0.0765399269461441,0.0991233202077859,0.143979129294588,1124.36735315176,1.00209267605047
"q_values[16,2,5]",0.292555901865062,0.00455693702895572,0.202415876393335,0.00210152888109288,0.136633449722974,0.268036122462611,0.413979370179315,0.766965605494564,1973.0727196038,1.00075346172868
"q_values[16,2,6]",-0.512921046596582,0.00781707642645087,0.299258423729471,-1.14717548887795,-0.714265681559688,-0.50466355630108,-0.286483802616174,-0.00523465541417779,1465.56151504901,1.00145821980486
"q_values[16,2,7]",-0.923257883873847,0.0140707375676116,0.538665162713048,-2.06491587998031,-1.28567822680744,-0.908394401341945,-0.515670844709113,-0.00942237974552002,1465.56151504901,1.00145821980486
"q_values[16,2,8]",0,NA,0,0,0,0,0,0,NA,NA
"q_values[16,3,1]",-0.410336837277265,0.00625366114116069,0.239406738983577,-0.917740391102358,-0.57141254524775,-0.403730845040864,-0.229187042092939,-0.00418772433134223,1465.56151504902,1.00145821980486
"q_values[16,3,2]",-0.414187106308735,0.00626129772012846,0.205979110997439,-0.778692217737683,-0.571416550682534,-0.433351632353711,-0.263503370836943,-0.00522698296123483,1082.22521762317,1.00251073349655
"q_values[16,3,3]",0.379368748501034,0.00575189821762575,0.213234344380428,0.00418444187474501,0.220278788718852,0.378309815925754,0.524767522479256,0.82020685038198,1374.33284442437,1.00161709960785
"q_values[16,3,4]",0,NA,0,0,0,0,0,0,NA,NA
"q_values[16,3,5]",0,NA,0,0,0,0,0,0,NA,NA
"q_values[16,3,6]",-0.083451677743351,0.00125293205533283,0.0444423861148656,-0.172464452121588,-0.113699925575837,-0.0846708550508347,-0.051483325354207,-0.00104474354344024,1258.1710714571,1.00180318240296
"q_values[16,3,7]",-0.130793906544415,0.0020241258791994,0.0878955553535062,-0.334716032387093,-0.18366717370541,-0.12130754667375,-0.0638625981744437,-0.00104912321224783,1885.6400506582,1.00081915872533
"q_values[16,3,8]",0.512921046596582,0.00781707642645087,0.299258423729471,0.00523465541417779,0.286483802616174,0.50466355630108,0.714265681559688,1.14717548887795,1465.56151504901,1.00145821980486
"q_values[16,4,1]",0.0568229581374385,0.00116472929834727,0.0532654677410113,-0.0839422280939657,0.0430114362703335,0.0748575899084262,0.0891819483276055,0.0932581246836996,2091.42112221649,1.00105566431886
"q_values[16,4,2]",0,NA,0,0,0,0,0,0,NA,NA
"q_values[16,4,3]",0.148749024188435,0.00227543453381801,0.0676795439674262,0.00208947790684657,0.101461845744052,0.161025397091599,0.204050731381366,0.247039755688172,884.679894395787,1.00331922130639
"q_values[16,4,4]",0.0602696634816679,0.000968538652043016,0.0238002016854115,0.000978944848105398,0.0470347557249626,0.0689459783240545,0.0798372982871201,0.0833011476851802,603.847622293331,1.00524267870382
"q_values[16,4,5]",-0.718089465235215,0.0109439069970312,0.41896179322126,-1.60604568442913,-0.999971954183563,-0.706528978821513,-0.401077323662643,-0.00732851757984891,1465.56151504901,1.00145821980486
"q_values[16,4,6]",0.0308825523246229,0.00121860298660451,0.073209340274379,-0.177145590466094,0.0163049848401135,0.0552694572497044,0.0731824822349583,0.0787874405040254,3609.17973415032,0.999860361754972
"q_values[16,4,7]",0,NA,0,0,0,0,0,0,NA,NA
"q_values[16,4,8]",-0.615505255915898,0.00938049171174106,0.359110108475366,-1.37661058665354,-0.857118817871625,-0.605596267561296,-0.343780563139409,-0.00628158649701335,1465.56151504901,1.00145821980486
"q_values[16,5,1]",0,NA,0,0,0,0,0,0,NA,NA
"q_values[16,5,2]",0.28339319976432,0.00437541613879483,0.12396569680407,0.00417785974898699,0.199569969048298,0.311568166527669,0.387497482464965,0.442248932915599,802.72044240104,1.0037490477007
"q_values[16,5,3]",-0.184170159337624,0.00312004507070588,0.0757178253408833,-0.24601211061731,-0.23925344102968,-0.215600931407103,-0.154408883746986,-0.00137426844917499,588.944715404635,1.00541091600353
"q_values[16,5,4]",0.718089465235215,0.0109439069970312,0.41896179322126,0.00732851757984891,0.401077323662643,0.706528978821513,0.999971954183563,1.60604568442913,1465.56151504901,1.00145821980486
"q_values[16,5,5]",0.820673674554531,0.0125073222823214,0.478813477967154,0.00837544866268446,0.458374084185878,0.807461690081729,1.1428250904955,1.83548078220472,1465.56151504902,1.00145821980486
"q_values[16,5,6]",0,NA,0,0,0,0,0,0,NA,NA
"q_values[16,5,7]",0.657819801753547,0.010063575551203,0.40061441870986,0.00628487469113176,0.353629319616222,0.636158520681598,0.918339873961834,1.53453198857079,1584.70536988024,1.00124039033719
"q_values[16,5,8]",0.0598660997944274,0.00162069158060631,0.109833998093884,-0.0209602645706265,-0.0118161659254849,0.0182315668178748,0.093285468055869,0.366017793175307,4592.75029258722,0.999448132955951
"q_values[17,1,1]",-0.104993779377943,0.00355122286236645,0.133258442128723,-0.454257800752624,-0.146323264174623,-0.0607454916231526,-0.0173189538559245,-0.000303863632765264,1408.10035398541,1.00210427026686
"q_values[17,1,2]",-0.0443697092762935,0.00171073090973363,0.0715569716029856,-0.218902424749469,-0.0561324903823922,-0.0215342125022086,-0.00587822774596558,-0.000101320366532646,1749.60696898463,1.00234007221702
"q_values[17,1,3]",0,NA,0,0,0,0,0,0,NA,NA
"q_values[17,1,4]",0,NA,0,0,0,0,0,0,NA,NA
"q_values[17,1,5]",0.138953464897042,0.00467573269956904,0.174743049952882,0.000405148090355413,0.02308084002734,0.0808577808941648,0.194311085254044,0.598221463923329,1396.69144148209,1.00208636022153
"q_values[17,1,6]",-0.0655833289227123,0.00211990785244698,0.0767086116756769,-0.271152217911029,-0.094205791456574,-0.0399181106844374,-0.0114988008365724,-0.000202561220184174,1309.34555508301,1.00191254663751
"q_values[17,1,7]",-0.0319308347255321,0.00101807035915119,0.0365407526103905,-0.129279228342209,-0.0462896166110801,-0.0198109839785562,-0.00573703474098391,-0.000101276763243645,1288.24774093875,1.00189700263472
"q_values[17,1,8]",0.104215098672782,0.00350679952467678,0.131057287464661,0.00030386106776656,0.017310630020505,0.0606433356706236,0.145733313940533,0.448666097942497,1396.69144148209,1.00208636022153
"q_values[17,2,1]",0,NA,0,0,0,0,0,0,NA,NA
"q_values[17,2,2]",0,NA,0,0,0,0,0,0,NA,NA
"q_values[17,2,3]",-0.0521075493363908,0.00175339976233839,0.0655286437323306,-0.224333048971248,-0.0728666569702666,-0.0303216678353118,-0.00865531501025251,-0.000151930533883279,1396.69144148209,1.00208636022153
"q_values[17,2,4]",-0.0401891311603928,0.00148097738337156,0.0598207760876085,-0.188697285651722,-0.0527074229521385,-0.0209295368912442,-0.00582847685477163,-0.000101304977579797,1631.5757191299,1.0023108899806
"q_values[17,2,5]",0.0218694238228131,0.000564604613715449,0.0228258264344019,6.08169706310565e-05,0.00538141068656523,0.0181862115538449,0.0376339805702148,0.0594539013074028,1634.42191103901,0.999657235144899
"q_values[17,2,6]",0.0868459155606513,0.00292233293723064,0.109214406220551,0.000253217556472133,0.0144255250170875,0.050536113058853,0.121444428283778,0.373888414952081,1396.6914414821,1.00208636022153
"q_values[17,2,7]",0.0466567844002585,0.00145365569318526,0.0510814907954886,0.000151912578892336,0.00859704816231589,0.0296065761676088,0.0687370053316392,0.185191129300358,1234.82103769537,1.00168633937823
"q_values[17,2,8]",-0.0240086798722837,0.000958669538096318,0.0412027071788011,-0.122594199959298,-0.0295124622828491,-0.0110204311063744,-0.00295987543120079,-5.06665955032419e-05,1847.1988435836,1.00235984775047
"q_values[17,3,1]",-0.104215098672782,0.00350679952467678,0.131057287464661,-0.448666097942497,-0.145733313940533,-0.0606433356706236,-0.017310630020505,-0.000303861067766558,1396.69144148209,1.00208636022153
"q_values[17,3,2]",-0.139732145602204,0.00472013408887092,0.176942459854983,-0.603813166733456,-0.194901035488134,-0.0809599368466938,-0.0230891638627595,-0.000405150655354117,1405.25600145014,1.00209989062131
"q_values[17,3,3]",0.0233039087043691,0.000614045384004887,0.022646533225967,6.97822111944525e-05,0.00544998585443878,0.0184358129669414,0.0391225917248318,0.0667197255273277,1360.1992019345,0.999777457178191
"q_values[17,3,4]",-0.019828101756383,0.000727902391375532,0.0293885761747973,-0.0923890608615517,-0.0260873948525955,-0.01041575549541,-0.00291012454000685,-5.06512065503922e-05,1630.08705738289,1.00232252499697
"q_values[17,3,5]",0,NA,0,0,0,0,0,0,NA,NA
"q_values[17,3,6]",0.069476732448521,0.00233786634978452,0.0873715249764408,0.000202574045177707,0.01154042001367,0.0404288904470824,0.0971555426270222,0.299110731961665,1396.69144148209,1.00208636022153
"q_values[17,3,7]",-0.0158118217018068,0.000498330057493393,0.0176691927556111,-0.0635942773701618,-0.0231089851885763,-0.00990291070671259,-0.00286845733257847,-5.06383812970138e-05,1257.18517469808,1.00176512046705
"q_values[17,3,8]",0,NA,0,0,0,0,0,0,NA,NA
"q_values[17,4,1]",0.0153403323185636,0.000477772377512736,0.016873927846813,5.06358169479253e-05,0.00286025357298593,0.00980591731931461,0.0225906811884142,0.06009324816192,1247.35565639523,1.00182402376556
"q_values[17,4,2]",0.0868459155606513,0.00292233293723064,0.109214406220551,0.000253217556472133,0.0144255250170875,0.050536113058853,0.121444428283778,0.373888414952081,1396.6914414821,1.00208636022153
"q_values[17,4,3]",-0.0347383662242605,0.00116893317489226,0.0436857624882204,-0.149555365980832,-0.0485777713135111,-0.0202144452235412,-0.00577021000683501,-0.000101287022588853,1396.69144148209,1.00208636022153
"q_values[17,4,4]",0.0355170469294223,0.00121352726372025,0.0459003710412204,0.00010128958758756,0.00577853384225453,0.0203166011760702,0.0491677215476007,0.155147068790959,1430.6497283437,1.00213709617918
"q_values[17,4,5]",0.122362962490074,0.00413567692473404,0.155100328136368,0.000354507144059693,0.020204058859342,0.0708527142349232,0.170612149831378,0.52903548374304,1406.47566967151,1.00210177546348
"q_values[17,4,6]",-0.00534035968022829,0.000410352924881479,0.0226397581957715,-0.0158030641162826,-0.0129392577373951,-0.00698637831053225,-0.00198086140328038,0.011762618928979,3043.88682951763,1.00121801743295
"q_values[17,4,7]",0,NA,0,0,0,0,0,0,NA,NA
"q_values[17,4,8]",0,NA,0,0,0,0,0,0,NA,NA
"q_values[17,5,1]",-0.0347383662242605,0.00116893317489226,0.0436857624882204,-0.149555365980832,-0.0485777713135111,-0.0202144452235412,-0.00577021000683501,-0.000101287022588853,1396.69144148209,1.00208636022153
"q_values[17,5,2]",0.087624596265813,0.00296677373490084,0.111416946337746,0.00025322012147084,0.014433848852507,0.050638269011382,0.122034378517867,0.379480117762208,1410.37191659521,1.00210772813672
"q_values[17,5,3]",0.0349841192817954,0.00118821033204412,0.0448491453253812,0.000101287023108547,0.00577030606749658,0.020218575275646,0.0486350883006532,0.15122790486234,1424.69432251549,1.00214866706449
"q_values[17,5,4]",0.069476732448521,0.00233786634978452,0.0873715249764408,0.000202574045177707,0.01154042001367,0.0404288904470824,0.0971555426270222,0.299110731961665,1396.69144148209,1.00208636022153
"q_values[17,5,5]",0.139732145602204,0.00472013408887092,0.176942459854983,0.00040515065535412,0.0230891638627595,0.0809599368466938,0.194901035488134,0.603813166733456,1405.25600145014,1.00209989062131
"q_values[17,5,6]",0,NA,0,0,0,0,0,0,NA,NA
"q_values[17,5,7]",0,NA,0,0,0,0,0,0,NA,NA
"q_values[17,5,8]",-0.0292751300152648,0.00126683741746814,0.0575960613258987,-0.160481715469057,-0.03359912618112,-0.0117324252349988,-0.00301807023364123,-5.06845501044153e-05,2067.01584783594,1.00238137298273
"q_values[18,1,1]",-0.00565541440561531,0.000494366820086444,0.0260942456498517,-0.0148788722062101,-0.013870717475606,-0.0106605370793948,-0.00470342149532862,0.0337913529320176,2786.06255326471,0.999378788629149
"q_values[18,1,2]",0.254181846879054,0.00531176158408054,0.215033619533445,0.00359796671058428,0.0971576059962146,0.208449052105446,0.358273449540045,0.766371086332093,1638.83633042853,1.00066651938011
"q_values[18,1,3]",0.0874639812793914,0.00186264794560754,0.0765658443035473,0.00119964188154005,0.0326189452189575,0.0705558817696582,0.12259386271972,0.269958879802769,1689.6960792282,1.00060273029837
"q_values[18,1,4]",-0.0469064084097055,0.000878148040578034,0.0323595764744402,-0.119393944986495,-0.0684964800231499,-0.042566986174871,-0.0207748111728359,-0.000798429401532416,1357.90749221044,1.00109935700138
"q_values[18,1,5]",0,NA,0,0,0,0,0,0,NA,NA
"q_values[18,1,6]",0,NA,0,0,0,0,0,0,NA,NA
"q_values[18,1,7]",0.112969709724024,0.00236078292625801,0.0955704975704199,0.00159909631581523,0.0431811582205398,0.0926440231579759,0.15923264424002,0.340609371703152,1638.83633042853,1.00066651938011
"q_values[18,1,8]",-0.0257949834555394,0.000509658407707315,0.0200038276121441,-0.0725027938395825,-0.0368280322968619,-0.0221254143178134,-0.0105659871949213,-0.000399454625960825,1540.52170060201,1.00077654296939
"q_values[18,2,1]",0,NA,0,0,0,0,0,0,NA,NA
"q_values[18,2,2]",0,NA,0,0,0,0,0,0,NA,NA
"q_values[18,2,3]",0.0633157820868762,0.00112498560616978,0.0400862146245082,0.00115685634657943,0.0304582885133224,0.0608055073132293,0.0942796391255539,0.140197447246912,1269.68550940746,1.00120882386956
"q_values[18,2,4]",0.0765171853338981,0.00150069443511184,0.0577741235780306,0.00119836330282554,0.0316866390047471,0.0662644241649531,0.109916344560899,0.211951475701152,1482.1159734926,1.00089926777713
"q_values[18,2,5]",-0.197696992017042,0.00413137012095153,0.167248370748235,-0.596066400480517,-0.278657127420035,-0.162127040526458,-0.0755670268859447,-0.00279841855267665,1638.83633042853,1.00066651938011
"q_values[18,2,6]",0.14121213715503,0.00295097865782252,0.119463121963025,0.00199887039476904,0.0539764477756748,0.11580502894747,0.199040805300025,0.425761714628941,1638.83633042853,1.00066651938011
"q_values[18,2,7]",0.157139419147356,0.00313179791002192,0.122233016496363,0.00239720607266902,0.0637228928398232,0.134138144931671,0.224586758431356,0.44565572794041,1523.31458103496,1.00083549974128
"q_values[18,2,8]",-0.163287745478885,0.0033362187870413,0.133373517148712,-0.478981467849348,-0.231367102656079,-0.136370843902846,-0.0641978523980525,-0.00239784580929278,1598.19644620857,1.00071272885907
"q_values[18,3,1]",0,NA,0,0,0,0,0,0,NA,NA
"q_values[18,3,2]",0.0915582095178822,0.00169079802187879,0.0618313394053715,0.00159653947786228,0.0413228361143508,0.0841103358703651,0.134106339533927,0.226613484847777,1337.31540265265,1.00110978604098
"q_values[18,3,3]",0.14121213715503,0.00295097865782252,0.119463121963025,0.00199887039476904,0.0539764477756748,0.11580502894747,0.199040805300025,0.425761714628941,1638.83633042853,1.00066651938011
"q_values[18,3,4]",-0.0847272822930181,0.00177058719469351,0.0716778731778149,-0.255457028777364,-0.119424483180015,-0.0694830173684819,-0.0323858686654049,-0.00119932223686142,1638.83633042852,1.00066651938011
"q_values[18,3,5]",-0.0478999047960856,0.00129785899520446,0.060228034844863,-0.188359319798724,-0.0630107552781082,-0.0310956700098288,-0.0125320411267625,-0.000402170838986582,2153.48753874731,1.00014168467281
"q_values[18,3,6]",0.185381846578362,0.00372021824784809,0.146020159296931,0.00279698015162283,0.0745181823949581,0.157299150721165,0.264394919491361,0.530808070866198,1540.59611539081,1.00080921508366
"q_values[18,3,7]",0.104759612764904,0.00208786527334794,0.0814886776642419,0.00159813738177935,0.0424819285598821,0.0894254299544471,0.149724505620904,0.29710381862694,1523.31458103496,1.00083549974128
"q_values[18,3,8]",0,NA,0,0,0,0,0,0,NA,NA
"q_values[18,4,1]",0.213624274009368,0.00430916057348105,0.169836917427085,0.00319675423057664,0.0853134719500931,0.180460156510659,0.304203080551366,0.615960413791986,1553.38405213141,1.00078995193795
"q_values[18,4,2]",0,NA,0,0,0,0,0,0,NA,NA
"q_values[18,4,3]",0,NA,0,0,0,0,0,0,NA,NA
"q_values[18,4,4]",0.114338059217211,0.00240780048933747,0.0979990261234262,0.00159925613815455,0.0432976964973161,0.093180455358564,0.160817334009873,0.347860297215855,1656.5422727174,1.00064180784403
"q_values[18,4,5]",0.0681250719419095,0.00157647913932046,0.0682687922466942,0.000800986111694937,0.0226306171501323,0.0510629312154578,0.0934369449033721,0.231240977607765,1875.2880356019,1.00041751439465
"q_values[18,4,6]",-0.183638643978369,0.00401393904785669,0.167788662496171,-0.585117332376856,-0.255712801498723,-0.144754970154946,-0.0660423357953321,-0.00240040194439836,1747.36518120459,1.00054843659018
"q_values[18,4,7]",-0.225939419448048,0.00472156585251603,0.19114099514084,-0.681218743406305,-0.31846528848004,-0.185288046315952,-0.0863623164410797,-0.00319819263163046,1638.83633042853,1.00066651938011
"q_values[18,4,8]",0.112969709724024,0.00236078292625801,0.0955704975704199,0.00159909631581523,0.0431811582205398,0.0926440231579759,0.15923264424002,0.340609371703152,1638.83633042853,1.00066651938011
"q_values[18,5,1]",-0.0372423638614991,0.000900311410665806,0.0398225664754991,-0.132204217636306,-0.0505224878958492,-0.0268414853346195,-0.0116035091058911,-0.000400892451957714,1956.46905354167,1.0003410765484
"q_values[18,5,2]",0.0515899669110789,0.00101931681541463,0.0400076552242882,0.000798909251921652,0.0211319743898426,0.0442508286356268,0.0736560645937237,0.145005587679165,1540.52170060201,1.00077654296939
"q_values[18,5,3]",-0.14531718563459,0.00308917853222485,0.12678790991504,-0.447514491167047,-0.203794874609583,-0.117414325549234,-0.0543260626060037,-0.00199934986178698,1684.4947779609,1.00060880956156
"q_values[18,5,4]",0,NA,0,0,0,0,0,0,NA,NA
"q_values[18,5,5]",0.112969709724024,0.00236078292625801,0.0955704975704199,0.00159909631581523,0.0431811582205398,0.0926440231579759,0.15923264424002,0.340609371703152,1638.83633042853,1.00066651938011
"q_values[18,5,6]",0.0241373789514461,0.000458792339566913,0.0171537832830297,0.000399294611935866,0.0104456747248061,0.0215517091877296,0.0350540917504471,0.0633286623981748,1397.93675037023,1.00103324809571
"q_values[18,5,7]",0,NA,0,0,0,0,0,0,NA,NA
"q_values[18,5,8]",-0.14121213715503,0.00295097865782252,0.119463121963025,-0.42576171462894,-0.199040805300025,-0.11580502894747,-0.0539764477756748,-0.00199887039476904,1638.83633042853,1.00066651938011
"q_values[19,1,1]",0.130992542140497,0.0035056216207828,0.142950589837717,0.000438634056377534,0.0293963878342148,0.0908240980957892,0.187465890314603,0.480837089515136,1662.80693027887,1.00052891353206
"q_values[19,1,2]",-0.0305224118763648,0.000720099751321458,0.0270201243418143,-0.0777324526875325,-0.0496771961968133,-0.0271161053958646,-0.00936485879046611,-0.00012146255960737,1407.95691324702,1.0003786030978
"q_values[19,1,3]",-0.0470557619652977,0.00133581651471404,0.0575040977770692,-0.181090106709403,-0.0655087545620949,-0.0309725238878236,-0.00987116106675907,-0.000146227386898057,1853.12182546057,1.0005718985598
"q_values[19,1,4]",-0.0134790217981722,0.000340710022740377,0.0160206676275533,-0.0310384249056951,-0.0227306208493863,-0.0130488910153259,-0.00455561351432181,-5.11932077531173e-05,2211.01353860607,1.00044109816516
"q_values[19,1,5]",0,NA,0,0,0,0,0,0,NA,NA
"q_values[19,1,6]",0,NA,0,0,0,0,0,0,NA,NA
"q_values[19,1,7]",0.0488848485626096,0.00142033197071783,0.061797487275874,0.000146238074792553,0.00991881645314576,0.0314203973678015,0.0673696662353339,0.192390740754637,1893.04922840767,1.00058619211444
"q_values[19,1,8]",0.196488813210745,0.0052584324311742,0.214425884756576,0.000657951084566301,0.0440945817513222,0.136236147143684,0.281198835471905,0.721255634272704,1662.80693027887,1.00052891353206
"q_values[19,2,1]",0,NA,0,0,0,0,0,0,NA,NA
"q_values[19,2,2]",0,NA,0,0,0,0,0,0,NA,NA
"q_values[19,2,3]",-0.0124348882283501,0.000356841025118574,0.017809842742541,-0.0276640039330743,-0.0215147602581451,-0.0126158227781742,-0.00442938718917432,-4.54655541864294e-05,2490.98213499007,1.00050045819072
"q_values[19,2,4]",-0.130992542140497,0.0035056216207828,0.142950589837717,-0.480837089515136,-0.187465890314603,-0.0908240980957892,-0.0293963878342148,-0.000438634056377533,1662.80693027887,1.00052891353206
"q_values[19,2,5]",-0.0285205382508313,0.000689978102010676,0.027652420783553,-0.0680580899226938,-0.0472399407538413,-0.026507928231486,-0.00924429511488126,-0.000114858943365838,1606.18549065666,1.0004353613135
"q_values[19,2,6]",0.10080738322517,0.00258826580971381,0.099038508020232,0.000365485624047878,0.0243049570483937,0.0738536316090962,0.148411917453424,0.349318837129933,1464.16637032208,1.00047006282932
"q_values[19,2,7]",0.109160451783747,0.00292135135065234,0.119125491531431,0.000365528380314612,0.0244969898618457,0.0756867484131577,0.156221575262169,0.400697574595947,1662.80693027886,1.00052891353206
"q_values[19,2,8]",0.0782924658509393,0.00236223518079784,0.104213964480299,0.000219386503605646,0.015009188788038,0.0483596466913821,0.106149130759671,0.319276842176032,1946.28111523006,1.00060879461774
"q_values[19,3,1]",0.0492221015236478,0.00115980993738523,0.041935560059585,0.000199989358814151,0.0141587413919727,0.0415912775375825,0.0780918611295097,0.137442857585462,1307.34811180585,1.00035024973843
"q_values[19,3,2]",0,NA,0,0,0,0,0,0,NA,NA
"q_values[19,3,3]",-0.196488813210745,0.0052584324311742,0.214425884756576,-0.721255634272704,-0.281198835471905,-0.136236147143684,-0.0440945817513222,-0.000657951084566299,1662.80693027887,1.00052891353206
"q_values[19,3,4]",0.0602756032211376,0.00154425836835273,0.0589611399495342,0.000219290305522059,0.0145781734086999,0.0442663510453562,0.0888519090268356,0.208306833841309,1457.77942442751,1.00046716853673
"q_values[19,3,5]",0,NA,0,0,0,0,0,0,NA,NA
"q_values[19,3,6]",0.0827124481766625,0.0021615573658794,0.0851334755154237,0.000292395984320085,0.0194783946206804,0.0594279807437418,0.12030973056348,0.292049132843461,1551.19785455222,1.00050114250876
"q_values[19,3,7]",0.101851516794992,0.00263225106200914,0.101385880346672,0.00036549096858122,0.0243289611500752,0.0740827712096039,0.149388124679517,0.355741179313185,1483.54366689071,1.00047853975839
"q_values[19,3,8]",-0.174656722853996,0.00467416216104374,0.19060078645029,-0.641116119353515,-0.249954520419471,-0.121098797461052,-0.0391951837789531,-0.000584845408503377,1662.80693027887,1.00052891353206
"q_values[19,4,1]",-0.130992542140497,0.0035056216207828,0.142950589837717,-0.480837089515136,-0.187465890314603,-0.0908240980957892,-0.0293963878342148,-0.000438634056377533,1662.80693027887,1.00052891353206
"q_values[19,4,2]",-0.143427430368847,0.00372077766796588,0.143851990045984,-0.50317552478506,-0.209924340332198,-0.103899191373852,-0.0340797488914505,-0.00051169163164038,1494.73536117846,1.00048324169039
"q_values[19,4,3]",0,NA,0,0,0,0,0,0,NA,NA
"q_values[19,4,4]",0,NA,0,0,0,0,0,0,NA,NA
"q_values[19,4,5]",-0.0509731157022539,0.00153285198666164,0.0677709934412248,-0.205235425121141,-0.0693220806875203,-0.0318786765688168,-0.00996682465650876,-0.000146248763859236,1954.7321756903,1.00060112372894
"q_values[19,4,6]",0.0654962710702483,0.0017528108103914,0.0714752949188587,0.000219317028188767,0.0146981939171074,0.0454120490478946,0.0937329451573016,0.240418544757568,1662.80693027887,1.00052891353206
"q_values[19,4,7]",0.0137382023405046,0.000334893878280431,0.0143437493841481,5.4245207627914e-05,0.00457368150065531,0.0131006949548462,0.0228804621255268,0.0318200861562818,1834.47145915626,1.00046815425549
"q_values[19,4,8]",-0.0753328521696944,0.00221087713274886,0.0963687065286691,-0.301039182507123,-0.103281510934023,-0.0476791650372174,-0.014937411694311,-0.000219370470787079,1899.95294074196,1.00059502767006
"q_values[19,5,1]",-0.0773347257952279,0.00231442541056519,0.101766877441871,-0.313369183433203,-0.105203424459894,-0.0481339756645536,-0.0149853022920153,-0.000219381159463033,1933.42139615011,1.00060462841045
"q_values[19,5,2]",-0.111248718923392,0.0030045419111636,0.124528457266759,-0.41354225896245,-0.158173989714356,-0.076145027614173,-0.0245449980652087,-0.000365539069381294,1717.8319767514,1.00054056090434
"q_values[19,5,3]",0.130992542140497,0.0035056216207828,0.142950589837717,0.000438634056377534,0.0293963878342148,0.0908240980957892,0.187465890314603,0.480837089515136,1662.80693027887,1.00052891353206
"q_values[19,5,4]",0.102542664907878,0.00267034027931409,0.104237471992867,0.000365490971707054,0.0243299019953453,0.0741105197990371,0.149632132090044,0.35985864683657,1523.75283601188,1.00049448404221
"q_values[19,5,5]",-0.15491289963689,0.00417069966932472,0.172161245596962,-0.573821288800829,-0.220662619819224,-0.106419726979436,-0.0343437940099469,-0.000511750421507138,1703.93473879995,1.00053734697342
"q_values[19,5,6]",-0.0873283614269978,0.00233708108052187,0.095300393225145,-0.320558059676757,-0.124977260209736,-0.0605493987305261,-0.0195975918894765,-0.000292422704251688,1662.80693027887,1.00052891353206
"q_values[19,5,7]",0,NA,0,0,0,0,0,0,NA,NA
"q_values[19,5,8]",0,NA,0,0,0,0,0,0,NA,NA
"q_values[20,1,1]",0.130896661434349,0.00303865184501728,0.12119838886631,0.000827944466426432,0.0411313307119915,0.0981043462684318,0.185403944024634,0.443272017520058,1590.85942918655,1.00123568225588
"q_values[20,1,2]",-0.0365612619945425,0.000756002502745468,0.0286579582524664,-0.104092771182078,-0.0541625082928515,-0.0305626776689552,-0.0133344909636111,-0.000275829141725618,1436.95783559647,1.00171821574942
"q_values[20,1,3]",0,NA,0,0,0,0,0,0,NA,NA
"q_values[20,1,4]",0.116674670617039,0.0031201966859863,0.131458797736302,0.000552648413332147,0.0290972104353705,0.0748175443541852,0.156560992722107,0.472649859247719,1775.06953220354,1.00085601530322
"q_values[20,1,5]",-0.00988348373709741,0.0005621980746795,0.0290437996650991,-0.025501672183391,-0.0231138145834022,-0.0164173704414699,-0.00662440071710465,0.0576619174098727,2668.87452947641,1.00024694473889
"q_values[20,1,6]",0,NA,0,0,0,0,0,0,NA,NA
"q_values[20,1,7]",-0.19694822693986,0.00429360485671804,0.16604160423833,-0.607792991892939,-0.28609015422831,-0.157090930519153,-0.067424360032161,-0.00137945040279447,1495.51128457299,1.00148601729967
"q_values[20,1,8]",-0.174528881912465,0.00405153579335637,0.161597851821747,-0.59102935669341,-0.247205258699511,-0.130805795024576,-0.0548417742826553,-0.00110392595523524,1590.85942918655,1.00123568225588
"q_values[20,2,1]",0,NA,0,0,0,0,0,0,NA,NA
"q_values[20,2,2]",-0.183689411661299,0.00334615791061609,0.122591674921283,-0.407047285102193,-0.28368099487467,-0.171695451968757,-0.0779598243598028,-0.00165413710960927,1342.2366496501,1.00236639907299
"q_values[20,2,3]",0.0828458600258588,0.00249818886504036,0.109139675740351,0.000276895403094845,0.0159455412960542,0.045254311212007,0.105745799171347,0.383937580374704,1908.59939448625,1.00064666860445
"q_values[20,2,4]",0,NA,0,0,0,0,0,0,NA,NA
"q_values[20,2,5]",-0.305425543346813,0.00709018763837366,0.282796240688057,-1.03430137421347,-0.432609202724145,-0.228910141293007,-0.0959731049946467,-0.00193187042166166,1590.85942918655,1.00123568225588
"q_values[20,2,6]",-0.022419345027395,0.000393447699020047,0.0164357172117672,-0.0415821194522992,-0.0357771549281958,-0.0244721957850942,-0.0114646808536987,-8.39589554385314e-06,1745.03162097984,1.00208605057524
"q_values[20,2,7]",0.15210953688507,0.00383630075041101,0.158739354569994,0.000828401507676005,0.0422591885331495,0.104520659529998,0.208320363170713,0.574265721493882,1712.15834441703,1.00098016623218
"q_values[20,2,8]",0.174528881912465,0.00405153579335637,0.161597851821747,0.00110392595523524,0.0548417742826553,0.130805795024576,0.247205258699511,0.591029356693411,1590.85942918655,1.00123568225588
"q_values[20,3,1]",-0.209963748180495,0.00478205571849951,0.189544429653009,-0.692645218939574,-0.298964629148116,-0.160508910200389,-0.0680037523804344,-0.00137967904957909,1571.06005891566,1.00129143551622
"q_values[20,3,2]",-0.261793322868697,0.00607730369003456,0.24239677773262,-0.886544035040115,-0.370807888049267,-0.196208692536864,-0.0822626614239829,-0.00165588893285285,1590.85942918655,1.00123568225588
"q_values[20,3,3]",0.305425543346813,0.00709018763837366,0.282796240688057,0.00193187042166168,0.0959731049946467,0.228910141293007,0.432609202724145,1.03430137421347,1590.85942918655,1.00123568225588
"q_values[20,3,4]",0.232303019357729,0.00559049189827798,0.226735968852237,0.00138021213821044,0.0693041230674245,0.167784785955097,0.324284186138442,0.826115831849313,1644.90491088641,1.00111514768944
"q_values[20,3,5]",0,NA,0,0,0,0,0,0,NA,NA
"q_values[20,3,6]",0,NA,0,0,0,0,0,0,NA,NA
"q_values[20,3,7]",-0.0542386582034768,0.00141452552602745,0.0593081368696088,-0.213254191160265,-0.0732595242479174,-0.0359096053869271,-0.0142743724812428,-0.000276210009433595,1757.95188503652,1.00089658358701
"q_values[20,3,8]",0.0955399411974436,0.00234599603628355,0.0962886415887751,0.000552115387780729,0.0278045714672275,0.0676465801247027,0.131949568405165,0.348856933867842,1684.59524958758,1.00104158850255
"q_values[20,4,1]",-0.305425543346813,0.00709018763837366,0.282796240688057,-1.03430137421347,-0.432609202724145,-0.228910141293007,-0.0959731049946467,-0.00193187042166166,1590.85942918655,1.00123568225588
"q_values[20,4,2]",0,NA,0,0,0,0,0,0,NA,NA
"q_values[20,4,3]",0,NA,0,0,0,0,0,0,NA,NA
"q_values[20,4,4]",-0.392689984303046,0.00911595553505184,0.36359516659893,-1.32981605256017,-0.556211832073901,-0.294313038805295,-0.123393992135974,-0.00248383339927928,1590.85942918655,1.00123568225588
"q_values[20,4,5]",0.112897825156364,0.00196877633266281,0.0715868945260779,0.00088521145192332,0.0507582225890365,0.110261985169246,0.175346259508385,0.228496274827609,1322.1303842875,1.00264182016574
"q_values[20,4,6]",0.042909266489853,0.000758547090409824,0.0320433345878481,6.15342658319693e-06,0.0225026606534138,0.0475809880567401,0.0686547966177155,0.078722088526281,1784.47437339622,1.00200322885333
"q_values[20,4,7]",-0.0660515655055112,0.00126511223338236,0.0468903333688872,-0.161644099785711,-0.100686210203677,-0.0589865842507215,-0.0262930293201696,-0.000551505936368046,1373.75260882659,1.0020993876723
"q_values[20,4,8]",0.108477316406954,0.0028290510520549,0.118616273739218,0.000552420018867194,0.0285487449624857,0.0718192107738542,0.146519048495835,0.42650838232053,1757.95188503652,1.00089658358701
"q_values[20,5,1]",0.0990773482582668,0.00189766835007354,0.0703355000533307,0.000827258904552074,0.0394395439802544,0.0884798763760823,0.151029315305515,0.242466149678566,1373.75260882659,1.0020993876723
"q_values[20,5,2]",0.0188838657856081,0.000406448854377058,0.0188513528304957,-0.00506864879610888,0.0100859076142204,0.0222534063652372,0.0315147265159207,0.0356720176775539,2151.16258854098,1.00120217789789
"q_values[20,5,3]",0.132502717111199,0.00311122635498222,0.125158149566273,0.000827944550532988,0.0411416396704543,0.0982442283020665,0.186348120922478,0.456175600893207,1618.28515073698,1.00118152270823
"q_values[20,5,4]",0.174528881912465,0.00405153579335637,0.161597851821747,0.00110392595523524,0.0548417742826553,0.130805795024576,0.247205258699511,0.591029356693411,1590.85942918655,1.00123568225588
"q_values[20,5,5]",-0.0872644409562324,0.00202576789667819,0.0807989259108734,-0.295514678346705,-0.123602629349756,-0.0654028975122878,-0.0274208871413276,-0.000551962977617618,1590.85942918655,1.00123568225588
"q_values[20,5,6]",-0.0965862630737938,0.00304927439154202,0.134386483722486,-0.468040820513966,-0.120787367710938,-0.0494968828779759,-0.0166948692705439,-0.000277200076234586,1942.30830983211,1.00058555818133
"q_values[20,5,7]",0,NA,0,0,0,0,0,0,NA,NA
"q_values[20,5,8]",0,NA,0,0,0,0,0,0,NA,NA
"q_values[21,1,1]",-0.243762869106571,0.00354707519052395,0.233434316736847,-0.853713360156288,-0.333239447043737,-0.179112970768532,-0.0812835928820197,-0.00371799801549832,4331.00428117833,0.999486748490388
"q_values[21,1,2]",0,NA,0,0,0,0,0,0,NA,NA
"q_values[21,1,3]",0,NA,0,0,0,0,0,0,NA,NA
"q_values[21,1,4]",-0.154048942100857,0.0024937946604678,0.165318636844482,-0.594646184465061,-0.206669562625921,-0.103753943992547,-0.0440986047975028,-0.00186755943373832,4394.6293284766,0.999530846471732
"q_values[21,1,5]",-0.314437659083185,0.004919134883847,0.324974473550588,-1.18442396183009,-0.429157865314592,-0.215442152913748,-0.0905513238698187,-0.00374191651714291,4364.36470966239,0.999518680917296
"q_values[21,1,6]",0.00388007569570893,0.0028036025584373,0.152259023422557,-0.0678357194008476,-0.0622037948906337,-0.0426631119044849,-0.00615258954962644,0.41905266963426,2949.39666346747,1.00038354017598
"q_values[21,1,7]",0.807425343051424,0.0100118862733727,0.624811297296166,0.0166539472358401,0.334664892760652,0.678231240983866,1.13912895976035,2.33160458122105,3894.62754827857,0.999471583130961
"q_values[21,1,8]",0.71771141604571,0.00889945446522015,0.555387819818814,0.0148035086540801,0.297479904676135,0.602872214207881,1.01255907534253,2.07253740552982,3894.62754827856,0.999471583130961
"q_values[21,2,1]",0,NA,0,0,0,0,0,0,NA,NA
"q_values[21,2,2]",-0.371722711041884,0.00470187005741091,0.296088180713651,-1.10338450451968,-0.522299473312886,-0.307115090547253,-0.150122675680665,-0.00740517849743567,3965.52687727127,0.999465445897807
"q_values[21,2,3]",-0.640864492059025,0.00803752794239801,0.504318478449082,-1.88058603159336,-0.902009126566334,-0.533192170875209,-0.261677639934215,-0.0129564942427157,3936.99416266992,0.99946759647249
"q_values[21,2,4]",-0.00656264842874641,0.00263605810552327,0.139707106961362,-0.0725119631989022,-0.0667462722279972,-0.0479596673102843,-0.0111689348838222,0.36932436920569,2808.8402565795,1.00047342790319
"q_values[21,2,5]",-0.280685207815246,0.00421900180372739,0.277901056484993,-1.01785155921818,-0.385153341194852,-0.199261128073303,-0.0865059869446225,-0.00373165667873718,4338.71350397256,0.999502264686741
"q_values[21,2,6]",0.538283562034283,0.00667459084891511,0.416540864864111,0.01110263149056,0.223109928507101,0.452154160655911,0.759419306506897,1.55440305414737,3894.62754827856,0.999471583130961
"q_values[21,2,7]",0.807425343051424,0.0100118862733727,0.624811297296166,0.0166539472358401,0.334664892760652,0.678231240983866,1.13912895976035,2.33160458122105,3894.62754827857,0.999471583130961
"q_values[21,2,8]",0,NA,0,0,0,0,0,0,NA,NA
"q_values[21,3,1]",-0.0382459149295992,0.000805630096951038,0.0305755777171534,-0.0624482139160703,-0.0581851979564071,-0.046030578611915,-0.0257137061337238,0.00939603132783866,1440.38297225245,1.00180891371696
"q_values[21,3,2]",-0.422480534863025,0.0048107217869856,0.26095603136832,-0.947649765565163,-0.615239885732308,-0.401043309666099,-0.210665418423727,-0.0110718139569991,2942.48457457018,0.999712247086667
"q_values[21,3,3]",0.467608772057669,0.00545796236239497,0.32855664730173,0.0110787129889155,0.213842197519302,0.415824978510696,0.663500888236042,1.22369245247357,3623.7601382297,0.999503477271115
"q_values[21,3,4]",0,NA,0,0,0,0,0,0,NA,NA
"q_values[21,3,5]",-0.538283562034283,0.00667459084891511,0.416540864864111,-1.55440305414737,-0.759419306506897,-0.452154160655911,-0.223109928507101,-0.01110263149056,3894.62754827856,0.999471583130961
"q_values[21,3,6]",0.627997489039997,0.00778702265706762,0.485964342341462,0.01295307007232,0.260294916591618,0.527513187431896,0.885989190924713,1.81347022983859,3894.62754827857,0.999471583130961
"q_values[21,3,7]",0,NA,0,0,0,0,0,0,NA,NA
"q_values[21,3,8]",-0.189124969589721,0.00246981568686356,0.159236352523894,-0.58768435668724,-0.261250334445878,-0.152429904530956,-0.0745756423742244,-0.00370090250908253,4156.76385222631,0.999453239050207
"q_values[21,4,1]",0.131352602923324,0.00315058989387668,0.122940123699206,-0.117219021292282,0.0907510125998254,0.164776905757505,0.205840665204032,0.219393278970236,1522.66210816717,1.00174721656361
"q_values[21,4,2]",0.268786686889655,0.00306488087680004,0.15875788948221,0.00737778513427039,0.139060888939887,0.261278889815244,0.394128266360036,0.55869345001282,2683.14062434232,0.999835614000575
"q_values[21,4,3]",-0.538283562034283,0.00667459084891511,0.416540864864111,-1.55440305414737,-0.759419306506897,-0.452154160655911,-0.223109928507101,-0.01110263149056,3894.62754827856,0.999471583130961
"q_values[21,4,4]",0.448569635028569,0.00556215904076259,0.347117387386759,0.00925219290880003,0.185924940422584,0.376795133879926,0.632849422089081,1.29533587845614,3894.62754827857,0.999471583130961
"q_values[21,4,5]",0,NA,0,0,0,0,0,0,NA,NA
"q_values[21,4,6]",-0.555421155167696,0.00754856103215115,0.487814588438014,-1.81000638406804,-0.774800005882237,-0.429733303610332,-0.199289424886877,-0.00928637758524095,4176.19939892531,0.999472288085257
"q_values[21,4,7]",0.576884571091369,0.00742355608792381,0.471981064660401,0.011112904001747,0.227258098534893,0.469191110985848,0.80747911343176,1.75575045941167,4042.26855171532,0.999462663993884
"q_values[21,4,8]",0,NA,0,0,0,0,0,0,NA,NA
"q_values[21,5,1]",0.71771141604571,0.00889945446522015,0.555387819818814,0.0148035086540801,0.297479904676135,0.602872214207881,1.01255907534253,2.07253740552982,3894.62754827856,0.999471583130961
"q_values[21,5,2]",-0.179427854011428,0.00222486361630504,0.138846954954704,-0.518134351382455,-0.253139768835632,-0.15071805355197,-0.0743699761690338,-0.00370087716352,3894.62754827856,0.999471583130961
"q_values[21,5,3]",-0.576884571091369,0.00742355608792381,0.471981064660401,-1.75575045941167,-0.80747911343176,-0.469191110985848,-0.227258098534893,-0.011112904001747,4042.26855171532,0.999462663993884
"q_values[21,5,4]",-0.218028863068514,0.00299621055272593,0.195070192790422,-0.719481756646755,-0.301199575760495,-0.167755003881908,-0.0785181461968253,-0.00371114967470699,4238.74380268907,0.999469395625629
"q_values[21,5,5]",0,NA,0,0,0,0,0,0,NA,NA
"q_values[21,5,6]",0,NA,0,0,0,0,0,0,NA,NA
"q_values[21,5,7]",-0.0503673094024657,0.00056352187489549,0.0241163147309926,-0.0799263941621443,-0.0726283488641398,-0.0547829067264678,-0.0319111774706164,-0.00183677358213051,1831.47218599336,1.00039354008825
"q_values[21,5,8]",0.377894845051955,0.00435598281962609,0.259366558353176,0.00922827440715544,0.176657209434785,0.34046595173471,0.536931003818226,0.964625276782341,3545.32164444461,0.999517578948484
"q_values[22,1,1]",0,NA,0,0,0,0,0,0,NA,NA
"q_values[22,1,2]",0.0389915183099346,0.00133809459518049,0.0564117509199441,6.33592928156425e-05,0.00566530040818829,0.0204625984538826,0.0507460393161865,0.183355381777528,1777.31958388369,1.00126173382086
"q_values[22,1,3]",0.0198588561007783,0.000597282472493455,0.0216419196684278,3.4742209301096e-05,0.00366083731828993,0.0129393470995536,0.030110323616096,0.0763936390946059,1312.90112534379,1.00189281888517
"q_values[22,1,4]",0,NA,0,0,0,0,0,0,NA,NA
"q_values[22,1,5]",-0.0519886910799128,0.00178412612690733,0.0752156678932587,-0.244473842370037,-0.0676613857549153,-0.0272834646051768,-0.00755373387758439,-8.4479057087523e-05,1777.31958388368,1.00126173382086
"q_values[22,1,6]",-0.0660307146433482,0.00229590884484332,0.0980779666277676,-0.313063236039912,-0.0851489901501794,-0.0341973791867018,-0.00944929975413265,-0.000105599713475113,1824.87711318705,1.0011952990138
"q_values[22,1,7]",-0.0363793913262917,0.00118330747708069,0.046929255033344,-0.164678049084113,-0.0493153944248484,-0.0202299773783053,-0.00564746939030787,-6.33570625263696e-05,1572.86737000696,1.00157982223899
"q_values[22,1,8]",-0.0371245089256285,0.0012285128139831,0.050070140922977,-0.169555045636758,-0.0496257232626882,-0.0202780882706455,-0.00565106926700122,-6.33575086313301e-05,1661.10943870006,1.00143611304119
"q_values[22,2,1]",0.0259943455399564,0.000892063063453664,0.0376078339466294,4.22395285437617e-05,0.00377686693879219,0.0136417323025884,0.0338306928774577,0.122236921185018,1777.31958388368,1.00126173382086
"q_values[22,2,2]",-0.0779830366198693,0.00267618919036099,0.112823501839888,-0.366710763555055,-0.101492078632373,-0.0409251969077651,-0.0113306008163766,-0.000126718585631285,1777.31958388369,1.00126173382086
"q_values[22,2,3]",-0.0386472466752926,0.00132019603512052,0.0556407798076047,-0.180533139250014,-0.0504792702255766,-0.0204173435805469,-0.00566176114310602,-6.33588467954725e-05,1776.272400283,1.00126345630845
"q_values[22,2,4]",0.0159535713882632,0.00064153552918309,0.0304515609879167,2.11224405813232e-05,0.00190980375235879,0.00709874210020713,0.0186127604206768,0.0826180358134374,2253.08560893897,1.00069876453004
"q_values[22,2,5]",-0.0608064606760623,0.0019821007348998,0.0788050429420431,-0.275708570653083,-0.0822877003675032,-0.0337321370355474,-0.00941363771837181,-0.000105595252896568,1580.72592088164,1.00156612175309
"q_values[22,2,6]",0,NA,0,0,0,0,0,0,NA,NA
"q_values[22,2,7]",0,NA,0,0,0,0,0,0,NA,NA
"q_values[22,2,8]",-0.00881776959614949,0.000281148440016299,0.0118592017338202,-0.0301037461235051,-0.0143834586339253,-0.00634307593946726,-0.00179651750261895,-1.6357392568274e-05,1779.26058165982,1.00091452867889
"q_values[22,3,1]",0.0271728116549785,0.000971157906138587,0.0427459465681137,4.22404206877343e-05,0.00378401954981473,0.0137357327391541,0.0344174707497362,0.130392772270761,1937.35932278267,1.00104845634505
"q_values[22,3,2]",-0.0616851935969641,0.00203621441493807,0.0827289145859194,-0.281270485214104,-0.0826125491210863,-0.0337811999342223,-0.00941725779893553,-0.000105595699029792,1650.69804716631,1.00145252843131
"q_values[22,3,3]",0,NA,0,0,0,0,0,0,NA,NA
"q_values[22,3,4]",0,NA,0,0,0,0,0,0,NA,NA
"q_values[22,3,5]",0.0670755654368054,0.00236291304769163,0.102214431771622,0.000105600605590822,0.00945643216128482,0.0342904276169327,0.0857212481067147,0.320534169117278,1871.23769058489,1.00113302869875
"q_values[22,3,6]",-0.014564448960164,0.000549931312364787,0.0252020583567881,-0.072324860208558,-0.0177737333735317,-0.00696043879664053,-0.00189913208012435,-2.11211024454444e-05,2100.17327947131,1.00085770067119
"q_values[22,3,7]",-0.0779830366198693,0.00267618919036099,0.112823501839888,-0.366710763555055,-0.101492078632373,-0.0409251969077651,-0.0113306008163766,-0.000126718585631285,1777.31958388369,1.00126173382086
"q_values[22,3,8]",0.0909802093898475,0.00312222072208782,0.131627418813203,0.000147838349903166,0.0132190342857727,0.0477460630590593,0.118407425071102,0.427829224147565,1777.31958388368,1.00126173382086
"q_values[22,4,1]",-0.0233822185563135,0.000741717819163595,0.0284955571741385,-0.103559588491604,-0.0324000479861195,-0.0134091112270111,-0.00375903592091177,-4.22372982544889e-05,1475.96779310211,1.00175142168948
"q_values[22,4,2]",0.00633925793407148,0.000339713317505111,0.018684209753592,6.1424298635658e-06,0.00165923930280423,0.00586613888452954,0.0122989496126223,0.0192650793480779,3024.9926467137,0.999762994291901
"q_values[22,4,3]",0,NA,0,0,0,0,0,0,NA,NA
"q_values[22,4,4]",-0.103977382159826,0.00356825225381466,0.150431335786517,-0.488947684740074,-0.135322771509831,-0.0545669292103535,-0.0151074677551688,-0.000168958114175046,1777.31958388368,1.00126173382086
"q_values[22,4,5]",0.0698538102930038,0.00253586737705938,0.112198202664075,0.00010560328186258,0.00947777550575369,0.0345670342240659,0.0873993022010049,0.341120520327037,1957.5764257989,1.00102310153125
"q_values[22,4,6]",0.0156092997536212,0.000623883448600634,0.0297316279940436,2.11219945611535e-05,0.00190626448727652,0.00705348722687143,0.0183459913300669,0.0797957932859238,2271.06964313153,1.00068377346973
"q_values[22,4,7]",-0.116974554929804,0.00401428378554149,0.169235252759832,-0.550066145332583,-0.152238117948559,-0.0613877953616477,-0.0169959012245649,-0.000190077878446927,1777.31958388368,1.00126173382086
"q_values[22,4,8]",0,NA,0,0,0,0,0,0,NA,NA
"q_values[22,5,1]",-0.0779830366198693,0.00267618919036099,0.112823501839888,-0.366710763555055,-0.101492078632373,-0.0409251969077651,-0.0113306008163766,-0.000126718585631285,1777.31958388369,1.00126173382086
"q_values[22,5,2]",0,NA,0,0,0,0,0,0,NA,NA
"q_values[22,5,3]",0.0140420235634354,0.000514090935389596,0.0230014622033378,2.11206563875899e-05,0.00189556587654827,0.00691391458152509,0.0174876043952641,0.0685893936698751,2001.84753390063,1.00096982639259
"q_values[22,5,4]",0.016909345300677,0.000706726282409558,0.0342685062795675,2.11233326781899e-05,0.00191692269026405,0.00719115585954816,0.0191753384333832,0.0896323568852187,2351.19074665018,1.00060923747315
"q_values[22,5,5]",0,NA,0,0,0,0,0,0,NA,NA
"q_values[22,5,6]",0.0613288860727909,0.00201165008989899,0.0805985767660791,0.000105595698954422,0.0094172039219479,0.0337786612506628,0.0825738293457708,0.279444037191766,1605.27655907583,1.00152532353813
"q_values[22,5,7]",0.023693987639965,0.000760075472669471,0.0300683626905935,4.22372983204374e-05,0.00375908306327595,0.0134113325751257,0.0324339277895206,0.10515773051115,1564.97038606291,1.00159501896178
"q_values[22,5,8]",-0.116974554929804,0.00401428378554149,0.169235252759832,-0.550066145332583,-0.152238117948559,-0.0613877953616477,-0.0169959012245649,-0.000190077878446927,1777.31958388368,1.00126173382086
"q_values[23,1,1]",0.0238995498986356,0.000620727252016027,0.0228852060235709,4.66097018919042e-05,0.00494122088874009,0.0172925559054245,0.0380029145571787,0.0785316085962946,1359.27718484694,1.00286796176169
"q_values[23,1,2]",-0.11132665725479,0.00341081351317864,0.14330495481509,-0.460489858918239,-0.154658985895922,-0.0643202684488387,-0.0177239480907024,-0.000190545257951755,1765.25098783116,1.00227913324478
"q_values[23,1,3]",-0.143134273613302,0.00438533165980111,0.184249227619401,-0.592058390037736,-0.198847267580471,-0.0826974880056497,-0.0227879332594745,-0.000244986760223685,1765.25098783116,1.00227913324478
"q_values[23,1,4]",0,NA,0,0,0,0,0,0,NA,NA
"q_values[23,1,5]",0.0642871674234019,0.00198160717217373,0.083903154860717,0.000108883745521125,0.0101343813242717,0.0368388696649156,0.0888647145150337,0.267464631834271,1792.75710089566,1.00223256903835
"q_values[23,1,6]",0.0324795510648904,0.00100720182825125,0.0429683199854505,5.44422432491952e-05,0.00507039615549959,0.0184616501081045,0.0446764328304846,0.135896100714774,1819.96793434246,1.0021872706015
"q_values[23,1,7]",0,NA,0,0,0,0,0,0,NA,NA
"q_values[23,1,8]",0.039405382785048,0.00136740108268918,0.0639456726613393,5.44503938175764e-05,0.00514077091635153,0.0193834039775598,0.0499490278798786,0.180937192375414,2186.90783992964,1.00159132403266
"q_values[23,2,1]",0,NA,0,0,0,0,0,0,NA,NA
"q_values[23,2,2]",0,NA,0,0,0,0,0,0,NA,NA
"q_values[23,2,3]",-0.0893754367181254,0.00261922554919193,0.105430753696147,-0.355757467000999,-0.128171484740229,-0.0543717837087917,-0.0151342566257689,-0.000163317838020405,1620.27535233544,1.00258023141568
"q_values[23,2,4]",0.0752292313294133,0.00222381627818979,0.0906433801010545,0.000136098569000334,0.012615215875416,0.0453582414283271,0.107139928461732,0.30090582853172,1661.40064318769,1.00249497509601
"q_values[23,2,5]",0.127230465434046,0.00389807258648987,0.163777091217245,0.000217766009087721,0.0202559406750884,0.0735088782272442,0.176753126738196,0.526274124477988,1765.25098783116,1.00227913324478
"q_values[23,2,6]",-0.0284479428266175,0.000809904567753168,0.0315853802303392,-0.109930683143113,-0.041747525954872,-0.0179550668003436,-0.00503193023513466,-5.44377973856052e-05,1520.91352543746,1.0027859377831
"q_values[23,2,7]",-0.0385629220095802,0.00103825685017494,0.0383818312466315,-0.136784666282556,-0.0594566880905376,-0.0263797643549006,-0.00749706214537881,-7.9888393699354e-05,1366.60112202667,1.0030485479872
"q_values[23,2,8]",-0.0636152327170231,0.00194903629324493,0.0818885456086227,-0.263137062238994,-0.0883765633690982,-0.0367544391136221,-0.0101279703375442,-0.00010888300454386,1765.25098783116,1.00227913324478
"q_values[23,3,1]",0.143134273613302,0.00438533165980111,0.184249227619401,0.000244986760223686,0.0227879332594745,0.0826974880056497,0.198847267580471,0.592058390037736,1765.25098783116,1.00227913324478
"q_values[23,3,2]",0.0741435632452484,0.00216656232245765,0.0869368661329702,0.000136097827861706,0.0126086750281103,0.0452676044816797,0.106565495043889,0.294300771036528,1610.14722961998,1.00260111191658
"q_values[23,3,3]",0.0358392245967845,0.00118172159154677,0.0535341924397411,5.444594813552e-05,0.00510245108913703,0.018883802864572,0.0471171885601617,0.157533948691158,2052.25900559275,1.00180467185515
"q_values[23,3,4]",0,NA,0,0,0,0,0,0,NA,NA
"q_values[23,3,5]",-0.0299986789282681,0.000885523198760063,0.0360659432098645,-0.119724566283624,-0.0427669693826964,-0.0181270311006075,-0.00504481713887872,-5.44392794208167e-05,1658.80258141457,1.00249961458922
"q_values[23,3,6]",0.0795190408962789,0.00243629536655617,0.102360682010778,0.000136103755679825,0.0126599629219303,0.0459430488920276,0.110470704211373,0.328921327798742,1765.25098783116,1.00227913324478
"q_values[23,3,7]",0,NA,0,0,0,0,0,0,NA,NA
"q_values[23,3,8]",-0.00670358897884541,0.000310950638555494,0.0180526057139331,-0.0179968893487543,-0.0138945351437637,-0.00729914216702775,-0.00202018483928071,-8.20642061931665e-07,3370.51983859846,0.999343429309217
"q_values[23,4,1]",-0.0636152327170231,0.00194903629324493,0.0818885456086227,-0.263137062238994,-0.0883765633690982,-0.0367544391136221,-0.0101279703375442,-0.00010888300454386,1765.25098783116,1.00227913324478
"q_values[23,4,2]",0.0112002652346041,0.000286689927977092,0.0110855406057233,1.92610601341236e-05,0.00242336875913287,0.00846610387324272,0.0183191909954145,0.0344159352826428,1495.16417699072,1.00222811167184
"q_values[23,4,3]",0,NA,0,0,0,0,0,0,NA,NA
"q_values[23,4,4]",-0.0566530603770614,0.00192063227931887,0.0884808946630014,-0.255376597125717,-0.073019471014024,-0.0287408748585524,-0.00768558547419255,-8.16726269080713e-05,2122.31851757295,1.00169101471139
"q_values[23,4,5]",0.041664012180358,0.00116933170075425,0.0448988963909362,8.16555846125104e-05,0.00753827887261076,0.0268059543735752,0.0618890622134048,0.158404670321754,1474.33401418354,1.0028798089097
"q_values[23,4,6]",0,NA,0,0,0,0,0,0,NA,NA
"q_values[23,4,7]",0.0232276151922568,0.000596686951928749,0.0222729547108892,4.1033305879372e-05,0.00487317171411394,0.017114505824376,0.0373564521700864,0.0741857177434174,1393.35758458236,1.00266990302846
"q_values[23,4,8]",0.0477114245377673,0.0014617772199337,0.061416409206467,8.16622534078953e-05,0.00759597775315815,0.0275658293352166,0.0662824225268237,0.197352796679245,1765.25098783116,1.00227913324478
"q_values[23,5,1]",0.0517789913633208,0.00139905586866839,0.0518461903329044,0.000106518331128085,0.0100003192622919,0.0352279790543286,0.0795825278350804,0.185019371234593,1373.29419598039,1.00304190520972
"q_values[23,5,2]",-0.02102070246917,0.000757134015388758,0.0362925130501287,-0.0989813923845162,-0.025945423589816,-0.00986017519165729,-0.0025831993153446,-2.72266788532329e-05,2297.67483341769,1.00143039444424
"q_values[23,5,3]",-0.0318076163585116,0.000974518146622467,0.0409442728043114,-0.131568531119497,-0.0441882816845491,-0.0183772195568111,-0.0050639851687721,-5.44415022719301e-05,1765.25098783116,1.00227913324478
"q_values[23,5,4]",0.127230465434046,0.00389807258648987,0.163777091217245,0.000217766009087721,0.0202559406750884,0.0735088782272442,0.176753126738196,0.526274124477988,1765.25098783116,1.00227913324478
"q_values[23,5,5]",0,NA,0,0,0,0,0,0,NA,NA
"q_values[23,5,6]",-0.0365111593031633,0.00121838308788396,0.0557128352213232,-0.161861518286435,-0.0476053397060971,-0.0189682334158655,-0.00510886207586452,-5.44466891127849e-05,2090.94590074974,1.00174232584652
"q_values[23,5,7]",0.0430078815931157,0.00123032373463435,0.0482350394832882,8.16570665670404e-05,0.00755110084606573,0.0269748154761621,0.0628653645052757,0.167059809512307,1537.04460983007,1.00275267453459
"q_values[23,5,8]",0,NA,0,0,0,0,0,0,NA,NA
"q_values[24,1,1]",0.0824158164924926,0.00341342868762305,0.136188729168313,7.83581865762569e-05,0.00891049565939313,0.0393397930803213,0.103124039467689,0.417704630119441,1591.8445922181,1.00143205370884
"q_values[24,1,2]",-0.0171252655054326,0.000867895357989534,0.0389445658509385,-0.0946144792514804,-0.0188224241172748,-0.0067980597623809,-0.00149755483694534,-1.30606642281885e-05,2013.53416260487,1.00099046307601
"q_values[24,1,3]",0.00470024752094204,0.000661917009591499,0.0363022320907837,6.34315781794978e-07,0.00124137118698761,0.00531450884725467,0.0117486057779387,0.0179401740620641,3007.87355240385,0.999693991662791
"q_values[24,1,4]",-0.00765520316446253,0.000426563531915284,0.0234569890199444,-0.0272491075988868,-0.0140128606936468,-0.00589541717430984,-0.00136121856999827,-6.08047848243689e-06,3023.96723875037,0.999624823728089
"q_values[24,1,5]",-0.0405563975765014,0.00165010631156534,0.0649602155224375,-0.204218406609641,-0.0512699520969681,-0.0196270940045985,-0.00445304453990011,-3.91789227338246e-05,1549.78360898621,1.00148227251055
"q_values[24,1,6]",0.0811127951530027,0.00330021262313069,0.129920431044875,7.83578454676492e-05,0.00890608907980023,0.0392541880091971,0.102539904193936,0.408436813219283,1549.78360898621,1.00148227251055
"q_values[24,1,7]",0,NA,0,0,0,0,0,0,NA,NA
"q_values[24,1,8]",0,NA,0,0,0,0,0,0,NA,NA
"q_values[24,2,1]",0.0811127951530027,0.00330021262313069,0.129920431044875,7.83578454676492e-05,0.00890608907980023,0.0392541880091971,0.102539904193936,0.408436813219283,1549.78360898621,1.00148227251055
"q_values[24,2,2]",-0.0946315943451698,0.00385024806031915,0.151573836219021,-0.476509615422496,-0.119629888226259,-0.0457965526773966,-0.0103904372597669,-9.1417486378924e-05,1549.7836089862,1.00148227251055
"q_values[24,2,3]",-0.0573327501173933,0.00249091436297342,0.102824153699585,-0.295460751063249,-0.0698202743136725,-0.0263834713506086,-0.00594840916884909,-5.22394164166188e-05,1704.0121760766,1.00129990932701
"q_values[24,2,4]",0.0538659566368552,0.0017472436413207,0.0658099541171944,6.34636255306881e-05,0.00732521801254558,0.0317342237546876,0.078963995329468,0.238004249473555,1418.65318931607,1.00129118076161
"q_values[24,2,5]",0,NA,0,0,0,0,0,0,NA,NA
"q_values[24,2,6]",0,NA,0,0,0,0,0,0,NA,NA
"q_values[24,2,7]",-0.0322959990016303,0.00154247701981423,0.0670452862698142,-0.175327233152724,-0.0367686453239207,-0.0134677119180755,-0.00298849980450132,-2.61208167934654e-05,1889.29203595942,1.00112207595614
"q_values[24,2,8]",0.0237800450356095,0.000832871840571056,0.0305754341883794,2.5995922740659e-05,0.00295263932842233,0.0128671968243122,0.0326968964868293,0.112801642026026,1347.68659410999,1.00169098128696
"q_values[24,3,1]",0.0171252655054326,0.000867895357989534,0.0389445658509385,1.30606642281885e-05,0.00149755483694534,0.0067980597623809,0.0188224241172748,0.0946144792514805,2013.53416260487,1.00099046307601
"q_values[24,3,2]",-0.0959346156846597,0.00396328767871511,0.157829380572137,-0.485777432322654,-0.120214023500012,-0.0458821577485208,-0.0103948438393598,-9.14178274875318e-05,1585.85877594717,1.00143919762868
"q_values[24,3,3]",-0.0675939959608356,0.00275017718594225,0.108267025870729,-0.340364011016069,-0.0854499201616136,-0.0327118233409975,-0.00742174089983352,-6.52982045563743e-05,1549.7836089862,1.00148227251055
"q_values[24,3,4]",0,NA,0,0,0,0,0,0,NA,NA
"q_values[24,3,5]",-0.0211740023566297,0.000678563412696546,0.027447900076494,-0.0929002145723335,-0.0314528552503621,-0.0126842574054798,-0.0029296420515424,-2.53854179808344e-05,1636.20369614948,1.0009684934126
"q_values[24,3,6]",0.0405563975765014,0.00165010631156534,0.0649602155224375,3.91789227338246e-05,0.00445304453990011,0.0196270940045985,0.0512699520969681,0.204218406609641,1549.78360898621,1.00148227251055
"q_values[24,3,7]",0,NA,0,0,0,0,0,0,NA,NA
"q_values[24,3,8]",-0.0188705573828541,0.000612090120551897,0.0291893952710347,-0.073904378151472,-0.0301242413752657,-0.0123801846028299,-0.00289072333757641,-2.15503759355874e-05,2274.15182646052,1.00016270442249
"q_values[24,4,1]",-0.0959346156846597,0.00396328767871511,0.157829380572137,-0.485777432322654,-0.120214023500012,-0.0458821577485208,-0.0103948438393598,-9.14178274875318e-05,1585.85877594717,1.00143919762868
"q_values[24,4,2]",0,NA,0,0,0,0,0,0,NA,NA
"q_values[24,4,3]",0,NA,0,0,0,0,0,0,NA,NA
"q_values[24,4,4]",-0.0405563975765014,0.00165010631156534,0.0649602155224375,-0.204218406609641,-0.0512699520969681,-0.0196270940045985,-0.00445304453990011,-3.91789227338246e-05,1549.78360898621,1.00148227251055
"q_values[24,4,5]",-0.00665477953017691,0.000464422899032431,0.0253838229888402,-0.022788889938155,-0.013158329076224,-0.00571974557063451,-0.00132995153994078,-4.52453656333281e-06,2987.35483683542,0.999606338348461
"q_values[24,4,6]",0.0341748815845641,0.00172113735287786,0.076934298772948,2.61213284541497e-05,0.00299510640344067,0.013595839494964,0.0376398568004732,0.188913515089909,1998.06190442017,1.00100922869076
"q_values[24,4,7]",0.0675939959608356,0.00275017718594225,0.108267025870729,6.52982045563743e-05,0.00742174089983352,0.0327118233409975,0.0854499201616136,0.340364011016069,1549.7836089862,1.00148227251055
"q_values[24,4,8]",-0.0244315557053544,0.000880808179650402,0.0325504858919273,-0.117609970606112,-0.0330116975171401,-0.0129135191941506,-0.00295988320074759,-2.61185996053343e-05,1365.69045313,1.00170705508334
"q_values[24,5,1]",0,NA,0,0,0,0,0,0,NA,NA
"q_values[24,5,2]",0.0553782181081584,0.00231396232574498,0.0929252540899714,5.22389047537072e-05,0.00594179929945973,0.0262550637439223,0.0689440714030435,0.281559025713013,1612.70505392535,1.00140719769876
"q_values[24,5,3]",0.0167763525408919,0.000861856066287143,0.0391663411515597,1.30604936827942e-05,0.00149536462894898,0.00675637734601005,0.0185503222167043,0.0912423444536083,2065.17338420604,1.00091765619849
"q_values[24,5,4]",0.0540751967686685,0.0022001417487538,0.0866136206965833,5.22385636450995e-05,0.00593739271986682,0.026169458672798,0.0683599361292909,0.272291208812855,1549.7836089862,1.00148227251055
"q_values[24,5,5]",0.0946315943451698,0.00385024806031915,0.151573836219021,9.14174863789241e-05,0.0103904372597669,0.0457965526773966,0.119629888226259,0.476509615422497,1549.7836089862,1.00148227251055
"q_values[24,5,6]",-0.0188528492357642,0.00102334778225305,0.0471285557501844,-0.107569874362562,-0.0196836527256744,-0.00692562727967379,-0.00150415489498464,-1.3061175884418e-05,2120.90764063669,1.00088894926636
"q_values[24,5,7]",-0.00910952335655458,0.00031104074632725,0.015608748455279,-0.0346326651241782,-0.0148725606665932,-0.00613648168144266,-0.00143242076941895,-1.02684520873767e-05,2518.26594725252,0.999966616788141
"q_values[24,5,8]",0,NA,0,0,0,0,0,0,NA,NA
"q_values[25,1,1]",0,NA,0,0,0,0,0,0,NA,NA
"q_values[25,1,2]",0.0782883609941884,0.00167530250024066,0.060352254925399,0.000564203450411248,0.0276928988368522,0.0681897925597396,0.117507855832264,0.217514210607908,1297.77836262181,1.00243410662261
"q_values[25,1,3]",-0.0696177487471403,0.00168080482722124,0.0710305663227185,-0.251185410362226,-0.097134019102347,-0.0509223006134931,-0.019277067416926,-0.000376454339705564,1785.89524611466,1.00087919218698
"q_values[25,1,4]",0,NA,0,0,0,0,0,0,NA,NA
"q_values[25,1,5]",0.222210423334768,0.00513106667838543,0.207093228678242,0.00131721831854602,0.0665127402152971,0.171751809754149,0.317402168038617,0.746865378568683,1628.98273459299,1.0012715085793
"q_values[25,1,6]",-0.0952330385720433,0.0021990285764509,0.0887542408621037,-0.320085162243721,-0.136029500587979,-0.073607918466064,-0.0285054600922702,-0.000564522136519721,1628.98273459299,1.0012715085793
"q_values[25,1,7]",-0.115680933044154,0.00255959322090906,0.0985346423174961,-0.358477205948632,-0.169036650760136,-0.0945318073505357,-0.037465572619415,-0.000752483724620645,1481.95830982167,1.00174864488327
"q_values[25,1,8]",0.0027424127896455,0.000596613012665527,0.0332676647832658,-0.066944113895282,0.00244509259934839,0.00989624982748941,0.0143015711131346,0.01583567139448,3109.27539771986,0.999559504827932
"q_values[25,2,1]",0.0782883609941884,0.00167530250024066,0.060352254925399,0.000564203450411248,0.0276928988368522,0.0681897925597396,0.117507855832264,0.217514210607908,1297.77836262181,1.00243410662261
"q_values[25,2,2]",0.158721730953405,0.00366504762741817,0.147923734770173,0.000940870227532869,0.0475091001537837,0.122679864110107,0.226715834313298,0.533475270406202,1628.98273459299,1.0012715085793
"q_values[25,2,3]",-0.0952330385720433,0.0021990285764509,0.0887542408621037,-0.320085162243721,-0.136029500587979,-0.073607918466064,-0.0285054600922702,-0.000564522136519721,1628.98273459299,1.0012715085793
"q_values[25,2,4]",0.046806281815441,0.00127294413824401,0.0585425756563512,0.000188457322047439,0.0102240967022394,0.0293520847387541,0.061791189116663,0.197765734583012,2115.071048904,1.00028583084752
"q_values[25,2,5]",0.146405331562787,0.00359619395006801,0.152974925841048,0.000753085633964404,0.0389935476033649,0.104647877171791,0.203242892631823,0.542285609984016,1809.4820967754,1.00081530626151
"q_values[25,2,6]",0,NA,0,0,0,0,0,0,NA,NA
"q_values[25,2,7]",0,NA,0,0,0,0,0,0,NA,NA
"q_values[25,2,8]",-0.0413766194507156,0.000841090946616747,0.0280967402395551,-0.0847138577498631,-0.0653251440805099,-0.0414710835206177,-0.0174541044894627,-0.000288969449176323,1115.90174330143,1.00386203428938
"q_values[25,3,1]",0.102764006384423,0.00245751359980642,0.102596395598721,0.000564663774790154,0.0288665984280115,0.0760159744244304,0.144253511714981,0.365620502494607,1742.89950750725,1.00097353651387
"q_values[25,3,2]",0,NA,0,0,0,0,0,0,NA,NA
"q_values[25,3,3]",0,NA,0,0,0,0,0,0,NA,NA
"q_values[25,3,4]",0.190466077144087,0.0043980571529018,0.177508481724207,0.00112904427303944,0.0570109201845404,0.147215836932128,0.272059001175958,0.640170324487442,1628.98273459299,1.0012715085793
"q_values[25,3,5]",-0.0952330385720433,0.0021990285764509,0.0887542408621037,-0.320085162243721,-0.136029500587979,-0.073607918466064,-0.0285054600922702,-0.000564522136519721,1628.98273459299,1.0012715085793
"q_values[25,3,6]",-0.0451421033569056,0.00092444310358036,0.0312029324030036,-0.102109799707066,-0.0701869880527076,-0.0429842115355006,-0.017791383311699,-0.000362026286039257,1139.27992976834,1.00346701080171
"q_values[25,3,7]",0.0588021275350636,0.0013142428873017,0.0517192076911229,0.000376241902289509,0.0187379335169205,0.0473545296766192,0.0850776794436209,0.186526196997478,1548.64707162895,1.00153121041853
"q_values[25,3,8]",-0.0465440148035073,0.000962822346395865,0.032798604233003,-0.109413982005403,-0.0719985783274227,-0.0435581645259861,-0.0179311780111016,-0.000369279806123583,1160.42854162204,1.00328974566278
"q_values[25,4,1]",0.126977384762724,0.00293203810193453,0.118338987816138,0.000752696182026295,0.0380072801230269,0.0981438912880853,0.181372667450639,0.426780216324961,1628.98273459299,1.0012715085793
"q_values[25,4,2]",-0.190466077144087,0.0043980571529018,0.177508481724207,-0.640170324487442,-0.272059001175958,-0.147215836932128,-0.0570109201845404,-0.00112904427303944,1628.98273459299,1.0012715085793
"q_values[25,4,3]",-0.142800124492095,0.00347043724613914,0.146357937613846,-0.520732538862433,-0.199224112745581,-0.103458620192833,-0.0388138363033631,-0.000753014821492384,1778.54218515769,1.0008845523848
"q_values[25,4,4]",0.0584815738640682,0.00130250391167736,0.0508792590316521,0.000376241888963113,0.0187362177811828,0.0473249876761687,0.0848912280891033,0.184096998989757,1525.89090130445,1.00160224093834
"q_values[25,4,5]",0,NA,0,0,0,0,0,0,NA,NA
"q_values[25,4,6]",0.177286883472422,0.00396094154500398,0.15422895408012,0.00112879640606619,0.0563789280969931,0.143001739004987,0.257666981703705,0.560483479048392,1516.12483002373,1.00162652624912
"q_values[25,4,7]",0.0653714343344572,0.00153001565901277,0.0625932262458579,0.000376383500580756,0.0190939246454488,0.0496739596336343,0.0927423365070697,0.224773943225202,1673.64337485141,1.00114834763109
"q_values[25,4,8]",0,NA,0,0,0,0,0,0,NA,NA
"q_values[25,5,1]",0.141777053375551,0.00310957234546267,0.118436610296311,0.000940551541424395,0.0466965388983657,0.117261738203782,0.208211809277544,0.431020754841708,1450.67660686121,1.00186752139885
"q_values[25,5,2]",-0.0234525742736903,0.000479354608631622,0.0167096352329069,-0.0581123509048639,-0.0357157326947193,-0.0216292998756399,-0.00905640218616193,-0.000187997044310916,1215.12267352145,1.00295563621867
"q_values[25,5,3]",0,NA,0,0,0,0,0,0,NA,NA
"q_values[25,5,4]",0.158721730953405,0.00366504762741817,0.147923734770173,0.000940870227532869,0.0475091001537837,0.122679864110107,0.226715834313298,0.533475270406202,1628.98273459299,1.0012715085793
"q_values[25,5,5]",0.142800124492095,0.00347043724613914,0.146357937613846,0.000753014821492385,0.0388138363033631,0.103458620192833,0.199224112745581,0.520732538862433,1778.54218515769,1.0008845523848
"q_values[25,5,6]",0.0521922406627923,0.00111686833349377,0.0402348366169327,0.000376135633607499,0.0184619325579015,0.0454598617064931,0.0783385705548429,0.145009473738605,1297.77836262181,1.00243410662261
"q_values[25,5,7]",-0.0952330385720433,0.0021990285764509,0.0887542408621037,-0.320085162243721,-0.136029500587979,-0.073607918466064,-0.0285054600922702,-0.000564522136519721,1628.98273459299,1.0012715085793
"q_values[25,5,8]",0,NA,0,0,0,0,0,0,NA,NA
"q_values[26,1,1]",-0.0221397584177504,0.000492978518805752,0.0199108627360111,-0.071138295432004,-0.0324173884911464,-0.0174291123096601,-0.00610728673120857,-7.50850986120644e-05,1631.26367543392,1.00016712959163
"q_values[26,1,2]",-0.0272820558993352,0.000674717980194574,0.03029949324911,-0.103547870548859,-0.0374553317191837,-0.0187616197666412,-0.00626120008825364,-7.51076582800628e-05,2016.62971876673,1.00015044896745
"q_values[26,1,3]",0.207007775524707,0.00503865465440532,0.217138070055626,0.000600816143515666,0.0497798465524959,0.147377926238607,0.289188877828185,0.756791321477022,1857.13194553557,1.00015914238357
"q_values[26,1,4]",0.129379859702942,0.00314915915900333,0.135711293784766,0.000375510089697291,0.03111240409531,0.0921112038991293,0.180743048642615,0.472994575923139,1857.13194553556,1.00015914238357
"q_values[26,1,5]",-0.12094335595046,0.00282530244856475,0.117639397376764,-0.419300843737751,-0.172902716698652,-0.0900749299782374,-0.0308800884801601,-0.000375476247653663,1733.70695133714,1.00017109052788
"q_values[26,1,6]",-0.0468506655762932,0.00107602674930654,0.044731837254818,-0.158481378422436,-0.0673537485963114,-0.0355244783478108,-0.0122915301409397,-0.000150181477058128,1728.17348217556,1.00016119057032
"q_values[26,1,7]",0,NA,0,0,0,0,0,0,NA,NA
"q_values[26,1,8]",0,NA,0,0,0,0,0,0,NA,NA
"q_values[26,2,1]",0.15525583164353,0.003778990990804,0.16285355254172,0.00045061210763675,0.0373348849143719,0.110533444678955,0.216891658371139,0.567593491107767,1857.13194553556,1.00015914238357
"q_values[26,2,2]",-0.129379859702942,0.00314915915900333,0.135711293784766,-0.472994575923139,-0.180743048642615,-0.0921112038991293,-0.03111240409531,-0.000375510089697291,1857.13194553556,1.00015914238357
"q_values[26,2,3]",0,NA,0,0,0,0,0,0,NA,NA
"q_values[26,2,4]",0.183943971501612,0.00449802078498887,0.196231428048302,0.000525725406257417,0.0436348042718172,0.129634443432412,0.255653712080983,0.680090317020857,1903.24287605673,1.00015653217636
"q_values[26,2,5]",0.046127608046189,0.00105029976104886,0.042537912565548,0.000150181474516498,0.0122900845613574,0.0354869656123904,0.0670703314944037,0.15340200891233,1640.30955657492,1.00017954038657
"q_values[26,2,6]",0,NA,0,0,0,0,0,0,NA,NA
"q_values[26,2,7]",-0.0517558877240285,0.00106623485650215,0.0406797904125252,-0.121263033577166,-0.0827878057520652,-0.0483286697033448,-0.017743354266989,-0.00016447169753186,1455.63222457841,1.00017730178616
"q_values[26,2,8]",0.0767038702164209,0.0018565438671017,0.0800863163544533,0.00022530041517219,0.0186296869077158,0.0549523518429425,0.107328051929514,0.278234036529722,1860.82788722665,1.00015423000585
"q_values[26,3,1]",-0.0517519438811766,0.00125966366360133,0.0542845175139065,-0.189197830369256,-0.0722972194570462,-0.0368444815596517,-0.012444961638124,-0.000150204035878916,1857.13194553557,1.00015914238357
"q_values[26,3,2]",0,NA,0,0,0,0,0,0,NA,NA
"q_values[26,3,3]",-0.0720035799867773,0.00167461368814968,0.0694248541201549,-0.248000924096958,-0.103218941222927,-0.0539092063922163,-0.0185125653804194,-0.000225283492455956,1718.70237921445,1.00017249235482
"q_values[26,3,4]",-0.0337099277513163,0.00090596408809192,0.0443764076410169,-0.144059839444928,-0.0437527607542304,-0.0204272540878675,-0.00645359178455997,-7.51358578650607e-05,2399.28765231925,1.00014310061203
"q_values[26,3,5]",0.0467301559879425,0.00107142628109528,0.0443457216600202,0.000150181476634523,0.0122912892110093,0.0355182262252407,0.0673065124126601,0.157634816837418,1713.08480744183,1.00016447142243
"q_values[26,3,6]",0.077627915821765,0.001889495495402,0.0814267762708598,0.000225306053818375,0.018667442457186,0.0552667223394776,0.108445829185569,0.283796745553883,1857.13194553556,1.00015914238357
"q_values[26,3,7]",0,NA,0,0,0,0,0,0,NA,NA
"q_values[26,3,8]",-0.12094335595046,0.00282530244856475,0.117639397376764,-0.419300843737751,-0.172902716698652,-0.0900749299782374,-0.0308800884801601,-0.000375476247653663,1733.70695133714,1.00017109052788
"q_values[26,4,1]",0,NA,0,0,0,0,0,0,NA,NA
"q_values[26,4,2]",0.0313837420300772,0.000655240580208563,0.0268184797219801,7.94121861492522e-05,0.0115719382804238,0.0308597397444464,0.0514814780977742,0.0682573811056905,1675.20028295736,1.00014847655745
"q_values[26,4,3]",0.130785943661689,0.00319407911909374,0.138823942565521,0.000375515730037896,0.0311511233645016,0.0924505828859446,0.182049770633276,0.48194353128737,1889.02370961902,1.00015730471971
"q_values[26,4,4]",0.182537887542865,0.00445425787582157,0.193104964782703,0.000525719765916812,0.0435960850026256,0.129295064445596,0.254346990090322,0.671141361656626,1879.47332558694,1.00015782477801
"q_values[26,4,5]",0.077627915821765,0.001889495495402,0.0814267762708598,0.000225306053818375,0.018667442457186,0.0552667223394776,0.108445829185569,0.283796745553883,1857.13194553556,1.00015914238357
"q_values[26,4,6]",-0.0517519438811766,0.00125966366360133,0.0542845175139065,-0.189197830369256,-0.0722972194570462,-0.0368444815596517,-0.012444961638124,-0.000150204035878916,1857.13194553557,1.00015914238357
"q_values[26,4,7]",-0.0317413269522774,0.000842518395374605,0.0413047319002335,-0.132087859811588,-0.0414699700584681,-0.0197922609722273,-0.00637783975568933,-7.5124580149087e-05,2403.48176382003,1.00012187770913
"q_values[26,4,8]",0,NA,0,0,0,0,0,0,NA,NA
"q_values[26,5,1]",0.159474083519771,0.0039123989051071,0.172244408762423,0.000450629028658564,0.0374510427219469,0.111551581639401,0.22081182434312,0.594440357200461,1938.22418741221,1.00015464067212
"q_values[26,5,2]",0.0371246436105636,0.00107842700166783,0.0540287862630677,7.51471406642954e-05,0.00653223497259516,0.0211372726743484,0.046602385653808,0.166190558098479,2509.97222906156,1.00011573748109
"q_values[26,5,3]",0.121786923068915,0.00285963242215727,0.120419878666187,0.000375476250618899,0.0308817749896727,0.0901186948362277,0.173233369984211,0.425226774832874,1773.27440560453,1.00016254588245
"q_values[26,5,4]",0,NA,0,0,0,0,0,0,NA,NA
"q_values[26,5,5]",0,NA,0,0,0,0,0,0,NA,NA
"q_values[26,5,6]",-0.0276435846643873,0.000685554950801016,0.0317510532960537,-0.106087555303912,-0.0375970402701375,-0.0187803761343513,-0.00626192287804478,-7.5107659550878e-05,2145.0219020352,1.00013335801057
"q_values[26,5,7]",-0.129379859702942,0.00314915915900333,0.135711293784766,-0.472994575923139,-0.180743048642615,-0.0921112038991293,-0.03111240409531,-0.000375510089697291,1857.13194553556,1.00015914238357
"q_values[26,5,8]",0.15525583164353,0.003778990990804,0.16285355254172,0.00045061210763675,0.0373348849143719,0.110533444678955,0.216891658371139,0.567593491107767,1857.13194553556,1.00015914238357
"q_values[27,1,1]",-0.25390260577066,0.00314737260335936,0.110384692070119,-0.501629347331053,-0.322461426340222,-0.240595144156794,-0.172601984119506,-0.0743271008327379,1230.04607824921,1.00352440744944
"q_values[27,1,2]",0.338536807694214,0.00419649680447916,0.147179589426825,0.0991028011103172,0.230135978826008,0.320793525542392,0.42994856845363,0.668839129774737,1230.04607824921,1.00352440744944
"q_values[27,1,3]",0,NA,0,0,0,0,0,0,NA,NA
"q_values[27,1,4]",0,NA,0,0,0,0,0,0,NA,NA
"q_values[27,1,5]",0.130829477512258,0.00208178477212752,0.0738165035385172,0.028382671232225,0.0764427242040041,0.116209975182463,0.170598805152923,0.311589266131115,1257.28949072487,1.00325805869411
"q_values[27,1,6]",-0.287437962850557,0.00301743009991936,0.105427920179189,-0.501084461285036,-0.360627647942483,-0.282202839011139,-0.210275015529396,-0.0954197891549947,1220.77841467884,1.00375670318832
"q_values[27,1,7]",0.13573304676721,0.00224688857173563,0.0800419310277913,0.0284587122329018,0.0773949580031142,0.118789067916851,0.176808062624554,0.334964450933386,1269.03045426146,1.00318353251219
"q_values[27,1,8]",0.0211763926494175,0.00142506343064737,0.0539383694114605,-0.0194823019097621,-0.0148590264563549,0.00083568003106238,0.0364989281891125,0.172883481148398,1432.6075498991,1.00253759861365
"q_values[27,2,1]",0,NA,0,0,0,0,0,0,NA,NA
"q_values[27,2,2]",0.249308987034013,0.00308137567570511,0.108019460254649,0.0737740983073922,0.170053610609359,0.236226637255762,0.315875345565669,0.49237038375792,1228.8947982395,1.00351269688185
"q_values[27,2,3]",0.14764183682924,0.00163242374045674,0.0571897651444648,0.0477707273780388,0.105899294803986,0.14316469369308,0.185281229948547,0.269242378484335,1227.3567683694,1.00365072641424
"q_values[27,2,4]",-0.355039216492891,0.00367682444575187,0.128387714967035,-0.61237602089882,-0.445007816552175,-0.349537658219653,-0.261188689137027,-0.1189678187808,1219.27354213431,1.00377717791426
"q_values[27,2,5]",-0.101136610722231,0.000626257121152396,0.0230641844971856,-0.124942804893812,-0.120409217867521,-0.107775054643601,-0.0877872124254489,-0.0437496576663338,1356.34712878127,1.0041873546571
"q_values[27,2,6]",0,NA,0,0,0,0,0,0,NA,NA
"q_values[27,2,7]",-0.592439413464874,0.00734386940783852,0.257564281496944,-1.17046847710579,-0.752409994793852,-0.561388669699187,-0.402737962945514,-0.173429901943055,1230.04607824921,1.00352440744944
"q_values[27,2,8]",-0.423171009617767,0.00524562100559897,0.183974486783532,-0.836048912218422,-0.537435710567037,-0.40099190692799,-0.28766997353251,-0.123878501387896,1230.0460782492,1.00352440744944
"q_values[27,3,1]",-0.240032388006649,0.00369794826070871,0.130862043139244,-0.558001345859196,-0.311504556027577,-0.215187881286811,-0.14371675379899,-0.0549846692873302,1252.29236347608,1.00328286037517
"q_values[27,3,2]",0.50780521154132,0.00629474520671873,0.220769384140238,0.148654201665476,0.345203968239012,0.481190288313589,0.644922852680444,1.00325869466211,1230.04607824921,1.00352440744944
"q_values[27,3,3]",0,NA,0,0,0,0,0,0,NA,NA
"q_values[27,3,4]",-0.407339364151775,0.00573605782182864,0.201767334519188,-0.883070836825656,-0.523995137265739,-0.374553006964252,-0.25840384969235,-0.104505653442218,1237.29902965424,1.00338403313899
"q_values[27,3,5]",-0.51632168568193,0.00649625779335303,0.227843673344666,-1.03121780607706,-0.656476339432302,-0.487622069402131,-0.348514128788447,-0.149268036991363,1230.11990470881,1.00350538712642
"q_values[27,3,6]",0,NA,0,0,0,0,0,0,NA,NA
"q_values[27,3,7]",0.677073615388427,0.00839299360895831,0.29435917885365,0.198205602220634,0.460271957652016,0.641587051084785,0.859897136907259,1.33767825954947,1230.04607824921,1.00352440744944
"q_values[27,3,8]",-0.177784877987716,0.00229968540575218,0.0806791518088714,-0.362378676302319,-0.226527770978673,-0.166828543859738,-0.118378149962439,-0.0501652358810457,1230.79518710468,1.00347034120603
"q_values[27,4,1]",-0.0926201365816214,0.000500978413305619,0.020118373127478,-0.111087201434995,-0.108260691013159,-0.0994494303290123,-0.0830099491267629,-0.0406102341094323,1612.6781110802,1.00374315056418
"q_values[27,4,2]",0.25390260577066,0.00314737260335936,0.110384692070119,0.0743271008327379,0.172601984119506,0.240595144156794,0.322461426340222,0.501629347331053,1230.04607824921,1.00352440744944
"q_values[27,4,3]",0.131810191363248,0.00211473137281037,0.0750554603689288,0.0283978794323604,0.0766331709638261,0.116725793729341,0.171840656647249,0.316264303091569,1259.66241042838,1.00324234059545
"q_values[27,4,4]",-0.515791146199388,0.00556638800541656,0.194754211743447,-0.918836474371238,-0.648428614027132,-0.503502639902307,-0.372946518000595,-0.167905384010071,1224.1278138079,1.00371527105224
"q_values[27,4,5]",-0.423171009617767,0.00524562100559897,0.183974486783532,-0.836048912218422,-0.537435710567037,-0.40099190692799,-0.28766997353251,-0.123878501387896,1230.0460782492,1.00352440744944
"q_values[27,4,6]",-0.148622550680231,0.00166467576085506,0.0583313582976045,-0.273917415444789,-0.186523081442873,-0.143680512239957,-0.106089741563808,-0.0477859355781741,1227.84873526375,1.00362550750551
"q_values[27,4,7]",0,NA,0,0,0,0,0,0,NA,NA
"q_values[27,4,8]",0,NA,0,0,0,0,0,0,NA,NA
"q_values[27,5,1]",-0.25390260577066,0.00314737260335936,0.110384692070119,-0.501629347331053,-0.322461426340222,-0.240595144156794,-0.172601984119506,-0.0743271008327379,1230.04607824921,1.00352440744944
"q_values[27,5,2]",0,NA,0,0,0,0,0,0,NA,NA
"q_values[27,5,3]",-0.135202507284669,0.00131980721820896,0.045985124847145,-0.222583119227568,-0.168760337219384,-0.134669638417028,-0.101827347215262,-0.0470960592516103,1213.9861759546,1.00386672414975
"q_values[27,5,4]",0.592439413464874,0.00734386940783852,0.257564281496944,0.173429901943055,0.402737962945514,0.561388669699187,0.752409994793852,1.17046847710579,1230.04607824921,1.00352440744944
"q_values[27,5,5]",0,NA,0,0,0,0,0,0,NA,NA
"q_values[27,5,6]",-0.146881711942486,0.00244746599143926,0.0870820540229485,-0.362832452000561,-0.192463927162312,-0.12855771881267,-0.0828725985430528,-0.0295951336838638,1265.97169864171,1.0032105252705
"q_values[27,5,7]",0.182608082128576,0.000977074851202189,0.0386988320553576,0.0829114925274225,0.164385691886377,0.195820069266263,0.212715583195187,0.218061857897662,1568.70053890135,1.00381672873572
"q_values[27,5,8]",-0.515791146199388,0.00556638800541656,0.194754211743447,-0.918836474371238,-0.648428614027132,-0.503502639902307,-0.372946518000595,-0.167905384010071,1224.1278138079,1.00371527105224
"q_values[28,1,1]",0.0412181581001195,0.00146938070349889,0.0629186820474986,6.00491297632124e-05,0.00561157049180513,0.0208086807796117,0.0508605035201196,0.205230407352084,1833.5407622718,1.0012968409101
"q_values[28,1,2]",-0.0686969301668658,0.00244896783916481,0.104864470079164,-0.34205067892014,-0.0847675058668659,-0.0346811346326861,-0.00935261748634188,-0.000100081882938687,1833.54076227181,1.0012968409101
"q_values[28,1,3]",0,NA,0,0,0,0,0,0,NA,NA
"q_values[28,1,4]",0,NA,0,0,0,0,0,0,NA,NA
"q_values[28,1,5]",-0.0968042252800147,0.00347533555239665,0.149280315558053,-0.483550897202709,-0.11896192944344,-0.0486016997379482,-0.0130971633561303,-0.000140115036785404,1845.06471093299,1.00128159280764
"q_values[28,1,6]",-0.041846681146522,0.00151634003965951,0.065399990690259,-0.209910354066597,-0.0511479247499476,-0.0208567920317993,-0.00561506936705682,-6.00495304344546e-05,1860.21082480559,1.00126196290227
"q_values[28,1,7]",-0.032720050088203,0.00101597934693718,0.0365960712705285,-0.138564451932584,-0.04670049774815,-0.0200412327920967,-0.00551970220547462,-5.36595503909756e-05,1297.47551292481,1.00186653300711
"q_values[28,1,8]",0.0195426730770478,0.000934067507225671,0.044244697076756,2.00203832359973e-05,0.00190545989144728,0.00741466976299896,0.0197887310948561,0.112648356567553,2243.705860947,1.00089865465982
"q_values[28,2,1]",0.00883168751724044,0.000267111880914895,0.0121929721549627,1.12849767873543e-05,0.00176979618422659,0.00634306445301762,0.0142328663701162,0.0305063221452814,2083.68829923849,1.00129162268562
"q_values[28,2,2]",-0.0521763864667431,0.00176986483487877,0.0741375837038907,-0.25216174433475,-0.0664061353269506,-0.0275063537092716,-0.00746463888156856,-8.00635030428609e-05,1754.67486040683,1.00139396945955
"q_values[28,2,3]",0,NA,0,0,0,0,0,0,NA,NA
"q_values[28,2,4]",-0.0630402227492428,0.00206319893722428,0.0839852024031975,-0.299931158489525,-0.0821807147984136,-0.0342481333629976,-0.00932112760907663,-0.000100078276897505,1657.0031558275,1.00152949876132
"q_values[28,2,5]",-0.0218220646491233,0.000679019954015981,0.0245744402086248,-0.0923969377323866,-0.0311486816657719,-0.0133756058775794,-0.00368092836245062,-3.57731402354066e-05,1309.79157796842,1.00188328919373
"q_values[28,2,6]",0.0274787720667463,0.000979587135665926,0.0419457880316657,4.00327531754749e-05,0.00374104699453675,0.0138724538530745,0.0339070023467464,0.136820271568056,1833.54076227181,1.0012968409101
"q_values[28,2,7]",-0.0824363162002389,0.00293876140699778,0.125837364094997,-0.410460814704168,-0.101721007040239,-0.0416173615592234,-0.0112231409836103,-0.000120098259526424,1833.5407622718,1.0012968409101
"q_values[28,2,8]",0,NA,0,0,0,0,0,0,NA,NA
"q_values[28,3,1]",0.0613291112960259,0.00242608635282924,0.108293595881675,8.00699136624315e-05,0.00752052271371184,0.0282711280841214,0.070931783047704,0.322238554838949,1992.4757281858,1.0011187514138
"q_values[28,3,2]",-0.00586980106785927,0.000333707347407981,0.0207951082742537,-0.0193615533110035,-0.0121793712648089,-0.0057724375673045,-0.00156886470387833,-1.60315813220849e-06,3883.20961406022,1.00054518650337
"q_values[28,3,3]",0.0443607733321323,0.00170963664280041,0.0756589645720523,6.00511331194247e-05,0.00562906486806359,0.0210492370405498,0.0522976096692597,0.228630140924648,1958.4529924031,1.0011448256251
"q_values[28,3,4]",0,NA,0,0,0,0,0,0,NA,NA
"q_values[28,3,5]",-0.0412181581001195,0.00146938070349889,0.0629186820474986,-0.205230407352084,-0.0508605035201196,-0.0208086807796117,-0.00561157049180513,-6.00491297632122e-05,1833.5407622718,1.0012968409101
"q_values[28,3,6]",0.0824363162002389,0.00293876140699778,0.125837364094997,0.000120098259526425,0.0112231409836103,0.0416173615592234,0.101721007040239,0.410460814704168,1833.5407622718,1.0012968409101
"q_values[28,3,7]",0,NA,0,0,0,0,0,0,NA,NA
"q_values[28,3,8]",-0.00808267861575014,0.000271966180738656,0.0146110189509531,-0.0270192034489302,-0.0138074641937787,-0.00623175338088365,-0.00170970340080927,-8.67874319919945e-06,2886.23177237346,1.00094570194108
"q_values[28,4,1]",0,NA,0,0,0,0,0,0,NA,NA
"q_values[28,4,2]",-0.109915088266985,0.0039183485426637,0.167783152126663,-0.547281086272224,-0.135628009386985,-0.0554898154122978,-0.014964187978147,-0.000160131012701899,1833.54076227181,1.0012968409101
"q_values[28,4,3]",0.0378687203145112,0.00124376646018679,0.051318367648651,6.00467257919019e-05,0.00559062305384075,0.0205223492412236,0.0491700857208491,0.17939181763141,1702.42498675041,1.00146471485102
"q_values[28,4,4]",0.0190346358857329,0.000898434718612749,0.0424386619527904,2.0019982580796e-05,0.00190197410578009,0.00736722593216495,0.0195110554592274,0.108608721443441,2231.26068270193,1.00090460228603
"q_values[28,4,5]",-0.029364341205954,0.0011233721933735,0.0495679344017144,-0.150860111711594,-0.0347692660362305,-0.0140167876096373,-0.00375154362029183,-4.00339551892022e-05,1946.94778037766,1.00115770384649
"q_values[28,4,6]",0,NA,0,0,0,0,0,0,NA,NA
"q_values[28,4,7]",-0.0824363162002389,0.00293876140699778,0.125837364094997,-0.410460814704168,-0.101721007040239,-0.0416173615592234,-0.0112231409836103,-0.000120098259526424,1833.5407622718,1.0012968409101
"q_values[28,4,8]",0.0230791107419284,0.000732220532334986,0.0271886385962844,3.8406810827545e-05,0.00370200353055334,0.0135295605954775,0.0318863676266363,0.103628147310403,1378.76775511814,1.00178731368009
"q_values[28,5,1]",0.0274787720667463,0.000979587135665926,0.0419457880316657,4.00327531754749e-05,0.00374104699453675,0.0138724538530745,0.0339070023467464,0.136820271568056,1833.54076227181,1.0012968409101
"q_values[28,5,2]",0,NA,0,0,0,0,0,0,NA,NA
"q_values[28,5,3]",0.0187675704045936,0.000897029369323801,0.0426740477163959,2.00195819576772e-05,0.00189851449928193,0.00732111694403815,0.0192528710119974,0.10584970950013,2263.15527683748,1.00086909573168
"q_values[28,5,4]",0.022056765262658,0.00114685173703792,0.0556173713076523,2.00219859209671e-05,0.00191945539245405,0.00760711477174942,0.0209384160141683,0.131368143425604,2351.83237078418,1.0008197739683
"q_values[28,5,5]",0,NA,0,0,0,0,0,0,NA,NA
"q_values[28,5,6]",0.0493008367158696,0.00159721132778127,0.0634343699072336,8.00619003097677e-05,0.00745060411180826,0.0273119064364604,0.0652272136250405,0.231521022705497,1577.33702424509,1.00159807490875
"q_values[28,5,7]",-0.0333423020379648,0.00142129187399374,0.0651093133229601,-0.181378648146781,-0.036747105065329,-0.014351230400213,-0.00377598993350791,-4.00367598317552e-05,2098.55175363926,1.00101491014997
"q_values[28,5,8]",-0.0549575441334926,0.00195917427133185,0.0838915760633314,-0.273640543136112,-0.0678140046934927,-0.0277449077061489,-0.0074820939890735,-8.00655063509496e-05,1833.54076227181,1.0012968409101
"q_values[29,1,1]",0.222113836880969,0.00478908596891105,0.159937549020922,0.00567888304697028,0.103614952015226,0.19379953638414,0.312639973625681,0.611480397545763,1115.31002635249,1.00419537078515
"q_values[29,1,2]",-0.333170755321453,0.0071836289533666,0.239906323531383,-0.917220596318645,-0.468959960438522,-0.29069930457621,-0.15542242802284,-0.0085183245704554,1115.31002635248,1.00419537078515
"q_values[29,1,3]",-0.0664248170791773,0.00161460467051017,0.0560586375277071,-0.210326020683393,-0.0918103982140467,-0.0534858592108245,-0.0272978898257885,-0.00142376062480349,1205.45962163478,1.00379653853613
"q_values[29,1,4]",0.0937209768374132,0.00134920658826399,0.0453550322820613,0.00307626179969958,0.0646471200385808,0.104092795653561,0.132610966048086,0.144010133895699,1130.04061902052,1.0035819544823
"q_values[29,1,5]",0,NA,0,0,0,0,0,0,NA,NA
"q_values[29,1,6]",0,NA,0,0,0,0,0,0,NA,NA
"q_values[29,1,7]",-0.448909435081682,0.00974413403835068,0.326164027486351,-1.24633006240346,-0.631388932223122,-0.38994646406685,-0.207900907686086,-0.0113597817328702,1120.43230848298,1.00417093271775
"q_values[29,1,8]",-0.115738679760229,0.00256108328060678,0.0862870633264604,-0.329109466084812,-0.1624289717846,-0.0992471594906396,-0.0524784796632464,-0.00284145716241477,1135.12574885909,1.00410117856995
"q_values[29,2,1]",0,NA,0,0,0,0,0,0,NA,NA
"q_values[29,2,2]",0,NA,0,0,0,0,0,0,NA,NA
"q_values[29,2,3]",0.444227673761937,0.0095781719378221,0.319875098041844,0.0113577660939406,0.207229904030453,0.387599072768281,0.625279947251362,1.22296079509153,1115.31002635249,1.00419537078515
"q_values[29,2,4]",0.49975613298218,0.0107754434300499,0.359859485297075,0.0127774868556831,0.233133642034259,0.436048956864316,0.703439940657783,1.37583089447797,1115.31002635248,1.00419537078515
"q_values[29,2,5]",0.0038016027169871,0.00111858308794103,0.0499982894466298,-0.019388766630023,-0.0177428259923062,-0.0122037396817928,-6.67570548041662e-07,0.140212988995568,1997.90022169844,1.00157205508135
"q_values[29,2,6]",-0.191754501464962,0.00305786498632251,0.0976436592263255,-0.341757238637582,-0.27606512091981,-0.197618870633623,-0.116408563745776,-0.00706032383945311,1019.65083796611,1.00490970407111
"q_values[29,2,7]",-0.231477359520457,0.00512216656121355,0.172574126652921,-0.658218932169625,-0.3248579435692,-0.198494318981279,-0.104956959326493,-0.00568291432482953,1135.12574885909,1.00410117856995
"q_values[29,2,8]",-0.0648919818597308,0.00153415355895293,0.0528026396057698,-0.199608634010302,-0.0903779633499394,-0.053144666693174,-0.027245745315073,-0.00142375203960183,1184.6051139761,1.00387017258818
"q_values[29,3,1]",0.13914748635895,0.00341586146831769,0.118688123016215,0.00285153535706294,0.0558334979414123,0.110984115983487,0.192973896643398,0.445955802644466,1207.29673129233,1.00375087378736
"q_values[29,3,2]",0.222113836880969,0.00478908596891105,0.159937549020922,0.00567888304697028,0.103614952015226,0.19379953638414,0.312639973625681,0.611480397545763,1115.31002635249,1.00419537078515
"q_values[29,3,3]",0.0995663598469958,0.00201959963636871,0.0662387251141298,0.00283340891536567,0.0498813725585728,0.0904262484924459,0.140380423337741,0.253494707958907,1075.705433925,1.00444737148754
"q_values[29,3,4]",-0.0517268565032551,0.000801428275132443,0.031752586184379,-0.0783099620823067,-0.0737086643463822,-0.0604561101660189,-0.0381764307695129,-8.1060957302737e-05,1569.74419470224,1.00160554731676
"q_values[29,3,5]",-0.166585377660727,0.0035918144766833,0.119953161765692,-0.458610298159322,-0.234479980219261,-0.145349652288105,-0.0777112140114198,-0.0042591622852277,1115.31002635248,1.00419537078515
"q_values[29,3,6]",-0.0789372658189636,0.00205832607887233,0.072572347756445,-0.269716435946095,-0.108704918265218,-0.0601868405888824,-0.0292587562819725,-0.00142979895639073,1243.12268820953,1.00357004342778
"q_values[29,3,7]",0,NA,0,0,0,0,0,0,NA,NA
"q_values[29,3,8]",0,NA,0,0,0,0,0,0,NA,NA
"q_values[29,4,1]",-0.266662682580871,0.00563350116995486,0.187096241326065,-0.715677468342593,-0.375337881845037,-0.235889631619768,-0.127609968073564,-0.00709257406232725,1102.99450273564,1.00428043875021
"q_values[29,4,2]",0.0899168793393034,0.00242086069756538,0.0857840914804308,0.00143582870277632,0.031167478227441,0.0665466294492897,0.124167003452282,0.318389464535706,1255.66535756493,1.00346219335147
"q_values[29,4,3]",0,NA,0,0,0,0,0,0,NA,NA
"q_values[29,4,4]",0,NA,0,0,0,0,0,0,NA,NA
"q_values[29,4,5]",-0.0876481118417629,0.0015872018592691,0.0503179305647236,-0.188582493270467,-0.125775061954043,-0.0851628116992229,-0.0484524577294472,-0.00282936332883697,1005.03506875083,1.00476855593263
"q_values[29,4,6]",-0.444227673761937,0.0095781719378221,0.319875098041844,-1.22296079509153,-0.625279947251362,-0.387599072768281,-0.207229904030453,-0.0113577660939405,1115.31002635249,1.00419537078515
"q_values[29,4,7]",0.222113836880969,0.00478908596891105,0.159937549020922,0.00567888304697028,0.103614952015226,0.19379953638414,0.312639973625681,0.611480397545763,1115.31002635249,1.00419537078515
"q_values[29,4,8]",0.24552264347969,0.00562658809845477,0.191778828906167,0.00568896124161845,0.106969970293392,0.205536492876988,0.343184898484479,0.728326734105417,1161.7457118095,1.00397676752728
"q_values[29,5,1]",0.388699214541695,0.00838090044559434,0.279890710786614,0.00993804533219799,0.181326166026646,0.339149188672246,0.547119953844942,1.07009069570509,1115.31002635249,1.00419537078515
"q_values[29,5,2]",-0.154297916125885,0.00392498531176622,0.137344780500488,-0.514425636321644,-0.214067488514186,-0.119577565303247,-0.0583958420389421,-0.00285957788064427,1224.47027725995,1.00362909098602
"q_values[29,5,3]",0,NA,0,0,0,0,0,0,NA,NA
"q_values[29,5,4]",0.49975613298218,0.0107754434300499,0.359859485297075,0.0127774868556831,0.233133642034259,0.436048956864316,0.703439940657783,1.37583089447797,1115.31002635248,1.00419537078515
"q_values[29,5,5]",-0.171267138980471,0.00375810491170935,0.126258809981952,-0.481979565471253,-0.24058896519102,-0.147697043586675,-0.0783822176670529,-0.00426117792415733,1128.71834552852,1.00413152901609
"q_values[29,5,6]",-0.282324057420955,0.00615243989143645,0.206217007165327,-0.787719764244135,-0.396908952003861,-0.244596811778745,-0.130189693674666,-0.00710061944764247,1123.45116901148,1.0041565575581
"q_values[29,5,7]",-0.162639548619076,0.00422088605549533,0.148354818232613,-0.554019246496779,-0.225330501881634,-0.124044886221952,-0.0597030863430649,-0.00286360343503576,1235.36716753385,1.00356799657862
"q_values[29,5,8]",0,NA,0,0,0,0,0,0,NA,NA
"q_values[30,1,1]",-0.12725804231065,0.00257340029740221,0.103536779739168,-0.400234688099484,-0.166833540804754,-0.100218746253781,-0.0554413389593798,-0.0113253793109755,1618.73073478272,1.00275910199675
"q_values[30,1,2]",0,NA,0,0,0,0,0,0,NA,NA
"q_values[30,1,3]",0,NA,0,0,0,0,0,0,NA,NA
"q_values[30,1,4]",-0.263965364022272,0.00464471300015066,0.17988494847652,-0.718531411280156,-0.346184574488081,-0.225467438449875,-0.135597342624969,-0.0319511895364236,1499.93308449267,1.0027775466419
"q_values[30,1,5]",0.312836678403041,0.00520500060753117,0.198407034825266,0.0418941263940748,0.170202134014561,0.274978162673588,0.409681331559864,0.80261734604024,1453.02325236501,1.00277762383148
"q_values[30,1,6]",0.302117598284399,0.00421216366395171,0.148897923431927,0.0509707349039258,0.191028029582101,0.289514184942474,0.398087447688382,0.621768385263587,1249.58788865109,1.00277795367743
"q_values[30,1,7]",0.428211210041761,0.00672872128960401,0.250826101920694,0.0621964558578809,0.245276445051334,0.387447927825992,0.561900051142205,1.0278475741588,1389.56983618156,1.00278513575584
"q_values[30,1,8]",0.499579745048721,0.00785017483787134,0.29263045224081,0.0725625318341944,0.286155852559889,0.452022582463658,0.655550059665906,1.19915550318527,1389.56983618156,1.00278513575584
"q_values[30,2,1]",0,NA,0,0,0,0,0,0,NA,NA
"q_values[30,2,2]",0.3568426750348,0.00560726774133668,0.209021751600578,0.0518303798815674,0.204397037542778,0.322873273188327,0.468250042618504,0.856539645132333,1389.56983618155,1.00278513575584
"q_values[30,2,3]",0.366645498697559,0.00515640123610313,0.183028628207413,0.061229355258034,0.230236311095572,0.349918953549408,0.482967131845817,0.76372990680646,1259.9248498346,1.00278011152673
"q_values[30,2,4]",-0.489319579356247,0.0082808878089319,0.316539839436268,-1.27606619549275,-0.642211225785143,-0.426723367569848,-0.261372873210118,-0.0632609870246952,1461.17742535934,1.00278303156461
"q_values[30,2,5]",0.0570523654605242,0.000752148089645752,0.0340917910915526,-0.0187783487884529,0.0493770605405683,0.0673553844566237,0.0762138257362069,0.0788221951871369,2054.43745126456,1.0020004346584
"q_values[30,2,6]",0,NA,0,0,0,0,0,0,NA,NA
"q_values[30,2,7]",-0.570948280055681,0.00897162838613868,0.334434802560925,-1.37046343221173,-0.749200068189606,-0.516597237101323,-0.327035260068445,-0.0829286078105078,1389.56983618155,1.00278513575584
"q_values[30,2,8]",0.0918904387883608,0.00166713051375284,0.0654908360636287,0.0106884428429291,0.0458927854938094,0.0770843127298604,0.119960981622497,0.259347151477247,1543.19876956034,1.00276012322014
"q_values[30,3,1]",-0.373486133291359,0.00532713086692225,0.190341949577226,-0.793076314290053,-0.491737456212083,-0.354088839580139,-0.231907437090657,-0.0613368108802392,1276.68070519608,1.00278291405446
"q_values[30,3,2]",0.418761930640789,0.00718961558304768,0.276229073855797,0.0528960249434082,0.220561780345124,0.362417981883678,0.549382558263632,1.10978553907761,1476.13961208949,1.00278074344374
"q_values[30,3,3]",0.428211210041761,0.00672872128960401,0.250826101920694,0.0621964558578809,0.245276445051334,0.387447927825992,0.561900051142205,1.0278475741588,1389.56983618156,1.00278513575584
"q_values[30,3,4]",0,NA,0,0,0,0,0,0,NA,NA
"q_values[30,3,5]",0,NA,0,0,0,0,0,0,NA,NA
"q_values[30,3,6]",-0.227786874208481,0.00372301733266266,0.140962406493656,-0.572616602046587,-0.298490674303633,-0.202063735974459,-0.125980474515836,-0.0313131391733509,1433.56204640889,1.00278042460414
"q_values[30,3,7]",-0.0806418284752655,0.00138627064381825,0.0538439683069639,-0.215736154344055,-0.104884355896538,-0.069552347522884,-0.0427554774343275,-0.0104768732835979,1508.61376769188,1.00275320220904
"q_values[30,3,8]",-0.21410560502088,0.003364360644802,0.125413050960347,-0.5139237870794,-0.280950025571102,-0.193723963912996,-0.122638222525667,-0.0310982279289404,1389.56983618156,1.00278513575584
"q_values[30,4,1]",-0.21410560502088,0.003364360644802,0.125413050960347,-0.5139237870794,-0.280950025571102,-0.193723963912996,-0.122638222525667,-0.0310982279289404,1389.56983618156,1.00278513575584
"q_values[30,4,2]",0.14273707001392,0.00224290709653467,0.0836087006402313,0.020732151952627,0.0817588150171112,0.129149309275331,0.187300017047402,0.342615858052933,1389.56983618155,1.00278513575584
"q_values[30,4,3]",0.248308777989881,0.00426743142903387,0.16459490919513,0.0316355060399665,0.13099385250109,0.214573394066654,0.324801647402429,0.660655824497367,1487.64632762924,1.00277171383711
"q_values[30,4,4]",0,NA,0,0,0,0,0,0,NA,NA
"q_values[30,4,5]",0,NA,0,0,0,0,0,0,NA,NA
"q_values[30,4,6]",0.119252977163562,0.00241060389815343,0.0977726667788719,0.0111182653317499,0.0525772894741478,0.0937638568527869,0.155042279087558,0.37673278141162,1645.06556880611,1.00273364730239
"q_values[30,4,7]",0.0935122113713642,0.00172570292993447,0.0684075220095256,0.0106906706329819,0.0460294147809343,0.0776228506328517,0.121603663626878,0.26940169669991,1571.35982301207,1.00274552826225
"q_values[30,4,8]",-0.0578632517520259,0.000733691199627257,0.0327892262636681,-0.0793396684434407,-0.0767458594303281,-0.0678896195416676,-0.0501332993095056,0.0137510761771214,1997.26511934276,1.00199732562938
"q_values[30,5,1]",-0.428211210041761,0.00672872128960401,0.250826101920694,-1.0278475741588,-0.561900051142205,-0.387447927825992,-0.245276445051334,-0.0621964558578809,1389.56983618156,1.00278513575584
"q_values[30,5,2]",-0.26981755399545,0.00411369661523096,0.152141501051759,-0.627356129323077,-0.353217107009151,-0.247404574167441,-0.158914139910343,-0.0411486204087968,1367.82606341713,1.00277808491777
"q_values[30,5,3]",0.126269597690028,0.00184546733631015,0.0672677196363271,0.0204153545611434,0.0770870102496697,0.117985995940614,0.165095748959558,0.279712998658812,1328.61969250743,1.00277200145361
"q_values[30,5,4]",0.28547414002784,0.00448581419306934,0.167217401280463,0.0414643039052539,0.163517630034222,0.258298618550662,0.374600034094803,0.685231716105867,1389.56983618155,1.00278513575584
"q_values[30,5,5]",0.448733113823161,0.00726595176372853,0.274113127512942,0.0625188227244965,0.250289823036587,0.399957585918187,0.588211024241,1.11588679660958,1423.22855534022,1.00278174307427
"q_values[30,5,6]",0.163258973795321,0.00278417628672277,0.107090738156425,0.0210545188192426,0.086772193002365,0.141658967367526,0.213610990146197,0.430655080503713,1479.48430993118,1.00277320659249
"q_values[30,5,7]",0,NA,0,0,0,0,0,0,NA,NA
"q_values[30,5,8]",0,NA,0,0,0,0,0,0,NA,NA
"q_values[31,1,1]",-0.0191596056371914,0.000511515988730619,0.0179857788541665,-0.0604275142928575,-0.030852938145451,-0.013905099168454,-0.00378919155347427,-6.90933512151904e-05,1236.34612481781,1.00106949247449
"q_values[31,1,2]",0,NA,0,0,0,0,0,0,NA,NA
"q_values[31,1,3]",-0.183932542998452,0.00554334884390466,0.230995542279407,-0.808394779022872,-0.254509571570825,-0.104086227755013,-0.0271118117201402,-0.000514888231691362,1736.45198352296,1.00012679884372
"q_values[31,1,4]",-0.210208620569659,0.00633525582160533,0.263994905462179,-0.923879747454711,-0.290868081795229,-0.118955688862872,-0.0309849276801602,-0.000588443693361556,1736.45198352296,1.00012679884372
"q_values[31,1,5]",0.0762592370867888,0.00226705456983784,0.0937441306438306,0.00022065556598982,0.0115896363291317,0.0441826192836636,0.106671967203306,0.327482317628426,1709.87445316774,1.0001425867402
"q_values[31,1,6]",0.0596686270764309,0.00191213663311383,0.0849568408044164,0.000147132565361784,0.00780623602907935,0.0306233269412388,0.0780047855490503,0.284317336669236,1974.05325683209,0.999989112694583
"q_values[31,1,7]",0,NA,0,0,0,0,0,0,NA,NA
"q_values[31,1,8]",0.0409032029464991,0.00151205912793152,0.0710004659732566,7.36041534324253e-05,0.00400771850033067,0.0168363580882951,0.0479195349876475,0.224735060864381,2204.87944851631,0.999894111300157
"q_values[31,2,1]",0.210208620569659,0.00633525582160533,0.263994905462179,0.000588443693361558,0.0309849276801602,0.118955688862872,0.290868081795229,0.923879747454712,1736.45198352296,1.00012679884372
"q_values[31,2,2]",0.236484698140867,0.00712716279930599,0.296994268644951,0.000661999155031752,0.0348580436401802,0.133825149970731,0.327226592019632,1.03936471588655,1736.45198352295,1.00012679884372
"q_values[31,2,3]",-0.0713175792723466,0.00205177593399136,0.0818807645588002,-0.290552212668533,-0.10280227101021,-0.0435258910686618,-0.0115447494487887,-0.000220639335269747,1592.58974689088,1.00024988968238
"q_values[31,2,4]",-0.0496009447959842,0.00199060929752223,0.0956527173651741,-0.28987908817419,-0.0544811775469081,-0.0179385763306266,-0.00408266553591154,-7.36312055611813e-05,2308.99274391649,0.999861614495909
"q_values[31,2,5]",0,NA,0,0,0,0,0,0,NA,NA
"q_values[31,2,6]",-0.0436565652248948,0.00121119470815243,0.0450139239830955,-0.163731052032522,-0.0661073140735032,-0.0286334163088173,-0.00767122678374094,-0.000147083870813646,1381.22940993166,1.00056218168012
"q_values[31,2,7]",0.0298343135382154,0.000956068316556914,0.0424784204022082,7.35662826808918e-05,0.00390311801453967,0.0153116634706194,0.0390023927745252,0.142158668334618,1974.05325683209,0.999989112694583
"q_values[31,2,8]",0,NA,0,0,0,0,0,0,NA,NA
"q_values[31,3,1]",0,NA,0,0,0,0,0,0,NA,NA
"q_values[31,3,2]",0.0895029406146463,0.00286820494967074,0.127435261206625,0.000220698848042676,0.011709354043619,0.0459349904118582,0.117007178323575,0.426476005003854,1974.0532568321,0.999989112694583
"q_values[31,3,3]",0.10510431028483,0.00316762791080266,0.13199745273109,0.000294221846680779,0.0154924638400801,0.0594778444314362,0.145434040897614,0.461939873727356,1736.45198352296,1.00012679884372
"q_values[31,3,4]",-0.0525521551424148,0.00158381395540133,0.0659987263655448,-0.230969936863678,-0.0727170204488072,-0.0297389222157181,-0.00774623192004005,-0.000147110923340389,1736.45198352296,1.00012679884372
"q_values[31,3,5]",-0.0025555142103608,0.00076789054277705,0.0410813030739968,-0.018109065078304,-0.0149782507347176,-0.00803552615703337,-0.00177146597428984,0.0619895962047884,2862.13281886081,1.00014946724129
"q_values[31,3,6]",0,NA,0,0,0,0,0,0,NA,NA
"q_values[31,3,7]",0.0405090214392395,0.00153026971970573,0.0726751976034414,7.35987457129832e-05,0.00399312417809861,0.0166382705589004,0.0469340404248899,0.222179768042955,2255.46697864678,0.999865848962505
"q_values[31,3,8]",0.0985948639713911,0.00329594462285976,0.149767065491584,0.000220731307890874,0.0117988954014319,0.0472352961835844,0.124554315445594,0.49417532513509,2064.77545210289,0.999952484935719
"q_values[31,4,1]",0.0717117607796063,0.00206365149511889,0.0813446386679876,0.00022064474298919,0.0115593437710208,0.0437239785980565,0.103787765572968,0.293107505489959,1553.76436128655,1.00030369906226
"q_values[31,4,2]",0.16969959913042,0.00491530468398734,0.195463686682409,0.000514844947648574,0.0269918035020616,0.102317418303972,0.243934041370339,0.701699979411757,1581.36194934223,1.00027200675984
"q_values[31,4,3]",-0.0407053548784642,0.001495714618914,0.0700495900937875,-0.223194838417243,-0.0478714711716042,-0.0168330704237258,-0.00400766039961242,-7.36041530344384e-05,2193.37919518554,0.99990020329769
"q_values[31,4,4]",0.0515644294310505,0.00154538269563588,0.0645437294737628,0.000147105514426987,0.00773146329565324,0.0295309716926153,0.0715873344379196,0.223793976700839,1744.359611728,1.00011413609521
"q_values[31,4,5]",0,NA,0,0,0,0,0,0,NA,NA
"q_values[31,4,6]",-0.0525521551424148,0.00158381395540133,0.0659987263655448,-0.230969936863678,-0.0727170204488072,-0.0297389222157181,-0.00774623192004005,-0.000147110923340389,1736.45198352296,1.00012679884372
"q_values[31,4,7]",0.131380387856037,0.00395953488850333,0.164996815913862,0.000367777308350974,0.0193655798001001,0.0743473055392953,0.181792551122018,0.577424842159195,1736.45198352295,1.00012679884372
"q_values[31,4,8]",0,NA,0,0,0,0,0,0,NA,NA
"q_values[31,5,1]",-0.183932542998452,0.00554334884390466,0.230995542279407,-0.808394779022872,-0.254509571570825,-0.104086227755013,-0.0271118117201402,-0.000514888231691362,1736.45198352296,1.00012679884372
"q_values[31,5,2]",-0.0316134315217194,0.0010447223873859,0.0473848726465601,-0.155495518286007,-0.0403243340495859,-0.0155327646519996,-0.0039181190417995,-7.35716931862402e-05,2057.2052920168,0.999950125727895
"q_values[31,5,3]",0,NA,0,0,0,0,0,0,NA,NA
"q_values[31,5,4]",0,NA,0,0,0,0,0,0,NA,NA
"q_values[31,5,5]",-0.0561103911094229,0.00174947938184208,0.0753381746025923,-0.257643636766457,-0.0753609029989288,-0.0301811245784784,-0.0077762339745597,-0.000147121744351086,1854.43890311755,1.00004489718548
"q_values[31,5,6]",0.0462405568970111,0.00180831588085403,0.0863395255798452,7.3620384948471e-05,0.00405272158211015,0.0174996616324356,0.0518853588128298,0.26474561071855,2279.66338183437,0.999868613056553
"q_values[31,5,7]",0.0203466940454009,0.000546563191965024,0.0201442750950524,7.35338220367203e-05,0.00381346045529024,0.0140047823697545,0.0313591280204203,0.0713789033091068,1358.38389924008,1.0005632409441
"q_values[31,5,8]",-0.210208620569659,0.00633525582160533,0.263994905462179,-0.923879747454711,-0.290868081795229,-0.118955688862872,-0.0309849276801602,-0.000588443693361556,1736.45198352296,1.00012679884372
"q_values[32,1,1]",0.0210541673481914,0.000541461286816028,0.0191594192369323,4.26049364317401e-05,0.00556213664710811,0.0162939326473233,0.0314403370271345,0.0686950175933088,1252.0736012749,1.00080078503705
"q_values[32,1,2]",0,NA,0,0,0,0,0,0,NA,NA
"q_values[32,1,3]",-0.0731933468345314,0.00199598814127628,0.0763029375063128,-0.270425649133681,-0.104790667021858,-0.0514703973116539,-0.0169722959600357,-0.000127831149398017,1461.39158432121,1.00076236638716
"q_values[32,1,4]",0.0975911291127086,0.0026613175217017,0.101737250008417,0.00017044153253069,0.0226297279467142,0.0686271964155386,0.139720889362478,0.360567532178242,1461.39158432121,1.00076236638716
"q_values[32,1,5]",0,NA,0,0,0,0,0,0,NA,NA
"q_values[32,1,6]",-0.17326846456021,0.00475610048884638,0.183195879913551,-0.647244300511842,-0.246951797503421,-0.120686305238415,-0.0396660369997188,-0.000298276313268978,1483.64282372828,1.00075584524708
"q_values[32,1,7]",-0.080645312673441,0.00229815057139345,0.0920747009789788,-0.319179006733438,-0.112111390379112,-0.0532365318453224,-0.0171643352389423,-0.00012784204341883,1605.17976006078,1.0007151988487
"q_values[32,1,8]",-0.0443055473172509,0.00116172663984422,0.0422929403785476,-0.151443794375067,-0.0651930578994971,-0.0331614261981648,-0.0111877431622729,-8.52135039716455e-05,1325.34170256173,1.00079216507341
"q_values[32,2,1]",-0.0731933468345314,0.00199598814127628,0.0763029375063128,-0.270425649133681,-0.104790667021858,-0.0514703973116539,-0.0169722959600357,-0.000127831149398017,1461.39158432121,1.00076236638716
"q_values[32,2,2]",0.0487955645563543,0.00133065876085085,0.0508686250042086,8.5220766265345e-05,0.0113148639733571,0.0343135982077693,0.0698604446812389,0.180283766089121,1461.39158432121,1.00076236638716
"q_values[32,2,3]",0.103801100645133,0.00291115318880032,0.114779089989576,0.000170450610881368,0.0227897606791364,0.0700989751935956,0.145821492160189,0.401195330178039,1554.51685741166,1.00073301310324
"q_values[32,2,4]",0,NA,0,0,0,0,0,0,NA,NA
"q_values[32,2,5]",0.0348109950576034,0.00108848566474793,0.0471801350222799,4.26267235449438e-05,0.00594404230527277,0.0197655992838415,0.0455703546462163,0.157412292746942,1878.76703440723,1.00062456607629
"q_values[32,2,6]",0.0343337367300565,0.00108026443155735,0.0472576420800596,4.26249084937566e-05,0.0059134843585541,0.0195116451487759,0.0446911868169582,0.155146359844236,1913.74444752492,1.00060026836874
"q_values[32,2,7]",0,NA,0,0,0,0,0,0,NA,NA
"q_values[32,2,8]",-0.0211497593455586,0.000545493105966272,0.0194164868308521,-0.0694274709304655,-0.03148295611842,-0.0162989828498916,-0.00556231772207883,-4.26049365091086e-05,1266.9596174041,1.00080063563246
"q_values[32,3,1]",0,NA,0,0,0,0,0,0,NA,NA
"q_values[32,3,2]",-0.0562475303952638,0.00163562440526596,0.0667798793844392,-0.229037123688877,-0.077181168038493,-0.0360797327414377,-0.0115069032522638,-8.52316602861578e-05,1666.95584604245,1.00069225635295
"q_values[32,3,3]",0.0675569272863103,0.00178272675250453,0.0654684179718241,0.000127822071511551,0.0168133496774378,0.0500289197490063,0.0989457787718598,0.234192571156824,1348.63407751437,1.00078820418327
"q_values[32,3,4]",-0.00853863228597495,0.000343724683822913,0.018269932907769,-0.0193833511252505,-0.0169936202363327,-0.0112392261541066,-0.00365972038955571,0.0132930317434421,2825.22124065447,0.999551709174728
"q_values[32,3,5]",-0.0731933468345314,0.00199598814127628,0.0763029375063128,-0.270425649133681,-0.104790667021858,-0.0514703973116539,-0.0169722959600357,-0.000127831149398017,1461.39158432121,1.00076236638716
"q_values[32,3,6]",0.0975911291127086,0.0026613175217017,0.101737250008417,0.00017044153253069,0.0226297279467142,0.0686271964155386,0.139720889362478,0.360567532178242,1461.39158432121,1.00076236638716
"q_values[32,3,7]",0.0343337367300565,0.00108026443155735,0.0472576420800596,4.26249084937566e-05,0.0059134843585541,0.0195116451487759,0.0446911868169582,0.155146359844236,1913.74444752492,1.00060026836874
"q_values[32,3,8]",0,NA,0,0,0,0,0,0,NA,NA
"q_values[32,4,1]",0.195182258225417,0.0053226350434034,0.203474500016834,0.00034088306506138,0.0452594558934285,0.137254392831077,0.279441778724955,0.721135064356484,1461.39158432121,1.00076236638716
"q_values[32,4,2]",-0.0294972076367991,0.000638931701790653,0.0231649330187079,-0.0637900020159743,-0.0489893100449202,-0.0290321766781456,-0.0102172160114017,-3.07394670602106e-05,1314.47770250008,1.00002031013596
"q_values[32,4,3]",-0.0194298050522375,0.000482547965956237,0.016119006346179,-0.0570011226170997,-0.0300279540123613,-0.015979376081439,-0.00552940580074079,-4.26031204521304e-05,1115.82362899513,1.00074962843125
"q_values[32,4,4]",-0.0425855930239297,0.00109589694276457,0.0386394025821529,-0.139655968089324,-0.0637598418835271,-0.0328418194297123,-0.0111548312409349,-8.52116879146673e-05,1243.14381985128,1.00079541242275
"q_values[32,4,5]",0,NA,0,0,0,0,0,0,NA,NA
"q_values[32,4,6]",0,NA,0,0,0,0,0,0,NA,NA
"q_values[32,4,7]",-0.0781971801957861,0.00195000337364943,0.0654105292803482,-0.231982915754384,-0.120412055866228,-0.0639427553385972,-0.0221185285778168,-0.000170412482195364,1125.18672883071,1.00076627690313
"q_values[32,4,8]",0.17078447594724,0.00465730566297797,0.17804018751473,0.000298272681928708,0.0396020239067499,0.120097593727192,0.244511556384336,0.630993181311923,1461.39158432122,1.00076236638716
"q_values[32,5,1]",-0.080645312673441,0.00229815057139345,0.0920747009789788,-0.319179006733438,-0.112111390379112,-0.0532365318453224,-0.0171643352389423,-0.00012784204341883,1605.17976006078,1.0007151988487
"q_values[32,5,2]",0.0657413809956219,0.00171120254745799,0.0614466314406301,0.000127820255377204,0.016780256681129,0.0497042627779855,0.0974699436646042,0.221672291533925,1289.41679505752,1.00079504266918
"q_values[32,5,3]",0,NA,0,0,0,0,0,0,NA,NA
"q_values[32,5,4]",-0.17078447594724,0.00465730566297797,0.17804018751473,-0.630993181311923,-0.244511556384336,-0.120097593727192,-0.0396020239067499,-0.000298272681928707,1461.39158432122,1.00076236638716
"q_values[32,5,5]",-0.0641767545617202,0.00195742904468343,0.0832635577150118,-0.28005641419134,-0.0853810592250051,-0.0380998214101717,-0.0117295004778891,-8.52443693581581e-05,1809.41368614231,1.00064515111911
"q_values[32,5,6]",0.065264122668075,0.00169862964502154,0.0611640336570554,0.000127818440326017,0.0167496987344103,0.0494503086429199,0.0965907758353461,0.219406358631219,1296.56662651263,1.00079610863906
"q_values[32,5,7]",0.0975911291127086,0.0026613175217017,0.101737250008417,0.00017044153253069,0.0226297279467142,0.0686271964155386,0.139720889362478,0.360567532178242,1461.39158432121,1.00076236638716
"q_values[32,5,8]",0,NA,0,0,0,0,0,0,NA,NA
"q_values[33,1,1]",0.157191804625901,0.00382858532402755,0.134066586588878,0.0016991117270822,0.0600585895318969,0.127077768458089,0.218022167779862,0.491658329831587,1226.2088430003,1.00130585163545
"q_values[33,1,2]",0.0276859281596375,0.000696411975343516,0.0251527162671701,0.000283265572654894,0.0101139720479924,0.021666207481493,0.0378493223749448,0.0908586046798713,1304.47969238482,1.001136393343
"q_values[33,1,3]",0,NA,0,0,0,0,0,0,NA,NA
"q_values[33,1,4]",0,NA,0,0,0,0,0,0,NA,NA
"q_values[33,1,5]",-0.0318244433187845,0.000849312871334629,0.0317717877509954,-0.113315506050909,-0.0427470116956355,-0.0233845086091477,-0.0105067301740728,-0.000283586166851448,1399.4194106444,1.0009995382631
"q_values[33,1,6]",0.0964959159358473,0.0022481013339348,0.0757616240135084,0.00113217979360715,0.0393376919134819,0.0815784757111242,0.136105454018621,0.280769552302987,1135.70826021009,1.00152123916069
"q_values[33,1,7]",-0.0606958886900534,0.00159060368699453,0.0589731824020676,-0.2108887775286,-0.0819167137612402,-0.0454992927469648,-0.0207208976184151,-0.000566931933475054,1374.62791605397,1.00102875925424
"q_values[33,1,8]",-0.0523972682086336,0.00127619510800918,0.0446888621962928,-0.163886109943862,-0.0726740559266206,-0.0423592561526963,-0.0200195298439656,-0.000566370575694068,1226.20884300029,1.00130585163545
"q_values[33,2,1]",-0.119527262270175,0.0031037023929153,0.113993638750401,-0.410110901711609,-0.162081239709628,-0.0904645026527587,-0.0413325734487461,-0.00113378346859331,1348.96627311594,1.0010771440086
"q_values[33,2,2]",0.198919417929852,0.00471102038809452,0.161100188757672,0.00226476055705786,0.0791763608087133,0.165399834703869,0.278812806490543,0.595112438595072,1169.39741918248,1.00143649338558
"q_values[33,2,3]",0.148893184144481,0.00352245312295773,0.120342000568962,0.00169855036930122,0.0593572217574475,0.12393773186382,0.208779509945242,0.444655662246849,1167.19658838055,1.0014418538986
"q_values[33,2,4]",-0.130993170521584,0.00319048777002295,0.111722155490732,-0.409715274859656,-0.181685139816551,-0.105898140381741,-0.0500488246099141,-0.00141592643923517,1226.2088430003,1.00130585163545
"q_values[33,2,5]",0,NA,0,0,0,0,0,0,NA,NA
"q_values[33,2,6]",0,NA,0,0,0,0,0,0,NA,NA
"q_values[33,2,7]",0.104794536417267,0.00255239021601837,0.0893777243925857,0.00113274115138814,0.0400390596879313,0.0847185123053926,0.145348111853241,0.327772219887725,1226.20884300029,1.00130585163545
"q_values[33,2,8]",0.0611149209821685,0.00130217043568412,0.040336285052079,0.000848353044849565,0.0285303755503593,0.0568133492074897,0.0893423012282846,0.145813397098433,959.524643028054,1.00207879805055
"q_values[33,3,1]",0,NA,0,0,0,0,0,0,NA,NA
"q_values[33,3,2]",-0.0850179648741448,0.0018511301941809,0.0585812419235955,-0.215644227843842,-0.12314155051324,-0.0771402125839095,-0.0383407526120572,-0.00113137796746896,1001.48216497086,1.00192127407707
"q_values[33,3,3]",-0.0988669503591101,0.00233390547268886,0.079584979965203,-0.294198885898626,-0.138746213399941,-0.0824756290237723,-0.0395380827061817,-0.00113234018154457,1162.77503236519,1.001452695458
"q_values[33,3,4]",-0.210774590046166,0.00514902261477978,0.180744854384159,-0.662259106573269,-0.292016603397142,-0.169885601267109,-0.0801783147722125,-0.00226556249674498,1232.20306837754,1.00129288072103
"q_values[33,3,5]",-0.183390438730218,0.00446668287803213,0.156411017687025,-0.573601384803518,-0.254359195743172,-0.148257396534437,-0.0700683544538797,-0.00198229701492924,1226.2088430003,1.00130585163545
"q_values[33,3,6]",0.104794536417267,0.00255239021601837,0.0893777243925857,0.00113274115138814,0.0400390596879313,0.0847185123053926,0.145348111853241,0.327772219887725,1226.20884300029,1.00130585163545
"q_values[33,3,7]",0.0800831963682711,0.001972254681086,0.0698061001592145,0.000849636148348961,0.030133501891958,0.0640254636341893,0.110523378301565,0.254744714623734,1252.73947041904,1.00124486728595
"q_values[33,3,8]",0,NA,0,0,0,0,0,0,NA,NA
"q_values[33,4,1]",-0.158377321837532,0.00387284243406058,0.136056811818064,-0.498372996629406,-0.219342547470522,-0.127526345114413,-0.0601587849282468,-0.00169919192105091,1234.18687556978,1.00128862000917
"q_values[33,4,2]",0,NA,0,0,0,0,0,0,NA,NA
"q_values[33,4,3]",-0.104794536417267,0.00255239021601837,0.0893777243925857,-0.327772219887725,-0.145348111853241,-0.0847185123053926,-0.0400390596879313,-0.00113274115138814,1226.20884300029,1.00130585163545
"q_values[33,4,4]",0.157191804625901,0.00382858532402755,0.134066586588878,0.0016991117270822,0.0600585895318969,0.127077768458089,0.218022167779862,0.491658329831587,1226.2088430003,1.00130585163545
"q_values[33,4,5]",0.14454037916286,0.00369567054909465,0.134201203338887,0.00141688856247164,0.051242142974379,0.111195554072783,0.197097887982278,0.485339289885721,1318.64023178208,1.00112868335391
"q_values[33,4,6]",-0.0788976791566397,0.00192778576858344,0.0678032186155045,-0.248030047825914,-0.109202998610905,-0.0635768869778652,-0.0300333064956081,-0.000849555954380249,1237.03811427375,1.00127768939593
"q_values[33,4,7]",0,NA,0,0,0,0,0,0,NA,NA
"q_values[33,4,8]",-0.198919417929852,0.00471102038809452,0.161100188757672,-0.595112438595072,-0.278812806490543,-0.165399834703869,-0.0791763608087133,-0.00226476055705786,1169.39741918248,1.00143649338558
"q_values[33,5,1]",0,NA,0,0,0,0,0,0,NA,NA
"q_values[33,5,2]",0,NA,0,0,0,0,0,0,NA,NA
"q_values[33,5,3]",0.11597071063528,0.00296826296791227,0.107814695555553,0.00113354288668718,0.0410319872596963,0.0891187726837865,0.158120100637648,0.38996690131815,1319.32312282912,1.00112875669587
"q_values[33,5,4]",-0.124408176728252,0.00295069187295394,0.101240030668919,-0.373278819165448,-0.174098712434297,-0.103273185254233,-0.0494546727587189,-0.0014154454343914,1177.21778614827,1.00141178993946
"q_values[33,5,5]",-0.183390438730218,0.00446668287803213,0.156411017687025,-0.573601384803518,-0.254359195743172,-0.148257396534437,-0.0700683544538797,-0.00198229701492924,1226.2088430003,1.00130585163545
"q_values[33,5,6]",0.130993170521584,0.00319048777002295,0.111722155490732,0.00141592643923517,0.0500488246099141,0.105898140381741,0.181685139816551,0.409715274859656,1226.2088430003,1.00130585163545
"q_values[33,5,7]",-0.0821524539478446,0.00204790864601519,0.0730496131377302,-0.265973165309252,-0.112972222961911,-0.0648846141980166,-0.0303298809549982,-0.000849796445447238,1272.37369377061,1.00120957940227
"q_values[33,5,8]",-0.146522149721218,0.00343631549147908,0.116498410324362,-0.43122632865121,-0.206138750563922,-0.123040578551172,-0.0591568309647476,-0.00169838998136379,1149.35433588534,1.00148620504611
"q_values[34,1,1]",-0.0414232083757308,0.00150447522450604,0.0583431306409663,-0.207291371004835,-0.0546286549299993,-0.0203438598822067,-0.00524280620882145,-6.23452908638258e-05,1503.86682183524,1.00030806197206
"q_values[34,1,2]",0,NA,0,0,0,0,0,0,NA,NA
"q_values[34,1,3]",0.134230056482799,0.00522777792094284,0.208122030344471,0.000187042351106818,0.015774401663727,0.0617314710321569,0.169059455905135,0.705340186845508,1584.89993507598,1.00033682924401
"q_values[34,1,4]",0.0536013427446317,0.00186158684151818,0.0713542916348997,8.31264785308993e-05,0.00698626920782556,0.0270598360568707,0.0723147106237936,0.264348248225416,1469.17522827761,1.0002470432128
"q_values[34,1,5]",0.0386868920243206,0.00129052554517822,0.0490731423127431,6.23439950745862e-05,0.00523355791185589,0.0202007837199644,0.0535153679455784,0.184746162667282,1445.95416041475,1.00023894959733
"q_values[34,1,6]",-0.0382158759452702,0.00180295828121444,0.0781566746916866,-0.226114457743528,-0.0417433527868875,-0.0142797603426304,-0.00354223809710053,-4.15701497733696e-05,1879.1471570985,1.00049188039003
"q_values[34,1,7]",0,NA,0,0,0,0,0,0,NA,NA
"q_values[34,1,8]",0.104401155042177,0.00406604949406666,0.161872690267922,0.000145477384194191,0.0122689790717877,0.0480133663583442,0.131490687926216,0.548597923102062,1584.89993507598,1.00033682924401
"q_values[34,2,1]",0.0626860329495505,0.00255968973225427,0.104258504897079,8.31316614724287e-05,0.00702313317190522,0.0276243959930026,0.07654894862486,0.33805266711763,1659.00743629987,1.00038743628297
"q_values[34,2,2]",0.0343712465430815,0.00152449959404446,0.0645379442678175,4.15675583833908e-05,0.00352385457397916,0.0140003846418786,0.0396858869794521,0.193594473189553,1792.15525172415,1.00047448831271
"q_values[34,2,3]",-0.0447433521609332,0.00174259264031428,0.0693740101148237,-0.235113395615169,-0.0563531519683784,-0.020577157010719,-0.005258133887909,-6.23474503689392e-05,1584.89993507599,1.00033682924401
"q_values[34,2,4]",0,NA,0,0,0,0,0,0,NA,NA
"q_values[34,2,5]",0,NA,0,0,0,0,0,0,NA,NA
"q_values[34,2,6]",0.0298289014406221,0.00116172842687619,0.0462493400765491,4.15649669126261e-05,0.00350542259193933,0.0137181046738126,0.0375687679789189,0.156742263743446,1584.89993507598,1.00033682924401
"q_values[34,2,7]",0.0197487095396665,0.000948242437640771,0.0413648968307361,2.07855067850146e-05,0.00177418296907049,0.0071864427881072,0.0212145873613496,0.118477226297427,1902.94008835712,1.00049680655432
"q_values[34,2,8]",-0.0218113646195669,0.000641839157750017,0.025321640705558,-0.0868115582681645,-0.033487879721117,-0.013060239183765,-0.00344824360215593,-3.90888585086545e-05,1556.43599434403,1.00054828003623
"q_values[34,3,1]",0.134230056482799,0.00522777792094284,0.208122030344471,0.000187042351106818,0.015774401663727,0.0617314710321569,0.169059455905135,0.705340186845508,1584.89993507598,1.00033682924401
"q_values[34,3,2]",-0.0171856232715407,0.00076224979702223,0.0322689721339088,-0.0967972365947766,-0.0198429434897261,-0.00700019232093928,-0.00176192728698958,-2.07837791916954e-05,1792.15525172415,1.00047448831271
"q_values[34,3,3]",-0.036099751327434,0.00163576180641171,0.0697769216732616,-0.208651069663171,-0.0406980495517537,-0.0141392657513339,-0.00353303287472916,-4.15688540559397e-05,1819.63166028674,1.00045873999417
"q_values[34,3,4]",-0.0592883651976514,0.00231327112960772,0.09214714169115,-0.309749284185948,-0.0748178234539145,-0.0273907761681221,-0.0070078001084934,-8.31295019583391e-05,1586.75787115424,1.00035763233391
"q_values[34,3,5]",-0.076843426152785,0.00308107271501491,0.124359485670574,-0.410281764081669,-0.0949804794475639,-0.0344364016685646,-0.00877277247086825,-0.000103913713016948,1629.12323729224,1.0003675763552
"q_values[34,3,6]",0.104401155042177,0.00406604949406666,0.161872690267922,0.000145477384194191,0.0122689790717877,0.0480133663583442,0.131490687926216,0.548597923102062,1584.89993507598,1.00033682924401
"q_values[34,3,7]",0,NA,0,0,0,0,0,0,NA,NA
"q_values[34,3,8]",0,NA,0,0,0,0,0,0,NA,NA
"q_values[34,4,1]",-0.0447433521609332,0.00174259264031428,0.0693740101148237,-0.235113395615169,-0.0563531519683784,-0.020577157010719,-0.005258133887909,-6.23474503689392e-05,1584.89993507599,1.00033682924401
"q_values[34,4,2]",-0.0265087576554197,0.000926142684570531,0.0354157605480379,-0.128920239133112,-0.0358442709405399,-0.0134848075453004,-0.00349009491285179,-4.15628074075128e-05,1462.30290901814,1.00030008152901
"q_values[34,4,3]",0,NA,0,0,0,0,0,0,NA,NA
"q_values[34,4,4]",0.0596578028812442,0.00232345685375238,0.0924986801530983,8.31299338252522e-05,0.00701084518387867,0.0274362093476253,0.0751375359578379,0.313484527486892,1584.89993507598,1.00033682924401
"q_values[34,4,5]",0.0841873017023304,0.00307234289368808,0.119497786193139,0.00012469187735532,0.0104947637967715,0.0408249873920277,0.110236331769468,0.427232546876547,1512.79594222758,1.0002783967204
"q_values[34,4,6]",0.0558725152958614,0.00202905058633023,0.0787966772377634,8.31277742662817e-05,0.00699548519884548,0.0272009760409037,0.0733732701240602,0.28277435294847,1508.09971970157,1.00027463311021
"q_values[34,4,7]",0.0495776109802886,0.00210003261863128,0.086990040287644,6.23504736976408e-05,0.00527960556100983,0.0209045474619198,0.0587833553402686,0.275219490040873,1715.88028000507,1.00040133104528
"q_values[34,4,8]",0,NA,0,0,0,0,0,0,NA,NA
"q_values[34,5,1]",0,NA,0,0,0,0,0,0,NA,NA
"q_values[34,5,2]",0.104401155042177,0.00406604949406666,0.161872690267922,0.000145477384194191,0.0122689790717877,0.0480133663583442,0.131490687926216,0.548597923102062,1584.89993507598,1.00033682924401
"q_values[34,5,3]",-0.047252968891123,0.00146045530463975,0.0553104663103866,-0.204225189361114,-0.0691601396588493,-0.0265747381418293,-0.0069516317362428,-8.27692908604354e-05,1434.29372660049,1.00032985522937
"q_values[34,5,4]",-0.0462574671950863,0.00186043307282441,0.0752077689526449,-0.247397465430538,-0.0570588583018895,-0.0206712503334076,-0.00526427788192228,-6.23483141925274e-05,1634.17028139441,1.00037093068101
"q_values[34,5,5]",0.119315605762488,0.00464691370750476,0.184997360306197,0.000166259867650504,0.0140216903677573,0.0548724186952506,0.150275071915676,0.626969054973785,1584.89993507598,1.00033682924401
"q_values[34,5,6]",0,NA,0,0,0,0,0,0,NA,NA
"q_values[34,5,7]",-0.0164285657544642,0.000700392568504225,0.0291240474455536,-0.0906552016870921,-0.0194900903229705,-0.00695314565959496,-0.00175885528998294,-2.07833472799013e-05,1729.10115555719,1.0004336932542
"q_values[34,5,8]",-0.00402373176434303,0.000557418372407308,0.0306094554866466,-0.0168310775418857,-0.011556639128126,-0.00512195558123263,-0.00127624165596229,0.0108712418154566,3015.4258267734,1.00120148480069
"q_values[35,1,1]",0.143671065654498,0.00305417231017509,0.174693048142254,0.000204295984958706,0.0214853561912793,0.0816802214951376,0.19782757569235,0.651417090398625,3271.62994476727,1.00124972083235
"q_values[35,1,2]",-0.191561420872664,0.00407222974690012,0.232924064189672,-0.8685561205315,-0.263770100923134,-0.108906961993517,-0.0286471415883724,-0.000272394646611607,3271.62994476726,1.00124972083235
"q_values[35,1,3]",0,NA,0,0,0,0,0,0,NA,NA
"q_values[35,1,4]",0.0267009225604234,0.00044738961126213,0.0206587704504484,6.8075476289399e-05,0.00690790082297635,0.0236615443340072,0.0449759516092892,0.0610370359289042,2132.24522048641,1.0002116399143
"q_values[35,1,5]",0.00326105154209752,0.00153275025982978,0.0834787200243795,-0.0277318674721894,-0.0232294510132558,-0.0118005273383877,-0.00167993887397113,0.20720671958718,2966.25693103842,1.00124569923662
"q_values[35,1,6]",0.172088513854644,0.00420271736311854,0.242208091246196,0.00020431917253295,0.0217418121222911,0.0853866991359005,0.219569659515603,0.88716472913199,3321.36745487365,1.00142962526263
"q_values[35,1,7]",-0.145387591294221,0.00395511408354978,0.227763072956078,-0.834106800897975,-0.173361998911752,-0.0617251548018933,-0.0148339112993147,-0.000136243696243551,3316.26018773956,1.00147696624623
"q_values[35,1,8]",0,NA,0,0,0,0,0,0,NA,NA
"q_values[35,2,1]",0.383122841745328,0.00814445949380024,0.465848128379343,0.000544789293223215,0.0572942831767448,0.217813923987034,0.527540201846267,1.737112241063,3271.62994476726,1.00124972083235
"q_values[35,2,2]",-0.0999110050319914,0.00227089995920304,0.130580026920391,-0.475230367028322,-0.133032032859464,-0.0545342132689817,-0.0143250401409834,-0.000136197324569085,3306.41606647455,1.00139091462408
"q_values[35,2,3]",-0.170371988214921,0.00338474544704114,0.191587272751671,-0.704475018632638,-0.244035236296201,-0.105341765829145,-0.0283932570142557,-0.000272371461248104,3203.91720870702,1.00116802957579
"q_values[35,2,4]",0,NA,0,0,0,0,0,0,NA,NA
"q_values[35,2,5]",0,NA,0,0,0,0,0,0,NA,NA
"q_values[35,2,6]",-0.199667348610625,0.00373762923950541,0.204882794948685,-0.755291755102104,-0.299273708801364,-0.130944633794828,-0.0354498886820491,-0.000340460845660566,3004.82056445235,1.00083129337282
"q_values[35,2,7]",-0.0730467518762149,0.00131087978357588,0.0693191967672382,-0.241552882754927,-0.113905378676548,-0.0513827136902374,-0.0141018171800844,-0.000136178773246408,2796.28421931232,1.00048011091781
"q_values[35,2,8]",0.431013196963494,0.00916251693052528,0.524079144426761,0.000612887954876117,0.064456068573838,0.245040664485413,0.593482727077051,1.95425127119588,3271.62994476726,1.00124972083235
"q_values[35,3,1]",0.0228972891554702,0.00227691902343548,0.126472470371396,-0.019362473602694,-0.0157836632557548,-0.00722766083257046,-0.000214915408830987,0.365090600501942,3085.29597165066,1.00143399505921
"q_values[35,3,2]",0.262185734650947,0.00598849579724409,0.34439145809217,0.000340511858323905,0.0360140917302749,0.139098884604506,0.347106293212519,1.27429326165107,3307.26689801682,1.00135875987598
"q_values[35,3,3]",0,NA,0,0,0,0,0,0,NA,NA
"q_values[35,3,4]",0,NA,0,0,0,0,0,0,NA,NA
"q_values[35,3,5]",0.0616797725961563,0.00111618211327969,0.0546286295262808,0.000106514990491914,0.0138359231080344,0.0491297126242306,0.103151322136638,0.164986076466031,2395.35834809447,0.999656334967095
"q_values[35,3,6]",-0.143671065654498,0.00305417231017509,0.174693048142254,-0.651417090398625,-0.19782757569235,-0.0816802214951376,-0.0214853561912793,-0.000204295984958705,3271.62994476727,1.00124972083235
"q_values[35,3,7]",0.23945177609083,0.00509028718362515,0.291155080237089,0.00034049330826451,0.0358089269854655,0.136133702491896,0.329712626153917,1.08569515066438,3271.62994476727,1.00124972083235
"q_values[35,3,8]",0.169339414566007,0.00333461768062156,0.188403993952072,0.000272371460932285,0.0283928896775564,0.105321582761089,0.243748490696727,0.694236941941996,3192.18544559629,1.00113626128813
"q_values[35,4,1]",0.00535682844932323,0.00236432461834503,0.125750161893425,-0.305835451283827,0.00474859077956233,0.0262068569971462,0.0501255578070295,0.0600092366862761,2828.8042582451,1.00118066864303
"q_values[35,4,2]",0,NA,0,0,0,0,0,0,NA,NA
"q_values[35,4,3]",-0.241874214188762,0.00455119099198558,0.250397855755322,-0.925637958823868,-0.360867817267497,-0.157430078765055,-0.0425603828929398,-0.000408554869798619,3026.99071444954,1.00086216929279
"q_values[35,4,4]",-0.0982031485342638,0.00173685590078067,0.0874866666929485,-0.27565135921007,-0.160509027194413,-0.0748686414394515,-0.0208918949936571,-0.000169231828744033,2537.20853047835,0.999938237500723
"q_values[35,4,5]",-0.335232486527162,0.00712640205707521,0.407617112331925,-1.51997321093012,-0.461597676615484,-0.190587183488654,-0.0501324977796517,-0.000476690631570312,3271.62994476726,1.00124972083235
"q_values[35,4,6]",0.0256683489115086,0.000447587508903535,0.019833881864501,5.32518216141225e-05,0.00679641023371055,0.0230202657491385,0.0433944025887426,0.058521361342567,1963.62941182644,0.999816420520117
"q_values[35,4,7]",0,NA,0,0,0,0,0,0,NA,NA
"q_values[35,4,8]",-0.431013196963494,0.00916251693052528,0.524079144426761,-1.95425127119587,-0.593482727077051,-0.245040664485413,-0.064456068573838,-0.000612887954876115,3271.62994476726,1.00124972083235
"q_values[35,5,1]",0,NA,0,0,0,0,0,0,NA,NA
"q_values[35,5,2]",-0.124198158636478,0.00320328543430455,0.184674602355498,-0.670025698999113,-0.153627134284819,-0.0581599586375213,-0.014580026725198,-0.000136220510880048,3323.7095674238,1.00147208580017
"q_values[35,5,3]",0.121449059347841,0.00233263516796587,0.130435687044755,0.000204272799279383,0.0212311042804633,0.0780948422627097,0.177805965465943,0.477097911809121,3126.79365665992,1.00108085648133
"q_values[35,5,4]",-0.039621096884852,0.000758837431634327,0.0424528621495329,-0.153554204711459,-0.0581059284999052,-0.0258046986462416,-0.00706030503478626,-6.80893875706647e-05,3129.79909070051,1.0011224072078
"q_values[35,5,5]",0.0673632622361856,0.00118887064673355,0.0606756171258151,0.000114147108511418,0.0139842108918865,0.0502532426607869,0.108837314643741,0.195244830625921,2604.70890922738,1.00008375950579
"q_values[35,5,6]",0,NA,0,0,0,0,0,0,NA,NA
"q_values[35,5,7]",-0.095780710436332,0.00203611487345006,0.116462032094836,-0.43427806026575,-0.131885050461567,-0.0544534809967584,-0.0143235707941862,-0.000136197323305803,3271.62994476726,1.00124972083235
"q_values[35,5,8]",0.287342131308996,0.00610834462035017,0.349386096284507,0.000408591969917411,0.0429707123825586,0.163360442990275,0.3956551513847,1.30283418079725,3271.62994476727,1.00124972083235
"q_values[36,1,1]",0.469089730818941,0.0102585774718204,0.304341677452181,0.0150833891874531,0.2367855675116,0.419068684009774,0.655706829936858,1.16336001694264,880.133547231229,1.00263147302629
"q_values[36,1,2]",0,NA,0,0,0,0,0,0,NA,NA
"q_values[36,1,3]",-0.321431247631332,0.0062500226673472,0.176200053969377,-0.66870966801556,-0.45087759158619,-0.310197556057081,-0.184861882480586,-0.0125189325985492,794.783585867761,1.0025503250625
"q_values[36,1,4]",0.223094535475703,0.00479813321795003,0.141547966355465,0.00752913443547949,0.115585241555132,0.201481371866991,0.310493197987291,0.542937494673113,870.287337656929,1.00261674492236
"q_values[36,1,5]",-0.141739597775263,0.00382604467868774,0.123051622186637,-0.458203609532787,-0.198303263658175,-0.107167511269489,-0.0516163712869115,-0.00256437714940222,1034.36689470674,1.00256871638333
"q_values[36,1,6]",-0.312726487212627,0.00683905164788025,0.202894451634787,-0.775573344628424,-0.437137886624572,-0.279379122673182,-0.157857045007733,-0.0100555927916354,880.133547231228,1.00263147302629
"q_values[36,1,7]",0,NA,0,0,0,0,0,0,NA,NA
"q_values[36,1,8]",0.0955508371492699,0.00229897301443244,0.0709753150215323,0.00252653779565762,0.0425791171967035,0.0796013674893948,0.133170663329774,0.269082589349598,953.118524841306,1.00260905855331
"q_values[36,2,1]",-0.0363002231248196,0.0022418699873074,0.0879693903587084,-0.288695348917195,-0.0500877004282842,0.00118383178151055,0.014858867694493,0.0181127341895124,1539.72201218226,1.00204596086107
"q_values[36,2,2]",0.0608124064570438,0.00113877205117182,0.031592444196025,0.00250125860016009,0.0363494053071631,0.0600881938471964,0.0853982799825117,0.11853006704888,769.649257261496,1.00247868447712
"q_values[36,2,3]",0.199806434717244,0.00397547884603608,0.113213699884535,0.00751641539822903,0.11216307186626,0.190021168362688,0.280081031621167,0.431301502086333,810.99667464882,1.00258078651939
"q_values[36,2,4]",0.0245121833322242,0.00133863544143801,0.067372823562925,-0.169991265952582,0.0196770619658282,0.0478506026917747,0.0604055563521818,0.064004177141264,2533.05639809117,1.00121047755349
"q_values[36,2,5]",0,NA,0,0,0,0,0,0,NA,NA
"q_values[36,2,6]",-0.547271352622098,0.0119683403837904,0.355065290360877,-1.35725335309974,-0.764991301593001,-0.488913464678069,-0.276249828763533,-0.0175972873853619,880.133547231229,1.00263147302629
"q_values[36,2,7]",-0.625452974425255,0.0136781032957605,0.405788903269574,-1.55114668925685,-0.874275773249145,-0.558758245346365,-0.315714090015466,-0.0201111855832708,880.133547231228,1.00263147302629
"q_values[36,2,8]",0,NA,0,0,0,0,0,0,NA,NA
"q_values[36,3,1]",0,NA,0,0,0,0,0,0,NA,NA
"q_values[36,3,2]",0.243229473082527,0.0054214866095811,0.16216272622016,0.00754801439260094,0.119950211728185,0.214412635415436,0.339796510805245,0.619274635067564,894.674985588419,1.00263134093593
"q_values[36,3,3]",-0.547271352622098,0.0119683403837904,0.355065290360877,-1.35725335309974,-0.764991301593001,-0.488913464678069,-0.276249828763533,-0.0175972873853619,880.133547231229,1.00263147302629
"q_values[36,3,4]",0,NA,0,0,0,0,0,0,NA,NA
"q_values[36,3,5]",0.16504785127937,0.00371203630281693,0.111456144018921,0.00503411619469209,0.0804859504762517,0.144567854747141,0.230512039149102,0.425381298910458,901.537088996989,1.00263039629157
"q_values[36,3,6]",-0.0137977313530575,0.00148940904674477,0.0635410583851762,-0.197779512765029,-0.0181739977333332,0.0117891524717375,0.0206455874396522,0.0229963779478154,1820.03992139175,1.00182020846137
"q_values[36,3,7]",0.118879243399025,0.00161828989762985,0.0481556283535232,0.00250067065328858,0.0913154277187092,0.133585321103343,0.158382728372315,0.16735525729696,885.485516772879,1.00035032378498
"q_values[36,3,8]",-0.469089730818941,0.0102585774718204,0.304341677452181,-1.16336001694264,-0.655706829936858,-0.419068684009774,-0.2367855675116,-0.0150833891874531,880.133547231229,1.00263147302629
"q_values[36,4,1]",0.477774338491998,0.0105504454009585,0.314315449604462,0.0150897089863275,0.238342995483985,0.423946977420323,0.667649925773674,1.20095464353888,887.543950775916,1.00263173855799
"q_values[36,4,2]",0.190295912566195,0.0054670764182047,0.179584900707646,0.00260224827894751,0.0607765508747606,0.135415101722865,0.266046253863573,0.661903325473692,1079.01963801833,1.00252697690604
"q_values[36,4,3]",0,NA,0,0,0,0,0,0,NA,NA
"q_values[36,4,4]",-0.312726487212627,0.00683905164788025,0.202894451634787,-0.775573344628424,-0.437137886624572,-0.279379122673182,-0.157857045007733,-0.0100555927916354,880.133547231228,1.00263147302629
"q_values[36,4,5]",-0.183222828357828,0.00350839893343663,0.0984741137437118,-0.376832405328455,-0.254693303618709,-0.178112074824164,-0.107982489939668,-0.00749758310480856,787.818583863151,1.00253004391846
"q_values[36,4,6]",0,NA,0,0,0,0,0,0,NA,NA
"q_values[36,4,7]",0.156363243606314,0.00341952582394013,0.101447225817394,0.00502779639581771,0.0789285225038666,0.139689561336591,0.218568943312286,0.387786672314212,880.133547231228,1.00263147302629
"q_values[36,4,8]",0.634137582098311,0.0139698858627789,0.415757965225485,0.0201175053821452,0.317271517987851,0.563636538756914,0.88621886908596,1.58874131585309,885.717939331362,1.00263173936188
"q_values[36,5,1]",-0.234544865409471,0.00512928873591019,0.15217083872609,-0.581680008471318,-0.327853414968429,-0.209534342004887,-0.1183927837558,-0.00754169459372654,880.133547231229,1.00263147302629
"q_values[36,5,2]",0.469089730818941,0.0102585774718204,0.304341677452181,0.0150833891874531,0.2367855675116,0.419068684009774,0.655706829936858,1.16336001694264,880.133547231229,1.00263147302629
"q_values[36,5,3]",0.198224489539003,0.00398003582098459,0.114001084584821,0.00751019092675667,0.110974420386797,0.187187214971982,0.275969105415343,0.437442962763232,820.434670260374,1.00258385184325
"q_values[36,5,4]",0,NA,0,0,0,0,0,0,NA,NA
"q_values[36,5,5]",0,NA,0,0,0,0,0,0,NA,NA
"q_values[36,5,6]",-0.0197569222566995,0.000509096502821256,0.0267607674433873,-0.0364599057807414,-0.0345423035904802,-0.028506512065736,-0.0149679573949756,0.0546903542589021,2763.10189342491,1.00075083064125
"q_values[36,5,7]",0.251914080755584,0.00571490284277475,0.172220751962773,0.00755433419147532,0.12150763970057,0.219290928825986,0.35173960664206,0.65686926166381,908.140949857493,1.00262900144642
"q_values[36,5,8]",-0.095570989894918,0.00148646345019382,0.0400458380987549,-0.142758684950027,-0.131563734997716,-0.103996409968564,-0.0670291929158587,-0.00473300548618917,725.782185842529,1.00153272094258
"q_values[37,1,1]",0.284249879270174,0.00794881774954357,0.278602841552814,0.000491186044023743,0.0689047597860337,0.207562491808242,0.412898559141425,1.01716577751919,1228.47409822161,1.00273057556412
"q_values[37,1,2]",-0.0711742487995971,0.00203750390074241,0.0721634387832708,-0.258366104805365,-0.101953645488603,-0.0514687896013519,-0.0171733943690177,-0.000122793684556412,1254.40432566485,1.00281612557799
"q_values[37,1,3]",0.0640622148076547,0.0023804584403528,0.0960785261847547,6.14326597167085e-05,0.00930019175607862,0.0323792750399293,0.0784004677471779,0.324640916539043,1629.03890998549,1.00308407999083
"q_values[37,1,4]",0.0325846333888576,0.000850264601545306,0.0291990692101643,6.13949563577625e-05,0.0085468934544639,0.0253191783818907,0.0489637478105639,0.105956367124726,1179.31498630617,1.00246773328808
"q_values[37,1,5]",0,NA,0,0,0,0,0,0,NA,NA
"q_values[37,1,6]",0,NA,0,0,0,0,0,0,NA,NA
"q_values[37,1,7]",-0.235918335463397,0.00711480625972871,0.256106505224755,-0.922405218639456,-0.330105761132379,-0.160502038439544,-0.0521892672701935,-0.000368414983566533,1295.73163708018,1.00290613650483
"q_values[37,1,8]",0.157278890308931,0.00474320417315246,0.170737670149837,0.000245609989044356,0.0347928448467956,0.107001358959696,0.220070507421586,0.614936812426304,1295.73163708018,1.00290613650483
"q_values[37,2,1]",0.275238058040629,0.00830060730301683,0.298790922762215,0.000429817480827623,0.0608874784818924,0.187252378179468,0.385123387987776,1.07613942174603,1295.73163708018,1.00290613650483
"q_values[37,2,2]",-0.157278890308931,0.00474320417315246,0.170737670149837,-0.614936812426304,-0.220070507421586,-0.107001358959696,-0.0347928448467956,-0.000245609989044355,1295.73163708018,1.00290613650483
"q_values[37,2,3]",-0.0662600793307334,0.0025284316586692,0.104360343926819,-0.342807845180726,-0.0792331430347271,-0.0324749851720575,-0.00930348224063896,-6.1432660874395e-05,1703.60365952503,1.00306294890965
"q_values[37,2,4]",0.169658256132663,0.00456808950777823,0.158502949710015,0.000306982322692139,0.0428857850295545,0.128027053267487,0.250872618097652,0.57959737345873,1203.94178483728,1.00260684610197
"q_values[37,2,5]",-0.0343429250073205,0.000963240534408405,0.0339093383296979,-0.120999335501385,-0.0496298880406033,-0.0253957464875932,-0.00854952584211217,-6.13949572839117e-05,1239.27911578365,1.0027750015691
"q_values[37,2,6]",0.143518177670303,0.00409385507564608,0.144729913734579,0.000245591138406801,0.0344191571320926,0.103557449749592,0.206101555212073,0.522199486228316,1249.83210890581,1.0028015037585
"q_values[37,2,7]",0,NA,0,0,0,0,0,0,NA,NA
"q_values[37,2,8]",0,NA,0,0,0,0,0,0,NA,NA
"q_values[37,3,1]",0,NA,0,0,0,0,0,0,NA,NA
"q_values[37,3,2]",0.314557780617862,0.00948640834630493,0.341475340299674,0.000491219978088712,0.0695856896935913,0.214002717919392,0.440141014843172,1.22987362485261,1295.73163708018,1.00290613650483
"q_values[37,3,3]",-0.0410780141956957,0.00129622538457849,0.0484910931567083,-0.168267746019922,-0.0556837670854359,-0.0268269078456266,-0.00870084359934719,-6.14024981872383e-05,1399.46778299515,1.00297852634666
"q_values[37,3,4]",0,NA,0,0,0,0,0,0,NA,NA
"q_values[37,3,5]",0.353877503195095,0.0106722093895931,0.384159757837133,0.000552622475349802,0.0782839009052902,0.240753057659316,0.495158641698569,1.38360782795918,1295.73163708018,1.00290613650483
"q_values[37,3,6]",-0.140441167337993,0.00389008245429547,0.135956549936182,-0.49676578612996,-0.204935809809504,-0.103423455564613,-0.0344145504537081,-0.000245591136786039,1221.46958428269,1.00270171743743
"q_values[37,3,7]",-0.176393345321038,0.0049047066582856,0.171612621069501,-0.626865783977268,-0.256926497142485,-0.12945821462552,-0.0430371027867895,-0.000306989863595464,1224.25637056305,1.00271355050028
"q_values[37,3,8]",0.0060676101229304,0.00124515748935322,0.0695916765112626,-0.0180203400460919,-0.0158248711283473,-0.00914997913389055,-0.00108384194332581,0.16261112760984,3123.67633890675,1.00256919100821
"q_values[37,4,1]",0.128061801514261,0.00404913563527727,0.150039967316864,0.000184218803138257,0.0263216102709492,0.0823977612568222,0.174133699133439,0.532105225097534,1373.05923125663,1.0029840727143
"q_values[37,4,2]",0.0494223563597955,0.00168285235917501,0.0651878075033476,6.1413808616079e-05,0.00892518784755143,0.0288970817769741,0.0640984454226455,0.224636818884382,1500.51629838281,1.00304750823144
"q_values[37,4,3]",0,NA,0,0,0,0,0,0,NA,NA
"q_values[37,4,4]",-0.353877503195095,0.0106722093895931,0.384159757837133,-1.38360782795918,-0.495158641698569,-0.240753057659316,-0.0782839009052902,-0.000552622475349799,1295.73163708018,1.00290613650483
"q_values[37,4,5]",-0.314557780617862,0.00948640834630493,0.341475340299674,-1.22987362485261,-0.440141014843172,-0.214002717919392,-0.0695856896935913,-0.00049121997808871,1295.73163708018,1.00290613650483
"q_values[37,4,6]",0,NA,0,0,0,0,0,0,NA,NA
"q_values[37,4,7]",0.0298845678601148,0.000963199413097648,0.0521029855367236,-0.0325111297625328,0.0125383584724498,0.0363953984924335,0.05789188334579,0.0677776192931035,2926.12449838096,1.00129086172355
"q_values[37,4,8]",0.223389930996926,0.00718594653415013,0.268109586922211,0.000307046418518116,0.0441667211907556,0.140038788599365,0.300998309518651,0.952311777039607,1392.05605565022,1.00300432659083
"q_values[37,5,1]",-0.0444455587898832,0.00146321871788095,0.0560967338826825,-0.19190195127919,-0.0587107066078523,-0.0275424885246433,-0.00877650247796469,-6.14062686389016e-05,1469.7946287301,1.00301376395078
"q_values[37,5,2]",0,NA,0,0,0,0,0,0,NA,NA
"q_values[37,5,3]",0,NA,0,0,0,0,0,0,NA,NA
"q_values[37,5,4]",0.205610434115708,0.00558325571701471,0.19407543360953,0.000368381049501565,0.0515083373626359,0.154061812328394,0.302863305430632,0.709697371306037,1208.27584012208,1.00263624669207
"q_values[37,5,5]",0.0887420789370282,0.00286481875337187,0.107511680850303,0.000122816305877168,0.0176233990592503,0.0556474215168981,0.119116072278042,0.378371021990958,1408.37076552413,1.00300801914388
"q_values[37,5,6]",0.00110705197006048,0.000924779877830593,0.0522660653757752,-0.111709331362966,0.00248023610570915,0.0116868581311988,0.0188021817812067,0.0211964627779362,3194.20563765822,1.0024197464919
"q_values[37,5,7]",0.0786394451544655,0.00237160208657623,0.0853688350749184,0.000122804994522178,0.0173964224233978,0.0535006794798481,0.110035253710793,0.307468406213152,1295.73163708018,1.00290613650483
"q_values[37,5,8]",-0.157278890308931,0.00474320417315246,0.170737670149837,-0.614936812426304,-0.220070507421586,-0.107001358959696,-0.0347928448467956,-0.000245609989044355,1295.73163708018,1.00290613650483
"q_values[38,1,1]",0.124179035646843,0.00332751059324545,0.117981414384535,0.000588051943873483,0.0360613991429827,0.0924949543878486,0.176732195747529,0.428932023216431,1257.15348334421,1.00086514253907
"q_values[38,1,2]",0,NA,0,0,0,0,0,0,NA,NA
"q_values[38,1,3]",0,NA,0,0,0,0,0,0,NA,NA
"q_values[38,1,4]",-0.0529218405950402,0.00132074201827022,0.043156058356188,-0.156971423937092,-0.0786053887946277,-0.0435739407557792,-0.0176243167380113,-0.000293917906167139,1067.69584793256,1.00092943986793
"q_values[38,1,5]",-0.140555510993144,0.00360399801709627,0.121611092228352,-0.444173688746741,-0.205298110157792,-0.111341034683779,-0.0444265363951604,-0.00073489202461049,1138.61602373497,1.00089495320731
"q_values[38,1,6]",0.0828535860712097,0.00247286942626384,0.0968957902747143,0.000294285304363691,0.0190001564733806,0.0525650491927688,0.111101787042904,0.342588514092649,1535.3501934297,1.00085668864263
"q_values[38,1,7]",-0.0148525291757061,0.000356592770010776,0.013755458249283,-0.028086373100951,-0.0246085202368237,-0.0167588306253531,-0.00719801064735552,-2.01802023267296e-06,1488.00729055487,1.00171164547317
"q_values[38,1,8]",-0.0620895178234216,0.00166375529662273,0.0589907071922676,-0.214466011608216,-0.0883660978737643,-0.0462474771939243,-0.0180306995714914,-0.000294025971936741,1257.15348334421,1.00086514253907
"q_values[38,2,1]",0.0949678121808086,0.00256641214946703,0.0918193185577014,0.000441060571059033,0.027127325923933,0.0699059230785155,0.134501288626474,0.333197934946548,1280.01578532763,1.000861948776
"q_values[38,2,2]",0.0645422318192614,0.00176253168165352,0.0640407266303218,0.000294047597800709,0.0181149070874187,0.0468316422079052,0.0906632459999858,0.230897183105573,1320.19668364865,1.00085804593715
"q_values[38,2,3]",0.0211271087004394,0.000481558179187247,0.0143066647000447,0.000142617509107438,0.00848682175191617,0.0199452735782322,0.0329740607217106,0.0466374729779231,882.631190238142,1.00119713696981
"q_values[38,2,4]",0.0328782943573871,0.000902988428238073,0.0328540774664538,0.000147034599122291,0.00909662635244168,0.0236584458845912,0.0461351907527095,0.118731923338333,1323.77502706245,1.00085748109541
"q_values[38,2,5]",-0.279402830205397,0.00748689883480226,0.265458182365204,-0.96509705223697,-0.397647440431939,-0.208113647372659,-0.0811381480717111,-0.00132311687371533,1257.15348334421,1.00086514253907
"q_values[38,2,6]",-0.248358071293686,0.0066550211864909,0.235962828769071,-0.857864046432863,-0.353464391495057,-0.184989908775697,-0.0721227982859654,-0.00117610388774696,1257.15348334421,1.00086514253907
"q_values[38,2,7]",0,NA,0,0,0,0,0,0,NA,NA
"q_values[38,2,8]",0,NA,0,0,0,0,0,0,NA,NA
"q_values[38,3,1]",0.155223794558554,0.00415938824155681,0.147476767980669,0.000735064929841854,0.0450767489287284,0.115618692984811,0.220915244684411,0.536165029020539,1257.15348334421,1.00086514253907
"q_values[38,3,2]",0.025544152574682,0.000627964342487513,0.0201287823926562,0.00014694814650661,0.00877152008565767,0.0215196167340751,0.0383266234894002,0.0720441488588097,1027.46027975728,1.00095773153713
"q_values[38,3,3]",-0.0446294800143348,0.00136074747160306,0.0541329132068009,-0.190592901642425,-0.0591964224203107,-0.0273148458768786,-0.0096604331581588,-0.00014718586895715,1582.58748562087,1.0008599453986
"q_values[38,3,4]",0,NA,0,0,0,0,0,0,NA,NA
"q_values[38,3,5]",0,NA,0,0,0,0,0,0,NA,NA
"q_values[38,3,6]",0.0904254246417802,0.00212188939386706,0.0642126884974648,0.000570571848551745,0.0343682358379961,0.0822307092433751,0.139878471628593,0.215048214516487,915.790688012287,1.00110726757632
"q_values[38,3,7]",-0.140555510993144,0.00360399801709627,0.121611092228352,-0.444173688746741,-0.205298110157792,-0.111341034683779,-0.0444265363951604,-0.00073489202461049,1138.61602373497,1.00089495320731
"q_values[38,3,8]",-0.186268553470265,0.00499126588986818,0.176972121576803,-0.643398034824647,-0.265098293621293,-0.138742431581773,-0.0540920987144741,-0.000882077915810223,1257.1534833442,1.00086514253907
"q_values[38,4,1]",0,NA,0,0,0,0,0,0,NA,NA
"q_values[38,4,2]",0,NA,0,0,0,0,0,0,NA,NA
"q_values[38,4,3]",0.160724400895583,0.00437231310458388,0.157508403420721,0.000735129769303615,0.0453205786288164,0.117222814847698,0.226771670131893,0.570661781623213,1297.73180806253,1.00085988652611
"q_values[38,4,4]",0.0237106171290057,0.000566515593938989,0.0174559560300103,0.00014692653335269,0.00869024351896167,0.0209403225151985,0.0362946488711268,0.060030168283758,949.431291231615,1.00104320850017
"q_values[38,4,5]",0.0900863843939434,0.00238196386768204,0.0835171181528919,0.00044099574430732,0.0268864271730764,0.0683512589419803,0.128989869489386,0.303633436307006,1229.36448194068,1.0008705729942
"q_values[38,4,6]",-0.186268553470265,0.00499126588986818,0.176972121576803,-0.643398034824647,-0.265098293621293,-0.138742431581773,-0.0540920987144741,-0.000882077915810223,1257.1534833442,1.00086514253907
"q_values[38,4,7]",-0.279402830205397,0.00748689883480226,0.265458182365204,-0.96509705223697,-0.397647440431939,-0.208113647372659,-0.0811381480717111,-0.00132311687371533,1257.15348334421,1.00086514253907
"q_values[38,4,8]",0.112582644627436,0.00289287745768198,0.09839608821047,0.000587900677216136,0.0354983250745734,0.0888509188271492,0.163757215657526,0.358304108403122,1156.89938895051,1.00089005952635
"q_values[38,5,1]",0.123119473388871,0.00329077256145709,0.116728104226905,0.000588030346607122,0.0359837862628259,0.0920220692581594,0.175211311819694,0.423598423136122,1258.2157854126,1.00086544619543
"q_values[38,5,2]",-0.0627086963735851,0.00169108824953006,0.0606633510112458,-0.219398265571348,-0.0887111041841585,-0.0462969349202761,-0.0180336305207227,-0.000294025984646789,1286.82725275843,1.00086162639547
"q_values[38,5,3]",0,NA,0,0,0,0,0,0,NA,NA
"q_values[38,5,4]",0.155223794558554,0.00415938824155681,0.147476767980669,0.000735064929841854,0.0450767489287284,0.115618692984811,0.220915244684411,0.536165029020539,1257.15348334421,1.00086514253907
"q_values[38,5,5]",0.100468418517837,0.00278034167242549,0.101966836491767,0.000441125410520794,0.027371155624021,0.0715100449414025,0.140357714073956,0.367694687549223,1344.99773519666,1.00085600524029
"q_values[38,5,6]",0,NA,0,0,0,0,0,0,NA,NA
"q_values[38,5,7]",-0.186268553470265,0.00499126588986818,0.176972121576803,-0.643398034824647,-0.265098293621293,-0.138742431581773,-0.0540920987144741,-0.000882077915810223,1257.1534833442,1.00086514253907
"q_values[38,5,8]",-0.0455876988123351,0.00107477671984566,0.0325389848539974,-0.109035585871181,-0.070609753415443,-0.0413383645101629,-0.0172046137102526,-0.00028529610141649,916.582366369397,1.00110476655641
"q_values[39,1,1]",-0.159337320015559,0.00235639894733706,0.0777836904619091,-0.33056823879006,-0.207756840016691,-0.152443552565099,-0.104231415727005,-0.0209240940319096,1089.63099608392,1.00525492412081
"q_values[39,1,2]",0,NA,0,0,0,0,0,0,NA,NA
"q_values[39,1,3]",0.0701713472613158,0.00124603565934338,0.044184239028754,0.00714135876511297,0.0394012006362269,0.061575977398683,0.0912947673111737,0.182738081344771,1257.40104476661,1.00469857917807
"q_values[39,1,4]",0.110151774886535,0.0023466226135487,0.0880425420247442,0.00754077407061947,0.0504914297925484,0.0870882252943481,0.143241471198572,0.350564537354649,1407.66283201578,1.00421149213901
"q_values[39,1,5]",0,NA,0,0,0,0,0,0,NA,NA
"q_values[39,1,6]",-0.258292800758925,0.00435421910904136,0.151198205828725,-0.631313226910333,-0.336817553185831,-0.232759646124163,-0.1518408884942,-0.0283643011446062,1205.79288403836,1.00486671146412
"q_values[39,1,7]",0.452012401328118,0.00761988344082239,0.264596860200268,0.0496375270030608,0.26572155486485,0.407329380717285,0.589430718075205,1.10479814709308,1205.79288403836,1.00486671146412
"q_values[39,1,8]",0.522183748589434,0.00886504523806482,0.30873178423818,0.0567788857681738,0.305122755501077,0.468905358115968,0.680725485386378,1.28753622843785,1212.83235266968,1.00484384227988
"q_values[39,2,1]",-0.0637704163757438,0.000651111312947104,0.0251537340334508,-0.0851275507159793,-0.0815411578867467,-0.0717301920187262,-0.0536217022680723,-0.00567962821627761,1492.43163660916,1.00147059067093
"q_values[39,2,2]",0.452012401328118,0.00761988344082239,0.264596860200268,0.0496375270030608,0.26572155486485,0.407329380717285,0.589430718075205,1.10479814709308,1205.79288403836,1.00486671146412
"q_values[39,2,3]",0,NA,0,0,0,0,0,0,NA,NA
"q_values[39,2,4]",0,NA,0,0,0,0,0,0,NA,NA
"q_values[39,2,5]",0.272482677304395,0.00406005956765917,0.133602969686003,0.0350028251201049,0.176832304003657,0.260474964846423,0.357208530349846,0.564953562083229,1082.847784652,1.00524420913299
"q_values[39,2,6]",-0.180323122147851,0.00359101271165368,0.132016968352327,-0.53330261869942,-0.234536238509745,-0.148664202693031,-0.0898926304287753,-0.0146821328357324,1351.52979951946,1.00438240273729
"q_values[39,2,7]",0.516585601517849,0.00870843821808272,0.302396411657449,0.0567286022892124,0.3036817769884,0.465519292248326,0.673635106371663,1.26262645382067,1205.79288403836,1.00486671146412
"q_values[39,2,8]",0.404233642353141,0.00700234902024268,0.245871762764393,0.0426973021537936,0.232084268279331,0.359297666789171,0.526497466822895,1.02169916421706,1232.90553553024,1.00477846582474
"q_values[39,3,1]",0,NA,0,0,0,0,0,0,NA,NA
"q_values[39,3,2]",-0.115955520875302,0.00183805382974234,0.0626638284261787,-0.264516095299321,-0.150719885721515,-0.10740383474326,-0.0719257079178896,-0.0140334395300575,1162.29774887465,1.00503239934315
"q_values[39,3,3]",0.58115880170758,0.00979699299534306,0.340195963114631,0.0638196775753639,0.34164199911195,0.523709203779366,0.75783949466812,1.42045476054825,1205.79288403836,1.00486671146412
"q_values[39,3,4]",0.452012401328118,0.00761988344082239,0.264596860200268,0.0496375270030608,0.26572155486485,0.407329380717285,0.589430718075205,1.10479814709308,1205.79288403836,1.00486671146412
"q_values[39,3,5]",-0.125950627781606,0.00210651617148993,0.073263456446483,-0.30647270930179,-0.163706561693364,-0.113781896717176,-0.07469826520697,-0.0141332933564341,1209.60956727653,1.00486864138087
"q_values[39,3,6]",0,NA,0,0,0,0,0,0,NA,NA
"q_values[39,3,7]",-0.289277118519148,0.00451392195028537,0.151639342062487,-0.639682885934792,-0.378479667393994,-0.270633162449349,-0.181155239541688,-0.0351536755569892,1128.53671304889,1.0051119940304
"q_values[39,3,8]",-0.199317747640778,0.00342249854053927,0.119747017717141,-0.498394694799938,-0.259703543904089,-0.177955800460764,-0.115321644883327,-0.021323509337416,1224.17320447048,1.00480692824483
"q_values[39,4,1]",-0.407227224755441,0.00638088740389237,0.214738357613527,-0.905519950155584,-0.532707685957478,-0.380240853776146,-0.254193726763434,-0.0492352591713694,1132.54923727494,1.00509945337528
"q_values[39,4,2]",-0.325663370123635,0.00621858364370599,0.225680610640936,-0.919757088390196,-0.423619111118017,-0.275005188477355,-0.170081310345769,-0.0290147772791467,1317.05992695627,1.00449459046325
"q_values[39,4,3]",-0.0693685634473284,0.000713398971657446,0.0244700045098016,-0.0932401601954887,-0.0885930628359802,-0.0763348427298148,-0.056984973770229,-0.0106710023891993,1176.53036631675,1.00268260044894
"q_values[39,4,4]",-0.112351959164709,0.00171420599682444,0.0570201563044303,-0.240927289603604,-0.147137639548768,-0.106221625459154,-0.071597508709069,-0.0140313001354188,1106.44743620774,1.00517835330271
"q_values[39,4,5]",0.58115880170758,0.00979699299534306,0.340195963114631,0.0638196775753639,0.34164199911195,0.523709203779366,0.75783949466812,1.42045476054825,1205.79288403836,1.00486671146412
"q_values[39,4,6]",0.387439201138387,0.00653132866356203,0.226797308743087,0.0425464517169093,0.2277613327413,0.349139469186244,0.505226329778747,0.9469698403655,1205.79288403836,1.00486671146412
"q_values[39,4,7]",0,NA,0,0,0,0,0,0,NA,NA
"q_values[39,4,8]",0,NA,0,0,0,0,0,0,NA,NA
"q_values[39,5,1]",0,NA,0,0,0,0,0,0,NA,NA
"q_values[39,5,2]",0.258292800758925,0.00435421910904136,0.151198205828725,0.0283643011446062,0.1518408884942,0.232759646124163,0.336817553185831,0.631313226910334,1205.79288403836,1.00486671146412
"q_values[39,5,3]",-0.230302065401002,0.00358034040229588,0.120092619506901,-0.506764353824396,-0.301365658112252,-0.215829316785951,-0.144635995930815,-0.0281128837497991,1125.08153541119,1.00512300532639
"q_values[39,5,4]",0,NA,0,0,0,0,0,0,NA,NA
"q_values[39,5,5]",-0.193719600569193,0.00326566433178101,0.113398654371544,-0.47348492018275,-0.252613164889373,-0.174569734593122,-0.11388066637065,-0.0212732258584546,1205.79288403836,1.00486671146412
"q_values[39,5,6]",-0.0693685634473284,0.000713398971657446,0.0244700045098016,-0.0932401601954887,-0.0885930628359802,-0.0763348427298148,-0.056984973770229,-0.0106710023891993,1176.53036631675,1.00268260044894
"q_values[39,5,7]",0.245496915956014,0.00469834138918479,0.170626916378467,0.0217735646876571,0.127907552420462,0.207051149104756,0.319337667834994,0.695062393042956,1318.88200892055,1.00448849309056
"q_values[39,5,8]",-0.348252171637295,0.00544748513697703,0.183188241211017,-0.772601418045188,-0.455593676675736,-0.325437008112748,-0.217674483152561,-0.0421944673641793,1130.84498936535,1.00510467246877
"q_values[40,1,1]",0.0286711388411953,0.000590691876387808,0.0199576360147143,0.000397219083444724,0.0122500700270909,0.0261133245995383,0.0419397783264429,0.072297349975389,1141.55331392699,1.002329389072
"q_values[40,1,2]",-0.0236639563552261,0.000458161888018826,0.014119099408333,-0.0466867218734635,-0.0353599974617745,-0.0237818643266135,-0.0117552848398971,-0.000396745043149539,949.677333134389,1.00256183965146
"q_values[40,1,3]",-0.243676665145393,0.00532635931695944,0.202275874354021,-0.742102897188814,-0.344416926071227,-0.199922918487306,-0.0891572086210512,-0.00278385494824569,1442.20585024945,1.00190628778568
"q_values[40,1,4]",0,NA,0,0,0,0,0,0,NA,NA
"q_values[40,1,5]",0,NA,0,0,0,0,0,0,NA,NA
"q_values[40,1,6]",0.13924380865451,0.00304363389540539,0.115586213916583,0.0015907742561404,0.0509469763548864,0.114241667707032,0.196809672040701,0.424058798393608,1442.20585024945,1.00190628778568
"q_values[40,1,7]",0.0914010606468795,0.00191523600515542,0.0680414365158223,0.00119197407392226,0.0370911891778848,0.0801577419682679,0.131614001465742,0.248902375536018,1262.12495235918,1.0021339552682
"q_values[40,1,8]",-0.215005526304198,0.00474228922713173,0.182833703149885,-0.669805547213425,-0.302477147744784,-0.173809593887768,-0.0769071385939603,-0.00238663586480097,1486.40253069571,1.00185205502224
"q_values[40,2,1]",0.0129455209355453,0.000320242257929508,0.0150072481880398,-0.0128495360887246,0.00792137645330822,0.0165216254849005,0.0215085662307643,0.0230988158979818,2196.06328609599,1.00019107180523
"q_values[40,2,2]",0,NA,0,0,0,0,0,0,NA,NA
"q_values[40,2,3]",-0.243676665145393,0.00532635931695944,0.202275874354021,-0.742102897188814,-0.344416926071227,-0.199922918487306,-0.0891572086210512,-0.00278385494824569,1442.20585024945,1.00190628778568
"q_values[40,2,4]",0.104432856490883,0.00228272542155404,0.0866896604374374,0.0011930806921053,0.0382102322661648,0.0856812507802742,0.147607254030526,0.318044098795206,1442.20585024946,1.00190628778568
"q_values[40,2,5]",0.149476830858564,0.00335178640711753,0.131453918949092,0.00159156505712436,0.0517580997909375,0.118320154919065,0.208914071513588,0.48025438109863,1538.13482503957,1.00177867471788
"q_values[40,2,6]",-0.13014341728692,0.00278448344397451,0.102555581826567,-0.376203796650448,-0.185539065927915,-0.110326257119234,-0.0501503164257529,-0.00158998389545163,1356.52975930834,1.0020087986904
"q_values[40,2,7]",0,NA,0,0,0,0,0,0,NA,NA
"q_values[40,2,8]",-0.0245779299595738,0.000486210209290879,0.0150276638687712,-0.0495883984779771,-0.0368575361294693,-0.0244316757296161,-0.0118745572079757,-0.00037323039737051,955.289044715196,1.00258595003061
"q_values[40,3,1]",0.0696219043272551,0.0015218169477027,0.0577931069582916,0.000795387128070198,0.0254734881774432,0.0571208338535161,0.0984048360203506,0.212029399196804,1442.20585024945,1.00190628778568
"q_values[40,3,2]",0.0167151210067488,0.000327705211215487,0.012289926346813,6.2251872834486e-05,0.00989107068376242,0.0194117640153309,0.0256454946789994,0.0281054276978541,1406.47450788429,1.00096638813813
"q_values[40,3,3]",-0.191179765543762,0.00432354202054259,0.170122238289893,-0.621693454333207,-0.266847102404815,-0.14995698833061,-0.0651272129063084,-0.00198989075875212,1548.25612810717,1.00176665119422
"q_values[40,3,4]",0.147430226417753,0.00328377016329536,0.12825239628185,0.00159140689692756,0.0515958751037273,0.117504457476659,0.206493191619011,0.469015264557626,1525.40607459852,1.00180213059022
"q_values[40,3,5]",0.0429973699268706,0.00102777253236084,0.0418273578952817,0.000398326204822266,0.0133856428375625,0.0318232066963844,0.0588859375884851,0.150971165762419,1656.25366081736,1.00157421692135
"q_values[40,3,6]",-0.243676665145393,0.00532635931695944,0.202275874354021,-0.742102897188814,-0.344416926071227,-0.199922918487306,-0.0891572086210512,-0.00278385494824569,1442.20585024945,1.00190628778568
"q_values[40,3,7]",0,NA,0,0,0,0,0,0,NA,NA
"q_values[40,3,8]",0,NA,0,0,0,0,0,0,NA,NA
"q_values[40,4,1]",0,NA,0,0,0,0,0,0,NA,NA
"q_values[40,4,2]",-0.0696219043272551,0.0015218169477027,0.0577931069582916,-0.212029399196804,-0.0984048360203506,-0.0571208338535161,-0.0254734881774432,-0.000795387128070198,1442.20585024945,1.00190628778568
"q_values[40,4,3]",-0.147430226417753,0.00328377016329536,0.12825239628185,-0.469015264557626,-0.206493191619011,-0.117504457476659,-0.0515958751037273,-0.00159140689692756,1525.40607459852,1.00180213059022
"q_values[40,4,4]",-0.0573422776823906,0.00118138375277562,0.0399152720294286,-0.144594699950778,-0.0838795566528859,-0.0522266491990766,-0.0245001400541819,-0.000794438166889448,1141.55331392699,1.002329389072
"q_values[40,4,5]",0.104432856490883,0.00228272542155404,0.0866896604374374,0.0011930806921053,0.0382102322661648,0.0856812507802742,0.147607254030526,0.318044098795206,1442.20585024946,1.00190628778568
"q_values[40,4,6]",0,NA,0,0,0,0,0,0,NA,NA
"q_values[40,4,7]",-0.014668516565938,0.00031534993225419,0.0137464618922281,-0.0252308375957434,-0.0233081997360531,-0.0179263676643631,-0.00901522367068091,0.00399344267968093,1900.18716755786,1.00042718222796
"q_values[40,4,8]",0.0435014598123423,0.000833065321591323,0.0252631370754268,0.000698195538137535,0.0230015045943572,0.0458984065929958,0.0654814712045459,0.0781697861173365,919.637017967057,1.00245496886724
"q_values[40,5,1]",-0.104432856490883,0.00228272542155404,0.0866896604374374,-0.318044098795206,-0.147607254030526,-0.0856812507802742,-0.0382102322661648,-0.0011930806921053,1442.20585024946,1.00190628778568
"q_values[40,5,2]",0.243676665145393,0.00532635931695944,0.202275874354021,0.00278385494824569,0.0891572086210512,0.199922918487306,0.344416926071227,0.742102897188814,1442.20585024945,1.00190628778568
"q_values[40,5,3]",0,NA,0,0,0,0,0,0,NA,NA
"q_values[40,5,4]",-0.182241178581381,0.00404093096158245,0.157125544682508,-0.575029964156028,-0.255695609629186,-0.146064874403417,-0.0643326191924489,-0.00198910046096266,1511.92668074879,1.0018216056018
"q_values[40,5,5]",0.10132915071036,0.00201667338620487,0.0634146600110826,0.00158776958979723,0.0478120254323494,0.0987689704654139,0.151083352766101,0.21489339257203,988.799419473783,1.00254462842267
"q_values[40,5,6]",-0.0701073175428821,0.00153578111952656,0.0588836777900404,-0.215603933894745,-0.0987621760318225,-0.0571907238353311,-0.0254796868232651,-0.000795387316768137,1470.04695486407,1.0018656091461
"q_values[40,5,7]",-0.0429973699268706,0.00102777253236084,0.0418273578952817,-0.150971165762419,-0.0588859375884851,-0.0318232066963844,-0.0133856428375625,-0.000398326204822266,1656.25366081736,1.00157421692135
"q_values[40,5,8]",0,NA,0,0,0,0,0,0,NA,NA
"q_values[41,1,1]",0,NA,0,0,0,0,0,0,NA,NA
"q_values[41,1,2]",-0.0188650020912963,0.000481572089308099,0.015371897433689,-0.0542071981502616,-0.0287162938089883,-0.0159611531469229,-0.00595117934887512,-3.6007122533805e-05,1018.90182316044,1.00165718751559
"q_values[41,1,3]",-0.142294381578551,0.00419184739496324,0.146536310350214,-0.503127247475504,-0.202048423746297,-0.103723141731575,-0.0368412175445784,-0.000222336688219123,1222.0235545657,1.00137685702956
"q_values[41,1,4]",0.0103986536720658,0.000337366637262028,0.0182521413971335,1.20037299495862e-07,0.00474780214248028,0.0123163975029282,0.0183234899454226,0.0209475630767809,2927.00446217421,0.999595655942305
"q_values[41,1,5]",0.0463535209324512,0.00134576828109466,0.0465150554626164,7.41108562741384e-05,0.012242933384126,0.0342805908420952,0.0662521378217845,0.161211771096942,1194.66601720437,1.00142225273872
"q_values[41,1,6]",0,NA,0,0,0,0,0,0,NA,NA
"q_values[41,1,7]",-0.0234910971274818,0.000696968382805821,0.0245628104807898,-0.0827007733893416,-0.0332714708079725,-0.0171604379935462,-0.00612238424318783,-3.70554283406051e-05,1242.02392070507,1.0013315526331
"q_values[41,1,8]",-0.115883802331128,0.00336442070273664,0.116287638656541,-0.403029427742355,-0.165630344554461,-0.0857014771052381,-0.0306073334603149,-0.000185277140685345,1194.66601720437,1.00142225273872
"q_values[41,2,1]",0,NA,0,0,0,0,0,0,NA,NA
"q_values[41,2,2]",0.131514985641227,0.00368228075620308,0.12389473242058,0.000222322956896762,0.03646649290391,0.10078524438061,0.191075056143152,0.438154133526577,1132.06636584111,1.00152962842159
"q_values[41,2,3]",0.0536755241539482,0.00133332240441996,0.0423461168333238,0.000108017477121595,0.0177428151338279,0.0470226912315905,0.0828959923901999,0.144345425785327,1008.68794183653,1.00161553399438
"q_values[41,2,4]",0,NA,0,0,0,0,0,0,NA,NA
"q_values[41,2,5]",0.0937849814586348,0.00274305363833334,0.0953482329844966,0.000148223085680513,0.0245233392323188,0.068854971419287,0.133601612403884,0.328920853588777,1208.24970575764,1.00139940979489
"q_values[41,2,6]",0.0558314033414128,0.00141713068513962,0.0449966730343978,0.000108020070899353,0.0178172356993957,0.0476099542386318,0.0851984214669744,0.158206372140302,1008.18679378474,1.00167607272442
"q_values[41,2,7]",-0.139060562797354,0.00403730484328397,0.139545166387849,-0.483635313290826,-0.198756413465354,-0.102841772526286,-0.0367288001523779,-0.000222332568822414,1194.66601720437,1.00142225273872
"q_values[41,2,8]",-0.185414083729805,0.00538307312437862,0.186060221850466,-0.644847084387768,-0.265008551287138,-0.137122363368381,-0.0489717335365038,-0.000296443425096553,1194.66601720437,1.00142225273872
"q_values[41,3,1]",-0.0264105792474226,0.000830898859283167,0.0305371372309787,-0.100097819733149,-0.0364180791918359,-0.0180216646263371,-0.00623388408426351,-3.70595475337776e-05,1350.70440450665,1.00117610200744
"q_values[41,3,2]",-0.142294381578551,0.00419184739496324,0.146536310350214,-0.503127247475504,-0.202048423746297,-0.103723141731575,-0.0368412175445784,-0.000222336688219123,1222.0235545657,1.00137685702956
"q_values[41,3,3]",0,NA,0,0,0,0,0,0,NA,NA
"q_values[41,3,4]",0,NA,0,0,0,0,0,0,NA,NA
"q_values[41,3,5]",-0.0463535209324512,0.00134576828109466,0.0465150554626164,-0.161211771096942,-0.0662521378217845,-0.0342805908420952,-0.012242933384126,-7.41108562741381e-05,1194.66601720437,1.00142225273872
"q_values[41,3,6]",0.162237323263579,0.0047101889838313,0.162802694119158,0.000259387996959484,0.0428502668444409,0.119982067947333,0.231882482376246,0.564241198839297,1194.66601720437,1.00142225273872
"q_values[41,3,7]",0.0515982291317976,0.00125599918458749,0.0402536832068941,9.44535619346716e-05,0.0175948119855445,0.0463484836541693,0.0806250599313427,0.13157931955292,1027.14683889422,1.00151166416371
"q_values[41,3,8]",-0.024411868390586,0.000737030797929861,0.0262969054840012,-0.0881506408637991,-0.034296106619747,-0.0174441564423934,-0.00615939793169225,-3.70568013710733e-05,1273.02818505903,1.00128841823004
"q_values[41,4,1]",-0.00747917155212507,0.000397650793086146,0.0227479342149526,-0.0168765991289745,-0.0151189721930551,-0.0104487066044315,-0.00376263476531714,0.0137114536136147,3272.50426598143,0.999583621167882
"q_values[41,4,2]",0,NA,0,0,0,0,0,0,NA,NA
"q_values[41,4,3]",0.0927070418649024,0.00269153656218931,0.0930301109252329,0.000148221712548277,0.0244858667682519,0.0685611816841905,0.132504275643569,0.322423542193884,1194.66601720437,1.00142225273872
"q_values[41,4,4]",-0.0695302813986768,0.00201865242164198,0.0697725831939247,-0.241817656645413,-0.0993782067326768,-0.0514208862631429,-0.0183644000761889,-0.000111166284411207,1194.66601720437,1.00142225273872
"q_values[41,4,5]",-0.164393202451044,0.00481318899378238,0.167442514033448,-0.577235821629083,-0.234077155896875,-0.120569647417526,-0.0429252117725746,-0.000259390743223956,1210.22366825459,1.00139616849482
"q_values[41,4,6]",-0.0948629210523671,0.00279456492997549,0.0976908735668092,-0.33541816498367,-0.134698949164198,-0.0691487611543835,-0.0245608116963856,-0.000148224458812749,1222.0235545657,1.00137685702956
"q_values[41,4,7]",0,NA,0,0,0,0,0,0,NA,NA
"q_values[41,4,8]",0.0796024198481736,0.0024875960997664,0.0908041209300826,0.000111180015275613,0.0187370602268265,0.0543134628259861,0.110024420067391,0.302077272952382,1332.45141493401,1.00121296764932
"q_values[41,5,1]",0.0727762787411866,0.00182537991746112,0.0577880729047305,0.000144024599795512,0.0236946754343686,0.0629989391045513,0.111832500143109,0.200401637726216,1002.23574444598,1.00166107437173
"q_values[41,5,2]",0.115883802331128,0.00336442070273664,0.116287638656541,0.000185277140685346,0.0306073334603149,0.0857014771052381,0.165630344554461,0.403029427742355,1194.66601720437,1.00142225273872
"q_values[41,5,3]",-0.0727641001798738,0.0021738422654017,0.0768322235363811,-0.261309590830091,-0.10267021701362,-0.0523022554684324,-0.0184768174683895,-0.000111170403807916,1249.19646650313,1.00133287053323
"q_values[41,5,4]",-0.0797595881788017,0.00250057954636817,0.0915289410049039,-0.303124716872817,-0.110097121015932,-0.0543235341122354,-0.0187375190023889,-0.000111180015377381,1339.7862800186,1.00119979531638
"q_values[41,5,5]",0,NA,0,0,0,0,0,0,NA,NA
"q_values[41,5,6]",-0.119117621112325,0.00351906615602311,0.12329300534177,-0.422521361927033,-0.168922354835405,-0.0865828463105276,-0.0307197508525154,-0.000185281260082054,1227.50145365869,1.00136793243489
"q_values[41,5,7]",-0.0927070418649024,0.00269153656218931,0.0930301109252329,-0.322423542193884,-0.132504275643569,-0.0685611816841905,-0.0244858667682519,-0.000148221712548276,1194.66601720437,1.00142225273872
"q_values[41,5,8]",0,NA,0,0,0,0,0,0,NA,NA
"q_values[42,1,1]",0.0241623276204274,0.0009019690995382,0.0294111903241485,3.11855131604998e-05,0.00359736601568918,0.0138634500112432,0.0335215630444461,0.107185990779855,1063.26589645903,1.00331080874216
"q_values[42,1,2]",0.0499173200706124,0.00191522636635469,0.0634102630073759,6.23717557823491e-05,0.00720452610284053,0.0278762699147773,0.0679649174691721,0.226565939079438,1096.17245613741,1.00322280075845
"q_values[42,1,3]",0,NA,0,0,0,0,0,0,NA,NA
"q_values[42,1,4]",0,NA,0,0,0,0,0,0,NA,NA
"q_values[42,1,5]",-0.107267076013427,0.00436969664825626,0.149920789638447,-0.510037013250946,-0.140231528046317,-0.0564495993269117,-0.0144547578725045,-0.000124746915717662,1177.12110090585,1.00298754913526
"q_values[42,1,6]",-0.120675460515105,0.00491590872928828,0.168660888343252,-0.573791639907314,-0.157760469052107,-0.0635057992427756,-0.0162616026065676,-0.00014034028018237,1177.12110090586,1.00298754913526
"q_values[42,1,7]",0.0437822851561101,0.00151206658868821,0.0476768565635099,6.16529844653545e-05,0.00715016494454668,0.0272274292607716,0.0641647393486009,0.177116991904294,994.199162982249,1.00339699152186
"q_values[42,1,8]",0.0452198703981896,0.00200791156662351,0.0722794540091444,4.67825249016219e-05,0.00545313391667763,0.0216636887642648,0.0556163728745795,0.229837281722253,1295.80772175667,1.0026441990541
"q_values[42,2,1]",0,NA,0,0,0,0,0,0,NA,NA
"q_values[42,2,2]",-0.00927909049125551,0.000294460142958497,0.00979027807353433,-0.0309531956953615,-0.0148982575739194,-0.00655382218596431,-0.00174629567176904,-1.1202239014919e-05,1105.44468852136,1.0022143054766
"q_values[42,2,3]",0.0175356751634273,0.000550497959067989,0.0196734934111086,1.93501811870238e-05,0.00343960283451293,0.0129661484777422,0.0291494081573867,0.055473807607926,1277.17833229242,1.00152459321836
"q_values[42,2,4]",-0.107797964290012,0.00440906587684457,0.151640853134781,-0.514101665757522,-0.140538791839744,-0.0564993892910086,-0.0144580225629919,-0.000124747158871445,1182.87611559251,1.00297073661069
"q_values[42,2,5]",-0.040225153505035,0.00163863624309609,0.0562202961144175,-0.191263879969105,-0.0525868230173689,-0.0211685997475919,-0.0054205342021892,-4.67800933941233e-05,1177.12110090586,1.00298754913526
"q_values[42,2,6]",0,NA,0,0,0,0,0,0,NA,NA
"q_values[42,2,7]",-0.0139392727782642,0.000585981402463451,0.020485375084468,-0.0678192791629447,-0.0178362047992163,-0.0071059898799609,-0.00181010942455046,-1.55936076184909e-05,1222.13779434338,1.00285622777561
"q_values[42,2,8]",0.0938586915117483,0.00382348456722422,0.131180690933641,0.000109153551252954,0.0126479131384415,0.0493933994110477,0.122702587040527,0.446282386594578,1177.12110090586,1.00298754913526
"q_values[42,3,1]",0.0938586915117483,0.00382348456722422,0.131180690933641,0.000109153551252954,0.0126479131384415,0.0493933994110477,0.122702587040527,0.446282386594578,1177.12110090586,1.00298754913526
"q_values[42,3,2]",0.0670419225083916,0.00273106040516016,0.0937004935240292,7.79668223235389e-05,0.00903422367031534,0.0352809995793198,0.0876447050289482,0.318773133281841,1177.12110090586,1.00298754913526
"q_values[42,3,3]",-0.0253811871099511,0.000991940738376844,0.0332435270879896,-0.116351857449315,-0.0341576346698272,-0.0139644352515853,-0.00360391899185671,-3.11859994832325e-05,1123.16286872346,1.00315189390484
"q_values[42,3,4]",-0.0319665654841894,0.00108291717298942,0.0340138994647906,-0.125058374853192,-0.0475965270110579,-0.0203015608107487,-0.00534528301012248,-4.55280520648649e-05,986.557416510691,1.00334540781039
"q_values[42,3,5]",-0.0504482083471982,0.0019530336541807,0.0649949607966559,-0.230630591586015,-0.0682721812625987,-0.0279260598788742,-0.00720779079332792,-6.23719989361322e-05,1107.49026719088,1.00319050000007
"q_values[42,3,6]",0,NA,0,0,0,0,0,0,NA,NA
"q_values[42,3,7]",0,NA,0,0,0,0,0,0,NA,NA
"q_values[42,3,8]",-0.01447016105485,0.000626360677157073,0.0222797394687499,-0.071883931669521,-0.0181434685926429,-0.00715577984405784,-0.00181337411503785,-1.5593850772274e-05,1265.23514262874,1.00273427807828
"q_values[42,4,1]",0.0762032007973832,0.00296762780739199,0.0990976661357215,9.35582415579815e-05,0.0108149508804793,0.0419388797824082,0.102715535687325,0.350010539885598,1115.0850395959,1.00316847261953
"q_values[42,4,2]",0.0412869300582067,0.00171788151422212,0.0596925501796255,4.67805797016896e-05,0.00542706358316399,0.0212681796757858,0.0532013506042222,0.199393184982258,1207.40745670994,1.00289910336702
"q_values[42,4,3]",-0.120675460515105,0.00491590872928828,0.168660888343252,-0.573791639907314,-0.157760469052107,-0.0635057992427756,-0.0162616026065676,-0.00014034028018237,1177.12110090586,1.00298754913526
"q_values[42,4,4]",-0.0938586915117483,0.00382348456722422,0.131180690933641,-0.446282386594578,-0.122702587040527,-0.0493933994110477,-0.0126479131384415,-0.000109153551252954,1177.12110090586,1.00298754913526
"q_values[42,4,5]",0.0120120733423607,0.000450640032576556,0.0147779288338705,1.55926350223164e-05,0.00179708015659182,0.00690858666375844,0.0166340796736696,0.0528563712070241,1075.3939833528,1.0033039715185
"q_values[42,4,6]",0.0234147169399596,0.000857550009581959,0.0277245797461256,3.11850268832664e-05,0.00359088382509988,0.0137666807073458,0.0329501235346486,0.101129809079318,1045.22799039004,1.0033791508677
"q_values[42,4,7]",0,NA,0,0,0,0,0,0,NA,NA
"q_values[42,4,8]",0,NA,0,0,0,0,0,0,NA,NA
"q_values[42,5,1]",0.0854057531691366,0.00363904503815708,0.128030630344827,9.35626182919536e-05,0.0108736622200686,0.0428319371838196,0.108197809882316,0.420842021277281,1237.80691965484,1.00280727607975
"q_values[42,5,2]",0,NA,0,0,0,0,0,0,NA,NA
"q_values[42,5,3]",-0.0536335380067133,0.00218484832412813,0.0749603948192233,-0.255018506625473,-0.0701157640231586,-0.0282247996634558,-0.00722737893625227,-6.2373457858831e-05,1177.12110090585,1.00298754913526
"q_values[42,5,4]",-0.0488555435174407,0.00184065701243766,0.0603218469772912,-0.218436634066286,-0.0673503898823188,-0.0277766899865834,-0.00719799672186575,-6.23712694747827e-05,1073.99812154067,1.00328339463686
"q_values[42,5,5]",0,NA,0,0,0,0,0,0,NA,NA
"q_values[42,5,6]",-0.0319665654841894,0.00108291717298942,0.0340138994647906,-0.125058374853192,-0.0475965270110579,-0.0203015608107487,-0.00534528301012248,-4.55280520648649e-05,986.557416510691,1.00334540781039
"q_values[42,5,7]",-0.0102230548421632,0.000337181471246335,0.0106888053066058,-0.0382268819871341,-0.015576644655866,-0.00670978356384754,-0.00177741819292567,-1.49576338839933e-05,1004.91870628223,1.00302874542525
"q_values[42,5,8]",0.107267076013427,0.00436969664825626,0.149920789638447,0.000124746915717662,0.0144547578725045,0.0564495993269117,0.140231528046317,0.510037013250946,1177.12110090585,1.00298754913526
"q_values[43,1,1]",-0.0222784181242414,0.000487845678531008,0.0165634722131747,-0.0562739257271442,-0.0347142614309339,-0.0196546390199829,-0.00784858244627432,-0.000152686551357175,1152.75719733956,1.0002511195078
"q_values[43,1,2]",0.0886294732999164,0.00236160097187567,0.0859807410123005,0.000458363140017511,0.0244079138888628,0.0651651281266094,0.128449543908233,0.305620828214336,1325.52929290922,1.00054393999144
"q_values[43,1,3]",0.12222742685228,0.00331348324790733,0.121649095310128,0.000611213098101753,0.0327193926300805,0.08812411784899,0.175973038215752,0.431867030913863,1347.87062467211,1.00055760352049
"q_values[43,1,4]",-0.0611137134261401,0.00165674162395366,0.0608245476550642,-0.215933515456931,-0.087986519107876,-0.044062058924495,-0.0163596963150403,-0.000305606549050876,1347.87062467211,1.00055760352049
"q_values[43,1,5]",0,NA,0,0,0,0,0,0,NA,NA
"q_values[43,1,6]",0.185199536943364,0.00505453796733172,0.186172733888734,0.000916842996067658,0.0491459988629705,0.132671543156654,0.265894964489132,0.659457367145192,1356.65439573398,1.00055941359745
"q_values[43,1,7]",0.124085823517224,0.00339783102376312,0.12535348915295,0.000611236447016782,0.0327863025479302,0.0886094842321594,0.177908445381256,0.443523851688261,1361.03501709623,1.0005601957594
"q_values[43,1,8]",0,NA,0,0,0,0,0,0,NA,NA
"q_values[43,2,1]",0.187057933608308,0.00513894189981306,0.189892829148526,0.000916866344982687,0.0492129087808202,0.133156909539824,0.267830371654636,0.671114187919591,1365.43086168488,1.00056090151261
"q_values[43,2,2]",0.27501171041763,0.00745533730779149,0.273710464447789,0.00137522947072894,0.0736186334176811,0.198279265160228,0.395939335985442,0.971700819556191,1347.87062467211,1.00055760352049
"q_values[43,2,3]",0.12222742685228,0.00331348324790733,0.121649095310128,0.000611213098101753,0.0327193926300805,0.08812411784899,0.175973038215752,0.431867030913863,1347.87062467211,1.00055760352049
"q_values[43,2,4]",0,NA,0,0,0,0,0,0,NA,NA
"q_values[43,2,5]",-0.036638819075848,0.00112114825560308,0.0437460567209941,-0.146712867484963,-0.0500549157335194,-0.0235192079914099,-0.00838221985007066,-0.000152873331973964,1522.48047717276,1.0005385153971
"q_values[43,2,6]",-0.0161964557614635,0.000322155158728502,0.014659503975716,-0.0319541413905483,-0.0269571944840654,-0.0172243134145752,-0.00702452423585193,-6.17892485574311e-05,2070.6579821352,0.999438695925415
"q_values[43,2,7]",0,NA,0,0,0,0,0,0,NA,NA
"q_values[43,2,8]",0.0435656333676784,0.00144039811784112,0.0579752681423367,0.000152966716930638,0.00864821758246814,0.0254285941444332,0.0575411097124647,0.189564503149255,1620.02024382499,1.00053275524771
"q_values[43,3,1]",0,NA,0,0,0,0,0,0,NA,NA
"q_values[43,3,2]",0,NA,0,0,0,0,0,0,NA,NA
"q_values[43,3,3]",0.113948988263452,0.00296155764316953,0.106572286181944,0.00061109637493349,0.0323881269188347,0.0857614446924516,0.166806871754373,0.381134221908474,1294.93564167218,1.0005306260655
"q_values[43,3,4]",-0.00690447243674325,0.00053557787041772,0.0292650277041025,-0.0193882313757914,-0.0172943651511304,-0.011840083902149,-0.00393637061628193,0.0397962649054132,2985.74443169173,0.999862610603533
"q_values[43,3,5]",-0.0916705701392101,0.0024851124359305,0.0912368214825963,-0.323900273185397,-0.131979778661814,-0.0660930883867425,-0.0245395444725604,-0.000458409823576314,1347.87062467211,1.00055760352049
"q_values[43,3,6]",0.154642680230294,0.00422618560920673,0.155762593853118,0.00076403972154222,0.0409661507054503,0.110640513694407,0.221901704935194,0.551490609416727,1358.40480065664,1.00055973588774
"q_values[43,3,7]",0.246313250369504,0.00671125634987339,0.246994590303672,0.00122244954511853,0.0655056951780107,0.176733602081149,0.353881483597008,0.875390882602124,1354.4632532201,1.00055899259655
"q_values[43,3,8]",0.15278428356535,0.00414185405988415,0.15206136913766,0.000764016372627192,0.0408992407876006,0.110155147311238,0.21996629776969,0.539833788642328,1347.87062467212,1.00055760352049
"q_values[43,4,1]",0,NA,0,0,0,0,0,0,NA,NA
"q_values[43,4,2]",0.0874693462964633,0.00285868674142428,0.114238630726282,0.000305956750665986,0.0173584192657818,0.0512463165330731,0.116251322541223,0.379458884773004,1596.9556053489,1.00055838867522
"q_values[43,4,3]",-0.088798397422565,0.00237269189634152,0.086497145580042,-0.30687937735877,-0.12853468880259,-0.0651758212531608,-0.0244084612018633,-0.000458363143585323,1328.98738288158,1.00054306938172
"q_values[43,4,4]",-0.0212648733883498,0.000432482738099167,0.0156538497835011,-0.0493911026324964,-0.033948282920771,-0.0194353947789221,-0.00773520478973562,-0.000142804410255571,1310.10096954581,0.999999241347339
"q_values[43,4,5]",-0.136058713580854,0.00339525750715308,0.120246311282029,-0.434922401672742,-0.202547633280156,-0.105786849862713,-0.0402970515269532,-0.000763806232391934,1254.29037332441,1.00050501185735
"q_values[43,4,6]",0,NA,0,0,0,0,0,0,NA,NA
"q_values[43,4,7]",0.0916705701392101,0.0024851124359305,0.0912368214825963,0.000458409823576315,0.0245395444725604,0.0660930883867425,0.131979778661814,0.323900273185397,1347.87062467211,1.00055760352049
"q_values[43,4,8]",-0.18334114027842,0.004970224871861,0.182473642965193,-0.647800546370794,-0.263959557323628,-0.132186176773485,-0.0490790889451208,-0.000916819647152629,1347.87062467211,1.00055760352049
"q_values[43,5,1]",-0.0346114982882553,0.00102140699918357,0.0391818315501448,-0.13379749756613,-0.048034363673659,-0.0230231484816891,-0.00831476261922048,-0.000152849979491122,1471.53910389096,1.00055042446593
"q_values[43,5,2]",-0.0611137134261401,0.00165674162395366,0.0608245476550642,-0.215933515456931,-0.087986519107876,-0.044062058924495,-0.0163596963150403,-0.000305606549050876,1347.87062467211,1.00055760352049
"q_values[43,5,3]",0,NA,0,0,0,0,0,0,NA,NA
"q_values[43,5,4]",-0.11293544352756,0.00289649927433547,0.103699936845087,-0.37358292704187,-0.166296002388233,-0.0856972859331431,-0.0323848430408319,-0.00061109635352661,1281.77009765107,1.00052952545128
"q_values[43,5,5]",0.0916705701392101,0.0024851124359305,0.0912368214825963,0.000458409823576315,0.0245395444725604,0.0660930883867425,0.131979778661814,0.323900273185397,1347.87062467211,1.00055760352049
"q_values[43,5,6]",0,NA,0,0,0,0,0,0,NA,NA
"q_values[43,5,7]",-0.215756393656434,0.00588289552231993,0.216583473150842,-0.767424124873658,-0.30988822404307,-0.154702572618902,-0.0573258470204906,-0.0010696462705931,1355.40273137668,1.00055917552267
"q_values[43,5,8]",0.0087628691016873,0.00047257237209554,0.0256407329256126,-0.0281394441310147,0.00456658790205062,0.0127417107219059,0.0188031401287694,0.0210309720638061,2943.90786768455,0.99978013151057
"q_values[44,1,1]",-0.0921174056087791,0.00302047721348399,0.119576957750835,-0.404855155396609,-0.122136554029932,-0.0507555029047472,-0.0156455318166357,-0.000135422032819803,1567.27018730857,1.00103810482263
"q_values[44,1,2]",0.0552704433652674,0.00181228632809039,0.0717461746505013,8.1253219691882e-05,0.00938731908998144,0.0304533017428483,0.0732819324179594,0.242913093237966,1567.27018730857,1.00103810482263
"q_values[44,1,3]",0.0313795965045921,0.000902424844284751,0.033545210083686,5.41644116725977e-05,0.00619946484623266,0.019683932046329,0.0452598200427917,0.122516812192637,1381.78013810386,1.00196392416995
"q_values[44,1,4]",0,NA,0,0,0,0,0,0,NA,NA
"q_values[44,1,5]",0,NA,0,0,0,0,0,0,NA,NA
"q_values[44,1,6]",-0.0362607883503106,0.00118312488436994,0.0468202287005839,-0.15750923830901,-0.0483162305703215,-0.0202033403847349,-0.0062485439656644,-5.41680796315101e-05,1566.05093718305,1.00101326262831
"q_values[44,1,7]",0.0252447934399836,0.000649499821395112,0.026378855123021,4.84592457753355e-05,0.00602398431153374,0.018756992674359,0.0406346834908657,0.0770708469570486,1649.50567244982,1.00237283095307
"q_values[44,1,8]",-0.0423143279824311,0.00154069550460595,0.0649682730416708,-0.201279911581749,-0.0524347826916862,-0.0209204702774687,-0.00631696060707593,-5.41732145832448e-05,1778.15254046586,1.00053720169604
"q_values[44,2,1]",0.0495419574630991,0.00149885885489918,0.0568532791624627,8.12480848196235e-05,0.00931902500098362,0.0297403559255455,0.0692216827682288,0.201265904352778,1438.76399707043,1.00147818568345
"q_values[44,2,2]",-0.0226545655075698,0.000851241091191177,0.0363927372958018,-0.111629087877692,-0.0273524759007801,-0.0106621407684933,-0.00317794037793147,-2.70880743639208e-05,1827.78153423021,1.0004774165862
"q_values[44,2,3]",-0.0552704433652674,0.00181228632809039,0.0717461746505013,-0.242913093237965,-0.0732819324179594,-0.0304533017428483,-0.00938731908998144,-8.12532196918818e-05,1567.27018730857,1.00103810482263
"q_values[44,2,4]",0.147387848974046,0.00483276354157438,0.191323132401337,0.000216675252511685,0.0250328509066172,0.0812088046475955,0.195418486447892,0.647768248634575,1567.27018730857,1.00103810482263
"q_values[44,2,5]",0.0570928986115739,0.00192099636440141,0.0772283819461258,8.12546868436565e-05,0.00940690171678865,0.0306593914480383,0.0744753194445305,0.256025709712334,1616.22115014263,1.00089582073319
"q_values[44,2,6]",0,NA,0,0,0,0,0,0,NA,NA
"q_values[44,2,7]",0,NA,0,0,0,0,0,0,NA,NA
"q_values[44,2,8]",-0.065492875878644,0.00195026240445445,0.0733120448601021,-0.264877350182629,-0.0923390016043759,-0.039676998650443,-0.0124283036326761,-0.000108331024072857,1413.07290399356,1.00169448444438
"q_values[44,3,1]",0,NA,0,0,0,0,0,0,NA,NA
"q_values[44,3,2]",0,NA,0,0,0,0,0,0,NA,NA
"q_values[44,3,3]",0.0829860574493165,0.00295288192366501,0.12249595193819,0.000108345695411781,0.0126238541578174,0.0417284815326228,0.10414169130891,0.391225675054324,1720.88286990863,1.00066994007671
"q_values[44,3,4]",-0.0253260568724716,0.00065023779101203,0.0261212347132235,-0.0774709405407656,-0.0407359057274685,-0.0187840351613607,-0.00603366646770236,-4.84592457895669e-05,1613.77502517811,1.00240977783095
"q_values[44,3,5]",-0.0395806451129714,0.00137261794546439,0.0561961422813434,-0.181610986870196,-0.0506447021518296,-0.0206113357196838,-0.00628758666686511,-5.4171013855583e-05,1676.15301193359,1.00074580697773
"q_values[44,3,6]",-0.102339838122156,0.00315413937831895,0.120382218141559,-0.426819412341273,-0.141193623216349,-0.0599791998123418,-0.0186865163593304,-0.000162499837200778,1456.67585496516,1.00144488792364
"q_values[44,3,7]",-0.0736939244870232,0.00241638177078719,0.0956615662006683,-0.323884124317287,-0.0977092432239459,-0.0406044023237978,-0.0125164254533086,-0.000108337626255842,1567.27018730857,1.00103810482263
"q_values[44,3,8]",0.110540886730535,0.00362457265618079,0.143492349301003,0.000162506439383764,0.0187746381799629,0.0609066034856966,0.146563864835919,0.485826186475931,1567.27018730857,1.00103810482263
"q_values[44,4,1]",0.0398244354104355,0.00139590301890129,0.0576467271279372,5.41710139151903e-05,0.0062876785811754,0.020614473776257,0.0506884290055552,0.183203600160859,1705.4493185237,1.00066722416071
"q_values[44,4,2]",0.0552704433652674,0.00181228632809039,0.0717461746505013,8.1253219691882e-05,0.00938731908998144,0.0304533017428483,0.0732819324179594,0.242913093237966,1567.27018730857,1.00103810482263
"q_values[44,4,3]",0,NA,0,0,0,0,0,0,NA,NA
"q_values[44,4,4]",0,NA,0,0,0,0,0,0,NA,NA
"q_values[44,4,5]",-0.0921174056087791,0.00302047721348399,0.119576957750835,-0.404855155396609,-0.122136554029932,-0.0507555029047472,-0.0156455318166357,-0.000135422032819803,1567.27018730857,1.00103810482263
"q_values[44,4,6]",-0.139186800365667,0.00435851894245667,0.167882901427681,-0.588761474499917,-0.190048244828322,-0.0802814009742407,-0.0249447290859847,-0.000216668650328699,1483.66228491419,1.00133125052777
"q_values[44,4,7]",-0.0561816709884207,0.0018663712108253,0.074465868951104,-0.24946940147515,-0.073878625931245,-0.0305563465954433,-0.00939711040338505,-8.12539532677691e-05,1591.9098497978,1.00096427212532
"q_values[44,4,8]",-0.0170073430378896,0.000532647515268325,0.0206535402522494,-0.070512770089392,-0.023306801868958,-0.00995024097004822,-0.00310967692703707,-2.70829395115313e-05,1503.51996682275,1.00116723547254
"q_values[44,5,1]",0,NA,0,0,0,0,0,0,NA,NA
"q_values[44,5,2]",0.0744616971731305,0.00206307167011007,0.0761020828779685,0.000129240479151609,0.0153066212817334,0.0486573202535082,0.110141691280469,0.276621382456543,1360.70648909106,1.00220396892816
"q_values[44,5,3]",-0.147387848974046,0.00483276354157438,0.191323132401337,-0.647768248634575,-0.195418486447892,-0.0812088046475955,-0.0250328509066172,-0.000216675252511685,1567.27018730857,1.00103810482263
"q_values[44,5,4]",0.0377581898666649,0.00126241277815031,0.0505613758981914,5.41695467038086e-05,0.0062680040400579,0.0204052460144939,0.0494513151252585,0.168498370395828,1604.11316703945,1.00092939670212
"q_values[44,5,5]",0.027715614084049,0.00115811716945319,0.0520725506815895,2.70924757198992e-05,0.00323653506783597,0.0112751797897745,0.0308597588909509,0.148312581816359,2021.68133841026,1.00020566439224
"q_values[44,5,6]",-0.165811330095802,0.00543685898427118,0.215238523951504,-0.728739279713896,-0.219845797253878,-0.091359905228545,-0.0281619572699443,-0.000243759659075645,1567.27018730857,1.00103810482263
"q_values[44,5,7]",0.0866500398698596,0.00270480770813543,0.103992545865887,0.00013541763136448,0.0155867839362141,0.0501372337891773,0.118556392950219,0.365517305973504,1478.19466318919,1.00135333846185
"q_values[44,5,8]",0,NA,0,0,0,0,0,0,NA,NA
"q_values[45,1,1]",0,NA,0,0,0,0,0,0,NA,NA
"q_values[45,1,2]",0.0696460670874009,0.00241461787811837,0.0854100348857151,0.000106299083253319,0.0113544507591722,0.041445127909642,0.0965399511098409,0.299539383472746,1251.18340281643,1.00471542786765
"q_values[45,1,3]",0.187072137233225,0.00652148538446615,0.231169692373663,0.000283465477520572,0.0302928601971601,0.11071119650149,0.258475420998772,0.808741007077641,1256.5180727951,1.00470212002773
"q_values[45,1,4]",0,NA,0,0,0,0,0,0,NA,NA
"q_values[45,1,5]",-0.139292134174802,0.00482923575623674,0.17082006977143,-0.599078766945491,-0.193079902219682,-0.082890255819284,-0.0227089015183445,-0.000212598166506637,1251.18340281643,1.00471542786765
"q_values[45,1,6]",-0.0023955920683846,0.000661625431811154,0.035680974927493,-0.0157895020567786,-0.0133699484366235,-0.00748603823204076,-0.00162937553998763,0.0536902148759539,2908.36589806622,1.0011967399827
"q_values[45,1,7]",0.0140266150419567,0.000330070544644375,0.0134830067877327,1.79440786722571e-05,0.00351763928890734,0.0122171825599697,0.0241722317976383,0.0361583417317464,1668.62968987979,1.00150777544717
"q_values[45,1,8]",0.0205167723621543,0.000643296718578483,0.0219949735482183,3.54305167276624e-05,0.00375616724098918,0.0134333318183253,0.030108880958221,0.0799078255236118,1169.02612261292,1.00484548929557
"q_values[45,2,1]",-0.0928614227832012,0.00321949050415783,0.113880046514287,-0.399385844630328,-0.128719934813121,-0.0552601705461894,-0.0151392676788963,-0.000141732111004425,1251.18340281643,1.00471542786765
"q_values[45,2,2]",0,NA,0,0,0,0,0,0,NA,NA
"q_values[45,2,3]",0,NA,0,0,0,0,0,0,NA,NA
"q_values[45,2,4]",0.0464307113916006,0.00160974525207891,0.0569400232571434,7.08660555022125e-05,0.00756963383944816,0.0276300852730947,0.0643599674065606,0.199692922315164,1251.18340281643,1.00471542786765
"q_values[45,2,5]",0.0275195317101868,0.00107852353258,0.0402218053096118,3.54367943752469e-05,0.00382789987161905,0.0143928822154439,0.0353532858762062,0.131745217621279,1390.79739308192,1.00434024510479
"q_values[45,2,6]",-0.0235998072166765,0.000837437480075335,0.0299873918094746,-0.102832665676695,-0.0322799557862857,-0.0138229526638926,-0.00378497957041302,-3.54330278845685e-05,1282.24968173591,1.00465496352005
"q_values[45,2,7]",0.127148509173395,0.00409950043501258,0.141235936786168,0.00021258686690114,0.0225799779640374,0.0811725571372848,0.183759939866915,0.509354906592626,1186.93942661282,1.0048371871594
"q_values[45,2,8]",0.0342870863901936,0.00090499239356391,0.0313606611817135,6.64026587713821e-05,0.0074133443105567,0.025832420015425,0.0547857254728867,0.107423728042127,1200.82732792565,1.00405484627822
"q_values[45,3,1]",0.00888574938858217,0.000375520707632841,0.0200664986388687,-0.00583442880377024,0.00283939324438965,0.0100740355437939,0.0184345796131869,0.0230437371514299,2855.45564617241,1.00011357980959
"q_values[45,3,2]",-0.0982585894504932,0.00355178653925136,0.12771231343599,-0.439263115898268,-0.13286214030324,-0.0560235921826334,-0.0151965670363661,-0.000141737133051312,1292.92052516031,1.00460503592403
"q_values[45,3,3]",0,NA,0,0,0,0,0,0,NA,NA
"q_values[45,3,4]",0.0173659509103964,0.000478666006861766,0.0160660064843517,3.54267505039087e-05,0.00371357224116104,0.0128792223214646,0.0272354950343111,0.0565817258283447,1126.55059875802,1.00476963751376
"q_values[45,3,5]",-0.0326603973635613,0.00139097868937519,0.0539377028972747,-0.169631685876478,-0.039428843310988,-0.0151510305003245,-0.00388509079529622,-3.54418163331596e-05,1503.64024361456,1.00405492804621
"q_values[45,3,6]",-0.139292134174802,0.00482923575623674,0.17082006977143,-0.599078766945491,-0.193079902219682,-0.082890255819284,-0.0227089015183445,-0.000212598166506637,1251.18340281643,1.00471542786765
"q_values[45,3,7]",-0.208938201262203,0.00724385363435511,0.256230104657145,-0.898618150418237,-0.289619853329523,-0.124335383728926,-0.0340633522775167,-0.000318897249759955,1251.18340281643,1.00471542786765
"q_values[45,3,8]",0,NA,0,0,0,0,0,0,NA,NA
"q_values[45,4,1]",-0.139292134174802,0.00482923575623674,0.17082006977143,-0.599078766945491,-0.193079902219682,-0.082890255819284,-0.0227089015183445,-0.000212598166506637,1251.18340281643,1.00471542786765
"q_values[45,4,2]",0.0942107144500242,0.00330207044752683,0.117297179084452,0.000141733366516147,0.0151535925182638,0.0554510259553004,0.129755486185651,0.409355162447313,1261.83470149241,1.00468860172871
"q_values[45,4,3]",0.0249490988834995,0.000921812620706186,0.0335247947836854,3.54342833962905e-05,0.00379930440978047,0.0140138080730036,0.0333155071588153,0.11280198349368,1322.6561525843,1.00453386692017
"q_values[45,4,4]",-0.162507489870602,0.0056341083822762,0.199290081400002,-0.698925228103073,-0.225259885922962,-0.0967052984558314,-0.0264937184380685,-0.000248031194257743,1251.18340281643,1.00471542786765
"q_values[45,4,5]",0.0642489004201089,0.00208955570927733,0.0722012450552397,0.000106294061206431,0.0112971514017024,0.0406817062731979,0.0923977456197222,0.259662112204805,1193.93714763369,1.00482933484035
"q_values[45,4,6]",0,NA,0,0,0,0,0,0,NA,NA
"q_values[45,4,7]",0,NA,0,0,0,0,0,0,NA,NA
"q_values[45,4,8]",0.00888574938858217,0.000375520707632841,0.0200664986388687,-0.00583442880377024,0.00283939324438965,0.0100740355437939,0.0184345796131869,0.0230437371514299,2855.45564617241,1.00011357980959
"q_values[45,5,1]",-0.0504785863920696,0.00186028187189847,0.0673855272081693,-0.229600875766119,-0.0674666215241496,-0.0282026515004278,-0.0076126083575505,-7.08698220373781e-05,1312.12664031079,1.00454888651385
"q_values[45,5,2]",-0.0783222057134096,0.0029342628301953,0.106764333724932,-0.363352199153416,-0.103588866551538,-0.0427652957187286,-0.0114543993333665,-0.000106307871568447,1323.89750535253,1.00450341383615
"q_values[45,5,3]",-0.0819856291930024,0.00315454050181091,0.115902665635379,-0.390273948085258,-0.106595548586122,-0.0433299519187164,-0.0114972112007799,-0.000106311637970151,1349.9405194608,1.00442353873158
"q_values[45,5,4]",-0.105282445144418,0.00337658335462698,0.116128071128462,-0.419477763252029,-0.152615507536164,-0.0675483699098485,-0.0188094858836808,-0.000177155094661755,1182.82222056962,1.0048408182297
"q_values[45,5,5]",0,NA,0,0,0,0,0,0,NA,NA
"q_values[45,5,6]",0.208938201262203,0.00724385363435511,0.256230104657145,0.000318897249759956,0.0340633522775167,0.124335383728926,0.289619853329523,0.898618150418237,1251.18340281643,1.00471542786765
"q_values[45,5,7]",0.139292134174802,0.00482923575623674,0.17082006977143,0.000212598166506637,0.0227089015183445,0.082890255819284,0.193079902219682,0.599078766945492,1251.18340281643,1.00471542786765
"q_values[45,5,8]",0,NA,0,0,0,0,0,0,NA,NA
"q_values[46,1,1]",0.263417858201057,0.0037166927053651,0.125641267165332,0.0743895754382227,0.174307405996965,0.245239928821873,0.331405691074423,0.553562451209032,1142.75019782446,1.00184500392803
"q_values[46,1,2]",-0.329272322751321,0.00464586588170638,0.157051583956665,-0.69195306401129,-0.414257113843028,-0.306549911027342,-0.217884257496206,-0.0929869692977784,1142.75019782446,1.00184500392803
"q_values[46,1,3]",-0.41839587705078,0.00534459997026052,0.179106436051563,-0.815518501929295,-0.525045083744349,-0.399098564091757,-0.289846417367404,-0.127414852313407,1123.03159437562,1.00172171031736
"q_values[46,1,4]",0.199614990304053,0.00287074280706421,0.0973947218271496,0.0558179101913335,0.131061554622309,0.184851782398318,0.250829156889984,0.425773664819872,1151.01841627725,1.00188316192116
"q_values[46,1,5]",-0.0727163338903435,0.00114015079524108,0.0390995337929054,-0.165493956072896,-0.0914219486612171,-0.0657602729602182,-0.0457240444835911,-0.0189625534069908,1176.03045655985,1.00196664097988
"q_values[46,1,6]",0,NA,0,0,0,0,0,0,NA,NA
"q_values[46,1,7]",0,NA,0,0,0,0,0,0,NA,NA
"q_values[46,1,8]",-0.115739413550127,0.00142506751703294,0.0476251623013709,-0.219325305222074,-0.145109767173752,-0.111343222655991,-0.0814568743257508,-0.0361571984553055,1116.86853423907,1.00166495298039
"q_values[46,2,1]",0.460981251851849,0.00650421223438892,0.219872217539332,0.13018175701689,0.305037960494688,0.429169875438279,0.57995995938024,0.968734289615807,1142.75019782447,1.00184500392803
"q_values[46,2,2]",0.262148535232693,0.00452020481759602,0.155476483321125,0.0602305123433263,0.154672061799241,0.2307216970452,0.332672441899765,0.640293383967884,1183.07748687687,1.0019744399483
"q_values[46,2,3]",-0.0952289998344901,0.00171230534096805,0.0590547581070304,-0.240050170550769,-0.121193968765315,-0.082711170987969,-0.0545567586889716,-0.0206404116213344,1189.45322248999,1.00198622477757
"q_values[46,2,4]",0,NA,0,0,0,0,0,0,NA,NA
"q_values[46,2,5]",0,NA,0,0,0,0,0,0,NA,NA
"q_values[46,2,6]",-0.131708929100528,0.00185834635268255,0.0628206335826662,-0.276781225604516,-0.165702845537211,-0.122619964410937,-0.0871537029984823,-0.0371947877191114,1142.75019782446,1.00184500392803
"q_values[46,2,7]",-0.47892716975091,0.0061286034140312,0.205408286558913,-0.934757141270739,-0.601032147058468,-0.45664963237891,-0.331524325975735,-0.145666383085028,1123.34429020787,1.00172426177291
"q_values[46,2,8]",-0.202886565500926,0.00293369643451593,0.0994174088175857,-0.434323811867588,-0.255418627760303,-0.18768886053472,-0.132629497388634,-0.0561380446666023,1148.40356823248,1.00186965618934
"q_values[46,3,1]",0,NA,0,0,0,0,0,0,NA,NA
"q_values[46,3,2]",-0.400449959151719,0.0057210676024105,0.193640253995262,-0.849495650274362,-0.50397289606612,-0.371618807151125,-0.263360051886357,-0.111930226245269,1145.61087615223,1.00185780893898
"q_values[46,3,3]",-0.31735665608269,0.0051471348548578,0.176077598668695,-0.740380049848514,-0.401795145759397,-0.284513851414038,-0.194451027516662,-0.0781361800270114,1170.24587676486,1.00194056183481
"q_values[46,3,4]",-0.246691918845607,0.00409341899289356,0.140313852131928,-0.585487920188717,-0.312648085682347,-0.219675414235732,-0.149057983157656,-0.0591993552326871,1174.97518600432,1.0019529321518
"q_values[46,3,5]",-0.26874103005119,0.00386279636616543,0.130823726586279,-0.572714424669846,-0.338270050528909,-0.248998842740189,-0.176206348887875,-0.074735438526158,1147.01580930875,1.00186384645409
"q_values[46,3,6]",0.592690180952377,0.00836255858707147,0.282692851121998,0.167376544736001,0.39219166349317,0.551789839849215,0.745662804917451,1.24551551522032,1142.75019782446,1.00184500392803
"q_values[46,3,7]",0.526835716402113,0.00743338541073019,0.251282534330665,0.148779150876445,0.348614811993929,0.490479857643747,0.662811382148845,1.10712490241806,1142.75019782446,1.00184500392803
"q_values[46,3,8]",0,NA,0,0,0,0,0,0,NA,NA
"q_values[46,4,1]",-0.0732292330536587,0.0011619182747337,0.0399401026200202,-0.16814441267617,-0.0919906708072589,-0.0659907319056963,-0.0458067945147376,-0.0189689855601574,1181.59103719259,1.0019826702321
"q_values[46,4,2]",0,NA,0,0,0,0,0,0,NA,NA
"q_values[46,4,3]",0,NA,0,0,0,0,0,0,NA,NA
"q_values[46,4,4]",0.592690180952377,0.00836255858707147,0.282692851121998,0.167376544736001,0.39219166349317,0.551789839849215,0.745662804917451,1.24551551522032,1142.75019782446,1.00184500392803
"q_values[46,4,5]",0.460981251851849,0.00650421223438892,0.219872217539332,0.13018175701689,0.305037960494688,0.429169875438279,0.57995995938024,0.968734289615807,1142.75019782447,1.00184500392803
"q_values[46,4,6]",-0.06936956438887,0.000508759411067608,0.0202950326689259,-0.0851284455540549,-0.0826873076556794,-0.0749824913271356,-0.0620382088217197,-0.0270644696057349,1591.30928802545,0.999938044726204
"q_values[46,4,7]",0.286686947950252,0.00349174986080048,0.116605520877223,0.0902200645942961,0.202692714368922,0.27647859968082,0.359342238207137,0.538737276324779,1115.19798888385,1.00164688159799
"q_values[46,4,8]",0.220832483399987,0.00256834819016498,0.0855309156610765,0.0716226707347404,0.159115862869681,0.215168617475351,0.276490815438532,0.400346663522521,1109.01760858255,1.00156298059702
"q_values[46,5,1]",0.130413756252316,0.00109461278650472,0.0369073267917208,0.0500777067118149,0.106034828560154,0.135813179775434,0.16076873119524,0.179481577917033,1136.85256658882,1.00062973231838
"q_values[46,5,2]",-0.395126787301585,0.00557503905804765,0.188461900747999,-0.830343676813548,-0.497108536611634,-0.36785989323281,-0.261461108995447,-0.111584363157334,1142.75019782446,1.00184500392803
"q_values[46,5,3]",0,NA,0,0,0,0,0,0,NA,NA
"q_values[46,5,4]",0,NA,0,0,0,0,0,0,NA,NA
"q_values[46,5,5]",0.292010119800385,0.00363379626227302,0.121532393848578,0.0905659276822314,0.204591657259832,0.280237513599135,0.366206597661624,0.557889249785593,1118.56945816972,1.00168201511185
"q_values[46,5,6]",0.317869555246005,0.0051686275885182,0.176907095699253,0.078142612180178,0.194533777547808,0.284744310359516,0.402363867905439,0.743030506451789,1171.49387595607,1.00194452331593
"q_values[46,5,7]",-0.526835716402113,0.00743338541073019,0.251282534330665,-1.10712490241806,-0.662811382148845,-0.490479857643747,-0.348614811993929,-0.148779150876445,1142.75019782446,1.00184500392803
"q_values[46,5,8]",0.110416241699994,0.00128417409508249,0.0427654578305382,0.0358113353673702,0.0795579314348403,0.107584308737676,0.138245407719266,0.200173331761261,1109.01760858255,1.00156298059702
"q_values[47,1,1]",0.113508418051124,0.00252857909576418,0.0869471292354414,0.000788039133720213,0.0394709541021049,0.0978771244296832,0.174153928044295,0.307057314948622,1182.38090710572,1.00017532375874
"q_values[47,1,2]",0,NA,0,0,0,0,0,0,NA,NA
"q_values[47,1,3]",0,NA,0,0,0,0,0,0,NA,NA
"q_values[47,1,4]",0.161599004517041,0.00408630639456033,0.145547310127713,0.000946044877783998,0.0484265694962422,0.124742371788715,0.236872330476713,0.532364171461583,1268.6636971452,1.00036884206004
"q_values[47,1,5]",0.0791520072307318,0.00197410221786027,0.0698643418713244,0.00047299756729442,0.024146701221359,0.0619131800767468,0.116688137145448,0.255609192851641,1252.48309195308,1.00035097096255
"q_values[47,1,6]",-0.262168447109025,0.00697322229638956,0.254422847515032,-0.925420971742182,-0.376284832829979,-0.192609627494401,-0.0734388565655089,-0.00141936577584694,1331.20578938104,1.00042469588559
"q_values[47,1,7]",-0.203908792195908,0.00542361734163632,0.197884436956136,-0.719771866910586,-0.292665981089984,-0.149807488051201,-0.0571191106620624,-0.00110395115899207,1331.20578938104,1.00042469588559
"q_values[47,1,8]",0.0893210756779312,0.00195670215470477,0.0674657387224883,0.000630406440085512,0.0314988587227376,0.0778252578233705,0.137671343125807,0.236196912375214,1188.8227670719,1.00015215907943
"q_values[47,2,1]",0,NA,0,0,0,0,0,0,NA,NA
"q_values[47,2,2]",0.116519309826233,0.00309920990950647,0.113076821117792,0.000630829233709753,0.0326394918068928,0.0856042788864005,0.167237703479991,0.411298209663192,1331.20578938104,1.00042469588559
"q_values[47,2,3]",-0.0159498672342492,0.000293213364667719,0.0128593610352605,-0.0312107444317662,-0.0258936481594706,-0.0168409183215948,-0.00700898174485661,-3.67031907455452e-05,1923.4072825519,0.999870541743593
"q_values[47,2,4]",-0.150591622366158,0.00408848911916673,0.150638327495833,-0.545841440716441,-0.214291213628716,-0.108379366060833,-0.0409991153389024,-0.000788611156929928,1357.51700262262,1.00044352032092
"q_values[47,2,5]",-0.0582596549131167,0.00154960495475323,0.0565384105588959,-0.205649104831596,-0.0836188517399954,-0.0428021394432002,-0.0163197459034464,-0.000315414616854877,1331.20578938104,1.00042469588559
"q_values[47,2,6]",-0.00687407839162205,0.000402883951482216,0.0230244471670382,-0.0181153613749104,-0.0161967544192343,-0.0111541693087778,-0.00418454497838631,0.0386730247084799,3266.01734287892,1.00049491574649
"q_values[47,2,7]",0.0431481013825514,0.00137103085380261,0.0549287161988321,0.000157931129271048,0.00875586481385098,0.0254643111851669,0.0571031743996971,0.191457665144323,1605.10867113545,1.00056467640738
"q_values[47,2,8]",0,NA,0,0,0,0,0,0,NA,NA
"q_values[47,3,1]",0,NA,0,0,0,0,0,0,NA,NA
"q_values[47,3,2]",-0.0241873423731924,0.000567893662003225,0.0196002387968036,-0.0708231052476084,-0.0365653415912705,-0.020027052268768,-0.00796012237143683,-0.000157632693634701,1191.21096280378,1.00025797172377
"q_values[47,3,3]",-0.178073954794927,0.00479152239265964,0.1757898349093,-0.638093100253089,-0.254352611405804,-0.129322429964822,-0.0490924047638635,-0.000946293593759787,1345.98578192472,1.00043554938186
"q_values[47,3,4]",0,NA,0,0,0,0,0,0,NA,NA
"q_values[47,3,5]",0.262168447109025,0.00697322229638956,0.254422847515032,0.00141936577584694,0.0734388565655089,0.192609627494401,0.376284832829979,0.925420971742182,1331.20578938104,1.00042469588559
"q_values[47,3,6]",0.203908792195908,0.00542361734163632,0.197884436956136,0.00110395115899207,0.0571191106620624,0.149807488051201,0.292665981089984,0.719771866910586,1331.20578938104,1.00042469588559
"q_values[47,3,7]",-0.0388943052417053,0.000750422795425475,0.0270772875746227,-0.084477167978583,-0.0616755563220224,-0.0371546474397913,-0.015360218642105,-0.00025648130164327,1301.96190996593,0.999940825159609
"q_values[47,3,8]",-0.164205305630098,0.00466135933816158,0.175509875378893,-0.631213091853051,-0.229365710005174,-0.112413202076935,-0.0415934772616645,-0.000788834966006238,1417.67913914517,1.00048788964445
"q_values[47,4,1]",0.0293995545645933,0.000790520946642252,0.0290301847678817,0.000157707316272305,0.00816095957796699,0.0214206733532433,0.0419555939721585,0.104998860143742,1348.56795577184,1.00042464874329
"q_values[47,4,2]",0.0258348374009811,0.000635153690650609,0.0223350469483391,0.00015765756523228,0.00802670589819895,0.0204850580863787,0.0383133696841795,0.0816787666574968,1236.56254420345,1.00033116062976
"q_values[47,4,3]",0.190728831973599,0.00486001528004402,0.173731512835287,0.00110375218621144,0.0565864424479654,0.146143441510315,0.278681756346711,0.635188723877381,1277.8560501434,1.00037826097979
"q_values[47,4,4]",-0.0461733643300938,0.00149899197642104,0.0607101784079539,-0.21042914317468,-0.0604530624833546,-0.0263607191887451,-0.00888794524113145,-0.000157980864621339,1640.30421848011,1.00057830795948
"q_values[47,4,5]",0,NA,0,0,0,0,0,0,NA,NA
"q_values[47,4,6]",0,NA,0,0,0,0,0,0,NA,NA
"q_values[47,4,7]",-0.145649137282792,0.00387401238688309,0.14134602639724,-0.51412276207899,-0.209047129349988,-0.107005348608001,-0.040799364758616,-0.000788536542137191,1331.20578938104,1.00042469588559
"q_values[47,4,8]",0.087389482369675,0.00232440743212985,0.0848076158383439,0.000473121925282315,0.0244796188551696,0.0642032091648004,0.125428277609993,0.308473657247394,1331.20578938104,1.00042469588559
"q_values[47,5,1]",-0.101691854576136,0.00247249270577332,0.0865301534067766,-0.316142173750836,-0.151505450643809,-0.0814822265279041,-0.0320402400660337,-0.000630605389331542,1224.79924295399,1.00031490333904
"q_values[47,5,2]",-0.0467271897185962,0.00106513745872273,0.0366438177891177,-0.130998697362056,-0.0712725795338871,-0.0395960987199252,-0.0158536612161115,-0.000315240515671824,1183.55954846289,1.00021241872065
"q_values[47,5,3]",0.116519309826233,0.00309920990950647,0.113076821117792,0.000630829233709753,0.0326394918068928,0.0856042788864005,0.167237703479991,0.411298209663192,1331.20578938104,1.00042469588559
"q_values[47,5,4]",-0.087389482369675,0.00232440743212985,0.0848076158383439,-0.308473657247394,-0.125428277609993,-0.0642032091648004,-0.0244796188551696,-0.000473121925282315,1331.20578938104,1.00042469588559
"q_values[47,5,5]",-0.0785981818422294,0.00241470184176857,0.0950384607124775,-0.33439948134878,-0.10575854453917,-0.0486778005455667,-0.0171809852463789,-0.000315737916243935,1549.0725585646,1.00054374617806
"q_values[47,5,6]",0.0615690161411265,0.00122761325303612,0.0437532278837735,0.000458103345412728,0.0233805648251949,0.0567996225124754,0.0970314964182803,0.142955614397367,1270.27298017151,1.00001937648211
"q_values[47,5,7]",0,NA,0,0,0,0,0,0,NA,NA
"q_values[47,5,8]",0,NA,0,0,0,0,0,0,NA,NA
"q_values[48,1,1]",-0.0821620623991881,0.00303137538328184,0.106856330258318,-0.34886357761169,-0.110704224197981,-0.0490567061322659,-0.0136317681962856,-0.000118011178636816,1242.57059331408,1.00395780265379
"q_values[48,1,2]",-0.0133638979188966,0.000429051415989325,0.013199227431404,-0.0482265137144896,-0.0199749743866691,-0.00936219261181193,-0.00268640353045015,-2.29102990285084e-05,946.407874209759,1.00363197093094
"q_values[48,1,3]",0.117657982897408,0.00439225697890052,0.15654390682053,0.000165217989773082,0.0191156250927207,0.0690803547726239,0.157004013403618,0.507268447156247,1270.27237434182,1.00393996700083
"q_values[48,1,4]",0.151274549439525,0.00564718754430067,0.201270737340681,0.000212423129708248,0.0245772322620695,0.0888175989933735,0.201862302947509,0.652202289200889,1270.27237434182,1.00393996700083
"q_values[48,1,5]",0,NA,0,0,0,0,0,0,NA,NA
"q_values[48,1,6]",-0.0543374283033209,0.00214114166716019,0.0825364325058528,-0.243658048280348,-0.0698027673173736,-0.0300928182541575,-0.0082296972777476,-7.08104953694087e-05,1485.93762868183,1.0036638357007
"q_values[48,1,7]",0.0465122713230289,0.00165324926632957,0.0540233524220834,7.08049244360899e-05,0.00815512423029873,0.0291189144080915,0.064772101314299,0.191143477853578,1067.79131564698,1.00402759129199
"q_values[48,1,8]",0,NA,0,0,0,0,0,0,NA,NA
"q_values[48,2,1]",-0.0336165665421166,0.00125493056540015,0.0447268305201514,-0.144933842044642,-0.0448582895438909,-0.0197372442207497,-0.00546160716934878,-4.72051399351661e-05,1270.27237434183,1.00393996700083
"q_values[48,2,2]",0,NA,0,0,0,0,0,0,NA,NA
"q_values[48,2,3]",0.0315811482066852,0.00113473222745091,0.0386567126976017,4.72034687077681e-05,0.00543931671321297,0.0194489175564042,0.0433942231690861,0.130701700002022,1160.54787406642,1.00402790845318
"q_values[48,2,4]",-0.0871714791474082,0.0033572985100323,0.123822582268946,-0.383340433282313,-0.114157990260957,-0.0497326720903006,-0.0136838471423515,-0.000118015078211243,1360.25333126484,1.00381311009653
"q_values[48,2,5]",0,NA,0,0,0,0,0,0,NA,NA
"q_values[48,2,6]",0.0504248498131749,0.00188239584810022,0.067090245780227,7.08077099027494e-05,0.00819241075402316,0.0296058663311245,0.0672874343158363,0.217400763066963,1270.27237434182,1.00393996700083
"q_values[48,2,7]",-0.0551199440013501,0.00219041426641445,0.0858016607647133,-0.248909505323025,-0.0703058339176811,-0.0301902086387641,-0.00823715458249249,-7.08110524627407e-05,1534.40098750447,1.00360687805018
"q_values[48,2,8]",-0.0218177000192784,0.000964016663405584,0.0405239390596985,-0.106943776692944,-0.0258829108349213,-0.0105445880684095,-0.00278288253074031,-2.36064695420101e-05,1767.07191855205,1.00330265263243
"q_values[48,3,1]",0.0218177000192784,0.000964016663405584,0.0405239390596985,2.36064695420101e-05,0.00278288253074031,0.0105445880684095,0.0258829108349213,0.106943776692944,1767.07191855205,1.00330265263243
"q_values[48,3,2]",-0.10084969962635,0.00376479169620044,0.134180491560454,-0.434801526133926,-0.134574868631673,-0.059211732662249,-0.0163848215080463,-0.000141615419805498,1270.27237434182,1.00393996700083
"q_values[48,3,3]",0,NA,0,0,0,0,0,0,NA,NA
"q_values[48,3,4]",0.0297039880519706,0.00103053494181644,0.0326629388924684,4.58232229277518e-05,0.00540964829238841,0.0191971435416936,0.0423281639399826,0.11831527220971,1004.58126215251,1.0038457459259
"q_values[48,3,5]",-0.151274549439525,0.00564718754430067,0.201270737340681,-0.652202289200889,-0.201862302947509,-0.0888175989933735,-0.0245772322620695,-0.000212423129708248,1270.27237434182,1.00393996700083
"q_values[48,3,6]",0.00757415927403599,0.000571874471807474,0.0298372739929287,3.04197561759471e-06,0.00228569955998319,0.00805976102657278,0.01525794710042,0.0209044532478713,2722.18015881282,1.00026149902692
"q_values[48,3,7]",0.086388963449379,0.00330157900253604,0.120752116169875,0.000118014521117911,0.0136763898376066,0.049635281705694,0.11365492366065,0.378088976239636,1337.66114785169,1.00384661025321
"q_values[48,3,8]",0,NA,0,0,0,0,0,0,NA,NA
"q_values[48,4,1]",0.0840414163552914,0.00313732641350038,0.111817076300378,0.000118012849837916,0.0136540179233719,0.0493431105518742,0.112145723859727,0.362334605111605,1270.27237434181,1.00393996700083
"q_values[48,4,2]",-0.0336165665421166,0.00125493056540015,0.0447268305201514,-0.144933842044642,-0.0448582895438909,-0.0197372442207497,-0.00546160716934878,-4.72051399351661e-05,1270.27237434183,1.00393996700083
"q_values[48,4,3]",-0.0953720897401453,0.00343447598071972,0.115183243899425,-0.398041326835187,-0.13105340242952,-0.0585299999700028,-0.0163326203748321,-0.000141611520152175,1124.7542525598,1.00404542185442
"q_values[48,4,4]",-0.031269019448029,0.00111611079978089,0.0367816029667803,-0.129179470916611,-0.0433490897429685,-0.0194450730669299,-0.00543923525511412,-4.72034686551704e-05,1086.04215620385,1.00403962016017
"q_values[48,4,5]",-0.0107822542558168,0.000369011834974872,0.0167184293304876,-0.031560992614149,-0.0181374752750132,-0.00892178184463866,-0.00255679838902298,-1.58979915371602e-05,2052.62851256625,1.00027590679306
"q_values[48,4,6]",0,NA,0,0,0,0,0,0,NA,NA
"q_values[48,4,7]",0,NA,0,0,0,0,0,0,NA,NA
"q_values[48,4,8]",0.0316591803963492,0.00114033908393045,0.0392144283747307,4.72034687209175e-05,0.00543933707773769,0.0194498786787728,0.0434055065256155,0.131082257273374,1182.56156125719,1.00400681021381
"q_values[48,5,1]",0,NA,0,0,0,0,0,0,NA,NA
"q_values[48,5,2]",-0.0423824974011546,0.00185147875061198,0.0776056552276978,-0.204906868385945,-0.0508048218953452,-0.0208982398570801,-0.0055509319100897,-4.72118249499539e-05,1756.90903413778,1.00330294211523
"q_values[48,5,3]",-0.0136782204789415,0.00045615587731775,0.0146322794663665,-0.0509169575934681,-0.0204015398984261,-0.00945331362571761,-0.00269369906231939,-2.29108239593496e-05,1028.95747090146,1.00284230331511
"q_values[48,5,4]",0,NA,0,0,0,0,0,0,NA,NA
"q_values[48,5,5]",-0.0521290444512975,0.0017081788957721,0.0553434589746742,-0.182060139518317,-0.0796401806333674,-0.0373749277782117,-0.0107189906909999,-8.52964033947997e-05,1049.70168508382,1.00238681952544
"q_values[48,5,6]",-0.0617555231980287,0.00219060336573755,0.0712868258453834,-0.253107484790545,-0.0861951128856295,-0.0387927557492532,-0.0108710132054833,-9.44063802170089e-05,1058.9880364249,1.00401896944676
"q_values[48,5,7]",0.134466266168466,0.00501972226160058,0.178907322080605,0.000188820559740665,0.0218464286773951,0.0789489768829987,0.179433158175563,0.579735368178568,1270.27237434183,1.00393996700083
"q_values[48,5,8]",0.151274549439525,0.00564718754430067,0.201270737340681,0.000212423129708248,0.0245772322620695,0.0888175989933735,0.201862302947509,0.652202289200889,1270.27237434182,1.00393996700083
"q_values[49,1,1]",-0.0999806120970006,0.0025917638412983,0.0915413618005302,-0.337176654266918,-0.135974023917505,-0.0774864784444664,-0.0360282822267291,-0.00137317426988719,1247.50956620478,1.00191784401229
"q_values[49,1,2]",0.107671146124827,0.00233455130131844,0.0757436910112704,0.00205202268211653,0.0493070011464747,0.0968086006627432,0.152146277208709,0.283855430046722,1052.65506716114,1.00294070773285
"q_values[49,1,3]",0.141925362157711,0.00356765444353477,0.123901675508728,0.00205858660221759,0.0532902318420839,0.112995616463967,0.194821575658894,0.460240014709327,1206.11520679622,1.00208101008514
"q_values[49,1,4]",0,NA,0,0,0,0,0,0,NA,NA
"q_values[49,1,5]",-0.325387764498903,0.00757611397256105,0.253976220227463,-0.952108350124669,-0.453799841088463,-0.276498433156404,-0.136018876013029,-0.00547956088445709,1123.81056933871,1.0024936626302
"q_values[49,1,6]",-0.244040823374178,0.00568208547942079,0.190482165170597,-0.714081262593502,-0.340349880816347,-0.207373824867303,-0.102014157009772,-0.00410967066334281,1123.81056933871,1.0024936626302
"q_values[49,1,7]",0,NA,0,0,0,0,0,0,NA,NA
"q_values[49,1,8]",-0.138736305285098,0.00292321402406614,0.0932798904475191,-0.348576160687798,-0.197940410143017,-0.127498240664161,-0.0654077138620507,-0.00273555809380622,1018.2509586922,1.00317544183745
"q_values[49,2,1]",0.108710646706892,0.00235787822842628,0.0762783553043859,0.00205248958254789,0.049561676202406,0.0977141480369618,0.15408632351861,0.286219512199786,1046.5497923326,1.00296554640161
"q_values[49,2,2]",0.0866708471168043,0.00209130957024119,0.0713610339988006,0.00137082852076368,0.0345828799242492,0.0715137140477768,0.119885407027941,0.266355535169953,1164.35555276692,1.00228435951685
"q_values[49,2,3]",0,NA,0,0,0,0,0,0,NA,NA
"q_values[49,2,4]",0,NA,0,0,0,0,0,0,NA,NA
"q_values[49,2,5]",-0.325387764498903,0.00757611397256105,0.253976220227463,-0.952108350124669,-0.453799841088463,-0.276498433156404,-0.136018876013029,-0.00547956088445709,1123.81056933871,1.0024936626302
"q_values[49,2,6]",0.11785540027642,0.00269966193165778,0.0899593145302461,0.00205389863873153,0.0504534928728687,0.101504239178632,0.164652120129499,0.337140856276771,1110.3848049351,1.00257870771787
"q_values[49,2,7]",0.0856801854076669,0.00155426728409178,0.0483365595681266,0.0020332810517094,0.0468635926041621,0.0868303017661434,0.125164518612822,0.164904922276399,967.163860123805,1.00411896042469
"q_values[49,2,8]",-0.28471429393654,0.00662909972599093,0.22222919269903,-0.833094806359086,-0.397074860952405,-0.241936129011853,-0.1190165165114,-0.00479461577389995,1123.81056933871,1.0024936626302
"q_values[49,3,1]",0.325387764498903,0.00757611397256105,0.253976220227463,0.00547956088445709,0.136018876013029,0.276498433156404,0.453799841088463,0.95210835012467,1123.81056933871,1.0024936626302
"q_values[49,3,2]",-0.0353495645702844,0.000754303782014768,0.0242138120169626,-0.0906850961267978,-0.0502895333802324,-0.0321731983858746,-0.0164241985806367,-0.00068400681090773,1030.46622670454,1.00308246197933
"q_values[49,3,3]",-0.225407152401903,0.00500301964077185,0.163693067999936,-0.614931695857751,-0.317825817170958,-0.199011954711937,-0.0999905937862999,-0.00410638661456989,1070.52339156595,1.00280508752511
"q_values[49,3,4]",-0.118599575898194,0.00222046902068756,0.0689673416376379,-0.241120469366024,-0.172958301292109,-0.117873015951629,-0.062985576940613,-0.00273180650191812,964.711678176157,1.00395459010143
"q_values[49,3,5]",-0.00988892919130145,0.000410883506362446,0.0224358485324369,-0.021194773901684,-0.0199630321627184,-0.0158543823100895,-0.0071445775255293,0.0425284694483259,2981.5876598741,0.999954674978106
"q_values[49,3,6]",0.244040823374178,0.00568208547942079,0.190482165170597,0.00410967066334281,0.102014157009772,0.207373824867303,0.340349880816347,0.714081262593502,1123.81056933871,1.0024936626302
"q_values[49,3,7]",0,NA,0,0,0,0,0,0,NA,NA
"q_values[49,3,8]",0,NA,0,0,0,0,0,0,NA,NA
"q_values[49,4,1]",-0.0428083196818285,0.000652814262672024,0.0247933547009308,-0.0684866772788366,-0.0626607741316619,-0.0486508388668373,-0.0276611926249779,-0.000586605042711537,1442.41861523611,1.00316720375906
"q_values[49,4,2]",0,NA,0,0,0,0,0,0,NA,NA
"q_values[49,4,3]",-0.0619690945306769,0.00174798747200335,0.0643890321431518,-0.232327334320727,-0.0824667671593596,-0.0441187271792539,-0.0193150031855964,-0.000688698309154759,1356.89787654155,1.0015570034977
"q_values[49,4,4]",-0.244040823374178,0.00568208547942079,0.190482165170597,-0.714081262593502,-0.340349880816347,-0.207373824867303,-0.102014157009772,-0.00410967066334281,1123.81056933871,1.0024936626302
"q_values[49,4,5]",0,NA,0,0,0,0,0,0,NA,NA
"q_values[49,4,6]",0.0849360097858927,0.00203684904712661,0.0694646059145109,0.0013703606563066,0.0343134596949331,0.0704843071713642,0.117397784831749,0.258934249445605,1163.07966860104,1.00230174238961
"q_values[49,4,7]",0.162693882249452,0.00378805698628053,0.126988110113731,0.00273978044222854,0.0680094380065145,0.138249216578202,0.226899920544231,0.476054175062335,1123.81056933871,1.0024936626302
"q_values[49,4,8]",0.182071728843501,0.00396158525734531,0.128355677487293,0.00342097235418805,0.0826991538241753,0.163255097688049,0.257883113656987,0.481753928272775,1049.76515493134,1.00294312964848
"q_values[49,5,1]",0,NA,0,0,0,0,0,0,NA,NA
"q_values[49,5,2]",0.366061235061266,0.00852312821913118,0.285723247755895,0.00616450599501422,0.153021235514658,0.311060737300954,0.51052482122452,1.07112189389025,1123.81056933871,1.0024936626302
"q_values[49,5,3]",0.325387764498903,0.00757611397256105,0.253976220227463,0.00547956088445709,0.136018876013029,0.276498433156404,0.453799841088463,0.95210835012467,1123.81056933871,1.0024936626302
"q_values[49,5,4]",-0.111436145746942,0.00300345640871962,0.107620449140831,-0.394511897173793,-0.150602438443627,-0.0831289508353053,-0.0374343640668492,-0.00137551744827546,1283.94651895665,1.00176602627331
"q_values[49,5,5]",-0.130006270675207,0.00313696435536179,0.107041550998201,-0.39953330275493,-0.179828110541912,-0.107270571071665,-0.0518743198863738,-0.00205624278114552,1164.35555276692,1.00228435951685
"q_values[49,5,6]",0,NA,0,0,0,0,0,0,NA,NA
"q_values[49,5,7]",-0.10854241383462,0.0028910616753059,0.102950939652287,-0.378661938830639,-0.147202189770284,-0.0818931114552361,-0.0371403685485583,-0.00137504797710885,1268.07784957826,1.00182084674617
"q_values[49,5,8]",-0.144060211277177,0.00311209762504665,0.100484006343322,-0.376904608326584,-0.204375856898842,-0.129887346422836,-0.0659858747830427,-0.00273649639345562,1042.52735721768,1.00299401845452
"q_values[50,1,1]",-0.0693686901417376,0.00124503778911478,0.0501507979182029,-0.195472457923713,-0.0922428480609391,-0.0587366809804752,-0.0346451351370436,-0.00409175009948957,1622.5221260722,1.00125521564774
"q_values[50,1,2]",0,NA,0,0,0,0,0,0,NA,NA
"q_values[50,1,3]",0.179463228198528,0.00296204769604179,0.117619373680745,0.0121469354288432,0.0967702773588669,0.158385225067197,0.239223030400665,0.465892068796733,1576.78917624036,1.00140656901165
"q_values[50,1,4]",-0.119431374234928,0.00152283987916206,0.0554117773389493,-0.226411075423433,-0.158903852364936,-0.119012920232919,-0.0805284319947052,-0.011844125708169,1324.02345360712,1.00233504390021
"q_values[50,1,5]",-0.148989606298356,0.00222658177446019,0.0858030874790903,-0.346413174872669,-0.198178749637563,-0.138078627802421,-0.0883307564668471,-0.0119878339049355,1485.00710402426,1.00166327659652
"q_values[50,1,6]",0.198652808397808,0.00296877569928025,0.114404116638787,0.0159837785399141,0.117774341955796,0.184104837069895,0.264238332850084,0.461884233163559,1485.00710402426,1.00166327659652
"q_values[50,1,7]",0,NA,0,0,0,0,0,0,NA,NA
"q_values[50,1,8]",-0.139915976583586,0.00249678123668413,0.100465401641918,-0.391961351670104,-0.186543356721716,-0.118811754129212,-0.0699529920852398,-0.00819895733170659,1619.09400872818,1.00126677371953
"q_values[50,2,1]",0.297979212596712,0.00445316354892038,0.171606174958181,0.0239756678098711,0.176661512933694,0.276157255604842,0.396357499275127,0.692826349745338,1485.00710402426,1.00166327659652
"q_values[50,2,2]",0.223084347210619,0.00355663530850514,0.139829937734567,0.0161110725201575,0.124531063747667,0.200369615376313,0.297131412882439,0.55777527657238,1545.68736642952,1.00148616883565
"q_values[50,2,3]",0,NA,0,0,0,0,0,0,NA,NA
"q_values[50,2,4]",0.271705228540331,0.00381619713282018,0.143936412490163,0.023847927190523,0.169726113402901,0.259209959987507,0.361446479477236,0.586157816901573,1422.58998258664,1.00188085953144
"q_values[50,2,5]",0.132568366263118,0.00182966100807812,0.0685752624964621,0.011907996017843,0.0839961317601016,0.127486568041586,0.176359362263882,0.279745341845316,1404.73269776593,1.00195165655312
"q_values[50,2,6]",0,NA,0,0,0,0,0,0,NA,NA
"q_values[50,2,7]",-0.0814633614001885,0.00106939950850863,0.0394008222249168,-0.1617182063839,-0.107953841342161,-0.0800244641328625,-0.0538642990687255,-0.00789653044455066,1357.47115315419,1.00216162237961
"q_values[50,2,8]",-0.148989606298356,0.00222658177446019,0.0858030874790903,-0.346413174872669,-0.198178749637563,-0.138078627802421,-0.0883307564668471,-0.0119878339049355,1485.00710402426,1.00166327659652
"q_values[50,3,1]",0,NA,0,0,0,0,0,0,NA,NA
"q_values[50,3,2]",-0.297979212596712,0.00445316354892038,0.171606174958181,-0.692826349745338,-0.396357499275127,-0.276157255604842,-0.176661512933694,-0.0239756678098711,1485.00710402426,1.00166327659652
"q_values[50,3,3]",0.0776421953826775,0.0014440113541504,0.0584755629034754,0.00413926999822681,0.0370927576134435,0.0645069019990473,0.103604817828974,0.22623530965303,1639.86314766268,1.00120589320207
"q_values[50,3,4]",0,NA,0,0,0,0,0,0,NA,NA
"q_values[50,3,5]",-0.446968818895068,0.00667974532338057,0.257409262437271,-1.03923952461801,-0.59453624891269,-0.414235883407263,-0.264992269400541,-0.0359635017148067,1485.00710402426,1.00166327659652
"q_values[50,3,6]",0.129800026099076,0.00222943988688424,0.0891535835176958,0.00815099079386469,0.0673266918699179,0.112359015799723,0.173163447188144,0.350421010505843,1599.13848406192,1.00133159797752
"q_values[50,3,7]",0.304547708610807,0.00461428160495026,0.17862460404629,0.0240076029647081,0.178395362816392,0.280394079509176,0.405085254224599,0.719493482956279,1498.56079714232,1.00162136489294
"q_values[50,3,8]",0.105894900212999,0.00164608546191351,0.0642506171832469,0.00802382442479405,0.0606210208605962,0.0962892424392811,0.140846921374515,0.257609249792721,1523.52592594338,1.00154850277764
"q_values[50,4,1]",0.182747476205575,0.00304631295321979,0.121214925794091,0.0121629030062617,0.097637202300216,0.160503637019364,0.243586907875402,0.479225635402204,1583.29983173629,1.00138628563416
"q_values[50,4,2]",-0.367747384732188,0.00521972046075493,0.197611317663402,-0.803766366877881,-0.489201768427542,-0.349143966570287,-0.22774635943945,-0.0318238488830616,1433.27371911571,1.00184046975776
"q_values[50,4,3]",-0.148989606298356,0.00222658177446019,0.0858030874790903,-0.346413174872669,-0.198178749637563,-0.138078627802421,-0.0883307564668471,-0.0119878339049355,1485.00710402426,1.00166327659652
"q_values[50,4,4]",-0.0672735435185295,0.000751164522620489,0.0260745753315502,-0.102918483954294,-0.0888833002488981,-0.0710980405994036,-0.0502507089303092,-0.00783240491253109,1204.93703119352,1.00325718490789
"q_values[50,4,5]",0,NA,0,0,0,0,0,0,NA,NA
"q_values[50,4,6]",0.347642414696164,0.00519535747374044,0.200207204117877,0.0279716124448496,0.206105098422643,0.322183464872315,0.462417082487648,0.808297408036228,1485.00710402426,1.00166327659652
"q_values[50,4,7]",-0.152273854305404,0.00230714080247513,0.0893123020231448,-0.35974674147814,-0.2025426271123,-0.140197039754588,-0.0891976814081962,-0.0120038014823541,1498.56079714232,1.00162136489294
"q_values[50,4,8]",0,NA,0,0,0,0,0,0,NA,NA
"q_values[50,5,1]",0.0759371861558327,0.00141766227935985,0.0574548109995755,0.00412368525432659,0.0363789850197418,0.062973504884809,0.100970603010412,0.222139591134655,1642.50701390329,1.00119773618759
"q_values[50,5,2]",0,NA,0,0,0,0,0,0,NA,NA
"q_values[50,5,3]",0,NA,0,0,0,0,0,0,NA,NA
"q_values[50,5,4]",0.148989606298356,0.00222658177446019,0.0858030874790903,0.0119878339049356,0.0883307564668471,0.138078627802421,0.198178749637563,0.346413174872669,1485.00710402426,1.00166327659652
"q_values[50,5,5]",0.0905264860312298,0.00127886502371628,0.048377957259955,0.00794424176004704,0.056388497718949,0.086087192570399,0.120180642438283,0.197099982156764,1431.0197689244,1.00185072155008
"q_values[50,5,6]",-0.0973581885086921,0.00144679974653806,0.0557091803505803,-0.225306756715555,-0.129196674497118,-0.0904215189477209,-0.0581478729929218,-0.00797624072047044,1482.64333441405,1.00167370653664
"q_values[50,5,7]",-0.297979212596712,0.00445316354892038,0.171606174958181,-0.692826349745338,-0.396357499275127,-0.276157255604842,-0.176661512933694,-0.0239756678098711,1485.00710402426,1.00166327659652
"q_values[50,5,8]",-0.211789800425998,0.00329217092382702,0.128501234366494,-0.515218499585441,-0.28169384274903,-0.192578484878562,-0.121242041721192,-0.0160476488495881,1523.52592594338,1.00154850277764
"q_values[51,1,1]",-0.0565123776052671,0.0017688044833091,0.064579115934886,-0.227458595551311,-0.0800303185074002,-0.0367426788314276,-0.0117900196914098,-0.000110643157405701,1332.98275234746,1.00154240249555
"q_values[51,1,2]",-0.07404988278675,0.00229505785653296,0.0824126650524904,-0.293960251605559,-0.105678086598925,-0.0487822554419027,-0.0156991651635364,-0.000147522396031254,1289.43852203613,1.00173207716475
"q_values[51,1,3]",0.0192795666054341,0.000609505637483519,0.0224711507593075,3.68819591894157e-05,0.00394019527980491,0.012344295638826,0.0271175128252104,0.0788908523035417,1359.23695333155,1.00146309442837
"q_values[51,1,4]",0.141195902394781,0.00427521396789878,0.148745979964353,0.00029503255042809,0.0312596944267856,0.0962259248786522,0.205074252618537,0.539313398591753,1210.52778931976,1.00210287155275
"q_values[51,1,5]",0,NA,0,0,0,0,0,0,NA,NA
"q_values[51,1,6]",0,NA,0,0,0,0,0,0,NA,NA
"q_values[51,1,7]",0.129587294876812,0.00401635124893268,0.144222163841858,0.000258164193054695,0.0274735390361887,0.0853689470233298,0.184936651548118,0.514430440309729,1289.43852203613,1.00173207716475
"q_values[51,1,8]",0.00660270796804404,0.000331440629044207,0.0189315797205419,-0.0101442370043076,0.00276459497375804,0.00831419474488323,0.0135269153910755,0.0158176002482196,3262.5878920341,1.00049393844664
"q_values[51,2,1]",-0.07404988278675,0.00229505785653296,0.0824126650524904,-0.293960251605559,-0.105678086598925,-0.0487822554419027,-0.0156991651635364,-0.000147522396031254,1289.43852203613,1.00173207716475
"q_values[51,2,2]",-0.131121486694306,0.0040873712619485,0.147910112130395,-0.525232019114033,-0.186332633899077,-0.0856664105800305,-0.0275043470140303,-0.000258166913417899,1309.5061982142,1.00164986640076
"q_values[51,2,3]",0.0117125423211974,0.000312628584427528,0.0114503199732392,1.86674597267606e-05,0.00366287689199663,0.010684382142422,0.0198105398396806,0.0279443887612002,1341.46046444794,1.00400205380457
"q_values[51,2,4]",0,NA,0,0,0,0,0,0,NA,NA
"q_values[51,2,5]",-0.0116086075179684,0.000313754626488893,0.0119266177911493,-0.0276087989361876,-0.0196372427106964,-0.0106721109578469,-0.00364799792891692,-1.8133890853904e-05,1444.95501493479,1.00379008535479
"q_values[51,2,6]",0.0925623534834374,0.0028688223206662,0.103015831315613,0.000184402995039068,0.0196239564544205,0.0609778193023784,0.132097608248656,0.367450314506949,1289.43852203613,1.00173207716475
"q_values[51,2,7]",0,NA,0,0,0,0,0,0,NA,NA
"q_values[51,2,8]",-0.0264934682773811,0.00071584055422998,0.0229572696628221,-0.0710433590488126,-0.0428977349071009,-0.0222438127186715,-0.00760923337090062,-6.84277267226182e-05,1028.50847313186,1.00448223266626
"q_values[51,3,1]",-0.104170961001406,0.00312908061729813,0.107701299234132,-0.392333272788973,-0.152235209319074,-0.0718347971577009,-0.0234101118450173,-0.000221271352412463,1184.69997666821,1.00224455204575
"q_values[51,3,2]",0,NA,0,0,0,0,0,0,NA,NA
"q_values[51,3,3]",0,NA,0,0,0,0,0,0,NA,NA
"q_values[51,3,4]",-0.068680211425524,0.0020519738406171,0.0701212395846248,-0.256154725790497,-0.10079214837057,-0.0477411329934502,-0.0155913372410908,-0.00014751287476004,1167.76520248094,1.00234429288377
"q_values[51,3,5]",-0.0101783505037043,0.00028030608624599,0.0130284982673466,-0.0228278048762514,-0.0176829807530784,-0.0101351334941447,-0.00348283883939864,-9.01169833059688e-06,2160.34774454639,1.00261492648986
"q_values[51,3,6]",0.0505834799417527,0.00149996686278121,0.0510934377234981,0.000110632276153543,0.01166702960988,0.0355600800762749,0.0745201514862937,0.185839897779086,1160.29098825774,1.00232942095525
"q_values[51,3,7]",0.07404988278675,0.00229505785653296,0.0824126650524904,0.000147522396031254,0.0156991651635364,0.0487822554419027,0.105678086598925,0.293960251605559,1289.43852203613,1.00173207716475
"q_values[51,3,8]",-0.037024941393375,0.00114752892826648,0.0412063325262452,-0.14698012580278,-0.0528390432994624,-0.0243911277209514,-0.0078495825817682,-7.37611980156272e-05,1289.43852203613,1.00173207716475
"q_values[51,4,1]",0,NA,0,0,0,0,0,0,NA,NA
"q_values[51,4,2]",-0.1480997655735,0.00459011571306592,0.164825330104981,-0.587920503211119,-0.21135617319785,-0.0975645108838055,-0.0313983303270728,-0.000295044792062509,1289.43852203613,1.00173207716475
"q_values[51,4,3]",-0.129587294876812,0.00401635124893268,0.144222163841858,-0.514430440309729,-0.184936651548118,-0.0853689470233298,-0.0274735390361887,-0.000258164193054695,1289.43852203613,1.00173207716475
"q_values[51,4,4]",0.0748169786954965,0.0023305557739488,0.0842553591644892,0.000147523756212857,0.0157145691524572,0.0489309872202531,0.106376077774404,0.299361041007711,1307.00144275262,1.00165989724889
"q_values[51,4,5]",0.0265347864799836,0.000957101905438782,0.0405230678819073,3.68955606041202e-05,0.00409375150933962,0.0138171024790293,0.0339498998145481,0.129723511435081,1792.62014452914,1.00048106877017
"q_values[51,4,6]",0.054978185787774,0.00169750827063368,0.0608589383464943,0.000110640437042497,0.0117592117135682,0.0364452152747269,0.0786343361564417,0.216657016747007,1285.36048991481,1.001730207804
"q_values[51,4,7]",0.093329449392184,0.00290430322457812,0.104856719854748,0.00018440435522067,0.0196393604433413,0.0611265510807288,0.132795599424135,0.372851103909101,1303.49275540933,1.00167405686013
"q_values[51,4,8]",0,NA,0,0,0,0,0,0,NA,NA
"q_values[51,5,1]",0.1480997655735,0.00459011571306592,0.164825330104981,0.000295044792062509,0.0313983303270728,0.0975645108838055,0.21135617319785,0.587920503211119,1289.43852203613,1.00173207716475
"q_values[51,5,2]",0.106120892031815,0.00321946513067472,0.112707315179437,0.000221274073176983,0.0234414034825323,0.072146771657702,0.153778716435487,0.406310086483255,1225.56615086102,1.00200205545363
"q_values[51,5,3]",-0.148866861482246,0.00462557090075612,0.166663480318178,-0.593321292613271,-0.212054164373329,-0.0977132426621558,-0.0314137343159936,-0.000295046152244111,1298.22571975917,1.0016955534446
"q_values[51,5,4]",-0.0377920373021216,0.00118311037816751,0.0430578216682207,-0.152380915204932,-0.0535370344749416,-0.0245398594993017,-0.00786498657068901,-7.37625581972292e-05,1324.50493710717,1.00159110999908
"q_values[51,5,5]",0,NA,0,0,0,0,0,0,NA,NA
"q_values[51,5,6]",0,NA,0,0,0,0,0,0,NA,NA
"q_values[51,5,7]",-0.0102303179053188,0.000279004929862516,0.0127039515347148,-0.0229267603480328,-0.0177554351111279,-0.0101601235986174,-0.00349651686519976,-9.71113574736017e-06,2073.26063757439,1.00271715454121
"q_values[51,5,8]",-0.0925623534834374,0.0028688223206662,0.103015831315613,-0.367450314506949,-0.132097608248656,-0.0609778193023784,-0.0196239564544205,-0.000184402995039068,1289.43852203613,1.00173207716475
"q_values[52,1,1]",0.1486201833851,0.00297558215237014,0.104237006634984,0.00284896182876159,0.0666255796328193,0.133801202960008,0.21174790332455,0.38936366980368,1227.15655711907,1.00293375670794
"q_values[52,1,2]",0,NA,0,0,0,0,0,0,NA,NA
"q_values[52,1,3]",0,NA,0,0,0,0,0,0,NA,NA
"q_values[52,1,4]",0.261929136031671,0.00571655832433776,0.212422275029298,0.00428030853037284,0.10391943044349,0.217886121327802,0.36467304673566,0.793098557915504,1380.80017666051,1.00269831203204
"q_values[52,1,5]",-0.130570965100858,0.00285413001389535,0.106322310477581,-0.396514616976847,-0.181416915918485,-0.10848826382965,-0.05183252470833,-0.00213990142761872,1387.71827014473,1.00268593876174
"q_values[52,1,6]",-0.168841814990888,0.00362126096033667,0.133108013238055,-0.497761549245894,-0.236144817564686,-0.142711589494418,-0.0686898334816956,-0.00285252186658478,1351.10392962706,1.0027439990299
"q_values[52,1,7]",0.21105226873861,0.00452657620042084,0.166385016547568,0.00356565233323098,0.0858622918521195,0.178389486868022,0.295181021955858,0.622201936557367,1351.10392962706,1.0027439990299
"q_values[52,1,8]",0.153347886749726,0.00313537298510176,0.111843385429935,0.00284947294457792,0.0669559213724346,0.135392019178929,0.216673478031092,0.418338157616262,1272.4542737611,1.00286345207876
"q_values[52,2,1]",0.0476545483059141,0.000685044913768833,0.0255305567861814,0.000781180299171793,0.0290424723716337,0.052971051657332,0.0694943694535582,0.0782443387581296,1388.93678542744,1.00245016382159
"q_values[52,2,2]",0.295473176234055,0.00633720668058918,0.232939023166596,0.00499191326652338,0.120207208592967,0.249745281615231,0.413253430738201,0.871082711180314,1351.10392962706,1.0027439990299
"q_values[52,2,3]",-0.0844209074954442,0.00181063048016834,0.0665540066190273,-0.248880774622947,-0.118072408782343,-0.0713557947472089,-0.0343449167408478,-0.00142626093329239,1351.10392962706,1.0027439990299
"q_values[52,2,4]",-0.00807019923765985,0.00054339320971355,0.026247432383102,-0.0209690421741595,-0.0197840954893103,-0.0153824350614249,-0.00630038326383665,0.0575305270284087,2333.1638395588,1.00096770958081
"q_values[52,2,5]",0,NA,0,0,0,0,0,0,NA,NA
"q_values[52,2,6]",-0.10929853415249,0.00216381500828733,0.0752058651777541,-0.280408693841094,-0.156196972396255,-0.0993962179484623,-0.0497480146693777,-0.00213633993894727,1207.98951877536,1.00296387864023
"q_values[52,2,7]",0.143964188333842,0.0032924487348535,0.125671503213585,0.0021424428609299,0.0532867355531657,0.114671166293165,0.198020253950774,0.466233630027746,1456.91956946244,1.00258240064188
"q_values[52,2,8]",0,NA,0,0,0,0,0,0,NA,NA
"q_values[52,3,1]",0,NA,0,0,0,0,0,0,NA,NA
"q_values[52,3,2]",-0.0901985165256695,0.00200128128819503,0.0751004665109296,-0.279851597320722,-0.125042955708096,-0.073901619471326,-0.0349347035548125,-0.00142727808695616,1408.2151101766,1.00265632907945
"q_values[52,3,3]",-0.15919541673936,0.00381107780942163,0.147298588674457,-0.543730010733994,-0.217285836163846,-0.121945321771959,-0.0550155836149077,-0.00214549142022469,1493.83124887801,1.002504516021
"q_values[52,3,4]",-0.0831782229536087,0.002356851023601,0.0945952559432934,-0.339378459234325,-0.109463490449609,-0.0543628492742313,-0.0215502830474879,-0.000720755854715896,1610.92176724106,1.00223783077703
"q_values[52,3,5]",0.379894083729499,0.00814783716075752,0.299493029785623,0.00641817419981577,0.154552125333815,0.32110107636244,0.531325839520545,1.11996348580326,1351.10392962706,1.0027439990299
"q_values[52,3,6]",0,NA,0,0,0,0,0,0,NA,NA
"q_values[52,3,7]",-0.0479880627779474,0.00109748291161783,0.041890501071195,-0.155411210009249,-0.0660067513169248,-0.0382237220977215,-0.0177622451843886,-0.000714147620309965,1456.91956946244,1.00258240064188
"q_values[52,3,8]",0.337683629981777,0.00724252192067334,0.266216026476109,0.00570504373316957,0.137379666963391,0.285423178988836,0.472289635129373,0.995523098491788,1351.10392962706,1.0027439990299
"q_values[52,4,1]",0,NA,0,0,0,0,0,0,NA,NA
"q_values[52,4,2]",0.115076143182716,0.00234459726418408,0.0832115355133948,0.00213735709261105,0.0503378014833424,0.101942042672579,0.163167519322008,0.31137951653887,1259.5939458829,1.00288474029948
"q_values[52,4,3]",-0.379894083729499,0.00814783716075752,0.299493029785623,-1.11996348580326,-0.531325839520545,-0.32110107636244,-0.154552125333815,-0.00641817419981574,1351.10392962706,1.0027439990299
"q_values[52,4,4]",0,NA,0,0,0,0,0,0,NA,NA
"q_values[52,4,5]",0.233041090880544,0.00478047147210876,0.170499878418708,0.00427522276205398,0.100970496373667,0.205156997707217,0.329820312106894,0.638244444426627,1272.05733215054,1.00286570591939
"q_values[52,4,6]",0.0735829743055395,0.00104958076626629,0.0386419429958343,0.00160329835985879,0.0441176306682116,0.0807897293123859,0.107251966744286,0.121882315668975,1355.45837042769,1.00267491421797
"q_values[52,4,7]",0.00308068971436895,0.000684862248676372,0.0325206629476765,-0.0827203169560299,0.00338194327417536,0.0125870671281287,0.016885671562373,0.0180798215470162,2254.82232253321,1.00113159184352
"q_values[52,4,8]",-0.337683629981777,0.00724252192067334,0.266216026476109,-0.995523098491787,-0.472289635129373,-0.285423178988836,-0.137379666963391,-0.00570504373316955,1351.10392962706,1.0027439990299
"q_values[52,5,1]",0.0823202024872659,0.00174828140544809,0.0639775111600188,0.0014257534445967,0.0340652154764224,0.0702191268952341,0.115204407281037,0.239176396044214,1339.15857179597,1.00276056951887
"q_values[52,5,2]",-0.161488900623774,0.00339235740949385,0.123210778246596,-0.460940369816155,-0.226717783778674,-0.139119926591715,-0.0678304734983436,-0.00285099794964944,1319.15004725889,1.00279183339038
"q_values[52,5,3]",0.216829877768836,0.00471616896939023,0.174883348068895,0.00356666948689475,0.0864520786660842,0.180935311592139,0.302151568881611,0.653172759255143,1375.04909703468,1.00270714567759
"q_values[52,5,4]",0,NA,0,0,0,0,0,0,NA,NA
"q_values[52,5,5]",-0.253262722486333,0.005431891440505,0.199662019857082,-0.74664232386884,-0.35421722634703,-0.214067384241627,-0.103034750222543,-0.00427878279987716,1351.10392962706,1.0027439990299
"q_values[52,5,6]",0.126631361243166,0.0027159457202525,0.099831009928541,0.00213939139993859,0.0515173751112717,0.107033692120813,0.177108613173515,0.37332116193442,1351.10392962706,1.0027439990299
"q_values[52,5,7]",0,NA,0,0,0,0,0,0,NA,NA
"q_values[52,5,8]",0.0728656894349936,0.00144254333885822,0.050137243451836,0.00142422662596485,0.0331653431129185,0.0662641452989749,0.104131314930837,0.186939129227396,1207.98951877535,1.00296387864023
"q_values[53,1,1]",0.224515250292497,0.00617497411844935,0.195510402461231,0.00105624800706392,0.079100149377198,0.180259198459579,0.316977037124346,0.708606117193938,1002.46554823353,1.0063643605741
"q_values[53,1,2]",0,NA,0,0,0,0,0,0,NA,NA
"q_values[53,1,3]",-0.0742839012027816,0.00213027793602953,0.0726316706662453,-0.258756603305537,-0.102403603400491,-0.0553960269327972,-0.0233589713786258,-0.000301921739163207,1162.46404545826,1.00531165539563
"q_values[53,1,4]",0.0661894316784722,0.0014762798175648,0.0418551847974128,0.000440417750922211,0.0315997228825652,0.0658481621658066,0.100511226266496,0.135402168202064,803.824358353697,1.00978906920277
"q_values[53,1,5]",-0.107072477758632,0.00304442289393976,0.102482892740784,-0.365172742852316,-0.148150295241491,-0.0812327233733146,-0.0346662072537372,-0.00045281432877897,1133.16406267565,1.00548411049321
"q_values[53,1,6]",-0.0962208215539273,0.00264641747933543,0.0837901724833846,-0.303688335940259,-0.13584730162472,-0.0772539421969625,-0.0339000640187992,-0.00045267771731311,1002.46554823353,1.0063643605741
"q_values[53,1,7]",0,NA,0,0,0,0,0,0,NA,NA
"q_values[53,1,8]",0.0532955581645803,0.00136025592444494,0.0387545194582288,0.000301648533409546,0.0218338994442614,0.0475238469549563,0.0781880423688082,0.140796857776254,811.714791762867,1.00835476817382
"q_values[53,2,1]",-0.224515250292497,0.00617497411844935,0.195510402461231,-0.708606117193938,-0.316977037124346,-0.180259198459579,-0.079100149377198,-0.00105624800706392,1002.46554823353,1.0063643605741
"q_values[53,2,2]",0.0551041675320311,0.00142934644055585,0.0413893828433648,0.00030167130198719,0.0219615899834177,0.048186977151015,0.0803123730691708,0.151221884866792,838.499662969607,1.00797327929624
"q_values[53,2,3]",0,NA,0,0,0,0,0,0,NA,NA
"q_values[53,2,4]",0.0641472143692849,0.00176427831955696,0.0558601149889231,0.000301785144875407,0.0226000426791994,0.0515026281313084,0.0905648677498133,0.202458890626839,1002.46554823353,1.0063643605741
"q_values[53,2,5]",0.0255541390860472,0.000644065138073742,0.0181202410498306,0.00015080151530519,0.0107964737184861,0.0231841756562827,0.0375446960964857,0.0654265349387405,791.531780553535,1.00868807697793
"q_values[53,2,6]",0,NA,0,0,0,0,0,0,NA,NA
"q_values[53,2,7]",0.165793864025564,0.00461063719233315,0.148855053171804,0.000754531167921447,0.0568831783154676,0.130745960916447,0.232563666182919,0.536889430023127,1042.33006774811,1.00606675132281
"q_values[53,2,8]",-0.126862421187097,0.00316056405225835,0.08836314394712,-0.316925743877257,-0.187841696838997,-0.116187292927207,-0.0540176476897695,-0.0007509573095469,781.651430107895,1.00887779595488
"q_values[53,3,1]",-0.048872755990976,0.00148594554933308,0.0563012652775839,-0.194367407213469,-0.0649517588972241,-0.0322289277514872,-0.012563940567242,-0.000151120227293629,1435.59031237377,1.00410984224374
"q_values[53,3,2]",0.176164158800798,0.00469405878865955,0.140894754319659,0.00090515051742743,0.0666509131851912,0.148539712629397,0.253240112824283,0.515150061512433,900.93321680958,1.00725814301833
"q_values[53,3,3]",0.115634163166414,0.00306137639467731,0.0910771573109109,0.00060341090970731,0.0443062515843044,0.098363344890206,0.166776242946727,0.333185973189613,885.086008984082,1.00742878730321
"q_values[53,3,4]",0,NA,0,0,0,0,0,0,NA,NA
"q_values[53,3,5]",0.192441643107855,0.00529283495867087,0.167580344966769,0.00090535543462622,0.0678001280375983,0.154507884393925,0.27169460324944,0.607376671880518,1002.46554823353,1.0063643605741
"q_values[53,3,6]",0.150517336838199,0.00405526824604891,0.124168143157371,0.000754326274771941,0.0557440638127769,0.124897324476727,0.214759136910292,0.451924191581744,937.521420349906,1.00691831690718
"q_values[53,3,7]",0,NA,0,0,0,0,0,0,NA,NA
"q_values[53,3,8]",-0.0641472143692849,0.00176427831955696,0.0558601149889231,-0.202458890626839,-0.0905648677498133,-0.0515026281313084,-0.0226000426791994,-0.000301785144875407,1002.46554823353,1.0063643605741
"q_values[53,4,1]",0.0256971329602888,0.000650881203762522,0.0183996393399116,0.000150801518740802,0.0107979166255884,0.0232012521312553,0.0376375476897043,0.0664638737854122,799.125814968628,1.00856880127333
"q_values[53,4,2]",0.192441643107855,0.00529283495867087,0.167580344966769,0.00090535543462622,0.0678001280375983,0.154507884393925,0.27169460324944,0.607376671880518,1002.46554823353,1.0063643605741
"q_values[53,4,3]",-0.160368035923212,0.0044106957988924,0.139650287472308,-0.506147226567098,-0.226412169374533,-0.128756570328271,-0.0565001066979986,-0.000754462862188516,1002.46554823353,1.0063643605741
"q_values[53,4,4]",-0.145093577544903,0.00413472467008767,0.139319817390707,-0.498055743153728,-0.200799060521944,-0.10948286994845,-0.0464640045860412,-0.000603797944606739,1135.35741961547,1.00546523415839
"q_values[53,4,5]",0,NA,0,0,0,0,0,0,NA,NA
"q_values[53,4,6]",-0.0374994352869947,0.0010811883717987,0.0373571437369317,-0.131971648769448,-0.0514339306832921,-0.0277407046538302,-0.0116830929570688,-0.000150960878170633,1193.83578988207,1.0051466701183
"q_values[53,4,7]",0.144090551616155,0.00380977599584205,0.113139204332858,0.000754257944989726,0.0553508918455915,0.122788398563743,0.207957678949377,0.413920616199013,881.916276824795,1.00746362561133
"q_values[53,4,8]",0,NA,0,0,0,0,0,0,NA,NA
"q_values[53,5,1]",0,NA,0,0,0,0,0,0,NA,NA
"q_values[53,5,2]",-0.120254407830064,0.00351750335531274,0.124387967831233,-0.437815902448346,-0.163718622391551,-0.0863840766670303,-0.0356747454030668,-0.000452996446479609,1250.51154206132,1.00485915349422
"q_values[53,5,3]",0.25839746684459,0.00712382085408553,0.226489420235992,0.00120716334807927,0.0905278612559541,0.206673642721292,0.364309969935382,0.820082963659367,1010.81077115159,1.00629971558509
"q_values[53,5,4]",0.160368035923212,0.0044106957988924,0.139650287472308,0.000754462862188517,0.0565001066979986,0.128756570328271,0.226412169374533,0.506147226567098,1002.46554823353,1.0063643605741
"q_values[53,5,5]",-0.12829442873857,0.00352855663911391,0.111720229977846,-0.404917781253679,-0.181129735499627,-0.103005256262617,-0.0452000853583989,-0.000603570289750813,1002.46554823353,1.0063643605741
"q_values[53,5,6]",0,NA,0,0,0,0,0,0,NA,NA
"q_values[53,5,7]",0.125392179374876,0.00342690371409337,0.107502481003604,0.000603524769773587,0.0449519188155979,0.101764378245363,0.177492995593463,0.389609673183019,984.086264463715,1.00651687755737
"q_values[53,5,8]",0.194250252475305,0.00535956231241844,0.170631076756106,0.000905378203203863,0.0679278185767547,0.155171014589984,0.273745102185568,0.617624073032528,1013.57902249151,1.00627848345569
"q_values[54,1,1]",0.201430224083075,0.00536418227352065,0.192496320881549,0.00068850693554573,0.0583764562001765,0.154325024732689,0.284245014922039,0.699222694744195,1287.76854703442,1.00151569656219
"q_values[54,1,2]",0.0828131813766564,0.00228930982173704,0.0874251757438898,0.000258234543219727,0.0222106548772253,0.0601046545617292,0.11416643326991,0.308044050943378,1458.35711561405,1.0012699738554
"q_values[54,1,3]",0,NA,0,0,0,0,0,0,NA,NA
"q_values[54,1,4]",0,NA,0,0,0,0,0,0,NA,NA
"q_values[54,1,5]",-0.0975230437895435,0.00256262380277625,0.0906270783609621,-0.330032041456812,-0.138559504961317,-0.0760820201833272,-0.0290304289608295,-0.000344231249765347,1250.680122024,1.00159606684267
"q_values[54,1,6]",0.176251446072691,0.00469365948933058,0.168434280771356,0.000602443568602514,0.0510793991751545,0.135034396641103,0.248714388056784,0.61181985790117,1287.76854703442,1.00151569656219
"q_values[54,1,7]",0.130745121615591,0.00353646988845626,0.130251863240786,0.000430346462976133,0.0366982743265497,0.097941653982578,0.182702836109038,0.467571211157991,1356.52549332307,1.00140981722568
"q_values[54,1,8]",-0.00976935976506667,0.000376721014785874,0.0207185839387531,-0.0194345405380205,-0.0175891768545875,-0.0123637118760585,-0.00495413943243369,0.00923672928780936,3024.68702796688,0.999699709563768
"q_values[54,2,1]",0,NA,0,0,0,0,0,0,NA,NA
"q_values[54,2,2]",0,NA,0,0,0,0,0,0,NA,NA
"q_values[54,2,3]",-0.176251446072691,0.00469365948933058,0.168434280771356,-0.61181985790117,-0.248714388056784,-0.135034396641103,-0.0510793991751545,-0.000602443568602512,1287.76854703442,1.00151569656219
"q_values[54,2,4]",0.0682594866856498,0.00173831320036849,0.0584230374472416,0.000258145658439571,0.0215716872729071,0.0556391139877878,0.09901732792162,0.216372970114768,1129.56755284389,1.00181055074255
"q_values[54,2,5]",0.0442935165661827,0.00111543915085009,0.0368964519604962,0.000172089698561368,0.0143278775482449,0.0367206142773635,0.0647491265020559,0.136276021999044,1094.15145829702,1.00188190704161
"q_values[54,2,6]",0.0495018324664577,0.00130980493325215,0.0470287327882824,0.000172119329371437,0.0145424209591409,0.0382378421703848,0.0699782473547151,0.169837188383825,1289.17925863945,1.00154069974049
"q_values[54,2,7]",0.0337353298845338,0.000788464457618569,0.0263046169495616,0.000159522288106106,0.0137507638147032,0.0331452148081598,0.052934093927617,0.0724101869677018,1113.01168008454,1.00160884554616
"q_values[54,2,8]",-0.201430224083075,0.00536418227352065,0.192496320881549,-0.699222694744194,-0.284245014922039,-0.154325024732689,-0.0583764562001765,-0.000688506935545728,1287.76854703442,1.00151569656219
"q_values[54,3,1]",-0.166548982945353,0.00432217255503031,0.149514082403943,-0.55070580401543,-0.238614984491258,-0.132057369591809,-0.0506534207722756,-0.000602384312082409,1196.63030427962,1.00168176770814
"q_values[54,3,2]",-0.0767491419220703,0.00205728465122576,0.0746467970903288,-0.26984776726479,-0.107854306041456,-0.0582440126559203,-0.0219444183754261,-0.000258197507894661,1316.53856105322,1.00147038212103
"q_values[54,3,3]",-0.0584008558364316,0.00164682901289472,0.0641871185038613,-0.224942006544204,-0.0796739580129754,-0.041150261890837,-0.0149649023907423,-0.000172178580154,1519.14329223528,1.00117292687529
"q_values[54,3,4]",-0.0755363340311531,0.00201156835257025,0.072186120330581,-0.262208510529073,-0.106591880595765,-0.0578718842747585,-0.0218911710750662,-0.000258190100829648,1287.76854703442,1.00151569656219
"q_values[54,3,5]",0,NA,0,0,0,0,0,0,NA,NA
"q_values[54,3,6]",0.0881630521580302,0.00249178090993602,0.0974052121957558,0.000258271573444756,0.0224737829601113,0.0619078677307896,0.120119722358572,0.340898791754978,1528.07505096218,1.00116120810765
"q_values[54,3,7]",0.151072668062306,0.0040231367051405,0.144372240661162,0.000516380201659298,0.0437823421501324,0.115743768549517,0.21318376119153,0.524417021058146,1287.76854703442,1.00151569656219
"q_values[54,3,8]",0,NA,0,0,0,0,0,0,NA,NA
"q_values[54,4,1]",-0.0302085517423563,0.000868117630829297,0.0353885092476196,-0.119295249502641,-0.0406700381829662,-0.0207934988004204,-0.00751082333118981,-8.60929964782767e-05,1661.75648939885,1.00104669666235
"q_values[54,4,2]",-0.104353535714289,0.00281990566382398,0.103696774274173,-0.37252911757925,-0.145909783798092,-0.0782788975098301,-0.0293479700011678,-0.000344275688967903,1352.26352582884,1.00141614146588
"q_values[54,4,3]",0.151072668062306,0.0040231367051405,0.144372240661162,0.000516380201659298,0.0437823421501324,0.115743768549517,0.21318376119153,0.524417021058146,1287.76854703442,1.00151569656219
"q_values[54,4,4]",0.201430224083075,0.00536418227352065,0.192496320881549,0.00068850693554573,0.0583764562001765,0.154325024732689,0.284245014922039,0.699222694744195,1287.76854703442,1.00151569656219
"q_values[54,4,5]",-0.0539959796935204,0.00147971552479134,0.0556799308142456,-0.197723443893201,-0.0748485300675823,-0.0396976413266577,-0.0147538559511237,-0.000172148955081471,1415.92716287983,1.00132547829793
"q_values[54,4,6]",0,NA,0,0,0,0,0,0,NA,NA
"q_values[54,4,7]",0,NA,0,0,0,0,0,0,NA,NA
"q_values[54,4,8]",-0.0144420491604325,0.000346759164952633,0.0143508627018264,-0.028065052530954,-0.023334816063839,-0.0152369679054776,-0.00645362726105023,-4.06968593592526e-05,1712.77423790643,1.00059795323984
"q_values[54,5,1]",-0.226609002093459,0.00603470505771075,0.216558360991743,-0.786625531587219,-0.319775641787294,-0.173615652824276,-0.0656735132251986,-0.000774570302488944,1287.76854703442,1.00151569656219
"q_values[54,5,2]",0.0442935165661827,0.00111543915085009,0.0368964519604962,0.000172089698561368,0.0143278775482449,0.0367206142773635,0.0647491265020559,0.136276021999044,1094.15145829702,1.00188190704161
"q_values[54,5,3]",0.0834903627626644,0.0023124458979661,0.0876877447443166,0.000258241946459713,0.0222615708634002,0.0604337113903296,0.115159730110756,0.311677150528855,1437.91971915726,1.00127633184527
"q_values[54,5,4]",0.0677608474679449,0.0017214044672806,0.0582501448398015,0.000258138256474594,0.0215215483914605,0.0553244143433745,0.0981137406157212,0.214075256246038,1145.05979940414,1.00182301129529
"q_values[54,5,5]",0,NA,0,0,0,0,0,0,NA,NA
"q_values[54,5,6]",0,NA,0,0,0,0,0,0,NA,NA
"q_values[54,5,7]",0.116191426924584,0.0029849799397731,0.101680176419247,0.000430257578195978,0.0360593067222315,0.0934761134086366,0.167553730760748,0.375900130329382,1160.35198206765,1.00175075911754
"q_values[54,5,8]",-0.151072668062306,0.0040231367051405,0.144372240661162,-0.524417021058146,-0.21318376119153,-0.115743768549517,-0.0437823421501324,-0.000516380201659296,1287.76854703442,1.00151569656219
"q_values[55,1,1]",0,NA,0,0,0,0,0,0,NA,NA
"q_values[55,1,2]",-0.271932737325952,0.00320087276346597,0.133928237766801,-0.570415307196785,-0.350517905065259,-0.253452938942645,-0.176837511800923,-0.0594367429917391,1750.68288794736,1.00367639043669
"q_values[55,1,3]",-0.232332770610461,0.00313207262717816,0.138320936165645,-0.561039995340717,-0.301935716810129,-0.204656624407269,-0.135264734986595,-0.0415871299270439,1950.34836770353,1.00335165252366
"q_values[55,1,4]",0.292350448949883,0.00358186278738893,0.15332707470891,0.0602217968314263,0.183786735981982,0.267728138320847,0.377820750438575,0.642720556747263,1832.3980030515,1.00356452445528
"q_values[55,1,5]",-0.0218934002352533,0.000507861887817795,0.0269618813066691,-0.0364684481385957,-0.0353985961264468,-0.0312033507531479,-0.020928681554492,0.0491819306249095,2818.44224386686,1.00124062070304
"q_values[55,1,6]",0,NA,0,0,0,0,0,0,NA,NA
"q_values[55,1,7]",0.543865474651904,0.00640174552693193,0.267856475533602,0.118873485983478,0.353675023601847,0.50690587788529,0.701035810130518,1.14083061439357,1750.68288794736,1.00367639043669
"q_values[55,1,8]",0.116724479765586,0.00096155884795942,0.0428747257063596,0.0176833084275883,0.105828324840528,0.131392146633645,0.142328035745065,0.145966388210016,1988.15835383962,1.00111368700297
"q_values[55,2,1]",0.23109731407809,0.00243891989193738,0.0961478476105138,0.0578666353123649,0.162939063438806,0.224902540186241,0.295912214318627,0.425804808095831,1554.11825306481,1.00398614504327
"q_values[55,2,2]",0,NA,0,0,0,0,0,0,NA,NA
"q_values[55,2,3]",0.181288491550635,0.00213391517564397,0.0892854918445342,0.0396244953278261,0.117891674533949,0.168968625961763,0.233678603376839,0.380276871464523,1750.68288794737,1.00367639043669
"q_values[55,2,4]",-0.634509720427221,0.00746870311475392,0.31249922145587,-1.33096905012583,-0.817875111818937,-0.591390190866172,-0.412620860868821,-0.138685733647391,1750.68288794736,1.00367639043669
"q_values[55,2,5]",-0.37202999811095,0.00509087763204378,0.224333408287095,-0.906228147911663,-0.486328349811754,-0.326539397832907,-0.21321491914577,-0.0636845469206245,1941.79148766702,1.00334704330582
"q_values[55,2,6]",0.0654399686268081,0.000614971278379264,0.0236774954629095,0.0186657745441129,0.0493412568402645,0.0654835751090673,0.0822651246536648,0.109176575545545,1482.38788914005,1.00422516339653
"q_values[55,2,7]",0,NA,0,0,0,0,0,0,NA,NA
"q_values[55,2,8]",0.63327426389485,0.00681630809968606,0.271778224285467,0.154965239032712,0.440295189321031,0.611636106645144,0.811851609327435,1.19573386288095,1589.75752216245,1.00392927690998
"q_values[55,3,1]",0.0172269507501506,0.00145255354071323,0.0754946552941008,-0.186199724971286,0.0111838080796297,0.045902102082559,0.0572504084425458,0.0603078737860572,2701.27073968945,1.00164182686977
"q_values[55,3,2]",-0.211315327216968,0.00210284260031418,0.0823555861970665,-0.372338962048113,-0.267718128309091,-0.208313863509915,-0.154153738856974,-0.0567512698322952,1533.81362898763,1.0040945470602
"q_values[55,3,3]",0,NA,0,0,0,0,0,0,NA,NA
"q_values[55,3,4]",0.472403483968146,0.00506520456153864,0.20151553716162,0.116125797544573,0.329352738968141,0.456942680061583,0.605475851323912,0.8877622409669,1582.78925916206,1.00394040769594
"q_values[55,3,5]",-0.362576983101269,0.00426783035128794,0.178570983689068,-0.760553742929047,-0.467357206753678,-0.337937251923527,-0.235783349067898,-0.0792489906556521,1750.68288794737,1.00367639043669
"q_values[55,3,6]",0,NA,0,0,0,0,0,0,NA,NA
"q_values[55,3,7]",0.735362822014504,0.00871154406407172,0.366793496499746,0.158890508231148,0.475041310226325,0.683012103536155,0.948365836194015,1.55726011063333,1772.77238552,1.00365354240291
"q_values[55,3,8]",0.271932737325952,0.00320087276346597,0.133928237766801,0.0594367429917392,0.176837511800923,0.253452938942645,0.350517905065259,0.570415307196785,1750.68288794736,1.00367639043669
"q_values[55,4,1]",0.131479669023179,0.00187807985859584,0.0840857069337408,0.0213823553432873,0.0728442856290917,0.113034711737286,0.171444992435052,0.334748934833216,2004.54702681334,1.00324019259392
"q_values[55,4,2]",-0.312012319771529,0.00467025546016242,0.209912053686947,-0.824547586505117,-0.410443316183308,-0.263467883919329,-0.164692918150384,-0.0450498800162422,2020.19588186785,1.00318368067996
"q_values[55,4,3]",0.815798211977856,0.00960261829039794,0.401784713300404,0.178310228975218,0.53051253540277,0.760358816827935,1.05155371519578,1.71124592159036,1750.68288794734,1.00367639043669
"q_values[55,4,4]",0.130244212490808,0.0012016022778846,0.0438227892645369,0.0376618607286083,0.100518614081302,0.133280627516258,0.16533093068709,0.198530091281639,1330.08240023325,1.00431194939691
"q_values[55,4,5]",0,NA,0,0,0,0,0,0,NA,NA
"q_values[55,4,6]",0.725153966202538,0.00853566070257589,0.357141967378137,0.158497981311304,0.471566698135795,0.675874503847054,0.934714413507357,1.52110748585809,1750.68288794737,1.00367639043669
"q_values[55,4,7]",-0.30315903653141,0.00449891625958181,0.201942597495176,-0.795268965264628,-0.398386916252955,-0.2569332995291,-0.161423120021074,-0.0446651300063312,2014.83764768589,1.00319661245991
"q_values[55,4,8]",0,NA,0,0,0,0,0,0,NA,NA
"q_values[55,5,1]",0.725153966202538,0.00853566070257589,0.357141967378137,0.158497981311304,0.471566698135795,0.675874503847054,0.934714413507357,1.52110748585809,1750.68288794737,1.00367639043669
"q_values[55,5,2]",-0.271932737325952,0.00320087276346597,0.133928237766801,-0.570415307196785,-0.350517905065259,-0.253452938942645,-0.176837511800923,-0.0594367429917391,1750.68288794736,1.00367639043669
"q_values[55,5,3]",-0.185355209266175,0.00222069541950424,0.094963734234242,-0.400898882068773,-0.238463671645754,-0.17077767185838,-0.118506116417607,-0.039647826057624,1828.67940717807,1.00359507546978
"q_values[55,5,4]",0,NA,0,0,0,0,0,0,NA,NA
"q_values[55,5,5]",0,NA,0,0,0,0,0,0,NA,NA
"q_values[55,5,6]",0.430728096871771,0.0049354004159528,0.205541743580522,0.0979303190196304,0.285534233830601,0.404626857630339,0.552812376919953,0.883478325544091,1734.42404549133,1.00372544347842
"q_values[55,5,7]",-0.735362822014504,0.00871154406407172,0.366793496499746,-1.55726011063333,-0.948365836194015,-0.683012103536155,-0.475041310226325,-0.158890508231148,1772.77238552,1.00365354240291
"q_values[55,5,8]",-0.372785838913234,0.00444573824452391,0.188234512039905,-0.796706367704286,-0.481008629440337,-0.345074851612628,-0.239257961158427,-0.0796415175754957,1792.71283352566,1.00363160426863
"q_values[56,1,1]",-0.107513976684394,0.00228908685711116,0.0749261193545578,-0.283077895198082,-0.151658622940338,-0.0956164741959511,-0.0501769448021727,-0.00158631863341612,1071.37605521625,1.00176014527133
"q_values[56,1,2]",0.361577123710198,0.00824428940022556,0.282970046770311,0.00476315737467364,0.154978685781405,0.303958865541673,0.501561848666406,1.05557362817776,1178.07916750453,1.00178889707968
"q_values[56,1,3]",0,NA,0,0,0,0,0,0,NA,NA
"q_values[56,1,4]",-0.145086866408392,0.00311223100962871,0.102398471233411,-0.386607857712266,-0.204281985246913,-0.128249051948105,-0.0671002753528919,-0.00211527824341817,1082.53835960296,1.0017679155063
"q_values[56,1,5]",-0.00466360882018743,0.000594595909992474,0.0332491318057348,-0.0180288743034327,-0.0169107216992885,-0.013013516380553,-0.00506504246330613,0.0688444468667645,3126.92009963293,1.00040162494399
"q_values[56,1,6]",-0.104761798908805,0.00270057323147642,0.100270566869727,-0.36083818259351,-0.141303951042948,-0.0786830508444042,-0.0373691995577699,-0.00106127936184377,1378.58968065711,1.00171376479588
"q_values[56,1,7]",0.281226651774598,0.00641222508906432,0.220087814154686,0.0037046779580795,0.120538977829981,0.236412450976856,0.390103660073871,0.821001710804922,1178.07916750453,1.00178889707968
"q_values[56,1,8]",0,NA,0,0,0,0,0,0,NA,NA
"q_values[56,2,1]",-0.0800396933345855,0.001404891308245,0.0432269493293802,-0.144341887659697,-0.116960406972922,-0.0828831620629496,-0.0464689162430742,-0.00147815835905324,946.724732176852,1.00081716169931
"q_values[56,2,2]",-0.200876179838999,0.00458016077790309,0.157205581539062,-0.586429793432087,-0.278645471481336,-0.16886603641204,-0.0860992698785581,-0.00264619854148535,1178.07916750453,1.00178889707968
"q_values[56,2,3]",-0.257805535580388,0.00558253462532607,0.184876081159374,-0.697197745254816,-0.362152072166636,-0.226146785204565,-0.117870267005049,-0.00370215707342432,1096.72716997638,1.0017757783695
"q_values[56,2,4]",0,NA,0,0,0,0,0,0,NA,NA
"q_values[56,2,5]",0.120525707903399,0.00274809646674185,0.094323348923437,0.00158771912489121,0.0516595619271349,0.101319621847224,0.167187282888802,0.351857876059252,1178.07916750453,1.00178889707968
"q_values[56,2,6]",-0.165905636358801,0.00384980774527577,0.1338199815881,-0.496655827090138,-0.229127841164455,-0.137374088190141,-0.0694724627528314,-0.00211751902977832,1208.26959711408,1.00178444649512
"q_values[56,2,7]",0,NA,0,0,0,0,0,0,NA,NA
"q_values[56,2,8]",0.104301188776004,0.00267782764566588,0.0990418022103865,0.0010612790653579,0.0373589873738906,0.0786060054092734,0.140957791772516,0.357611412164463,1367.95504996246,1.00171947803033
"q_values[56,3,1]",-0.241051415806799,0.0054961929334837,0.188646697846874,-0.703715752118505,-0.334374565777604,-0.202639243694448,-0.10331912385427,-0.00317543824978242,1178.07916750453,1.00178889707968
"q_values[56,3,2]",0,NA,0,0,0,0,0,0,NA,NA
"q_values[56,3,3]",0,NA,0,0,0,0,0,0,NA,NA
"q_values[56,3,4]",0.200876179838999,0.00458016077790309,0.157205581539062,0.00264619854148535,0.0860992698785581,0.16886603641204,0.278645471481336,0.586429793432087,1178.07916750453,1.00178889707968
"q_values[56,3,5]",0.0410964562334029,0.000959466706990012,0.0336903617519791,0.000529240301268815,0.0172402783434703,0.0339272981526698,0.0564214128371323,0.123739499544512,1232.96721711649,1.00178043119062
"q_values[56,3,6]",-0.102309284196792,0.00210901219612719,0.0676423457000725,-0.255565902853614,-0.145447158960953,-0.0933352151354419,-0.0495838979521878,-0.00158575843682608,1028.67725398658,1.00171024882162
"q_values[56,3,7]",0.0569293557413896,0.0010356834539647,0.0318667868212153,0.00101105269439975,0.031545628480988,0.0571533091939776,0.0830842621251302,0.110412655976188,946.722010221578,1.0011183534708
"q_values[56,3,8]",-0.224826896679403,0.00541787226534453,0.19284737993328,-0.709469288223715,-0.308145074661318,-0.179925627256498,-0.0890185493010255,-0.00264899819024911,1266.98059214457,1.00176612230745
"q_values[56,4,1]",0,NA,0,0,0,0,0,0,NA,NA
"q_values[56,4,2]",0.121446928169002,0.00279096811030712,0.0965282207124647,0.00158771971786296,0.0516799862948936,0.101473712717486,0.167879601429667,0.358311416917347,1196.18638090069,1.00178820302121
"q_values[56,4,3]",0.0358917637458007,0.000773702451959985,0.0256869198997102,0.000528680104678779,0.0166472314934854,0.0316460390921606,0.0502099488577468,0.0962275072000438,1102.23987080823,1.00179169607049
"q_values[56,4,4]",-0.067338740716594,0.00137635220152119,0.0439211882191807,-0.165791936511665,-0.0959295286440708,-0.061843266913543,-0.0329570908264611,-0.00105707892511905,1018.33107746393,1.00169180656419
"q_values[56,4,5]",-0.321401887742398,0.00732825724464494,0.251528930462499,-0.938287669491339,-0.445832754370138,-0.270185658259264,-0.137758831805693,-0.00423391766637656,1178.07916750453,1.00178889707968
"q_values[56,4,6]",-0.241051415806799,0.0054961929334837,0.188646697846874,-0.703715752118505,-0.334374565777604,-0.202639243694448,-0.10331912385427,-0.00317543824978242,1178.07916750453,1.00178889707968
"q_values[56,4,7]",0.093362203154605,0.00230309044749594,0.0834298287210121,0.00105987990806923,0.0359223250763854,0.0732495622160892,0.126986848540998,0.303351898234005,1312.26249278531,1.00174710349187
"q_values[56,4,8]",0,NA,0,0,0,0,0,0,NA,NA
"q_values[56,5,1]",0.297980771548188,0.00649741327176632,0.216201671615747,0.0042313967817214,0.135090120980761,0.259919992486973,0.417881166462904,0.814483703941233,1107.22813439982,1.00178030185692
"q_values[56,5,2]",-0.184651660711603,0.0045037522572091,0.161511856851909,-0.592183329537298,-0.25241598036505,-0.146152419974089,-0.0717986953253138,-0.00211975848195204,1286.05586593897,1.00175854934032
"q_values[56,5,3]",0.0812716922012026,0.00187507993932312,0.0650985801670464,0.00105848000956589,0.0344601323191819,0.0677005054350779,0.1121505071334,0.241025458230929,1205.32303912061,1.00178700032579
"q_values[56,5,4]",0.110116322928195,0.00237951512756699,0.0786893701884133,0.00158659873171114,0.0504734682271651,0.0967571037262057,0.154764354930031,0.296833891370316,1093.59168230574,1.00177422136453
"q_values[56,5,5]",0,NA,0,0,0,0,0,0,NA,NA
"q_values[56,5,6]",0,NA,0,0,0,0,0,0,NA,NA
"q_values[56,5,7]",-0.200876179838999,0.00458016077790309,0.157205581539062,-0.586429793432087,-0.278645471481336,-0.16886603641204,-0.0860992698785581,-0.00264619854148535,1178.07916750453,1.00178889707968
"q_values[56,5,8]",0.241051415806799,0.0054961929334837,0.188646697846874,0.00317543824978243,0.10331912385427,0.202639243694448,0.334374565777604,0.703715752118505,1178.07916750453,1.00178889707968
"q_values[57,1,1]",0.158861216554056,0.00279730359515697,0.104062972963647,0.03415280097717,0.0846095523264206,0.133917355541466,0.205509456468786,0.416343849403414,1383.92721902617,1.00154625008166
"q_values[57,1,2]",0.30630976440633,0.00448690810125925,0.16457370245559,0.0856571055043355,0.186749269200874,0.27398512592218,0.390315210513006,0.698253513267066,1345.32288560339,1.00172398982429
"q_values[57,1,3]",-0.245947966968299,0.0023157474246488,0.0820697589498356,-0.403519224889412,-0.304745476159459,-0.243725860049194,-0.185259599607488,-0.0982750814949691,1255.98350617924,1.00226516996152
"q_values[57,1,4]",-0.479106225015306,0.00514809049097516,0.184032654393378,-0.867886218002619,-0.597648891979244,-0.46237624979386,-0.342824267871672,-0.176580161593444,1277.90166540161,1.00209232636859
"q_values[57,1,5]",-0.621755354792019,0.0075864159056181,0.274155894364448,-1.23831198163522,-0.781075775519426,-0.583067705985778,-0.420172448704491,-0.208813546929265,1305.93595540331,1.0019254360768
"q_values[57,1,6]",-0.544035935443016,0.00663811391741582,0.239886407568892,-1.08352298393082,-0.683441303579498,-0.510184242737556,-0.367650892616429,-0.182711853563107,1305.93595540331,1.0019254360768
"q_values[57,1,7]",0,NA,0,0,0,0,0,0,NA,NA
"q_values[57,1,8]",0,NA,0,0,0,0,0,0,NA,NA
"q_values[57,2,1]",0.388597096745012,0.0047415099410113,0.17134743397778,0.130508466830791,0.262607780440307,0.364417316241111,0.488172359699641,0.773944988522012,1305.93595540331,1.0019254360768
"q_values[57,2,2]",-0.0272185334607835,0.000340145495792699,0.0155958642588263,-0.0357057856840612,-0.0349622565990504,-0.0323077660285323,-0.0260634422059832,0.0129284869064179,2102.27460589668,1.00004927737141
"q_values[57,2,3]",0,NA,0,0,0,0,0,0,NA,NA
"q_values[57,2,4]",0,NA,0,0,0,0,0,0,NA,NA
"q_values[57,2,5]",-0.313524176676076,0.00465628731672869,0.170989879302576,-0.722213153925754,-0.399847700690812,-0.279297125138146,-0.189507783061403,-0.0863384046120759,1348.532042498,1.00170835611885
"q_values[57,2,6]",0.376038892909603,0.00523754709805958,0.191305724520966,0.111059716665343,0.236367429987266,0.341169433054672,0.477486492617298,0.825374179426315,1334.13583318275,1.00177990366273
"q_values[57,2,7]",-0.168228547619297,0.00138014139013655,0.0488758159557915,-0.247522544604849,-0.207093051449933,-0.170842396800972,-0.132738043519427,-0.0721733881288109,1254.12515989958,1.00241384808566
"q_values[57,2,8]",-0.310877677396009,0.00379320795280905,0.137077947182224,-0.61915599081761,-0.390537887759713,-0.291533852992889,-0.210086224352245,-0.104406773464633,1305.93595540331,1.0019254360768
"q_values[57,3,1]",0,NA,0,0,0,0,0,0,NA,NA
"q_values[57,3,2]",0,NA,0,0,0,0,0,0,NA,NA
"q_values[57,3,3]",0.388597096745012,0.0047415099410113,0.17134743397778,0.130508466830791,0.262607780440307,0.364417316241111,0.488172359699641,0.773944988522012,1305.93595540331,1.0019254360768
"q_values[57,3,4]",-0.00867881095548562,0.000697634548610142,0.0289035061331338,-0.025512229882086,-0.02435090482172,-0.0199641425446246,-0.0060323687931908,0.0699726453366254,1716.50509270166,1.00060582307643
"q_values[57,3,5]",-0.0800470550769565,0.0010259643860285,0.0373041147084416,-0.165915070363796,-0.10042657091342,-0.0740449339475151,-0.0529562004114829,-0.0261550426583894,1322.05311793287,1.00183725852943
"q_values[57,3,6]",0.401386805666304,0.00420209055808131,0.149916748840642,0.150478468227285,0.290302711783611,0.389492786545638,0.500014420039316,0.713097220298217,1272.82734107007,1.00212703521659
"q_values[57,3,7]",0.479106225015306,0.00514809049097516,0.184032654393378,0.176580161593444,0.342824267871672,0.46237624979386,0.597648891979244,0.86788621800262,1277.90166540161,1.00209232636859
"q_values[57,3,8]",0.466316516094014,0.00568981192921357,0.205616920773336,0.156610160196949,0.315129336528368,0.437300779489333,0.58580683163957,0.928733986226415,1305.93595540331,1.0019254360768
"q_values[57,4,1]",0.480745340633505,0.00602362431538638,0.218206011095957,0.15797275841243,0.320646364249425,0.447924777921266,0.604871811995182,0.976653267543792,1312.25327434321,1.0018917594286
"q_values[57,4,2]",0.267591203777536,0.00280139370538754,0.0999444992270949,0.10031897881819,0.193535141189074,0.259661857697092,0.333342946692877,0.475398146865478,1272.82734107007,1.00212703521659
"q_values[57,4,3]",0.0518779261077296,0.000666371283931877,0.0301961311228965,-0.0275644691527366,0.0498424874121505,0.0619044120683961,0.0671126896263558,0.0685451179204265,2053.3834522299,1.00011068813729
"q_values[57,4,4]",0,NA,0,0,0,0,0,0,NA,NA
"q_values[57,4,5]",0,NA,0,0,0,0,0,0,NA,NA
"q_values[57,4,6]",0.233158258047007,0.00284490596460679,0.102808460386668,0.0783050800984745,0.157564668264184,0.218650389744667,0.292903415819785,0.464366993113207,1305.93595540331,1.0019254360768
"q_values[57,4,7]",-0.310877677396009,0.00379320795280905,0.137077947182224,-0.61915599081761,-0.390537887759713,-0.291533852992889,-0.210086224352245,-0.104406773464633,1305.93595540331,1.0019254360768
"q_values[57,4,8]",-0.195302934460427,0.00203024326426064,0.0724274249186147,-0.346569985366328,-0.242223372357763,-0.18948849274722,-0.142027755188996,-0.074341767133905,1272.6527859974,1.00211401774202
"q_values[57,5,1]",0.240372670316753,0.00301181215769319,0.109103005547979,0.0789863792062149,0.160323182124713,0.223962388960633,0.302435905997591,0.488326633771896,1312.25327434321,1.0018917594286
"q_values[57,5,2]",-0.699474774141021,0.00853471789382036,0.308425381160004,-1.39310097933962,-0.878710247459355,-0.655951169234,-0.472694004792552,-0.234915240295423,1305.93595540331,1.0019254360768
"q_values[57,5,3]",-0.466316516094014,0.00568981192921357,0.205616920773336,-0.928733986226415,-0.58580683163957,-0.437300779489333,-0.315129336528368,-0.156610160196949,1305.93595540331,1.0019254360768
"q_values[57,5,4]",0.47353092836376,0.0058566136962361,0.211904693459407,0.157291459304689,0.317887850388897,0.442612778705299,0.595339321817376,0.952693626885103,1309.14573242852,1.00190818529908
"q_values[57,5,5]",0,NA,0,0,0,0,0,0,NA,NA
"q_values[57,5,6]",0,NA,0,0,0,0,0,0,NA,NA
"q_values[57,5,7]",0.0470785080321675,0.000304233940029397,0.0110351226915349,0.0228196795093291,0.0397431568734021,0.0490269813463033,0.0564118209470564,0.0611476812149139,1315.64587534532,1.00258252077265
"q_values[57,5,8]",0.0663941091134501,0.00071873521334968,0.0257410811724644,0.024810227540319,0.0475840541315663,0.0638080924153471,0.0822922902156388,0.121704479932884,1282.67231844819,1.00204202907971
"q_values[58,1,1]",-0.0808096964571384,0.00236881403504681,0.079378573984165,-0.282188277297963,-0.11737160588378,-0.059313803368672,-0.0208412673680833,-0.000338039641571904,1122.90922630926,1.00193239276158
"q_values[58,1,2]",-0.0929021513532893,0.00298776397521944,0.103801960824541,-0.358705794429758,-0.129931120809741,-0.0624574862694673,-0.0212241659216847,-0.000338139640694443,1207.03132725684,1.00191041969652
"q_values[58,1,3]",0,NA,0,0,0,0,0,0,NA,NA
"q_values[58,1,4]",0.191307393747103,0.00580740141784012,0.197006701528524,0.000760669547742795,0.0472000047129825,0.135969485168703,0.274074190512502,0.694710843003584,1150.79590243971,1.00193037462533
"q_values[58,1,5]",0.170051016664092,0.00516213459363566,0.175117068025354,0.000676150709104707,0.0419555597448733,0.120861764594402,0.24362150267778,0.617520749336519,1150.79590243971,1.00193037462533
"q_values[58,1,6]",0,NA,0,0,0,0,0,0,NA,NA
"q_values[58,1,7]",-0.0453053636637765,0.00143987717208369,0.04977720086674,-0.172255121164753,-0.0636874742766289,-0.0309001711109001,-0.0105714032809892,-0.000169059107600224,1195.11596917324,1.00192785779812
"q_values[58,1,8]",-0.066561740746788,0.00208555341319399,0.071629476415573,-0.249445214831818,-0.0941401621113513,-0.0460078916852004,-0.0158158482490983,-0.000253577946238312,1179.6167186748,1.0019313801887
"q_values[58,2,1]",-0.0850255083320459,0.00258106729681783,0.0875585340126772,-0.30876037466826,-0.12181075133889,-0.0604308822972011,-0.0209777798724367,-0.000338075354552353,1150.79590243971,1.00193037462533
"q_values[58,2,2]",0,NA,0,0,0,0,0,0,NA,NA
"q_values[58,2,3]",0.0156711580875043,0.000359876806410832,0.0123052497619963,7.79314034774008e-05,0.00502455685748898,0.0136871386718061,0.0247723453025444,0.0405847676588219,1169.15785140936,1.00101410877439
"q_values[58,2,4]",-0.0350657955053468,0.000901765373302039,0.0296087779599364,-0.105597568361974,-0.0534864460502876,-0.0283894945824685,-0.0102688543501628,-0.000168980529745383,1078.08711751839,1.00162571522478
"q_values[58,2,5]",0.0541128765176044,0.00190029814917141,0.0687667678736378,0.000169130537183663,0.0108452937784942,0.0331550184039328,0.0727352099498745,0.228158852203125,1309.52481971399,1.00184070780858
"q_values[58,2,6]",-0.0400333855882802,0.00116739726279084,0.039045774068473,-0.138804867084989,-0.058264481031449,-0.0295479523829463,-0.0104070978321128,-0.000169016249970912,1118.69251580314,1.00193717339504
"q_values[58,2,7]",0,NA,0,0,0,0,0,0,NA,NA
"q_values[58,2,8]",0.0637691312490344,0.00193580047261337,0.0656689005095079,0.000253556515914265,0.0157333349043275,0.0453231617229009,0.0913580635041673,0.231570281001195,1150.79590243971,1.00193037462533
"q_values[58,3,1]",-0.0850255083320459,0.00258106729681783,0.0875585340126772,-0.30876037466826,-0.12181075133889,-0.0604308822972011,-0.0209777798724367,-0.000338075354552353,1150.79590243971,1.00193037462533
"q_values[58,3,2]",0,NA,0,0,0,0,0,0,NA,NA
"q_values[58,3,3]",0,NA,0,0,0,0,0,0,NA,NA
"q_values[58,3,4]",0.02659100334251,0.000924805089174029,0.033313882850151,8.45616968711569e-05,0.00540889466511862,0.0164633875415831,0.0359039218737399,0.111100270463125,1297.62763635244,1.00184941568061
"q_values[58,3,5]",0.0434436239986075,0.00134063506680124,0.0457525846831873,0.000169044820717526,0.0105163943844753,0.0304436844693671,0.0618327418718396,0.160338498611004,1164.68938435955,1.00193246307761
"q_values[58,3,6]",-0.191307393747103,0.00580740141784012,0.197006701528524,-0.694710843003584,-0.274074190512502,-0.135969485168703,-0.0472000047129825,-0.000760669547742795,1150.79590243971,1.00193037462533
"q_values[58,3,7]",0.0300012417528372,0.00110126647385047,0.0406193070853991,8.45902676177705e-05,0.00551819121748112,0.0173591196280039,0.0394721827141305,0.132633901989141,1360.4424821363,1.00178225359215
"q_values[58,3,8]",0.149725509413665,0.00456687660561023,0.155190338919794,0.000591639013907968,0.0367386192250211,0.105982287340868,0.214096181045452,0.546288966946329,1154.75754467,1.00193134473667
"q_values[58,4,1]",0,NA,0,0,0,0,0,0,NA,NA
"q_values[58,4,2]",-0.128469132330653,0.00392161611126187,0.133301420159946,-0.469098873279264,-0.183643493210729,-0.0908745667665682,-0.0314941742569119,-0.000507120175269879,1155.4187111502,1.00193147572379
"q_values[58,4,3]",-0.0734448657514447,0.00243750140026752,0.0859141469146975,-0.292972400600145,-0.10130492458597,-0.047802804097371,-0.0160345856019564,-0.000253635088335296,1242.33756267781,1.00188913611722
"q_values[58,4,4]",0.191307393747103,0.00580740141784012,0.197006701528524,0.000760669547742795,0.0472000047129825,0.135969485168703,0.274074190512502,0.694710843003584,1150.79590243971,1.00193037462533
"q_values[58,4,5]",-0.0647000010816189,0.00198585930912079,0.067637439656965,-0.237528592278069,-0.092285429706562,-0.0455514050436674,-0.0157608393525844,-0.000253563659355614,1160.05175334805,1.00193216054085
"q_values[58,4,6]",-0.0215069698190201,0.000666075188943436,0.0227776217939625,-0.0790297845322504,-0.0305656510100729,-0.0151215135316165,-0.00524502196064138,-8.45188410531147e-05,1169.41925863439,1.00196477300396
"q_values[58,4,7]",0.170051016664092,0.00516213459363566,0.175117068025354,0.000676150709104707,0.0419555597448733,0.120861764594402,0.24362150267778,0.617520749336519,1150.79590243971,1.00193037462533
"q_values[58,4,8]",0,NA,0,0,0,0,0,0,NA,NA
"q_values[58,5,1]",0.0195825819698489,0.000561643687997348,0.0186854570212897,8.45045535666598e-05,0.00518986881599444,0.0146615786507544,0.028682677811446,0.0666532392622053,1106.84213716714,1.0019290838839
"q_values[58,5,2]",-0.0586224495415424,0.00167483711752684,0.0556704621944766,-0.199039872354023,-0.0859915518466627,-0.0439778394736052,-0.0155693179517172,-0.000253513659492466,1104.85300124512,1.0019166780733
"q_values[58,5,3]",0.149725509413665,0.00456687660561023,0.155190338919794,0.000591639013907968,0.0367386192250211,0.105982287340868,0.214096181045452,0.546288966946329,1154.75754467,1.00193134473667
"q_values[58,5,4]",0,NA,0,0,0,0,0,0,NA,NA
"q_values[58,5,5]",0,NA,0,0,0,0,0,0,NA,NA
"q_values[58,5,6]",0.0637691312490344,0.00193580047261337,0.0656689005095079,0.000253556515914265,0.0157333349043275,0.0453231617229009,0.0913580635041673,0.231570281001195,1150.79590243971,1.00193037462533
"q_values[58,5,7]",-0.14879463958108,0.0045168677694312,0.153227434522185,-0.540330655669454,-0.213168814843057,-0.105754044020102,-0.0367111147767642,-0.000591631870466618,1150.79590243971,1.00193037462533
"q_values[58,5,8]",0.022187246915596,0.000695184471064663,0.0238764921385243,8.45259820794375e-05,0.00527194941636611,0.0153359638950668,0.0313800540371171,0.0831484049439393,1179.6167186748,1.0019313801887
"q_values[59,1,1]",-0.277209457449814,0.00288074814629798,0.11395780836994,-0.534319871096662,-0.344235444178731,-0.264501910803472,-0.192563807737943,-0.0985572883146927,1564.8675845414,1.00132783589602
"q_values[59,1,2]",0,NA,0,0,0,0,0,0,NA,NA
"q_values[59,1,3]",0,NA,0,0,0,0,0,0,NA,NA
"q_values[59,1,4]",0.339828680967114,0.00206683956627137,0.0758954505766039,0.170984694978932,0.288712523042971,0.352813683161073,0.401162233306413,0.443093555293109,1348.39754656253,1.00135784541321
"q_values[59,1,5]",0.248763131292886,0.00233627982282822,0.0905912261461286,0.0958219175309754,0.181358551419061,0.242640623188749,0.306386583272708,0.442200383889751,1503.56621718971,1.00137788599346
"q_values[59,1,6]",-0.0453757831635272,0.00171267171831769,0.0755837362610379,-0.246135660687305,-0.0742982255271524,-0.0222945350174253,0.009943227441295,0.0250327104434134,1947.63898927026,1.00102330786034
"q_values[59,1,7]",0.0192498445673376,0.000672009170788703,0.0325329673337636,-0.0722115773326309,0.0123841787126296,0.0320819078280051,0.0398097062651088,0.041652369591775,2343.67266402576,1.00069977511849
"q_values[59,1,8]",-0.497526262585772,0.00467255964565644,0.181182452292257,-0.884400767779502,-0.612773166545416,-0.485281246377497,-0.362717102838122,-0.191643835061951,1503.56621718971,1.00137788599346
"q_values[59,2,1]",-1.11943409081799,0.010513259202727,0.407660517657579,-1.98990172750388,-1.37873962472719,-1.09188280434937,-0.816113481385775,-0.431198628889389,1503.5662171897,1.00137788599346
"q_values[59,2,2]",0.217453519534236,0.00277812865998038,0.112885749232497,0.0596082141988555,0.133284193766547,0.198484737009948,0.277724556782159,0.487143762506461,1651.10057997269,1.00126326482014
"q_values[59,2,3]",0,NA,0,0,0,0,0,0,NA,NA
"q_values[59,2,4]",-0.497526262585772,0.00467255964565644,0.181182452292257,-0.884400767779502,-0.612773166545416,-0.485281246377497,-0.362717102838122,-0.191643835061951,1503.56621718971,1.00137788599346
"q_values[59,2,5]",0.129843751968315,0.00129261981507941,0.0508162534235166,0.0481309141527342,0.0921705383247965,0.124891646334157,0.160383629345722,0.242717288108539,1545.48098598009,1.00134074353187
"q_values[59,2,6]",0,NA,0,0,0,0,0,0,NA,NA
"q_values[59,2,7]",-0.0157940624590309,0.00125153998527445,0.0568232782285831,-0.169982167091799,-0.0345521922619454,0.00357136651310852,0.0244560116072057,0.0311597086594004,2061.40398748621,1.00092755749254
"q_values[59,2,8]",-0.374872587993482,0.00262952680689767,0.0979086720888605,-0.542203703622411,-0.448495868134404,-0.38225091943139,-0.305157985219671,-0.175575614997381,1386.39542165452,1.00141389757517
"q_values[59,3,1]",0,NA,0,0,0,0,0,0,NA,NA
"q_values[59,3,2]",0.497526262585772,0.00467255964565644,0.181182452292257,0.191643835061951,0.362717102838122,0.485281246377497,0.612773166545416,0.884400767779502,1503.56621718971,1.00137788599346
"q_values[59,3,3]",0.23943445726251,0.00222773248845555,0.0866053236375696,0.0938563906026209,0.17537271425361,0.233279007163264,0.293703904349472,0.425740733255662,1511.34321602287,1.00136524963726
"q_values[59,3,4]",-0.283214541812669,0.00376425927492285,0.152181083639042,-0.645101852249729,-0.366304133381124,-0.257792488726609,-0.168432798747234,-0.0702056926959907,1634.4147998052,1.00128350593553
"q_values[59,3,5]",-0.248763131292886,0.00233627982282822,0.0905912261461286,-0.442200383889751,-0.306386583272708,-0.242640623188749,-0.181358551419061,-0.0958219175309754,1503.56621718971,1.00137788599346
"q_values[59,3,6]",0.196197270753333,0.00145841268728323,0.0546995215207771,0.0889355375033026,0.156690358154011,0.198484768783274,0.235982026810846,0.295544499250998,1406.71522303735,1.00141818683944
"q_values[59,3,7]",0.516776107153109,0.00408095863267756,0.154309774235755,0.225782033772093,0.404059992017552,0.518289849160922,0.625157345258045,0.812189190446871,1429.75784025785,1.0014149499897
"q_values[59,3,8]",0,NA,0,0,0,0,0,0,NA,NA
"q_values[59,4,1]",-0.373144696939329,0.00350441973424234,0.135886839219193,-0.663300575834626,-0.459579874909062,-0.363960934783123,-0.272037827128592,-0.143732876296463,1503.56621718969,1.00137788599346
"q_values[59,4,2]",-0.265692588299484,0.00346604774605809,0.139732451427673,-0.596216557370145,-0.342835947893837,-0.243073870591451,-0.160210067658884,-0.0679102326867664,1625.2698336309,1.00129176100811
"q_values[59,4,3]",0.25827359622965,0.00107267903555331,0.0558146961512617,0.108519962540013,0.245797138716973,0.278447624789414,0.292634645963262,0.297028877251627,2707.43191456672,0.999756616661801
"q_values[59,4,4]",0,NA,0,0,0,0,0,0,NA,NA
"q_values[59,4,5]",0,NA,0,0,0,0,0,0,NA,NA
"q_values[59,4,6]",0.995052525171543,0.00934511929131287,0.362364904584515,0.383287670123901,0.725434205676245,0.970562492754995,1.22554633309083,1.768801535559,1503.56621718971,1.00137788599346
"q_values[59,4,7]",0.0367717980805218,0.000405646784509343,0.0210284733921124,-0.0233262824530464,0.0342491080059838,0.0447001597679896,0.0487816880438301,0.0499901584115758,2687.32019014403,1.00037676430289
"q_values[59,4,8]",-0.339828680967114,0.00206683956627137,0.0758954505766039,-0.443093555293109,-0.401162233306413,-0.352813683161073,-0.288712523042971,-0.170984694978932,1348.39754656253,1.00135784541321
"q_values[59,5,1]",0.176947426185996,0.00205580920765307,0.0822786476776284,0.0547973387931604,0.115347468974581,0.165476165999849,0.223597848098216,0.367756076583629,1601.80142764476,1.00130702817223
"q_values[59,5,2]",-0.746289393878657,0.00700883946848469,0.271773678438386,-1.32660115166925,-0.919159749818123,-0.727921869566246,-0.544075654257184,-0.287465752592926,1503.56621718969,1.00137788599346
"q_values[59,5,3]",-0.8706709595251,0.00817697937989879,0.31706929151145,-1.54770134361413,-1.07235304145448,-0.84924218116062,-0.634754929966714,-0.335376711358414,1503.5662171897,1.00137788599346
"q_values[59,5,4]",0,NA,0,0,0,0,0,0,NA,NA
"q_values[59,5,5]",0.230648681273116,0.00286528225114259,0.114871258177509,0.0633193126683179,0.143764605482184,0.213636634321134,0.295899576919262,0.498445967610976,1607.26666196397,1.00131273614263
"q_values[59,5,6]",-0.0718157051068902,0.000318661883153158,0.0121613567071371,-0.0833099644380687,-0.0814326678642458,-0.0760208396363898,-0.0655454257679018,-0.040460133687939,1456.47762589205,1.00084052969169
"q_values[59,5,7]",0,NA,0,0,0,0,0,0,NA,NA
"q_values[59,5,8]",0.404865014298175,0.00485804698424137,0.194306261937324,0.118006673767855,0.258366443149132,0.377327132951092,0.515902256162794,0.855393496112773,1599.74282990999,1.00131558627871
"q_values[60,1,1]",-0.0208945266314369,0.000752919134236792,0.0316226455803623,-0.103955280941243,-0.0264901474165,-0.0112757236513289,-0.00298744204989426,-2.49646232184764e-05,1764.00467934099,1.00080085342246
"q_values[60,1,2]",-0.0544862874238997,0.00177143424841872,0.0678893965779302,-0.246249543681081,-0.0738780654977326,-0.0327433425094606,-0.00888318153275252,-7.48882611222081e-05,1468.77010084135,1.00127619217846
"q_values[60,1,3]",0.0164784128207636,0.000493991445676225,0.0182203623884818,2.49615073977998e-05,0.00294352474279266,0.0106761971105047,0.023413139901606,0.0686078781223854,1360.42675403878,1.00157561425432
"q_values[60,1,4]",0,NA,0,0,0,0,0,0,NA,NA
"q_values[60,1,5]",0,NA,0,0,0,0,0,0,NA,NA
"q_values[60,1,6]",0.0208255578505483,0.000747295567552079,0.0311393776815209,2.49646232029201e-05,0.0029874160876311,0.0112744234649282,0.026475213187345,0.103402232588825,1736.34109989116,1.0008423771199
"q_values[60,1,7]",0.108972574847799,0.00354286849683744,0.13577879315586,0.000149776522244417,0.017766363065505,0.0654866850189212,0.147756130995465,0.492499087362163,1468.77010084135,1.00127619217846
"q_values[60,1,8]",0.137720193021319,0.00428645944665753,0.160451581234653,0.000199696421266009,0.0236095731307782,0.0862434532583083,0.191550205971248,0.596026585845329,1401.16914161476,1.00144251319059
"q_values[60,2,1]",-0.145296766463733,0.00472382466244993,0.18103839087448,-0.656665449816217,-0.19700817466062,-0.0873155800252283,-0.02368848408734,-0.000199702029659222,1468.77010084134,1.00127619217846
"q_values[60,2,2]",0,NA,0,0,0,0,0,0,NA,NA
"q_values[60,2,3]",0,NA,0,0,0,0,0,0,NA,NA
"q_values[60,2,4]",0.00903977694012751,0.000320890816598349,0.0181584852617707,1.53577614685928e-06,0.0024819359557217,0.00874552834395355,0.016495026762881,0.0228144389418283,3202.17202335718,0.999825118562715
"q_values[60,2,5]",-0.0380078746031361,0.00127619364702691,0.0501260029617492,-0.177641665558696,-0.0504649255961266,-0.022067145398956,-0.00593965678995986,-4.99267537244083e-05,1542.74090285272,1.00114376419661
"q_values[60,2,6]",-0.163458862271699,0.00531430274525617,0.203668189733791,-0.738748631043244,-0.221634196493198,-0.0982300275283818,-0.0266495445982576,-0.000224664783366624,1468.77010084135,1.00127619217846
"q_values[60,2,7]",0.0648095078127213,0.00235657540560224,0.0970589833635681,7.48963619946196e-05,0.00899693036519555,0.0342802683840724,0.0816273899866525,0.328861578689493,1696.32395195967,1.00093983092254
"q_values[60,2,8]",0.0139528883399591,0.000366543243234886,0.0138458685633713,2.35830479491375e-05,0.00290982900837263,0.0102979637147655,0.0215578223149406,0.0474095180203855,1426.88828628486,1.00169805836543
"q_values[60,3,1]",0,NA,0,0,0,0,0,0,NA,NA
"q_values[60,3,2]",0.0337986671351287,0.00103547133103481,0.0384976552756238,4.99236379504011e-05,0.00589581736964774,0.0214715194173337,0.0474327207686977,0.143953407797092,1382.26846570165,1.00150000441979
"q_values[60,3,3]",-0.108972574847799,0.00354286849683744,0.13577879315586,-0.492499087362162,-0.147756130995465,-0.0654866850189212,-0.017766363065505,-0.000149776522244416,1468.77010084135,1.00127619217846
"q_values[60,3,4]",-0.0854693388317315,0.00265598232195151,0.0996950028691878,-0.367676732088231,-0.119004496237727,-0.0537487626327019,-0.0147441350642559,-0.000124809406577855,1408.95272148513,1.00138303208633
"q_values[60,3,5]",0.0467163807856434,0.00177698997056116,0.0753846755787933,4.99336083027733e-05,0.00603589581654121,0.0233671210673195,0.0570163023832301,0.247331445814884,1799.68371604758,1.00081166452063
"q_values[60,3,6]",0,NA,0,0,0,0,0,0,NA,NA
"q_values[60,3,7]",0.137720193021319,0.00428645944665753,0.160451581234653,0.000199696421266009,0.0236095731307782,0.0862434532583083,0.191550205971248,0.596026585845329,1401.16914161476,1.00144251319059
"q_values[60,3,8]",0.127134670655766,0.00413334657964368,0.15840859201517,0.000174739275951819,0.0207274235764225,0.0764011325220747,0.172382152828043,0.57458226858919,1468.77010084135,1.00127619217846
"q_values[60,4,1]",0.0705366714363936,0.00224921006044838,0.0855770844612322,9.98491454585452e-05,0.0118180941650617,0.0433082155420448,0.096774369808783,0.311438060365652,1447.62121109918,1.00129203802112
"q_values[60,4,2]",0.0293961264712783,0.00125307191378653,0.0564904751885595,2.4971477750172e-05,0.00308360318968613,0.0125717987604904,0.0329967215161383,0.171985916140178,2032.34982389684,1.00056517567193
"q_values[60,4,3]",-0.145296766463733,0.00472382466244993,0.18103839087448,-0.656665449816217,-0.19700817466062,-0.0873155800252283,-0.02368848408734,-0.000199702029659222,1468.77010084134,1.00127619217846
"q_values[60,4,4]",-0.163458862271699,0.00531430274525617,0.203668189733791,-0.738748631043244,-0.221634196493198,-0.0982300275283818,-0.0266495445982576,-0.000224664783366624,1468.77010084135,1.00127619217846
"q_values[60,4,5]",-0.0329568256415272,0.00098798289135245,0.0364407247769637,-0.137215756244771,-0.0468262798032119,-0.0213523942210093,-0.00588704948558532,-4.99230147955995e-05,1360.42675403878,1.00157561425432
"q_values[60,4,6]",0.0312731426543242,0.00089697592795689,0.0327354035588302,4.83271742410314e-05,0.00586142210476506,0.0210877819246573,0.0456075583967124,0.123167648322388,1331.90675732905,1.00170767230851
"q_values[60,4,7]",0,NA,0,0,0,0,0,0,NA,NA
"q_values[60,4,8]",0,NA,0,0,0,0,0,0,NA,NA
"q_values[60,5,1]",-0.0726483832318663,0.00236191233122497,0.0905191954372402,-0.328332724908108,-0.0985040873303101,-0.0436577900126141,-0.01184424204367,-9.98510148296108e-05,1468.77010084134,1.00127619217846
"q_values[60,5,2]",0.0422170820711435,0.00152208927964853,0.0630572391353269,4.99298694984159e-05,0.00598349621027197,0.0226627713805782,0.0534971304235556,0.2113299233203,1716.285958968,1.0008851048456
"q_values[60,5,3]",0.0252558877841595,0.000997983688124877,0.0430457102208076,2.4968361991721e-05,0.00303978973163718,0.0119774729652689,0.0299794509178644,0.138850706730991,1860.42801100119,1.00075496516929
"q_values[60,5,4]",0,NA,0,0,0,0,0,0,NA,NA
"q_values[60,5,5]",0,NA,0,0,0,0,0,0,NA,NA
"q_values[60,5,6]",0.0544862874238997,0.00177143424841872,0.0678893965779302,7.48882611222083e-05,0.00888318153275252,0.0327433425094606,0.0738780654977326,0.246249543681081,1468.77010084135,1.00127619217846
"q_values[60,5,7]",0.119558097213353,0.00369658391817004,0.137947670301752,0.000174733667558606,0.0206485126198607,0.0753290057551548,0.166924184138671,0.513943404618302,1392.60388106329,1.00146713834486
"q_values[60,5,8]",-0.0228683008651323,0.00085762998923212,0.0358643243785668,-0.119743848778864,-0.0281899964797171,-0.0116226977490969,-0.00301353800397623,-2.49664925584294e-05,1748.74058824053,1.00088349140623
"q_values[61,1,1]",-0.0346774577011828,0.000734846841077463,0.0336944083985317,-0.0727003769435032,-0.057067940646837,-0.0357115160079381,-0.0130902322921739,-0.000125910139564306,2102.43224065203,1.00167737728256
"q_values[61,1,2]",0,NA,0,0,0,0,0,0,NA,NA
"q_values[61,1,3]",0,NA,0,0,0,0,0,0,NA,NA
"q_values[61,1,4]",0.00783071490184776,0.000621076707656946,0.0338664696337389,-0.0356695287251797,0.00407119280966928,0.0125274597697706,0.0186453471618293,0.0209534945869041,2973.37283126602,0.999532926885732
"q_values[61,1,5]",-0.130612598603122,0.00336066021248596,0.146744208627763,-0.51056497874306,-0.178575053214065,-0.0896577341857878,-0.0295282728249062,-0.000593895147946103,1906.65770301355,1.00149667746952
"q_values[61,1,6]",-0.181656876981567,0.00442045384515491,0.18832776299005,-0.671818205588717,-0.254381355444503,-0.130915977211903,-0.0438910704713153,-0.000890677449569261,1815.07667059442,1.00181877679676
"q_values[61,1,7]",0.0605522923271891,0.00147348461505164,0.0627759209966832,0.000296892483189754,0.0146303568237718,0.0436386590706343,0.0847937851481678,0.223939401862906,1815.07667059442,1.00181877679676
"q_values[61,1,8]",0.0378825573225895,0.00107843271898941,0.049006594738285,0.000148534386848153,0.00752922575377603,0.0237236623709326,0.0495868789082672,0.162118640945252,2065.01371919482,1.0010345706602
"q_values[61,2,1]",0,NA,0,0,0,0,0,0,NA,NA
"q_values[61,2,2]",0.151380730817973,0.00368371153762909,0.156939802491708,0.000742231207974385,0.0365758920594294,0.109096647676586,0.211984462870419,0.559848504657264,1815.07667059442,1.00181877679676
"q_values[61,2,3]",-0.0325515511685813,0.000845315502098781,0.0371886430238358,-0.127314526319667,-0.04434680571092,-0.0223161883829577,-0.00736947314461371,-0.000148468284450627,1935.45463491766,1.00138451836605
"q_values[61,2,4]",0,NA,0,0,0,0,0,0,NA,NA
"q_values[61,2,5]",0.242209169308756,0.00589393846020655,0.251103683986733,0.00118756993275902,0.058521427295087,0.174554636282537,0.339175140592671,0.895757607451623,1815.07667059442,1.00181877679676
"q_values[61,2,6]",-0.0554033763591247,0.00185486490641918,0.0883960545044211,-0.276260629440692,-0.0669521785305645,-0.0284013919050244,-0.0080612125194802,-0.000148754723811617,2271.12581058337,1.00060373730465
"q_values[61,2,7]",-0.0416857629020869,0.00125627756226263,0.0582755325613114,-0.187193110952151,-0.053181872075359,-0.0246758287887403,-0.0076362494247211,-0.000148578459474791,2151.79699121451,1.00082751418493
"q_values[61,2,8]",0.0491426755886967,0.00110359164736659,0.0411665047804003,0.000294619549585789,0.0143062272103923,0.0407369874231926,0.073902255910612,0.148045758441706,1391.46145501067,1.0029159838235
"q_values[61,3,1]",0.166444054663577,0.00386591263864142,0.156764167388974,0.000890501159062709,0.043462975787535,0.127107311540672,0.240001382776137,0.571520325561119,1644.33207717138,1.00226848644743
"q_values[61,3,2]",0.0611503982852799,0.00125643325988387,0.049042518308511,0.000416142232843345,0.0210255857171396,0.057258678448697,0.0975076190034879,0.143005943770748,1523.58496042926,1.00295928149183
"q_values[61,3,3]",0,NA,0,0,0,0,0,0,NA,NA
"q_values[61,3,4]",0,NA,0,0,0,0,0,0,NA,NA
"q_values[61,3,5]",0.0649536038647774,0.00137818089775359,0.0511241851773812,0.000419095016088098,0.0211585440893533,0.0586312849498117,0.101982442990402,0.163743124913294,1376.0694280512,1.00316245658821
"q_values[61,3,6]",-0.211933023145162,0.00515719615268073,0.219715723488391,-0.783787906520169,-0.296778248018587,-0.15273530674722,-0.0512062488832012,-0.00103912369116414,1815.07667059442,1.00181877679676
"q_values[61,3,7]",-0.272485315472351,0.00663068076773237,0.282491644485075,-1.00772730838307,-0.381572033166755,-0.196373965817854,-0.0658366057069729,-0.00133601617435389,1815.07667059442,1.00181877679676
"q_values[61,3,8]",0.109694967915886,0.00253846929421913,0.102041579949758,0.000593652748499594,0.0289396426347083,0.0844208188878453,0.158802590795061,0.372655393705113,1615.88526143495,1.0023321254723
"q_values[61,4,1]",-0.272485315472351,0.00663068076773237,0.282491644485075,-1.00772730838307,-0.381572033166755,-0.196373965817854,-0.0658366057069729,-0.00133601617435389,1815.07667059442,1.00181877679676
"q_values[61,4,2]",-0.211933023145162,0.00515719615268073,0.219715723488391,-0.783787906520169,-0.296778248018587,-0.15273530674722,-0.0512062488832012,-0.00103912369116414,1815.07667059442,1.00181877679676
"q_values[61,4,3]",0.196720200827172,0.00458881765809994,0.187917250707834,0.00103894740065759,0.0507781541994209,0.148926641075989,0.282398275350221,0.683490026492572,1676.99473137607,1.00219753446927
"q_values[61,4,4]",0.0259170481829152,0.000836534774122749,0.0431538429085562,-0.00303770166358261,0.0112468402113512,0.0303713558923504,0.0463650595003117,0.0537719167932841,2661.15980216555,1.00008090843891
"q_values[61,4,5]",0,NA,0,0,0,0,0,0,NA,NA
"q_values[61,4,6]",0,NA,0,0,0,0,0,0,NA,NA
"q_values[61,4,7]",0.0630145984397948,0.00159295416727788,0.0692130748189249,0.00029691452931672,0.0146850430051272,0.0441459057376432,0.0868199065616491,0.240688022443502,1887.85974457748,1.00154033965062
"q_values[61,4,8]",0.153282333607721,0.00376498945717919,0.161082437163394,0.000742253244287704,0.0366294038949019,0.109572730885489,0.213781959453965,0.572385739660714,1830.49629763984,1.00176107678535
"q_values[61,5,1]",0.0832220273317887,0.00193295631932071,0.0783820836944872,0.000445250579531355,0.0217314878937675,0.0635536557703359,0.120000691388068,0.28576016278056,1644.33207717138,1.00226848644743
"q_values[61,5,2]",0.0649536038647774,0.00137818089775359,0.0511241851773812,0.000419095016088098,0.0211585440893533,0.0586312849498117,0.101982442990402,0.163743124913294,1376.0694280512,1.00316245658821
"q_values[61,5,3]",-0.118235884612976,0.00284430613274106,0.120794440715461,-0.429823309680822,-0.16637361851247,-0.0863770908203026,-0.0291556472197367,-0.000593740910108948,1803.60412246462,1.00184003438493
"q_values[61,5,4]",-0.151380730817973,0.00368371153762909,0.156939802491708,-0.559848504657264,-0.211984462870419,-0.109096647676586,-0.0365758920594294,-0.000742231207974384,1815.07667059442,1.00181877679676
"q_values[61,5,5]",0.181656876981567,0.00442045384515491,0.18832776299005,0.000890677449569262,0.0438910704713153,0.130915977211903,0.254381355444503,0.671818205588717,1815.07667059442,1.00181877679676
"q_values[61,5,6]",0.196720200827172,0.00458881765809994,0.187917250707834,0.00103894740065759,0.0507781541994209,0.148926641075989,0.282398275350221,0.683490026492572,1676.99473137607,1.00219753446927
"q_values[61,5,7]",0,NA,0,0,0,0,0,0,NA,NA
"q_values[61,5,8]",0,NA,0,0,0,0,0,0,NA,NA
"q_values[62,1,1]",0,NA,0,0,0,0,0,0,NA,NA
"q_values[62,1,2]",0.0335257431112883,0.000695381383872571,0.0265148200118218,0.000139247546838351,0.0137403923694594,0.033930292340917,0.05479186202727,0.0677608246390522,1453.88898700262,1.00003123750457
"q_values[62,1,3]",-0.208518232826349,0.00595384423776453,0.211042387441907,-0.752660339009761,-0.298204450602073,-0.147973553448967,-0.0536012872330801,-0.0008222099395417,1256.44778558782,1.00111599205469
"q_values[62,1,4]",-0.0327210058033633,0.000995476301924416,0.0359996316505944,-0.126210496436209,-0.045638241721748,-0.0218960099073432,-0.00775740586484426,-0.000117482212679124,1307.77870885571,1.00130093004207
"q_values[62,1,5]",-0.0436677086140189,0.00151754013235511,0.0573942213978188,-0.194551005131669,-0.0575196787533628,-0.0249218640794523,-0.00816293986109846,-0.000117578771709962,1430.39494661136,1.00160767959113
"q_values[62,1,6]",-0.146497689185822,0.0041341584087877,0.145986659208533,-0.52204153547796,-0.210471840733604,-0.10506461961802,-0.0382032344735299,-0.000587273105718813,1246.95882563159,1.00107734934654
"q_values[62,1,7]",0.117198151348657,0.00330732672703016,0.116789327366826,0.000469818484575051,0.0305625875788239,0.0840516956944157,0.168377472586884,0.417633228382368,1246.95882563159,1.00107734934654
"q_values[62,1,8]",0,NA,0,0,0,0,0,0,NA,NA
"q_values[62,2,1]",-0.146497689185822,0.0041341584087877,0.145986659208533,-0.52204153547796,-0.210471840733604,-0.10506461961802,-0.0382032344735299,-0.000587273105718813,1246.95882563159,1.00107734934654
"q_values[62,2,2]",0,NA,0,0,0,0,0,0,NA,NA
"q_values[62,2,3]",0.0241673358878659,0.000590076947195727,0.0199508974290436,0.00011741323384072,0.00746550843949855,0.0196882949479949,0.0367785577841802,0.0716520001834299,1143.16146232271,1.00046775793026
"q_values[62,2,4]",-0.263695840534479,0.00744148513581787,0.262775986575359,-0.939674763860328,-0.378849313320488,-0.189116315312435,-0.0687658220523538,-0.00105709159029386,1246.95882563159,1.00107734934654
"q_values[62,2,5]",0,NA,0,0,0,0,0,0,NA,NA
"q_values[62,2,6]",0.0403686790436862,0.000870465357241557,0.0293670945464021,0.000215189400990921,0.0144769035044988,0.0369125603604677,0.0643924966212599,0.0933364811254842,1138.20104325708,0.999855339726654
"q_values[62,2,7]",0.0901970246780444,0.00260098273458778,0.0927153638225292,0.000352377665680643,0.0229821043973184,0.0635174272032406,0.128353395788236,0.32867867538377,1270.65741462037,1.00115257201134
"q_values[62,2,8]",0.179218694989185,0.00512709729608108,0.181849706426596,0.000704755318397939,0.0459606403383742,0.126960629525363,0.256110082455352,0.648252031914169,1258.00419823819,1.00112218080031
"q_values[62,3,1]",-0.088486290694945,0.00251738464014716,0.0893489393825732,-0.317777580713461,-0.126581459000723,-0.0630758842113709,-0.0229237249122493,-0.000352363869912961,1259.73630912231,1.00111017248581
"q_values[62,3,2]",-0.117198151348657,0.00330732672703016,0.116789327366826,-0.417633228382368,-0.168377472586884,-0.0840516956944157,-0.0305625875788239,-0.00046981848457505,1246.95882563159,1.00107734934654
"q_values[62,3,3]",0.146497689185822,0.0041341584087877,0.145986659208533,0.000587273105718814,0.0382032344735299,0.10506461961802,0.210471840733604,0.52204153547796,1246.95882563159,1.00107734934654
"q_values[62,3,4]",-0.013902931989269,0.000346665343529025,0.0157474940019541,-0.0277217287810194,-0.0238208458221939,-0.0152707001856216,-0.00625282911848218,-6.70256171273513e-06,2063.48848278887,1.00092248439667
"q_values[62,3,5]",-0.0725020076635977,0.00177023084158718,0.0598526922871308,-0.21495600055029,-0.11033567335254,-0.0590648848439848,-0.0223965253184957,-0.000352239701522159,1143.16146232271,1.00046775793026
"q_values[62,3,6]",0,NA,0,0,0,0,0,0,NA,NA
"q_values[62,3,7]",0,NA,0,0,0,0,0,0,NA,NA
"q_values[62,3,8]",0.0905610040983805,0.00209655129720438,0.0707319064112836,0.000458971317944267,0.0296246199053685,0.0770074385663009,0.140270164912697,0.246701680304702,1138.20304039223,1.00023784206954
"q_values[62,4,1]",0.0500454057588313,0.00125645228685194,0.0427183153365803,0.000234840263449121,0.0149893963640662,0.0398181328878595,0.0753290523558739,0.154311140839642,1155.94250206186,1.00059906900364
"q_values[62,4,2]",-0.263695840534479,0.00744148513581787,0.262775986575359,-0.939674763860328,-0.378849313320488,-0.189116315312435,-0.0687658220523538,-0.00105709159029386,1246.95882563159,1.00107734934654
"q_values[62,4,3]",-0.175797227022986,0.00496099009054524,0.175183991050239,-0.626449842573552,-0.252566208880325,-0.126077543541623,-0.0458438813682359,-0.000704727726862575,1246.9588256316,1.00107734934654
"q_values[62,4,4]",0.0231911983840813,0.000551955387766958,0.0187162510976174,0.000117399446175131,0.00740935923959356,0.0192931425068242,0.0353795641973668,0.0664947526977144,1149.81977156555,1.00042085288094
"q_values[62,4,5]",0,NA,0,0,0,0,0,0,NA,NA
"q_values[62,4,6]",0.15162989113512,0.00438400978366251,0.156022982522253,0.000587314493021857,0.0383783729287373,0.106389248593629,0.215787651096145,0.554744819488886,1266.58436239912,1.00115557991795
"q_values[62,4,7]",0.0450846040053925,0.00158274175102365,0.0599697613355543,0.000117592564236806,0.00822042723210194,0.0253448508510424,0.0591424382605963,0.203175770088636,1435.63660590245,1.00162710743105
"q_values[62,4,8]",0,NA,0,0,0,0,0,0,NA,NA
"q_values[62,5,1]",0.177507961006086,0.0050438936532088,0.178508601155606,0.000704741522630258,0.045902260853305,0.126519086533493,0.254338145667839,0.637350937243861,1252.52513859157,1.00110021034483
"q_values[62,5,2]",0.236107036680414,0.00669751873176941,0.236901154611776,0.000939650764917784,0.061183554642717,0.168544934380701,0.338526881961281,0.846167551435045,1251.14164747141,1.00109458016677
"q_values[62,5,3]",0,NA,0,0,0,0,0,0,NA,NA
"q_values[62,5,4]",0,NA,0,0,0,0,0,0,NA,NA
"q_values[62,5,5]",-0.0770988299967004,0.0019850237769791,0.0684000078913906,-0.246022577447987,-0.114476256048688,-0.0600221957088425,-0.0225168527448966,-0.000352267306020868,1187.35579792704,1.00074737369792
"q_values[62,5,6]",-0.117198151348657,0.00330732672703016,0.116789327366826,-0.417633228382368,-0.168377472586884,-0.0840516956944157,-0.0305625875788239,-0.00046981848457505,1246.95882563159,1.00107734934654
"q_values[62,5,7]",0.0585990756743287,0.00165366336351508,0.0583946636834131,0.000234909242287526,0.015281293789412,0.0420258478472078,0.0841887362934418,0.208816614191184,1246.95882563159,1.00107734934654
"q_values[62,5,8]",0.0364363123612882,0.00118275022436343,0.0440468223191053,0.000117509807455323,0.00787505694904821,0.0227976521113622,0.0493312925770553,0.150289015490169,1386.89341689554,1.00146581833812
"q_values[63,1,1]",-0.314525018769731,0.00837355739518764,0.28483532050295,-1.04916143473202,-0.446776661207267,-0.241247151121342,-0.101678903204753,-0.0019608498445718,1157.091442059,1.00120861727582
"q_values[63,1,2]",-0.139793910045342,0.00351165381698928,0.115253719038056,-0.422231899153183,-0.202949488649732,-0.114477314827139,-0.0497250915607525,-0.000980004500074334,1077.17559255323,1.00125014706256
"q_values[63,1,3]",0.0513340943884671,0.00104423413169876,0.032517956015805,0.000421074080296917,0.0234552702826062,0.0509578224382458,0.0798824899561103,0.102748711971555,969.729728568379,1.00109626791285
"q_values[63,1,4]",-0.0898835587204432,0.0025504122572381,0.090393345551707,-0.331086591144822,-0.124169762959403,-0.0639492995356369,-0.0260658888641328,-0.000490452769722458,1256.18078761435,1.00111996396656
"q_values[63,1,5]",0.0926291979756258,0.00215584837738806,0.067210162899467,0.00073477799741053,0.0366757218101571,0.082283280221075,0.139471153223156,0.237282328422545,971.926602775065,1.00132010216402
"q_values[63,1,6]",0,NA,0,0,0,0,0,0,NA,NA
"q_values[63,1,7]",0,NA,0,0,0,0,0,0,NA,NA
"q_values[63,1,8]",0.117946882038649,0.00314008402319536,0.106813245188606,0.000735318691714425,0.0381295887017824,0.0904676816705032,0.167541247952725,0.393435538024507,1157.091442059,1.00120861727582
"q_values[63,2,1]",0.0618202354022372,0.0019947984022552,0.0750853169415958,0.000245586847730492,0.0140021890264833,0.0374309174007706,0.0807982779660812,0.268737644265137,1416.81130400776,1.00095774988119
"q_values[63,2,2]",-0.235893764077298,0.00628016804639073,0.213626490377212,-0.786871076049014,-0.33508249590545,-0.180935363341006,-0.0762591774035648,-0.00147063738342885,1157.091442059,1.00120861727582
"q_values[63,2,3]",0.196578136731082,0.00523347337199228,0.178022075314344,0.00122553115285737,0.0635493145029707,0.150779469450839,0.279235413254542,0.655725896707512,1157.091442059,1.00120861727582
"q_values[63,2,4]",0.207830440759092,0.00567830927695443,0.196996376544248,0.00122577146143688,0.0641954775659153,0.15441698120614,0.291711010912128,0.724522129169329,1203.58949767227,1.00117084304394
"q_values[63,2,5]",0,NA,0,0,0,0,0,0,NA,NA
"q_values[63,2,6]",0.180357260738395,0.00510495692612768,0.180025498256615,0.000980965498787219,0.0522768931754729,0.128588592171854,0.250064971386328,0.661327651809744,1243.60906525735,1.00114869741572
"q_values[63,2,7]",-0.116245272386394,0.00307948127235767,0.104749656923339,-0.38525877420673,-0.165119075511766,-0.0896679961508006,-0.0379762605953108,-0.000735258673470835,1157.04455755115,1.00119534652434
"q_values[63,2,8]",0,NA,0,0,0,0,0,0,NA,NA
"q_values[63,3,1]",0.00121331322670203,0.000807460141214921,0.0417825148325303,-0.0168783133515998,-0.0152957962070827,-0.010210414156949,-0.00147500678546108,0.113307250943797,2677.60780497078,1.00021662556585
"q_values[63,3,2]",0.0590071593952346,0.00187392747630195,0.0700453352551601,0.000245526770585615,0.0138406482607471,0.0365215394619452,0.0776793785516845,0.251538586149683,1397.18166698695,1.00097688987737
"q_values[63,3,3]",-0.202204288745087,0.00545561080583438,0.187467045772636,-0.69012401293842,-0.285473212083335,-0.152598225328489,-0.063872396034443,-0.00122565130714713,1180.76401544607,1.00118939758846
"q_values[63,3,4]",0,NA,0,0,0,0,0,0,NA,NA
"q_values[63,3,5]",0.196578136731082,0.00523347337199228,0.178022075314344,0.00122553115285737,0.0635493145029707,0.150779469450839,0.279235413254542,0.655725896707512,1157.091442059,1.00120861727582
"q_values[63,3,6]",0.0657791878841218,0.00214646018592824,0.0805994115688772,0.000245706913668315,0.0143129515690589,0.0390851346497372,0.0859909863347184,0.28960231904953,1409.996607609,1.00099208212062
"q_values[63,3,7]",0,NA,0,0,0,0,0,0,NA,NA
"q_values[63,3,8]",-0.117946882038649,0.00314008402319536,0.106813245188606,-0.393435538024507,-0.167541247952725,-0.0904676816705032,-0.0381295887017824,-0.000735318691714424,1157.091442059,1.00120861727582
"q_values[63,4,1]",0,NA,0,0,0,0,0,0,NA,NA
"q_values[63,4,2]",0,NA,0,0,0,0,0,0,NA,NA
"q_values[63,4,3]",-0.134825338080665,0.00382561838585716,0.135590018327561,-0.496629886717233,-0.186254644439105,-0.0959239493034554,-0.0390988332961993,-0.000735679154583687,1256.18078761435,1.00111996396656
"q_values[63,4,4]",0.0400817903604567,0.000685335643404405,0.0286070696027915,6.89563187114438e-05,0.0209895256383631,0.0440043097163224,0.0633648448058488,0.0724543294817232,1742.36888259495,1.00010911537273
"q_values[63,4,5]",0.117946882038649,0.00314008402319536,0.106813245188606,0.000735318691714425,0.0381295887017824,0.0904676816705032,0.167541247952725,0.393435538024507,1157.091442059,1.00120861727582
"q_values[63,4,6]",-0.0786312546924328,0.00209338934879691,0.0712088301257375,-0.262290358683005,-0.111694165301817,-0.0603117877803355,-0.0254197258011883,-0.00049021246114295,1157.091442059,1.00120861727582
"q_values[63,4,7]",0.00374852264501786,0.000913283663789557,0.0458403383721002,-0.0158286321775818,-0.0142299853395959,-0.00917630152742702,-0.000769716351207744,0.128250735484832,2519.32531585992,1.00027273319326
"q_values[63,4,8]",-0.0196240952971982,0.000342573092357463,0.0148880179157948,-0.0356628582551965,-0.0312766554236047,-0.0218223901545264,-0.0101704698333776,-2.2204101249125e-05,1888.718653139,0.999982708780159
"q_values[63,5,1]",0.235893764077298,0.00628016804639073,0.213626490377212,0.00147063738342885,0.0762591774035648,0.180935363341006,0.33508249590545,0.786871076049014,1157.091442059,1.00120861727582
"q_values[63,5,2]",0.210576080014275,0.00528406953353132,0.172364855320698,0.00147009668912496,0.0748053105119395,0.172750961891578,0.307012401175881,0.632079553009924,1064.0459683791,1.00128173081951
"q_values[63,5,3]",0,NA,0,0,0,0,0,0,NA,NA
"q_values[63,5,4]",0,NA,0,0,0,0,0,0,NA,NA
"q_values[63,5,5]",-0.139793910045342,0.00351165381698928,0.115253719038056,-0.422231899153183,-0.202949488649732,-0.114477314827139,-0.0497250915607525,-0.000980004500074334,1077.17559255323,1.00125014706256
"q_values[63,5,6]",-0.196578136731082,0.00523347337199228,0.178022075314344,-0.655725896707512,-0.279235413254542,-0.150779469450839,-0.0635493145029707,-0.00122553115285737,1157.091442059,1.00120861727582
"q_values[63,5,7]",0.165701737405873,0.00452034307219509,0.156640813350817,0.000980605153720531,0.051324073899585,0.123351709377147,0.232745028846823,0.576177891712372,1200.79000746899,1.00117312178443
"q_values[63,5,8]",0.222485964091614,0.00626212849432997,0.220369276286936,0.00122613180650357,0.0651482968418032,0.159653864000847,0.309030953451633,0.809671889266701,1238.39200979038,1.0011512054337
"q_values[64,1,1]",0.250910733814414,0.00438671996619757,0.240807784387143,0.000642361860850666,0.0637111244792078,0.1831418704728,0.373968819271238,0.858092486040525,3013.43078754348,1.00055446149062
"q_values[64,1,2]",-0.400419331914116,0.00695401688060071,0.369727663844549,-1.33772628803999,-0.606252481334551,-0.29557153916877,-0.102280180469265,-0.00102781527521639,2826.78261808499,1.00042654415221
"q_values[64,1,3]",0,NA,0,0,0,0,0,0,NA,NA
"q_values[64,1,4]",0,NA,0,0,0,0,0,0,NA,NA
"q_values[64,1,5]",-0.298522013661888,0.00517913575694114,0.274193987935426,-0.990826401816533,-0.452939847532542,-0.221305685524642,-0.0766680515914469,-0.000770857328569883,2802.8590990069,1.00042965491531
"q_values[64,1,6]",-0.198939114300735,0.0046674712069286,0.286293822563612,-1.00909860988994,-0.253600099391066,-0.0961829975822671,-0.0281196821392528,-0.000257205600217251,3762.36269364511,1.00018869500415
"q_values[64,1,7]",-0.174355800662731,0.00321829789782938,0.184764875296172,-0.671422361188751,-0.250963112323461,-0.115874406689411,-0.0389231984427496,-0.000385486454078637,3295.99347554847,1.00035842868255
"q_values[64,1,8]",0.348711601325462,0.00643659579565876,0.369529750592345,0.000770972908157276,0.0778463968854992,0.231748813378823,0.501926224646921,1.3428447223775,3295.99347554847,1.00035842868255
"q_values[64,2,1]",0,NA,0,0,0,0,0,0,NA,NA
"q_values[64,2,2]",0,NA,0,0,0,0,0,0,NA,NA
"q_values[64,2,3]",0.313862899695876,0.0066529162622966,0.402229467284278,0.000514196567481303,0.0540662970550012,0.17337497864463,0.420323423125892,1.44550302270079,3655.30527536451,1.00022141153538
"q_values[64,2,4]",-0.284182131472295,0.00488138649478316,0.250560999614477,-0.891079888108868,-0.43854174864252,-0.218244045256076,-0.0762768724323013,-0.000750955068589456,2634.7569300032,1.00045554029785
"q_values[64,2,5]",-0.0796284235052991,0.00176778829412043,0.108356241744268,-0.374076913641272,-0.104648532394935,-0.0431004284530239,-0.013479404606939,-0.000128545018801761,3757.05332628456,1.00027923515157
"q_values[64,2,6]",0.290593001104551,0.00536382982971563,0.307941458826954,0.000642477423464396,0.0648719974045827,0.193124011149019,0.418271853872434,1.11903726864792,3295.99347554848,1.00035842868255
"q_values[64,2,7]",-0.348711601325462,0.00643659579565876,0.369529750592345,-1.3428447223775,-0.501926224646921,-0.231748813378823,-0.0778463968854992,-0.000770972908157274,3295.99347554847,1.00035842868255
"q_values[64,2,8]",-0.0211116853013913,0.00219022570463279,0.115225000050427,-0.0728541929153714,-0.0632335204949454,-0.0393399231723836,-0.0108155019847895,0.20880059353544,2767.67882368664,1.00025985457316
"q_values[64,3,1]",-0.406830201546372,0.00750936176160189,0.431118042357736,-1.56665217610709,-0.585580595421408,-0.270373615608626,-0.0908207963664158,-0.000899468392850153,3295.99347554847,1.00035842868255
"q_values[64,3,2]",-0.370221424609851,0.00706768275686593,0.414014690808503,-1.49311418228919,-0.522920386267369,-0.236224439602043,-0.0783514020115216,-0.000771022442266155,3431.44789679839,1.0003373762834
"q_values[64,3,3]",0,NA,0,0,0,0,0,0,NA,NA
"q_values[64,3,4]",-0.224701593927447,0.00414677708661515,0.239002682219402,-0.851102648218801,-0.323548464421721,-0.151803575089961,-0.0515718480700746,-0.000513948926640799,3321.88175593907,1.00043974437077
"q_values[64,3,5]",-0.0803874949678393,0.00142011749902316,0.0660500656415724,-0.198060815039543,-0.131062960866053,-0.0696951210058729,-0.0250361623371166,-0.000249547404765868,2163.20635064112,1.00051683602717
"q_values[64,3,6]",0.232474400883641,0.00429106386377251,0.246353167061563,0.000513981938771517,0.0518975979236661,0.154499208919215,0.334617483097947,0.895229814918335,3295.99347554847,1.00035842868255
"q_values[64,3,7]",0.186779401944245,0.003669624361674,0.218893913160362,0.000385502973935095,0.0391002696690958,0.117596775686132,0.260302837453534,0.766354159752588,3558.14915792571,1.00038439309928
"q_values[64,3,8]",0,NA,0,0,0,0,0,0,NA,NA
"q_values[64,4,1]",-0.167944931030475,0.00291026575454933,0.138593019680992,-0.437517998972661,-0.271021445367514,-0.140965697244237,-0.0503469780133269,-0.00050058970027221,2267.86613938164,1.00050847326855
"q_values[64,4,2]",0,NA,0,0,0,0,0,0,NA,NA
"q_values[64,4,3]",-0.236861306283936,0.00503200772313669,0.30434671575111,-1.09384709835615,-0.316845726359253,-0.130389796986096,-0.0405912605402316,-0.000385651552922956,3658.09214748532,1.000218863182
"q_values[64,4,4]",-0.232474400883641,0.00429106386377251,0.246353167061563,-0.895229814918334,-0.334617483097947,-0.154499208919215,-0.0518975979236661,-0.000513981938771516,3295.99347554847,1.00035842868255
"q_values[64,4,5]",0.116237200441821,0.00214553193188625,0.123176583530782,0.000256990969385759,0.0259487989618331,0.0772496044596076,0.167308741548974,0.447614907459167,3295.99347554847,1.00035842868255
"q_values[64,4,6]",-0.166426788105394,0.00378475104617975,0.232935611747722,-0.798243647253107,-0.216295118663352,-0.0876927323137877,-0.0271271442558854,-0.000257106548973148,3787.88812581905,1.00027280879715
"q_values[64,4,7]",0,NA,0,0,0,0,0,0,NA,NA
"q_values[64,4,8]",0.0360059110751231,0.000586341107269311,0.0274229854394689,0.000128429449822908,0.01231197954331,0.0329454175850692,0.0585892443512952,0.0796150952832621,2187.40288460772,1.00156113137874
"q_values[64,5,1]",0.00641086963225602,0.00182337502629716,0.103661015853183,-0.0277277826475699,-0.0240155426139974,-0.0138534294835762,-0.00151858353850353,0.227000926005483,3232.05629484332,1.00017791095979
"q_values[64,5,2]",-0.11214074970064,0.00265689257327456,0.162495188904612,-0.584931876278103,-0.141953513122649,-0.0515906937215032,-0.0144719424903064,-0.000128644070045864,3740.52898570068,1.0001232713904
"q_values[64,5,3]",-0.116237200441821,0.00214553193188625,0.123176583530782,-0.447614907459167,-0.167308741548974,-0.0772496044596076,-0.0259487989618331,-0.000256990969385758,3295.99347554847,1.00035842868255
"q_values[64,5,4]",-0.284182131472295,0.00488138649478316,0.250560999614477,-0.891079888108868,-0.43854174864252,-0.218244045256076,-0.0762768724323013,-0.000750955068589456,2634.7569300032,1.00045554029785
"q_values[64,5,5]",0,NA,0,0,0,0,0,0,NA,NA
"q_values[64,5,6]",0,NA,0,0,0,0,0,0,NA,NA
"q_values[64,5,7]",0.164402823873434,0.00351293403883595,0.212355158669697,0.000257123045490824,0.0272801909753001,0.0887812439408121,0.219195247837801,0.769860004685442,3654.14385668256,1.000183997222
"q_values[64,5,8]",0.348711601325462,0.00643659579565876,0.369529750592345,0.000770972908157276,0.0778463968854992,0.231748813378823,0.501926224646921,1.3428447223775,3295.99347554847,1.00035842868255
"q_values[65,1,1]",0.246062294065377,0.0042925718870858,0.145800341395973,0.03334436418925,0.144519424258951,0.218969622502929,0.320632072566253,0.606154905509243,1153.67087256932,1.00203006271994
"q_values[65,1,2]",-0.475024368606044,0.00747702668971458,0.245435235648772,-1.04968731671971,-0.615093572458703,-0.440942836318116,-0.303461290948125,-0.0756442893801965,1077.49673290577,1.00209550636646
"q_values[65,1,3]",0,NA,0,0,0,0,0,0,NA,NA
"q_values[65,1,4]",0.209415985444505,0.00335833860633193,0.110997334042014,0.0325357582380605,0.131934201356915,0.192943472504544,0.271332758560182,0.472352594684035,1092.38601583482,1.00208397851966
"q_values[65,1,5]",-0.542884992692622,0.00854517335967382,0.280497412170025,-1.19964264767966,-0.702964082809946,-0.503934670077846,-0.346812903940715,-0.0864506164345103,1077.49673290576,1.00209550636646
"q_values[65,1,6]",0,NA,0,0,0,0,0,0,NA,NA
"q_values[65,1,7]",0.11821890861884,0.00168371523590472,0.0531092741007331,0.0212623228832703,0.081065138847737,0.114079753843405,0.152577338183129,0.232450856507432,994.955019482899,1.00214153528626
"q_values[65,1,8]",0.138912685577148,0.00295450461462803,0.105507373186701,0.012314333516983,0.0671315367763659,0.112575861313217,0.182818721033301,0.415305266638144,1275.2527708602,1.00190320774055
"q_values[65,2,1]",0.542884992692622,0.00854517335967382,0.280497412170025,0.0864506164345104,0.346812903940715,0.503934670077846,0.702964082809946,1.19964264767966,1077.49673290576,1.00209550636646
"q_values[65,2,2]",0,NA,0,0,0,0,0,0,NA,NA
"q_values[65,2,3]",-0.127843385446537,0.00265576998526397,0.0943314023034787,-0.373704049001811,-0.168054734383124,-0.104889868659524,-0.0634542854112136,-0.0120820413059797,1261.62900383555,1.00191799754115
"q_values[65,2,4]",0.475024368606044,0.00747702668971458,0.245435235648772,0.0756442893801966,0.303461290948125,0.440942836318116,0.615093572458703,1.04968731671971,1077.49673290577,1.00209550636646
"q_values[65,2,5]",0,NA,0,0,0,0,0,0,NA,NA
"q_values[65,2,6]",-0.0702563290423091,0.00115804184320086,0.03870715961313,-0.163443274847913,-0.0905843838021551,-0.063991632947776,-0.043677506565158,-0.0108113748112533,1117.20816964345,1.00206299954751
"q_values[65,2,7]",0.159057700912242,0.00275983357854843,0.0936537447580314,0.022079762409104,0.0942206755017675,0.14185555242087,0.206625930728296,0.389857069136561,1151.55452461956,1.00203101492347
"q_values[65,2,8]",0.168577193151103,0.00230554437772086,0.0715103612295379,0.0317183187122269,0.118778664702885,0.16516767392708,0.217284166015015,0.314946382054906,962.035219576836,1.00214699254377
"q_values[65,3,1]",-0.0890483426949816,0.00102913385618877,0.028931959074426,-0.124793927337023,-0.112921070038317,-0.0939022313853567,-0.0714748214798693,-0.0203663633803571,790.33634228403,1.00183912430505
"q_values[65,3,2]",0.203581872259733,0.00320444000987768,0.10518652956376,0.0324189811629414,0.130054838977768,0.188975501279192,0.26361153105373,0.449865992879874,1077.49673290577,1.00209550636646
"q_values[65,3,3]",0.0282196842710413,0.000348781529168845,0.0136583219403917,-0.00070690972519351,0.0258023632531212,0.0324880746579862,0.035529475842646,0.0364705955338809,1533.513966445,1.00048699859594
"q_values[65,3,4]",-0.240827107119538,0.00415817545440548,0.140799051705473,-0.58704028967707,-0.313589313422529,-0.215251601074589,-0.142721535272946,-0.0332288490533658,1146.55221769156,1.00203660702615
"q_values[65,3,5]",-0.339303120432889,0.00534073334979613,0.175310882606266,-0.74977665479979,-0.439352551756216,-0.314959168798654,-0.216758064962947,-0.054031635271569,1077.49673290577,1.00209550636646
"q_values[65,3,6]",0,NA,0,0,0,0,0,0,NA,NA
"q_values[65,3,7]",0,NA,0,0,0,0,0,0,NA,NA
"q_values[65,3,8]",-0.360490839041293,0.00519995841769266,0.164863425002539,-0.719839171326457,-0.46545324205584,-0.346207232755569,-0.245074778922358,-0.06390374572493,1005.19170129469,1.00213784661842
"q_values[65,4,1]",0,NA,0,0,0,0,0,0,NA,NA
"q_values[65,4,2]",-0.047518802542155,0.000586645156355966,0.0171319234981332,-0.0768355684846531,-0.0603779421390733,-0.0483696978433792,-0.0362415304417113,-0.0103455284500118,852.827653670207,1.00220807839298
"q_values[65,4,3]",-0.339303120432889,0.00534073334979613,0.175310882606266,-0.74977665479979,-0.439352551756216,-0.314959168798654,-0.216758064962947,-0.054031635271569,1077.49673290577,1.00209550636646
"q_values[65,4,4]",0,NA,0,0,0,0,0,0,NA,NA
"q_values[65,4,5]",0.144147872522986,0.00309175653639897,0.110601177500559,0.0124298486528672,0.0689294257623709,0.116293882741558,0.189861480177025,0.434419882470317,1279.70222798187,1.00189887105234
"q_values[65,4,6]",-0.354656725856521,0.00505114570771415,0.159327822302199,-0.697352569522296,-0.457732014549388,-0.342239261530216,-0.243195416543211,-0.0637869686498109,994.955019482901,1.00214153528626
"q_values[65,4,7]",0.0503582845322625,0.000633643497579834,0.0187336327840187,0.0104559958289565,0.0377050340596335,0.051077392880804,0.0646569329972258,0.0820527358173442,874.085751547671,1.00210067327033
"q_values[65,4,8]",0.271442496346311,0.00427258667983691,0.140248706085013,0.0432253082172552,0.173406451970357,0.251967335038923,0.351482041404973,0.599821323839832,1077.49673290576,1.00209550636646
"q_values[65,5,1]",0.221084211814048,0.0036688226463127,0.122717111490433,0.0327693123882987,0.13569292611521,0.200879414955248,0.286775213573087,0.517325798292358,1118.81121826647,1.00206162754261
"q_values[65,5,2]",0.424666084073782,0.00687129288513814,0.227831901770944,0.0651882935512401,0.265747765092978,0.389854916234441,0.550386744626817,0.967191791172232,1099.39092992477,1.00207827905256
"q_values[65,5,3]",0.271442496346311,0.00427258667983691,0.140248706085013,0.0432253082172552,0.173406451970357,0.251967335038923,0.351482041404973,0.599821323839832,1077.49673290576,1.00209550636646
"q_values[65,5,4]",-0.475024368606044,0.00747702668971458,0.245435235648772,-1.04968731671971,-0.615093572458703,-0.440942836318116,-0.303461290948125,-0.0756442893801965,1077.49673290577,1.00209550636646
"q_values[65,5,5]",-0.460114540216788,0.00775750969458932,0.260719537146921,-1.09425013005346,-0.598329121907432,-0.415381166638803,-0.278170041208729,-0.0659943756239598,1129.54229885188,1.00205195103595
"q_values[65,5,6]",0.138116953128887,0.0022252803549113,0.0737270815403896,0.0216177018655671,0.0870291195577473,0.126983466707507,0.178454894153398,0.313398605807871,1097.7024103663,1.00208101910718
"q_values[65,5,7]",0,NA,0,0,0,0,0,0,NA,NA
"q_values[65,5,8]",0,NA,0,0,0,0,0,0,NA,NA
"q_values[66,1,1]",0,NA,0,0,0,0,0,0,NA,NA
"q_values[66,1,2]",-0.0914411314413694,0.00282907293715859,0.105371166579082,-0.371633499473764,-0.130438412513333,-0.0549443671951068,-0.015102435894586,-8.76930332824728e-05,1387.25177087076,1.00297516029181
"q_values[66,1,3]",0.0467687181970097,0.00166672919662616,0.070301222971568,3.50803510504041e-05,0.00613477516263311,0.0232463611642497,0.0596434351499397,0.220635438228261,1779.08080494228,1.00256978733864
"q_values[66,1,4]",-0.119877636459765,0.00393320447685824,0.153919850392539,-0.517327643207139,-0.163669490299957,-0.0671351413137425,-0.0182113640889791,-0.000105234593134062,1531.42670309954,1.00286627332853
"q_values[66,1,5]",-0.0841468737773937,0.00284473045194051,0.114937649854955,-0.374621530404186,-0.112089408234954,-0.0452575528256676,-0.0121777598157677,-7.01576259206646e-05,1632.45937404091,1.00277064421014
"q_values[66,1,6]",0,NA,0,0,0,0,0,0,NA,NA
"q_values[66,1,7]",-0.139857242536392,0.00458873855633461,0.179573158791296,-0.603548917074996,-0.190947738683284,-0.0783243315326996,-0.0212465914371423,-0.00012277369198974,1531.42670309954,1.00286627332853
"q_values[66,1,8]",0.0266102717264103,0.000708937930289448,0.027256538683859,2.71720860050523e-05,0.00581713743807653,0.020539187121911,0.0441409589815007,0.0775931322198733,1478.17203438972,1.00127853451111
"q_values[66,2,1]",0.0599388182298823,0.00196660223842912,0.0769599251962696,5.26172965670314e-05,0.00910568204448954,0.0335675706568712,0.0818347451499787,0.25866382160357,1531.42670309954,1.00286627332853
"q_values[66,2,2]",0.0206611178736124,0.000660000739077744,0.0329028913931917,4.00670568546766e-06,0.00521914196254254,0.0189243622450301,0.038002493445554,0.0536986483132516,2485.30265705402,0.999851027985536
"q_values[66,2,3]",-0.070404412997021,0.00212288193693811,0.0775871627876129,-0.277978116872717,-0.102416060454594,-0.0436299789886899,-0.0120579959406441,-7.01536268023066e-05,1335.75884361382,1.00297413488681
"q_values[66,2,4]",-0.139857242536392,0.00458873855633461,0.179573158791296,-0.603548917074996,-0.190947738683284,-0.0783243315326996,-0.0212465914371423,-0.00012277369198974,1531.42670309954,1.00286627332853
"q_values[66,2,5]",0,NA,0,0,0,0,0,0,NA,NA
"q_values[66,2,6]",0.0620530429653243,0.00207738350184915,0.0830797320353035,5.26179118160095e-05,0.00912410725604701,0.0338179666317909,0.0833229525008032,0.273532039069949,1599.39899117146,1.00280306616171
"q_values[66,2,7]",-0.033992138517665,0.00142441865078403,0.0680113184931299,-0.185170968612806,-0.0375333167129665,-0.0129307551288836,-0.00316398013020627,-1.75434055553593e-05,2279.74927152046,1.00207384178346
"q_values[66,2,8]",0,NA,0,0,0,0,0,0,NA,NA
"q_values[66,3,1]",0.0399592121532549,0.00131106815895275,0.0513066167975131,3.50781977113542e-05,0.00607045469632636,0.0223783804379142,0.0545564967666525,0.172442547735713,1531.42670309954,1.00286627332853
"q_values[66,3,2]",0,NA,0,0,0,0,0,0,NA,NA
"q_values[66,3,3]",0,NA,0,0,0,0,0,0,NA,NA
"q_values[66,3,4]",0.104126479854021,0.00349965215098389,0.140540823945942,8.76967247763419e-05,0.0152129871639308,0.0564467430446247,0.13936765661828,0.460842804272042,1612.70611003298,1.00279011766407
"q_values[66,3,5]",0.0336165379469291,0.000984692730106615,0.0353027487478015,3.50763519644198e-05,0.00601517906165395,0.0216271925131552,0.0500621916619849,0.127436460295476,1285.33277085316,1.00290452158345
"q_values[66,3,6]",0.0277478443997212,0.00106808552987264,0.0478712074142024,1.75415598138204e-05,0.00310873245789126,0.0121809680684385,0.0330889925512593,0.141207294653631,2008.80000183614,1.00230804795191
"q_values[66,3,7]",-0.0973098249885773,0.00279405657587261,0.0991301691659717,-0.356283527332626,-0.147253568782226,-0.0643302621338733,-0.017989183425419,-0.000102709917754066,1258.75527378055,1.00288009694558
"q_values[66,3,8]",-0.15983684861302,0.00524427263581098,0.205226467190052,-0.689770190942853,-0.21822598706661,-0.0895135217516567,-0.0242818187853054,-0.000140312790845417,1531.42670309954,1.00286627332853
"q_values[66,4,1]",-0.0431305492564178,0.00147910094453452,0.0606371557830807,-0.194744873935283,-0.0567888077928893,-0.0227539744002936,-0.00609809251366257,-3.50791205848214e-05,1680.66832749763,1.00272214128967
"q_values[66,4,2]",-0.0487845628440696,0.00177643343138594,0.0763237540978297,-0.234862677254677,-0.0611113446099978,-0.0234953562748554,-0.00615317241183318,-3.50809662939866e-05,1845.95696401381,1.00249750453565
"q_values[66,4,3]",0,NA,0,0,0,0,0,0,NA,NA
"q_values[66,4,4]",0,NA,0,0,0,0,0,0,NA,NA
"q_values[66,4,5]",-0.0738529705825379,0.00270556128234297,0.117013309703804,-0.356972537908556,-0.0920695155888525,-0.0353077347024839,-0.00923440686417524,-5.26216032613178e-05,1870.49166027705,1.00248112077536
"q_values[66,4,6]",0.179816454689647,0.00589980671528736,0.230879775588809,0.000157851889701094,0.0273170461334686,0.100702711970614,0.245504235449936,0.775991464810709,1531.42670309954,1.00286627332853
"q_values[66,4,7]",0.139857242536392,0.00458873855633461,0.179573158791296,0.00012277369198974,0.0212465914371423,0.0783243315326996,0.190947738683284,0.603548917074996,1531.42670309954,1.00286627332853
"q_values[66,4,8]",-0.1030693674863,0.00344368254021297,0.137432959940716,-0.453408695538852,-0.138623552942868,-0.0563215450571649,-0.0152037745581521,-8.76964171518526e-05,1592.70587813737,1.00280952038776
"q_values[66,5,1]",-0.00365608872338391,0.000560452665763995,0.0343145238880192,-0.0157744746561847,-0.0127321387472757,-0.00692427118929154,-0.00164462889757312,0.0288785952234003,3748.67747393748,1.00026354905597
"q_values[66,5,2]",0,NA,0,0,0,0,0,0,NA,NA
"q_values[66,5,3]",-0.0809755366742307,0.00267718447759215,0.105644319548749,-0.352319204204616,-0.109857097208717,-0.0448819588632881,-0.0121501219984315,-7.01567030471974e-05,1557.16883708804,1.00284301184839
"q_values[66,5,4]",-0.0392956201390619,0.00128172850118636,0.050199399823421,-0.167572352762377,-0.0538935846543059,-0.0222587859077098,-0.00606135393997722,-3.50778901084475e-05,1533.92796943585,1.00291519895052
"q_values[66,5,5]",0.139857242536392,0.00458873855633461,0.179573158791296,0.00012277369198974,0.0212465914371423,0.0783243315326996,0.190947738683284,0.603548917074996,1531.42670309954,1.00286627332853
"q_values[66,5,6]",0.179816454689647,0.00589980671528736,0.230879775588809,0.000157851889701094,0.0273170461334686,0.100702711970614,0.245504235449936,0.775991464810709,1531.42670309954,1.00286627332853
"q_values[66,5,7]",0,NA,0,0,0,0,0,0,NA,NA
"q_values[66,5,8]",-0.0935553561768114,0.00294031755017077,0.110834051804708,-0.386501716940144,-0.131926619864158,-0.0551947631700265,-0.0151208611061435,-8.76936485314509e-05,1420.88178916094,1.00295840215147
"q_values[67,1,1]",0,NA,0,0,0,0,0,0,NA,NA
"q_values[67,1,2]",0.0654539728020969,0.00198725448400538,0.0895150349605422,0.000119531248879771,0.00989173306772889,0.0329663467701046,0.0838184587024263,0.318556825356903,2029.01379639343,1.00038859987367
"q_values[67,1,3]",-0.143514582248339,0.00415634499240375,0.179307153171389,-0.646409038378925,-0.192321400763393,-0.0792385495812565,-0.0244140578895254,-0.000298779928557784,1861.11004792934,1.00049974385717
"q_values[67,1,4]",0.159602458236409,0.00449085088829495,0.188431023684078,0.000358504499881636,0.0290917435468239,0.0930276254733492,0.219719117878924,0.682425412049836,1760.54667960398,1.00058297872298
"q_values[67,1,5]",0.130345799498418,0.0036365853561077,0.151193329507917,0.000298747799818879,0.0242040637658211,0.0771264551671772,0.180917191976033,0.548622067393644,1728.5330620059,1.00061494447576
"q_values[67,1,6]",0,NA,0,0,0,0,0,0,NA,NA
"q_values[67,1,7]",0.055325818637675,0.00158223194058198,0.0675322684729272,0.000119506260026533,0.00972849253416702,0.0313264613396075,0.0749853642980977,0.243527758134921,1821.72316936654,1.0005273355265
"q_values[67,1,8]",-0.156414959398101,0.00436390242732925,0.181431995409501,-0.658346480872372,-0.217100630371239,-0.0925517462006127,-0.0290448765189853,-0.000358497359782654,1728.5330620059,1.00061494447576
"q_values[67,2,1]",-0.104276639598734,0.00290926828488616,0.120954663606334,-0.438897653914915,-0.144733753580826,-0.0617011641337418,-0.0193632510126569,-0.000238998239855102,1728.5330620059,1.00061494447576
"q_values[67,2,2]",0,NA,0,0,0,0,0,0,NA,NA
"q_values[67,2,3]",0,NA,0,0,0,0,0,0,NA,NA
"q_values[67,2,4]",-0.0711199541201287,0.00190929155229217,0.0762737448036768,-0.276902076977505,-0.102288335164323,-0.0451081966533914,-0.0144059513160732,-0.000179230830923756,1595.89986066786,1.00076420453557
"q_values[67,2,5]",-0.120783302983494,0.00326117702569812,0.130695321747543,-0.476385273861254,-0.173061729452979,-0.0756988173489675,-0.0240634626823053,-0.000298726379521935,1606.09539239686,1.00075963203062
"q_values[67,2,6]",0.0782074796990506,0.00218195121366462,0.0907159977047504,0.000179248679891327,0.0145224382594926,0.0462758731003063,0.10855031518562,0.329173240436186,1728.5330620059,1.00061494447576
"q_values[67,2,7]",0.00579102820910583,0.000457822077590513,0.0250770806197326,-0.0428255569322935,0.00240167659198345,0.00911587589466394,0.0161294692684948,0.0193611941651001,3000.2710302234,1.00045621416362
"q_values[67,2,8]",-0.210147028616622,0.00588190165960586,0.245399229502415,-0.889834773418561,-0.290776750915495,-0.123640267903852,-0.038749935539233,-0.000478000049759695,1740.64766249389,1.0006026000141
"q_values[67,3,1]",-0.0782074796990506,0.00218195121366462,0.0907159977047504,-0.329173240436186,-0.10855031518562,-0.0462758731003063,-0.0145224382594926,-0.000179248679891327,1728.5330620059,1.00061494447576
"q_values[67,3,2]",-0.0845824773756665,0.00243774507044648,0.104876115866299,-0.377331102791112,-0.113787290200989,-0.0472276316457795,-0.0146161723151698,-0.000179262960089289,1850.87298078353,1.00050307201251
"q_values[67,3,3]",0.0104254062137598,0.000319436578495207,0.0167074501878369,-0.00802818758026154,0.00349778846473171,0.0113058083036387,0.020092370193309,0.0251752948404128,2735.59032470624,1.00111343694748
"q_values[67,3,4]",0,NA,0,0,0,0,0,0,NA,NA
"q_values[67,3,5]",0,NA,0,0,0,0,0,0,NA,NA
"q_values[67,3,6]",-0.0624133442165969,0.00186333210742787,0.0826737780873292,-0.295798921593602,-0.0812473443193942,-0.0324941377865224,-0.00984497947758647,-0.000119524108994103,1968.58891232691,1.00042535834944
"q_values[67,3,7]",-0.0324441575762994,0.000986955671784455,0.0447034925912242,-0.157882275833655,-0.0414204134105757,-0.0163770495789086,-0.00493454680884139,-5.97638401617376e-05,2051.57602707607,1.00036721240846
"q_values[67,3,8]",0.0521383197993671,0.00145463414244308,0.0604773318031669,0.000119499119927551,0.00968162550632843,0.0308505820668709,0.0723668767904131,0.219448826957458,1728.5330620059,1.00061494447576
"q_values[67,4,1]",-0.120632921186964,0.00356006764029144,0.156398409660271,-0.56076355607766,-0.158756449875872,-0.0642891378205576,-0.0196201121641997,-0.000239037508692989,1929.95936980577,1.00044912410853
"q_values[67,4,2]",-0.182484119297785,0.00509121949855079,0.211670661311084,-0.768070894351101,-0.253284068766446,-0.107977037234048,-0.0338856892721495,-0.000418246919746429,1728.5330620059,1.00061494447576
"q_values[67,4,3]",-0.161196207655563,0.00455457883893313,0.191952658170255,-0.694464877638567,-0.221028361632766,-0.0932655651097175,-0.0291151770607432,-0.000358508069931125,1776.19978511788,1.00056809113395
"q_values[67,4,4]",-0.0441695727035972,0.00114461727775248,0.0439028312934558,-0.1592514990138,-0.0658206580212017,-0.0296608838850294,-0.00956445793673196,-0.000119481269680099,1471.1754300474,1.00098870408499
"q_values[67,4,5]",0.104276639598734,0.00290926828488616,0.120954663606334,0.000238998239855103,0.0193632510126569,0.0617011641337418,0.144733753580826,0.438897653914915,1728.5330620059,1.00061494447576
"q_values[67,4,6]",0.0475074533384351,0.00108160939780641,0.0395493992540168,0.000121885095169501,0.013285979710911,0.0407050844593284,0.0799069634610994,0.115637759792478,1337.02299912848,1.00207363561204
"q_values[67,4,7]",0,NA,0,0,0,0,0,0,NA,NA
"q_values[67,4,8]",0,NA,0,0,0,0,0,0,NA,NA
"q_values[67,5,1]",-0.184077868716939,0.00515459409673659,0.215161405332379,-0.780110359939832,-0.254593312520288,-0.108214976870416,-0.0339091227860688,-0.00041825048979592,1742.36765513886,1.00060087229283
"q_values[67,5,2]",-0.0798012291182046,0.00224542544414747,0.0942155118420388,-0.341212706024918,-0.109859558939462,-0.0465138127366746,-0.0145458717734119,-0.000179252249940817,1760.54667960398,1.00058297872298
"q_values[67,5,3]",0,NA,0,0,0,0,0,0,NA,NA
"q_values[67,5,4]",-0.130345799498418,0.0036365853561077,0.151193329507917,-0.548622067393643,-0.180917191976033,-0.0771264551671772,-0.0242040637658211,-0.000298747799818878,1728.5330620059,1.00061494447576
"q_values[67,5,5]",-0.0566293390949349,0.00134709644815856,0.049339222415562,-0.164212190468307,-0.0901627984448641,-0.0429116906420299,-0.0141591543277791,-0.000175426298327039,1341.48931973278,1.00151120911692
"q_values[67,5,6]",0,NA,0,0,0,0,0,0,NA,NA
"q_values[67,5,7]",0.182484119297785,0.00509121949855079,0.211670661311084,0.00041824691974643,0.0338856892721495,0.107977037234048,0.253284068766446,0.768070894351101,1728.5330620059,1.00061494447576
"q_values[67,5,8]",0.12485202333865,0.00342529935424651,0.140061663293269,0.000298733520900798,0.0241110103363209,0.0761967183566306,0.175964455708579,0.508390369523694,1672.02009861985,1.00067197482852
"q_values[68,1,1]",0.242241001727291,0.0051049232860132,0.206036958042106,0.00183328277785992,0.0824837130156278,0.199029411539061,0.350163377843394,0.754196734919401,1628.96524432053,1.00110823948626
"q_values[68,1,2]",-0.121120500863645,0.0025524616430066,0.103018479021053,-0.3770983674597,-0.175081688921697,-0.0995147057695304,-0.0412418565078139,-0.000916641388929956,1628.96524432053,1.00110823948626
"q_values[68,1,3]",0,NA,0,0,0,0,0,0,NA,NA
"q_values[68,1,4]",0,NA,0,0,0,0,0,0,NA,NA
"q_values[68,1,5]",-0.325796927808334,0.00689058319056818,0.279146856789729,-1.0213960012142,-0.470290459651378,-0.266472901776155,-0.110167273022008,-0.00244447040145062,1641.16982513884,1.00110988159381
"q_values[68,1,6]",-0.164302926656807,0.00348741021625513,0.141796034389931,-0.5185981779346,-0.236848207755782,-0.133786627416782,-0.0551781310115896,-0.00122228188287734,1653.18744827394,1.00111139694835
"q_values[68,1,7]",-0.0439782358988132,0.000964568307938306,0.040749104661936,-0.147458099523924,-0.0623628395309576,-0.0343814229768493,-0.0139440688551458,-0.000305640579538387,1784.72030482124,1.00111302803126
"q_values[68,1,8]",0.154658844846992,0.00320709726601386,0.127769558962602,0.00122190859684308,0.0544377637096457,0.129604217846347,0.224417025708784,0.46731333741265,1587.19588277588,1.00109753489087
"q_values[68,2,1]",0,NA,0,0,0,0,0,0,NA,NA
"q_values[68,2,2]",-0.149896521139983,0.00342110340195241,0.147931333428609,-0.5350134978673,-0.210957014858746,-0.111326585855421,-0.0432999505837084,-0.000917668168032039,1869.76894460473,1.00113259225437
"q_values[68,2,3]",-0.201867501439409,0.00425410273834434,0.171697465035089,-0.628497279099501,-0.291802814869495,-0.165857842949217,-0.0687364275130232,-0.00152773564821659,1628.96524432053,1.00110823948626
"q_values[68,2,4]",-0.176587171891892,0.00351674752584379,0.133144972849637,-0.486294087204503,-0.261149212127823,-0.155954665432547,-0.0670355265024837,-0.00152689536947998,1433.39922626556,1.00106280550682
"q_values[68,2,5]",-0.0638934475440859,0.00122114968211395,0.0438626043252445,-0.15559886194087,-0.0962853907866835,-0.0597410188352401,-0.026360636998183,-0.000610534073462227,1290.1821435735,1.0009892069398
"q_values[68,2,6]",0.0807470005757636,0.00170164109533773,0.0686789860140355,0.00061109425928664,0.0274945710052093,0.0663431371796869,0.116721125947798,0.2513989116398,1628.96524432054,1.00110823948626
"q_values[68,2,7]",0.0228331820326626,0.000397644512802587,0.0129870207444874,0.000181606248926824,0.0121054844668378,0.0249488085268213,0.0349802167458163,0.0392863322412292,1066.66754374688,1.00061144119069
"q_values[68,2,8]",0,NA,0,0,0,0,0,0,NA,NA
"q_values[68,3,1]",0.147449373625129,0.00299020201593125,0.115686383249578,0.00122172169705294,0.0540441970045633,0.127184509072335,0.216412472594667,0.423796050004602,1496.79880455485,1.0010823046192
"q_values[68,3,2]",0.185013948407731,0.00375805584370308,0.145666322883103,0.00152717546239219,0.0676024935059969,0.15925572460477,0.27136707970838,0.533695151169503,1502.42172874838,1.00108377239224
"q_values[68,3,3]",0.112331946357381,0.00266716044523812,0.118625285677004,0.000612214402692792,0.0297416540822748,0.0792553703229857,0.156002407745033,0.4251143967024,1978.13651138479,1.00113537890922
"q_values[68,3,4]",0,NA,0,0,0,0,0,0,NA,NA
"q_values[68,3,5]",-0.282614502015173,0.00595574383368207,0.240376451049124,-0.879896190739301,-0.408523940817293,-0.232200980128904,-0.0962309985182325,-0.00213882990750323,1628.96524432053,1.00110823948626
"q_values[68,3,6]",0.106979365382039,0.00249940982198867,0.109925060114942,0.000612027702614989,0.0293662741970561,0.0770911646513694,0.149389269590286,0.395499783742075,1934.27616061359,1.00113489022429
"q_values[68,3,7]",0,NA,0,0,0,0,0,0,NA,NA
"q_values[68,3,8]",-0.322988002303054,0.00680656438135093,0.274715944056142,-1.0055956465592,-0.466884503791192,-0.265372548718748,-0.109978284020837,-0.00244437703714655,1628.96524432054,1.00110823948626
"q_values[68,4,1]",-0.242241001727291,0.0051049232860132,0.206036958042106,-0.754196734919401,-0.350163377843394,-0.199029411539061,-0.0824837130156278,-0.00183328277785991,1628.96524432053,1.00110823948626
"q_values[68,4,2]",0,NA,0,0,0,0,0,0,NA,NA
"q_values[68,4,3]",0.025376837502725,0.000447462219386191,0.0147676149662311,0.000274453306836184,0.0125196294213913,0.02664525246352,0.0388681962190408,0.046883773474683,1089.20086185664,1.0007681378324
"q_values[68,4,4]",-0.149040993836433,0.00304191440734132,0.119093894642731,-0.43571262810265,-0.217605113988413,-0.127403511731531,-0.0540597857073036,-0.00122172186823493,1532.79832164876,1.00108717173969
"q_values[68,4,5]",0.136213671604011,0.00267160401031772,0.0992421794553775,0.00122134823983667,0.0532882409998791,0.122783096842704,0.202788649153924,0.360594631384603,1379.90253682217,1.00104119117384
"q_values[68,4,6]",0.0807470005757636,0.00170164109533773,0.0686789860140355,0.00061109425928664,0.0274945710052093,0.0663431371796869,0.116721125947798,0.2513989116398,1628.96524432054,1.00110823948626
"q_values[68,4,7]",0,NA,0,0,0,0,0,0,NA,NA
"q_values[68,4,8]",0.0150931707403652,0.000409601520050249,0.0190708863603639,-0.0165037360750973,0.00899981363318277,0.0193956664152775,0.0257362897250315,0.0277574343280459,2167.79713135581,1.00048947447575
"q_values[68,5,1]",0.0023748933900535,0.000671143745035811,0.0356026947606243,-0.0855750276017227,0.00278930798577413,0.0113619695144582,0.016510261562502,0.0180780877109762,2814.06838970917,1.00086724708121
"q_values[68,5,2]",-0.322988002303054,0.00680656438135093,0.274715944056142,-1.0055956465592,-0.466884503791192,-0.265372548718748,-0.109978284020837,-0.00244437703714655,1628.96524432054,1.00110823948626
"q_values[68,5,3]",-0.363361502590936,0.0076573849290198,0.30905543706316,-1.1312951023791,-0.525245066765091,-0.298544117308591,-0.123725569523442,-0.00274992416678987,1628.96524432054,1.00110823948626
"q_values[68,5,4]",0.0442435059340305,0.000974565318747774,0.0414056905543768,0.000305640608068722,0.0139466669722692,0.0344179234200487,0.0625616130965818,0.149444195873599,1805.08708730866,1.00111067265116
"q_values[68,5,5]",0,NA,0,0,0,0,0,0,NA,NA
"q_values[68,5,6]",0,NA,0,0,0,0,0,0,NA,NA
"q_values[68,5,7]",0.204676426944689,0.00433818739520433,0.176132694581365,0.00152782901252067,0.0689254165141942,0.166958196006625,0.295208770729681,0.644297633754501,1648.40279476123,1.00111080543413
"q_values[68,5,8]",0.164302926656807,0.00348741021625513,0.141796034389931,0.00122228188287735,0.0551781310115896,0.133786627416782,0.236848207755782,0.518598177934601,1653.18744827394,1.00111139694835
"feature_counts[1,1,1]",2,NA,0,2,2,2,2,2,NA,NA
"feature_counts[1,1,2]",3,NA,0,3,3,3,3,3,NA,NA
"feature_counts[1,1,3]",3,NA,0,3,3,3,3,3,NA,NA
"feature_counts[1,1,4]",1,NA,0,1,1,1,1,1,NA,NA
"feature_counts[1,1,5]",0,NA,0,0,0,0,0,0,NA,NA
"feature_counts[1,1,6]",0,NA,0,0,0,0,0,0,NA,NA
"feature_counts[1,1,7]",1,NA,0,1,1,1,1,1,NA,NA
"feature_counts[1,1,8]",2,NA,0,2,2,2,2,2,NA,NA
"feature_counts[1,2,1]",2,NA,0,2,2,2,2,2,NA,NA
"feature_counts[1,2,2]",2,NA,0,2,2,2,2,2,NA,NA
"feature_counts[1,2,3]",0,NA,0,0,0,0,0,0,NA,NA
"feature_counts[1,2,4]",0,NA,0,0,0,0,0,0,NA,NA
"feature_counts[1,2,5]",1,NA,0,1,1,1,1,1,NA,NA
"feature_counts[1,2,6]",1,NA,0,1,1,1,1,1,NA,NA
"feature_counts[1,2,7]",3,NA,0,3,3,3,3,3,NA,NA
"feature_counts[1,2,8]",3,NA,0,3,3,3,3,3,NA,NA
"feature_counts[1,3,1]",2,NA,0,2,2,2,2,2,NA,NA
"feature_counts[1,3,2]",1,NA,0,1,1,1,1,1,NA,NA
"feature_counts[1,3,3]",0,NA,0,0,0,0,0,0,NA,NA
"feature_counts[1,3,4]",3,NA,0,3,3,3,3,3,NA,NA
"feature_counts[1,3,5]",3,NA,0,3,3,3,3,3,NA,NA
"feature_counts[1,3,6]",2,NA,0,2,2,2,2,2,NA,NA
"feature_counts[1,3,7]",1,NA,0,1,1,1,1,1,NA,NA
"feature_counts[1,3,8]",0,NA,0,0,0,0,0,0,NA,NA
"feature_counts[1,4,1]",0,NA,0,0,0,0,0,0,NA,NA
"feature_counts[1,4,2]",0,NA,0,0,0,0,0,0,NA,NA
"feature_counts[1,4,3]",2,NA,0,2,2,2,2,2,NA,NA
"feature_counts[1,4,4]",1,NA,0,1,1,1,1,1,NA,NA
"feature_counts[1,4,5]",1,NA,0,1,1,1,1,1,NA,NA
"feature_counts[1,4,6]",2,NA,0,2,2,2,2,2,NA,NA
"feature_counts[1,4,7]",3,NA,0,3,3,3,3,3,NA,NA
"feature_counts[1,4,8]",3,NA,0,3,3,3,3,3,NA,NA
"feature_counts[1,5,1]",2,NA,0,2,2,2,2,2,NA,NA
"feature_counts[1,5,2]",1,NA,0,1,1,1,1,1,NA,NA
"feature_counts[1,5,3]",1,NA,0,1,1,1,1,1,NA,NA
"feature_counts[1,5,4]",2,NA,0,2,2,2,2,2,NA,NA
"feature_counts[1,5,5]",3,NA,0,3,3,3,3,3,NA,NA
"feature_counts[1,5,6]",3,NA,0,3,3,3,3,3,NA,NA
"feature_counts[1,5,7]",0,NA,0,0,0,0,0,0,NA,NA
"feature_counts[1,5,8]",0,NA,0,0,0,0,0,0,NA,NA
"feature_counts[2,1,1]",3,NA,0,3,3,3,3,3,NA,NA
"feature_counts[2,1,2]",1,NA,0,1,1,1,1,1,NA,NA
"feature_counts[2,1,3]",0,NA,0,0,0,0,0,0,NA,NA
"feature_counts[2,1,4]",2,NA,0,2,2,2,2,2,NA,NA
"feature_counts[2,1,5]",2,NA,0,2,2,2,2,2,NA,NA
"feature_counts[2,1,6]",0,NA,0,0,0,0,0,0,NA,NA
"feature_counts[2,1,7]",1,NA,0,1,1,1,1,1,NA,NA
"feature_counts[2,1,8]",3,NA,0,3,3,3,3,3,NA,NA
"feature_counts[2,2,1]",2,NA,0,2,2,2,2,2,NA,NA
"feature_counts[2,2,2]",0,NA,0,0,0,0,0,0,NA,NA
"feature_counts[2,2,3]",3,NA,0,3,3,3,3,3,NA,NA
"feature_counts[2,2,4]",2,NA,0,2,2,2,2,2,NA,NA
"feature_counts[2,2,5]",0,NA,0,0,0,0,0,0,NA,NA
"feature_counts[2,2,6]",3,NA,0,3,3,3,3,3,NA,NA
"feature_counts[2,2,7]",1,NA,0,1,1,1,1,1,NA,NA
"feature_counts[2,2,8]",1,NA,0,1,1,1,1,1,NA,NA
"feature_counts[2,3,1]",3,NA,0,3,3,3,3,3,NA,NA
"feature_counts[2,3,2]",2,NA,0,2,2,2,2,2,NA,NA
"feature_counts[2,3,3]",2,NA,0,2,2,2,2,2,NA,NA
"feature_counts[2,3,4]",0,NA,0,0,0,0,0,0,NA,NA
"feature_counts[2,3,5]",1,NA,0,1,1,1,1,1,NA,NA
"feature_counts[2,3,6]",3,NA,0,3,3,3,3,3,NA,NA
"feature_counts[2,3,7]",0,NA,0,0,0,0,0,0,NA,NA
"feature_counts[2,3,8]",1,NA,0,1,1,1,1,1,NA,NA
"feature_counts[2,4,1]",0,NA,0,0,0,0,0,0,NA,NA
"feature_counts[2,4,2]",3,NA,0,3,3,3,3,3,NA,NA
"feature_counts[2,4,3]",1,NA,0,1,1,1,1,1,NA,NA
"feature_counts[2,4,4]",2,NA,0,2,2,2,2,2,NA,NA
"feature_counts[2,4,5]",2,NA,0,2,2,2,2,2,NA,NA
"feature_counts[2,4,6]",1,NA,0,1,1,1,1,1,NA,NA
"feature_counts[2,4,7]",3,NA,0,3,3,3,3,3,NA,NA
"feature_counts[2,4,8]",0,NA,0,0,0,0,0,0,NA,NA
"feature_counts[2,5,1]",0,NA,0,0,0,0,0,0,NA,NA
"feature_counts[2,5,2]",2,NA,0,2,2,2,2,2,NA,NA
"feature_counts[2,5,3]",1,NA,0,1,1,1,1,1,NA,NA
"feature_counts[2,5,4]",0,NA,0,0,0,0,0,0,NA,NA
"feature_counts[2,5,5]",3,NA,0,3,3,3,3,3,NA,NA
"feature_counts[2,5,6]",1,NA,0,1,1,1,1,1,NA,NA
"feature_counts[2,5,7]",2,NA,0,2,2,2,2,2,NA,NA
"feature_counts[2,5,8]",3,NA,0,3,3,3,3,3,NA,NA
"feature_counts[3,1,1]",0,NA,0,0,0,0,0,0,NA,NA
"feature_counts[3,1,2]",3,NA,0,3,3,3,3,3,NA,NA
"feature_counts[3,1,3]",2,NA,0,2,2,2,2,2,NA,NA
"feature_counts[3,1,4]",2,NA,0,2,2,2,2,2,NA,NA
"feature_counts[3,1,5]",3,NA,0,3,3,3,3,3,NA,NA
"feature_counts[3,1,6]",0,NA,0,0,0,0,0,0,NA,NA
"feature_counts[3,1,7]",1,NA,0,1,1,1,1,1,NA,NA
"feature_counts[3,1,8]",1,NA,0,1,1,1,1,1,NA,NA
"feature_counts[3,2,1]",1,NA,0,1,1,1,1,1,NA,NA
"feature_counts[3,2,2]",1,NA,0,1,1,1,1,1,NA,NA
"feature_counts[3,2,3]",2,NA,0,2,2,2,2,2,NA,NA
"feature_counts[3,2,4]",2,NA,0,2,2,2,2,2,NA,NA
"feature_counts[3,2,5]",3,NA,0,3,3,3,3,3,NA,NA
"feature_counts[3,2,6]",3,NA,0,3,3,3,3,3,NA,NA
"feature_counts[3,2,7]",0,NA,0,0,0,0,0,0,NA,NA
"feature_counts[3,2,8]",0,NA,0,0,0,0,0,0,NA,NA
"feature_counts[3,3,1]",2,NA,0,2,2,2,2,2,NA,NA
"feature_counts[3,3,2]",0,NA,0,0,0,0,0,0,NA,NA
"feature_counts[3,3,3]",0,NA,0,0,0,0,0,0,NA,NA
"feature_counts[3,3,4]",2,NA,0,2,2,2,2,2,NA,NA
"feature_counts[3,3,5]",1,NA,0,1,1,1,1,1,NA,NA
"feature_counts[3,3,6]",1,NA,0,1,1,1,1,1,NA,NA
"feature_counts[3,3,7]",3,NA,0,3,3,3,3,3,NA,NA
"feature_counts[3,3,8]",3,NA,0,3,3,3,3,3,NA,NA
"feature_counts[3,4,1]",2,NA,0,2,2,2,2,2,NA,NA
"feature_counts[3,4,2]",3,NA,0,3,3,3,3,3,NA,NA
"feature_counts[3,4,3]",3,NA,0,3,3,3,3,3,NA,NA
"feature_counts[3,4,4]",0,NA,0,0,0,0,0,0,NA,NA
"feature_counts[3,4,5]",0,NA,0,0,0,0,0,0,NA,NA
"feature_counts[3,4,6]",2,NA,0,2,2,2,2,2,NA,NA
"feature_counts[3,4,7]",1,NA,0,1,1,1,1,1,NA,NA
"feature_counts[3,4,8]",1,NA,0,1,1,1,1,1,NA,NA
"feature_counts[3,5,1]",3,NA,0,3,3,3,3,3,NA,NA
"feature_counts[3,5,2]",1,NA,0,1,1,1,1,1,NA,NA
"feature_counts[3,5,3]",1,NA,0,1,1,1,1,1,NA,NA
"feature_counts[3,5,4]",2,NA,0,2,2,2,2,2,NA,NA
"feature_counts[3,5,5]",0,NA,0,0,0,0,0,0,NA,NA
"feature_counts[3,5,6]",0,NA,0,0,0,0,0,0,NA,NA
"feature_counts[3,5,7]",2,NA,0,2,2,2,2,2,NA,NA
"feature_counts[3,5,8]",3,NA,0,3,3,3,3,3,NA,NA
"feature_counts[4,1,1]",2,NA,0,2,2,2,2,2,NA,NA
"feature_counts[4,1,2]",2,NA,0,2,2,2,2,2,NA,NA
"feature_counts[4,1,3]",3,NA,0,3,3,3,3,3,NA,NA
"feature_counts[4,1,4]",3,NA,0,3,3,3,3,3,NA,NA
"feature_counts[4,1,5]",1,NA,0,1,1,1,1,1,NA,NA
"feature_counts[4,1,6]",1,NA,0,1,1,1,1,1,NA,NA
"feature_counts[4,1,7]",0,NA,0,0,0,0,0,0,NA,NA
"feature_counts[4,1,8]",0,NA,0,0,0,0,0,0,NA,NA
"feature_counts[4,2,1]",0,NA,0,0,0,0,0,0,NA,NA
"feature_counts[4,2,2]",3,NA,0,3,3,3,3,3,NA,NA
"feature_counts[4,2,3]",2,NA,0,2,2,2,2,2,NA,NA
"feature_counts[4,2,4]",1,NA,0,1,1,1,1,1,NA,NA
"feature_counts[4,2,5]",3,NA,0,3,3,3,3,3,NA,NA
"feature_counts[4,2,6]",0,NA,0,0,0,0,0,0,NA,NA
"feature_counts[4,2,7]",1,NA,0,1,1,1,1,1,NA,NA
"feature_counts[4,2,8]",2,NA,0,2,2,2,2,2,NA,NA
"feature_counts[4,3,1]",1,NA,0,1,1,1,1,1,NA,NA
"feature_counts[4,3,2]",0,NA,0,0,0,0,0,0,NA,NA
"feature_counts[4,3,3]",0,NA,0,0,0,0,0,0,NA,NA
"feature_counts[4,3,4]",1,NA,0,1,1,1,1,1,NA,NA
"feature_counts[4,3,5]",2,NA,0,2,2,2,2,2,NA,NA
"feature_counts[4,3,6]",2,NA,0,2,2,2,2,2,NA,NA
"feature_counts[4,3,7]",3,NA,0,3,3,3,3,3,NA,NA
"feature_counts[4,3,8]",3,NA,0,3,3,3,3,3,NA,NA
"feature_counts[4,4,1]",3,NA,0,3,3,3,3,3,NA,NA
"feature_counts[4,4,2]",3,NA,0,3,3,3,3,3,NA,NA
"feature_counts[4,4,3]",0,NA,0,0,0,0,0,0,NA,NA
"feature_counts[4,4,4]",0,NA,0,0,0,0,0,0,NA,NA
"feature_counts[4,4,5]",2,NA,0,2,2,2,2,2,NA,NA
"feature_counts[4,4,6]",2,NA,0,2,2,2,2,2,NA,NA
"feature_counts[4,4,7]",1,NA,0,1,1,1,1,1,NA,NA
"feature_counts[4,4,8]",1,NA,0,1,1,1,1,1,NA,NA
"feature_counts[4,5,1]",1,NA,0,1,1,1,1,1,NA,NA
"feature_counts[4,5,2]",0,NA,0,0,0,0,0,0,NA,NA
"feature_counts[4,5,3]",2,NA,0,2,2,2,2,2,NA,NA
"feature_counts[4,5,4]",3,NA,0,3,3,3,3,3,NA,NA
"feature_counts[4,5,5]",0,NA,0,0,0,0,0,0,NA,NA
"feature_counts[4,5,6]",1,NA,0,1,1,1,1,1,NA,NA
"feature_counts[4,5,7]",3,NA,0,3,3,3,3,3,NA,NA
"feature_counts[4,5,8]",2,NA,0,2,2,2,2,2,NA,NA
"feature_counts[5,1,1]",1,NA,0,1,1,1,1,1,NA,NA
"feature_counts[5,1,2]",3,NA,0,3,3,3,3,3,NA,NA
"feature_counts[5,1,3]",3,NA,0,3,3,3,3,3,NA,NA
"feature_counts[5,1,4]",2,NA,0,2,2,2,2,2,NA,NA
"feature_counts[5,1,5]",0,NA,0,0,0,0,0,0,NA,NA
"feature_counts[5,1,6]",0,NA,0,0,0,0,0,0,NA,NA
"feature_counts[5,1,7]",2,NA,0,2,2,2,2,2,NA,NA
"feature_counts[5,1,8]",1,NA,0,1,1,1,1,1,NA,NA
"feature_counts[5,2,1]",1,NA,0,1,1,1,1,1,NA,NA
"feature_counts[5,2,2]",0,NA,0,0,0,0,0,0,NA,NA
"feature_counts[5,2,3]",3,NA,0,3,3,3,3,3,NA,NA
"feature_counts[5,2,4]",1,NA,0,1,1,1,1,1,NA,NA
"feature_counts[5,2,5]",0,NA,0,0,0,0,0,0,NA,NA
"feature_counts[5,2,6]",3,NA,0,3,3,3,3,3,NA,NA
"feature_counts[5,2,7]",2,NA,0,2,2,2,2,2,NA,NA
"feature_counts[5,2,8]",2,NA,0,2,2,2,2,2,NA,NA
"feature_counts[5,3,1]",3,NA,0,3,3,3,3,3,NA,NA
"feature_counts[5,3,2]",1,NA,0,1,1,1,1,1,NA,NA
"feature_counts[5,3,3]",0,NA,0,0,0,0,0,0,NA,NA
"feature_counts[5,3,4]",2,NA,0,2,2,2,2,2,NA,NA
"feature_counts[5,3,5]",2,NA,0,2,2,2,2,2,NA,NA
"feature_counts[5,3,6]",0,NA,0,0,0,0,0,0,NA,NA
"feature_counts[5,3,7]",1,NA,0,1,1,1,1,1,NA,NA
"feature_counts[5,3,8]",3,NA,0,3,3,3,3,3,NA,NA
"feature_counts[5,4,1]",2,NA,0,2,2,2,2,2,NA,NA
"feature_counts[5,4,2]",1,NA,0,1,1,1,1,1,NA,NA
"feature_counts[5,4,3]",1,NA,0,1,1,1,1,1,NA,NA
"feature_counts[5,4,4]",0,NA,0,0,0,0,0,0,NA,NA
"feature_counts[5,4,5]",3,NA,0,3,3,3,3,3,NA,NA
"feature_counts[5,4,6]",3,NA,0,3,3,3,3,3,NA,NA
"feature_counts[5,4,7]",0,NA,0,0,0,0,0,0,NA,NA
"feature_counts[5,4,8]",2,NA,0,2,2,2,2,2,NA,NA
"feature_counts[5,5,1]",0,NA,0,0,0,0,0,0,NA,NA
"feature_counts[5,5,2]",3,NA,0,3,3,3,3,3,NA,NA
"feature_counts[5,5,3]",1,NA,0,1,1,1,1,1,NA,NA
"feature_counts[5,5,4]",2,NA,0,2,2,2,2,2,NA,NA
"feature_counts[5,5,5]",3,NA,0,3,3,3,3,3,NA,NA
"feature_counts[5,5,6]",1,NA,0,1,1,1,1,1,NA,NA
"feature_counts[5,5,7]",2,NA,0,2,2,2,2,2,NA,NA
"feature_counts[5,5,8]",0,NA,0,0,0,0,0,0,NA,NA
"feature_counts[6,1,1]",3,NA,0,3,3,3,3,3,NA,NA
"feature_counts[6,1,2]",2,NA,0,2,2,2,2,2,NA,NA
"feature_counts[6,1,3]",2,NA,0,2,2,2,2,2,NA,NA
"feature_counts[6,1,4]",1,NA,0,1,1,1,1,1,NA,NA
"feature_counts[6,1,5]",0,NA,0,0,0,0,0,0,NA,NA
"feature_counts[6,1,6]",0,NA,0,0,0,0,0,0,NA,NA
"feature_counts[6,1,7]",1,NA,0,1,1,1,1,1,NA,NA
"feature_counts[6,1,8]",3,NA,0,3,3,3,3,3,NA,NA
"feature_counts[6,2,1]",2,NA,0,2,2,2,2,2,NA,NA
"feature_counts[6,2,2]",2,NA,0,2,2,2,2,2,NA,NA
"feature_counts[6,2,3]",1,NA,0,1,1,1,1,1,NA,NA
"feature_counts[6,2,4]",1,NA,0,1,1,1,1,1,NA,NA
"feature_counts[6,2,5]",3,NA,0,3,3,3,3,3,NA,NA
"feature_counts[6,2,6]",3,NA,0,3,3,3,3,3,NA,NA
"feature_counts[6,2,7]",0,NA,0,0,0,0,0,0,NA,NA
"feature_counts[6,2,8]",0,NA,0,0,0,0,0,0,NA,NA
"feature_counts[6,3,1]",0,NA,0,0,0,0,0,0,NA,NA
"feature_counts[6,3,2]",3,NA,0,3,3,3,3,3,NA,NA
"feature_counts[6,3,3]",2,NA,0,2,2,2,2,2,NA,NA
"feature_counts[6,3,4]",2,NA,0,2,2,2,2,2,NA,NA
"feature_counts[6,3,5]",1,NA,0,1,1,1,1,1,NA,NA
"feature_counts[6,3,6]",1,NA,0,1,1,1,1,1,NA,NA
"feature_counts[6,3,7]",3,NA,0,3,3,3,3,3,NA,NA
"feature_counts[6,3,8]",0,NA,0,0,0,0,0,0,NA,NA
"feature_counts[6,4,1]",1,NA,0,1,1,1,1,1,NA,NA
"feature_counts[6,4,2]",1,NA,0,1,1,1,1,1,NA,NA
"feature_counts[6,4,3]",0,NA,0,0,0,0,0,0,NA,NA
"feature_counts[6,4,4]",0,NA,0,0,0,0,0,0,NA,NA
"feature_counts[6,4,5]",2,NA,0,2,2,2,2,2,NA,NA
"feature_counts[6,4,6]",2,NA,0,2,2,2,2,2,NA,NA
"feature_counts[6,4,7]",3,NA,0,3,3,3,3,3,NA,NA
"feature_counts[6,4,8]",3,NA,0,3,3,3,3,3,NA,NA
"feature_counts[6,5,1]",2,NA,0,2,2,2,2,2,NA,NA
"feature_counts[6,5,2]",0,NA,0,0,0,0,0,0,NA,NA
"feature_counts[6,5,3]",3,NA,0,3,3,3,3,3,NA,NA
"feature_counts[6,5,4]",3,NA,0,3,3,3,3,3,NA,NA
"feature_counts[6,5,5]",1,NA,0,1,1,1,1,1,NA,NA
"feature_counts[6,5,6]",2,NA,0,2,2,2,2,2,NA,NA
"feature_counts[6,5,7]",0,NA,0,0,0,0,0,0,NA,NA
"feature_counts[6,5,8]",1,NA,0,1,1,1,1,1,NA,NA
"feature_counts[7,1,1]",0,NA,0,0,0,0,0,0,NA,NA
"feature_counts[7,1,2]",2,NA,0,2,2,2,2,2,NA,NA
"feature_counts[7,1,3]",3,NA,0,3,3,3,3,3,NA,NA
"feature_counts[7,1,4]",1,NA,0,1,1,1,1,1,NA,NA
"feature_counts[7,1,5]",1,NA,0,1,1,1,1,1,NA,NA
"feature_counts[7,1,6]",0,NA,0,0,0,0,0,0,NA,NA
"feature_counts[7,1,7]",2,NA,0,2,2,2,2,2,NA,NA
"feature_counts[7,1,8]",3,NA,0,3,3,3,3,3,NA,NA
"feature_counts[7,2,1]",0,NA,0,0,0,0,0,0,NA,NA
"feature_counts[7,2,2]",0,NA,0,0,0,0,0,0,NA,NA
"feature_counts[7,2,3]",1,NA,0,1,1,1,1,1,NA,NA
"feature_counts[7,2,4]",3,NA,0,3,3,3,3,3,NA,NA
"feature_counts[7,2,5]",2,NA,0,2,2,2,2,2,NA,NA
"feature_counts[7,2,6]",2,NA,0,2,2,2,2,2,NA,NA
"feature_counts[7,2,7]",3,NA,0,3,3,3,3,3,NA,NA
"feature_counts[7,2,8]",1,NA,0,1,1,1,1,1,NA,NA
"feature_counts[7,3,1]",1,NA,0,1,1,1,1,1,NA,NA
"feature_counts[7,3,2]",2,NA,0,2,2,2,2,2,NA,NA
"feature_counts[7,3,3]",3,NA,0,3,3,3,3,3,NA,NA
"feature_counts[7,3,4]",0,NA,0,0,0,0,0,0,NA,NA
"feature_counts[7,3,5]",2,NA,0,2,2,2,2,2,NA,NA
"feature_counts[7,3,6]",1,NA,0,1,1,1,1,1,NA,NA
"feature_counts[7,3,7]",0,NA,0,0,0,0,0,0,NA,NA
"feature_counts[7,3,8]",3,NA,0,3,3,3,3,3,NA,NA
"feature_counts[7,4,1]",3,NA,0,3,3,3,3,3,NA,NA
"feature_counts[7,4,2]",2,NA,0,2,2,2,2,2,NA,NA
"feature_counts[7,4,3]",1,NA,0,1,1,1,1,1,NA,NA
"feature_counts[7,4,4]",0,NA,0,0,0,0,0,0,NA,NA
"feature_counts[7,4,5]",0,NA,0,0,0,0,0,0,NA,NA
"feature_counts[7,4,6]",3,NA,0,3,3,3,3,3,NA,NA
"feature_counts[7,4,7]",2,NA,0,2,2,2,2,2,NA,NA
"feature_counts[7,4,8]",1,NA,0,1,1,1,1,1,NA,NA
"feature_counts[7,5,1]",3,NA,0,3,3,3,3,3,NA,NA
"feature_counts[7,5,2]",1,NA,0,1,1,1,1,1,NA,NA
"feature_counts[7,5,3]",0,NA,0,0,0,0,0,0,NA,NA
"feature_counts[7,5,4]",3,NA,0,3,3,3,3,3,NA,NA
"feature_counts[7,5,5]",2,NA,0,2,2,2,2,2,NA,NA
"feature_counts[7,5,6]",2,NA,0,2,2,2,2,2,NA,NA
"feature_counts[7,5,7]",1,NA,0,1,1,1,1,1,NA,NA
"feature_counts[7,5,8]",0,NA,0,0,0,0,0,0,NA,NA
"feature_counts[8,1,1]",1,NA,0,1,1,1,1,1,NA,NA
"feature_counts[8,1,2]",2,NA,0,2,2,2,2,2,NA,NA
"feature_counts[8,1,3]",3,NA,0,3,3,3,3,3,NA,NA
"feature_counts[8,1,4]",1,NA,0,1,1,1,1,1,NA,NA
"feature_counts[8,1,5]",0,NA,0,0,0,0,0,0,NA,NA
"feature_counts[8,1,6]",3,NA,0,3,3,3,3,3,NA,NA
"feature_counts[8,1,7]",2,NA,0,2,2,2,2,2,NA,NA
"feature_counts[8,1,8]",0,NA,0,0,0,0,0,0,NA,NA
"feature_counts[8,2,1]",0,NA,0,0,0,0,0,0,NA,NA
"feature_counts[8,2,2]",3,NA,0,3,3,3,3,3,NA,NA
"feature_counts[8,2,3]",3,NA,0,3,3,3,3,3,NA,NA
"feature_counts[8,2,4]",2,NA,0,2,2,2,2,2,NA,NA
"feature_counts[8,2,5]",1,NA,0,1,1,1,1,1,NA,NA
"feature_counts[8,2,6]",1,NA,0,1,1,1,1,1,NA,NA
"feature_counts[8,2,7]",2,NA,0,2,2,2,2,2,NA,NA
"feature_counts[8,2,8]",0,NA,0,0,0,0,0,0,NA,NA
"feature_counts[8,3,1]",3,NA,0,3,3,3,3,3,NA,NA
"feature_counts[8,3,2]",1,NA,0,1,1,1,1,1,NA,NA
"feature_counts[8,3,3]",1,NA,0,1,1,1,1,1,NA,NA
"feature_counts[8,3,4]",0,NA,0,0,0,0,0,0,NA,NA
"feature_counts[8,3,5]",0,NA,0,0,0,0,0,0,NA,NA
"feature_counts[8,3,6]",2,NA,0,2,2,2,2,2,NA,NA
"feature_counts[8,3,7]",2,NA,0,2,2,2,2,2,NA,NA
"feature_counts[8,3,8]",3,NA,0,3,3,3,3,3,NA,NA
"feature_counts[8,4,1]",1,NA,0,1,1,1,1,1,NA,NA
"feature_counts[8,4,2]",0,NA,0,0,0,0,0,0,NA,NA
"feature_counts[8,4,3]",0,NA,0,0,0,0,0,0,NA,NA
"feature_counts[8,4,4]",3,NA,0,3,3,3,3,3,NA,NA
"feature_counts[8,4,5]",3,NA,0,3,3,3,3,3,NA,NA
"feature_counts[8,4,6]",1,NA,0,1,1,1,1,1,NA,NA
"feature_counts[8,4,7]",2,NA,0,2,2,2,2,2,NA,NA
"feature_counts[8,4,8]",2,NA,0,2,2,2,2,2,NA,NA
"feature_counts[8,5,1]",2,NA,0,2,2,2,2,2,NA,NA
"feature_counts[8,5,2]",2,NA,0,2,2,2,2,2,NA,NA
"feature_counts[8,5,3]",1,NA,0,1,1,1,1,1,NA,NA
"feature_counts[8,5,4]",1,NA,0,1,1,1,1,1,NA,NA
"feature_counts[8,5,5]",3,NA,0,3,3,3,3,3,NA,NA
"feature_counts[8,5,6]",0,NA,0,0,0,0,0,0,NA,NA
"feature_counts[8,5,7]",0,NA,0,0,0,0,0,0,NA,NA
"feature_counts[8,5,8]",3,NA,0,3,3,3,3,3,NA,NA
"feature_counts[9,1,1]",1,NA,0,1,1,1,1,1,NA,NA
"feature_counts[9,1,2]",3,NA,0,3,3,3,3,3,NA,NA
"feature_counts[9,1,3]",2,NA,0,2,2,2,2,2,NA,NA
"feature_counts[9,1,4]",0,NA,0,0,0,0,0,0,NA,NA
"feature_counts[9,1,5]",3,NA,0,3,3,3,3,3,NA,NA
"feature_counts[9,1,6]",1,NA,0,1,1,1,1,1,NA,NA
"feature_counts[9,1,7]",0,NA,0,0,0,0,0,0,NA,NA
"feature_counts[9,1,8]",2,NA,0,2,2,2,2,2,NA,NA
"feature_counts[9,2,1]",0,NA,0,0,0,0,0,0,NA,NA
"feature_counts[9,2,2]",2,NA,0,2,2,2,2,2,NA,NA
"feature_counts[9,2,3]",3,NA,0,3,3,3,3,3,NA,NA
"feature_counts[9,2,4]",1,NA,0,1,1,1,1,1,NA,NA
"feature_counts[9,2,5]",1,NA,0,1,1,1,1,1,NA,NA
"feature_counts[9,2,6]",0,NA,0,0,0,0,0,0,NA,NA
"feature_counts[9,2,7]",2,NA,0,2,2,2,2,2,NA,NA
"feature_counts[9,2,8]",3,NA,0,3,3,3,3,3,NA,NA
"feature_counts[9,3,1]",1,NA,0,1,1,1,1,1,NA,NA
"feature_counts[9,3,2]",3,NA,0,3,3,3,3,3,NA,NA
"feature_counts[9,3,3]",0,NA,0,0,0,0,0,0,NA,NA
"feature_counts[9,3,4]",1,NA,0,1,1,1,1,1,NA,NA
"feature_counts[9,3,5]",2,NA,0,2,2,2,2,2,NA,NA
"feature_counts[9,3,6]",2,NA,0,2,2,2,2,2,NA,NA
"feature_counts[9,3,7]",3,NA,0,3,3,3,3,3,NA,NA
"feature_counts[9,3,8]",0,NA,0,0,0,0,0,0,NA,NA
"feature_counts[9,4,1]",3,NA,0,3,3,3,3,3,NA,NA
"feature_counts[9,4,2]",0,NA,0,0,0,0,0,0,NA,NA
"feature_counts[9,4,3]",2,NA,0,2,2,2,2,2,NA,NA
"feature_counts[9,4,4]",3,NA,0,3,3,3,3,3,NA,NA
"feature_counts[9,4,5]",1,NA,0,1,1,1,1,1,NA,NA
"feature_counts[9,4,6]",2,NA,0,2,2,2,2,2,NA,NA
"feature_counts[9,4,7]",0,NA,0,0,0,0,0,0,NA,NA
"feature_counts[9,4,8]",1,NA,0,1,1,1,1,1,NA,NA
"feature_counts[9,5,1]",3,NA,0,3,3,3,3,3,NA,NA
"feature_counts[9,5,2]",0,NA,0,0,0,0,0,0,NA,NA
"feature_counts[9,5,3]",1,NA,0,1,1,1,1,1,NA,NA
"feature_counts[9,5,4]",2,NA,0,2,2,2,2,2,NA,NA
"feature_counts[9,5,5]",0,NA,0,0,0,0,0,0,NA,NA
"feature_counts[9,5,6]",3,NA,0,3,3,3,3,3,NA,NA
"feature_counts[9,5,7]",2,NA,0,2,2,2,2,2,NA,NA
"feature_counts[9,5,8]",1,NA,0,1,1,1,1,1,NA,NA
"feature_counts[10,1,1]",0,NA,0,0,0,0,0,0,NA,NA
"feature_counts[10,1,2]",3,NA,0,3,3,3,3,3,NA,NA
"feature_counts[10,1,3]",3,NA,0,3,3,3,3,3,NA,NA
"feature_counts[10,1,4]",0,NA,0,0,0,0,0,0,NA,NA
"feature_counts[10,1,5]",2,NA,0,2,2,2,2,2,NA,NA
"feature_counts[10,1,6]",1,NA,0,1,1,1,1,1,NA,NA
"feature_counts[10,1,7]",1,NA,0,1,1,1,1,1,NA,NA
"feature_counts[10,1,8]",2,NA,0,2,2,2,2,2,NA,NA
"feature_counts[10,2,1]",3,NA,0,3,3,3,3,3,NA,NA
"feature_counts[10,2,2]",3,NA,0,3,3,3,3,3,NA,NA
"feature_counts[10,2,3]",1,NA,0,1,1,1,1,1,NA,NA
"feature_counts[10,2,4]",0,NA,0,0,0,0,0,0,NA,NA
"feature_counts[10,2,5]",2,NA,0,2,2,2,2,2,NA,NA
"feature_counts[10,2,6]",2,NA,0,2,2,2,2,2,NA,NA
"feature_counts[10,2,7]",0,NA,0,0,0,0,0,0,NA,NA
"feature_counts[10,2,8]",1,NA,0,1,1,1,1,1,NA,NA
"feature_counts[10,3,1]",1,NA,0,1,1,1,1,1,NA,NA
"feature_counts[10,3,2]",1,NA,0,1,1,1,1,1,NA,NA
"feature_counts[10,3,3]",2,NA,0,2,2,2,2,2,NA,NA
"feature_counts[10,3,4]",3,NA,0,3,3,3,3,3,NA,NA
"feature_counts[10,3,5]",0,NA,0,0,0,0,0,0,NA,NA
"feature_counts[10,3,6]",2,NA,0,2,2,2,2,2,NA,NA
"feature_counts[10,3,7]",3,NA,0,3,3,3,3,3,NA,NA
"feature_counts[10,3,8]",0,NA,0,0,0,0,0,0,NA,NA
"feature_counts[10,4,1]",3,NA,0,3,3,3,3,3,NA,NA
"feature_counts[10,4,2]",1,NA,0,1,1,1,1,1,NA,NA
"feature_counts[10,4,3]",0,NA,0,0,0,0,0,0,NA,NA
"feature_counts[10,4,4]",3,NA,0,3,3,3,3,3,NA,NA
"feature_counts[10,4,5]",1,NA,0,1,1,1,1,1,NA,NA
"feature_counts[10,4,6]",0,NA,0,0,0,0,0,0,NA,NA
"feature_counts[10,4,7]",2,NA,0,2,2,2,2,2,NA,NA
"feature_counts[10,4,8]",2,NA,0,2,2,2,2,2,NA,NA
"feature_counts[10,5,1]",0,NA,0,0,0,0,0,0,NA,NA
"feature_counts[10,5,2]",0,NA,0,0,0,0,0,0,NA,NA
"feature_counts[10,5,3]",1,NA,0,1,1,1,1,1,NA,NA
"feature_counts[10,5,4]",1,NA,0,1,1,1,1,1,NA,NA
"feature_counts[10,5,5]",3,NA,0,3,3,3,3,3,NA,NA
"feature_counts[10,5,6]",2,NA,0,2,2,2,2,2,NA,NA
"feature_counts[10,5,7]",2,NA,0,2,2,2,2,2,NA,NA
"feature_counts[10,5,8]",3,NA,0,3,3,3,3,3,NA,NA
"feature_counts[11,1,1]",3,NA,0,3,3,3,3,3,NA,NA
"feature_counts[11,1,2]",3,NA,0,3,3,3,3,3,NA,NA
"feature_counts[11,1,3]",0,NA,0,0,0,0,0,0,NA,NA
"feature_counts[11,1,4]",0,NA,0,0,0,0,0,0,NA,NA
"feature_counts[11,1,5]",1,NA,0,1,1,1,1,1,NA,NA
"feature_counts[11,1,6]",1,NA,0,1,1,1,1,1,NA,NA
"feature_counts[11,1,7]",2,NA,0,2,2,2,2,2,NA,NA
"feature_counts[11,1,8]",2,NA,0,2,2,2,2,2,NA,NA
"feature_counts[11,2,1]",0,NA,0,0,0,0,0,0,NA,NA
"feature_counts[11,2,2]",3,NA,0,3,3,3,3,3,NA,NA
"feature_counts[11,2,3]",1,NA,0,1,1,1,1,1,NA,NA
"feature_counts[11,2,4]",0,NA,0,0,0,0,0,0,NA,NA
"feature_counts[11,2,5]",3,NA,0,3,3,3,3,3,NA,NA
"feature_counts[11,2,6]",2,NA,0,2,2,2,2,2,NA,NA
"feature_counts[11,2,7]",2,NA,0,2,2,2,2,2,NA,NA
"feature_counts[11,2,8]",1,NA,0,1,1,1,1,1,NA,NA
"feature_counts[11,3,1]",0,NA,0,0,0,0,0,0,NA,NA
"feature_counts[11,3,2]",0,NA,0,0,0,0,0,0,NA,NA
"feature_counts[11,3,3]",1,NA,0,1,1,1,1,1,NA,NA
"feature_counts[11,3,4]",2,NA,0,2,2,2,2,2,NA,NA
"feature_counts[11,3,5]",2,NA,0,2,2,2,2,2,NA,NA
"feature_counts[11,3,6]",1,NA,0,1,1,1,1,1,NA,NA
"feature_counts[11,3,7]",3,NA,0,3,3,3,3,3,NA,NA
"feature_counts[11,3,8]",3,NA,0,3,3,3,3,3,NA,NA
"feature_counts[11,4,1]",1,NA,0,1,1,1,1,1,NA,NA
"feature_counts[11,4,2]",1,NA,0,1,1,1,1,1,NA,NA
"feature_counts[11,4,3]",3,NA,0,3,3,3,3,3,NA,NA
"feature_counts[11,4,4]",2,NA,0,2,2,2,2,2,NA,NA
"feature_counts[11,4,5]",2,NA,0,2,2,2,2,2,NA,NA
"feature_counts[11,4,6]",3,NA,0,3,3,3,3,3,NA,NA
"feature_counts[11,4,7]",0,NA,0,0,0,0,0,0,NA,NA
"feature_counts[11,4,8]",0,NA,0,0,0,0,0,0,NA,NA
"feature_counts[11,5,1]",3,NA,0,3,3,3,3,3,NA,NA
"feature_counts[11,5,2]",1,NA,0,1,1,1,1,1,NA,NA
"feature_counts[11,5,3]",2,NA,0,2,2,2,2,2,NA,NA
"feature_counts[11,5,4]",3,NA,0,3,3,3,3,3,NA,NA
"feature_counts[11,5,5]",0,NA,0,0,0,0,0,0,NA,NA
"feature_counts[11,5,6]",0,NA,0,0,0,0,0,0,NA,NA
"feature_counts[11,5,7]",1,NA,0,1,1,1,1,1,NA,NA
"feature_counts[11,5,8]",2,NA,0,2,2,2,2,2,NA,NA
"feature_counts[12,1,1]",2,NA,0,2,2,2,2,2,NA,NA
"feature_counts[12,1,2]",2,NA,0,2,2,2,2,2,NA,NA
"feature_counts[12,1,3]",1,NA,0,1,1,1,1,1,NA,NA
"feature_counts[12,1,4]",3,NA,0,3,3,3,3,3,NA,NA
"feature_counts[12,1,5]",0,NA,0,0,0,0,0,0,NA,NA
"feature_counts[12,1,6]",1,NA,0,1,1,1,1,1,NA,NA
"feature_counts[12,1,7]",3,NA,0,3,3,3,3,3,NA,NA
"feature_counts[12,1,8]",0,NA,0,0,0,0,0,0,NA,NA
"feature_counts[12,2,1]",1,NA,0,1,1,1,1,1,NA,NA
"feature_counts[12,2,2]",0,NA,0,0,0,0,0,0,NA,NA
"feature_counts[12,2,3]",0,NA,0,0,0,0,0,0,NA,NA
"feature_counts[12,2,4]",3,NA,0,3,3,3,3,3,NA,NA
"feature_counts[12,2,5]",2,NA,0,2,2,2,2,2,NA,NA
"feature_counts[12,2,6]",1,NA,0,1,1,1,1,1,NA,NA
"feature_counts[12,2,7]",3,NA,0,3,3,3,3,3,NA,NA
"feature_counts[12,2,8]",2,NA,0,2,2,2,2,2,NA,NA
"feature_counts[12,3,1]",0,NA,0,0,0,0,0,0,NA,NA
"feature_counts[12,3,2]",3,NA,0,3,3,3,3,3,NA,NA
"feature_counts[12,3,3]",3,NA,0,3,3,3,3,3,NA,NA
"feature_counts[12,3,4]",2,NA,0,2,2,2,2,2,NA,NA
"feature_counts[12,3,5]",2,NA,0,2,2,2,2,2,NA,NA
"feature_counts[12,3,6]",0,NA,0,0,0,0,0,0,NA,NA
"feature_counts[12,3,7]",1,NA,0,1,1,1,1,1,NA,NA
"feature_counts[12,3,8]",1,NA,0,1,1,1,1,1,NA,NA
"feature_counts[12,4,1]",2,NA,0,2,2,2,2,2,NA,NA
"feature_counts[12,4,2]",1,NA,0,1,1,1,1,1,NA,NA
"feature_counts[12,4,3]",3,NA,0,3,3,3,3,3,NA,NA
"feature_counts[12,4,4]",0,NA,0,0,0,0,0,0,NA,NA
"feature_counts[12,4,5]",0,NA,0,0,0,0,0,0,NA,NA
"feature_counts[12,4,6]",2,NA,0,2,2,2,2,2,NA,NA
"feature_counts[12,4,7]",1,NA,0,1,1,1,1,1,NA,NA
"feature_counts[12,4,8]",3,NA,0,3,3,3,3,3,NA,NA
"feature_counts[12,5,1]",3,NA,0,3,3,3,3,3,NA,NA
"feature_counts[12,5,2]",1,NA,0,1,1,1,1,1,NA,NA
"feature_counts[12,5,3]",1,NA,0,1,1,1,1,1,NA,NA
"feature_counts[12,5,4]",0,NA,0,0,0,0,0,0,NA,NA
"feature_counts[12,5,5]",2,NA,0,2,2,2,2,2,NA,NA
"feature_counts[12,5,6]",3,NA,0,3,3,3,3,3,NA,NA
"feature_counts[12,5,7]",0,NA,0,0,0,0,0,0,NA,NA
"feature_counts[12,5,8]",2,NA,0,2,2,2,2,2,NA,NA
"feature_counts[13,1,1]",2,NA,0,2,2,2,2,2,NA,NA
"feature_counts[13,1,2]",3,NA,0,3,3,3,3,3,NA,NA
"feature_counts[13,1,3]",1,NA,0,1,1,1,1,1,NA,NA
"feature_counts[13,1,4]",1,NA,0,1,1,1,1,1,NA,NA
"feature_counts[13,1,5]",0,NA,0,0,0,0,0,0,NA,NA
"feature_counts[13,1,6]",2,NA,0,2,2,2,2,2,NA,NA
"feature_counts[13,1,7]",3,NA,0,3,3,3,3,3,NA,NA
"feature_counts[13,1,8]",0,NA,0,0,0,0,0,0,NA,NA
"feature_counts[13,2,1]",0,NA,0,0,0,0,0,0,NA,NA
"feature_counts[13,2,2]",1,NA,0,1,1,1,1,1,NA,NA
"feature_counts[13,2,3]",2,NA,0,2,2,2,2,2,NA,NA
"feature_counts[13,2,4]",0,NA,0,0,0,0,0,0,NA,NA
"feature_counts[13,2,5]",3,NA,0,3,3,3,3,3,NA,NA
"feature_counts[13,2,6]",3,NA,0,3,3,3,3,3,NA,NA
"feature_counts[13,2,7]",1,NA,0,1,1,1,1,1,NA,NA
"feature_counts[13,2,8]",2,NA,0,2,2,2,2,2,NA,NA
"feature_counts[13,3,1]",2,NA,0,2,2,2,2,2,NA,NA
"feature_counts[13,3,2]",1,NA,0,1,1,1,1,1,NA,NA
"feature_counts[13,3,3]",0,NA,0,0,0,0,0,0,NA,NA
"feature_counts[13,3,4]",2,NA,0,2,2,2,2,2,NA,NA
"feature_counts[13,3,5]",3,NA,0,3,3,3,3,3,NA,NA
"feature_counts[13,3,6]",0,NA,0,0,0,0,0,0,NA,NA
"feature_counts[13,3,7]",1,NA,0,1,1,1,1,1,NA,NA
"feature_counts[13,3,8]",3,NA,0,3,3,3,3,3,NA,NA
"feature_counts[13,4,1]",1,NA,0,1,1,1,1,1,NA,NA
"feature_counts[13,4,2]",3,NA,0,3,3,3,3,3,NA,NA
"feature_counts[13,4,3]",2,NA,0,2,2,2,2,2,NA,NA
"feature_counts[13,4,4]",2,NA,0,2,2,2,2,2,NA,NA
"feature_counts[13,4,5]",0,NA,0,0,0,0,0,0,NA,NA
"feature_counts[13,4,6]",0,NA,0,0,0,0,0,0,NA,NA
"feature_counts[13,4,7]",3,NA,0,3,3,3,3,3,NA,NA
"feature_counts[13,4,8]",1,NA,0,1,1,1,1,1,NA,NA
"feature_counts[13,5,1]",1,NA,0,1,1,1,1,1,NA,NA
"feature_counts[13,5,2]",0,NA,0,0,0,0,0,0,NA,NA
"feature_counts[13,5,3]",3,NA,0,3,3,3,3,3,NA,NA
"feature_counts[13,5,4]",2,NA,0,2,2,2,2,2,NA,NA
"feature_counts[13,5,5]",2,NA,0,2,2,2,2,2,NA,NA
"feature_counts[13,5,6]",3,NA,0,3,3,3,3,3,NA,NA
"feature_counts[13,5,7]",0,NA,0,0,0,0,0,0,NA,NA
"feature_counts[13,5,8]",1,NA,0,1,1,1,1,1,NA,NA
"feature_counts[14,1,1]",2,NA,0,2,2,2,2,2,NA,NA
"feature_counts[14,1,2]",2,NA,0,2,2,2,2,2,NA,NA
"feature_counts[14,1,3]",1,NA,0,1,1,1,1,1,NA,NA
"feature_counts[14,1,4]",1,NA,0,1,1,1,1,1,NA,NA
"feature_counts[14,1,5]",3,NA,0,3,3,3,3,3,NA,NA
"feature_counts[14,1,6]",0,NA,0,0,0,0,0,0,NA,NA
"feature_counts[14,1,7]",0,NA,0,0,0,0,0,0,NA,NA
"feature_counts[14,1,8]",3,NA,0,3,3,3,3,3,NA,NA
"feature_counts[14,2,1]",0,NA,0,0,0,0,0,0,NA,NA
"feature_counts[14,2,2]",2,NA,0,2,2,2,2,2,NA,NA
"feature_counts[14,2,3]",3,NA,0,3,3,3,3,3,NA,NA
"feature_counts[14,2,4]",1,NA,0,1,1,1,1,1,NA,NA
"feature_counts[14,2,5]",1,NA,0,1,1,1,1,1,NA,NA
"feature_counts[14,2,6]",3,NA,0,3,3,3,3,3,NA,NA
"feature_counts[14,2,7]",2,NA,0,2,2,2,2,2,NA,NA
"feature_counts[14,2,8]",0,NA,0,0,0,0,0,0,NA,NA
"feature_counts[14,3,1]",2,NA,0,2,2,2,2,2,NA,NA
"feature_counts[14,3,2]",0,NA,0,0,0,0,0,0,NA,NA
"feature_counts[14,3,3]",0,NA,0,0,0,0,0,0,NA,NA
"feature_counts[14,3,4]",3,NA,0,3,3,3,3,3,NA,NA
"feature_counts[14,3,5]",3,NA,0,3,3,3,3,3,NA,NA
"feature_counts[14,3,6]",2,NA,0,2,2,2,2,2,NA,NA
"feature_counts[14,3,7]",1,NA,0,1,1,1,1,1,NA,NA
"feature_counts[14,3,8]",1,NA,0,1,1,1,1,1,NA,NA
"feature_counts[14,4,1]",3,NA,0,3,3,3,3,3,NA,NA
"feature_counts[14,4,2]",1,NA,0,1,1,1,1,1,NA,NA
"feature_counts[14,4,3]",1,NA,0,1,1,1,1,1,NA,NA
"feature_counts[14,4,4]",0,NA,0,0,0,0,0,0,NA,NA
"feature_counts[14,4,5]",0,NA,0,0,0,0,0,0,NA,NA
"feature_counts[14,4,6]",2,NA,0,2,2,2,2,2,NA,NA
"feature_counts[14,4,7]",2,NA,0,2,2,2,2,2,NA,NA
"feature_counts[14,4,8]",3,NA,0,3,3,3,3,3,NA,NA
"feature_counts[14,5,1]",1,NA,0,1,1,1,1,1,NA,NA
"feature_counts[14,5,2]",2,NA,0,2,2,2,2,2,NA,NA
"feature_counts[14,5,3]",2,NA,0,2,2,2,2,2,NA,NA
"feature_counts[14,5,4]",3,NA,0,3,3,3,3,3,NA,NA
"feature_counts[14,5,5]",0,NA,0,0,0,0,0,0,NA,NA
"feature_counts[14,5,6]",0,NA,0,0,0,0,0,0,NA,NA
"feature_counts[14,5,7]",3,NA,0,3,3,3,3,3,NA,NA
"feature_counts[14,5,8]",1,NA,0,1,1,1,1,1,NA,NA
"feature_counts[15,1,1]",2,NA,0,2,2,2,2,2,NA,NA
"feature_counts[15,1,2]",1,NA,0,1,1,1,1,1,NA,NA
"feature_counts[15,1,3]",3,NA,0,3,3,3,3,3,NA,NA
"feature_counts[15,1,4]",2,NA,0,2,2,2,2,2,NA,NA
"feature_counts[15,1,5]",0,NA,0,0,0,0,0,0,NA,NA
"feature_counts[15,1,6]",0,NA,0,0,0,0,0,0,NA,NA
"feature_counts[15,1,7]",1,NA,0,1,1,1,1,1,NA,NA
"feature_counts[15,1,8]",3,NA,0,3,3,3,3,3,NA,NA
"feature_counts[15,2,1]",0,NA,0,0,0,0,0,0,NA,NA
"feature_counts[15,2,2]",3,NA,0,3,3,3,3,3,NA,NA
"feature_counts[15,2,3]",1,NA,0,1,1,1,1,1,NA,NA
"feature_counts[15,2,4]",1,NA,0,1,1,1,1,1,NA,NA
"feature_counts[15,2,5]",2,NA,0,2,2,2,2,2,NA,NA
"feature_counts[15,2,6]",2,NA,0,2,2,2,2,2,NA,NA
"feature_counts[15,2,7]",3,NA,0,3,3,3,3,3,NA,NA
"feature_counts[15,2,8]",0,NA,0,0,0,0,0,0,NA,NA
"feature_counts[15,3,1]",3,NA,0,3,3,3,3,3,NA,NA
"feature_counts[15,3,2]",1,NA,0,1,1,1,1,1,NA,NA
"feature_counts[15,3,3]",2,NA,0,2,2,2,2,2,NA,NA
"feature_counts[15,3,4]",3,NA,0,3,3,3,3,3,NA,NA
"feature_counts[15,3,5]",1,NA,0,1,1,1,1,1,NA,NA
"feature_counts[15,3,6]",2,NA,0,2,2,2,2,2,NA,NA
"feature_counts[15,3,7]",0,NA,0,0,0,0,0,0,NA,NA
"feature_counts[15,3,8]",0,NA,0,0,0,0,0,0,NA,NA
"feature_counts[15,4,1]",3,NA,0,3,3,3,3,3,NA,NA
"feature_counts[15,4,2]",3,NA,0,3,3,3,3,3,NA,NA
"feature_counts[15,4,3]",0,NA,0,0,0,0,0,0,NA,NA
"feature_counts[15,4,4]",0,NA,0,0,0,0,0,0,NA,NA
"feature_counts[15,4,5]",2,NA,0,2,2,2,2,2,NA,NA
"feature_counts[15,4,6]",1,NA,0,1,1,1,1,1,NA,NA
"feature_counts[15,4,7]",1,NA,0,1,1,1,1,1,NA,NA
"feature_counts[15,4,8]",2,NA,0,2,2,2,2,2,NA,NA
"feature_counts[15,5,1]",0,NA,0,0,0,0,0,0,NA,NA
"feature_counts[15,5,2]",0,NA,0,0,0,0,0,0,NA,NA
"feature_counts[15,5,3]",1,NA,0,1,1,1,1,1,NA,NA
"feature_counts[15,5,4]",1,NA,0,1,1,1,1,1,NA,NA
"feature_counts[15,5,5]",3,NA,0,3,3,3,3,3,NA,NA
"feature_counts[15,5,6]",3,NA,0,3,3,3,3,3,NA,NA
"feature_counts[15,5,7]",2,NA,0,2,2,2,2,2,NA,NA
"feature_counts[15,5,8]",2,NA,0,2,2,2,2,2,NA,NA
"feature_counts[16,1,1]",1,NA,0,1,1,1,1,1,NA,NA
"feature_counts[16,1,2]",0,NA,0,0,0,0,0,0,NA,NA
"feature_counts[16,1,3]",0,NA,0,0,0,0,0,0,NA,NA
"feature_counts[16,1,4]",2,NA,0,2,2,2,2,2,NA,NA
"feature_counts[16,1,5]",2,NA,0,2,2,2,2,2,NA,NA
"feature_counts[16,1,6]",1,NA,0,1,1,1,1,1,NA,NA
"feature_counts[16,1,7]",3,NA,0,3,3,3,3,3,NA,NA
"feature_counts[16,1,8]",3,NA,0,3,3,3,3,3,NA,NA
"feature_counts[16,2,1]",2,NA,0,2,2,2,2,2,NA,NA
"feature_counts[16,2,2]",2,NA,0,2,2,2,2,2,NA,NA
"feature_counts[16,2,3]",0,NA,0,0,0,0,0,0,NA,NA
"feature_counts[16,2,4]",3,NA,0,3,3,3,3,3,NA,NA
"feature_counts[16,2,5]",3,NA,0,3,3,3,3,3,NA,NA
"feature_counts[16,2,6]",1,NA,0,1,1,1,1,1,NA,NA
"feature_counts[16,2,7]",1,NA,0,1,1,1,1,1,NA,NA
"feature_counts[16,2,8]",0,NA,0,0,0,0,0,0,NA,NA
"feature_counts[16,3,1]",1,NA,0,1,1,1,1,1,NA,NA
"feature_counts[16,3,2]",2,NA,0,2,2,2,2,2,NA,NA
"feature_counts[16,3,3]",3,NA,0,3,3,3,3,3,NA,NA
"feature_counts[16,3,4]",0,NA,0,0,0,0,0,0,NA,NA
"feature_counts[16,3,5]",0,NA,0,0,0,0,0,0,NA,NA
"feature_counts[16,3,6]",3,NA,0,3,3,3,3,3,NA,NA
"feature_counts[16,3,7]",2,NA,0,2,2,2,2,2,NA,NA
"feature_counts[16,3,8]",1,NA,0,1,1,1,1,1,NA,NA
"feature_counts[16,4,1]",3,NA,0,3,3,3,3,3,NA,NA
"feature_counts[16,4,2]",0,NA,0,0,0,0,0,0,NA,NA
"feature_counts[16,4,3]",2,NA,0,2,2,2,2,2,NA,NA
"feature_counts[16,4,4]",2,NA,0,2,2,2,2,2,NA,NA
"feature_counts[16,4,5]",1,NA,0,1,1,1,1,1,NA,NA
"feature_counts[16,4,6]",3,NA,0,3,3,3,3,3,NA,NA
"feature_counts[16,4,7]",0,NA,0,0,0,0,0,0,NA,NA
"feature_counts[16,4,8]",1,NA,0,1,1,1,1,1,NA,NA
"feature_counts[16,5,1]",0,NA,0,0,0,0,0,0,NA,NA
"feature_counts[16,5,2]",2,NA,0,2,2,2,2,2,NA,NA
"feature_counts[16,5,3]",3,NA,0,3,3,3,3,3,NA,NA
"feature_counts[16,5,4]",1,NA,0,1,1,1,1,1,NA,NA
"feature_counts[16,5,5]",1,NA,0,1,1,1,1,1,NA,NA
"feature_counts[16,5,6]",0,NA,0,0,0,0,0,0,NA,NA
"feature_counts[16,5,7]",2,NA,0,2,2,2,2,2,NA,NA
"feature_counts[16,5,8]",3,NA,0,3,3,3,3,3,NA,NA
"feature_counts[17,1,1]",2,NA,0,2,2,2,2,2,NA,NA
"feature_counts[17,1,2]",3,NA,0,3,3,3,3,3,NA,NA
"feature_counts[17,1,3]",0,NA,0,0,0,0,0,0,NA,NA
"feature_counts[17,1,4]",0,NA,0,0,0,0,0,0,NA,NA
"feature_counts[17,1,5]",1,NA,0,1,1,1,1,1,NA,NA
"feature_counts[17,1,6]",2,NA,0,2,2,2,2,2,NA,NA
"feature_counts[17,1,7]",3,NA,0,3,3,3,3,3,NA,NA
"feature_counts[17,1,8]",1,NA,0,1,1,1,1,1,NA,NA
"feature_counts[17,2,1]",0,NA,0,0,0,0,0,0,NA,NA
"feature_counts[17,2,2]",0,NA,0,0,0,0,0,0,NA,NA
"feature_counts[17,2,3]",1,NA,0,1,1,1,1,1,NA,NA
"feature_counts[17,2,4]",2,NA,0,2,2,2,2,2,NA,NA
"feature_counts[17,2,5]",3,NA,0,3,3,3,3,3,NA,NA
"feature_counts[17,2,6]",1,NA,0,1,1,1,1,1,NA,NA
"feature_counts[17,2,7]",2,NA,0,2,2,2,2,2,NA,NA
"feature_counts[17,2,8]",3,NA,0,3,3,3,3,3,NA,NA
"feature_counts[17,3,1]",1,NA,0,1,1,1,1,1,NA,NA
"feature_counts[17,3,2]",2,NA,0,2,2,2,2,2,NA,NA
"feature_counts[17,3,3]",3,NA,0,3,3,3,3,3,NA,NA
"feature_counts[17,3,4]",3,NA,0,3,3,3,3,3,NA,NA
"feature_counts[17,3,5]",0,NA,0,0,0,0,0,0,NA,NA
"feature_counts[17,3,6]",1,NA,0,1,1,1,1,1,NA,NA
"feature_counts[17,3,7]",2,NA,0,2,2,2,2,2,NA,NA
"feature_counts[17,3,8]",0,NA,0,0,0,0,0,0,NA,NA
"feature_counts[17,4,1]",3,NA,0,3,3,3,3,3,NA,NA
"feature_counts[17,4,2]",1,NA,0,1,1,1,1,1,NA,NA
"feature_counts[17,4,3]",1,NA,0,1,1,1,1,1,NA,NA
"feature_counts[17,4,4]",2,NA,0,2,2,2,2,2,NA,NA
"feature_counts[17,4,5]",2,NA,0,2,2,2,2,2,NA,NA
"feature_counts[17,4,6]",3,NA,0,3,3,3,3,3,NA,NA
"feature_counts[17,4,7]",0,NA,0,0,0,0,0,0,NA,NA
"feature_counts[17,4,8]",0,NA,0,0,0,0,0,0,NA,NA
"feature_counts[17,5,1]",1,NA,0,1,1,1,1,1,NA,NA
"feature_counts[17,5,2]",2,NA,0,2,2,2,2,2,NA,NA
"feature_counts[17,5,3]",3,NA,0,3,3,3,3,3,NA,NA
"feature_counts[17,5,4]",1,NA,0,1,1,1,1,1,NA,NA
"feature_counts[17,5,5]",2,NA,0,2,2,2,2,2,NA,NA
"feature_counts[17,5,6]",0,NA,0,0,0,0,0,0,NA,NA
"feature_counts[17,5,7]",0,NA,0,0,0,0,0,0,NA,NA
"feature_counts[17,5,8]",3,NA,0,3,3,3,3,3,NA,NA
"feature_counts[18,1,1]",3,NA,0,3,3,3,3,3,NA,NA
"feature_counts[18,1,2]",1,NA,0,1,1,1,1,1,NA,NA
"feature_counts[18,1,3]",2,NA,0,2,2,2,2,2,NA,NA
"feature_counts[18,1,4]",2,NA,0,2,2,2,2,2,NA,NA
"feature_counts[18,1,5]",0,NA,0,0,0,0,0,0,NA,NA
"feature_counts[18,1,6]",0,NA,0,0,0,0,0,0,NA,NA
"feature_counts[18,1,7]",1,NA,0,1,1,1,1,1,NA,NA
"feature_counts[18,1,8]",3,NA,0,3,3,3,3,3,NA,NA
"feature_counts[18,2,1]",0,NA,0,0,0,0,0,0,NA,NA
"feature_counts[18,2,2]",0,NA,0,0,0,0,0,0,NA,NA
"feature_counts[18,2,3]",3,NA,0,3,3,3,3,3,NA,NA
"feature_counts[18,2,4]",2,NA,0,2,2,2,2,2,NA,NA
"feature_counts[18,2,5]",1,NA,0,1,1,1,1,1,NA,NA
"feature_counts[18,2,6]",1,NA,0,1,1,1,1,1,NA,NA
"feature_counts[18,2,7]",2,NA,0,2,2,2,2,2,NA,NA
"feature_counts[18,2,8]",3,NA,0,3,3,3,3,3,NA,NA
"feature_counts[18,3,1]",0,NA,0,0,0,0,0,0,NA,NA
"feature_counts[18,3,2]",3,NA,0,3,3,3,3,3,NA,NA
"feature_counts[18,3,3]",1,NA,0,1,1,1,1,1,NA,NA
"feature_counts[18,3,4]",1,NA,0,1,1,1,1,1,NA,NA
"feature_counts[18,3,5]",3,NA,0,3,3,3,3,3,NA,NA
"feature_counts[18,3,6]",2,NA,0,2,2,2,2,2,NA,NA
"feature_counts[18,3,7]",2,NA,0,2,2,2,2,2,NA,NA
"feature_counts[18,3,8]",0,NA,0,0,0,0,0,0,NA,NA
"feature_counts[18,4,1]",2,NA,0,2,2,2,2,2,NA,NA
"feature_counts[18,4,2]",0,NA,0,0,0,0,0,0,NA,NA
"feature_counts[18,4,3]",0,NA,0,0,0,0,0,0,NA,NA
"feature_counts[18,4,4]",2,NA,0,2,2,2,2,2,NA,NA
"feature_counts[18,4,5]",3,NA,0,3,3,3,3,3,NA,NA
"feature_counts[18,4,6]",3,NA,0,3,3,3,3,3,NA,NA
"feature_counts[18,4,7]",1,NA,0,1,1,1,1,1,NA,NA
"feature_counts[18,4,8]",1,NA,0,1,1,1,1,1,NA,NA
"feature_counts[18,5,1]",3,NA,0,3,3,3,3,3,NA,NA
"feature_counts[18,5,2]",3,NA,0,3,3,3,3,3,NA,NA
"feature_counts[18,5,3]",2,NA,0,2,2,2,2,2,NA,NA
"feature_counts[18,5,4]",0,NA,0,0,0,0,0,0,NA,NA
"feature_counts[18,5,5]",1,NA,0,1,1,1,1,1,NA,NA
"feature_counts[18,5,6]",2,NA,0,2,2,2,2,2,NA,NA
"feature_counts[18,5,7]",0,NA,0,0,0,0,0,0,NA,NA
"feature_counts[18,5,8]",1,NA,0,1,1,1,1,1,NA,NA
"feature_counts[19,1,1]",1,NA,0,1,1,1,1,1,NA,NA
"feature_counts[19,1,2]",3,NA,0,3,3,3,3,3,NA,NA
"feature_counts[19,1,3]",3,NA,0,3,3,3,3,3,NA,NA
"feature_counts[19,1,4]",2,NA,0,2,2,2,2,2,NA,NA
"feature_counts[19,1,5]",0,NA,0,0,0,0,0,0,NA,NA
"feature_counts[19,1,6]",0,NA,0,0,0,0,0,0,NA,NA
"feature_counts[19,1,7]",2,NA,0,2,2,2,2,2,NA,NA
"feature_counts[19,1,8]",1,NA,0,1,1,1,1,1,NA,NA
"feature_counts[19,2,1]",0,NA,0,0,0,0,0,0,NA,NA
"feature_counts[19,2,2]",0,NA,0,0,0,0,0,0,NA,NA
"feature_counts[19,2,3]",2,NA,0,2,2,2,2,2,NA,NA
"feature_counts[19,2,4]",1,NA,0,1,1,1,1,1,NA,NA
"feature_counts[19,2,5]",3,NA,0,3,3,3,3,3,NA,NA
"feature_counts[19,2,6]",2,NA,0,2,2,2,2,2,NA,NA
"feature_counts[19,2,7]",1,NA,0,1,1,1,1,1,NA,NA
"feature_counts[19,2,8]",3,NA,0,3,3,3,3,3,NA,NA
"feature_counts[19,3,1]",3,NA,0,3,3,3,3,3,NA,NA
"feature_counts[19,3,2]",0,NA,0,0,0,0,0,0,NA,NA
"feature_counts[19,3,3]",1,NA,0,1,1,1,1,1,NA,NA
"feature_counts[19,3,4]",2,NA,0,2,2,2,2,2,NA,NA
"feature_counts[19,3,5]",0,NA,0,0,0,0,0,0,NA,NA
"feature_counts[19,3,6]",3,NA,0,3,3,3,3,3,NA,NA
"feature_counts[19,3,7]",2,NA,0,2,2,2,2,2,NA,NA
"feature_counts[19,3,8]",1,NA,0,1,1,1,1,1,NA,NA
"feature_counts[19,4,1]",1,NA,0,1,1,1,1,1,NA,NA
"feature_counts[19,4,2]",2,NA,0,2,2,2,2,2,NA,NA
"feature_counts[19,4,3]",0,NA,0,0,0,0,0,0,NA,NA
"feature_counts[19,4,4]",0,NA,0,0,0,0,0,0,NA,NA
"feature_counts[19,4,5]",2,NA,0,2,2,2,2,2,NA,NA
"feature_counts[19,4,6]",1,NA,0,1,1,1,1,1,NA,NA
"feature_counts[19,4,7]",3,NA,0,3,3,3,3,3,NA,NA
"feature_counts[19,4,8]",3,NA,0,3,3,3,3,3,NA,NA
"feature_counts[19,5,1]",3,NA,0,3,3,3,3,3,NA,NA
"feature_counts[19,5,2]",2,NA,0,2,2,2,2,2,NA,NA
"feature_counts[19,5,3]",1,NA,0,1,1,1,1,1,NA,NA
"feature_counts[19,5,4]",3,NA,0,3,3,3,3,3,NA,NA
"feature_counts[19,5,5]",2,NA,0,2,2,2,2,2,NA,NA
"feature_counts[19,5,6]",1,NA,0,1,1,1,1,1,NA,NA
"feature_counts[19,5,7]",0,NA,0,0,0,0,0,0,NA,NA
"feature_counts[19,5,8]",0,NA,0,0,0,0,0,0,NA,NA
"feature_counts[20,1,1]",1,NA,0,1,1,1,1,1,NA,NA
"feature_counts[20,1,2]",2,NA,0,2,2,2,2,2,NA,NA
"feature_counts[20,1,3]",0,NA,0,0,0,0,0,0,NA,NA
"feature_counts[20,1,4]",3,NA,0,3,3,3,3,3,NA,NA
"feature_counts[20,1,5]",3,NA,0,3,3,3,3,3,NA,NA
"feature_counts[20,1,6]",0,NA,0,0,0,0,0,0,NA,NA
"feature_counts[20,1,7]",2,NA,0,2,2,2,2,2,NA,NA
"feature_counts[20,1,8]",1,NA,0,1,1,1,1,1,NA,NA
"feature_counts[20,2,1]",0,NA,0,0,0,0,0,0,NA,NA
"feature_counts[20,2,2]",3,NA,0,3,3,3,3,3,NA,NA
"feature_counts[20,2,3]",3,NA,0,3,3,3,3,3,NA,NA
"feature_counts[20,2,4]",0,NA,0,0,0,0,0,0,NA,NA
"feature_counts[20,2,5]",1,NA,0,1,1,1,1,1,NA,NA
"feature_counts[20,2,6]",2,NA,0,2,2,2,2,2,NA,NA
"feature_counts[20,2,7]",2,NA,0,2,2,2,2,2,NA,NA
"feature_counts[20,2,8]",1,NA,0,1,1,1,1,1,NA,NA
"feature_counts[20,3,1]",3,NA,0,3,3,3,3,3,NA,NA
"feature_counts[20,3,2]",1,NA,0,1,1,1,1,1,NA,NA
"feature_counts[20,3,3]",1,NA,0,1,1,1,1,1,NA,NA
"feature_counts[20,3,4]",2,NA,0,2,2,2,2,2,NA,NA
"feature_counts[20,3,5]",0,NA,0,0,0,0,0,0,NA,NA
"feature_counts[20,3,6]",0,NA,0,0,0,0,0,0,NA,NA
"feature_counts[20,3,7]",2,NA,0,2,2,2,2,2,NA,NA
"feature_counts[20,3,8]",3,NA,0,3,3,3,3,3,NA,NA
"feature_counts[20,4,1]",1,NA,0,1,1,1,1,1,NA,NA
"feature_counts[20,4,2]",0,NA,0,0,0,0,0,0,NA,NA
"feature_counts[20,4,3]",0,NA,0,0,0,0,0,0,NA,NA
"feature_counts[20,4,4]",1,NA,0,1,1,1,1,1,NA,NA
"feature_counts[20,4,5]",3,NA,0,3,3,3,3,3,NA,NA
"feature_counts[20,4,6]",3,NA,0,3,3,3,3,3,NA,NA
"feature_counts[20,4,7]",2,NA,0,2,2,2,2,2,NA,NA
"feature_counts[20,4,8]",2,NA,0,2,2,2,2,2,NA,NA
"feature_counts[20,5,1]",2,NA,0,2,2,2,2,2,NA,NA
"feature_counts[20,5,2]",2,NA,0,2,2,2,2,2,NA,NA
"feature_counts[20,5,3]",3,NA,0,3,3,3,3,3,NA,NA
"feature_counts[20,5,4]",1,NA,0,1,1,1,1,1,NA,NA
"feature_counts[20,5,5]",1,NA,0,1,1,1,1,1,NA,NA
"feature_counts[20,5,6]",3,NA,0,3,3,3,3,3,NA,NA
"feature_counts[20,5,7]",0,NA,0,0,0,0,0,0,NA,NA
"feature_counts[20,5,8]",0,NA,0,0,0,0,0,0,NA,NA
"feature_counts[21,1,1]",2,NA,0,2,2,2,2,2,NA,NA
"feature_counts[21,1,2]",0,NA,0,0,0,0,0,0,NA,NA
"feature_counts[21,1,3]",0,NA,0,0,0,0,0,0,NA,NA
"feature_counts[21,1,4]",2,NA,0,2,2,2,2,2,NA,NA
"feature_counts[21,1,5]",3,NA,0,3,3,3,3,3,NA,NA
"feature_counts[21,1,6]",3,NA,0,3,3,3,3,3,NA,NA
"feature_counts[21,1,7]",1,NA,0,1,1,1,1,1,NA,NA
"feature_counts[21,1,8]",1,NA,0,1,1,1,1,1,NA,NA
"feature_counts[21,2,1]",0,NA,0,0,0,0,0,0,NA,NA
"feature_counts[21,2,2]",2,NA,0,2,2,2,2,2,NA,NA
"feature_counts[21,2,3]",2,NA,0,2,2,2,2,2,NA,NA
"feature_counts[21,2,4]",3,NA,0,3,3,3,3,3,NA,NA
"feature_counts[21,2,5]",3,NA,0,3,3,3,3,3,NA,NA
"feature_counts[21,2,6]",1,NA,0,1,1,1,1,1,NA,NA
"feature_counts[21,2,7]",1,NA,0,1,1,1,1,1,NA,NA
"feature_counts[21,2,8]",0,NA,0,0,0,0,0,0,NA,NA
"feature_counts[21,3,1]",2,NA,0,2,2,2,2,2,NA,NA
"feature_counts[21,3,2]",2,NA,0,2,2,2,2,2,NA,NA
"feature_counts[21,3,3]",3,NA,0,3,3,3,3,3,NA,NA
"feature_counts[21,3,4]",0,NA,0,0,0,0,0,0,NA,NA
"feature_counts[21,3,5]",1,NA,0,1,1,1,1,1,NA,NA
"feature_counts[21,3,6]",1,NA,0,1,1,1,1,1,NA,NA
"feature_counts[21,3,7]",0,NA,0,0,0,0,0,0,NA,NA
"feature_counts[21,3,8]",3,NA,0,3,3,3,3,3,NA,NA
"feature_counts[21,4,1]",3,NA,0,3,3,3,3,3,NA,NA
"feature_counts[21,4,2]",2,NA,0,2,2,2,2,2,NA,NA
"feature_counts[21,4,3]",1,NA,0,1,1,1,1,1,NA,NA
"feature_counts[21,4,4]",1,NA,0,1,1,1,1,1,NA,NA
"feature_counts[21,4,5]",0,NA,0,0,0,0,0,0,NA,NA
"feature_counts[21,4,6]",3,NA,0,3,3,3,3,3,NA,NA
"feature_counts[21,4,7]",2,NA,0,2,2,2,2,2,NA,NA
"feature_counts[21,4,8]",0,NA,0,0,0,0,0,0,NA,NA
"feature_counts[21,5,1]",1,NA,0,1,1,1,1,1,NA,NA
"feature_counts[21,5,2]",1,NA,0,1,1,1,1,1,NA,NA
"feature_counts[21,5,3]",2,NA,0,2,2,2,2,2,NA,NA
"feature_counts[21,5,4]",2,NA,0,2,2,2,2,2,NA,NA
"feature_counts[21,5,5]",0,NA,0,0,0,0,0,0,NA,NA
"feature_counts[21,5,6]",0,NA,0,0,0,0,0,0,NA,NA
"feature_counts[21,5,7]",3,NA,0,3,3,3,3,3,NA,NA
"feature_counts[21,5,8]",3,NA,0,3,3,3,3,3,NA,NA
"feature_counts[22,1,1]",0,NA,0,0,0,0,0,0,NA,NA
"feature_counts[22,1,2]",1,NA,0,1,1,1,1,1,NA,NA
"feature_counts[22,1,3]",3,NA,0,3,3,3,3,3,NA,NA
"feature_counts[22,1,4]",0,NA,0,0,0,0,0,0,NA,NA
"feature_counts[22,1,5]",1,NA,0,1,1,1,1,1,NA,NA
"feature_counts[22,1,6]",2,NA,0,2,2,2,2,2,NA,NA
"feature_counts[22,1,7]",2,NA,0,2,2,2,2,2,NA,NA
"feature_counts[22,1,8]",3,NA,0,3,3,3,3,3,NA,NA
"feature_counts[22,2,1]",1,NA,0,1,1,1,1,1,NA,NA
"feature_counts[22,2,2]",1,NA,0,1,1,1,1,1,NA,NA
"feature_counts[22,2,3]",3,NA,0,3,3,3,3,3,NA,NA
"feature_counts[22,2,4]",3,NA,0,3,3,3,3,3,NA,NA
"feature_counts[22,2,5]",2,NA,0,2,2,2,2,2,NA,NA
"feature_counts[22,2,6]",0,NA,0,0,0,0,0,0,NA,NA
"feature_counts[22,2,7]",0,NA,0,0,0,0,0,0,NA,NA
"feature_counts[22,2,8]",2,NA,0,2,2,2,2,2,NA,NA
"feature_counts[22,3,1]",3,NA,0,3,3,3,3,3,NA,NA
"feature_counts[22,3,2]",3,NA,0,3,3,3,3,3,NA,NA
"feature_counts[22,3,3]",0,NA,0,0,0,0,0,0,NA,NA
"feature_counts[22,3,4]",0,NA,0,0,0,0,0,0,NA,NA
"feature_counts[22,3,5]",2,NA,0,2,2,2,2,2,NA,NA
"feature_counts[22,3,6]",2,NA,0,2,2,2,2,2,NA,NA
"feature_counts[22,3,7]",1,NA,0,1,1,1,1,1,NA,NA
"feature_counts[22,3,8]",1,NA,0,1,1,1,1,1,NA,NA
"feature_counts[22,4,1]",2,NA,0,2,2,2,2,2,NA,NA
"feature_counts[22,4,2]",3,NA,0,3,3,3,3,3,NA,NA
"feature_counts[22,4,3]",0,NA,0,0,0,0,0,0,NA,NA
"feature_counts[22,4,4]",1,NA,0,1,1,1,1,1,NA,NA
"feature_counts[22,4,5]",3,NA,0,3,3,3,3,3,NA,NA
"feature_counts[22,4,6]",2,NA,0,2,2,2,2,2,NA,NA
"feature_counts[22,4,7]",1,NA,0,1,1,1,1,1,NA,NA
"feature_counts[22,4,8]",0,NA,0,0,0,0,0,0,NA,NA
"feature_counts[22,5,1]",1,NA,0,1,1,1,1,1,NA,NA
"feature_counts[22,5,2]",0,NA,0,0,0,0,0,0,NA,NA
"feature_counts[22,5,3]",2,NA,0,2,2,2,2,2,NA,NA
"feature_counts[22,5,4]",3,NA,0,3,3,3,3,3,NA,NA
"feature_counts[22,5,5]",0,NA,0,0,0,0,0,0,NA,NA
"feature_counts[22,5,6]",2,NA,0,2,2,2,2,2,NA,NA
"feature_counts[22,5,7]",3,NA,0,3,3,3,3,3,NA,NA
"feature_counts[22,5,8]",1,NA,0,1,1,1,1,1,NA,NA
"feature_counts[23,1,1]",3,NA,0,3,3,3,3,3,NA,NA
"feature_counts[23,1,2]",1,NA,0,1,1,1,1,1,NA,NA
"feature_counts[23,1,3]",1,NA,0,1,1,1,1,1,NA,NA
"feature_counts[23,1,4]",0,NA,0,0,0,0,0,0,NA,NA
"feature_counts[23,1,5]",2,NA,0,2,2,2,2,2,NA,NA
"feature_counts[23,1,6]",2,NA,0,2,2,2,2,2,NA,NA
"feature_counts[23,1,7]",0,NA,0,0,0,0,0,0,NA,NA
"feature_counts[23,1,8]",3,NA,0,3,3,3,3,3,NA,NA
"feature_counts[23,2,1]",0,NA,0,0,0,0,0,0,NA,NA
"feature_counts[23,2,2]",0,NA,0,0,0,0,0,0,NA,NA
"feature_counts[23,2,3]",2,NA,0,2,2,2,2,2,NA,NA
"feature_counts[23,2,4]",3,NA,0,3,3,3,3,3,NA,NA
"feature_counts[23,2,5]",1,NA,0,1,1,1,1,1,NA,NA
"feature_counts[23,2,6]",2,NA,0,2,2,2,2,2,NA,NA
"feature_counts[23,2,7]",3,NA,0,3,3,3,3,3,NA,NA
"feature_counts[23,2,8]",1,NA,0,1,1,1,1,1,NA,NA
"feature_counts[23,3,1]",1,NA,0,1,1,1,1,1,NA,NA
"feature_counts[23,3,2]",2,NA,0,2,2,2,2,2,NA,NA
"feature_counts[23,3,3]",2,NA,0,2,2,2,2,2,NA,NA
"feature_counts[23,3,4]",0,NA,0,0,0,0,0,0,NA,NA
"feature_counts[23,3,5]",3,NA,0,3,3,3,3,3,NA,NA
"feature_counts[23,3,6]",1,NA,0,1,1,1,1,1,NA,NA
"feature_counts[23,3,7]",0,NA,0,0,0,0,0,0,NA,NA
"feature_counts[23,3,8]",3,NA,0,3,3,3,3,3,NA,NA
"feature_counts[23,4,1]",1,NA,0,1,1,1,1,1,NA,NA
"feature_counts[23,4,2]",2,NA,0,2,2,2,2,2,NA,NA
"feature_counts[23,4,3]",0,NA,0,0,0,0,0,0,NA,NA
"feature_counts[23,4,4]",3,NA,0,3,3,3,3,3,NA,NA
"feature_counts[23,4,5]",2,NA,0,2,2,2,2,2,NA,NA
"feature_counts[23,4,6]",0,NA,0,0,0,0,0,0,NA,NA
"feature_counts[23,4,7]",3,NA,0,3,3,3,3,3,NA,NA
"feature_counts[23,4,8]",1,NA,0,1,1,1,1,1,NA,NA
"feature_counts[23,5,1]",3,NA,0,3,3,3,3,3,NA,NA
"feature_counts[23,5,2]",3,NA,0,3,3,3,3,3,NA,NA
"feature_counts[23,5,3]",1,NA,0,1,1,1,1,1,NA,NA
"feature_counts[23,5,4]",1,NA,0,1,1,1,1,1,NA,NA
"feature_counts[23,5,5]",0,NA,0,0,0,0,0,0,NA,NA
"feature_counts[23,5,6]",2,NA,0,2,2,2,2,2,NA,NA
"feature_counts[23,5,7]",2,NA,0,2,2,2,2,2,NA,NA
"feature_counts[23,5,8]",0,NA,0,0,0,0,0,0,NA,NA
"feature_counts[24,1,1]",2,NA,0,2,2,2,2,2,NA,NA
"feature_counts[24,1,2]",3,NA,0,3,3,3,3,3,NA,NA
"feature_counts[24,1,3]",3,NA,0,3,3,3,3,3,NA,NA
"feature_counts[24,1,4]",2,NA,0,2,2,2,2,2,NA,NA
"feature_counts[24,1,5]",1,NA,0,1,1,1,1,1,NA,NA
"feature_counts[24,1,6]",1,NA,0,1,1,1,1,1,NA,NA
"feature_counts[24,1,7]",0,NA,0,0,0,0,0,0,NA,NA
"feature_counts[24,1,8]",0,NA,0,0,0,0,0,0,NA,NA
"feature_counts[24,2,1]",1,NA,0,1,1,1,1,1,NA,NA
"feature_counts[24,2,2]",1,NA,0,1,1,1,1,1,NA,NA
"feature_counts[24,2,3]",2,NA,0,2,2,2,2,2,NA,NA
"feature_counts[24,2,4]",3,NA,0,3,3,3,3,3,NA,NA
"feature_counts[24,2,5]",0,NA,0,0,0,0,0,0,NA,NA
"feature_counts[24,2,6]",0,NA,0,0,0,0,0,0,NA,NA
"feature_counts[24,2,7]",3,NA,0,3,3,3,3,3,NA,NA
"feature_counts[24,2,8]",2,NA,0,2,2,2,2,2,NA,NA
"feature_counts[24,3,1]",3,NA,0,3,3,3,3,3,NA,NA
"feature_counts[24,3,2]",2,NA,0,2,2,2,2,2,NA,NA
"feature_counts[24,3,3]",1,NA,0,1,1,1,1,1,NA,NA
"feature_counts[24,3,4]",0,NA,0,0,0,0,0,0,NA,NA
"feature_counts[24,3,5]",2,NA,0,2,2,2,2,2,NA,NA
"feature_counts[24,3,6]",1,NA,0,1,1,1,1,1,NA,NA
"feature_counts[24,3,7]",0,NA,0,0,0,0,0,0,NA,NA
"feature_counts[24,3,8]",3,NA,0,3,3,3,3,3,NA,NA
"feature_counts[24,4,1]",2,NA,0,2,2,2,2,2,NA,NA
"feature_counts[24,4,2]",0,NA,0,0,0,0,0,0,NA,NA
"feature_counts[24,4,3]",0,NA,0,0,0,0,0,0,NA,NA
"feature_counts[24,4,4]",1,NA,0,1,1,1,1,1,NA,NA
"feature_counts[24,4,5]",3,NA,0,3,3,3,3,3,NA,NA
"feature_counts[24,4,6]",3,NA,0,3,3,3,3,3,NA,NA
"feature_counts[24,4,7]",1,NA,0,1,1,1,1,1,NA,NA
"feature_counts[24,4,8]",2,NA,0,2,2,2,2,2,NA,NA
"feature_counts[24,5,1]",0,NA,0,0,0,0,0,0,NA,NA
"feature_counts[24,5,2]",2,NA,0,2,2,2,2,2,NA,NA
"feature_counts[24,5,3]",2,NA,0,2,2,2,2,2,NA,NA
"feature_counts[24,5,4]",1,NA,0,1,1,1,1,1,NA,NA
"feature_counts[24,5,5]",1,NA,0,1,1,1,1,1,NA,NA
"feature_counts[24,5,6]",3,NA,0,3,3,3,3,3,NA,NA
"feature_counts[24,5,7]",3,NA,0,3,3,3,3,3,NA,NA
"feature_counts[24,5,8]",0,NA,0,0,0,0,0,0,NA,NA
"feature_counts[25,1,1]",0,NA,0,0,0,0,0,0,NA,NA
"feature_counts[25,1,2]",2,NA,0,2,2,2,2,2,NA,NA
"feature_counts[25,1,3]",3,NA,0,3,3,3,3,3,NA,NA
"feature_counts[25,1,4]",0,NA,0,0,0,0,0,0,NA,NA
"feature_counts[25,1,5]",1,NA,0,1,1,1,1,1,NA,NA
"feature_counts[25,1,6]",1,NA,0,1,1,1,1,1,NA,NA
"feature_counts[25,1,7]",2,NA,0,2,2,2,2,2,NA,NA
"feature_counts[25,1,8]",3,NA,0,3,3,3,3,3,NA,NA
"feature_counts[25,2,1]",2,NA,0,2,2,2,2,2,NA,NA
"feature_counts[25,2,2]",1,NA,0,1,1,1,1,1,NA,NA
"feature_counts[25,2,3]",1,NA,0,1,1,1,1,1,NA,NA
"feature_counts[25,2,4]",2,NA,0,2,2,2,2,2,NA,NA
"feature_counts[25,2,5]",3,NA,0,3,3,3,3,3,NA,NA
"feature_counts[25,2,6]",0,NA,0,0,0,0,0,0,NA,NA
"feature_counts[25,2,7]",0,NA,0,0,0,0,0,0,NA,NA
"feature_counts[25,2,8]",3,NA,0,3,3,3,3,3,NA,NA
"feature_counts[25,3,1]",2,NA,0,2,2,2,2,2,NA,NA
"feature_counts[25,3,2]",0,NA,0,0,0,0,0,0,NA,NA
"feature_counts[25,3,3]",0,NA,0,0,0,0,0,0,NA,NA
"feature_counts[25,3,4]",1,NA,0,1,1,1,1,1,NA,NA
"feature_counts[25,3,5]",1,NA,0,1,1,1,1,1,NA,NA
"feature_counts[25,3,6]",3,NA,0,3,3,3,3,3,NA,NA
"feature_counts[25,3,7]",3,NA,0,3,3,3,3,3,NA,NA
"feature_counts[25,3,8]",2,NA,0,2,2,2,2,2,NA,NA
"feature_counts[25,4,1]",1,NA,0,1,1,1,1,1,NA,NA
"feature_counts[25,4,2]",1,NA,0,1,1,1,1,1,NA,NA
"feature_counts[25,4,3]",3,NA,0,3,3,3,3,3,NA,NA
"feature_counts[25,4,4]",3,NA,0,3,3,3,3,3,NA,NA
"feature_counts[25,4,5]",0,NA,0,0,0,0,0,0,NA,NA
"feature_counts[25,4,6]",2,NA,0,2,2,2,2,2,NA,NA
"feature_counts[25,4,7]",2,NA,0,2,2,2,2,2,NA,NA
"feature_counts[25,4,8]",0,NA,0,0,0,0,0,0,NA,NA
"feature_counts[25,5,1]",2,NA,0,2,2,2,2,2,NA,NA
"feature_counts[25,5,2]",3,NA,0,3,3,3,3,3,NA,NA
"feature_counts[25,5,3]",0,NA,0,0,0,0,0,0,NA,NA
"feature_counts[25,5,4]",1,NA,0,1,1,1,1,1,NA,NA
"feature_counts[25,5,5]",3,NA,0,3,3,3,3,3,NA,NA
"feature_counts[25,5,6]",2,NA,0,2,2,2,2,2,NA,NA
"feature_counts[25,5,7]",1,NA,0,1,1,1,1,1,NA,NA
"feature_counts[25,5,8]",0,NA,0,0,0,0,0,0,NA,NA
"feature_counts[26,1,1]",3,NA,0,3,3,3,3,3,NA,NA
"feature_counts[26,1,2]",2,NA,0,2,2,2,2,2,NA,NA
"feature_counts[26,1,3]",1,NA,0,1,1,1,1,1,NA,NA
"feature_counts[26,1,4]",1,NA,0,1,1,1,1,1,NA,NA
"feature_counts[26,1,5]",2,NA,0,2,2,2,2,2,NA,NA
"feature_counts[26,1,6]",3,NA,0,3,3,3,3,3,NA,NA
"feature_counts[26,1,7]",0,NA,0,0,0,0,0,0,NA,NA
"feature_counts[26,1,8]",0,NA,0,0,0,0,0,0,NA,NA
"feature_counts[26,2,1]",1,NA,0,1,1,1,1,1,NA,NA
"feature_counts[26,2,2]",1,NA,0,1,1,1,1,1,NA,NA
"feature_counts[26,2,3]",0,NA,0,0,0,0,0,0,NA,NA
"feature_counts[26,2,4]",2,NA,0,2,2,2,2,2,NA,NA
"feature_counts[26,2,5]",2,NA,0,2,2,2,2,2,NA,NA
"feature_counts[26,2,6]",0,NA,0,0,0,0,0,0,NA,NA
"feature_counts[26,2,7]",3,NA,0,3,3,3,3,3,NA,NA
"feature_counts[26,2,8]",3,NA,0,3,3,3,3,3,NA,NA
"feature_counts[26,3,1]",1,NA,0,1,1,1,1,1,NA,NA
"feature_counts[26,3,2]",0,NA,0,0,0,0,0,0,NA,NA
"feature_counts[26,3,3]",2,NA,0,2,2,2,2,2,NA,NA
"feature_counts[26,3,4]",3,NA,0,3,3,3,3,3,NA,NA
"feature_counts[26,3,5]",3,NA,0,3,3,3,3,3,NA,NA
"feature_counts[26,3,6]",1,NA,0,1,1,1,1,1,NA,NA
"feature_counts[26,3,7]",0,NA,0,0,0,0,0,0,NA,NA
"feature_counts[26,3,8]",2,NA,0,2,2,2,2,2,NA,NA
"feature_counts[26,4,1]",0,NA,0,0,0,0,0,0,NA,NA
"feature_counts[26,4,2]",3,NA,0,3,3,3,3,3,NA,NA
"feature_counts[26,4,3]",2,NA,0,2,2,2,2,2,NA,NA
"feature_counts[26,4,4]",2,NA,0,2,2,2,2,2,NA,NA
"feature_counts[26,4,5]",1,NA,0,1,1,1,1,1,NA,NA
"feature_counts[26,4,6]",1,NA,0,1,1,1,1,1,NA,NA
"feature_counts[26,4,7]",3,NA,0,3,3,3,3,3,NA,NA
"feature_counts[26,4,8]",0,NA,0,0,0,0,0,0,NA,NA
"feature_counts[26,5,1]",2,NA,0,2,2,2,2,2,NA,NA
"feature_counts[26,5,2]",2,NA,0,2,2,2,2,2,NA,NA
"feature_counts[26,5,3]",3,NA,0,3,3,3,3,3,NA,NA
"feature_counts[26,5,4]",0,NA,0,0,0,0,0,0,NA,NA
"feature_counts[26,5,5]",0,NA,0,0,0,0,0,0,NA,NA
"feature_counts[26,5,6]",3,NA,0,3,3,3,3,3,NA,NA
"feature_counts[26,5,7]",1,NA,0,1,1,1,1,1,NA,NA
"feature_counts[26,5,8]",1,NA,0,1,1,1,1,1,NA,NA
"feature_counts[27,1,1]",1,NA,0,1,1,1,1,1,NA,NA
"feature_counts[27,1,2]",1,NA,0,1,1,1,1,1,NA,NA
"feature_counts[27,1,3]",0,NA,0,0,0,0,0,0,NA,NA
"feature_counts[27,1,4]",0,NA,0,0,0,0,0,0,NA,NA
"feature_counts[27,1,5]",3,NA,0,3,3,3,3,3,NA,NA
"feature_counts[27,1,6]",2,NA,0,2,2,2,2,2,NA,NA
"feature_counts[27,1,7]",2,NA,0,2,2,2,2,2,NA,NA
"feature_counts[27,1,8]",3,NA,0,3,3,3,3,3,NA,NA
"feature_counts[27,2,1]",0,NA,0,0,0,0,0,0,NA,NA
"feature_counts[27,2,2]",3,NA,0,3,3,3,3,3,NA,NA
"feature_counts[27,2,3]",3,NA,0,3,3,3,3,3,NA,NA
"feature_counts[27,2,4]",2,NA,0,2,2,2,2,2,NA,NA
"feature_counts[27,2,5]",2,NA,0,2,2,2,2,2,NA,NA
"feature_counts[27,2,6]",0,NA,0,0,0,0,0,0,NA,NA
"feature_counts[27,2,7]",1,NA,0,1,1,1,1,1,NA,NA
"feature_counts[27,2,8]",1,NA,0,1,1,1,1,1,NA,NA
"feature_counts[27,3,1]",3,NA,0,3,3,3,3,3,NA,NA
"feature_counts[27,3,2]",1,NA,0,1,1,1,1,1,NA,NA
"feature_counts[27,3,3]",0,NA,0,0,0,0,0,0,NA,NA
"feature_counts[27,3,4]",3,NA,0,3,3,3,3,3,NA,NA
"feature_counts[27,3,5]",2,NA,0,2,2,2,2,2,NA,NA
"feature_counts[27,3,6]",0,NA,0,0,0,0,0,0,NA,NA
"feature_counts[27,3,7]",1,NA,0,1,1,1,1,1,NA,NA
"feature_counts[27,3,8]",2,NA,0,2,2,2,2,2,NA,NA
"feature_counts[27,4,1]",2,NA,0,2,2,2,2,2,NA,NA
"feature_counts[27,4,2]",1,NA,0,1,1,1,1,1,NA,NA
"feature_counts[27,4,3]",3,NA,0,3,3,3,3,3,NA,NA
"feature_counts[27,4,4]",2,NA,0,2,2,2,2,2,NA,NA
"feature_counts[27,4,5]",1,NA,0,1,1,1,1,1,NA,NA
"feature_counts[27,4,6]",3,NA,0,3,3,3,3,3,NA,NA
"feature_counts[27,4,7]",0,NA,0,0,0,0,0,0,NA,NA
"feature_counts[27,4,8]",0,NA,0,0,0,0,0,0,NA,NA
"feature_counts[27,5,1]",1,NA,0,1,1,1,1,1,NA,NA
"feature_counts[27,5,2]",0,NA,0,0,0,0,0,0,NA,NA
"feature_counts[27,5,3]",2,NA,0,2,2,2,2,2,NA,NA
"feature_counts[27,5,4]",1,NA,0,1,1,1,1,1,NA,NA
"feature_counts[27,5,5]",0,NA,0,0,0,0,0,0,NA,NA
"feature_counts[27,5,6]",3,NA,0,3,3,3,3,3,NA,NA
"feature_counts[27,5,7]",3,NA,0,3,3,3,3,3,NA,NA
"feature_counts[27,5,8]",2,NA,0,2,2,2,2,2,NA,NA
"feature_counts[28,1,1]",1,NA,0,1,1,1,1,1,NA,NA
"feature_counts[28,1,2]",1,NA,0,1,1,1,1,1,NA,NA
"feature_counts[28,1,3]",0,NA,0,0,0,0,0,0,NA,NA
"feature_counts[28,1,4]",0,NA,0,0,0,0,0,0,NA,NA
"feature_counts[28,1,5]",2,NA,0,2,2,2,2,2,NA,NA
"feature_counts[28,1,6]",2,NA,0,2,2,2,2,2,NA,NA
"feature_counts[28,1,7]",3,NA,0,3,3,3,3,3,NA,NA
"feature_counts[28,1,8]",3,NA,0,3,3,3,3,3,NA,NA
"feature_counts[28,2,1]",3,NA,0,3,3,3,3,3,NA,NA
"feature_counts[28,2,2]",3,NA,0,3,3,3,3,3,NA,NA
"feature_counts[28,2,3]",0,NA,0,0,0,0,0,0,NA,NA
"feature_counts[28,2,4]",2,NA,0,2,2,2,2,2,NA,NA
"feature_counts[28,2,5]",2,NA,0,2,2,2,2,2,NA,NA
"feature_counts[28,2,6]",1,NA,0,1,1,1,1,1,NA,NA
"feature_counts[28,2,7]",1,NA,0,1,1,1,1,1,NA,NA
"feature_counts[28,2,8]",0,NA,0,0,0,0,0,0,NA,NA
"feature_counts[28,3,1]",3,NA,0,3,3,3,3,3,NA,NA
"feature_counts[28,3,2]",3,NA,0,3,3,3,3,3,NA,NA
"feature_counts[28,3,3]",2,NA,0,2,2,2,2,2,NA,NA
"feature_counts[28,3,4]",0,NA,0,0,0,0,0,0,NA,NA
"feature_counts[28,3,5]",1,NA,0,1,1,1,1,1,NA,NA
"feature_counts[28,3,6]",1,NA,0,1,1,1,1,1,NA,NA
"feature_counts[28,3,7]",0,NA,0,0,0,0,0,0,NA,NA
"feature_counts[28,3,8]",2,NA,0,2,2,2,2,2,NA,NA
"feature_counts[28,4,1]",0,NA,0,0,0,0,0,0,NA,NA
"feature_counts[28,4,2]",1,NA,0,1,1,1,1,1,NA,NA
"feature_counts[28,4,3]",3,NA,0,3,3,3,3,3,NA,NA
"feature_counts[28,4,4]",3,NA,0,3,3,3,3,3,NA,NA
"feature_counts[28,4,5]",2,NA,0,2,2,2,2,2,NA,NA
"feature_counts[28,4,6]",0,NA,0,0,0,0,0,0,NA,NA
"feature_counts[28,4,7]",1,NA,0,1,1,1,1,1,NA,NA
"feature_counts[28,4,8]",2,NA,0,2,2,2,2,2,NA,NA
"feature_counts[28,5,1]",1,NA,0,1,1,1,1,1,NA,NA
"feature_counts[28,5,2]",0,NA,0,0,0,0,0,0,NA,NA
"feature_counts[28,5,3]",2,NA,0,2,2,2,2,2,NA,NA
"feature_counts[28,5,4]",3,NA,0,3,3,3,3,3,NA,NA
"feature_counts[28,5,5]",0,NA,0,0,0,0,0,0,NA,NA
"feature_counts[28,5,6]",2,NA,0,2,2,2,2,2,NA,NA
"feature_counts[28,5,7]",3,NA,0,3,3,3,3,3,NA,NA
"feature_counts[28,5,8]",1,NA,0,1,1,1,1,1,NA,NA
"feature_counts[29,1,1]",1,NA,0,1,1,1,1,1,NA,NA
"feature_counts[29,1,2]",1,NA,0,1,1,1,1,1,NA,NA
"feature_counts[29,1,3]",3,NA,0,3,3,3,3,3,NA,NA
"feature_counts[29,1,4]",3,NA,0,3,3,3,3,3,NA,NA
"feature_counts[29,1,5]",0,NA,0,0,0,0,0,0,NA,NA
"feature_counts[29,1,6]",0,NA,0,0,0,0,0,0,NA,NA
"feature_counts[29,1,7]",2,NA,0,2,2,2,2,2,NA,NA
"feature_counts[29,1,8]",2,NA,0,2,2,2,2,2,NA,NA
"feature_counts[29,2,1]",0,NA,0,0,0,0,0,0,NA,NA
"feature_counts[29,2,2]",0,NA,0,0,0,0,0,0,NA,NA
"feature_counts[29,2,3]",1,NA,0,1,1,1,1,1,NA,NA
"feature_counts[29,2,4]",1,NA,0,1,1,1,1,1,NA,NA
"feature_counts[29,2,5]",3,NA,0,3,3,3,3,3,NA,NA
"feature_counts[29,2,6]",3,NA,0,3,3,3,3,3,NA,NA
"feature_counts[29,2,7]",2,NA,0,2,2,2,2,2,NA,NA
"feature_counts[29,2,8]",2,NA,0,2,2,2,2,2,NA,NA
"feature_counts[29,3,1]",2,NA,0,2,2,2,2,2,NA,NA
"feature_counts[29,3,2]",1,NA,0,1,1,1,1,1,NA,NA
"feature_counts[29,3,3]",3,NA,0,3,3,3,3,3,NA,NA
"feature_counts[29,3,4]",3,NA,0,3,3,3,3,3,NA,NA
"feature_counts[29,3,5]",1,NA,0,1,1,1,1,1,NA,NA
"feature_counts[29,3,6]",2,NA,0,2,2,2,2,2,NA,NA
"feature_counts[29,3,7]",0,NA,0,0,0,0,0,0,NA,NA
"feature_counts[29,3,8]",0,NA,0,0,0,0,0,0,NA,NA
"feature_counts[29,4,1]",3,NA,0,3,3,3,3,3,NA,NA
"feature_counts[29,4,2]",3,NA,0,3,3,3,3,3,NA,NA
"feature_counts[29,4,3]",0,NA,0,0,0,0,0,0,NA,NA
"feature_counts[29,4,4]",0,NA,0,0,0,0,0,0,NA,NA
"feature_counts[29,4,5]",2,NA,0,2,2,2,2,2,NA,NA
"feature_counts[29,4,6]",1,NA,0,1,1,1,1,1,NA,NA
"feature_counts[29,4,7]",1,NA,0,1,1,1,1,1,NA,NA
"feature_counts[29,4,8]",2,NA,0,2,2,2,2,2,NA,NA
"feature_counts[29,5,1]",1,NA,0,1,1,1,1,1,NA,NA
"feature_counts[29,5,2]",3,NA,0,3,3,3,3,3,NA,NA
"feature_counts[29,5,3]",0,NA,0,0,0,0,0,0,NA,NA
"feature_counts[29,5,4]",1,NA,0,1,1,1,1,1,NA,NA
"feature_counts[29,5,5]",2,NA,0,2,2,2,2,2,NA,NA
"feature_counts[29,5,6]",2,NA,0,2,2,2,2,2,NA,NA
"feature_counts[29,5,7]",3,NA,0,3,3,3,3,3,NA,NA
"feature_counts[29,5,8]",0,NA,0,0,0,0,0,0,NA,NA
"feature_counts[30,1,1]",3,NA,0,3,3,3,3,3,NA,NA
"feature_counts[30,1,2]",0,NA,0,0,0,0,0,0,NA,NA
"feature_counts[30,1,3]",0,NA,0,0,0,0,0,0,NA,NA
"feature_counts[30,1,4]",3,NA,0,3,3,3,3,3,NA,NA
"feature_counts[30,1,5]",2,NA,0,2,2,2,2,2,NA,NA
"feature_counts[30,1,6]",2,NA,0,2,2,2,2,2,NA,NA
"feature_counts[30,1,7]",1,NA,0,1,1,1,1,1,NA,NA
"feature_counts[30,1,8]",1,NA,0,1,1,1,1,1,NA,NA
"feature_counts[30,2,1]",0,NA,0,0,0,0,0,0,NA,NA
"feature_counts[30,2,2]",1,NA,0,1,1,1,1,1,NA,NA
"feature_counts[30,2,3]",2,NA,0,2,2,2,2,2,NA,NA
"feature_counts[30,2,4]",3,NA,0,3,3,3,3,3,NA,NA
"feature_counts[30,2,5]",3,NA,0,3,3,3,3,3,NA,NA
"feature_counts[30,2,6]",0,NA,0,0,0,0,0,0,NA,NA
"feature_counts[30,2,7]",1,NA,0,1,1,1,1,1,NA,NA
"feature_counts[30,2,8]",2,NA,0,2,2,2,2,2,NA,NA
"feature_counts[30,3,1]",2,NA,0,2,2,2,2,2,NA,NA
"feature_counts[30,3,2]",3,NA,0,3,3,3,3,3,NA,NA
"feature_counts[30,3,3]",1,NA,0,1,1,1,1,1,NA,NA
"feature_counts[30,3,4]",0,NA,0,0,0,0,0,0,NA,NA
"feature_counts[30,3,5]",0,NA,0,0,0,0,0,0,NA,NA
"feature_counts[30,3,6]",2,NA,0,2,2,2,2,2,NA,NA
"feature_counts[30,3,7]",3,NA,0,3,3,3,3,3,NA,NA
"feature_counts[30,3,8]",1,NA,0,1,1,1,1,1,NA,NA
"feature_counts[30,4,1]",1,NA,0,1,1,1,1,1,NA,NA
"feature_counts[30,4,2]",1,NA,0,1,1,1,1,1,NA,NA
"feature_counts[30,4,3]",2,NA,0,2,2,2,2,2,NA,NA
"feature_counts[30,4,4]",0,NA,0,0,0,0,0,0,NA,NA
"feature_counts[30,4,5]",0,NA,0,0,0,0,0,0,NA,NA
"feature_counts[30,4,6]",2,NA,0,2,2,2,2,2,NA,NA
"feature_counts[30,4,7]",3,NA,0,3,3,3,3,3,NA,NA
"feature_counts[30,4,8]",3,NA,0,3,3,3,3,3,NA,NA
"feature_counts[30,5,1]",1,NA,0,1,1,1,1,1,NA,NA
"feature_counts[30,5,2]",3,NA,0,3,3,3,3,3,NA,NA
"feature_counts[30,5,3]",3,NA,0,3,3,3,3,3,NA,NA
"feature_counts[30,5,4]",1,NA,0,1,1,1,1,1,NA,NA
"feature_counts[30,5,5]",2,NA,0,2,2,2,2,2,NA,NA
"feature_counts[30,5,6]",2,NA,0,2,2,2,2,2,NA,NA
"feature_counts[30,5,7]",0,NA,0,0,0,0,0,0,NA,NA
"feature_counts[30,5,8]",0,NA,0,0,0,0,0,0,NA,NA
"feature_counts[31,1,1]",2,NA,0,2,2,2,2,2,NA,NA
"feature_counts[31,1,2]",0,NA,0,0,0,0,0,0,NA,NA
"feature_counts[31,1,3]",1,NA,0,1,1,1,1,1,NA,NA
"feature_counts[31,1,4]",1,NA,0,1,1,1,1,1,NA,NA
"feature_counts[31,1,5]",3,NA,0,3,3,3,3,3,NA,NA
"feature_counts[31,1,6]",2,NA,0,2,2,2,2,2,NA,NA
"feature_counts[31,1,7]",0,NA,0,0,0,0,0,0,NA,NA
"feature_counts[31,1,8]",3,NA,0,3,3,3,3,3,NA,NA
"feature_counts[31,2,1]",1,NA,0,1,1,1,1,1,NA,NA
"feature_counts[31,2,2]",1,NA,0,1,1,1,1,1,NA,NA
"feature_counts[31,2,3]",3,NA,0,3,3,3,3,3,NA,NA
"feature_counts[31,2,4]",3,NA,0,3,3,3,3,3,NA,NA
"feature_counts[31,2,5]",0,NA,0,0,0,0,0,0,NA,NA
"feature_counts[31,2,6]",2,NA,0,2,2,2,2,2,NA,NA
"feature_counts[31,2,7]",2,NA,0,2,2,2,2,2,NA,NA
"feature_counts[31,2,8]",0,NA,0,0,0,0,0,0,NA,NA
"feature_counts[31,3,1]",0,NA,0,0,0,0,0,0,NA,NA
"feature_counts[31,3,2]",2,NA,0,2,2,2,2,2,NA,NA
"feature_counts[31,3,3]",1,NA,0,1,1,1,1,1,NA,NA
"feature_counts[31,3,4]",1,NA,0,1,1,1,1,1,NA,NA
"feature_counts[31,3,5]",3,NA,0,3,3,3,3,3,NA,NA
"feature_counts[31,3,6]",0,NA,0,0,0,0,0,0,NA,NA
"feature_counts[31,3,7]",2,NA,0,2,2,2,2,2,NA,NA
"feature_counts[31,3,8]",3,NA,0,3,3,3,3,3,NA,NA
"feature_counts[31,4,1]",2,NA,0,2,2,2,2,2,NA,NA
"feature_counts[31,4,2]",2,NA,0,2,2,2,2,2,NA,NA
"feature_counts[31,4,3]",3,NA,0,3,3,3,3,3,NA,NA
"feature_counts[31,4,4]",3,NA,0,3,3,3,3,3,NA,NA
"feature_counts[31,4,5]",0,NA,0,0,0,0,0,0,NA,NA
"feature_counts[31,4,6]",1,NA,0,1,1,1,1,1,NA,NA
"feature_counts[31,4,7]",1,NA,0,1,1,1,1,1,NA,NA
"feature_counts[31,4,8]",0,NA,0,0,0,0,0,0,NA,NA
"feature_counts[31,5,1]",1,NA,0,1,1,1,1,1,NA,NA
"feature_counts[31,5,2]",2,NA,0,2,2,2,2,2,NA,NA
"feature_counts[31,5,3]",0,NA,0,0,0,0,0,0,NA,NA
"feature_counts[31,5,4]",0,NA,0,0,0,0,0,0,NA,NA
"feature_counts[31,5,5]",2,NA,0,2,2,2,2,2,NA,NA
"feature_counts[31,5,6]",3,NA,0,3,3,3,3,3,NA,NA
"feature_counts[31,5,7]",3,NA,0,3,3,3,3,3,NA,NA
"feature_counts[31,5,8]",1,NA,0,1,1,1,1,1,NA,NA
"feature_counts[32,1,1]",3,NA,0,3,3,3,3,3,NA,NA
"feature_counts[32,1,2]",0,NA,0,0,0,0,0,0,NA,NA
"feature_counts[32,1,3]",1,NA,0,1,1,1,1,1,NA,NA
"feature_counts[32,1,4]",1,NA,0,1,1,1,1,1,NA,NA
"feature_counts[32,1,5]",0,NA,0,0,0,0,0,0,NA,NA
"feature_counts[32,1,6]",2,NA,0,2,2,2,2,2,NA,NA
"feature_counts[32,1,7]",2,NA,0,2,2,2,2,2,NA,NA
"feature_counts[32,1,8]",3,NA,0,3,3,3,3,3,NA,NA
"feature_counts[32,2,1]",1,NA,0,1,1,1,1,1,NA,NA
"feature_counts[32,2,2]",1,NA,0,1,1,1,1,1,NA,NA
"feature_counts[32,2,3]",2,NA,0,2,2,2,2,2,NA,NA
"feature_counts[32,2,4]",0,NA,0,0,0,0,0,0,NA,NA
"feature_counts[32,2,5]",3,NA,0,3,3,3,3,3,NA,NA
"feature_counts[32,2,6]",2,NA,0,2,2,2,2,2,NA,NA
"feature_counts[32,2,7]",0,NA,0,0,0,0,0,0,NA,NA
"feature_counts[32,2,8]",3,NA,0,3,3,3,3,3,NA,NA
"feature_counts[32,3,1]",0,NA,0,0,0,0,0,0,NA,NA
"feature_counts[32,3,2]",2,NA,0,2,2,2,2,2,NA,NA
"feature_counts[32,3,3]",3,NA,0,3,3,3,3,3,NA,NA
"feature_counts[32,3,4]",3,NA,0,3,3,3,3,3,NA,NA
"feature_counts[32,3,5]",1,NA,0,1,1,1,1,1,NA,NA
"feature_counts[32,3,6]",1,NA,0,1,1,1,1,1,NA,NA
"feature_counts[32,3,7]",2,NA,0,2,2,2,2,2,NA,NA
"feature_counts[32,3,8]",0,NA,0,0,0,0,0,0,NA,NA
"feature_counts[32,4,1]",1,NA,0,1,1,1,1,1,NA,NA
"feature_counts[32,4,2]",3,NA,0,3,3,3,3,3,NA,NA
"feature_counts[32,4,3]",2,NA,0,2,2,2,2,2,NA,NA
"feature_counts[32,4,4]",2,NA,0,2,2,2,2,2,NA,NA
"feature_counts[32,4,5]",0,NA,0,0,0,0,0,0,NA,NA
"feature_counts[32,4,6]",0,NA,0,0,0,0,0,0,NA,NA
"feature_counts[32,4,7]",3,NA,0,3,3,3,3,3,NA,NA
"feature_counts[32,4,8]",1,NA,0,1,1,1,1,1,NA,NA
"feature_counts[32,5,1]",2,NA,0,2,2,2,2,2,NA,NA
"feature_counts[32,5,2]",2,NA,0,2,2,2,2,2,NA,NA
"feature_counts[32,5,3]",0,NA,0,0,0,0,0,0,NA,NA
"feature_counts[32,5,4]",1,NA,0,1,1,1,1,1,NA,NA
"feature_counts[32,5,5]",3,NA,0,3,3,3,3,3,NA,NA
"feature_counts[32,5,6]",3,NA,0,3,3,3,3,3,NA,NA
"feature_counts[32,5,7]",1,NA,0,1,1,1,1,1,NA,NA
"feature_counts[32,5,8]",0,NA,0,0,0,0,0,0,NA,NA
"feature_counts[33,1,1]",1,NA,0,1,1,1,1,1,NA,NA
"feature_counts[33,1,2]",3,NA,0,3,3,3,3,3,NA,NA
"feature_counts[33,1,3]",0,NA,0,0,0,0,0,0,NA,NA
"feature_counts[33,1,4]",0,NA,0,0,0,0,0,0,NA,NA
"feature_counts[33,1,5]",3,NA,0,3,3,3,3,3,NA,NA
"feature_counts[33,1,6]",2,NA,0,2,2,2,2,2,NA,NA
"feature_counts[33,1,7]",2,NA,0,2,2,2,2,2,NA,NA
"feature_counts[33,1,8]",1,NA,0,1,1,1,1,1,NA,NA
"feature_counts[33,2,1]",3,NA,0,3,3,3,3,3,NA,NA
"feature_counts[33,2,2]",2,NA,0,2,2,2,2,2,NA,NA
"feature_counts[33,2,3]",2,NA,0,2,2,2,2,2,NA,NA
"feature_counts[33,2,4]",1,NA,0,1,1,1,1,1,NA,NA
"feature_counts[33,2,5]",0,NA,0,0,0,0,0,0,NA,NA
"feature_counts[33,2,6]",0,NA,0,0,0,0,0,0,NA,NA
"feature_counts[33,2,7]",1,NA,0,1,1,1,1,1,NA,NA
"feature_counts[33,2,8]",3,NA,0,3,3,3,3,3,NA,NA
"feature_counts[33,3,1]",0,NA,0,0,0,0,0,0,NA,NA
"feature_counts[33,3,2]",3,NA,0,3,3,3,3,3,NA,NA
"feature_counts[33,3,3]",2,NA,0,2,2,2,2,2,NA,NA
"feature_counts[33,3,4]",2,NA,0,2,2,2,2,2,NA,NA
"feature_counts[33,3,5]",1,NA,0,1,1,1,1,1,NA,NA
"feature_counts[33,3,6]",1,NA,0,1,1,1,1,1,NA,NA
"feature_counts[33,3,7]",3,NA,0,3,3,3,3,3,NA,NA
"feature_counts[33,3,8]",0,NA,0,0,0,0,0,0,NA,NA
"feature_counts[33,4,1]",2,NA,0,2,2,2,2,2,NA,NA
"feature_counts[33,4,2]",0,NA,0,0,0,0,0,0,NA,NA
"feature_counts[33,4,3]",1,NA,0,1,1,1,1,1,NA,NA
"feature_counts[33,4,4]",1,NA,0,1,1,1,1,1,NA,NA
"feature_counts[33,4,5]",3,NA,0,3,3,3,3,3,NA,NA
"feature_counts[33,4,6]",3,NA,0,3,3,3,3,3,NA,NA
"feature_counts[33,4,7]",0,NA,0,0,0,0,0,0,NA,NA
"feature_counts[33,4,8]",2,NA,0,2,2,2,2,2,NA,NA
"feature_counts[33,5,1]",0,NA,0,0,0,0,0,0,NA,NA
"feature_counts[33,5,2]",0,NA,0,0,0,0,0,0,NA,NA
"feature_counts[33,5,3]",3,NA,0,3,3,3,3,3,NA,NA
"feature_counts[33,5,4]",3,NA,0,3,3,3,3,3,NA,NA
"feature_counts[33,5,5]",1,NA,0,1,1,1,1,1,NA,NA
"feature_counts[33,5,6]",1,NA,0,1,1,1,1,1,NA,NA
"feature_counts[33,5,7]",2,NA,0,2,2,2,2,2,NA,NA
"feature_counts[33,5,8]",2,NA,0,2,2,2,2,2,NA,NA
"feature_counts[34,1,1]",3,NA,0,3,3,3,3,3,NA,NA
"feature_counts[34,1,2]",0,NA,0,0,0,0,0,0,NA,NA
"feature_counts[34,1,3]",1,NA,0,1,1,1,1,1,NA,NA
"feature_counts[34,1,4]",2,NA,0,2,2,2,2,2,NA,NA
"feature_counts[34,1,5]",2,NA,0,2,2,2,2,2,NA,NA
"feature_counts[34,1,6]",3,NA,0,3,3,3,3,3,NA,NA
"feature_counts[34,1,7]",0,NA,0,0,0,0,0,0,NA,NA
"feature_counts[34,1,8]",1,NA,0,1,1,1,1,1,NA,NA
"feature_counts[34,2,1]",2,NA,0,2,2,2,2,2,NA,NA
"feature_counts[34,2,2]",2,NA,0,2,2,2,2,2,NA,NA
"feature_counts[34,2,3]",1,NA,0,1,1,1,1,1,NA,NA
"feature_counts[34,2,4]",0,NA,0,0,0,0,0,0,NA,NA
"feature_counts[34,2,5]",0,NA,0,0,0,0,0,0,NA,NA
"feature_counts[34,2,6]",1,NA,0,1,1,1,1,1,NA,NA
"feature_counts[34,2,7]",3,NA,0,3,3,3,3,3,NA,NA
"feature_counts[34,2,8]",3,NA,0,3,3,3,3,3,NA,NA
"feature_counts[34,3,1]",1,NA,0,1,1,1,1,1,NA,NA
"feature_counts[34,3,2]",2,NA,0,2,2,2,2,2,NA,NA
"feature_counts[34,3,3]",3,NA,0,3,3,3,3,3,NA,NA
"feature_counts[34,3,4]",3,NA,0,3,3,3,3,3,NA,NA
"feature_counts[34,3,5]",2,NA,0,2,2,2,2,2,NA,NA
"feature_counts[34,3,6]",1,NA,0,1,1,1,1,1,NA,NA
"feature_counts[34,3,7]",0,NA,0,0,0,0,0,0,NA,NA
"feature_counts[34,3,8]",0,NA,0,0,0,0,0,0,NA,NA
"feature_counts[34,4,1]",1,NA,0,1,1,1,1,1,NA,NA
"feature_counts[34,4,2]",3,NA,0,3,3,3,3,3,NA,NA
"feature_counts[34,4,3]",0,NA,0,0,0,0,0,0,NA,NA
"feature_counts[34,4,4]",1,NA,0,1,1,1,1,1,NA,NA
"feature_counts[34,4,5]",2,NA,0,2,2,2,2,2,NA,NA
"feature_counts[34,4,6]",2,NA,0,2,2,2,2,2,NA,NA
"feature_counts[34,4,7]",3,NA,0,3,3,3,3,3,NA,NA
"feature_counts[34,4,8]",0,NA,0,0,0,0,0,0,NA,NA
"feature_counts[34,5,1]",0,NA,0,0,0,0,0,0,NA,NA
"feature_counts[34,5,2]",1,NA,0,1,1,1,1,1,NA,NA
"feature_counts[34,5,3]",3,NA,0,3,3,3,3,3,NA,NA
"feature_counts[34,5,4]",2,NA,0,2,2,2,2,2,NA,NA
"feature_counts[34,5,5]",1,NA,0,1,1,1,1,1,NA,NA
"feature_counts[34,5,6]",0,NA,0,0,0,0,0,0,NA,NA
"feature_counts[34,5,7]",2,NA,0,2,2,2,2,2,NA,NA
"feature_counts[34,5,8]",3,NA,0,3,3,3,3,3,NA,NA
"feature_counts[35,1,1]",1,NA,0,1,1,1,1,1,NA,NA
"feature_counts[35,1,2]",1,NA,0,1,1,1,1,1,NA,NA
"feature_counts[35,1,3]",0,NA,0,0,0,0,0,0,NA,NA
"feature_counts[35,1,4]",3,NA,0,3,3,3,3,3,NA,NA
"feature_counts[35,1,5]",2,NA,0,2,2,2,2,2,NA,NA
"feature_counts[35,1,6]",2,NA,0,2,2,2,2,2,NA,NA
"feature_counts[35,1,7]",3,NA,0,3,3,3,3,3,NA,NA
"feature_counts[35,1,8]",0,NA,0,0,0,0,0,0,NA,NA
"feature_counts[35,2,1]",1,NA,0,1,1,1,1,1,NA,NA
"feature_counts[35,2,2]",3,NA,0,3,3,3,3,3,NA,NA
"feature_counts[35,2,3]",3,NA,0,3,3,3,3,3,NA,NA
"feature_counts[35,2,4]",0,NA,0,0,0,0,0,0,NA,NA
"feature_counts[35,2,5]",0,NA,0,0,0,0,0,0,NA,NA
"feature_counts[35,2,6]",2,NA,0,2,2,2,2,2,NA,NA
"feature_counts[35,2,7]",2,NA,0,2,2,2,2,2,NA,NA
"feature_counts[35,2,8]",1,NA,0,1,1,1,1,1,NA,NA
"feature_counts[35,3,1]",3,NA,0,3,3,3,3,3,NA,NA
"feature_counts[35,3,2]",2,NA,0,2,2,2,2,2,NA,NA
"feature_counts[35,3,3]",0,NA,0,0,0,0,0,0,NA,NA
"feature_counts[35,3,4]",0,NA,0,0,0,0,0,0,NA,NA
"feature_counts[35,3,5]",2,NA,0,2,2,2,2,2,NA,NA
"feature_counts[35,3,6]",1,NA,0,1,1,1,1,1,NA,NA
"feature_counts[35,3,7]",1,NA,0,1,1,1,1,1,NA,NA
"feature_counts[35,3,8]",3,NA,0,3,3,3,3,3,NA,NA
"feature_counts[35,4,1]",3,NA,0,3,3,3,3,3,NA,NA
"feature_counts[35,4,2]",0,NA,0,0,0,0,0,0,NA,NA
"feature_counts[35,4,3]",2,NA,0,2,2,2,2,2,NA,NA
"feature_counts[35,4,4]",2,NA,0,2,2,2,2,2,NA,NA
"feature_counts[35,4,5]",1,NA,0,1,1,1,1,1,NA,NA
"feature_counts[35,4,6]",3,NA,0,3,3,3,3,3,NA,NA
"feature_counts[35,4,7]",0,NA,0,0,0,0,0,0,NA,NA
"feature_counts[35,4,8]",1,NA,0,1,1,1,1,1,NA,NA
"feature_counts[35,5,1]",0,NA,0,0,0,0,0,0,NA,NA
"feature_counts[35,5,2]",2,NA,0,2,2,2,2,2,NA,NA
"feature_counts[35,5,3]",3,NA,0,3,3,3,3,3,NA,NA
"feature_counts[35,5,4]",3,NA,0,3,3,3,3,3,NA,NA
"feature_counts[35,5,5]",2,NA,0,2,2,2,2,2,NA,NA
"feature_counts[35,5,6]",0,NA,0,0,0,0,0,0,NA,NA
"feature_counts[35,5,7]",1,NA,0,1,1,1,1,1,NA,NA
"feature_counts[35,5,8]",1,NA,0,1,1,1,1,1,NA,NA
"feature_counts[36,1,1]",1,NA,0,1,1,1,1,1,NA,NA
"feature_counts[36,1,2]",0,NA,0,0,0,0,0,0,NA,NA
"feature_counts[36,1,3]",2,NA,0,2,2,2,2,2,NA,NA
"feature_counts[36,1,4]",3,NA,0,3,3,3,3,3,NA,NA
"feature_counts[36,1,5]",3,NA,0,3,3,3,3,3,NA,NA
"feature_counts[36,1,6]",1,NA,0,1,1,1,1,1,NA,NA
"feature_counts[36,1,7]",0,NA,0,0,0,0,0,0,NA,NA
"feature_counts[36,1,8]",2,NA,0,2,2,2,2,2,NA,NA
"feature_counts[36,2,1]",3,NA,0,3,3,3,3,3,NA,NA
"feature_counts[36,2,2]",2,NA,0,2,2,2,2,2,NA,NA
"feature_counts[36,2,3]",2,NA,0,2,2,2,2,2,NA,NA
"feature_counts[36,2,4]",3,NA,0,3,3,3,3,3,NA,NA
"feature_counts[36,2,5]",0,NA,0,0,0,0,0,0,NA,NA
"feature_counts[36,2,6]",1,NA,0,1,1,1,1,1,NA,NA
"feature_counts[36,2,7]",1,NA,0,1,1,1,1,1,NA,NA
"feature_counts[36,2,8]",0,NA,0,0,0,0,0,0,NA,NA
"feature_counts[36,3,1]",0,NA,0,0,0,0,0,0,NA,NA
"feature_counts[36,3,2]",2,NA,0,2,2,2,2,2,NA,NA
"feature_counts[36,3,3]",1,NA,0,1,1,1,1,1,NA,NA
"feature_counts[36,3,4]",0,NA,0,0,0,0,0,0,NA,NA
"feature_counts[36,3,5]",2,NA,0,2,2,2,2,2,NA,NA
"feature_counts[36,3,6]",3,NA,0,3,3,3,3,3,NA,NA
"feature_counts[36,3,7]",3,NA,0,3,3,3,3,3,NA,NA
"feature_counts[36,3,8]",1,NA,0,1,1,1,1,1,NA,NA
"feature_counts[36,4,1]",2,NA,0,2,2,2,2,2,NA,NA
"feature_counts[36,4,2]",3,NA,0,3,3,3,3,3,NA,NA
"feature_counts[36,4,3]",0,NA,0,0,0,0,0,0,NA,NA
"feature_counts[36,4,4]",1,NA,0,1,1,1,1,1,NA,NA
"feature_counts[36,4,5]",3,NA,0,3,3,3,3,3,NA,NA
"feature_counts[36,4,6]",0,NA,0,0,0,0,0,0,NA,NA
"feature_counts[36,4,7]",1,NA,0,1,1,1,1,1,NA,NA
"feature_counts[36,4,8]",2,NA,0,2,2,2,2,2,NA,NA
"feature_counts[36,5,1]",1,NA,0,1,1,1,1,1,NA,NA
"feature_counts[36,5,2]",1,NA,0,1,1,1,1,1,NA,NA
"feature_counts[36,5,3]",3,NA,0,3,3,3,3,3,NA,NA
"feature_counts[36,5,4]",0,NA,0,0,0,0,0,0,NA,NA
"feature_counts[36,5,5]",0,NA,0,0,0,0,0,0,NA,NA
"feature_counts[36,5,6]",3,NA,0,3,3,3,3,3,NA,NA
"feature_counts[36,5,7]",2,NA,0,2,2,2,2,2,NA,NA
"feature_counts[36,5,8]",2,NA,0,2,2,2,2,2,NA,NA
"feature_counts[37,1,1]",2,NA,0,2,2,2,2,2,NA,NA
"feature_counts[37,1,2]",3,NA,0,3,3,3,3,3,NA,NA
"feature_counts[37,1,3]",3,NA,0,3,3,3,3,3,NA,NA
"feature_counts[37,1,4]",2,NA,0,2,2,2,2,2,NA,NA
"feature_counts[37,1,5]",0,NA,0,0,0,0,0,0,NA,NA
"feature_counts[37,1,6]",0,NA,0,0,0,0,0,0,NA,NA
"feature_counts[37,1,7]",1,NA,0,1,1,1,1,1,NA,NA
"feature_counts[37,1,8]",1,NA,0,1,1,1,1,1,NA,NA
"feature_counts[37,2,1]",1,NA,0,1,1,1,1,1,NA,NA
"feature_counts[37,2,2]",1,NA,0,1,1,1,1,1,NA,NA
"feature_counts[37,2,3]",2,NA,0,2,2,2,2,2,NA,NA
"feature_counts[37,2,4]",2,NA,0,2,2,2,2,2,NA,NA
"feature_counts[37,2,5]",3,NA,0,3,3,3,3,3,NA,NA
"feature_counts[37,2,6]",3,NA,0,3,3,3,3,3,NA,NA
"feature_counts[37,2,7]",0,NA,0,0,0,0,0,0,NA,NA
"feature_counts[37,2,8]",0,NA,0,0,0,0,0,0,NA,NA
"feature_counts[37,3,1]",0,NA,0,0,0,0,0,0,NA,NA
"feature_counts[37,3,2]",1,NA,0,1,1,1,1,1,NA,NA
"feature_counts[37,3,3]",3,NA,0,3,3,3,3,3,NA,NA
"feature_counts[37,3,4]",0,NA,0,0,0,0,0,0,NA,NA
"feature_counts[37,3,5]",1,NA,0,1,1,1,1,1,NA,NA
"feature_counts[37,3,6]",2,NA,0,2,2,2,2,2,NA,NA
"feature_counts[37,3,7]",2,NA,0,2,2,2,2,2,NA,NA
"feature_counts[37,3,8]",3,NA,0,3,3,3,3,3,NA,NA
"feature_counts[37,4,1]",2,NA,0,2,2,2,2,2,NA,NA
"feature_counts[37,4,2]",2,NA,0,2,2,2,2,2,NA,NA
"feature_counts[37,4,3]",0,NA,0,0,0,0,0,0,NA,NA
"feature_counts[37,4,4]",1,NA,0,1,1,1,1,1,NA,NA
"feature_counts[37,4,5]",1,NA,0,1,1,1,1,1,NA,NA
"feature_counts[37,4,6]",0,NA,0,0,0,0,0,0,NA,NA
"feature_counts[37,4,7]",3,NA,0,3,3,3,3,3,NA,NA
"feature_counts[37,4,8]",3,NA,0,3,3,3,3,3,NA,NA
"feature_counts[37,5,1]",3,NA,0,3,3,3,3,3,NA,NA
"feature_counts[37,5,2]",0,NA,0,0,0,0,0,0,NA,NA
"feature_counts[37,5,3]",0,NA,0,0,0,0,0,0,NA,NA
"feature_counts[37,5,4]",2,NA,0,2,2,2,2,2,NA,NA
"feature_counts[37,5,5]",2,NA,0,2,2,2,2,2,NA,NA
"feature_counts[37,5,6]",3,NA,0,3,3,3,3,3,NA,NA
"feature_counts[37,5,7]",1,NA,0,1,1,1,1,1,NA,NA
"feature_counts[37,5,8]",1,NA,0,1,1,1,1,1,NA,NA
"feature_counts[38,1,1]",1,NA,0,1,1,1,1,1,NA,NA
"feature_counts[38,1,2]",0,NA,0,0,0,0,0,0,NA,NA
"feature_counts[38,1,3]",0,NA,0,0,0,0,0,0,NA,NA
"feature_counts[38,1,4]",2,NA,0,2,2,2,2,2,NA,NA
"feature_counts[38,1,5]",2,NA,0,2,2,2,2,2,NA,NA
"feature_counts[38,1,6]",3,NA,0,3,3,3,3,3,NA,NA
"feature_counts[38,1,7]",3,NA,0,3,3,3,3,3,NA,NA
"feature_counts[38,1,8]",1,NA,0,1,1,1,1,1,NA,NA
"feature_counts[38,2,1]",2,NA,0,2,2,2,2,2,NA,NA
"feature_counts[38,2,2]",3,NA,0,3,3,3,3,3,NA,NA
"feature_counts[38,2,3]",3,NA,0,3,3,3,3,3,NA,NA
"feature_counts[38,2,4]",2,NA,0,2,2,2,2,2,NA,NA
"feature_counts[38,2,5]",1,NA,0,1,1,1,1,1,NA,NA
"feature_counts[38,2,6]",1,NA,0,1,1,1,1,1,NA,NA
"feature_counts[38,2,7]",0,NA,0,0,0,0,0,0,NA,NA
"feature_counts[38,2,8]",0,NA,0,0,0,0,0,0,NA,NA
"feature_counts[38,3,1]",1,NA,0,1,1,1,1,1,NA,NA
"feature_counts[38,3,2]",2,NA,0,2,2,2,2,2,NA,NA
"feature_counts[38,3,3]",3,NA,0,3,3,3,3,3,NA,NA
"feature_counts[38,3,4]",0,NA,0,0,0,0,0,0,NA,NA
"feature_counts[38,3,5]",0,NA,0,0,0,0,0,0,NA,NA
"feature_counts[38,3,6]",3,NA,0,3,3,3,3,3,NA,NA
"feature_counts[38,3,7]",2,NA,0,2,2,2,2,2,NA,NA
"feature_counts[38,3,8]",1,NA,0,1,1,1,1,1,NA,NA
"feature_counts[38,4,1]",0,NA,0,0,0,0,0,0,NA,NA
"feature_counts[38,4,2]",0,NA,0,0,0,0,0,0,NA,NA
"feature_counts[38,4,3]",2,NA,0,2,2,2,2,2,NA,NA
"feature_counts[38,4,4]",2,NA,0,2,2,2,2,2,NA,NA
"feature_counts[38,4,5]",3,NA,0,3,3,3,3,3,NA,NA
"feature_counts[38,4,6]",1,NA,0,1,1,1,1,1,NA,NA
"feature_counts[38,4,7]",1,NA,0,1,1,1,1,1,NA,NA
"feature_counts[38,4,8]",3,NA,0,3,3,3,3,3,NA,NA
"feature_counts[38,5,1]",3,NA,0,3,3,3,3,3,NA,NA
"feature_counts[38,5,2]",3,NA,0,3,3,3,3,3,NA,NA
"feature_counts[38,5,3]",0,NA,0,0,0,0,0,0,NA,NA
"feature_counts[38,5,4]",1,NA,0,1,1,1,1,1,NA,NA
"feature_counts[38,5,5]",2,NA,0,2,2,2,2,2,NA,NA
"feature_counts[38,5,6]",0,NA,0,0,0,0,0,0,NA,NA
"feature_counts[38,5,7]",1,NA,0,1,1,1,1,1,NA,NA
"feature_counts[38,5,8]",2,NA,0,2,2,2,2,2,NA,NA
"feature_counts[39,1,1]",3,NA,0,3,3,3,3,3,NA,NA
"feature_counts[39,1,2]",0,NA,0,0,0,0,0,0,NA,NA
"feature_counts[39,1,3]",2,NA,0,2,2,2,2,2,NA,NA
"feature_counts[39,1,4]",3,NA,0,3,3,3,3,3,NA,NA
"feature_counts[39,1,5]",0,NA,0,0,0,0,0,0,NA,NA
"feature_counts[39,1,6]",1,NA,0,1,1,1,1,1,NA,NA
"feature_counts[39,1,7]",1,NA,0,1,1,1,1,1,NA,NA
"feature_counts[39,1,8]",2,NA,0,2,2,2,2,2,NA,NA
"feature_counts[39,2,1]",3,NA,0,3,3,3,3,3,NA,NA
"feature_counts[39,2,2]",1,NA,0,1,1,1,1,1,NA,NA
"feature_counts[39,2,3]",0,NA,0,0,0,0,0,0,NA,NA
"feature_counts[39,2,4]",0,NA,0,0,0,0,0,0,NA,NA
"feature_counts[39,2,5]",2,NA,0,2,2,2,2,2,NA,NA
"feature_counts[39,2,6]",3,NA,0,3,3,3,3,3,NA,NA
"feature_counts[39,2,7]",1,NA,0,1,1,1,1,1,NA,NA
"feature_counts[39,2,8]",2,NA,0,2,2,2,2,2,NA,NA
"feature_counts[39,3,1]",0,NA,0,0,0,0,0,0,NA,NA
"feature_counts[39,3,2]",3,NA,0,3,3,3,3,3,NA,NA
"feature_counts[39,3,3]",1,NA,0,1,1,1,1,1,NA,NA
"feature_counts[39,3,4]",1,NA,0,1,1,1,1,1,NA,NA
"feature_counts[39,3,5]",3,NA,0,3,3,3,3,3,NA,NA
"feature_counts[39,3,6]",0,NA,0,0,0,0,0,0,NA,NA
"feature_counts[39,3,7]",2,NA,0,2,2,2,2,2,NA,NA
"feature_counts[39,3,8]",2,NA,0,2,2,2,2,2,NA,NA
"feature_counts[39,4,1]",2,NA,0,2,2,2,2,2,NA,NA
"feature_counts[39,4,2]",3,NA,0,3,3,3,3,3,NA,NA
"feature_counts[39,4,3]",3,NA,0,3,3,3,3,3,NA,NA
"feature_counts[39,4,4]",2,NA,0,2,2,2,2,2,NA,NA
"feature_counts[39,4,5]",1,NA,0,1,1,1,1,1,NA,NA
"feature_counts[39,4,6]",1,NA,0,1,1,1,1,1,NA,NA
"feature_counts[39,4,7]",0,NA,0,0,0,0,0,0,NA,NA
"feature_counts[39,4,8]",0,NA,0,0,0,0,0,0,NA,NA
"feature_counts[39,5,1]",0,NA,0,0,0,0,0,0,NA,NA
"feature_counts[39,5,2]",1,NA,0,1,1,1,1,1,NA,NA
"feature_counts[39,5,3]",2,NA,0,2,2,2,2,2,NA,NA
"feature_counts[39,5,4]",0,NA,0,0,0,0,0,0,NA,NA
"feature_counts[39,5,5]",1,NA,0,1,1,1,1,1,NA,NA
"feature_counts[39,5,6]",3,NA,0,3,3,3,3,3,NA,NA
"feature_counts[39,5,7]",3,NA,0,3,3,3,3,3,NA,NA
"feature_counts[39,5,8]",2,NA,0,2,2,2,2,2,NA,NA
"feature_counts[40,1,1]",2,NA,0,2,2,2,2,2,NA,NA
"feature_counts[40,1,2]",3,NA,0,3,3,3,3,3,NA,NA
"feature_counts[40,1,3]",1,NA,0,1,1,1,1,1,NA,NA
"feature_counts[40,1,4]",0,NA,0,0,0,0,0,0,NA,NA
"feature_counts[40,1,5]",0,NA,0,0,0,0,0,0,NA,NA
"feature_counts[40,1,6]",1,NA,0,1,1,1,1,1,NA,NA
"feature_counts[40,1,7]",3,NA,0,3,3,3,3,3,NA,NA
"feature_counts[40,1,8]",2,NA,0,2,2,2,2,2,NA,NA
"feature_counts[40,2,1]",3,NA,0,3,3,3,3,3,NA,NA
"feature_counts[40,2,2]",0,NA,0,0,0,0,0,0,NA,NA
"feature_counts[40,2,3]",1,NA,0,1,1,1,1,1,NA,NA
"feature_counts[40,2,4]",1,NA,0,1,1,1,1,1,NA,NA
"feature_counts[40,2,5]",2,NA,0,2,2,2,2,2,NA,NA
"feature_counts[40,2,6]",3,NA,0,3,3,3,3,3,NA,NA
"feature_counts[40,2,7]",0,NA,0,0,0,0,0,0,NA,NA
"feature_counts[40,2,8]",2,NA,0,2,2,2,2,2,NA,NA
"feature_counts[40,3,1]",1,NA,0,1,1,1,1,1,NA,NA
"feature_counts[40,3,2]",3,NA,0,3,3,3,3,3,NA,NA
"feature_counts[40,3,3]",3,NA,0,3,3,3,3,3,NA,NA
"feature_counts[40,3,4]",2,NA,0,2,2,2,2,2,NA,NA
"feature_counts[40,3,5]",2,NA,0,2,2,2,2,2,NA,NA
"feature_counts[40,3,6]",1,NA,0,1,1,1,1,1,NA,NA
"feature_counts[40,3,7]",0,NA,0,0,0,0,0,0,NA,NA
"feature_counts[40,3,8]",0,NA,0,0,0,0,0,0,NA,NA
"feature_counts[40,4,1]",0,NA,0,0,0,0,0,0,NA,NA
"feature_counts[40,4,2]",1,NA,0,1,1,1,1,1,NA,NA
"feature_counts[40,4,3]",2,NA,0,2,2,2,2,2,NA,NA
"feature_counts[40,4,4]",2,NA,0,2,2,2,2,2,NA,NA
"feature_counts[40,4,5]",1,NA,0,1,1,1,1,1,NA,NA
"feature_counts[40,4,6]",0,NA,0,0,0,0,0,0,NA,NA
"feature_counts[40,4,7]",3,NA,0,3,3,3,3,3,NA,NA
"feature_counts[40,4,8]",3,NA,0,3,3,3,3,3,NA,NA
"feature_counts[40,5,1]",1,NA,0,1,1,1,1,1,NA,NA
"feature_counts[40,5,2]",1,NA,0,1,1,1,1,1,NA,NA
"feature_counts[40,5,3]",0,NA,0,0,0,0,0,0,NA,NA
"feature_counts[40,5,4]",2,NA,0,2,2,2,2,2,NA,NA
"feature_counts[40,5,5]",3,NA,0,3,3,3,3,3,NA,NA
"feature_counts[40,5,6]",3,NA,0,3,3,3,3,3,NA,NA
"feature_counts[40,5,7]",2,NA,0,2,2,2,2,2,NA,NA
"feature_counts[40,5,8]",0,NA,0,0,0,0,0,0,NA,NA
"feature_counts[41,1,1]",0,NA,0,0,0,0,0,0,NA,NA
"feature_counts[41,1,2]",2,NA,0,2,2,2,2,2,NA,NA
"feature_counts[41,1,3]",2,NA,0,2,2,2,2,2,NA,NA
"feature_counts[41,1,4]",3,NA,0,3,3,3,3,3,NA,NA
"feature_counts[41,1,5]",1,NA,0,1,1,1,1,1,NA,NA
"feature_counts[41,1,6]",0,NA,0,0,0,0,0,0,NA,NA
"feature_counts[41,1,7]",3,NA,0,3,3,3,3,3,NA,NA
"feature_counts[41,1,8]",1,NA,0,1,1,1,1,1,NA,NA
"feature_counts[41,2,1]",0,NA,0,0,0,0,0,0,NA,NA
"feature_counts[41,2,2]",2,NA,0,2,2,2,2,2,NA,NA
"feature_counts[41,2,3]",3,NA,0,3,3,3,3,3,NA,NA
"feature_counts[41,2,4]",0,NA,0,0,0,0,0,0,NA,NA
"feature_counts[41,2,5]",2,NA,0,2,2,2,2,2,NA,NA
"feature_counts[41,2,6]",3,NA,0,3,3,3,3,3,NA,NA
"feature_counts[41,2,7]",1,NA,0,1,1,1,1,1,NA,NA
"feature_counts[41,2,8]",1,NA,0,1,1,1,1,1,NA,NA
"feature_counts[41,3,1]",2,NA,0,2,2,2,2,2,NA,NA
"feature_counts[41,3,2]",2,NA,0,2,2,2,2,2,NA,NA
"feature_counts[41,3,3]",0,NA,0,0,0,0,0,0,NA,NA
"feature_counts[41,3,4]",0,NA,0,0,0,0,0,0,NA,NA
"feature_counts[41,3,5]",1,NA,0,1,1,1,1,1,NA,NA
"feature_counts[41,3,6]",1,NA,0,1,1,1,1,1,NA,NA
"feature_counts[41,3,7]",3,NA,0,3,3,3,3,3,NA,NA
"feature_counts[41,3,8]",3,NA,0,3,3,3,3,3,NA,NA
"feature_counts[41,4,1]",3,NA,0,3,3,3,3,3,NA,NA
"feature_counts[41,4,2]",0,NA,0,0,0,0,0,0,NA,NA
"feature_counts[41,4,3]",1,NA,0,1,1,1,1,1,NA,NA
"feature_counts[41,4,4]",1,NA,0,1,1,1,1,1,NA,NA
"feature_counts[41,4,5]",2,NA,0,2,2,2,2,2,NA,NA
"feature_counts[41,4,6]",2,NA,0,2,2,2,2,2,NA,NA
"feature_counts[41,4,7]",0,NA,0,0,0,0,0,0,NA,NA
"feature_counts[41,4,8]",3,NA,0,3,3,3,3,3,NA,NA
"feature_counts[41,5,1]",3,NA,0,3,3,3,3,3,NA,NA
"feature_counts[41,5,2]",1,NA,0,1,1,1,1,1,NA,NA
"feature_counts[41,5,3]",2,NA,0,2,2,2,2,2,NA,NA
"feature_counts[41,5,4]",3,NA,0,3,3,3,3,3,NA,NA
"feature_counts[41,5,5]",0,NA,0,0,0,0,0,0,NA,NA
"feature_counts[41,5,6]",2,NA,0,2,2,2,2,2,NA,NA
"feature_counts[41,5,7]",1,NA,0,1,1,1,1,1,NA,NA
"feature_counts[41,5,8]",0,NA,0,0,0,0,0,0,NA,NA
"feature_counts[42,1,1]",2,NA,0,2,2,2,2,2,NA,NA
"feature_counts[42,1,2]",2,NA,0,2,2,2,2,2,NA,NA
"feature_counts[42,1,3]",0,NA,0,0,0,0,0,0,NA,NA
"feature_counts[42,1,4]",0,NA,0,0,0,0,0,0,NA,NA
"feature_counts[42,1,5]",1,NA,0,1,1,1,1,1,NA,NA
"feature_counts[42,1,6]",1,NA,0,1,1,1,1,1,NA,NA
"feature_counts[42,1,7]",3,NA,0,3,3,3,3,3,NA,NA
"feature_counts[42,1,8]",3,NA,0,3,3,3,3,3,NA,NA
"feature_counts[42,2,1]",0,NA,0,0,0,0,0,0,NA,NA
"feature_counts[42,2,2]",3,NA,0,3,3,3,3,3,NA,NA
"feature_counts[42,2,3]",3,NA,0,3,3,3,3,3,NA,NA
"feature_counts[42,2,4]",2,NA,0,2,2,2,2,2,NA,NA
"feature_counts[42,2,5]",1,NA,0,1,1,1,1,1,NA,NA
"feature_counts[42,2,6]",0,NA,0,0,0,0,0,0,NA,NA
"feature_counts[42,2,7]",2,NA,0,2,2,2,2,2,NA,NA
"feature_counts[42,2,8]",1,NA,0,1,1,1,1,1,NA,NA
"feature_counts[42,3,1]",1,NA,0,1,1,1,1,1,NA,NA
"feature_counts[42,3,2]",1,NA,0,1,1,1,1,1,NA,NA
"feature_counts[42,3,3]",3,NA,0,3,3,3,3,3,NA,NA
"feature_counts[42,3,4]",3,NA,0,3,3,3,3,3,NA,NA
"feature_counts[42,3,5]",2,NA,0,2,2,2,2,2,NA,NA
"feature_counts[42,3,6]",0,NA,0,0,0,0,0,0,NA,NA
"feature_counts[42,3,7]",0,NA,0,0,0,0,0,0,NA,NA
"feature_counts[42,3,8]",2,NA,0,2,2,2,2,2,NA,NA
"feature_counts[42,4,1]",2,NA,0,2,2,2,2,2,NA,NA
"feature_counts[42,4,2]",2,NA,0,2,2,2,2,2,NA,NA
"feature_counts[42,4,3]",1,NA,0,1,1,1,1,1,NA,NA
"feature_counts[42,4,4]",1,NA,0,1,1,1,1,1,NA,NA
"feature_counts[42,4,5]",3,NA,0,3,3,3,3,3,NA,NA
"feature_counts[42,4,6]",3,NA,0,3,3,3,3,3,NA,NA
"feature_counts[42,4,7]",0,NA,0,0,0,0,0,0,NA,NA
"feature_counts[42,4,8]",0,NA,0,0,0,0,0,0,NA,NA
"feature_counts[42,5,1]",3,NA,0,3,3,3,3,3,NA,NA
"feature_counts[42,5,2]",0,NA,0,0,0,0,0,0,NA,NA
"feature_counts[42,5,3]",1,NA,0,1,1,1,1,1,NA,NA
"feature_counts[42,5,4]",2,NA,0,2,2,2,2,2,NA,NA
"feature_counts[42,5,5]",0,NA,0,0,0,0,0,0,NA,NA
"feature_counts[42,5,6]",3,NA,0,3,3,3,3,3,NA,NA
"feature_counts[42,5,7]",2,NA,0,2,2,2,2,2,NA,NA
"feature_counts[42,5,8]",1,NA,0,1,1,1,1,1,NA,NA
"feature_counts[43,1,1]",3,NA,0,3,3,3,3,3,NA,NA
"feature_counts[43,1,2]",3,NA,0,3,3,3,3,3,NA,NA
"feature_counts[43,1,3]",1,NA,0,1,1,1,1,1,NA,NA
"feature_counts[43,1,4]",1,NA,0,1,1,1,1,1,NA,NA
"feature_counts[43,1,5]",0,NA,0,0,0,0,0,0,NA,NA
"feature_counts[43,1,6]",2,NA,0,2,2,2,2,2,NA,NA
"feature_counts[43,1,7]",2,NA,0,2,2,2,2,2,NA,NA
"feature_counts[43,1,8]",0,NA,0,0,0,0,0,0,NA,NA
"feature_counts[43,2,1]",2,NA,0,2,2,2,2,2,NA,NA
"feature_counts[43,2,2]",1,NA,0,1,1,1,1,1,NA,NA
"feature_counts[43,2,3]",1,NA,0,1,1,1,1,1,NA,NA
"feature_counts[43,2,4]",0,NA,0,0,0,0,0,0,NA,NA
"feature_counts[43,2,5]",3,NA,0,3,3,3,3,3,NA,NA
"feature_counts[43,2,6]",3,NA,0,3,3,3,3,3,NA,NA
"feature_counts[43,2,7]",0,NA,0,0,0,0,0,0,NA,NA
"feature_counts[43,2,8]",2,NA,0,2,2,2,2,2,NA,NA
"feature_counts[43,3,1]",0,NA,0,0,0,0,0,0,NA,NA
"feature_counts[43,3,2]",0,NA,0,0,0,0,0,0,NA,NA
"feature_counts[43,3,3]",3,NA,0,3,3,3,3,3,NA,NA
"feature_counts[43,3,4]",3,NA,0,3,3,3,3,3,NA,NA
"feature_counts[43,3,5]",1,NA,0,1,1,1,1,1,NA,NA
"feature_counts[43,3,6]",2,NA,0,2,2,2,2,2,NA,NA
"feature_counts[43,3,7]",2,NA,0,2,2,2,2,2,NA,NA
"feature_counts[43,3,8]",1,NA,0,1,1,1,1,1,NA,NA
"feature_counts[43,4,1]",0,NA,0,0,0,0,0,0,NA,NA
"feature_counts[43,4,2]",3,NA,0,3,3,3,3,3,NA,NA
"feature_counts[43,4,3]",3,NA,0,3,3,3,3,3,NA,NA
"feature_counts[43,4,4]",2,NA,0,2,2,2,2,2,NA,NA
"feature_counts[43,4,5]",2,NA,0,2,2,2,2,2,NA,NA
"feature_counts[43,4,6]",0,NA,0,0,0,0,0,0,NA,NA
"feature_counts[43,4,7]",1,NA,0,1,1,1,1,1,NA,NA
"feature_counts[43,4,8]",1,NA,0,1,1,1,1,1,NA,NA
"feature_counts[43,5,1]",3,NA,0,3,3,3,3,3,NA,NA
"feature_counts[43,5,2]",1,NA,0,1,1,1,1,1,NA,NA
"feature_counts[43,5,3]",0,NA,0,0,0,0,0,0,NA,NA
"feature_counts[43,5,4]",2,NA,0,2,2,2,2,2,NA,NA
"feature_counts[43,5,5]",1,NA,0,1,1,1,1,1,NA,NA
"feature_counts[43,5,6]",0,NA,0,0,0,0,0,0,NA,NA
"feature_counts[43,5,7]",2,NA,0,2,2,2,2,2,NA,NA
"feature_counts[43,5,8]",3,NA,0,3,3,3,3,3,NA,NA
"feature_counts[44,1,1]",1,NA,0,1,1,1,1,1,NA,NA
"feature_counts[44,1,2]",1,NA,0,1,1,1,1,1,NA,NA
"feature_counts[44,1,3]",2,NA,0,2,2,2,2,2,NA,NA
"feature_counts[44,1,4]",0,NA,0,0,0,0,0,0,NA,NA
"feature_counts[44,1,5]",0,NA,0,0,0,0,0,0,NA,NA
"feature_counts[44,1,6]",3,NA,0,3,3,3,3,3,NA,NA
"feature_counts[44,1,7]",3,NA,0,3,3,3,3,3,NA,NA
"feature_counts[44,1,8]",2,NA,0,2,2,2,2,2,NA,NA
"feature_counts[44,2,1]",3,NA,0,3,3,3,3,3,NA,NA
"feature_counts[44,2,2]",3,NA,0,3,3,3,3,3,NA,NA
"feature_counts[44,2,3]",1,NA,0,1,1,1,1,1,NA,NA
"feature_counts[44,2,4]",1,NA,0,1,1,1,1,1,NA,NA
"feature_counts[44,2,5]",2,NA,0,2,2,2,2,2,NA,NA
"feature_counts[44,2,6]",0,NA,0,0,0,0,0,0,NA,NA
"feature_counts[44,2,7]",0,NA,0,0,0,0,0,0,NA,NA
"feature_counts[44,2,8]",2,NA,0,2,2,2,2,2,NA,NA
"feature_counts[44,3,1]",0,NA,0,0,0,0,0,0,NA,NA
"feature_counts[44,3,2]",0,NA,0,0,0,0,0,0,NA,NA
"feature_counts[44,3,3]",3,NA,0,3,3,3,3,3,NA,NA
"feature_counts[44,3,4]",3,NA,0,3,3,3,3,3,NA,NA
"feature_counts[44,3,5]",2,NA,0,2,2,2,2,2,NA,NA
"feature_counts[44,3,6]",2,NA,0,2,2,2,2,2,NA,NA
"feature_counts[44,3,7]",1,NA,0,1,1,1,1,1,NA,NA
"feature_counts[44,3,8]",1,NA,0,1,1,1,1,1,NA,NA
"feature_counts[44,4,1]",3,NA,0,3,3,3,3,3,NA,NA
"feature_counts[44,4,2]",1,NA,0,1,1,1,1,1,NA,NA
"feature_counts[44,4,3]",0,NA,0,0,0,0,0,0,NA,NA
"feature_counts[44,4,4]",0,NA,0,0,0,0,0,0,NA,NA
"feature_counts[44,4,5]",1,NA,0,1,1,1,1,1,NA,NA
"feature_counts[44,4,6]",2,NA,0,2,2,2,2,2,NA,NA
"feature_counts[44,4,7]",2,NA,0,2,2,2,2,2,NA,NA
"feature_counts[44,4,8]",3,NA,0,3,3,3,3,3,NA,NA
"feature_counts[44,5,1]",0,NA,0,0,0,0,0,0,NA,NA
"feature_counts[44,5,2]",3,NA,0,3,3,3,3,3,NA,NA
"feature_counts[44,5,3]",1,NA,0,1,1,1,1,1,NA,NA
"feature_counts[44,5,4]",2,NA,0,2,2,2,2,2,NA,NA
"feature_counts[44,5,5]",3,NA,0,3,3,3,3,3,NA,NA
"feature_counts[44,5,6]",1,NA,0,1,1,1,1,1,NA,NA
"feature_counts[44,5,7]",2,NA,0,2,2,2,2,2,NA,NA
"feature_counts[44,5,8]",0,NA,0,0,0,0,0,0,NA,NA
"feature_counts[45,1,1]",0,NA,0,0,0,0,0,0,NA,NA
"feature_counts[45,1,2]",1,NA,0,1,1,1,1,1,NA,NA
"feature_counts[45,1,3]",2,NA,0,2,2,2,2,2,NA,NA
"feature_counts[45,1,4]",0,NA,0,0,0,0,0,0,NA,NA
"feature_counts[45,1,5]",1,NA,0,1,1,1,1,1,NA,NA
"feature_counts[45,1,6]",3,NA,0,3,3,3,3,3,NA,NA
"feature_counts[45,1,7]",3,NA,0,3,3,3,3,3,NA,NA
"feature_counts[45,1,8]",2,NA,0,2,2,2,2,2,NA,NA
"feature_counts[45,2,1]",1,NA,0,1,1,1,1,1,NA,NA
"feature_counts[45,2,2]",0,NA,0,0,0,0,0,0,NA,NA
"feature_counts[45,2,3]",0,NA,0,0,0,0,0,0,NA,NA
"feature_counts[45,2,4]",1,NA,0,1,1,1,1,1,NA,NA
"feature_counts[45,2,5]",3,NA,0,3,3,3,3,3,NA,NA
"feature_counts[45,2,6]",3,NA,0,3,3,3,3,3,NA,NA
"feature_counts[45,2,7]",2,NA,0,2,2,2,2,2,NA,NA
"feature_counts[45,2,8]",2,NA,0,2,2,2,2,2,NA,NA
"feature_counts[45,3,1]",3,NA,0,3,3,3,3,3,NA,NA
"feature_counts[45,3,2]",2,NA,0,2,2,2,2,2,NA,NA
"feature_counts[45,3,3]",0,NA,0,0,0,0,0,0,NA,NA
"feature_counts[45,3,4]",3,NA,0,3,3,3,3,3,NA,NA
"feature_counts[45,3,5]",2,NA,0,2,2,2,2,2,NA,NA
"feature_counts[45,3,6]",1,NA,0,1,1,1,1,1,NA,NA
"feature_counts[45,3,7]",1,NA,0,1,1,1,1,1,NA,NA
"feature_counts[45,3,8]",0,NA,0,0,0,0,0,0,NA,NA
"feature_counts[45,4,1]",1,NA,0,1,1,1,1,1,NA,NA
"feature_counts[45,4,2]",2,NA,0,2,2,2,2,2,NA,NA
"feature_counts[45,4,3]",3,NA,0,3,3,3,3,3,NA,NA
"feature_counts[45,4,4]",1,NA,0,1,1,1,1,1,NA,NA
"feature_counts[45,4,5]",2,NA,0,2,2,2,2,2,NA,NA
"feature_counts[45,4,6]",0,NA,0,0,0,0,0,0,NA,NA
"feature_counts[45,4,7]",0,NA,0,0,0,0,0,0,NA,NA
"feature_counts[45,4,8]",3,NA,0,3,3,3,3,3,NA,NA
"feature_counts[45,5,1]",2,NA,0,2,2,2,2,2,NA,NA
"feature_counts[45,5,2]",3,NA,0,3,3,3,3,3,NA,NA
"feature_counts[45,5,3]",3,NA,0,3,3,3,3,3,NA,NA
"feature_counts[45,5,4]",2,NA,0,2,2,2,2,2,NA,NA
"feature_counts[45,5,5]",0,NA,0,0,0,0,0,0,NA,NA
"feature_counts[45,5,6]",1,NA,0,1,1,1,1,1,NA,NA
"feature_counts[45,5,7]",1,NA,0,1,1,1,1,1,NA,NA
"feature_counts[45,5,8]",0,NA,0,0,0,0,0,0,NA,NA
"feature_counts[46,1,1]",1,NA,0,1,1,1,1,1,NA,NA
"feature_counts[46,1,2]",1,NA,0,1,1,1,1,1,NA,NA
"feature_counts[46,1,3]",2,NA,0,2,2,2,2,2,NA,NA
"feature_counts[46,1,4]",3,NA,0,3,3,3,3,3,NA,NA
"feature_counts[46,1,5]",3,NA,0,3,3,3,3,3,NA,NA
"feature_counts[46,1,6]",0,NA,0,0,0,0,0,0,NA,NA
"feature_counts[46,1,7]",0,NA,0,0,0,0,0,0,NA,NA
"feature_counts[46,1,8]",2,NA,0,2,2,2,2,2,NA,NA
"feature_counts[46,2,1]",1,NA,0,1,1,1,1,1,NA,NA
"feature_counts[46,2,2]",3,NA,0,3,3,3,3,3,NA,NA
"feature_counts[46,2,3]",3,NA,0,3,3,3,3,3,NA,NA
"feature_counts[46,2,4]",0,NA,0,0,0,0,0,0,NA,NA
"feature_counts[46,2,5]",0,NA,0,0,0,0,0,0,NA,NA
"feature_counts[46,2,6]",1,NA,0,1,1,1,1,1,NA,NA
"feature_counts[46,2,7]",2,NA,0,2,2,2,2,2,NA,NA
"feature_counts[46,2,8]",2,NA,0,2,2,2,2,2,NA,NA
"feature_counts[46,3,1]",0,NA,0,0,0,0,0,0,NA,NA
"feature_counts[46,3,2]",2,NA,0,2,2,2,2,2,NA,NA
"feature_counts[46,3,3]",3,NA,0,3,3,3,3,3,NA,NA
"feature_counts[46,3,4]",3,NA,0,3,3,3,3,3,NA,NA
"feature_counts[46,3,5]",2,NA,0,2,2,2,2,2,NA,NA
"feature_counts[46,3,6]",1,NA,0,1,1,1,1,1,NA,NA
"feature_counts[46,3,7]",1,NA,0,1,1,1,1,1,NA,NA
"feature_counts[46,3,8]",0,NA,0,0,0,0,0,0,NA,NA
"feature_counts[46,4,1]",3,NA,0,3,3,3,3,3,NA,NA
"feature_counts[46,4,2]",0,NA,0,0,0,0,0,0,NA,NA
"feature_counts[46,4,3]",0,NA,0,0,0,0,0,0,NA,NA
"feature_counts[46,4,4]",1,NA,0,1,1,1,1,1,NA,NA
"feature_counts[46,4,5]",1,NA,0,1,1,1,1,1,NA,NA
"feature_counts[46,4,6]",3,NA,0,3,3,3,3,3,NA,NA
"feature_counts[46,4,7]",2,NA,0,2,2,2,2,2,NA,NA
"feature_counts[46,4,8]",2,NA,0,2,2,2,2,2,NA,NA
"feature_counts[46,5,1]",3,NA,0,3,3,3,3,3,NA,NA
"feature_counts[46,5,2]",1,NA,0,1,1,1,1,1,NA,NA
"feature_counts[46,5,3]",0,NA,0,0,0,0,0,0,NA,NA
"feature_counts[46,5,4]",0,NA,0,0,0,0,0,0,NA,NA
"feature_counts[46,5,5]",2,NA,0,2,2,2,2,2,NA,NA
"feature_counts[46,5,6]",3,NA,0,3,3,3,3,3,NA,NA
"feature_counts[46,5,7]",1,NA,0,1,1,1,1,1,NA,NA
"feature_counts[46,5,8]",2,NA,0,2,2,2,2,2,NA,NA
"feature_counts[47,1,1]",3,NA,0,3,3,3,3,3,NA,NA
"feature_counts[47,1,2]",0,NA,0,0,0,0,0,0,NA,NA
"feature_counts[47,1,3]",0,NA,0,0,0,0,0,0,NA,NA
"feature_counts[47,1,4]",2,NA,0,2,2,2,2,2,NA,NA
"feature_counts[47,1,5]",2,NA,0,2,2,2,2,2,NA,NA
"feature_counts[47,1,6]",1,NA,0,1,1,1,1,1,NA,NA
"feature_counts[47,1,7]",1,NA,0,1,1,1,1,1,NA,NA
"feature_counts[47,1,8]",3,NA,0,3,3,3,3,3,NA,NA
"feature_counts[47,2,1]",0,NA,0,0,0,0,0,0,NA,NA
"feature_counts[47,2,2]",1,NA,0,1,1,1,1,1,NA,NA
"feature_counts[47,2,3]",2,NA,0,2,2,2,2,2,NA,NA
"feature_counts[47,2,4]",2,NA,0,2,2,2,2,2,NA,NA
"feature_counts[47,2,5]",1,NA,0,1,1,1,1,1,NA,NA
"feature_counts[47,2,6]",3,NA,0,3,3,3,3,3,NA,NA
"feature_counts[47,2,7]",3,NA,0,3,3,3,3,3,NA,NA
"feature_counts[47,2,8]",0,NA,0,0,0,0,0,0,NA,NA
"feature_counts[47,3,1]",0,NA,0,0,0,0,0,0,NA,NA
"feature_counts[47,3,2]",2,NA,0,2,2,2,2,2,NA,NA
"feature_counts[47,3,3]",2,NA,0,2,2,2,2,2,NA,NA
"feature_counts[47,3,4]",0,NA,0,0,0,0,0,0,NA,NA
"feature_counts[47,3,5]",1,NA,0,1,1,1,1,1,NA,NA
"feature_counts[47,3,6]",1,NA,0,1,1,1,1,1,NA,NA
"feature_counts[47,3,7]",3,NA,0,3,3,3,3,3,NA,NA
"feature_counts[47,3,8]",3,NA,0,3,3,3,3,3,NA,NA
"feature_counts[47,4,1]",3,NA,0,3,3,3,3,3,NA,NA
"feature_counts[47,4,2]",2,NA,0,2,2,2,2,2,NA,NA
"feature_counts[47,4,3]",2,NA,0,2,2,2,2,2,NA,NA
"feature_counts[47,4,4]",3,NA,0,3,3,3,3,3,NA,NA
"feature_counts[47,4,5]",0,NA,0,0,0,0,0,0,NA,NA
"feature_counts[47,4,6]",0,NA,0,0,0,0,0,0,NA,NA
"feature_counts[47,4,7]",1,NA,0,1,1,1,1,1,NA,NA
"feature_counts[47,4,8]",1,NA,0,1,1,1,1,1,NA,NA
"feature_counts[47,5,1]",2,NA,0,2,2,2,2,2,NA,NA
"feature_counts[47,5,2]",2,NA,0,2,2,2,2,2,NA,NA
"feature_counts[47,5,3]",1,NA,0,1,1,1,1,1,NA,NA
"feature_counts[47,5,4]",1,NA,0,1,1,1,1,1,NA,NA
"feature_counts[47,5,5]",3,NA,0,3,3,3,3,3,NA,NA
"feature_counts[47,5,6]",3,NA,0,3,3,3,3,3,NA,NA
"feature_counts[47,5,7]",0,NA,0,0,0,0,0,0,NA,NA
"feature_counts[47,5,8]",0,NA,0,0,0,0,0,0,NA,NA
"feature_counts[48,1,1]",3,NA,0,3,3,3,3,3,NA,NA
"feature_counts[48,1,2]",3,NA,0,3,3,3,3,3,NA,NA
"feature_counts[48,1,3]",1,NA,0,1,1,1,1,1,NA,NA
"feature_counts[48,1,4]",1,NA,0,1,1,1,1,1,NA,NA
"feature_counts[48,1,5]",0,NA,0,0,0,0,0,0,NA,NA
"feature_counts[48,1,6]",2,NA,0,2,2,2,2,2,NA,NA
"feature_counts[48,1,7]",2,NA,0,2,2,2,2,2,NA,NA
"feature_counts[48,1,8]",0,NA,0,0,0,0,0,0,NA,NA
"feature_counts[48,2,1]",1,NA,0,1,1,1,1,1,NA,NA
"feature_counts[48,2,2]",0,NA,0,0,0,0,0,0,NA,NA
"feature_counts[48,2,3]",3,NA,0,3,3,3,3,3,NA,NA
"feature_counts[48,2,4]",2,NA,0,2,2,2,2,2,NA,NA
"feature_counts[48,2,5]",0,NA,0,0,0,0,0,0,NA,NA
"feature_counts[48,2,6]",1,NA,0,1,1,1,1,1,NA,NA
"feature_counts[48,2,7]",2,NA,0,2,2,2,2,2,NA,NA
"feature_counts[48,2,8]",3,NA,0,3,3,3,3,3,NA,NA
"feature_counts[48,3,1]",3,NA,0,3,3,3,3,3,NA,NA
"feature_counts[48,3,2]",1,NA,0,1,1,1,1,1,NA,NA
"feature_counts[48,3,3]",0,NA,0,0,0,0,0,0,NA,NA
"feature_counts[48,3,4]",2,NA,0,2,2,2,2,2,NA,NA
"feature_counts[48,3,5]",1,NA,0,1,1,1,1,1,NA,NA
"feature_counts[48,3,6]",3,NA,0,3,3,3,3,3,NA,NA
"feature_counts[48,3,7]",2,NA,0,2,2,2,2,2,NA,NA
"feature_counts[48,3,8]",0,NA,0,0,0,0,0,0,NA,NA
"feature_counts[48,4,1]",1,NA,0,1,1,1,1,1,NA,NA
"feature_counts[48,4,2]",1,NA,0,1,1,1,1,1,NA,NA
"feature_counts[48,4,3]",2,NA,0,2,2,2,2,2,NA,NA
"feature_counts[48,4,4]",2,NA,0,2,2,2,2,2,NA,NA
"feature_counts[48,4,5]",3,NA,0,3,3,3,3,3,NA,NA
"feature_counts[48,4,6]",0,NA,0,0,0,0,0,0,NA,NA
"feature_counts[48,4,7]",0,NA,0,0,0,0,0,0,NA,NA
"feature_counts[48,4,8]",3,NA,0,3,3,3,3,3,NA,NA
"feature_counts[48,5,1]",0,NA,0,0,0,0,0,0,NA,NA
"feature_counts[48,5,2]",3,NA,0,3,3,3,3,3,NA,NA
"feature_counts[48,5,3]",2,NA,0,2,2,2,2,2,NA,NA
"feature_counts[48,5,4]",0,NA,0,0,0,0,0,0,NA,NA
"feature_counts[48,5,5]",3,NA,0,3,3,3,3,3,NA,NA
"feature_counts[48,5,6]",2,NA,0,2,2,2,2,2,NA,NA
"feature_counts[48,5,7]",1,NA,0,1,1,1,1,1,NA,NA
"feature_counts[48,5,8]",1,NA,0,1,1,1,1,1,NA,NA
"feature_counts[49,1,1]",2,NA,0,2,2,2,2,2,NA,NA
"feature_counts[49,1,2]",3,NA,0,3,3,3,3,3,NA,NA
"feature_counts[49,1,3]",3,NA,0,3,3,3,3,3,NA,NA
"feature_counts[49,1,4]",0,NA,0,0,0,0,0,0,NA,NA
"feature_counts[49,1,5]",1,NA,0,1,1,1,1,1,NA,NA
"feature_counts[49,1,6]",1,NA,0,1,1,1,1,1,NA,NA
"feature_counts[49,1,7]",0,NA,0,0,0,0,0,0,NA,NA
"feature_counts[49,1,8]",2,NA,0,2,2,2,2,2,NA,NA
"feature_counts[49,2,1]",2,NA,0,2,2,2,2,2,NA,NA
"feature_counts[49,2,2]",2,NA,0,2,2,2,2,2,NA,NA
"feature_counts[49,2,3]",0,NA,0,0,0,0,0,0,NA,NA
"feature_counts[49,2,4]",0,NA,0,0,0,0,0,0,NA,NA
"feature_counts[49,2,5]",1,NA,0,1,1,1,1,1,NA,NA
"feature_counts[49,2,6]",3,NA,0,3,3,3,3,3,NA,NA
"feature_counts[49,2,7]",3,NA,0,3,3,3,3,3,NA,NA
"feature_counts[49,2,8]",1,NA,0,1,1,1,1,1,NA,NA
"feature_counts[49,3,1]",1,NA,0,1,1,1,1,1,NA,NA
"feature_counts[49,3,2]",2,NA,0,2,2,2,2,2,NA,NA
"feature_counts[49,3,3]",2,NA,0,2,2,2,2,2,NA,NA
"feature_counts[49,3,4]",3,NA,0,3,3,3,3,3,NA,NA
"feature_counts[49,3,5]",3,NA,0,3,3,3,3,3,NA,NA
"feature_counts[49,3,6]",1,NA,0,1,1,1,1,1,NA,NA
"feature_counts[49,3,7]",0,NA,0,0,0,0,0,0,NA,NA
"feature_counts[49,3,8]",0,NA,0,0,0,0,0,0,NA,NA
"feature_counts[49,4,1]",3,NA,0,3,3,3,3,3,NA,NA
"feature_counts[49,4,2]",0,NA,0,0,0,0,0,0,NA,NA
"feature_counts[49,4,3]",2,NA,0,2,2,2,2,2,NA,NA
"feature_counts[49,4,4]",1,NA,0,1,1,1,1,1,NA,NA
"feature_counts[49,4,5]",0,NA,0,0,0,0,0,0,NA,NA
"feature_counts[49,4,6]",3,NA,0,3,3,3,3,3,NA,NA
"feature_counts[49,4,7]",1,NA,0,1,1,1,1,1,NA,NA
"feature_counts[49,4,8]",2,NA,0,2,2,2,2,2,NA,NA
"feature_counts[49,5,1]",0,NA,0,0,0,0,0,0,NA,NA
"feature_counts[49,5,2]",1,NA,0,1,1,1,1,1,NA,NA
"feature_counts[49,5,3]",1,NA,0,1,1,1,1,1,NA,NA
"feature_counts[49,5,4]",3,NA,0,3,3,3,3,3,NA,NA
"feature_counts[49,5,5]",2,NA,0,2,2,2,2,2,NA,NA
"feature_counts[49,5,6]",0,NA,0,0,0,0,0,0,NA,NA
"feature_counts[49,5,7]",3,NA,0,3,3,3,3,3,NA,NA
"feature_counts[49,5,8]",2,NA,0,2,2,2,2,2,NA,NA
"feature_counts[50,1,1]",2,NA,0,2,2,2,2,2,NA,NA
"feature_counts[50,1,2]",0,NA,0,0,0,0,0,0,NA,NA
"feature_counts[50,1,3]",3,NA,0,3,3,3,3,3,NA,NA
"feature_counts[50,1,4]",2,NA,0,2,2,2,2,2,NA,NA
"feature_counts[50,1,5]",1,NA,0,1,1,1,1,1,NA,NA
"feature_counts[50,1,6]",1,NA,0,1,1,1,1,1,NA,NA
"feature_counts[50,1,7]",0,NA,0,0,0,0,0,0,NA,NA
"feature_counts[50,1,8]",3,NA,0,3,3,3,3,3,NA,NA
"feature_counts[50,2,1]",1,NA,0,1,1,1,1,1,NA,NA
"feature_counts[50,2,2]",3,NA,0,3,3,3,3,3,NA,NA
"feature_counts[50,2,3]",0,NA,0,0,0,0,0,0,NA,NA
"feature_counts[50,2,4]",2,NA,0,2,2,2,2,2,NA,NA
"feature_counts[50,2,5]",2,NA,0,2,2,2,2,2,NA,NA
"feature_counts[50,2,6]",0,NA,0,0,0,0,0,0,NA,NA
"feature_counts[50,2,7]",3,NA,0,3,3,3,3,3,NA,NA
"feature_counts[50,2,8]",1,NA,0,1,1,1,1,1,NA,NA
"feature_counts[50,3,1]",0,NA,0,0,0,0,0,0,NA,NA
"feature_counts[50,3,2]",1,NA,0,1,1,1,1,1,NA,NA
"feature_counts[50,3,3]",3,NA,0,3,3,3,3,3,NA,NA
"feature_counts[50,3,4]",0,NA,0,0,0,0,0,0,NA,NA
"feature_counts[50,3,5]",1,NA,0,1,1,1,1,1,NA,NA
"feature_counts[50,3,6]",3,NA,0,3,3,3,3,3,NA,NA
"feature_counts[50,3,7]",2,NA,0,2,2,2,2,2,NA,NA
"feature_counts[50,3,8]",2,NA,0,2,2,2,2,2,NA,NA
"feature_counts[50,4,1]",3,NA,0,3,3,3,3,3,NA,NA
"feature_counts[50,4,2]",2,NA,0,2,2,2,2,2,NA,NA
"feature_counts[50,4,3]",1,NA,0,1,1,1,1,1,NA,NA
"feature_counts[50,4,4]",3,NA,0,3,3,3,3,3,NA,NA
"feature_counts[50,4,5]",0,NA,0,0,0,0,0,0,NA,NA
"feature_counts[50,4,6]",1,NA,0,1,1,1,1,1,NA,NA
"feature_counts[50,4,7]",2,NA,0,2,2,2,2,2,NA,NA
"feature_counts[50,4,8]",0,NA,0,0,0,0,0,0,NA,NA
"feature_counts[50,5,1]",2,NA,0,2,2,2,2,2,NA,NA
"feature_counts[50,5,2]",0,NA,0,0,0,0,0,0,NA,NA
"feature_counts[50,5,3]",0,NA,0,0,0,0,0,0,NA,NA
"feature_counts[50,5,4]",1,NA,0,1,1,1,1,1,NA,NA
"feature_counts[50,5,5]",3,NA,0,3,3,3,3,3,NA,NA
"feature_counts[50,5,6]",3,NA,0,3,3,3,3,3,NA,NA
"feature_counts[50,5,7]",1,NA,0,1,1,1,1,1,NA,NA
"feature_counts[50,5,8]",2,NA,0,2,2,2,2,2,NA,NA
"feature_counts[51,1,1]",3,NA,0,3,3,3,3,3,NA,NA
"feature_counts[51,1,2]",1,NA,0,1,1,1,1,1,NA,NA
"feature_counts[51,1,3]",2,NA,0,2,2,2,2,2,NA,NA
"feature_counts[51,1,4]",2,NA,0,2,2,2,2,2,NA,NA
"feature_counts[51,1,5]",0,NA,0,0,0,0,0,0,NA,NA
"feature_counts[51,1,6]",0,NA,0,0,0,0,0,0,NA,NA
"feature_counts[51,1,7]",1,NA,0,1,1,1,1,1,NA,NA
"feature_counts[51,1,8]",3,NA,0,3,3,3,3,3,NA,NA
"feature_counts[51,2,1]",1,NA,0,1,1,1,1,1,NA,NA
"feature_counts[51,2,2]",2,NA,0,2,2,2,2,2,NA,NA
"feature_counts[51,2,3]",3,NA,0,3,3,3,3,3,NA,NA
"feature_counts[51,2,4]",0,NA,0,0,0,0,0,0,NA,NA
"feature_counts[51,2,5]",2,NA,0,2,2,2,2,2,NA,NA
"feature_counts[51,2,6]",1,NA,0,1,1,1,1,1,NA,NA
"feature_counts[51,2,7]",0,NA,0,0,0,0,0,0,NA,NA
"feature_counts[51,2,8]",3,NA,0,3,3,3,3,3,NA,NA
"feature_counts[51,3,1]",2,NA,0,2,2,2,2,2,NA,NA
"feature_counts[51,3,2]",0,NA,0,0,0,0,0,0,NA,NA
"feature_counts[51,3,3]",0,NA,0,0,0,0,0,0,NA,NA
"feature_counts[51,3,4]",2,NA,0,2,2,2,2,2,NA,NA
"feature_counts[51,3,5]",3,NA,0,3,3,3,3,3,NA,NA
"feature_counts[51,3,6]",3,NA,0,3,3,3,3,3,NA,NA
"feature_counts[51,3,7]",1,NA,0,1,1,1,1,1,NA,NA
"feature_counts[51,3,8]",1,NA,0,1,1,1,1,1,NA,NA
"feature_counts[51,4,1]",0,NA,0,0,0,0,0,0,NA,NA
"feature_counts[51,4,2]",1,NA,0,1,1,1,1,1,NA,NA
"feature_counts[51,4,3]",1,NA,0,1,1,1,1,1,NA,NA
"feature_counts[51,4,4]",2,NA,0,2,2,2,2,2,NA,NA
"feature_counts[51,4,5]",3,NA,0,3,3,3,3,3,NA,NA
"feature_counts[51,4,6]",3,NA,0,3,3,3,3,3,NA,NA
"feature_counts[51,4,7]",2,NA,0,2,2,2,2,2,NA,NA
"feature_counts[51,4,8]",0,NA,0,0,0,0,0,0,NA,NA
"feature_counts[51,5,1]",1,NA,0,1,1,1,1,1,NA,NA
"feature_counts[51,5,2]",3,NA,0,3,3,3,3,3,NA,NA
"feature_counts[51,5,3]",2,NA,0,2,2,2,2,2,NA,NA
"feature_counts[51,5,4]",2,NA,0,2,2,2,2,2,NA,NA
"feature_counts[51,5,5]",0,NA,0,0,0,0,0,0,NA,NA
"feature_counts[51,5,6]",0,NA,0,0,0,0,0,0,NA,NA
"feature_counts[51,5,7]",3,NA,0,3,3,3,3,3,NA,NA
"feature_counts[51,5,8]",1,NA,0,1,1,1,1,1,NA,NA
"feature_counts[52,1,1]",2,NA,0,2,2,2,2,2,NA,NA
"feature_counts[52,1,2]",0,NA,0,0,0,0,0,0,NA,NA
"feature_counts[52,1,3]",0,NA,0,0,0,0,0,0,NA,NA
"feature_counts[52,1,4]",2,NA,0,2,2,2,2,2,NA,NA
"feature_counts[52,1,5]",3,NA,0,3,3,3,3,3,NA,NA
"feature_counts[52,1,6]",1,NA,0,1,1,1,1,1,NA,NA
"feature_counts[52,1,7]",1,NA,0,1,1,1,1,1,NA,NA
"feature_counts[52,1,8]",3,NA,0,3,3,3,3,3,NA,NA
"feature_counts[52,2,1]",3,NA,0,3,3,3,3,3,NA,NA
"feature_counts[52,2,2]",1,NA,0,1,1,1,1,1,NA,NA
"feature_counts[52,2,3]",1,NA,0,1,1,1,1,1,NA,NA
"feature_counts[52,2,4]",3,NA,0,3,3,3,3,3,NA,NA
"feature_counts[52,2,5]",0,NA,0,0,0,0,0,0,NA,NA
"feature_counts[52,2,6]",2,NA,0,2,2,2,2,2,NA,NA
"feature_counts[52,2,7]",2,NA,0,2,2,2,2,2,NA,NA
"feature_counts[52,2,8]",0,NA,0,0,0,0,0,0,NA,NA
"feature_counts[52,3,1]",0,NA,0,0,0,0,0,0,NA,NA
"feature_counts[52,3,2]",2,NA,0,2,2,2,2,2,NA,NA
"feature_counts[52,3,3]",3,NA,0,3,3,3,3,3,NA,NA
"feature_counts[52,3,4]",3,NA,0,3,3,3,3,3,NA,NA
"feature_counts[52,3,5]",1,NA,0,1,1,1,1,1,NA,NA
"feature_counts[52,3,6]",0,NA,0,0,0,0,0,0,NA,NA
"feature_counts[52,3,7]",2,NA,0,2,2,2,2,2,NA,NA
"feature_counts[52,3,8]",1,NA,0,1,1,1,1,1,NA,NA
"feature_counts[52,4,1]",0,NA,0,0,0,0,0,0,NA,NA
"feature_counts[52,4,2]",2,NA,0,2,2,2,2,2,NA,NA
"feature_counts[52,4,3]",1,NA,0,1,1,1,1,1,NA,NA
"feature_counts[52,4,4]",0,NA,0,0,0,0,0,0,NA,NA
"feature_counts[52,4,5]",2,NA,0,2,2,2,2,2,NA,NA
"feature_counts[52,4,6]",3,NA,0,3,3,3,3,3,NA,NA
"feature_counts[52,4,7]",3,NA,0,3,3,3,3,3,NA,NA
"feature_counts[52,4,8]",1,NA,0,1,1,1,1,1,NA,NA
"feature_counts[52,5,1]",3,NA,0,3,3,3,3,3,NA,NA
"feature_counts[52,5,2]",3,NA,0,3,3,3,3,3,NA,NA
"feature_counts[52,5,3]",2,NA,0,2,2,2,2,2,NA,NA
"feature_counts[52,5,4]",0,NA,0,0,0,0,0,0,NA,NA
"feature_counts[52,5,5]",1,NA,0,1,1,1,1,1,NA,NA
"feature_counts[52,5,6]",1,NA,0,1,1,1,1,1,NA,NA
"feature_counts[52,5,7]",0,NA,0,0,0,0,0,0,NA,NA
"feature_counts[52,5,8]",2,NA,0,2,2,2,2,2,NA,NA
"feature_counts[53,1,1]",1,NA,0,1,1,1,1,1,NA,NA
"feature_counts[53,1,2]",0,NA,0,0,0,0,0,0,NA,NA
"feature_counts[53,1,3]",3,NA,0,3,3,3,3,3,NA,NA
"feature_counts[53,1,4]",3,NA,0,3,3,3,3,3,NA,NA
"feature_counts[53,1,5]",2,NA,0,2,2,2,2,2,NA,NA
"feature_counts[53,1,6]",1,NA,0,1,1,1,1,1,NA,NA
"feature_counts[53,1,7]",0,NA,0,0,0,0,0,0,NA,NA
"feature_counts[53,1,8]",2,NA,0,2,2,2,2,2,NA,NA
"feature_counts[53,2,1]",1,NA,0,1,1,1,1,1,NA,NA
"feature_counts[53,2,2]",2,NA,0,2,2,2,2,2,NA,NA
"feature_counts[53,2,3]",0,NA,0,0,0,0,0,0,NA,NA
"feature_counts[53,2,4]",1,NA,0,1,1,1,1,1,NA,NA
"feature_counts[53,2,5]",3,NA,0,3,3,3,3,3,NA,NA
"feature_counts[53,2,6]",0,NA,0,0,0,0,0,0,NA,NA
"feature_counts[53,2,7]",2,NA,0,2,2,2,2,2,NA,NA
"feature_counts[53,2,8]",3,NA,0,3,3,3,3,3,NA,NA
"feature_counts[53,3,1]",3,NA,0,3,3,3,3,3,NA,NA
"feature_counts[53,3,2]",2,NA,0,2,2,2,2,2,NA,NA
"feature_counts[53,3,3]",2,NA,0,2,2,2,2,2,NA,NA
"feature_counts[53,3,4]",0,NA,0,0,0,0,0,0,NA,NA
"feature_counts[53,3,5]",1,NA,0,1,1,1,1,1,NA,NA
"feature_counts[53,3,6]",3,NA,0,3,3,3,3,3,NA,NA
"feature_counts[53,3,7]",0,NA,0,0,0,0,0,0,NA,NA
"feature_counts[53,3,8]",1,NA,0,1,1,1,1,1,NA,NA
"feature_counts[53,4,1]",3,NA,0,3,3,3,3,3,NA,NA
"feature_counts[53,4,2]",1,NA,0,1,1,1,1,1,NA,NA
"feature_counts[53,4,3]",1,NA,0,1,1,1,1,1,NA,NA
"feature_counts[53,4,4]",3,NA,0,3,3,3,3,3,NA,NA
"feature_counts[53,4,5]",0,NA,0,0,0,0,0,0,NA,NA
"feature_counts[53,4,6]",2,NA,0,2,2,2,2,2,NA,NA
"feature_counts[53,4,7]",2,NA,0,2,2,2,2,2,NA,NA
"feature_counts[53,4,8]",0,NA,0,0,0,0,0,0,NA,NA
"feature_counts[53,5,1]",0,NA,0,0,0,0,0,0,NA,NA
"feature_counts[53,5,2]",3,NA,0,3,3,3,3,3,NA,NA
"feature_counts[53,5,3]",2,NA,0,2,2,2,2,2,NA,NA
"feature_counts[53,5,4]",1,NA,0,1,1,1,1,1,NA,NA
"feature_counts[53,5,5]",1,NA,0,1,1,1,1,1,NA,NA
"feature_counts[53,5,6]",0,NA,0,0,0,0,0,0,NA,NA
"feature_counts[53,5,7]",3,NA,0,3,3,3,3,3,NA,NA
"feature_counts[53,5,8]",2,NA,0,2,2,2,2,2,NA,NA
"feature_counts[54,1,1]",1,NA,0,1,1,1,1,1,NA,NA
"feature_counts[54,1,2]",2,NA,0,2,2,2,2,2,NA,NA
"feature_counts[54,1,3]",0,NA,0,0,0,0,0,0,NA,NA
"feature_counts[54,1,4]",0,NA,0,0,0,0,0,0,NA,NA
"feature_counts[54,1,5]",3,NA,0,3,3,3,3,3,NA,NA
"feature_counts[54,1,6]",1,NA,0,1,1,1,1,1,NA,NA
"feature_counts[54,1,7]",2,NA,0,2,2,2,2,2,NA,NA
"feature_counts[54,1,8]",3,NA,0,3,3,3,3,3,NA,NA
"feature_counts[54,2,1]",0,NA,0,0,0,0,0,0,NA,NA
"feature_counts[54,2,2]",0,NA,0,0,0,0,0,0,NA,NA
"feature_counts[54,2,3]",1,NA,0,1,1,1,1,1,NA,NA
"feature_counts[54,2,4]",2,NA,0,2,2,2,2,2,NA,NA
"feature_counts[54,2,5]",2,NA,0,2,2,2,2,2,NA,NA
"feature_counts[54,2,6]",3,NA,0,3,3,3,3,3,NA,NA
"feature_counts[54,2,7]",3,NA,0,3,3,3,3,3,NA,NA
"feature_counts[54,2,8]",1,NA,0,1,1,1,1,1,NA,NA
"feature_counts[54,3,1]",2,NA,0,2,2,2,2,2,NA,NA
"feature_counts[54,3,2]",2,NA,0,2,2,2,2,2,NA,NA
"feature_counts[54,3,3]",3,NA,0,3,3,3,3,3,NA,NA
"feature_counts[54,3,4]",1,NA,0,1,1,1,1,1,NA,NA
"feature_counts[54,3,5]",0,NA,0,0,0,0,0,0,NA,NA
"feature_counts[54,3,6]",3,NA,0,3,3,3,3,3,NA,NA
"feature_counts[54,3,7]",1,NA,0,1,1,1,1,1,NA,NA
"feature_counts[54,3,8]",0,NA,0,0,0,0,0,0,NA,NA
"feature_counts[54,4,1]",3,NA,0,3,3,3,3,3,NA,NA
"feature_counts[54,4,2]",2,NA,0,2,2,2,2,2,NA,NA
"feature_counts[54,4,3]",1,NA,0,1,1,1,1,1,NA,NA
"feature_counts[54,4,4]",1,NA,0,1,1,1,1,1,NA,NA
"feature_counts[54,4,5]",2,NA,0,2,2,2,2,2,NA,NA
"feature_counts[54,4,6]",0,NA,0,0,0,0,0,0,NA,NA
"feature_counts[54,4,7]",0,NA,0,0,0,0,0,0,NA,NA
"feature_counts[54,4,8]",3,NA,0,3,3,3,3,3,NA,NA
"feature_counts[54,5,1]",1,NA,0,1,1,1,1,1,NA,NA
"feature_counts[54,5,2]",2,NA,0,2,2,2,2,2,NA,NA
"feature_counts[54,5,3]",3,NA,0,3,3,3,3,3,NA,NA
"feature_counts[54,5,4]",3,NA,0,3,3,3,3,3,NA,NA
"feature_counts[54,5,5]",0,NA,0,0,0,0,0,0,NA,NA
"feature_counts[54,5,6]",0,NA,0,0,0,0,0,0,NA,NA
"feature_counts[54,5,7]",2,NA,0,2,2,2,2,2,NA,NA
"feature_counts[54,5,8]",1,NA,0,1,1,1,1,1,NA,NA
"feature_counts[55,1,1]",0,NA,0,0,0,0,0,0,NA,NA
"feature_counts[55,1,2]",1,NA,0,1,1,1,1,1,NA,NA
"feature_counts[55,1,3]",2,NA,0,2,2,2,2,2,NA,NA
"feature_counts[55,1,4]",2,NA,0,2,2,2,2,2,NA,NA
"feature_counts[55,1,5]",3,NA,0,3,3,3,3,3,NA,NA
"feature_counts[55,1,6]",0,NA,0,0,0,0,0,0,NA,NA
"feature_counts[55,1,7]",1,NA,0,1,1,1,1,1,NA,NA
"feature_counts[55,1,8]",3,NA,0,3,3,3,3,3,NA,NA
"feature_counts[55,2,1]",2,NA,0,2,2,2,2,2,NA,NA
"feature_counts[55,2,2]",0,NA,0,0,0,0,0,0,NA,NA
"feature_counts[55,2,3]",1,NA,0,1,1,1,1,1,NA,NA
"feature_counts[55,2,4]",1,NA,0,1,1,1,1,1,NA,NA
"feature_counts[55,2,5]",3,NA,0,3,3,3,3,3,NA,NA
"feature_counts[55,2,6]",3,NA,0,3,3,3,3,3,NA,NA
"feature_counts[55,2,7]",0,NA,0,0,0,0,0,0,NA,NA
"feature_counts[55,2,8]",2,NA,0,2,2,2,2,2,NA,NA
"feature_counts[55,3,1]",3,NA,0,3,3,3,3,3,NA,NA
"feature_counts[55,3,2]",3,NA,0,3,3,3,3,3,NA,NA
"feature_counts[55,3,3]",0,NA,0,0,0,0,0,0,NA,NA
"feature_counts[55,3,4]",2,NA,0,2,2,2,2,2,NA,NA
"feature_counts[55,3,5]",1,NA,0,1,1,1,1,1,NA,NA
"feature_counts[55,3,6]",0,NA,0,0,0,0,0,0,NA,NA
"feature_counts[55,3,7]",2,NA,0,2,2,2,2,2,NA,NA
"feature_counts[55,3,8]",1,NA,0,1,1,1,1,1,NA,NA
"feature_counts[55,4,1]",2,NA,0,2,2,2,2,2,NA,NA
"feature_counts[55,4,2]",3,NA,0,3,3,3,3,3,NA,NA
"feature_counts[55,4,3]",1,NA,0,1,1,1,1,1,NA,NA
"feature_counts[55,4,4]",2,NA,0,2,2,2,2,2,NA,NA
"feature_counts[55,4,5]",0,NA,0,0,0,0,0,0,NA,NA
"feature_counts[55,4,6]",1,NA,0,1,1,1,1,1,NA,NA
"feature_counts[55,4,7]",3,NA,0,3,3,3,3,3,NA,NA
"feature_counts[55,4,8]",0,NA,0,0,0,0,0,0,NA,NA
"feature_counts[55,5,1]",1,NA,0,1,1,1,1,1,NA,NA
"feature_counts[55,5,2]",1,NA,0,1,1,1,1,1,NA,NA
"feature_counts[55,5,3]",3,NA,0,3,3,3,3,3,NA,NA
"feature_counts[55,5,4]",0,NA,0,0,0,0,0,0,NA,NA
"feature_counts[55,5,5]",0,NA,0,0,0,0,0,0,NA,NA
"feature_counts[55,5,6]",3,NA,0,3,3,3,3,3,NA,NA
"feature_counts[55,5,7]",2,NA,0,2,2,2,2,2,NA,NA
"feature_counts[55,5,8]",2,NA,0,2,2,2,2,2,NA,NA
"feature_counts[56,1,1]",2,NA,0,2,2,2,2,2,NA,NA
"feature_counts[56,1,2]",1,NA,0,1,1,1,1,1,NA,NA
"feature_counts[56,1,3]",0,NA,0,0,0,0,0,0,NA,NA
"feature_counts[56,1,4]",2,NA,0,2,2,2,2,2,NA,NA
"feature_counts[56,1,5]",3,NA,0,3,3,3,3,3,NA,NA
"feature_counts[56,1,6]",3,NA,0,3,3,3,3,3,NA,NA
"feature_counts[56,1,7]",1,NA,0,1,1,1,1,1,NA,NA
"feature_counts[56,1,8]",0,NA,0,0,0,0,0,0,NA,NA
"feature_counts[56,2,1]",3,NA,0,3,3,3,3,3,NA,NA
"feature_counts[56,2,2]",1,NA,0,1,1,1,1,1,NA,NA
"feature_counts[56,2,3]",2,NA,0,2,2,2,2,2,NA,NA
"feature_counts[56,2,4]",0,NA,0,0,0,0,0,0,NA,NA
"feature_counts[56,2,5]",1,NA,0,1,1,1,1,1,NA,NA
"feature_counts[56,2,6]",2,NA,0,2,2,2,2,2,NA,NA
"feature_counts[56,2,7]",0,NA,0,0,0,0,0,0,NA,NA
"feature_counts[56,2,8]",3,NA,0,3,3,3,3,3,NA,NA
"feature_counts[56,3,1]",1,NA,0,1,1,1,1,1,NA,NA
"feature_counts[56,3,2]",0,NA,0,0,0,0,0,0,NA,NA
"feature_counts[56,3,3]",0,NA,0,0,0,0,0,0,NA,NA
"feature_counts[56,3,4]",1,NA,0,1,1,1,1,1,NA,NA
"feature_counts[56,3,5]",3,NA,0,3,3,3,3,3,NA,NA
"feature_counts[56,3,6]",2,NA,0,2,2,2,2,2,NA,NA
"feature_counts[56,3,7]",2,NA,0,2,2,2,2,2,NA,NA
"feature_counts[56,3,8]",3,NA,0,3,3,3,3,3,NA,NA
"feature_counts[56,4,1]",0,NA,0,0,0,0,0,0,NA,NA
"feature_counts[56,4,2]",3,NA,0,3,3,3,3,3,NA,NA
"feature_counts[56,4,3]",3,NA,0,3,3,3,3,3,NA,NA
"feature_counts[56,4,4]",2,NA,0,2,2,2,2,2,NA,NA
"feature_counts[56,4,5]",1,NA,0,1,1,1,1,1,NA,NA
"feature_counts[56,4,6]",1,NA,0,1,1,1,1,1,NA,NA
"feature_counts[56,4,7]",2,NA,0,2,2,2,2,2,NA,NA
"feature_counts[56,4,8]",0,NA,0,0,0,0,0,0,NA,NA
"feature_counts[56,5,1]",2,NA,0,2,2,2,2,2,NA,NA
"feature_counts[56,5,2]",3,NA,0,3,3,3,3,3,NA,NA
"feature_counts[56,5,3]",3,NA,0,3,3,3,3,3,NA,NA
"feature_counts[56,5,4]",2,NA,0,2,2,2,2,2,NA,NA
"feature_counts[56,5,5]",0,NA,0,0,0,0,0,0,NA,NA
"feature_counts[56,5,6]",0,NA,0,0,0,0,0,0,NA,NA
"feature_counts[56,5,7]",1,NA,0,1,1,1,1,1,NA,NA
"feature_counts[56,5,8]",1,NA,0,1,1,1,1,1,NA,NA
"feature_counts[57,1,1]",3,NA,0,3,3,3,3,3,NA,NA
"feature_counts[57,1,2]",3,NA,0,3,3,3,3,3,NA,NA
"feature_counts[57,1,3]",2,NA,0,2,2,2,2,2,NA,NA
"feature_counts[57,1,4]",2,NA,0,2,2,2,2,2,NA,NA
"feature_counts[57,1,5]",1,NA,0,1,1,1,1,1,NA,NA
"feature_counts[57,1,6]",1,NA,0,1,1,1,1,1,NA,NA
"feature_counts[57,1,7]",0,NA,0,0,0,0,0,0,NA,NA
"feature_counts[57,1,8]",0,NA,0,0,0,0,0,0,NA,NA
"feature_counts[57,2,1]",1,NA,0,1,1,1,1,1,NA,NA
"feature_counts[57,2,2]",2,NA,0,2,2,2,2,2,NA,NA
"feature_counts[57,2,3]",0,NA,0,0,0,0,0,0,NA,NA
"feature_counts[57,2,4]",0,NA,0,0,0,0,0,0,NA,NA
"feature_counts[57,2,5]",3,NA,0,3,3,3,3,3,NA,NA
"feature_counts[57,2,6]",3,NA,0,3,3,3,3,3,NA,NA
"feature_counts[57,2,7]",2,NA,0,2,2,2,2,2,NA,NA
"feature_counts[57,2,8]",1,NA,0,1,1,1,1,1,NA,NA
"feature_counts[57,3,1]",0,NA,0,0,0,0,0,0,NA,NA
"feature_counts[57,3,2]",0,NA,0,0,0,0,0,0,NA,NA
"feature_counts[57,3,3]",1,NA,0,1,1,1,1,1,NA,NA
"feature_counts[57,3,4]",3,NA,0,3,3,3,3,3,NA,NA
"feature_counts[57,3,5]",3,NA,0,3,3,3,3,3,NA,NA
"feature_counts[57,3,6]",2,NA,0,2,2,2,2,2,NA,NA
"feature_counts[57,3,7]",2,NA,0,2,2,2,2,2,NA,NA
"feature_counts[57,3,8]",1,NA,0,1,1,1,1,1,NA,NA
"feature_counts[57,4,1]",2,NA,0,2,2,2,2,2,NA,NA
"feature_counts[57,4,2]",2,NA,0,2,2,2,2,2,NA,NA
"feature_counts[57,4,3]",3,NA,0,3,3,3,3,3,NA,NA
"feature_counts[57,4,4]",0,NA,0,0,0,0,0,0,NA,NA
"feature_counts[57,4,5]",0,NA,0,0,0,0,0,0,NA,NA
"feature_counts[57,4,6]",1,NA,0,1,1,1,1,1,NA,NA
"feature_counts[57,4,7]",1,NA,0,1,1,1,1,1,NA,NA
"feature_counts[57,4,8]",3,NA,0,3,3,3,3,3,NA,NA
"feature_counts[57,5,1]",2,NA,0,2,2,2,2,2,NA,NA
"feature_counts[57,5,2]",1,NA,0,1,1,1,1,1,NA,NA
"feature_counts[57,5,3]",1,NA,0,1,1,1,1,1,NA,NA
"feature_counts[57,5,4]",2,NA,0,2,2,2,2,2,NA,NA
"feature_counts[57,5,5]",0,NA,0,0,0,0,0,0,NA,NA
"feature_counts[57,5,6]",0,NA,0,0,0,0,0,0,NA,NA
"feature_counts[57,5,7]",3,NA,0,3,3,3,3,3,NA,NA
"feature_counts[57,5,8]",3,NA,0,3,3,3,3,3,NA,NA
"feature_counts[58,1,1]",3,NA,0,3,3,3,3,3,NA,NA
"feature_counts[58,1,2]",3,NA,0,3,3,3,3,3,NA,NA
"feature_counts[58,1,3]",0,NA,0,0,0,0,0,0,NA,NA
"feature_counts[58,1,4]",1,NA,0,1,1,1,1,1,NA,NA
"feature_counts[58,1,5]",1,NA,0,1,1,1,1,1,NA,NA
"feature_counts[58,1,6]",0,NA,0,0,0,0,0,0,NA,NA
"feature_counts[58,1,7]",2,NA,0,2,2,2,2,2,NA,NA
"feature_counts[58,1,8]",2,NA,0,2,2,2,2,2,NA,NA
"feature_counts[58,2,1]",1,NA,0,1,1,1,1,1,NA,NA
"feature_counts[58,2,2]",0,NA,0,0,0,0,0,0,NA,NA
"feature_counts[58,2,3]",2,NA,0,2,2,2,2,2,NA,NA
"feature_counts[58,2,4]",2,NA,0,2,2,2,2,2,NA,NA
"feature_counts[58,2,5]",3,NA,0,3,3,3,3,3,NA,NA
"feature_counts[58,2,6]",3,NA,0,3,3,3,3,3,NA,NA
"feature_counts[58,2,7]",0,NA,0,0,0,0,0,0,NA,NA
"feature_counts[58,2,8]",1,NA,0,1,1,1,1,1,NA,NA
"feature_counts[58,3,1]",1,NA,0,1,1,1,1,1,NA,NA
"feature_counts[58,3,2]",0,NA,0,0,0,0,0,0,NA,NA
"feature_counts[58,3,3]",0,NA,0,0,0,0,0,0,NA,NA
"feature_counts[58,3,4]",3,NA,0,3,3,3,3,3,NA,NA
"feature_counts[58,3,5]",2,NA,0,2,2,2,2,2,NA,NA
"feature_counts[58,3,6]",1,NA,0,1,1,1,1,1,NA,NA
"feature_counts[58,3,7]",3,NA,0,3,3,3,3,3,NA,NA
"feature_counts[58,3,8]",2,NA,0,2,2,2,2,2,NA,NA
"feature_counts[58,4,1]",0,NA,0,0,0,0,0,0,NA,NA
"feature_counts[58,4,2]",2,NA,0,2,2,2,2,2,NA,NA
"feature_counts[58,4,3]",3,NA,0,3,3,3,3,3,NA,NA
"feature_counts[58,4,4]",1,NA,0,1,1,1,1,1,NA,NA
"feature_counts[58,4,5]",2,NA,0,2,2,2,2,2,NA,NA
"feature_counts[58,4,6]",3,NA,0,3,3,3,3,3,NA,NA
"feature_counts[58,4,7]",1,NA,0,1,1,1,1,1,NA,NA
"feature_counts[58,4,8]",0,NA,0,0,0,0,0,0,NA,NA
"feature_counts[58,5,1]",3,NA,0,3,3,3,3,3,NA,NA
"feature_counts[58,5,2]",3,NA,0,3,3,3,3,3,NA,NA
"feature_counts[58,5,3]",2,NA,0,2,2,2,2,2,NA,NA
"feature_counts[58,5,4]",0,NA,0,0,0,0,0,0,NA,NA
"feature_counts[58,5,5]",0,NA,0,0,0,0,0,0,NA,NA
"feature_counts[58,5,6]",1,NA,0,1,1,1,1,1,NA,NA
"feature_counts[58,5,7]",1,NA,0,1,1,1,1,1,NA,NA
"feature_counts[58,5,8]",2,NA,0,2,2,2,2,2,NA,NA
"feature_counts[59,1,1]",3,NA,0,3,3,3,3,3,NA,NA
"feature_counts[59,1,2]",0,NA,0,0,0,0,0,0,NA,NA
"feature_counts[59,1,3]",0,NA,0,0,0,0,0,0,NA,NA
"feature_counts[59,1,4]",2,NA,0,2,2,2,2,2,NA,NA
"feature_counts[59,1,5]",1,NA,0,1,1,1,1,1,NA,NA
"feature_counts[59,1,6]",3,NA,0,3,3,3,3,3,NA,NA
"feature_counts[59,1,7]",2,NA,0,2,2,2,2,2,NA,NA
"feature_counts[59,1,8]",1,NA,0,1,1,1,1,1,NA,NA
"feature_counts[59,2,1]",1,NA,0,1,1,1,1,1,NA,NA
"feature_counts[59,2,2]",3,NA,0,3,3,3,3,3,NA,NA
"feature_counts[59,2,3]",0,NA,0,0,0,0,0,0,NA,NA
"feature_counts[59,2,4]",1,NA,0,1,1,1,1,1,NA,NA
"feature_counts[59,2,5]",3,NA,0,3,3,3,3,3,NA,NA
"feature_counts[59,2,6]",0,NA,0,0,0,0,0,0,NA,NA
"feature_counts[59,2,7]",2,NA,0,2,2,2,2,2,NA,NA
"feature_counts[59,2,8]",2,NA,0,2,2,2,2,2,NA,NA
"feature_counts[59,3,1]",0,NA,0,0,0,0,0,0,NA,NA
"feature_counts[59,3,2]",1,NA,0,1,1,1,1,1,NA,NA
"feature_counts[59,3,3]",3,NA,0,3,3,3,3,3,NA,NA
"feature_counts[59,3,4]",3,NA,0,3,3,3,3,3,NA,NA
"feature_counts[59,3,5]",1,NA,0,1,1,1,1,1,NA,NA
"feature_counts[59,3,6]",2,NA,0,2,2,2,2,2,NA,NA
"feature_counts[59,3,7]",2,NA,0,2,2,2,2,2,NA,NA
"feature_counts[59,3,8]",0,NA,0,0,0,0,0,0,NA,NA
"feature_counts[59,4,1]",1,NA,0,1,1,1,1,1,NA,NA
"feature_counts[59,4,2]",3,NA,0,3,3,3,3,3,NA,NA
"feature_counts[59,4,3]",3,NA,0,3,3,3,3,3,NA,NA
"feature_counts[59,4,4]",0,NA,0,0,0,0,0,0,NA,NA
"feature_counts[59,4,5]",0,NA,0,0,0,0,0,0,NA,NA
"feature_counts[59,4,6]",1,NA,0,1,1,1,1,1,NA,NA
"feature_counts[59,4,7]",2,NA,0,2,2,2,2,2,NA,NA
"feature_counts[59,4,8]",2,NA,0,2,2,2,2,2,NA,NA
"feature_counts[59,5,1]",2,NA,0,2,2,2,2,2,NA,NA
"feature_counts[59,5,2]",1,NA,0,1,1,1,1,1,NA,NA
"feature_counts[59,5,3]",1,NA,0,1,1,1,1,1,NA,NA
"feature_counts[59,5,4]",0,NA,0,0,0,0,0,0,NA,NA
"feature_counts[59,5,5]",3,NA,0,3,3,3,3,3,NA,NA
"feature_counts[59,5,6]",2,NA,0,2,2,2,2,2,NA,NA
"feature_counts[59,5,7]",0,NA,0,0,0,0,0,0,NA,NA
"feature_counts[59,5,8]",3,NA,0,3,3,3,3,3,NA,NA
"feature_counts[60,1,1]",3,NA,0,3,3,3,3,3,NA,NA
"feature_counts[60,1,2]",1,NA,0,1,1,1,1,1,NA,NA
"feature_counts[60,1,3]",2,NA,0,2,2,2,2,2,NA,NA
"feature_counts[60,1,4]",0,NA,0,0,0,0,0,0,NA,NA
"feature_counts[60,1,5]",0,NA,0,0,0,0,0,0,NA,NA
"feature_counts[60,1,6]",3,NA,0,3,3,3,3,3,NA,NA
"feature_counts[60,1,7]",1,NA,0,1,1,1,1,1,NA,NA
"feature_counts[60,1,8]",2,NA,0,2,2,2,2,2,NA,NA
"feature_counts[60,2,1]",1,NA,0,1,1,1,1,1,NA,NA
"feature_counts[60,2,2]",0,NA,0,0,0,0,0,0,NA,NA
"feature_counts[60,2,3]",0,NA,0,0,0,0,0,0,NA,NA
"feature_counts[60,2,4]",3,NA,0,3,3,3,3,3,NA,NA
"feature_counts[60,2,5]",2,NA,0,2,2,2,2,2,NA,NA
"feature_counts[60,2,6]",1,NA,0,1,1,1,1,1,NA,NA
"feature_counts[60,2,7]",3,NA,0,3,3,3,3,3,NA,NA
"feature_counts[60,2,8]",2,NA,0,2,2,2,2,2,NA,NA
"feature_counts[60,3,1]",0,NA,0,0,0,0,0,0,NA,NA
"feature_counts[60,3,2]",2,NA,0,2,2,2,2,2,NA,NA
"feature_counts[60,3,3]",1,NA,0,1,1,1,1,1,NA,NA
"feature_counts[60,3,4]",3,NA,0,3,3,3,3,3,NA,NA
"feature_counts[60,3,5]",3,NA,0,3,3,3,3,3,NA,NA
"feature_counts[60,3,6]",0,NA,0,0,0,0,0,0,NA,NA
"feature_counts[60,3,7]",2,NA,0,2,2,2,2,2,NA,NA
"feature_counts[60,3,8]",1,NA,0,1,1,1,1,1,NA,NA
"feature_counts[60,4,1]",3,NA,0,3,3,3,3,3,NA,NA
"feature_counts[60,4,2]",3,NA,0,3,3,3,3,3,NA,NA
"feature_counts[60,4,3]",1,NA,0,1,1,1,1,1,NA,NA
"feature_counts[60,4,4]",1,NA,0,1,1,1,1,1,NA,NA
"feature_counts[60,4,5]",2,NA,0,2,2,2,2,2,NA,NA
"feature_counts[60,4,6]",2,NA,0,2,2,2,2,2,NA,NA
"feature_counts[60,4,7]",0,NA,0,0,0,0,0,0,NA,NA
"feature_counts[60,4,8]",0,NA,0,0,0,0,0,0,NA,NA
"feature_counts[60,5,1]",1,NA,0,1,1,1,1,1,NA,NA
"feature_counts[60,5,2]",2,NA,0,2,2,2,2,2,NA,NA
"feature_counts[60,5,3]",3,NA,0,3,3,3,3,3,NA,NA
"feature_counts[60,5,4]",0,NA,0,0,0,0,0,0,NA,NA
"feature_counts[60,5,5]",0,NA,0,0,0,0,0,0,NA,NA
"feature_counts[60,5,6]",1,NA,0,1,1,1,1,1,NA,NA
"feature_counts[60,5,7]",2,NA,0,2,2,2,2,2,NA,NA
"feature_counts[60,5,8]",3,NA,0,3,3,3,3,3,NA,NA
"feature_counts[61,1,1]",3,NA,0,3,3,3,3,3,NA,NA
"feature_counts[61,1,2]",0,NA,0,0,0,0,0,0,NA,NA
"feature_counts[61,1,3]",0,NA,0,0,0,0,0,0,NA,NA
"feature_counts[61,1,4]",3,NA,0,3,3,3,3,3,NA,NA
"feature_counts[61,1,5]",2,NA,0,2,2,2,2,2,NA,NA
"feature_counts[61,1,6]",1,NA,0,1,1,1,1,1,NA,NA
"feature_counts[61,1,7]",1,NA,0,1,1,1,1,1,NA,NA
"feature_counts[61,1,8]",2,NA,0,2,2,2,2,2,NA,NA
"feature_counts[61,2,1]",0,NA,0,0,0,0,0,0,NA,NA
"feature_counts[61,2,2]",1,NA,0,1,1,1,1,1,NA,NA
"feature_counts[61,2,3]",3,NA,0,3,3,3,3,3,NA,NA
"feature_counts[61,2,4]",0,NA,0,0,0,0,0,0,NA,NA
"feature_counts[61,2,5]",1,NA,0,1,1,1,1,1,NA,NA
"feature_counts[61,2,6]",3,NA,0,3,3,3,3,3,NA,NA
"feature_counts[61,2,7]",2,NA,0,2,2,2,2,2,NA,NA
"feature_counts[61,2,8]",2,NA,0,2,2,2,2,2,NA,NA
"feature_counts[61,3,1]",2,NA,0,2,2,2,2,2,NA,NA
"feature_counts[61,3,2]",3,NA,0,3,3,3,3,3,NA,NA
"feature_counts[61,3,3]",0,NA,0,0,0,0,0,0,NA,NA
"feature_counts[61,3,4]",0,NA,0,0,0,0,0,0,NA,NA
"feature_counts[61,3,5]",3,NA,0,3,3,3,3,3,NA,NA
"feature_counts[61,3,6]",1,NA,0,1,1,1,1,1,NA,NA
"feature_counts[61,3,7]",1,NA,0,1,1,1,1,1,NA,NA
"feature_counts[61,3,8]",2,NA,0,2,2,2,2,2,NA,NA
"feature_counts[61,4,1]",1,NA,0,1,1,1,1,1,NA,NA
"feature_counts[61,4,2]",1,NA,0,1,1,1,1,1,NA,NA
"feature_counts[61,4,3]",2,NA,0,2,2,2,2,2,NA,NA
"feature_counts[61,4,4]",3,NA,0,3,3,3,3,3,NA,NA
"feature_counts[61,4,5]",0,NA,0,0,0,0,0,0,NA,NA
"feature_counts[61,4,6]",0,NA,0,0,0,0,0,0,NA,NA
"feature_counts[61,4,7]",3,NA,0,3,3,3,3,3,NA,NA
"feature_counts[61,4,8]",2,NA,0,2,2,2,2,2,NA,NA
"feature_counts[61,5,1]",2,NA,0,2,2,2,2,2,NA,NA
"feature_counts[61,5,2]",3,NA,0,3,3,3,3,3,NA,NA
"feature_counts[61,5,3]",3,NA,0,3,3,3,3,3,NA,NA
"feature_counts[61,5,4]",1,NA,0,1,1,1,1,1,NA,NA
"feature_counts[61,5,5]",1,NA,0,1,1,1,1,1,NA,NA
"feature_counts[61,5,6]",2,NA,0,2,2,2,2,2,NA,NA
"feature_counts[61,5,7]",0,NA,0,0,0,0,0,0,NA,NA
"feature_counts[61,5,8]",0,NA,0,0,0,0,0,0,NA,NA
"feature_counts[62,1,1]",0,NA,0,0,0,0,0,0,NA,NA
"feature_counts[62,1,2]",3,NA,0,3,3,3,3,3,NA,NA
"feature_counts[62,1,3]",2,NA,0,2,2,2,2,2,NA,NA
"feature_counts[62,1,4]",2,NA,0,2,2,2,2,2,NA,NA
"feature_counts[62,1,5]",3,NA,0,3,3,3,3,3,NA,NA
"feature_counts[62,1,6]",1,NA,0,1,1,1,1,1,NA,NA
"feature_counts[62,1,7]",1,NA,0,1,1,1,1,1,NA,NA
"feature_counts[62,1,8]",0,NA,0,0,0,0,0,0,NA,NA
"feature_counts[62,2,1]",1,NA,0,1,1,1,1,1,NA,NA
"feature_counts[62,2,2]",0,NA,0,0,0,0,0,0,NA,NA
"feature_counts[62,2,3]",2,NA,0,2,2,2,2,2,NA,NA
"feature_counts[62,2,4]",1,NA,0,1,1,1,1,1,NA,NA
"feature_counts[62,2,5]",0,NA,0,0,0,0,0,0,NA,NA
"feature_counts[62,2,6]",3,NA,0,3,3,3,3,3,NA,NA
"feature_counts[62,2,7]",3,NA,0,3,3,3,3,3,NA,NA
"feature_counts[62,2,8]",2,NA,0,2,2,2,2,2,NA,NA
"feature_counts[62,3,1]",3,NA,0,3,3,3,3,3,NA,NA
"feature_counts[62,3,2]",1,NA,0,1,1,1,1,1,NA,NA
"feature_counts[62,3,3]",1,NA,0,1,1,1,1,1,NA,NA
"feature_counts[62,3,4]",2,NA,0,2,2,2,2,2,NA,NA
"feature_counts[62,3,5]",2,NA,0,2,2,2,2,2,NA,NA
"feature_counts[62,3,6]",0,NA,0,0,0,0,0,0,NA,NA
"feature_counts[62,3,7]",0,NA,0,0,0,0,0,0,NA,NA
"feature_counts[62,3,8]",3,NA,0,3,3,3,3,3,NA,NA
"feature_counts[62,4,1]",2,NA,0,2,2,2,2,2,NA,NA
"feature_counts[62,4,2]",1,NA,0,1,1,1,1,1,NA,NA
"feature_counts[62,4,3]",1,NA,0,1,1,1,1,1,NA,NA
"feature_counts[62,4,4]",3,NA,0,3,3,3,3,3,NA,NA
"feature_counts[62,4,5]",0,NA,0,0,0,0,0,0,NA,NA
"feature_counts[62,4,6]",2,NA,0,2,2,2,2,2,NA,NA
"feature_counts[62,4,7]",3,NA,0,3,3,3,3,3,NA,NA
"feature_counts[62,4,8]",0,NA,0,0,0,0,0,0,NA,NA
"feature_counts[62,5,1]",2,NA,0,2,2,2,2,2,NA,NA
"feature_counts[62,5,2]",2,NA,0,2,2,2,2,2,NA,NA
"feature_counts[62,5,3]",0,NA,0,0,0,0,0,0,NA,NA
"feature_counts[62,5,4]",0,NA,0,0,0,0,0,0,NA,NA
"feature_counts[62,5,5]",3,NA,0,3,3,3,3,3,NA,NA
"feature_counts[62,5,6]",1,NA,0,1,1,1,1,1,NA,NA
"feature_counts[62,5,7]",1,NA,0,1,1,1,1,1,NA,NA
"feature_counts[62,5,8]",3,NA,0,3,3,3,3,3,NA,NA
"feature_counts[63,1,1]",1,NA,0,1,1,1,1,1,NA,NA
"feature_counts[63,1,2]",3,NA,0,3,3,3,3,3,NA,NA
"feature_counts[63,1,3]",3,NA,0,3,3,3,3,3,NA,NA
"feature_counts[63,1,4]",2,NA,0,2,2,2,2,2,NA,NA
"feature_counts[63,1,5]",2,NA,0,2,2,2,2,2,NA,NA
"feature_counts[63,1,6]",0,NA,0,0,0,0,0,0,NA,NA
"feature_counts[63,1,7]",0,NA,0,0,0,0,0,0,NA,NA
"feature_counts[63,1,8]",1,NA,0,1,1,1,1,1,NA,NA
"feature_counts[63,2,1]",2,NA,0,2,2,2,2,2,NA,NA
"feature_counts[63,2,2]",1,NA,0,1,1,1,1,1,NA,NA
"feature_counts[63,2,3]",1,NA,0,1,1,1,1,1,NA,NA
"feature_counts[63,2,4]",2,NA,0,2,2,2,2,2,NA,NA
"feature_counts[63,2,5]",0,NA,0,0,0,0,0,0,NA,NA
"feature_counts[63,2,6]",3,NA,0,3,3,3,3,3,NA,NA
"feature_counts[63,2,7]",3,NA,0,3,3,3,3,3,NA,NA
"feature_counts[63,2,8]",0,NA,0,0,0,0,0,0,NA,NA
"feature_counts[63,3,1]",3,NA,0,3,3,3,3,3,NA,NA
"feature_counts[63,3,2]",2,NA,0,2,2,2,2,2,NA,NA
"feature_counts[63,3,3]",2,NA,0,2,2,2,2,2,NA,NA
"feature_counts[63,3,4]",0,NA,0,0,0,0,0,0,NA,NA
"feature_counts[63,3,5]",1,NA,0,1,1,1,1,1,NA,NA
"feature_counts[63,3,6]",3,NA,0,3,3,3,3,3,NA,NA
"feature_counts[63,3,7]",0,NA,0,0,0,0,0,0,NA,NA
"feature_counts[63,3,8]",1,NA,0,1,1,1,1,1,NA,NA
"feature_counts[63,4,1]",0,NA,0,0,0,0,0,0,NA,NA
"feature_counts[63,4,2]",0,NA,0,0,0,0,0,0,NA,NA
"feature_counts[63,4,3]",2,NA,0,2,2,2,2,2,NA,NA
"feature_counts[63,4,4]",3,NA,0,3,3,3,3,3,NA,NA
"feature_counts[63,4,5]",1,NA,0,1,1,1,1,1,NA,NA
"feature_counts[63,4,6]",1,NA,0,1,1,1,1,1,NA,NA
"feature_counts[63,4,7]",3,NA,0,3,3,3,3,3,NA,NA
"feature_counts[63,4,8]",2,NA,0,2,2,2,2,2,NA,NA
"feature_counts[63,5,1]",1,NA,0,1,1,1,1,1,NA,NA
"feature_counts[63,5,2]",2,NA,0,2,2,2,2,2,NA,NA
"feature_counts[63,5,3]",0,NA,0,0,0,0,0,0,NA,NA
"feature_counts[63,5,4]",0,NA,0,0,0,0,0,0,NA,NA
"feature_counts[63,5,5]",3,NA,0,3,3,3,3,3,NA,NA
"feature_counts[63,5,6]",1,NA,0,1,1,1,1,1,NA,NA
"feature_counts[63,5,7]",2,NA,0,2,2,2,2,2,NA,NA
"feature_counts[63,5,8]",3,NA,0,3,3,3,3,3,NA,NA
"feature_counts[64,1,1]",3,NA,0,3,3,3,3,3,NA,NA
"feature_counts[64,1,2]",2,NA,0,2,2,2,2,2,NA,NA
"feature_counts[64,1,3]",0,NA,0,0,0,0,0,0,NA,NA
"feature_counts[64,1,4]",0,NA,0,0,0,0,0,0,NA,NA
"feature_counts[64,1,5]",2,NA,0,2,2,2,2,2,NA,NA
"feature_counts[64,1,6]",3,NA,0,3,3,3,3,3,NA,NA
"feature_counts[64,1,7]",1,NA,0,1,1,1,1,1,NA,NA
"feature_counts[64,1,8]",1,NA,0,1,1,1,1,1,NA,NA
"feature_counts[64,2,1]",0,NA,0,0,0,0,0,0,NA,NA
"feature_counts[64,2,2]",0,NA,0,0,0,0,0,0,NA,NA
"feature_counts[64,2,3]",3,NA,0,3,3,3,3,3,NA,NA
"feature_counts[64,2,4]",2,NA,0,2,2,2,2,2,NA,NA
"feature_counts[64,2,5]",2,NA,0,2,2,2,2,2,NA,NA
"feature_counts[64,2,6]",1,NA,0,1,1,1,1,1,NA,NA
"feature_counts[64,2,7]",1,NA,0,1,1,1,1,1,NA,NA
"feature_counts[64,2,8]",3,NA,0,3,3,3,3,3,NA,NA
"feature_counts[64,3,1]",1,NA,0,1,1,1,1,1,NA,NA
"feature_counts[64,3,2]",2,NA,0,2,2,2,2,2,NA,NA
"feature_counts[64,3,3]",0,NA,0,0,0,0,0,0,NA,NA
"feature_counts[64,3,4]",3,NA,0,3,3,3,3,3,NA,NA
"feature_counts[64,3,5]",2,NA,0,2,2,2,2,2,NA,NA
"feature_counts[64,3,6]",1,NA,0,1,1,1,1,1,NA,NA
"feature_counts[64,3,7]",3,NA,0,3,3,3,3,3,NA,NA
"feature_counts[64,3,8]",0,NA,0,0,0,0,0,0,NA,NA
"feature_counts[64,4,1]",2,NA,0,2,2,2,2,2,NA,NA
"feature_counts[64,4,2]",0,NA,0,0,0,0,0,0,NA,NA
"feature_counts[64,4,3]",3,NA,0,3,3,3,3,3,NA,NA
"feature_counts[64,4,4]",1,NA,0,1,1,1,1,1,NA,NA
"feature_counts[64,4,5]",1,NA,0,1,1,1,1,1,NA,NA
"feature_counts[64,4,6]",2,NA,0,2,2,2,2,2,NA,NA
"feature_counts[64,4,7]",0,NA,0,0,0,0,0,0,NA,NA
"feature_counts[64,4,8]",3,NA,0,3,3,3,3,3,NA,NA
"feature_counts[64,5,1]",2,NA,0,2,2,2,2,2,NA,NA
"feature_counts[64,5,2]",3,NA,0,3,3,3,3,3,NA,NA
"feature_counts[64,5,3]",1,NA,0,1,1,1,1,1,NA,NA
"feature_counts[64,5,4]",2,NA,0,2,2,2,2,2,NA,NA
"feature_counts[64,5,5]",0,NA,0,0,0,0,0,0,NA,NA
"feature_counts[64,5,6]",0,NA,0,0,0,0,0,0,NA,NA
"feature_counts[64,5,7]",3,NA,0,3,3,3,3,3,NA,NA
"feature_counts[64,5,8]",1,NA,0,1,1,1,1,1,NA,NA
"feature_counts[65,1,1]",3,NA,0,3,3,3,3,3,NA,NA
"feature_counts[65,1,2]",1,NA,0,1,1,1,1,1,NA,NA
"feature_counts[65,1,3]",0,NA,0,0,0,0,0,0,NA,NA
"feature_counts[65,1,4]",2,NA,0,2,2,2,2,2,NA,NA
"feature_counts[65,1,5]",1,NA,0,1,1,1,1,1,NA,NA
"feature_counts[65,1,6]",0,NA,0,0,0,0,0,0,NA,NA
"feature_counts[65,1,7]",2,NA,0,2,2,2,2,2,NA,NA
"feature_counts[65,1,8]",3,NA,0,3,3,3,3,3,NA,NA
"feature_counts[65,2,1]",1,NA,0,1,1,1,1,1,NA,NA
"feature_counts[65,2,2]",0,NA,0,0,0,0,0,0,NA,NA
"feature_counts[65,2,3]",3,NA,0,3,3,3,3,3,NA,NA
"feature_counts[65,2,4]",1,NA,0,1,1,1,1,1,NA,NA
"feature_counts[65,2,5]",0,NA,0,0,0,0,0,0,NA,NA
"feature_counts[65,2,6]",3,NA,0,3,3,3,3,3,NA,NA
"feature_counts[65,2,7]",2,NA,0,2,2,2,2,2,NA,NA
"feature_counts[65,2,8]",2,NA,0,2,2,2,2,2,NA,NA
"feature_counts[65,3,1]",2,NA,0,2,2,2,2,2,NA,NA
"feature_counts[65,3,2]",1,NA,0,1,1,1,1,1,NA,NA
"feature_counts[65,3,3]",3,NA,0,3,3,3,3,3,NA,NA
"feature_counts[65,3,4]",3,NA,0,3,3,3,3,3,NA,NA
"feature_counts[65,3,5]",1,NA,0,1,1,1,1,1,NA,NA
"feature_counts[65,3,6]",0,NA,0,0,0,0,0,0,NA,NA
"feature_counts[65,3,7]",0,NA,0,0,0,0,0,0,NA,NA
"feature_counts[65,3,8]",2,NA,0,2,2,2,2,2,NA,NA
"feature_counts[65,4,1]",0,NA,0,0,0,0,0,0,NA,NA
"feature_counts[65,4,2]",3,NA,0,3,3,3,3,3,NA,NA
"feature_counts[65,4,3]",1,NA,0,1,1,1,1,1,NA,NA
"feature_counts[65,4,4]",0,NA,0,0,0,0,0,0,NA,NA
"feature_counts[65,4,5]",3,NA,0,3,3,3,3,3,NA,NA
"feature_counts[65,4,6]",2,NA,0,2,2,2,2,2,NA,NA
"feature_counts[65,4,7]",2,NA,0,2,2,2,2,2,NA,NA
"feature_counts[65,4,8]",1,NA,0,1,1,1,1,1,NA,NA
"feature_counts[65,5,1]",2,NA,0,2,2,2,2,2,NA,NA
"feature_counts[65,5,2]",2,NA,0,2,2,2,2,2,NA,NA
"feature_counts[65,5,3]",1,NA,0,1,1,1,1,1,NA,NA
"feature_counts[65,5,4]",1,NA,0,1,1,1,1,1,NA,NA
"feature_counts[65,5,5]",3,NA,0,3,3,3,3,3,NA,NA
"feature_counts[65,5,6]",3,NA,0,3,3,3,3,3,NA,NA
"feature_counts[65,5,7]",0,NA,0,0,0,0,0,0,NA,NA
"feature_counts[65,5,8]",0,NA,0,0,0,0,0,0,NA,NA
"feature_counts[66,1,1]",0,NA,0,0,0,0,0,0,NA,NA
"feature_counts[66,1,2]",2,NA,0,2,2,2,2,2,NA,NA
"feature_counts[66,1,3]",3,NA,0,3,3,3,3,3,NA,NA
"feature_counts[66,1,4]",1,NA,0,1,1,1,1,1,NA,NA
"feature_counts[66,1,5]",2,NA,0,2,2,2,2,2,NA,NA
"feature_counts[66,1,6]",0,NA,0,0,0,0,0,0,NA,NA
"feature_counts[66,1,7]",1,NA,0,1,1,1,1,1,NA,NA
"feature_counts[66,1,8]",3,NA,0,3,3,3,3,3,NA,NA
"feature_counts[66,2,1]",1,NA,0,1,1,1,1,1,NA,NA
"feature_counts[66,2,2]",3,NA,0,3,3,3,3,3,NA,NA
"feature_counts[66,2,3]",2,NA,0,2,2,2,2,2,NA,NA
"feature_counts[66,2,4]",1,NA,0,1,1,1,1,1,NA,NA
"feature_counts[66,2,5]",0,NA,0,0,0,0,0,0,NA,NA
"feature_counts[66,2,6]",2,NA,0,2,2,2,2,2,NA,NA
"feature_counts[66,2,7]",3,NA,0,3,3,3,3,3,NA,NA
"feature_counts[66,2,8]",0,NA,0,0,0,0,0,0,NA,NA
"feature_counts[66,3,1]",1,NA,0,1,1,1,1,1,NA,NA
"feature_counts[66,3,2]",0,NA,0,0,0,0,0,0,NA,NA
"feature_counts[66,3,3]",0,NA,0,0,0,0,0,0,NA,NA
"feature_counts[66,3,4]",2,NA,0,2,2,2,2,2,NA,NA
"feature_counts[66,3,5]",2,NA,0,2,2,2,2,2,NA,NA
"feature_counts[66,3,6]",3,NA,0,3,3,3,3,3,NA,NA
"feature_counts[66,3,7]",3,NA,0,3,3,3,3,3,NA,NA
"feature_counts[66,3,8]",1,NA,0,1,1,1,1,1,NA,NA
"feature_counts[66,4,1]",2,NA,0,2,2,2,2,2,NA,NA
"feature_counts[66,4,2]",3,NA,0,3,3,3,3,3,NA,NA
"feature_counts[66,4,3]",0,NA,0,0,0,0,0,0,NA,NA
"feature_counts[66,4,4]",0,NA,0,0,0,0,0,0,NA,NA
"feature_counts[66,4,5]",3,NA,0,3,3,3,3,3,NA,NA
"feature_counts[66,4,6]",1,NA,0,1,1,1,1,1,NA,NA
"feature_counts[66,4,7]",1,NA,0,1,1,1,1,1,NA,NA
"feature_counts[66,4,8]",2,NA,0,2,2,2,2,2,NA,NA
"feature_counts[66,5,1]",3,NA,0,3,3,3,3,3,NA,NA
"feature_counts[66,5,2]",0,NA,0,0,0,0,0,0,NA,NA
"feature_counts[66,5,3]",2,NA,0,2,2,2,2,2,NA,NA
"feature_counts[66,5,4]",3,NA,0,3,3,3,3,3,NA,NA
"feature_counts[66,5,5]",1,NA,0,1,1,1,1,1,NA,NA
"feature_counts[66,5,6]",1,NA,0,1,1,1,1,1,NA,NA
"feature_counts[66,5,7]",0,NA,0,0,0,0,0,0,NA,NA
"feature_counts[66,5,8]",2,NA,0,2,2,2,2,2,NA,NA
"feature_counts[67,1,1]",0,NA,0,0,0,0,0,0,NA,NA
"feature_counts[67,1,2]",3,NA,0,3,3,3,3,3,NA,NA
"feature_counts[67,1,3]",3,NA,0,3,3,3,3,3,NA,NA
"feature_counts[67,1,4]",2,NA,0,2,2,2,2,2,NA,NA
"feature_counts[67,1,5]",1,NA,0,1,1,1,1,1,NA,NA
"feature_counts[67,1,6]",0,NA,0,0,0,0,0,0,NA,NA
"feature_counts[67,1,7]",2,NA,0,2,2,2,2,2,NA,NA
"feature_counts[67,1,8]",1,NA,0,1,1,1,1,1,NA,NA
"feature_counts[67,2,1]",1,NA,0,1,1,1,1,1,NA,NA
"feature_counts[67,2,2]",0,NA,0,0,0,0,0,0,NA,NA
"feature_counts[67,2,3]",0,NA,0,0,0,0,0,0,NA,NA
"feature_counts[67,2,4]",3,NA,0,3,3,3,3,3,NA,NA
"feature_counts[67,2,5]",2,NA,0,2,2,2,2,2,NA,NA
"feature_counts[67,2,6]",1,NA,0,1,1,1,1,1,NA,NA
"feature_counts[67,2,7]",3,NA,0,3,3,3,3,3,NA,NA
"feature_counts[67,2,8]",2,NA,0,2,2,2,2,2,NA,NA
"feature_counts[67,3,1]",1,NA,0,1,1,1,1,1,NA,NA
"feature_counts[67,3,2]",2,NA,0,2,2,2,2,2,NA,NA
"feature_counts[67,3,3]",3,NA,0,3,3,3,3,3,NA,NA
"feature_counts[67,3,4]",0,NA,0,0,0,0,0,0,NA,NA
"feature_counts[67,3,5]",0,NA,0,0,0,0,0,0,NA,NA
"feature_counts[67,3,6]",3,NA,0,3,3,3,3,3,NA,NA
"feature_counts[67,3,7]",2,NA,0,2,2,2,2,2,NA,NA
"feature_counts[67,3,8]",1,NA,0,1,1,1,1,1,NA,NA
"feature_counts[67,4,1]",3,NA,0,3,3,3,3,3,NA,NA
"feature_counts[67,4,2]",1,NA,0,1,1,1,1,1,NA,NA
"feature_counts[67,4,3]",2,NA,0,2,2,2,2,2,NA,NA
"feature_counts[67,4,4]",2,NA,0,2,2,2,2,2,NA,NA
"feature_counts[67,4,5]",1,NA,0,1,1,1,1,1,NA,NA
"feature_counts[67,4,6]",3,NA,0,3,3,3,3,3,NA,NA
"feature_counts[67,4,7]",0,NA,0,0,0,0,0,0,NA,NA
"feature_counts[67,4,8]",0,NA,0,0,0,0,0,0,NA,NA
"feature_counts[67,5,1]",2,NA,0,2,2,2,2,2,NA,NA
"feature_counts[67,5,2]",2,NA,0,2,2,2,2,2,NA,NA
"feature_counts[67,5,3]",0,NA,0,0,0,0,0,0,NA,NA
"feature_counts[67,5,4]",1,NA,0,1,1,1,1,1,NA,NA
"feature_counts[67,5,5]",3,NA,0,3,3,3,3,3,NA,NA
"feature_counts[67,5,6]",0,NA,0,0,0,0,0,0,NA,NA
"feature_counts[67,5,7]",1,NA,0,1,1,1,1,1,NA,NA
"feature_counts[67,5,8]",3,NA,0,3,3,3,3,3,NA,NA
"feature_counts[68,1,1]",1,NA,0,1,1,1,1,1,NA,NA
"feature_counts[68,1,2]",1,NA,0,1,1,1,1,1,NA,NA
"feature_counts[68,1,3]",0,NA,0,0,0,0,0,0,NA,NA
"feature_counts[68,1,4]",0,NA,0,0,0,0,0,0,NA,NA
"feature_counts[68,1,5]",2,NA,0,2,2,2,2,2,NA,NA
"feature_counts[68,1,6]",2,NA,0,2,2,2,2,2,NA,NA
"feature_counts[68,1,7]",3,NA,0,3,3,3,3,3,NA,NA
"feature_counts[68,1,8]",3,NA,0,3,3,3,3,3,NA,NA
"feature_counts[68,2,1]",0,NA,0,0,0,0,0,0,NA,NA
"feature_counts[68,2,2]",3,NA,0,3,3,3,3,3,NA,NA
"feature_counts[68,2,3]",1,NA,0,1,1,1,1,1,NA,NA
"feature_counts[68,2,4]",2,NA,0,2,2,2,2,2,NA,NA
"feature_counts[68,2,5]",2,NA,0,2,2,2,2,2,NA,NA
"feature_counts[68,2,6]",1,NA,0,1,1,1,1,1,NA,NA
"feature_counts[68,2,7]",3,NA,0,3,3,3,3,3,NA,NA
"feature_counts[68,2,8]",0,NA,0,0,0,0,0,0,NA,NA
"feature_counts[68,3,1]",2,NA,0,2,2,2,2,2,NA,NA
"feature_counts[68,3,2]",2,NA,0,2,2,2,2,2,NA,NA
"feature_counts[68,3,3]",3,NA,0,3,3,3,3,3,NA,NA
"feature_counts[68,3,4]",0,NA,0,0,0,0,0,0,NA,NA
"feature_counts[68,3,5]",1,NA,0,1,1,1,1,1,NA,NA
"feature_counts[68,3,6]",3,NA,0,3,3,3,3,3,NA,NA
"feature_counts[68,3,7]",0,NA,0,0,0,0,0,0,NA,NA
"feature_counts[68,3,8]",1,NA,0,1,1,1,1,1,NA,NA
"feature_counts[68,4,1]",1,NA,0,1,1,1,1,1,NA,NA
"feature_counts[68,4,2]",0,NA,0,0,0,0,0,0,NA,NA
"feature_counts[68,4,3]",3,NA,0,3,3,3,3,3,NA,NA
"feature_counts[68,4,4]",3,NA,0,3,3,3,3,3,NA,NA
"feature_counts[68,4,5]",2,NA,0,2,2,2,2,2,NA,NA
"feature_counts[68,4,6]",1,NA,0,1,1,1,1,1,NA,NA
"feature_counts[68,4,7]",0,NA,0,0,0,0,0,0,NA,NA
"feature_counts[68,4,8]",2,NA,0,2,2,2,2,2,NA,NA
"feature_counts[68,5,1]",3,NA,0,3,3,3,3,3,NA,NA
"feature_counts[68,5,2]",1,NA,0,1,1,1,1,1,NA,NA
"feature_counts[68,5,3]",1,NA,0,1,1,1,1,1,NA,NA
"feature_counts[68,5,4]",3,NA,0,3,3,3,3,3,NA,NA
"feature_counts[68,5,5]",0,NA,0,0,0,0,0,0,NA,NA
"feature_counts[68,5,6]",0,NA,0,0,0,0,0,0,NA,NA
"feature_counts[68,5,7]",2,NA,0,2,2,2,2,2,NA,NA
"feature_counts[68,5,8]",2,NA,0,2,2,2,2,2,NA,NA
"log_lik[1]",-0.436952124398794,0.00412753109549734,0.17993647668277,-0.859333431622603,-0.540529607481281,-0.408138322857434,-0.306482629417706,-0.16063682074171,1900.45555371977,1.00146860590687
"log_lik[2]",-0.414234445779381,0.00437623393870494,0.202107823386868,-0.867810888551722,-0.541317989958519,-0.388717046096525,-0.263597056540485,-0.0969574797947632,2132.87395077737,1.00116726224794
"log_lik[3]",-0.394294252430114,0.00175762542461144,0.0927762624624516,-0.585538043487219,-0.456244878472403,-0.391340060486545,-0.331057557347789,-0.21881650640213,2786.25649074332,1.00070028963723
"log_lik[4]",-0.941685042450618,0.0042533851278536,0.241542869089741,-1.46388129186152,-1.08697557562675,-0.924403478279755,-0.770184338582366,-0.529629281164615,3224.9205880209,1.00072127132609
"log_lik[5]",-0.112274291761422,0.00368981850773846,0.133195127337311,-0.490130505231506,-0.162066135352123,-0.0575981893398908,-0.0168799506057668,-0.000507079620077559,1303.06675537703,1.00086784064486
"log_lik[6]",-0.347039682161884,0.00355785392727642,0.14006597857931,-0.64818723067716,-0.408898685832851,-0.327208630718564,-0.257697292159901,-0.146532578126453,1549.84794790526,1.00152252114618
"log_lik[7]",-0.352758508884237,0.00471729716213787,0.198309921048158,-0.83691086184653,-0.462885112184458,-0.310787582682239,-0.205674337912896,-0.0756540306225539,1767.26799709308,1.0014698604287
"log_lik[8]",-0.537145050466898,0.00382718408590569,0.198384729241189,-0.926473752505343,-0.671867765718809,-0.540819841350838,-0.39829280725475,-0.155964239761327,2686.93879546246,1.00105072047881
"log_lik[9]",-0.767219875311387,0.00292714570536277,0.187204517845476,-1.22053314943479,-0.856953259360044,-0.739115913102738,-0.641689536635126,-0.469810067443723,4090.19458058058,1.00054474253271
"log_lik[10]",-0.93451180530675,0.00497616955978266,0.333922539035897,-1.82459978891554,-1.07779052769999,-0.858408824036346,-0.708230687252372,-0.501731042457295,4502.99150283789,1.00011191184163
"log_lik[11]",-0.381200294541753,0.00221066383710569,0.125117319205982,-0.604260868210521,-0.474037788615672,-0.387640848018828,-0.29646333219571,-0.123982528354887,3203.23976488554,0.999552842107117
"log_lik[12]",-0.258120715402819,0.00268921971196398,0.130276615313326,-0.542213108666766,-0.344078065033419,-0.23909235509674,-0.159908877939246,-0.0552358710176146,2346.82313870317,1.00002838611562
"log_lik[13]",-0.173721297826121,0.00353169205811171,0.145483521572225,-0.519736214335435,-0.259308941624489,-0.133475726657153,-0.057299763199781,-0.004184747127551,1696.92228293314,1.00018826961591
"log_lik[14]",-0.210878684679292,0.0029448030399951,0.129123158607303,-0.517774049173635,-0.286520760003355,-0.181650046306016,-0.113248143520762,-0.0365278618985737,1922.63027568965,1.00039821454043
"log_lik[15]",-0.130306382895193,0.00339920888589239,0.127688611331199,-0.48775195833544,-0.180967740880929,-0.0846610480963755,-0.0385222386660705,-0.00582834175269238,1411.07020240955,1.00092099632266
"log_lik[16]",-0.325346542341945,0.00258945132599839,0.138233558382676,-0.586724202927327,-0.428470206772935,-0.323761377111101,-0.224279774247034,-0.0671922198007148,2849.78090022583,0.999569458412364
"log_lik[17]",-1.42988721460053,0.0132141600884546,0.52017510040155,-2.60230292118073,-1.73613928795787,-1.38099877265549,-1.06070165667848,-0.581604507330041,1549.60136919913,1.00156167917974
"log_lik[18]",-1.26267861804731,0.00458857217382468,0.300776546751288,-1.97644385106395,-1.42159035402905,-1.21899930138733,-1.04732788020024,-0.820964801053154,4296.67795306388,0.999894396980706
"log_lik[19]",-0.135953755671046,0.00348914517671307,0.133163691704488,-0.496344292083208,-0.19540544683184,-0.0887818131957797,-0.0372948817629925,-0.00361965773252141,1456.57742019964,1.00068596010902
"log_lik[20]",-0.662483330667708,0.00209324160662558,0.13184849824074,-0.975407972491101,-0.72529146971132,-0.643921683541186,-0.582380057229918,-0.434293117423539,3967.45178934365,0.999545269423167
"log_lik[21]",-0.804773676195045,0.0045646411828975,0.306647402232706,-1.6414189670346,-0.909757362892878,-0.713777057318009,-0.613557695375775,-0.44932452184532,4512.99956223149,0.99958763423991
"log_lik[22]",-0.419066179886586,0.00337116069614994,0.173181794405513,-0.681019502876368,-0.545239623503957,-0.446344049951301,-0.304896912387009,-0.0594034765625481,2639.03749481936,0.999788229740861
"log_lik[23]",-0.693242842387022,0.00343199055278361,0.214915802168365,-1.24349490122553,-0.74534079181471,-0.643936028379788,-0.581248899713465,-0.429123416522779,3921.43057705269,0.999670179003551
"log_lik[24]",-0.778680394745369,0.00212271003482674,0.125093283885578,-1.05659226410733,-0.837246827617281,-0.772318530595579,-0.706041566062967,-0.549386926687915,3472.85492226085,0.999670931400142
"log_lik[25]",-0.509519549089536,0.00224297832045694,0.121260320409507,-0.752676684323899,-0.587012636424441,-0.513738104666172,-0.426295375325366,-0.278809631756785,2922.7204012423,1.00023268621671
"log_lik[26]",-0.721532566971388,0.00185931872440474,0.0956703236801599,-0.898071830326616,-0.783110714491916,-0.728723063900317,-0.665189062983054,-0.515100515849826,2647.56603380223,0.999967357172894
"log_lik[27]",-0.500048215951516,0.00230141440054359,0.123129465277034,-0.742777100558733,-0.581365068453592,-0.503392147637027,-0.413398352512104,-0.272565798854896,2862.42643714585,1.0002487614381
"log_lik[28]",-0.449817540144919,0.00295860150130068,0.147781743170956,-0.723874015750333,-0.556807435331239,-0.455017767151491,-0.338362875121264,-0.178717079646815,2494.98893221644,1.00033154812073
"log_lik[29]",-0.997301617741641,0.00392880013007169,0.232752645005457,-1.53615986948568,-1.13097137172212,-0.952026325366383,-0.829674521158352,-0.652213479867255,3509.69501643791,1.0000509668289
"log_lik[30]",-0.546165693462409,0.00177448653561236,0.0986223165386936,-0.768522239813261,-0.600788907394544,-0.540396548999668,-0.477979946462692,-0.378639601282535,3088.90806182833,1.00021893874709
"log_lik[31]",-0.582882700056565,0.0031633758890139,0.154209441344639,-0.848746899074204,-0.702382770568936,-0.588738457713453,-0.472301471814202,-0.28118645209593,2376.40428831266,0.999550459627226
"log_lik[32]",-0.929272116853829,0.00299171978322018,0.176627978984892,-1.32669707413995,-1.03313792391548,-0.903706542715111,-0.808747398266553,-0.633399987881188,3485.59699703068,1.00014500909695
"log_lik[33]",-0.601587725178168,0.00293225225207652,0.144791349714925,-0.85369710270855,-0.710886102509765,-0.605910122375135,-0.498045852705721,-0.310105153522743,2438.27438382677,0.99948922280522
"log_lik[34]",-0.525081854230019,0.00199046731421605,0.109686754522624,-0.758191879179522,-0.591227840352964,-0.523850467330189,-0.449377004520543,-0.327276903671408,3036.67470799539,1.00022144437907
"log_lik[35]",-0.858769672156287,0.00213293079193091,0.125378952247507,-1.11725791940836,-0.938874385605541,-0.853264327376071,-0.780649097030153,-0.611726306661524,3455.37943845496,1.00022142499699
"log_lik[36]",-0.60673205760756,0.00294867463337307,0.147152215422009,-0.856799813131837,-0.717562353707545,-0.614369690919523,-0.504104154126208,-0.304890103220797,2490.46190197097,0.999444827797514
"log_lik[37]",-1.03240250986612,0.0068488801612415,0.379777450854149,-1.98101058453287,-1.24415345986499,-0.941398806042368,-0.737717895126531,-0.570230035127886,3074.81659150344,0.99944135743353
"log_lik[38]",-0.619716081566995,0.00272215671517136,0.136237069320876,-0.857324089437247,-0.720266439549977,-0.624324759564306,-0.52434056992581,-0.342832961485879,2504.74972343909,0.99943051070625
"log_lik[39]",-0.517119203633242,0.0021131681980553,0.115387593893129,-0.756334092816215,-0.588925585116533,-0.517971488741147,-0.437492611167475,-0.304089390146522,2981.60496107066,1.00022430634552
"log_lik[40]",-0.452423479533227,0.00301003461923236,0.150669032609055,-0.72682009188604,-0.561063269556314,-0.46192896350933,-0.341438040896765,-0.169318590704133,2505.56121962199,1.00034080049606
"log_lik[41]",-0.746504496638781,0.00264952597938236,0.141523889342712,-1.09374901641947,-0.818269242454923,-0.722338556231374,-0.645542908783478,-0.546103396787889,2853.14041790398,0.999307276118427
"log_lik[42]",-0.57897966344525,0.00323307400773222,0.157539288133559,-0.848466404588881,-0.701658341255866,-0.586147593176729,-0.46498788781674,-0.265590253887239,2374.35944231072,0.999555548964839
"log_lik[43]",-0.710161024704677,0.00184912053376492,0.0960447401339758,-0.883530678508986,-0.773005650360911,-0.717287963730544,-0.653500735728489,-0.503059277780769,2697.84335153455,0.999725434744449
"log_lik[44]",-0.726441183708325,0.00243075511382854,0.130412629978967,-1.04516485379014,-0.790566945125492,-0.703661772648766,-0.635132340116616,-0.540113140091807,2878.43807203603,0.999283926275597
"log_lik[45]",-0.997301617741641,0.00392880013007169,0.232752645005457,-1.53615986948568,-1.13097137172212,-0.952026325366383,-0.829674521158352,-0.652213479867255,3509.69501643791,1.0000509668289
"log_lik[46]",-0.517119203633242,0.0021131681980553,0.115387593893129,-0.756334092816215,-0.588925585116533,-0.517971488741147,-0.437492611167475,-0.304089390146522,2981.60496107066,1.00022430634552
"log_lik[47]",-0.565048539560338,0.00338808089900383,0.163156235029856,-0.845257966202765,-0.692226718264728,-0.570916098723842,-0.444838823276489,-0.250446622175119,2318.99497067236,0.999613144307962
"log_lik[48]",-1.0038189993566,0.00390603711397209,0.228961714498524,-1.51863308488849,-1.1430752286602,-0.96236669078818,-0.835308679875835,-0.656298584155804,3435.99881962986,1.00010836781663
"log_lik[49]",-0.858769672156287,0.00213293079193091,0.125378952247507,-1.11725791940836,-0.938874385605541,-0.853264327376071,-0.780649097030153,-0.611726306661524,3455.37943845496,1.00022142499699
"log_lik[50]",-0.462010257795447,0.00272184734469733,0.138090284310169,-0.725678309558438,-0.559952548101996,-0.463547652722185,-0.358171000296213,-0.213210947455376,2573.941780241,1.00031284284744
"log_lik[51]",-1.05956770006328,0.00503712951802349,0.299171598407812,-1.77405227129182,-1.21936593755252,-0.988209194892239,-0.843066908202341,-0.659506992027489,3527.56063729068,0.99992804038379
"log_lik[52]",-0.839393415770473,0.0049029341145979,0.302694689938443,-1.66367874761828,-0.960957153366133,-0.74862006935396,-0.63484892382374,-0.492952747503504,3811.51374452079,1.00065838610199
"log_lik[53]",-0.974117932336835,0.00383524774873541,0.215462087322079,-1.51952731038432,-1.07509118044835,-0.924854430058214,-0.829080424498309,-0.676638108769648,3156.12996318386,1.00172188379852
"log_lik[54]",-0.630883260007307,0.00123813020365284,0.0860955082575852,-0.813541486204292,-0.679389624633684,-0.62708054247793,-0.579246977641543,-0.464410999323643,4835.35486253443,1.00026297833789
"log_lik[55]",-0.908859836747176,0.00256247498987947,0.146990847987099,-1.2638535366772,-0.986666869193982,-0.884770114973832,-0.812346756707208,-0.669945815918731,3290.49564292995,1.00161275354325
"log_lik[56]",-0.513687645408921,0.0018362583192127,0.104619560906023,-0.716782025909802,-0.580834537542153,-0.52178186070862,-0.445820353036231,-0.29468939503034,3246.07263213567,1.00163030580083
"log_lik[57]",-0.557985046968256,0.00128480658904377,0.0815870940776611,-0.730341026794401,-0.604167342880492,-0.558487664758227,-0.508360915387395,-0.396099047153727,4032.4354078737,1.00130896105158
"log_lik[58]",-0.752584080255197,0.00165467462229805,0.111300731370674,-0.986514918246818,-0.815331613081669,-0.752997178371392,-0.685775857010396,-0.529076327271363,4524.5024103855,1.00040719233087
"log_lik[59]",-0.623226569593997,0.00119742781090475,0.0834400731490665,-0.803339012848395,-0.668982359695842,-0.619628797712458,-0.573540683225291,-0.460471227951164,4855.6868531897,1.00028528581715
"log_lik[60]",-0.714012463299296,0.00203540805183857,0.131811810166081,-0.97542646059633,-0.795771349477671,-0.722357064016411,-0.634328773114894,-0.436514633437578,4193.78026849286,1.00059295307244
"log_lik[61]",-0.526834596179213,0.00160687603795941,0.0956564723125553,-0.716870404915613,-0.586629708740433,-0.532075399826803,-0.466060641869845,-0.330158635541275,3543.7573107337,1.00155986947938
"log_lik[62]",-0.718905670202168,0.00193653453619498,0.126370785274926,-0.975472976619576,-0.796957781985845,-0.724331546452982,-0.640706577584865,-0.461516602590899,4258.36491743196,1.00050774189821
"log_lik[63]",-0.572066633502987,0.00113833568270691,0.0764396069158044,-0.735851841167503,-0.613182209259758,-0.570879235337553,-0.52714621929305,-0.423423981408367,4509.16565951585,1.00085495485462
"log_lik[64]",-0.549870417104269,0.00131344444420513,0.0836450226046376,-0.728063605869416,-0.598514897322191,-0.55134314673858,-0.496853149148367,-0.383106795631072,4055.61564847449,1.00136542950648
"log_lik[65]",-0.872331813290931,0.0022080807390463,0.128389658996846,-1.17465530226348,-0.935281265786242,-0.85396485369548,-0.793791854535626,-0.658091293491318,3380.88339069545,1.00164286444335
"log_lik[66]",-0.526783075016864,0.00160892425363481,0.0957250081083416,-0.716869983543639,-0.586629533593963,-0.532067970740211,-0.465941548523094,-0.329736333389984,3539.80734976107,1.00156024275604
"log_lik[67]",-0.896521954938403,0.00243234108184264,0.140009647881335,-1.23033065813427,-0.968420903549383,-0.874639078114235,-0.806148805268642,-0.664927227907723,3313.34742459474,1.00164020082952
"log_lik[68]",-0.773417507388419,0.00144355084848244,0.0986365184207673,-0.997202640482478,-0.824889634874806,-0.767521317294498,-0.712442627163564,-0.591085908548699,4668.86478402059,1.00036964388093
"log_lik[69]",-0.778473847608708,0.00360507168229124,0.226915951180718,-1.37648467567773,-0.880672528688713,-0.718133094806458,-0.623444846683337,-0.488031813835759,3961.88844356506,1.00052026560688
"log_lik[70]",-0.749839998761405,0.00159670640463054,0.108173869423538,-0.981845387215552,-0.811993257254991,-0.747628904986156,-0.681707844161139,-0.545363653535317,4589.80880882596,1.00032945929152
"log_lik[71]",-0.777093593474548,0.00142120223283078,0.0983998050755509,-0.99692138493166,-0.829027920396361,-0.772502473776517,-0.717910431696492,-0.59390139494155,4793.76471019164,1.00034555793037
"log_lik[72]",-0.503624654325858,0.00198524799211137,0.110846814908507,-0.712881823833987,-0.577345881026767,-0.513315334914316,-0.431949134425554,-0.268037352110368,3117.57497139165,1.00165560805879
"log_lik[73]",-0.703581567640191,0.00272800655240192,0.16347149350534,-1.12558948517927,-0.768897950801502,-0.668738379883284,-0.601542093350823,-0.473840619453618,3590.81675227396,1.00050473411478
"log_lik[74]",-0.781113083862721,0.0013992839997475,0.0969307534857204,-1.00620627253097,-0.831449925503432,-0.775723333612427,-0.723268483280754,-0.601719669616071,4798.56565260569,1.00037801641225
"log_lik[75]",-0.493940519784948,0.00212832796727236,0.116963421867281,-0.709933384016735,-0.573500018595317,-0.505156967800498,-0.417436434911878,-0.246943902666607,3020.11184811714,1.00167243915175
"log_lik[76]",-0.708474793637879,0.0022581680910142,0.149724204151648,-1.07560308868997,-0.784355532049126,-0.678980023125229,-0.608743928420719,-0.477817745607018,4396.13979136585,1.00032181899911
"log_lik[77]",-0.62631947581298,0.00272338280465057,0.155456618553596,-0.903586825670881,-0.739422278217344,-0.636015026344132,-0.522370984690704,-0.304515812322376,3258.3749000291,1.00097295807474
"log_lik[78]",-1.0838921605554,0.00485410756951815,0.290455035634936,-1.80638466945284,-1.22380276199087,-1.01541781475927,-0.877158646240702,-0.699167286104839,3580.46166276434,1.00204447101434
"log_lik[79]",-0.715135280851779,0.00165676346858012,0.107980494210932,-0.930618968892911,-0.781714427262221,-0.716083061158024,-0.646307657535292,-0.494166418868629,4247.85420028111,0.999872653237737
"log_lik[80]",-0.461021626593283,0.00218267651884371,0.113860855180745,-0.686434818978532,-0.538747760902452,-0.459178340060621,-0.380055055099852,-0.254954087760163,2721.26057682959,1.0024206430228
"log_lik[81]",-0.958134281066114,0.00277130774992861,0.176627442314009,-1.36186659572817,-1.05312672230858,-0.931366761537225,-0.835941694729522,-0.679533232800836,4062.06480438142,1.00201352494903
"log_lik[82]",-0.624047615695972,0.00276796408639383,0.15748007484307,-0.903429699049825,-0.739071834944572,-0.634305125825401,-0.519368470053261,-0.296201761157989,3236.90775499877,1.00100033680672
"log_lik[83]",-0.419106406734456,0.00271178464665364,0.13220467129458,-0.674122237282274,-0.514303827697561,-0.416956759841708,-0.319311232405401,-0.186359620878119,2376.74837849602,1.00261913040667
"log_lik[84]",-0.715135280851779,0.00165676346858012,0.107980494210932,-0.930618968892911,-0.781714427262221,-0.716083061158024,-0.646307657535292,-0.494166418868629,4247.85420028111,0.999872653237737
"log_lik[85]",-0.570632659736951,0.00332801763755319,0.173549307082569,-0.885032771898347,-0.702762722409906,-0.574123023934355,-0.442293891321848,-0.241589047871646,2719.40899382537,1.00148318594479
"log_lik[86]",-1.02388670583828,0.00639250811091013,0.394667879425812,-2.01715002600967,-1.22950781043509,-0.928541123172439,-0.722583588178249,-0.540617033698043,3811.7199827056,1.00085728441484
"log_lik[87]",-0.776122727839919,0.00279068074042264,0.180621959519287,-1.22350668192177,-0.871897361548863,-0.743551392163023,-0.64588723521366,-0.518970127198773,4189.10058819141,1.0002776520889
"log_lik[88]",-0.841510493527296,0.00374707542277233,0.238460029066541,-1.44388566490419,-0.961776620179794,-0.791670370523586,-0.666088596000044,-0.526471597636209,4049.91879644372,1.00052077902205
"log_lik[89]",-0.514410609387451,0.00159235366428719,0.0922070472636905,-0.709367528489839,-0.57113961415757,-0.510486251353109,-0.453425051776522,-0.346606729062116,3353.12054422174,1.00195090016083
"log_lik[90]",-1.02044306261143,0.00632300757756932,0.389812066877738,-1.99385953950664,-1.22680249629809,-0.926772874939074,-0.722083265130192,-0.54061374735702,3800.69616930833,1.00085443423798
"log_lik[91]",-0.715135280851779,0.00165676346858012,0.107980494210932,-0.930618968892911,-0.781714427262221,-0.716083061158024,-0.646307657535292,-0.494166418868629,4247.85420028111,0.999872653237737
"log_lik[92]",-0.977749443264383,0.00299415453394446,0.185406706324413,-1.40520635232504,-1.08036518426739,-0.949867574666857,-0.84632323847402,-0.687704964026785,3834.44449108948,1.00214579602907
"log_lik[93]",-0.581037366906448,0.0032314230819866,0.171696155543337,-0.888133893521432,-0.711079895444819,-0.586302304129418,-0.456173187468621,-0.244964751082114,2823.14702632121,1.00138448586482
"log_lik[94]",-0.467256641144347,0.0021203124484036,0.109975365765624,-0.687460465616218,-0.541131686203721,-0.464894278570417,-0.389103104821996,-0.269913620778805,2690.24048428035,1.00246011525767
"log_lik[95]",-0.378725746332416,0.0032313572327422,0.150499330942327,-0.663885986365836,-0.488768257222878,-0.373740356817089,-0.261109935660874,-0.126272108468793,2169.1979880994,1.00270970175649
"log_lik[96]",-0.454692371826389,0.00228056073290573,0.123485680843423,-0.68746911682354,-0.541460193014087,-0.457555865258275,-0.368058261253691,-0.222119070169962,2931.90515157373,1.00220258461398
"log_lik[97]",-0.463589153093449,0.0021896915932864,0.122127755798989,-0.691720886716549,-0.548835431123806,-0.469108330570644,-0.378390271007237,-0.22764641544136,3110.73382257575,1.0020812126312
"log_lik[98]",-0.419209102709107,0.00271102126501907,0.132122284030885,-0.674123916814072,-0.51430692361711,-0.417027476059818,-0.319587189299935,-0.186759431360416,2375.12405055977,1.00262066156049
"log_lik[99]",-0.720785679120448,0.00159838883177249,0.104662567509357,-0.932273353934105,-0.784176062600757,-0.720419476556457,-0.655691791013754,-0.511591075663872,4287.63587349408,0.999779228542183
"log_lik[100]",-0.499983378102215,0.00191733138526051,0.109849594993541,-0.73253392513477,-0.570907532336421,-0.495717620212595,-0.423421421872133,-0.303610228233273,3282.48354232906,1.00053325371963
"log_lik[101]",-0.586277795359474,0.00311366513849472,0.162134961562464,-0.870318646849043,-0.705334682357776,-0.595429784458391,-0.476109119788827,-0.249277389909226,2711.49955475547,1.00025796756178
"log_lik[102]",-0.675013548281958,0.00212296844828643,0.116331959562309,-0.885801769706707,-0.752598740816348,-0.68061472586876,-0.604373365905668,-0.426412111992797,3002.69352822898,1.00002906512147
"log_lik[103]",-0.768735388983942,0.00292649282320364,0.148980483000086,-1.12606783725039,-0.847034342517678,-0.749286220666207,-0.664909939409942,-0.540421947268079,2591.57528197255,1.00020043833869
"log_lik[104]",-0.499983378102215,0.00191733138526051,0.109849594993541,-0.73253392513477,-0.570907532336421,-0.495717620212595,-0.423421421872133,-0.303610228233273,3282.48354232906,1.00053325371963
"log_lik[105]",-1.3538547218457,0.00890682398951116,0.582460233244876,-2.88057560071343,-1.62404836478195,-1.19082839483722,-0.922767640271745,-0.685084931167893,4276.4836822254,0.999548987092505
"log_lik[106]",-0.675013548281958,0.00212296844828643,0.116331959562309,-0.885801769706707,-0.752598740816348,-0.68061472586876,-0.604373365905668,-0.426412111992797,3002.69352822898,1.00002906512147
"log_lik[107]",-0.868477333160806,0.0020671478153231,0.139075431861675,-1.19027416059583,-0.937316805853331,-0.855776090217158,-0.784849677107142,-0.621013342888613,4526.45043138295,0.999259843841054
"log_lik[108]",-0.503185232846449,0.00190028913021255,0.113456752971908,-0.736819116114439,-0.575845152913998,-0.502303268615295,-0.4272083529389,-0.286787298176623,3564.68642506033,1.0002508033151
"log_lik[109]",-0.671475552323122,0.00212250272456417,0.112107265327229,-0.881781312998531,-0.745043274657032,-0.673724779805702,-0.601838942372185,-0.439691537696486,2789.78673405473,1.00021989289734
"log_lik[110]",-0.474691937074765,0.00221733872506595,0.128826009220384,-0.723418783776462,-0.563620611699302,-0.478836143256192,-0.387295193829083,-0.226192292317117,3375.53816831185,1.00039091735949
"log_lik[111]",-0.979000489375845,0.00311189598618637,0.199745858063642,-1.44277825803407,-1.09337371619089,-0.952506491829338,-0.837034491991599,-0.658351322631351,4120.07783052391,0.999582357652434
"log_lik[112]",-0.995856925321163,0.0033718325053865,0.219350452064542,-1.51792397731352,-1.11384420197574,-0.959691983860904,-0.840393435268363,-0.662245012948446,4231.99437186477,0.9995370590679
"log_lik[113]",-0.489916313401034,0.00201481860973246,0.117030336227743,-0.729213570663228,-0.567467412381616,-0.487634804822781,-0.408351892517308,-0.271440782228639,3373.84400517508,1.00044386682234
"log_lik[114]",-0.913825258223888,0.00237500236104793,0.155769773041492,-1.2648541904049,-1.00135006094995,-0.898972987338814,-0.811038802085757,-0.641025536463803,4301.68180832951,0.99943768103567
"log_lik[115]",-0.523550981641222,0.00171834836441481,0.105447228181163,-0.747199601925483,-0.586991733353314,-0.521243319088768,-0.456266822179801,-0.323495398735103,3765.71899238654,1.0000589898899
"log_lik[116]",-0.596462030784762,0.00293909423509215,0.153268766596466,-0.869231617204327,-0.707898337770636,-0.603430672348858,-0.49203664304398,-0.285105775738563,2719.44514663794,1.00029826607671
"log_lik[117]",-0.459678946478634,0.00466199781057094,0.220041826720845,-0.849262427810263,-0.635320848419962,-0.455107255686526,-0.281244273573769,-0.0772012977648364,2227.74948990363,1.00078061794438
"log_lik[118]",-0.675013548281958,0.00212296844828643,0.116331959562309,-0.885801769706707,-0.752598740816348,-0.68061472586876,-0.604373365905668,-0.426412111992797,3002.69352822898,1.00002906512147
"log_lik[119]",-0.703688268533953,0.00207142539445863,0.11245326993433,-0.975827960903152,-0.757835031747942,-0.68795526031538,-0.629834144131171,-0.529198674706823,2947.17269313118,0.999815692969081
"log_lik[120]",-0.503185232846449,0.00190028913021255,0.113456752971908,-0.736819116114439,-0.575845152913998,-0.502303268615295,-0.4272083529389,-0.286787298176623,3564.68642506033,1.0002508033151
"log_lik[121]",-0.366750849838069,0.00351558889873876,0.176945412031069,-0.701289886778583,-0.506887725550032,-0.365086760243514,-0.224920080899448,-0.0631527389300642,2533.27562268448,1.00128498079074
"log_lik[122]",-0.539557045061127,0.00158509486642633,0.095476992881271,-0.751343089432198,-0.593425680580123,-0.5324372293686,-0.476078075513274,-0.37270625996309,3628.16429722191,1.00014264123188
"log_lik[123]",-1.13119498414658,0.00510364985085751,0.318480732538064,-1.88893648676097,-1.31323145421142,-1.07108863835738,-0.886539198976681,-0.679898431089142,3894.07745266016,0.999760695352492
"log_lik[124]",-0.380774485756278,0.00420388676222956,0.160750594698325,-0.757719260950745,-0.479217787892834,-0.360828973683258,-0.261770911239089,-0.130586259602505,1462.187807564,1.00090653123139
"log_lik[125]",-0.170133226972826,0.00374470861516785,0.122517562029219,-0.499713041968195,-0.228837113438154,-0.140072737221165,-0.078998817613347,-0.0206631645788751,1070.43581821206,1.0018467047274
"log_lik[126]",-0.222513364027197,0.00338451559378895,0.116133536314329,-0.516795322227382,-0.282919289876901,-0.204054295958224,-0.137254142723222,-0.057233615344061,1177.39520438892,1.00197227911032
"log_lik[127]",-0.331257182457832,0.00260641853412071,0.108059679634176,-0.564907582167746,-0.399369679365745,-0.325815316253668,-0.254182614042638,-0.142026448622923,1718.85420463457,1.00110255161865
"log_lik[128]",-0.249303961249286,0.00320629747157943,0.114171445186489,-0.527329035332253,-0.311831085348458,-0.234887637533602,-0.16576554711003,-0.077783082243731,1267.96530933788,1.00184150196678
"log_lik[129]",-0.310904870924545,0.00286892648616565,0.10135321878419,-0.54339010503853,-0.369791489456519,-0.302476029236376,-0.238795170763936,-0.137919892662875,1248.06226141929,1.00248958687082
"log_lik[130]",-0.591073292460511,0.00260682719247899,0.125827681152413,-0.859239607074229,-0.67175036357318,-0.583257099122111,-0.505477955367934,-0.364645085560103,2329.84967768917,1.00046605534515
"log_lik[131]",-1.07241189044931,0.00576312873658474,0.355310183862183,-1.96630308859127,-1.25203922286037,-1.00474455617636,-0.814890762557006,-0.58281427096945,3801.00699508841,0.999997674001006
"log_lik[132]",-0.251352605314364,0.00514195757134185,0.162012704575321,-0.684259934901788,-0.330652622610806,-0.21595166667295,-0.132412054828834,-0.0462028929900838,992.752904867488,1.00195819322271
"log_lik[133]",-0.612134981872436,0.00287407684185776,0.114586904548437,-0.869653602914826,-0.678714878765038,-0.603721239997539,-0.536890673897352,-0.408336573041383,1589.54645355511,1.00099821286957
"log_lik[134]",-0.48700252539041,0.00224062721014277,0.0808545875621891,-0.654220301867425,-0.535752748681568,-0.486631083502023,-0.436390673431217,-0.327936362876703,1302.17730144111,1.00386585217799
"log_lik[135]",-0.267203813024884,0.00504221454786281,0.175286038747545,-0.711953330918896,-0.361365847791499,-0.228876392724674,-0.133544506210733,-0.0401539481519186,1208.51490484281,1.0011463473239
"log_lik[136]",-0.401099441150886,0.00215363529861849,0.0909863599761401,-0.591651649815581,-0.458786646680438,-0.398455396247098,-0.340185231938358,-0.229020668311895,1784.87686406517,1.00144512612013
"log_lik[137]",-0.475981709409079,0.00345216578100174,0.146486690083746,-0.798971645709681,-0.569498900012067,-0.463906015995037,-0.37125081588143,-0.225843203963727,1800.58258514902,1.00063671851097
"log_lik[138]",-0.653841425926934,0.00242789935598243,0.108047518522192,-0.898549704521795,-0.715703200556443,-0.646919072796913,-0.583333320410733,-0.462334550409109,1980.46984598291,1.00068231743738
"log_lik[139]",-0.475981709409079,0.00345216578100174,0.146486690083746,-0.798971645709681,-0.569498900012067,-0.463906015995037,-0.37125081588143,-0.225843203963727,1800.58258514902,1.00063671851097
"log_lik[140]",-0.355298308090634,0.00246315344030066,0.0992855490867085,-0.569158829964861,-0.416735639109279,-0.350320002116422,-0.286636180024512,-0.175169281737796,1624.75974500484,1.00152681592935
"log_lik[141]",-0.479316015283176,0.00177011607402531,0.0761955799538081,-0.633302287381726,-0.527063642647915,-0.481100072221072,-0.431997674135395,-0.326999973667733,1852.91742856884,1.00209207607926
"log_lik[142]",-0.255064961254631,0.00512501664090234,0.161331265928041,-0.686853003707589,-0.334912414394431,-0.220172992569831,-0.136577295794734,-0.0487937319924406,990.938092739224,1.00198807808779
"log_lik[143]",-0.266406263129869,0.00307964811799412,0.115164136996817,-0.538851457744897,-0.333202774607203,-0.253417744345195,-0.18131678127322,-0.0864577278266561,1398.40291845862,1.00150187335506
"log_lik[144]",-3.07240656100157,0.0270513832117649,1.42808514808096,-6.22287462408915,-3.93986451457975,-2.90325037939354,-2.01587190306066,-0.79573910683481,2786.95047842215,1.00003782225277
"log_lik[145]",-0.380774485756278,0.00420388676222956,0.160750594698325,-0.757719260950745,-0.479217787892834,-0.360828973683258,-0.261770911239089,-0.130586259602505,1462.187807564,1.00090653123139
"log_lik[146]",-0.355298308090634,0.00246315344030066,0.0992855490867085,-0.569158829964861,-0.416735639109279,-0.350320002116422,-0.286636180024512,-0.175169281737796,1624.75974500484,1.00152681592935
"log_lik[147]",-0.277545560011831,0.00300155212057713,0.111994152250277,-0.540871301027336,-0.343282671795267,-0.266076743728815,-0.196160545240079,-0.0984007741959537,1392.1912990872,1.00163125393297
"log_lik[148]",-0.139637181491113,0.00388168954398022,0.116287960260741,-0.470333766700839,-0.184539220874178,-0.108276423031958,-0.0564831911067969,-0.0138753601693787,897.486470338011,1.00251712105374
"log_lik[149]",-0.763937009764545,0.00180008983123922,0.109481667453795,-1.0131204525551,-0.823393480875272,-0.756824483762615,-0.694237211695284,-0.569528686492557,3699.08617963864,0.999900071665123
"log_lik[150]",-0.416580067072245,0.00256281639299876,0.132198578760778,-0.650066823478243,-0.517231388032085,-0.419873958284628,-0.317572202128264,-0.160831214205034,2660.83892876978,0.999220290100833
"log_lik[151]",-0.361169808157795,0.00328909625440803,0.156650425926696,-0.638359915862981,-0.489137220410253,-0.36051018925483,-0.235979427771057,-0.0835049137173186,2268.34962375926,0.999256577513198
"log_lik[152]",-0.40598197059727,0.00266970032839286,0.135519951740201,-0.646794313913854,-0.510109152031732,-0.407914206080739,-0.302404530982835,-0.148239062485723,2576.80436113817,0.999241992040955
"log_lik[153]",-0.968912031420994,0.00271358930320436,0.164820606373258,-1.35727011744029,-1.06495864658186,-0.945193495462491,-0.849469219239199,-0.717323798951021,3689.22189888668,0.999164800440258
"log_lik[154]",-0.754049438110912,0.00184345830924235,0.109243479863198,-1.00207089251663,-0.81358983016629,-0.746145086053364,-0.684753732288835,-0.560245202869671,3511.756630328,0.99984180852588
"log_lik[155]",-0.611892480714096,0.0015479449221811,0.0878037767810175,-0.789990121186875,-0.664540161747925,-0.614571661292165,-0.560547134764342,-0.43301002432622,3217.4765198114,0.999612086268739
"log_lik[156]",-0.317927414766514,0.0038482777941898,0.172538855711858,-0.630844871767674,-0.460206938778289,-0.305902313840924,-0.172930648465096,-0.0422583014673586,2010.20800173567,0.999286300684931
"log_lik[157]",-1.22367120521457,0.00631760101507067,0.387388392577243,-2.21090082806346,-1.42691522953959,-1.13119384589846,-0.929510849375875,-0.74553278711028,3760.00842305437,0.999204652161745
"log_lik[158]",-0.666136688960486,0.00180683194626151,0.113672906464528,-0.92314869129004,-0.730331669463661,-0.656150386886266,-0.592943363924215,-0.461020944415433,3958.02385763019,0.999524130940143
"log_lik[159]",-0.420816415738796,0.0027329079085614,0.141098158253246,-0.658411441472731,-0.529660646314136,-0.433258493034084,-0.320327669385987,-0.1291939663752,2665.58597755052,0.999172953611983
"log_lik[160]",-0.655895894584629,0.00287730545172661,0.158778930873316,-0.962730239882362,-0.761794780403969,-0.659612612344213,-0.54830329535151,-0.34270120081937,3045.18589478452,0.999816039023239
"log_lik[161]",-0.510918890928507,0.00146118320012051,0.087665227059135,-0.679893152236207,-0.570069480473661,-0.5120073916904,-0.451978810603668,-0.338164239877234,3599.52656790307,0.9992366883449
"log_lik[162]",-0.862265936612422,0.00461828582402602,0.283812394071573,-1.56195719201694,-1.006171614683,-0.798684323482101,-0.65695843017348,-0.491860903419491,3776.6009567454,0.999418867084073
"log_lik[163]",-0.622400297382542,0.00138465664005265,0.0858674746465111,-0.800523871632224,-0.673337764429502,-0.623051662024671,-0.571762762126883,-0.448798119292234,3845.68046115201,0.99949521449625
"log_lik[164]",-0.619874523836096,0.00332062837249856,0.17380975648947,-0.948159070200318,-0.741774592696788,-0.621787086431937,-0.493730431802205,-0.286206292642724,2739.72992615996,0.999767866507585
"log_lik[165]",-0.551531666060037,0.00140420033967313,0.0826113832128818,-0.71574930781292,-0.598168516297355,-0.550360223532933,-0.502215305751577,-0.391395098677202,3461.15971505455,1.00012459938568
"log_lik[166]",-0.763937009764545,0.00180008983123922,0.109481667453795,-1.0131204525551,-0.823393480875272,-0.756824483762615,-0.694237211695284,-0.569528686492557,3699.08617963864,0.999900071665123
"log_lik[167]",-1.08084163018344,0.00802099775281961,0.508514347241216,-2.38382772767294,-1.31763754663856,-0.938429866225641,-0.703131610378256,-0.505387319072742,4019.29267804382,0.999389788719497
"log_lik[168]",-0.726225893314898,0.00211361423115988,0.127063201209548,-0.990288835624813,-0.801637526382372,-0.725698510002805,-0.646256439745859,-0.47451233181016,3613.99990253366,0.999925641924023
"log_lik[169]",-0.510918890928507,0.00146118320012051,0.087665227059135,-0.679893152236207,-0.570069480473661,-0.5120073916904,-0.451978810603668,-0.338164239877234,3599.52656790307,0.9992366883449
"log_lik[170]",-0.53465687212338,0.0014266863918675,0.083472187769993,-0.697381001155982,-0.58614471162747,-0.539424748888499,-0.484981137087423,-0.356435651904197,3423.1549257735,0.999193445401693
"log_lik[171]",-0.685515197835559,0.00259946792049441,0.154046770705693,-1.07541665640885,-0.753209917405581,-0.654771954342119,-0.58909071320972,-0.450898455377664,3511.8525460654,1.00000644308731
"log_lik[172]",-0.669150987405747,0.00220643626245637,0.132991312983241,-0.990955081167116,-0.734497270593546,-0.64650813956903,-0.586006829079565,-0.451210109252611,3632.9864199964,1.00007310282589
"log_lik[173]",-0.765769462506824,0.00201352937214758,0.116802416636284,-1.0205403335201,-0.828385221287539,-0.762915672423075,-0.693881439713065,-0.543617960771797,3365.02053133691,1.0002104636534
"log_lik[174]",-0.679249027495803,0.00236897769998057,0.142672343928855,-1.0337683777418,-0.746413503382921,-0.652705806811236,-0.588978901607951,-0.453278504061342,3627.08428161242,1.00005152530089
"log_lik[175]",-0.549202271085892,0.00139292415408081,0.0816743010363139,-0.707638777812075,-0.597326601008483,-0.554358553324659,-0.503347721454756,-0.369546572514683,3438.07949568949,0.999305208620292
"log_lik[176]",-0.671853078749389,0.00230169746339598,0.137659038305548,-1.00441756839861,-0.737481498378014,-0.647366137541285,-0.586350254412857,-0.449675693533403,3576.95094545753,1.00005246425142
"log_lik[177]",-0.811379899144607,0.00170694918618462,0.100711846241017,-1.05677479992526,-0.857046600576844,-0.798849499163498,-0.751358667158679,-0.64069616319034,3481.1274930836,0.999934668668722
"log_lik[178]",-0.763387125583857,0.00207213565326153,0.119720003120944,-1.02439180840586,-0.827364690786376,-0.76167864879343,-0.690754206075034,-0.533124502751135,3338.08254954238,1.00018875496085
"log_lik[179]",-0.520525926180442,0.00164309066767125,0.0947285317127933,-0.696686315725754,-0.58081896780954,-0.52922991973472,-0.464480800764801,-0.310437718321534,3323.82808930529,0.999154608427389
"log_lik[180]",-0.738886581884204,0.00354186945031624,0.211583305566421,-1.29840246717789,-0.825548415812099,-0.684237774320845,-0.603478174126843,-0.458344781418662,3568.59856628611,0.999892215300931
"log_lik[181]",-0.599659858135787,0.00133626044848425,0.0800402311427747,-0.757565692950244,-0.644905665900489,-0.60098742702166,-0.555817760910615,-0.429769770664979,3587.85134059795,0.999982876625436
"log_lik[182]",-0.763387125583857,0.00207213565326153,0.119720003120944,-1.02439180840586,-0.827364690786376,-0.76167864879343,-0.690754206075034,-0.533124502751135,3338.08254954238,1.00018875496085
"log_lik[183]",-0.964338678848911,0.00336136043009305,0.200267285763825,-1.48857369170429,-1.04745130740016,-0.919764834396506,-0.832612117572012,-0.694027661510672,3549.68534172097,0.999149754762664
"log_lik[184]",-0.527127460874088,0.00158558161106052,0.0916692790143425,-0.698549242941505,-0.58433071500881,-0.534681636162888,-0.473789492542633,-0.323234910604254,3342.49241507819,0.999168757033369
"log_lik[185]",-0.743123922905092,0.00234261997044263,0.132407798339844,-1.01506240125649,-0.81708076630513,-0.747346378010525,-0.664080804431379,-0.481293402818728,3194.65118694817,1.00020175388807
"log_lik[186]",-1.04687619001343,0.00513346601041527,0.302273840725395,-1.89613773649262,-1.14854515421136,-0.967610486367461,-0.851273667654333,-0.701040251743712,3467.20680885455,0.999231135278695
"log_lik[187]",-0.530712862525794,0.00149792511249311,0.0872706576696026,-0.69785137814182,-0.585350922823131,-0.537000829839251,-0.478393385874306,-0.33964300733255,3394.34744186039,0.999177101279024
"log_lik[188]",-0.500848711029114,0.00186170360043051,0.105877631492213,-0.691446539030959,-0.571225986777642,-0.510549672674988,-0.436473243426191,-0.271851531531835,3234.35255471775,0.999156491836361
"log_lik[189]",-0.54810939796659,0.00141535090025215,0.0828031249064448,-0.708323335658468,-0.59707513277278,-0.553561693285745,-0.502331296722852,-0.365288094744815,3422.67137651891,0.999295522699496
"log_lik[190]",-0.855810828615813,0.00183172430204502,0.107973965817203,-1.1242822785153,-0.905997365556752,-0.841351544233205,-0.791249686964861,-0.675384485320517,3474.70461698721,0.99944000302169
"log_lik[191]",-0.635543600491686,0.00286851014524866,0.146522147930233,-0.933226710474761,-0.732379946680097,-0.632454027588132,-0.530444266089823,-0.363403460074178,2609.11831061261,1.00053312204713
"log_lik[192]",-0.284178031618472,0.003740971097215,0.16063847395355,-0.6177552181951,-0.403215582622049,-0.259825039528625,-0.15505106443581,-0.0465900112875502,1843.87057500933,1.00061790332862
"log_lik[193]",-1.22424258403571,0.00539752106253878,0.307987779469056,-1.91032989715884,-1.40771148661923,-1.1850711567715,-0.986863845514976,-0.753806613549718,3255.95412914862,0.999554232159288
"log_lik[194]",-0.30081969930409,0.00352142281964679,0.151422831690361,-0.618187676636063,-0.411915087851324,-0.278875323909938,-0.180925617892842,-0.0730012701340431,1849.04030731271,1.00051003528195
"log_lik[195]",-1.00746524697935,0.00352204693880595,0.15925857991253,-1.34773924055841,-1.10339508613094,-0.995760324244351,-0.896980892105208,-0.726598477167251,2044.63315362275,1.00055340415219
"log_lik[196]",-0.380669640665922,0.0026642515295384,0.130272416381408,-0.64048531568477,-0.4754623177383,-0.37449987147707,-0.283650873966213,-0.151306997138885,2390.86189321398,0.99989319200153
"log_lik[197]",-0.389154365590034,0.00258853960404036,0.132123823614572,-0.643684490991972,-0.485660521762598,-0.387598172235328,-0.292676878246217,-0.145729312687333,2605.26940343259,0.999804801518718
"log_lik[198]",-0.767427479974155,0.00247784417686172,0.120007334570329,-1.04428062341151,-0.825073104007292,-0.753864162002005,-0.697490121959624,-0.558184487234867,2345.67368996454,1.0003613175963
"log_lik[199]",-0.58946721642471,0.00357230222451126,0.191302267103938,-0.930588208688543,-0.726900722083193,-0.603527518676959,-0.460352125281134,-0.199667741991634,2867.76688578887,1.00065223635206
"log_lik[200]",-0.35888470550435,0.00291340324309874,0.137817846036265,-0.63363937410665,-0.460926564407679,-0.35063106372181,-0.253419605311091,-0.123029146330401,2237.7404757746,1.00003193295744
"log_lik[201]",-1.21361925376871,0.00926803246166492,0.581791469323496,-2.67517581976333,-1.4950805397502,-1.06882671963764,-0.781728622420003,-0.529684383636923,3940.57507024202,0.999760550345118
"log_lik[202]",-0.338907538208689,0.00313516276108821,0.144310626340736,-0.629801043640515,-0.44678312697016,-0.327124449005909,-0.22694574043484,-0.100149000647085,2118.73401608029,1.00017108791407
"log_lik[203]",-0.627217677083508,0.00295818090715189,0.152352548196541,-0.932110975564117,-0.729498773853011,-0.626143728726257,-0.519809167639534,-0.341745058300061,2652.46697637956,1.00054014895245
"log_lik[204]",-0.706061089354887,0.00220666316355285,0.121597992814245,-0.960860396023564,-0.778394577890938,-0.704383157316939,-0.626198448001614,-0.476151817423544,3036.55199443152,1.0003908660522
"log_lik[205]",-0.415549930958317,0.00227073652783637,0.114145226923808,-0.64588949711085,-0.49550899937443,-0.410684563270706,-0.333082770269323,-0.212971159870487,2526.86487919965,0.999765284459575
"log_lik[206]",-0.577492934943215,0.00206227097831335,0.104715573204553,-0.837627661265264,-0.618527230211357,-0.563447645614373,-0.517196452318429,-0.413175810226757,2578.2859884073,1.00128505802745
"log_lik[207]",-0.409124380814395,0.00273003241815573,0.109389458754086,-0.640830020092633,-0.481069588714071,-0.400284478423956,-0.33079888204691,-0.218397207021671,1605.51859048268,1.00092647606846
"log_lik[208]",-0.472199182073146,0.00164764603364561,0.0932256830473923,-0.663442844931739,-0.534047938950286,-0.468818803482775,-0.409031088413527,-0.303354532921377,3201.42486436314,0.999587552017453
"log_lik[209]",-1.44040752404796,0.00804116933114389,0.499529067079891,-2.64267624445898,-1.71825621621366,-1.34443169046697,-1.04701984723351,-0.764343899848023,3859.07406392147,0.9994814296455
"log_lik[210]",-0.40758118861546,0.00235046833566879,0.119677136030227,-0.644953743191207,-0.492403103052521,-0.404207428442944,-0.321732058469647,-0.190007672582965,2592.46896062518,0.999747143721111
"log_lik[211]",-0.489171023611286,0.00153747593610753,0.0911371693854327,-0.678381360466259,-0.548385132546456,-0.487964597733649,-0.429248200928786,-0.316586905384835,3513.77879252994,0.999415868395134
"log_lik[212]",-0.43835532120091,0.00243638212322924,0.137287004747063,-0.707516455743653,-0.538171235946837,-0.436882560057824,-0.340224203903728,-0.184492774799447,3175.17781417172,1.00006112508927
"log_lik[213]",-0.761411683776572,0.00268440640636658,0.157133251218371,-1.14054880201849,-0.843881810898351,-0.733300688550982,-0.650450382837348,-0.536282720710983,3426.41261113197,0.999692488838687
"log_lik[214]",-0.330763967160497,0.00354265609287429,0.174204933342028,-0.672674116295001,-0.465946386176191,-0.310688704827982,-0.190569572622625,-0.0578453181007362,2418.03682106373,1.0004171279932
"log_lik[215]",-0.47789915455206,0.00380693645352408,0.19211449811234,-0.831566365302574,-0.626710746673268,-0.468126560292482,-0.326482331958785,-0.149298922943751,2546.64861912213,1.00051745860528
"log_lik[216]",-1.19506228718659,0.00915598257362925,0.584659942238241,-2.7076907464271,-1.46347158439776,-1.02736980551536,-0.76480724975689,-0.569272634303531,4077.52623335127,0.999493153222396
"log_lik[217]",-0.644836116162225,0.0022140854657699,0.121544493301121,-0.874258884809879,-0.728629064808734,-0.647479776738052,-0.561222942934416,-0.40356978584361,3013.5736708899,1.00029615546338
"log_lik[218]",-0.556106284625773,0.00150145275601112,0.0880045159358016,-0.763619480707512,-0.602647014969469,-0.547381368621039,-0.499427777702703,-0.40701766166828,3435.47327163958,1.00007085872938
"log_lik[219]",-0.587634415909584,0.00275254779440423,0.152717521771991,-0.861367270582054,-0.701244473620201,-0.592322018634704,-0.477752308609774,-0.289512282588455,3078.27913406168,1.00010504559152
"log_lik[220]",-1.17345775890874,0.00538517777485623,0.343617548068064,-2.00310970001395,-1.36217446789075,-1.11431664157949,-0.910836963983929,-0.686074086511112,4071.46381696426,0.999740728021161
"log_lik[221]",-0.367704747631528,0.00313226221468682,0.160616392523222,-0.684586535952026,-0.490492336516513,-0.354892129700334,-0.243481247986224,-0.0996084104413124,2629.44149167987,1.00037288082984
"log_lik[222]",-0.819079136790418,0.00173003987109106,0.103697122160849,-1.02379358651195,-0.881473577101732,-0.823329775198183,-0.759033100548084,-0.599461115646433,3592.70189823333,0.999596557802868
"log_lik[223]",-0.557289165550112,0.00305288785435364,0.166299037525626,-0.852189810297176,-0.683416613940436,-0.561617524200863,-0.432770585736994,-0.24196454834144,2967.27480625711,1.00016886224976
"log_lik[224]",-0.430093170642592,0.00431382671822837,0.211408993276844,-0.827319851243426,-0.597292480928095,-0.413557260485445,-0.255991436255983,-0.0894800868196544,2401.71529761936,1.00051838685141
"log_lik[225]",-0.872018903338955,0.00199127526626753,0.11931571758909,-1.11338646221312,-0.945423179245905,-0.871419371261131,-0.797138471451922,-0.632669337468246,3590.31634548098,0.999656415030291
"log_lik[226]",-0.355276404995426,0.00331803653077568,0.168935625858896,-0.684561366143166,-0.486212715050523,-0.343260263249644,-0.222088298655851,-0.0739934092377088,2592.26958180145,1.00028398669608
"log_lik[227]",-0.936385280827363,0.00266312766793537,0.17371159210079,-1.34806147041764,-1.02924422354881,-0.914113650360382,-0.81979166421159,-0.645642562881923,4254.74589703268,0.999534765915885
"log_lik[228]",-0.683394046061822,0.00165403208559416,0.10254952991485,-0.90918524600231,-0.739894071242651,-0.673049284777547,-0.615429782361943,-0.505249824466871,3843.96556023345,0.999520883363187
"log_lik[229]",-1.01309350313991,0.00289119513010619,0.19878457169734,-1.47107006465037,-1.12496778484758,-0.980355314931244,-0.872357800816634,-0.706714178693269,4727.2714528248,0.999525569684349
"log_lik[230]",-0.511201845372,0.00139459277698375,0.0917720077147496,-0.701744801907134,-0.568461059533602,-0.511287994780506,-0.449414947685874,-0.339224447249343,4330.37635620176,0.999611129595526
"log_lik[231]",-0.766652165173755,0.00171024190044678,0.100167374119468,-0.98494851593257,-0.817958428033032,-0.760883969280009,-0.709427213517811,-0.578369607417166,3430.34257257583,0.999480835546865
"log_lik[232]",-0.6952517840261,0.00179929250136548,0.107520589725963,-0.916154444917088,-0.763696052757499,-0.69403475308837,-0.624254105403376,-0.492695261595239,3570.91683185126,0.999403828028803
"log_lik[233]",-0.448654120584324,0.00191883027687147,0.107532763065484,-0.665148273677777,-0.520356514102742,-0.445982439420283,-0.371824253446224,-0.253231762302156,3140.5700546701,0.999865889640654
"log_lik[234]",-0.987495433578498,0.00257567134862504,0.172617344856981,-1.37341422626487,-1.09094191159756,-0.963424791812683,-0.867262448405072,-0.704533209786268,4491.46448906529,0.99957247553647
"log_lik[235]",-0.41983235124175,0.00438486875024141,0.21504622751129,-0.841928821719618,-0.578504955641912,-0.395675399479117,-0.24912956016798,-0.079025018545399,2405.19592688085,0.999287402199232
"log_lik[236]",-1.22145707852605,0.00518698248811573,0.34572231370502,-2.03166581132072,-1.41471543254803,-1.15787345799946,-0.961737006149618,-0.741187332822973,4442.47771664442,0.99948399975484
"log_lik[237]",-0.490411135971693,0.0015400687415167,0.0992464520244444,-0.690919828536032,-0.553703191507957,-0.492605949900898,-0.423351612424671,-0.302652819864246,4152.88368831349,0.999584181267662
"log_lik[238]",-0.747623813363609,0.00259696344910631,0.169091070809349,-1.16808666768925,-0.826096999859269,-0.712150667246667,-0.635183106201013,-0.513216760460755,4239.45153117397,1.00020754150066
"log_lik[239]",-0.354833718094826,0.0028039264730953,0.147564003957678,-0.643981149771877,-0.462858162627809,-0.346180369552081,-0.24114996989303,-0.105759989063089,2769.66740129328,0.999511503940343
"log_lik[240]",-0.442251938999065,0.00192553407964648,0.115649087728983,-0.666612059114862,-0.522378987237522,-0.442424823048199,-0.358710114532565,-0.230080316064194,3607.29785496332,0.999577661258459
"log_lik[241]",-0.968693329058568,0.0024183655338261,0.165670302675822,-1.3426817005682,-1.06377136412787,-0.944258198207351,-0.855236098774877,-0.695379505929257,4692.94475708377,0.999545534925048
"log_lik[242]",-0.397998717383464,0.00237384579488069,0.127549395622688,-0.648338500067509,-0.488140499289554,-0.391550083753909,-0.303521289543672,-0.176114424843087,2887.03336312953,0.999670813375733
"log_lik[243]",-0.33060653096634,0.00306347256730333,0.155290357729153,-0.634202167152411,-0.444535722898372,-0.316015229414003,-0.208427772231889,-0.0793514366322681,2569.57317284804,0.99950415681017
"log_lik[244]",-0.401077752470911,0.0046599012382538,0.2258784181539,-0.8412470192007,-0.570401892286203,-0.376471184491501,-0.217407268539343,-0.0551966778499202,2349.6114538357,0.999324608968838
"log_lik[245]",-0.45277922926984,0.00189204189038658,0.119587309993605,-0.676374633986948,-0.535698244035019,-0.458920338873855,-0.37062836686422,-0.215479934014495,3994.9256287629,0.999483166185925
"log_lik[246]",-0.584040192962073,0.00273356026134965,0.157047597686229,-0.880295384691191,-0.695387305093562,-0.585926032723686,-0.472412720284221,-0.286396575453644,3300.69420193312,0.999376807464948
"log_lik[247]",-1.08900495824312,0.00371805378712205,0.254288249962387,-1.69353580475783,-1.23068928841153,-1.0423116723176,-0.903741418614791,-0.720435384554994,4677.58027587835,0.999513210740911
"log_lik[248]",-0.654526511054901,0.0021137269874146,0.126793639134358,-0.903847054937121,-0.739542086128408,-0.655426421559654,-0.568381327439603,-0.409973721343662,3598.29817755096,0.99948473113379
"log_lik[249]",-0.71576348558818,0.00205245016942543,0.131469058980939,-1.02460341065061,-0.78567679224177,-0.695391630344038,-0.626501539457975,-0.510085533362053,4103.00328839747,0.99991180337771
"log_lik[250]",-0.478936408352199,0.00161742440010073,0.101401514920574,-0.681877420748613,-0.544754095660579,-0.480000071739117,-0.408301322616667,-0.289689830209743,3930.43759913227,0.999633940594705
"log_lik[251]",-0.938464653276105,0.00458488745106755,0.297888880872514,-1.66377460785544,-1.09343207955025,-0.876878828821664,-0.718902534182851,-0.541857431055059,4221.34869344305,0.99962705985175
"log_lik[252]",-0.739802438440814,0.00352636785922595,0.191145382010561,-1.21185912828437,-0.835720512044488,-0.703077817986083,-0.609996186121158,-0.457118167943375,2938.13936050051,1.000150750634
"log_lik[253]",-1.06061261712151,0.00378329526156656,0.194396333116646,-1.50187004856745,-1.17423273027162,-1.03883092298619,-0.917392858679482,-0.764196591119184,2640.19293309068,1.000588800942
"log_lik[254]",-0.472177195709496,0.0016961209911055,0.0949487909392064,-0.643245197468007,-0.539901947051702,-0.476354507011078,-0.405990502874566,-0.279537951594741,3133.75629798455,1.00014951970135
"log_lik[255]",-0.423448761384281,0.00215730430225594,0.108521967681914,-0.625469378274408,-0.501763891900486,-0.42067237869518,-0.344059871906053,-0.222466248075915,2530.53588377549,1.00030619529033
"log_lik[256]",-0.499141813034286,0.00518321531731623,0.228816650472522,-0.929647423930878,-0.680021366912191,-0.482643001546672,-0.314889646121454,-0.123370175304795,1948.84252253844,1.00066192946712
"log_lik[257]",-0.571058091724725,0.00449169982470177,0.207121951066466,-0.951892690704542,-0.724187152475918,-0.571392647734784,-0.414989233856396,-0.19224624040177,2126.33068549905,1.00042612103274
"log_lik[258]",-0.999941762555494,0.00324960842700294,0.195732638711301,-1.49765134156391,-1.09274151312268,-0.958878477005608,-0.861964509085419,-0.735678501741244,3627.97626647318,1.00021734565703
"log_lik[259]",-0.422833626684424,0.00220023970359955,0.115692083636378,-0.629532578787776,-0.50750052955418,-0.424325768981548,-0.33891804514987,-0.199868262241928,2764.82272938852,1.00016218425281
"log_lik[260]",-0.288049649974125,0.00394937828078384,0.170764168732615,-0.609009684746636,-0.42609106024762,-0.271126774258901,-0.144443637669898,-0.0279120040274704,1869.5454591099,1.00047334531159
"log_lik[261]",-0.808307817648077,0.00430682371457142,0.239140250170417,-1.39923389793281,-0.936667173461944,-0.760136919739931,-0.636673927588267,-0.47173946452101,3083.12524275921,1.00006458544209
"log_lik[262]",-0.954769345561701,0.00646130512184912,0.371967399525594,-1.89866005325879,-1.1466952723832,-0.865744934389131,-0.674913073960483,-0.491327464693749,3314.1278375025,0.999944577991262
"log_lik[263]",-1.03130667541001,0.00775939500125628,0.453412904612987,-2.19747236138963,-1.25834755088313,-0.917511534798083,-0.687798133362674,-0.496220663821221,3414.53863829193,0.999916084798667
"log_lik[264]",-0.433148807851543,0.00229167632422109,0.124961040141567,-0.640338095778709,-0.527119042125979,-0.444903858670409,-0.351515465876321,-0.165713834179405,2973.32722206145,1.00018520891063
"log_lik[265]",-0.576715737267389,0.00198995866240917,0.100295930631659,-0.745260180347402,-0.642221763582645,-0.590292444184092,-0.52102729009781,-0.34342969312523,2540.26202116401,1.00143916536192
"log_lik[266]",-0.459103655251762,0.00206707431118355,0.0965755611551926,-0.644738229993906,-0.524285898403134,-0.456859488463719,-0.392402093271481,-0.27825358089298,2182.84199819217,1.00098941291091
"log_lik[267]",-0.768584623354767,0.00245526597259765,0.122829589822534,-1.05341435704003,-0.832341346043842,-0.75768325433652,-0.687852581649613,-0.561574335172265,2502.70068871344,1.00039383231287
"log_lik[268]",-0.571569563959751,0.00203357284809808,0.102522363396723,-0.738636474828507,-0.638737219049435,-0.586034895874116,-0.516372598847804,-0.328452854529328,2541.66172636631,1.00143520236218
"log_lik[269]",-0.255941133612082,0.00431645127340312,0.177702918288205,-0.604753187039045,-0.396070491677306,-0.226598289406753,-0.102396222070167,-0.0135847092921834,1694.86626128562,1.00056712248232
"log_lik[270]",-0.357129873291198,0.00302549384164974,0.145066270172262,-0.617715329977542,-0.470325030106496,-0.352548961642527,-0.243215965753303,-0.101984034521038,2299.00726349241,1.00029256410601
"log_lik[271]",-0.499141813034286,0.00518321531731623,0.228816650472522,-0.929647423930878,-0.680021366912191,-0.482643001546672,-0.314889646121454,-0.123370175304795,1948.84252253844,1.00066192946712
"log_lik[272]",-0.369657484314401,0.00300617257172147,0.152514560662661,-0.658469126796311,-0.489300906049718,-0.360852799993645,-0.24798611670239,-0.111393954613396,2573.91855166486,0.999976818926331
"log_lik[273]",-0.6173945335789,0.00302351225296446,0.163209526136328,-0.92333481746952,-0.73324711730021,-0.630493378178272,-0.499132582450244,-0.29818587740536,2913.85235184484,0.999762111418964
"log_lik[274]",-1.23588671985921,0.00641186322379566,0.407664221130726,-2.22053369027263,-1.44749018712417,-1.13717588679431,-0.926403418452276,-0.722444255330453,4042.37589052343,0.999942949223603
"log_lik[275]",-0.405495618970016,0.00260111542247409,0.137299504948536,-0.663822953926886,-0.509005540491902,-0.400906300813421,-0.30106201855407,-0.160838847645382,2786.24110142908,0.999975739758352
"log_lik[276]",-0.575601170187701,0.00350709226986313,0.18468087354229,-0.908309372668789,-0.712373362255195,-0.590596914095694,-0.440310705727728,-0.222547888794435,2772.99735922917,0.999840659578546
"log_lik[277]",-0.5519471570184,0.00381122872878937,0.198094187196284,-0.902865507881581,-0.701755428432643,-0.566163809771465,-0.406222269518654,-0.176763980448247,2701.55265661709,0.999861364698595
"log_lik[278]",-0.504239348264991,0.00173972488474205,0.109236589946506,-0.710305227680294,-0.577029894753253,-0.513044763514158,-0.435922967931582,-0.271958950099245,3942.53100417767,1.00018525540007
"log_lik[279]",-0.506990730701792,0.00158949700456832,0.0989976696456249,-0.708406018075295,-0.571359989239594,-0.510230284478913,-0.440613326018336,-0.313557756674215,3879.09589277625,0.999986858804265
"log_lik[280]",-0.772726283583982,0.0018087544567421,0.104278130734358,-1.01082845063817,-0.824751429096175,-0.765069297900618,-0.71057773649469,-0.578945748399405,3323.7415525547,1.00132888595794
"log_lik[281]",-0.722100852828692,0.002317761915946,0.129186019716983,-1.00567106124392,-0.799530558400414,-0.707512001862539,-0.63329268193865,-0.498792214916337,3106.65760019434,1.00012353620682
"log_lik[282]",-0.450869813899341,0.00217839373753321,0.126196030374232,-0.682874761300108,-0.541262807414949,-0.457090080049403,-0.361817184345904,-0.20556086446615,3355.9743146765,0.999867074176178
"log_lik[283]",-0.752395662237849,0.00169053317388347,0.0989668897365753,-0.965253450831319,-0.80701867951035,-0.746830309018162,-0.693344626720751,-0.56463137456719,3427.14475588947,0.999808238397967
"log_lik[284]",-0.554827287776729,0.00124973709189046,0.0799920999439251,-0.73053620682021,-0.600293715222763,-0.553694533609839,-0.503782482468252,-0.400993135371509,4096.91427214275,0.999994710137989
"log_lik[285]",-0.745829524976756,0.00274506771656627,0.162189802776402,-1.12950150285613,-0.837095901094826,-0.715038505508753,-0.632142011999929,-0.49714902205939,3490.92860438253,0.999482198023297
"log_lik[286]",-0.73242718810153,0.0030321525255677,0.177543131535736,-1.17761013306113,-0.810527069845047,-0.691506504813787,-0.617417711860018,-0.490373483124026,3428.51192311729,0.999680725232388
"log_lik[287]",-0.906310336528613,0.00208003061526155,0.135898595531687,-1.20521696942695,-0.986383192611246,-0.889530820257298,-0.814689565943771,-0.671033590783264,4268.64936448001,1.00010156745083
"log_lik[288]",-1.32589406754611,0.00777278501755168,0.493075726597477,-2.54946796100681,-1.58088491212548,-1.20744602446429,-0.948340710682373,-0.728592582635874,4024.1479066701,0.999917943758343
"log_lik[289]",-0.452459582357225,0.0020988914032848,0.114906401021038,-0.675611955877692,-0.533745798715825,-0.450406253223722,-0.369587389786577,-0.238736915822119,2997.15019541239,1.00008477088772
"log_lik[290]",-0.60534927321171,0.00339460748689326,0.183440855379411,-0.926399660854427,-0.737419946462106,-0.630844511097054,-0.482028231799335,-0.217445985748553,2920.20274046134,0.999652615993664
"log_lik[291]",-0.68305863834881,0.00191380627389991,0.112989770950729,-0.933541866069614,-0.747655124649588,-0.670313744392575,-0.609051078655865,-0.487059590311071,3485.63821670117,0.999503302569845
"log_lik[292]",-0.492650854049749,0.00271577437393279,0.133947493012088,-0.728678394517612,-0.581797442783114,-0.51061740222415,-0.410998709625248,-0.193226852755651,2432.6622026455,1.00081787623524
"log_lik[293]",-0.562459723846135,0.00150133867015248,0.0854496357949455,-0.7521898665649,-0.607068462714119,-0.557121374329294,-0.508506063536025,-0.408769054299086,3239.38890340876,1.00024148196905
"log_lik[294]",-1.55754194433204,0.0131436982864133,0.74795506598464,-3.44604720253233,-1.96050522870576,-1.36695556208524,-0.969039350332378,-0.711991838375122,3238.29085565726,1.00020705336333
"log_lik[295]",-0.600955690179152,0.00306053983544327,0.159291059751409,-0.876821779612444,-0.723658988267157,-0.609444312712695,-0.487564218802429,-0.286146361410171,2708.8610589235,0.999979362802111
"log_lik[296]",-0.735696632612203,0.00314326119221502,0.181889392380561,-1.20445434988191,-0.801746394359182,-0.691665025264025,-0.619815792014765,-0.517474814465868,3348.52698422825,1.00062619960687
"log_lik[297]",-0.435638760524128,0.00306841011175817,0.148401935796297,-0.703090333330114,-0.547097310182818,-0.445070686584797,-0.326895743469346,-0.149131786039861,2339.11902659016,1.00016931521067
"log_lik[298]",-0.686648381302215,0.00198392433254079,0.114205635557439,-0.899722246146004,-0.765800480557588,-0.692180368805137,-0.610325211710924,-0.456140576012803,3313.78907627768,0.999890873133331
"log_lik[299]",-0.398242766893553,0.00343965742141746,0.159682199920689,-0.692162626911829,-0.523300377319029,-0.39589076110573,-0.271541828927052,-0.117347884733967,2155.17546133276,0.999975899785135
"log_lik[300]",-0.554481574528192,0.00368304544746012,0.182381362215208,-0.86481471243285,-0.701832191462378,-0.559946663063636,-0.416572382449217,-0.209147200952229,2452.14842833451,0.999959325546064
"log_lik[301]",-0.67375949620531,0.00222917949184802,0.125766248259707,-0.897860367543359,-0.762390132046459,-0.684265000520561,-0.592120370212587,-0.414048163299991,3183.01095536206,1.00008789121672
"log_lik[302]",-0.417067202504549,0.00331797548574266,0.157275217869189,-0.699222224377159,-0.538278108586449,-0.4250340571863,-0.297935712294988,-0.121733904686475,2246.85085430364,1.00013835236821
"log_lik[303]",-0.627507528781832,0.00224610513138897,0.112662830691532,-0.854126482052514,-0.685203471262921,-0.629391092888026,-0.575160347642668,-0.367389106216565,2515.94508493054,1.00242956802658
"log_lik[304]",-0.512698471837465,0.00427379076082924,0.202820234011381,-0.857802519318449,-0.679394490730489,-0.514592960079762,-0.352449935766336,-0.142214596174476,2252.14343863821,0.999969547657621
"log_lik[305]",-0.955597294494351,0.00617304364740644,0.362894294963142,-1.88946396220786,-1.12045356737125,-0.858600703051588,-0.686808762244474,-0.546780232062299,3455.9033326426,1.00019712709176
"log_lik[306]",-0.309696137388945,0.00487346643018388,0.201632357105984,-0.675825478440096,-0.480178452310643,-0.289529875967076,-0.127420627655422,-0.013040869018151,1711.76639624569,1.0001693610928
"log_lik[307]",-0.910836260942478,0.00297374371409296,0.157246014039581,-1.23703843104266,-1.00430699234213,-0.906202593715567,-0.814314288737559,-0.608818803409736,2796.09689329947,1.00069672833339
"log_lik[308]",-0.810985721182766,0.00222188603213868,0.12208953684019,-1.02963110498737,-0.880836719516366,-0.8212798955047,-0.749988061731978,-0.541241343627303,3019.3491372951,1.00129556923878
"log_lik[309]",-0.980722443878774,0.0040959984555683,0.229115829216086,-1.56820231861306,-1.08806248277174,-0.928759600792441,-0.826854175235385,-0.665086145533981,3128.89234924703,1.00080864238271
"log_lik[310]",-0.867029557569299,0.00211663703681023,0.12338720834831,-1.13613276581927,-0.936811497365844,-0.857436010279862,-0.790599246055254,-0.640708785721059,3398.18872430804,1.00030426573401
"log_lik[311]",-0.368731872134737,0.0038449646069047,0.17244746107114,-0.684999515618102,-0.508745109620673,-0.360227857363127,-0.226386073532589,-0.0799938193320312,2011.54112728774,0.999994052920382
"log_lik[312]",-0.66765124077651,0.00235873468282414,0.131730860394671,-0.897203381749231,-0.761012947243616,-0.679772281122128,-0.58251693003188,-0.384362537250404,3119.0107450144,1.00020143135213
"log_lik[313]",-0.768950672608649,0.0029856007154344,0.175924090779387,-1.19587378986052,-0.858818419582142,-0.73117968135744,-0.642502093999215,-0.528757696155937,3472.05965239828,1.00003119434859
"log_lik[314]",-0.503933498857933,0.00270285529534996,0.135468461932366,-0.81953604835807,-0.584343778065648,-0.48970419703054,-0.408491780308128,-0.277210032679811,2512.06463528589,1.00010415886371
"log_lik[315]",-0.82490400675311,0.00253826067959383,0.131238855856827,-1.0774940771308,-0.910068914540441,-0.830166252653882,-0.744735667210462,-0.544998164080188,2673.32910604517,1.0002397127113
"log_lik[316]",-0.782738975731815,0.00259501864940315,0.143481086725096,-1.12232185297658,-0.857783250098039,-0.759500976337852,-0.680891026167825,-0.575165388091408,3057.09087057083,1.00128911410285
"log_lik[317]",-0.463459186255632,0.00373672143284617,0.173177827489753,-0.791251875491978,-0.591508218469857,-0.457562583947926,-0.336941583974839,-0.143992593130722,2147.84594487068,1.00081999516687
"log_lik[318]",-0.439308340773482,0.00334307171973424,0.158673344929137,-0.784960658417477,-0.542307268606308,-0.421399964497243,-0.322574260423713,-0.175217388275969,2252.76850910771,1.00012082320013
"log_lik[319]",-0.614534221439703,0.00219711677348191,0.112740109146275,-0.821067358035966,-0.693856607285387,-0.617657888009664,-0.537979041844164,-0.385252583081345,2632.99856609012,1.00133954643242
"log_lik[320]",-0.956585359505043,0.00375565238216249,0.198443853927417,-1.36549926161276,-1.08450448004222,-0.948807509690496,-0.818316790337305,-0.585176109762017,2791.93002984973,1.00011935567426
"log_lik[321]",-0.387561450072075,0.00390037472530745,0.175485339213169,-0.765539551905421,-0.509261192262482,-0.362004562738217,-0.254549851949932,-0.110297573852811,2024.27267154245,1.00019989518173
"log_lik[322]",-1.17246565345094,0.00718326779770819,0.423974974274029,-2.22252276434812,-1.39319962083096,-1.10059909680589,-0.853623170457681,-0.611963028027799,3483.66455582367,1.00068588933364
"log_lik[323]",-0.51147438604058,0.00301965530338225,0.141736696984796,-0.792157564353238,-0.610579296097827,-0.503655998650307,-0.408454157497375,-0.25742300702695,2203.17946127136,1.00133569812256
"log_lik[324]",-1.01949658760683,0.00467757865195385,0.259761088527994,-1.62252289188447,-1.16983221138231,-0.989783663168613,-0.836100487545883,-0.590936082697347,3083.94052241611,0.999880651127853
"log_lik[325]",-0.572474024508421,0.00252828171245682,0.12692339812242,-0.805920865087793,-0.66346256322167,-0.573095937664443,-0.483629875213606,-0.326746142425942,2520.18519088475,1.00119574480318
"log_lik[326]",-0.571187906826933,0.00223808200418311,0.115638789404437,-0.857297440574928,-0.630029488055991,-0.556097951669852,-0.493396504962036,-0.386091157268303,2669.65464071783,1.00021603884877
"log_lik[327]",-0.379908433783902,0.00415468711463173,0.18366147975144,-0.765450600182591,-0.510367356977276,-0.357845074126817,-0.241006302820048,-0.0816171743408613,1954.15726711172,1.00016626938061
"log_lik[328]",-0.913777332683143,0.00340254464248983,0.182722025232433,-1.31188121595465,-1.02673454827399,-0.903808716901396,-0.79197182931322,-0.572597052836034,2883.85975479269,0.999963602852256
"log_lik[329]",-0.636952734185297,0.00206112946308681,0.106428730442548,-0.829031233332816,-0.712086490371634,-0.641722204342334,-0.567903617753306,-0.41480855092317,2666.28899643268,1.00139758641993
"log_lik[330]",-0.533597750308667,0.0028944986243255,0.141541600783641,-0.799717253583601,-0.636462073126494,-0.531724312382767,-0.432470221349767,-0.265221011886853,2391.23088300364,1.00106361027368
"log_lik[331]",-0.481352539263592,0.00344058484562407,0.161183246794618,-0.791950181598549,-0.59827890928548,-0.474187971062331,-0.362875928761913,-0.187538243523148,2194.70046284752,1.00095207986137
"log_lik[332]",-0.431781900491912,0.00393643185159515,0.175724647706346,-0.780442429395904,-0.55955551533204,-0.413455619484091,-0.297737653676715,-0.135431817407473,1992.78244239546,1.00097546754411
"log_lik[333]",-0.572474024508421,0.00252828171245682,0.12692339812242,-0.805920865087793,-0.66346256322167,-0.573095937664443,-0.483629875213606,-0.326746142425942,2520.18519088475,1.00119574480318
"log_lik[334]",-1.10731335171053,0.00619781316821256,0.361432486118608,-1.96451970590862,-1.30609286808781,-1.05146982844752,-0.834627719568607,-0.610930829110546,3400.77116280323,1.00080962984468
"log_lik[335]",-0.492279468727885,0.0032734000418811,0.153819559748323,-0.792088990781932,-0.60331928741831,-0.485325771777715,-0.378374525902828,-0.213505728752421,2208.13164011403,1.00107115385695
"log_lik[336]",-0.881881558768973,0.00306128975668361,0.162285381083112,-1.22145226945242,-0.983419323212155,-0.877667440380182,-0.778183695725911,-0.561580697652591,2810.28213591337,1.00002982979519
"log_lik[337]",-0.588613813792059,0.00240882879796374,0.122485566664035,-0.811644910041384,-0.676362396582775,-0.591225980165244,-0.504740319174762,-0.347485569071914,2585.57989600205,1.00120832476527
"log_lik[338]",-1.1641244094149,0.00675281718072464,0.386137025488324,-2.12967007440349,-1.36543288742367,-1.10213348939157,-0.879622068334149,-0.610765815452893,3269.73765787577,0.999883024531022
"log_lik[339]",-0.532538446410367,0.00131096916836003,0.0865179663846591,-0.708157836518074,-0.588192125281396,-0.533613615422126,-0.477098586778485,-0.359692414489827,4355.39601590358,0.999817427329988
"log_lik[340]",-0.55570300067085,0.00432816374884697,0.216910806332894,-0.92417597773013,-0.723633137397103,-0.573148333672164,-0.392263958727202,-0.140193995175906,2511.62623686536,0.999849914648993
"log_lik[341]",-0.765554905673361,0.0015352397748283,0.104223272497323,-0.988192259721335,-0.82424693028106,-0.760674881143231,-0.70263632271543,-0.567495039608764,4608.68455779263,0.99976136954607
"log_lik[342]",-0.657980245718129,0.00163600249116977,0.108655754307324,-0.908239196822237,-0.714520000731639,-0.64569257348683,-0.588292358568136,-0.47159777066142,4411.00490697204,0.999597383836849
"log_lik[343]",-0.472828427253822,0.0020872538329493,0.118706595916591,-0.686624042313363,-0.557576563342442,-0.481814738614126,-0.392094681773262,-0.233683958496521,3234.44051054904,0.999733525982606
"log_lik[344]",-1.21827623468345,0.0069629952245826,0.423465059655601,-2.27005056348213,-1.42214618949065,-1.10908813450217,-0.903807553620126,-0.722478543442105,3698.64773048712,0.999478491214508
"log_lik[345]",-0.541896818194988,0.00125930807630604,0.0846513110954019,-0.712433964337168,-0.593973738968425,-0.543770265877404,-0.489539131319098,-0.370822731628302,4518.59482512533,0.99994400119
"log_lik[346]",-0.801070834464858,0.00378205794825964,0.235664022553595,-1.40197704919383,-0.909945383451837,-0.743237446149662,-0.636049783721566,-0.49103738315218,3882.66763209946,0.999478540150812
"log_lik[347]",-0.752909448677877,0.00158994300165856,0.106714972140569,-0.980191948840375,-0.814061258143528,-0.748746910666644,-0.68526249176532,-0.550497305863574,4504.92536028542,0.999861732571339
"log_lik[348]",-0.675688550499995,0.00206903249935751,0.132537308210411,-1.00020287970273,-0.735277630939766,-0.652707249566148,-0.593238401026826,-0.472810573489184,4103.37933635322,0.999397347912773
"log_lik[349]",-0.838309689823972,0.00160960603633755,0.104819634706561,-1.06979307793284,-0.89303024770854,-0.831077839210777,-0.776404743838067,-0.639505542693655,4240.78348165683,0.999529305136029
"log_lik[350]",-0.552251623488456,0.00428289578208133,0.215103125853763,-0.921980796958995,-0.720339888526136,-0.565363203206919,-0.389234352384117,-0.144660381483187,2522.42597447858,0.999883469150373
"log_lik[351]",-0.847734466051808,0.0015728534681513,0.104170137177834,-1.08278892491567,-0.901146684409709,-0.839440955320059,-0.784974379383962,-0.652663679328747,4386.41727775073,0.99956951952442
"log_lik[352]",-0.881149157625992,0.00562218129820804,0.339262024059912,-1.77187312800131,-1.01547194911088,-0.781554788250284,-0.647799162479585,-0.499806406878307,3641.33642288667,0.999369920302259
"log_lik[353]",-0.499266549922319,0.00171039029139457,0.104146408773883,-0.695884559624956,-0.571273236407006,-0.505239975202413,-0.43064541957337,-0.291093359967208,3707.64506815883,0.999769633343224
"log_lik[354]",-0.456894139715543,0.00224122861930402,0.124174114020601,-0.679032117033032,-0.548422623100295,-0.463746267568068,-0.369686742320401,-0.212786820315557,3069.6567900548,0.999703889200325
"log_lik[355]",-0.851044878876957,0.00151135344977435,0.104273670952492,-1.08795387146892,-0.906467731085087,-0.841114194745682,-0.787086548408792,-0.662820405179397,4760.11278540923,0.999761041542588
"log_lik[356]",-0.43434912053459,0.00258238771728078,0.136816554512106,-0.669014926012866,-0.538775028688524,-0.442763548379783,-0.334284282064009,-0.171269618818568,2806.94823624615,0.999724187877577
"log_lik[357]",-0.668250471757869,0.00185269161692567,0.121448157774126,-0.958168876434198,-0.726893233261684,-0.649707434454383,-0.59175232426872,-0.472437364051541,4297.10128212597,0.999478144338425
"log_lik[358]",-0.472495014752688,0.0022390454293306,0.130013346319775,-0.712842804907529,-0.564046145238718,-0.483474118426552,-0.382174395914724,-0.215743348847566,3371.70882151244,0.999698058249807
"log_lik[359]",-0.537581198825548,0.00160118500567102,0.0992137295432741,-0.74035955199894,-0.598991180575588,-0.539499856371599,-0.472694929626615,-0.341485079257596,3839.37490592607,0.999635002355069
"log_lik[360]",-0.704514864791391,0.00197821546553124,0.116326280574298,-0.967456678842957,-0.77291793661181,-0.689584189482025,-0.625186091737069,-0.506257622365811,3457.86870129501,0.999717715237332
"log_lik[361]",-0.75887680071687,0.00157458609263943,0.0940012235539683,-0.950986034860574,-0.809472315027247,-0.758257637939616,-0.704796235485035,-0.56590181348551,3563.97123867615,0.999743699372827
"log_lik[362]",-0.662944304440469,0.00238980797444766,0.136881565875225,-0.915954227318577,-0.756672692485218,-0.673577172171241,-0.574187295349244,-0.377116301090886,3280.68035107653,0.99960333788722
"log_lik[363]",-0.527709001731522,0.00166029426981609,0.101676835527052,-0.735008058158269,-0.593169930111587,-0.529111570966768,-0.459224394172328,-0.33230101344329,3750.36817358327,0.999681656435226
"log_lik[364]",-0.760519092812111,0.00157453411316711,0.0939447045393681,-0.951576554701947,-0.811317690179173,-0.759793847214524,-0.706727876613036,-0.568956287991826,3559.92182555842,0.999747100928733
"log_lik[365]",-0.466704593793585,0.00227696222345634,0.130403078525283,-0.708250895433947,-0.560338938943555,-0.476140188571159,-0.373660271712677,-0.217150524150735,3279.92594101172,0.999782050772491
"log_lik[366]",-1.06348053584399,0.00496602020172524,0.32351251658311,-1.90162190430281,-1.19942189525352,-0.975498007287948,-0.844968522114439,-0.678293303643514,4243.90068628449,0.999460749427516
"log_lik[367]",-0.465868073164974,0.00228983781654211,0.131166559567859,-0.707372173860226,-0.560275940185332,-0.475537212932814,-0.372046644059845,-0.21427051813781,3281.23101423247,0.999771966051857
"log_lik[368]",-0.811286450205969,0.003484478826312,0.221999663958824,-1.37016856983873,-0.921756942075468,-0.758810044655042,-0.653449207634213,-0.521191850435909,4059.09274442185,0.999391209280435
"log_lik[369]",-0.967821953774175,0.00299898021583239,0.185332434430197,-1.38048436294452,-1.08190974224545,-0.939497309182095,-0.834046140585133,-0.667852326759952,3819.05277082976,1.00007095619091
"log_lik[370]",-0.442205923108547,0.00257342940143824,0.143673502272616,-0.701375171764255,-0.550229150913271,-0.451225043061805,-0.336710463394608,-0.168675986207874,3116.94285473633,0.999795526179096
"log_lik[371]",-0.668819869165406,0.00227814376367686,0.131156853062314,-0.91599424059887,-0.758617000010637,-0.67755242182495,-0.582015284360753,-0.399460866629011,3314.51296031807,0.99961260310047
"log_lik[372]",-0.574147172535473,0.0013657522803864,0.0819877386541497,-0.757840457347927,-0.617109841608175,-0.567912798083838,-0.522515548121232,-0.427926175675036,3603.74412597783,0.999953313268346
"log_lik[373]",-0.554868751315048,0.0035864695494098,0.189851698123372,-0.881041975214739,-0.701933086997275,-0.569040523315467,-0.409042556186283,-0.187908937867007,2802.1712720483,0.999763663314398
"log_lik[374]",-0.859809777341252,0.00184478564534052,0.118819883001156,-1.11568406515645,-0.929446696540166,-0.850821991418921,-0.78428441088153,-0.639575213661223,4148.4553445111,0.999795297411588
"log_lik[375]",-0.603888208645506,0.00315386892423802,0.172905262013898,-0.899621564198009,-0.731959825043905,-0.623831995159083,-0.483697606945748,-0.238326664647603,3005.58587284965,0.999603982488222
"log_lik[376]",-1.17569937760045,0.00607845331355495,0.394338958431391,-2.15398961478137,-1.37882744527421,-1.07246110176744,-0.878979385644111,-0.692320198907824,4208.75067679584,0.999518312190862
"log_lik[377]",-0.847974114295869,0.00451171580215504,0.284225408368612,-1.59324431049172,-0.965608973991583,-0.768879523162155,-0.656274235516424,-0.521758070627834,3968.64568969883,0.999422371069814
"log_lik[378]",-0.232726793375878,0.0043935050853832,0.148076345117295,-0.597471900036255,-0.312786892515255,-0.198485034818525,-0.119953666985318,-0.0428442859019809,1135.92355676144,1.00035763204245
"log_lik[379]",-0.306594275818377,0.00361082221578193,0.139620397014357,-0.624859757314501,-0.393915483065212,-0.286436379490053,-0.200740139990302,-0.0938074885263243,1495.15261782344,1.00033738057756
"log_lik[380]",-0.304299112373667,0.00556450876962972,0.176630342676149,-0.740514765730085,-0.396586335757952,-0.264692243267884,-0.173845426653239,-0.071215384164208,1007.57401952839,1.00009642617955
"log_lik[381]",-0.465067129100705,0.00208125156914912,0.105935367996261,-0.685925099259754,-0.530354796376507,-0.461790711491713,-0.393159554105327,-0.271015274979156,2590.79352257794,1.00037034635309
"log_lik[382]",-0.447351385993288,0.00490884424575727,0.186868852825169,-0.80192305591516,-0.585953633761125,-0.444524629889723,-0.30466569934661,-0.119910618242396,1449.15664998541,1.00015035732826
"log_lik[383]",-0.509475603946286,0.00146212625452417,0.085793839000594,-0.709309320180314,-0.557445683235642,-0.501552204794019,-0.452365231207958,-0.361180942412301,3443.04304275374,1.00009325766574
"log_lik[384]",-0.331840723099321,0.00317692199507138,0.127679641932994,-0.627623710216095,-0.408819952396989,-0.313961777312769,-0.239153275341655,-0.134695101803897,1615.21451689421,1.00028537666707
"log_lik[385]",-0.709116013422706,0.00533094402716495,0.247838780361837,-1.40876391058327,-0.779756800941313,-0.630747291063383,-0.554697762680987,-0.461794090616921,2161.37578323002,1.0010767208756
"log_lik[386]",-0.32431618981166,0.00557444818330267,0.184636858753546,-0.755562335963081,-0.434948555375824,-0.288897914569995,-0.18171893371361,-0.0680674395244109,1097.06671794218,0.999998793170759
"log_lik[387]",-0.932271626957907,0.00507062635165358,0.210227447706855,-1.31089018870825,-1.0684609536553,-0.947190250559601,-0.816846472707612,-0.454913072468157,1718.91981223631,1.00217233503818
"log_lik[388]",-0.359028471281297,0.00519795266104547,0.17904794190994,-0.764592927797646,-0.471078877584409,-0.329686710675397,-0.221082772852449,-0.0939923479232205,1186.517168569,0.999977042232747
"log_lik[389]",-0.300929439816854,0.00371374350611341,0.142281435507471,-0.624832904359325,-0.390522097860738,-0.280042878866999,-0.191966757324093,-0.0851412959854284,1467.81954271323,1.00035923512329
"log_lik[390]",-0.398786536488246,0.00476377492259905,0.171065726996184,-0.775786932305544,-0.508771518024045,-0.376041124289808,-0.268583667562583,-0.130319264616803,1289.50653385974,0.999957164433683
"log_lik[391]",-0.376135512099919,0.00288955311353294,0.126278389554156,-0.649975211485105,-0.459259949816231,-0.365708469714933,-0.284389258342591,-0.163029860816351,1909.83877201525,1.00033912522024
"log_lik[392]",-0.778005256696328,0.00356037752784906,0.159590446302627,-1.03291573570149,-0.886191636124735,-0.804870776598314,-0.691104997355374,-0.398220508246883,2009.19309092315,1.00127329123936
"log_lik[393]",-1.3165476054999,0.00702695068676191,0.311111474817189,-1.9976848004286,-1.50417145814432,-1.30239759918765,-1.10416110329132,-0.769079606015892,1960.1903537179,1.00119864175877
"log_lik[394]",-0.359028471281297,0.00519795266104547,0.17904794190994,-0.764592927797646,-0.471078877584409,-0.329686710675397,-0.221082772852449,-0.0939923479232205,1186.517168569,0.999977042232747
"log_lik[395]",-1.35471238044244,0.00853897992784579,0.436303456099949,-2.32033751494154,-1.61836023000642,-1.31474458255054,-1.03788315681827,-0.639186369476711,2610.7502063772,1.00017649023536
"log_lik[396]",-0.48639532045528,0.00174846899968487,0.0950626794371335,-0.694689987550725,-0.542431102392378,-0.480772105381205,-0.422827386287065,-0.316709537029095,2955.99863345518,1.00020856066819
"log_lik[397]",-0.496241594847668,0.00370229330281337,0.146072231289325,-0.798317288127128,-0.593735110754211,-0.48594873349816,-0.38743523473796,-0.237556126471625,1556.65970530274,0.9999222851734
"log_lik[398]",-1.57530349338717,0.0138544814868715,0.704690924219885,-3.35755416614305,-1.92129536947646,-1.38132220881932,-1.05292827790898,-0.739131821515368,2587.12136872062,1.00033256449594
"log_lik[399]",-0.168704935755086,0.00512825940773492,0.152153136455833,-0.578725608041115,-0.233061712363368,-0.118213013409601,-0.0553437546901908,-0.0114255056734691,880.282053086504,1.00041411147153
"log_lik[400]",-0.555348286973377,0.00307860016194939,0.128728420060459,-0.810879740983494,-0.644504916770258,-0.551044271151542,-0.464050918802562,-0.31617923289984,1748.40605654266,0.999906357637858
"log_lik[401]",-0.841698076034463,0.00330882935644941,0.148891973055535,-1.17812512144858,-0.930888189572242,-0.829154478304817,-0.740043565680386,-0.583304860881883,2024.854537685,1.00079083016141
"log_lik[402]",-0.699494966312165,0.00280752554622079,0.119739087688463,-0.965950840033328,-0.759412330309244,-0.691641375410122,-0.625340663601114,-0.492226158474622,1818.96547657577,1.0017330224324
"log_lik[403]",-0.306594275818377,0.00361082221578193,0.139620397014357,-0.624859757314501,-0.393915483065212,-0.286436379490053,-0.200740139990302,-0.0938074885263243,1495.15261782344,1.00033738057756
"log_lik[404]",-1.66875212159132,0.00962915972062296,0.530136050548455,-2.80069978019105,-2.00192624339849,-1.61965167447291,-1.27729975008512,-0.798218461075396,3031.08346668236,0.99993141622839
"log_lik[405]",-0.29549642954137,0.00381357122508989,0.144800244465545,-0.624796463830274,-0.387474276075085,-0.27386408735949,-0.183215522979813,-0.0782706884368961,1441.69989273638,1.00038210216938
"log_lik[406]",-0.53303249727173,0.00192365796308605,0.120349235012674,-0.772099771886279,-0.606616245896346,-0.536501867604187,-0.457604049597689,-0.288314957258891,3914.09136400103,0.999735812051822
"log_lik[407]",-0.872279168690847,0.00227361504884874,0.153714210203387,-1.22877122013338,-0.950442207169447,-0.855160149664328,-0.774131615189459,-0.611956338770458,4570.82049091989,0.999723472282703
"log_lik[408]",-0.720636159243188,0.00212398369287648,0.131214285842751,-1.03450282887394,-0.787129270795744,-0.696097474848597,-0.628600838460966,-0.52767698445188,3816.45271510116,0.999499306417236
"log_lik[409]",-0.602933117799179,0.00286997953230731,0.167872152965244,-0.873485204358631,-0.73007105569626,-0.623027328734409,-0.488636961734152,-0.251097682255934,3421.3674680512,0.999643370056705
"log_lik[410]",-0.750797094123837,0.00300584523626419,0.180934728292417,-1.20429406081267,-0.820956895361611,-0.70632461229515,-0.632490897026003,-0.529377759334345,3623.35288686344,0.999801334412108
"log_lik[411]",-0.756253397519356,0.00264935866182588,0.165253428354804,-1.14961204429344,-0.835319410617819,-0.719028482038779,-0.639515701577312,-0.533935006127542,3890.62564307575,0.999531905676916
"log_lik[412]",-0.706848254125164,0.00176655634986882,0.109310083362614,-0.908779184482553,-0.780466005063369,-0.718516712035165,-0.641526351915064,-0.47048595526986,3828.82450351223,0.999517927006537
"log_lik[413]",-0.5602381852029,0.00160937874102397,0.102780598283095,-0.781483070506009,-0.619599523265233,-0.556500299842279,-0.494435149979268,-0.370371292679818,4078.54973187444,0.999642262835075
"log_lik[414]",-0.697943019590118,0.00179551580057707,0.111488368070868,-0.904011395492385,-0.774076827955265,-0.708198943926102,-0.629909700510118,-0.459506403285504,3855.49952842196,0.999515608830484
"log_lik[415]",-0.67777702488719,0.00165660735075614,0.101098682375327,-0.927881826420767,-0.727228407666127,-0.661216092701322,-0.610232508523351,-0.515209928928462,3724.36144984709,0.999472290154383
"log_lik[416]",-0.574257994649693,0.00151952672446615,0.0931887272464869,-0.78988001628536,-0.623956844163975,-0.565914225041562,-0.512524005313226,-0.414132150343422,3761.05838590919,0.99939226612757
"log_lik[417]",-0.843921889929906,0.00185907296503588,0.120019977186644,-1.09396682702185,-0.918270660118967,-0.840968428534819,-0.768656859343398,-0.607475275962378,4167.87042873229,0.999330357929615
"log_lik[418]",-0.682868026345026,0.00175676355287121,0.106512643284224,-0.946177582569125,-0.735320290219122,-0.663538642539598,-0.611132762513648,-0.515839066317669,3676.00166778595,0.999505385986776
"log_lik[419]",-0.676335838396392,0.00195336202228727,0.120944044706685,-0.891484692440998,-0.761314444437265,-0.687720356937459,-0.600702520983113,-0.42520134056548,3833.57087982649,0.999527796695617
"log_lik[420]",-0.735965453679513,0.00146183911713178,0.0931838163944049,-0.920037572483733,-0.793553138930991,-0.742573338387446,-0.682269841925352,-0.531808365616832,4063.32751141265,0.999377840244894
"log_lik[421]",-0.742733370078081,0.00148421736323386,0.0954700338877343,-0.930981937589143,-0.797635690414516,-0.747312377641661,-0.688666124294661,-0.541149824051772,4137.5107734263,0.999688744551186
"log_lik[422]",-1.03966859208791,0.00507123522708624,0.336449879405388,-1.93660481926663,-1.17646814852761,-0.947025925012607,-0.814922889099648,-0.633999255867078,4401.62705807248,0.999851188625971
"log_lik[423]",-0.811954086232281,0.00157903493075363,0.105039771929761,-1.02424652901727,-0.876140774041796,-0.813981150501023,-0.748385158392634,-0.595183531197783,4425.10994401983,0.999472219094831
"log_lik[424]",-0.8361482153936,0.00183348983536245,0.12358049096338,-1.10034194626414,-0.905733811802396,-0.829652445855157,-0.761306726327043,-0.602983902604716,4543.00086238524,0.999651522266642
"log_lik[425]",-0.85336080252234,0.0020290120665841,0.136823836966398,-1.15296156865913,-0.927244702797203,-0.841610371418233,-0.767328326497736,-0.608416799563166,4547.30695142501,0.999679809341227
"log_lik[426]",-0.662237923434642,0.00151599042831528,0.0927669641605595,-0.891818631116833,-0.706781868959137,-0.647542615680303,-0.602723616848694,-0.508336241973112,3744.49944203133,0.999473262046324
"log_lik[427]",-0.458930607015621,0.00287642324146002,0.164524463052191,-0.753332022605265,-0.577885428368792,-0.474391316400553,-0.341998032027589,-0.126188035284004,3271.56373789781,0.999667107356684
"log_lik[428]",-0.698023866287015,0.00196109415976985,0.118413028000289,-0.908306549985092,-0.778159487159923,-0.711737406281171,-0.630120506600084,-0.43365918937285,3645.87757157223,0.999599164970107
"log_lik[429]",-0.834889094905578,0.00181250842167333,0.121968917468674,-1.09380181968573,-0.904811002460017,-0.829281322660018,-0.76108209147781,-0.602855808781016,4528.33212565572,0.999623925147037
"log_lik[430]",-0.555028741499454,0.00168484432405548,0.107923404396892,-0.781516911370171,-0.618127018768198,-0.553737954284401,-0.488475570871439,-0.344971056822815,4103.09634359036,0.99974948688446
"log_lik[431]",-0.729743924569122,0.00281949414355206,0.175259539997036,-1.20498481355294,-0.800646607867448,-0.68491945296531,-0.616286008231065,-0.500300620526517,3863.85607740655,0.999679869754232
"log_lik[432]",-0.697183730983051,0.00233481708720397,0.140701972301107,-0.939364514170866,-0.786299457214022,-0.717412914729197,-0.623844275178984,-0.362611062140819,3631.57187875267,0.999614981632389
"log_lik[433]",-0.909657704337206,0.00293131395821279,0.202773158391391,-1.441607061884,-0.981572425593437,-0.867340540138784,-0.789636250043197,-0.619349013294176,4785.1577500246,0.99958725255126
"log_lik[434]",-0.840099603992839,0.00190552171901991,0.131656968077754,-1.14436984097223,-0.904940626323654,-0.826040063232903,-0.766666173785637,-0.608048821484183,4773.75243218447,0.999863567940829
"log_lik[435]",-0.67973617446564,0.00188002277301422,0.115190213860111,-0.954571623055518,-0.737194111743584,-0.660427829021328,-0.604856822237314,-0.497800497504444,3754.09232607485,0.99996171626591
"log_lik[436]",-0.898698696954665,0.00284220835624392,0.195053213578693,-1.38951251781546,-0.966569049738259,-0.860197027944809,-0.786219530869768,-0.617736353427153,4709.71248913083,0.999666797024518
"log_lik[437]",-0.751214181862651,0.00161789323649857,0.101564309236419,-0.948443083064507,-0.810276882803953,-0.758333078297959,-0.692419138031354,-0.536158362751925,3940.78298446549,0.999845413653941
"log_lik[438]",-0.833495656567463,0.00170105326591678,0.119493440192932,-1.10700779040836,-0.898535467174739,-0.823964350664764,-0.765241937299789,-0.607232383319667,4934.60395996109,0.999706331265913
"log_lik[439]",-0.530666507832052,0.00186257014760897,0.127035005111685,-0.772799182728932,-0.604441672128302,-0.543303998975574,-0.464690602866382,-0.244211262865047,4651.80544582352,0.999460513919275
"log_lik[440]",-0.712694279455269,0.00191988214112528,0.119218229436622,-0.936070740634602,-0.788773683533788,-0.723454848928456,-0.642686387560431,-0.451449982601743,3855.99265250316,0.999852979870255
"log_lik[441]",-0.543469732124278,0.00166057615988969,0.114972479696988,-0.774271565821277,-0.608381364637052,-0.551039189054202,-0.480613931776981,-0.296245169611744,4793.69279906064,0.999483886685957
"log_lik[442]",-0.878223273702398,0.0023467309934543,0.164636501875843,-1.28813298425192,-0.94872914535792,-0.849897291380842,-0.78157961465619,-0.61671197763304,4921.81903285726,0.999608431436793
"log_lik[443]",-0.638500430586588,0.00150660714728719,0.0918908800240554,-0.854380544933997,-0.681065849388431,-0.627407632693986,-0.585157111747072,-0.478236860247921,3720.01571614101,1.00023909330984
"log_lik[444]",-0.753011063727027,0.00298549694679533,0.190593693711957,-1.25351478592228,-0.838266700284209,-0.704259657623257,-0.623519778125013,-0.503208354712425,4075.52715166584,0.999835932125341
"log_lik[445]",-0.637198232815151,0.00238521939850247,0.12852987332885,-0.918500776761144,-0.711025442086359,-0.630579181144069,-0.555321882010523,-0.398380624941261,2903.69832210678,1.00225914264231
"log_lik[446]",-0.594614659674221,0.00195502504255123,0.100671843004132,-0.785398968461618,-0.658967269058379,-0.601066152633702,-0.533068586511482,-0.381790835561361,2651.62062914423,1.00287349226354
"log_lik[447]",-0.567779384967059,0.00177069284379061,0.0877976943188795,-0.714154257792336,-0.628219111958054,-0.580955620717216,-0.515454682803296,-0.370002594712312,2458.55403400443,1.00334033447185
"log_lik[448]",-0.413799417572523,0.00261463313474144,0.11758580394161,-0.616366523295221,-0.504923146439824,-0.420339597744053,-0.326001098012666,-0.187297726016598,2022.49876181093,1.00025417759641
"log_lik[449]",-0.418817851611186,0.00247772399233411,0.109900287439769,-0.616546957669817,-0.502740956592794,-0.420726973434582,-0.336626549968056,-0.212580249449868,1967.39609105086,1.00029802406128
"log_lik[450]",-0.421580478836795,0.00244150688355209,0.107965027503468,-0.616544626034273,-0.503379407306872,-0.422702600396653,-0.341976867589812,-0.220325029170786,1955.46610859628,1.00032227599996
"log_lik[451]",-0.374500372063767,0.00309169537226164,0.133788378659541,-0.6111093497811,-0.477520814770222,-0.375611374711271,-0.269746027850096,-0.13004475166569,1872.59297402335,1.00014392114831
"log_lik[452]",-0.710427452420197,0.00363065503138655,0.177720350512438,-1.08608731413153,-0.81696063944704,-0.710620313139925,-0.588570516333003,-0.37836356489308,2396.09674910782,1.00240492081719
"log_lik[453]",-0.660016630716162,0.0026636687061549,0.146439130400604,-0.992446270231636,-0.741065686089265,-0.646962029765184,-0.565022715169123,-0.405698169623521,3022.41339653531,1.00193833859084
"log_lik[454]",-0.842048447336133,0.00258855488312637,0.129430848272078,-1.16907313907033,-0.904204926420084,-0.813355341174461,-0.755848378089595,-0.656139851513855,2500.1199183762,1.00334196900314
"log_lik[455]",-0.596766019380878,0.00197712054335559,0.102336246714215,-0.795178908036051,-0.660789024967725,-0.602215664364078,-0.534043046766414,-0.383224490429076,2679.12311930716,1.00277774626664
"log_lik[456]",-0.42433165900561,0.0024084379875217,0.106141194057131,-0.616550464522725,-0.504234733458053,-0.424788099338697,-0.346876463155452,-0.224513841216973,1942.21364468438,1.00034952452208
"log_lik[457]",-0.427303025212057,0.00245417735472383,0.11103415826244,-0.619677439604711,-0.512072345829112,-0.432914530471562,-0.346278245828458,-0.209985819429794,2046.92212488146,1.00035713173685
"log_lik[458]",-0.635484049781609,0.00463881568910101,0.215598045455971,-1.06317827440782,-0.78237743507325,-0.643952224580287,-0.4796566772593,-0.232244839005067,2160.10769514556,1.00194789053077
"log_lik[459]",-0.836602554558719,0.00260235898059574,0.13105497100562,-1.16563996454743,-0.900147066379934,-0.80940886634382,-0.750499666715407,-0.64037231933533,2536.1362857295,1.00321765500455
"log_lik[460]",-0.712114557278189,0.00340399957735003,0.19351475939655,-1.1770238220803,-0.814121939043464,-0.678351878659821,-0.584001972405864,-0.411565529107038,3231.83510202877,1.00132547119051
"log_lik[461]",-0.391871833276474,0.00296314240691115,0.131257346205044,-0.615389729086781,-0.493771454264609,-0.399057310771373,-0.293527653023678,-0.137253428006769,1962.19511788989,1.00016241790281
"log_lik[462]",-0.875645142598031,0.0060168193832555,0.355048338921897,-1.76956090658399,-1.04583325053687,-0.781770975111367,-0.621385695676454,-0.426586807156416,3482.09824930024,1.0006244232436
"log_lik[463]",-0.615218827614343,0.00214550531802289,0.113001349826513,-0.84862424468991,-0.681645083639773,-0.615207766919303,-0.54429695822317,-0.389171984793029,2774.0103161792,1.00260286364056
"log_lik[464]",-0.765838861883617,0.00423796595867997,0.245590350761479,-1.37570026158642,-0.885742843158387,-0.711258159571727,-0.597736453158475,-0.416114667804896,3358.20861108241,1.00096369578865
"log_lik[465]",-0.746458705768265,0.00321432974926357,0.162123705351734,-1.09692911832522,-0.837812297000248,-0.739367179548099,-0.640942586503181,-0.445700114480523,2543.971176889,1.00260194455696
"log_lik[466]",-0.389981604062185,0.00281150899461706,0.12183360178231,-0.61161162517394,-0.482084592575161,-0.387773073896309,-0.296403808544319,-0.168907784147519,1877.82541450525,1.00019364160557
"log_lik[467]",-0.763842851139876,0.0043570708873033,0.25525500226823,-1.4055541768445,-0.877823305131402,-0.703870405821593,-0.59391738207238,-0.412806769033098,3432.09477475429,1.00072956285786
"log_lik[468]",-0.42152706943738,0.0022771405183124,0.113017739820641,-0.630879425714204,-0.504680857840958,-0.419613366567632,-0.33899571629802,-0.21004128869858,2463.27882579191,1.00360120679724
"log_lik[469]",-0.426438082678526,0.00223787060348444,0.101643901876267,-0.625147931302379,-0.497687204738104,-0.419019937112009,-0.35195878063458,-0.245796566629036,2062.96905550494,1.00389142142015
"log_lik[470]",-0.493540940278366,0.0014226766929891,0.0824706645801985,-0.654572143777521,-0.549289574162661,-0.491865392892979,-0.438209467190537,-0.33663554319714,3360.36579273492,1.00202004661075
"log_lik[471]",-0.366930231954151,0.00302804718233733,0.136093531252384,-0.619442603648704,-0.46803178559961,-0.360688423716783,-0.26305918237847,-0.125712356274817,2019.99218863529,1.00476191079085
"log_lik[472]",-0.91525046188737,0.00183391083140759,0.114909373531253,-1.1746038750498,-0.980838155338512,-0.904112918272026,-0.836995783126828,-0.716573815374839,3926.03785543897,1.00108912180329
"log_lik[473]",-0.530848003301697,0.00115218170238126,0.0751129619234927,-0.679224891120723,-0.577673903936476,-0.532844843483946,-0.483923705565417,-0.380443990824379,4249.98921215097,1.00090004131893
"log_lik[474]",-0.492366334585006,0.00533884694945906,0.206589947446528,-0.912132275759928,-0.644857943524829,-0.464389800644906,-0.329198104974971,-0.160534210414268,1497.35034982715,1.00508468017746
"log_lik[475]",-0.755522804573698,0.00208612061894306,0.109936287775881,-1.00701156806432,-0.811898104238304,-0.750352586831385,-0.686126595540403,-0.554440965982437,2777.17536927293,1.00080694584543
"log_lik[476]",-0.686485741102238,0.0030339710968584,0.148357058382492,-0.984399332554674,-0.77934662452257,-0.693967092228001,-0.590666447236825,-0.387869261546104,2391.07692766684,1.0020875059423
"log_lik[477]",-0.44076142354273,0.00202874561905035,0.105096220754641,-0.637652591738111,-0.516662424059644,-0.440471971698301,-0.364922518462286,-0.240557664651604,2683.60756998456,1.00317654652163
"log_lik[478]",-1.12064487080442,0.00434394845986434,0.240370421595374,-1.66000687332048,-1.26811848189362,-1.0908520418485,-0.939260770605735,-0.76492848046149,3061.91212678754,1.00245016594033
"log_lik[479]",-0.312247270667999,0.00371745293045048,0.151234855724491,-0.604127854775556,-0.422878490579419,-0.293403287485592,-0.189208377360525,-0.0737382316219391,1655.05654534094,1.00610191986322
"log_lik[480]",-0.351993247039735,0.0031635162181039,0.136889525166697,-0.611753385885619,-0.453463948651504,-0.339798645434257,-0.245077042070601,-0.120396323991628,1872.40720479199,1.00518852969917
"log_lik[481]",-0.44076142354273,0.00202874561905035,0.105096220754641,-0.637652591738111,-0.516662424059644,-0.440471971698301,-0.364922518462286,-0.240557664651604,2683.60756998456,1.00317654652163
"log_lik[482]",-1.09721102196511,0.00871052558712929,0.495200051322075,-2.33947898532933,-1.339577802967,-0.985152030278293,-0.723855843560179,-0.506975257822246,3232.00958736169,1.00152157189931
"log_lik[483]",-0.653733275702216,0.00191811968195614,0.1053173914874,-0.888827267272252,-0.712765105709943,-0.64555015130203,-0.590824403535087,-0.457888755310117,3014.73251129493,1.00086412602659
"log_lik[484]",-1.20437983813348,0.00554670396792663,0.301266307396366,-1.8885976579036,-1.38654650105633,-1.16148583553654,-0.975638871765097,-0.772715645461613,2950.06206522959,1.00253814148714
"log_lik[485]",-0.518480745628047,0.00120778205841168,0.0757575942311007,-0.670227066233824,-0.567281736515006,-0.51871901717518,-0.469823959535407,-0.369173498310845,3934.37001601743,1.00133342644174
"log_lik[486]",-0.461248198796721,0.00177281862879754,0.0968295667789078,-0.644461283174278,-0.531213544761758,-0.460134717099499,-0.392856178493227,-0.273678157422098,2983.23430405118,1.00270177798466
"log_lik[487]",-0.531713784999506,0.00517594565342466,0.214926700573585,-0.93959983955711,-0.698605092379887,-0.526616948570013,-0.370224466582779,-0.13710240429015,1724.25434118247,1.00451885464694
"log_lik[488]",-0.340729840231798,0.00337643803598308,0.144704149996066,-0.61135115872509,-0.450009668157439,-0.328828917062236,-0.226322346207841,-0.0957855798813617,1836.72613219328,1.00538531645444
"log_lik[489]",-1.55823091841654,0.0109748475298713,0.610017309590515,-3.02834233912104,-1.90629089668569,-1.43990232335451,-1.08695300033381,-0.791128827030224,3089.49378715795,1.00227269557106
"log_lik[490]",-0.344601353936656,0.00330104666457673,0.142130040020468,-0.611424921036645,-0.451346188507572,-0.332435105478336,-0.233400928942984,-0.10463516128445,1853.82369667749,1.00530658506762
"log_lik[491]",-0.699766629262219,0.00209142699513439,0.123214404153236,-0.930168423233248,-0.780871261714634,-0.707205777971818,-0.625256264429468,-0.438375335567553,3470.86357417577,1.00033355022883
"log_lik[492]",-0.674832319077158,0.00181653684452462,0.109931759184095,-0.9392281244245,-0.730108066376343,-0.658069106490109,-0.603483568954332,-0.498857818116631,3662.33387161317,0.999930467609928
"log_lik[493]",-0.8792421481556,0.00240770816907144,0.160670106029502,-1.27232274330555,-0.956938310098831,-0.853758086517143,-0.779986769071485,-0.623123871299862,4453.10020662153,0.999744657629083
"log_lik[494]",-0.57770694305212,0.00139226272889027,0.0938072526668542,-0.782695204051172,-0.628647199207882,-0.574249502547003,-0.520996354229073,-0.402032390266191,4539.73434446068,0.99949019303824
"log_lik[495]",-0.598597023067001,0.00128683441477079,0.0860207672521379,-0.79788322043484,-0.642412226937855,-0.589985914707197,-0.544235903424456,-0.447989580891007,4468.49513722397,0.999376242190037
"log_lik[496]",-0.835587746574648,0.00176407296655548,0.119950662900182,-1.0993281480189,-0.900834803107226,-0.82789572961101,-0.761998091757836,-0.610939033050061,4623.51440909421,0.999484723120855
"log_lik[497]",-0.679215066157947,0.00234666776532648,0.136298624912958,-0.927311401101693,-0.771812694854493,-0.689649368687009,-0.595596107628455,-0.387439806804375,3373.4923776362,1.00038583000851
"log_lik[498]",-0.639090103215756,0.0013796249297626,0.0875599374969885,-0.849186224153867,-0.682815683860138,-0.627282777132305,-0.585081952128962,-0.492244186869829,4027.99403618085,0.999533357790362
"log_lik[499]",-0.695870443014796,0.00219652624161821,0.128841109743056,-0.930777418782721,-0.779501255176159,-0.705636846735586,-0.619208268193628,-0.416861208466899,3440.6153417369,1.00041188662453
"log_lik[500]",-0.652897102528561,0.00156035038564295,0.0965386981386775,-0.88346746318281,-0.699241425385985,-0.63995514676604,-0.592620973994508,-0.495531477451588,3827.88260799714,0.999758412208951
"log_lik[501]",-0.602353020767288,0.00126262036754985,0.0840917352304435,-0.797954696851785,-0.64421798622484,-0.59299738175153,-0.548608726406495,-0.457518364096767,4435.68857300331,0.99936151004156
"log_lik[502]",-0.610650857523449,0.0012616724439147,0.0831320064956385,-0.806504345661998,-0.651079292666737,-0.600575366336977,-0.559277131234956,-0.469708578675632,4341.53483695718,0.999371176678572
"log_lik[503]",-0.671889923652978,0.0017440926450966,0.106075712991763,-0.923076867174008,-0.72669631577481,-0.656605638601424,-0.603250109841709,-0.499083183144697,3699.07228262001,0.99986718036538
"log_lik[504]",-0.740630137712517,0.0016197445830297,0.100252892514646,-0.937442926787858,-0.800912473651847,-0.744790212748776,-0.682217356282007,-0.531615343606238,3830.89943310019,0.999969107847456
"log_lik[505]",-0.795461386541825,0.00144504027283595,0.0970865276778548,-0.988983986860894,-0.853655665520591,-0.798000942385653,-0.739493509762835,-0.594028386447388,4513.96342275996,0.999398444068847
"log_lik[506]",-0.73850084054015,0.00165859431544684,0.102135734170487,-0.937442866965334,-0.80046227181853,-0.743379177140715,-0.678028865786861,-0.526655439090173,3792.05899197201,1.0000354916668
"log_lik[507]",-0.805215287684868,0.00149118323012642,0.100891481823286,-1.00935334908575,-0.865754681289286,-0.807009873368076,-0.74614742736012,-0.598332725479486,4577.69632913633,0.99938237824435
"log_lik[508]",-0.656980700468592,0.00156871602436787,0.0968628335916467,-0.88589477139884,-0.704197787982615,-0.644040698733563,-0.595873747974517,-0.496968710803885,3812.63888967379,0.999743994378699
"log_lik[509]",-0.947441132814992,0.0036999265941362,0.237311539722105,-1.572956684958,-1.03927013964545,-0.889539873403664,-0.798993506028621,-0.630237485773247,4113.87885581141,1.00000739918717
"log_lik[510]",-0.901047581656957,0.00278721584864103,0.183635219315307,-1.36749832089891,-0.983017178590708,-0.867111682051867,-0.787471227680516,-0.624100200553652,4340.80973460957,0.999845924317454
"log_lik[511]",-0.709535738595952,0.00253911199419672,0.148287439043345,-1.08217316473055,-0.773985135613798,-0.680940801657348,-0.613729470479285,-0.500528909128184,3410.71173757345,1.00021302672111
"log_lik[512]",-0.837005680381402,0.00179854622456892,0.121889248462206,-1.10912761383525,-0.901790259641638,-0.82828165684166,-0.762225562860571,-0.610966120651416,4592.906351736,0.999503809050617
"log_lik[513]",-0.517702549613831,0.00182461189148516,0.114226094002862,-0.744758485879909,-0.591975649656952,-0.514299137923899,-0.439196068622344,-0.304545068425443,3919.12982841597,1.00046277776999
"log_lik[514]",-0.368652633665221,0.00157814626300942,0.104079355921571,-0.579533714427021,-0.437784384355258,-0.365073518258587,-0.296546760605333,-0.175285635618896,4349.45347302777,0.999781880183669
"log_lik[515]",-0.317208744267361,0.00166075738569474,0.0980533177322133,-0.527453897508469,-0.379810147293079,-0.308555071072428,-0.248366361789008,-0.144906949522476,3485.87814146078,0.999864625023573
"log_lik[516]",-0.284456687640416,0.00246853485210257,0.12707203109733,-0.576130432560036,-0.359765345754135,-0.269191717889176,-0.191095512605716,-0.0853364099413122,2649.85077118278,1.00037109314493
"log_lik[517]",-0.296710778007445,0.00173193019815567,0.112057356620332,-0.535127244961105,-0.370451152508883,-0.288945973097836,-0.214934301837901,-0.104133367776854,4186.20003995927,1.00005217922672
"log_lik[518]",-0.869489267662201,0.00460694281570872,0.215310511984385,-1.42907118392886,-0.96663828882257,-0.82144970468948,-0.726599386133824,-0.578577196765476,2184.26247216715,1.00112958441622
"log_lik[519]",-0.257457094785876,0.00181261853401945,0.0981815019970701,-0.474026361837604,-0.317374423851976,-0.248325636172082,-0.187176440146472,-0.0967073620349508,2933.90813129685,1.00006831665888
"log_lik[520]",-0.22210699335062,0.00246171944059888,0.123280517524507,-0.525866502991298,-0.290155489893207,-0.202294856192087,-0.131022734822303,-0.0482680927110846,2507.90907515058,1.00039214438923
"log_lik[521]",-0.555629808579552,0.00267756644537878,0.10415581391697,-0.768126802669087,-0.622991635053347,-0.552879029181673,-0.486114555125527,-0.356068886929445,1513.16581136022,1.00120375222849
"log_lik[522]",-0.150391653464413,0.00178772102031806,0.0972678522726454,-0.388242661161885,-0.198803490156117,-0.128792371488366,-0.0789197488637357,-0.0245477273650282,2960.32341096726,1.00046978707117
"log_lik[523]",-0.241712061719469,0.00237123880910146,0.14696789935622,-0.589323467488648,-0.330626447496462,-0.212434392337061,-0.129340521700279,-0.0344637548303346,3841.44292499162,1.00070385543239
"log_lik[524]",-0.231547152528072,0.00178642972027324,0.102569994392653,-0.463413721525129,-0.292566237769501,-0.217898725429964,-0.156720788276249,-0.0704391520571488,3296.61926955599,1.00011925637496
"log_lik[525]",-2.8514243846021,0.0163200380522061,1.17121663416297,-5.63505293758733,-3.52325868539662,-2.70314998012296,-1.97855419883175,-1.05801591827871,5150.29528660173,0.999961419628368
"log_lik[526]",-0.170613659403888,0.00180530941962986,0.0999840466147755,-0.408537694128061,-0.223124195794149,-0.150897754575261,-0.0966938008912555,-0.0335504643367705,3067.31319742457,1.00037768505039
"log_lik[527]",-0.433043531801883,0.00199470581469016,0.127331883234429,-0.693772790087021,-0.516438997529997,-0.427308739930236,-0.34273222366075,-0.205898814554148,4074.89682772339,1.00038955063241
"log_lik[528]",-0.295558898254721,0.00173726577134006,0.112567232284656,-0.534962839717814,-0.369792601047327,-0.287914803555713,-0.213493385370823,-0.102377850191311,4198.47382771778,1.00006088521306
"log_lik[529]",-0.571692337606734,0.00281804378526008,0.104665605269618,-0.785148233017336,-0.638715459988309,-0.569032895392656,-0.502082406834132,-0.372834430532342,1379.47077852799,1.00140340079004
"log_lik[530]",-0.128439867391869,0.00218569784942574,0.1083378785407,-0.423267429911041,-0.173108856499633,-0.0992847884837954,-0.0511322894306859,-0.0112932582196514,2456.85996893153,1.00058900174126
"log_lik[531]",-1.25560542304221,0.00564419436596171,0.319992903679054,-2.0001822191304,-1.43864965570814,-1.20962421091868,-1.02800890038815,-0.753083174953386,3214.22868662987,1.00038080212422
"log_lik[532]",-0.372041900371149,0.00154555854372766,0.0920406409011316,-0.563741000836878,-0.430943696459894,-0.366369546281417,-0.308180574768497,-0.204863964306036,3546.40514031621,0.999742925649189
"log_lik[533]",-0.199350313868937,0.00303269586897762,0.0974047873456992,-0.427917564454038,-0.252146039695405,-0.186881293992939,-0.128817191479599,-0.0520311582524151,1031.57993381129,1.00208119724157
"log_lik[534]",-0.198482946802426,0.00180633623655798,0.101916415279502,-0.434685889478594,-0.255778953648082,-0.181610119464736,-0.123306151130862,-0.0486503630241122,3183.39911272917,1.00024810203898
"log_lik[535]",-0.387773477571179,0.00216754144246916,0.151316638329118,-0.697705914088924,-0.490269446737206,-0.378826582277561,-0.278223575038586,-0.122422384953674,4873.47283088292,1.00066506818553
"log_lik[536]",-0.128439867391869,0.00218569784942574,0.1083378785407,-0.423267429911041,-0.173108856499633,-0.0992847884837954,-0.0511322894306859,-0.0112932582196514,2456.85996893153,1.00058900174126
"log_lik[537]",-0.496427053928492,0.0022107600425892,0.111108732886932,-0.719450275899812,-0.570060194359033,-0.493055521827088,-0.418912907436485,-0.289407175273558,2525.88268954618,1.00059141952211
"log_lik[538]",-0.517702549613831,0.00182461189148516,0.114226094002862,-0.744758485879909,-0.591975649656952,-0.514299137923899,-0.439196068622344,-0.304545068425443,3919.12982841597,1.00046277776999
"log_lik[539]",-0.534506436589641,0.00219169822569864,0.0977165661677135,-0.751210578607542,-0.588976377605094,-0.52663719115471,-0.471307205647038,-0.35978820566562,1987.81005094361,1.00134719971949
"log_lik[540]",-0.322921565488642,0.00265538506577875,0.125331516326427,-0.597105382168967,-0.399296274518028,-0.310483778815269,-0.233115587610379,-0.112573550893531,2227.74548037066,0.999910560237521
"log_lik[541]",-0.360245821707817,0.00160892559915276,0.0854908457417781,-0.530687624642055,-0.415270563004738,-0.359711397567412,-0.302863013533538,-0.195921896347268,2823.36680053435,1.00028349026948
"log_lik[542]",-0.143697720296122,0.00224227615391693,0.0747329701497497,-0.315205326792345,-0.188591904840225,-0.134341877933573,-0.087491990353079,-0.0297519471978919,1110.82664713974,1.00140921567935
"log_lik[543]",-0.738674681860927,0.00501978673984558,0.276735868654056,-1.45654299946659,-0.850764150109108,-0.670373016782737,-0.549193514064695,-0.411085632635307,3039.20763980229,1.00050946665411
"log_lik[544]",-1.92572607423615,0.0172259815285147,0.593165849887239,-3.34025538367071,-2.24410305568615,-1.83776174916707,-1.50662490175235,-1.02736022898475,1185.72595052385,1.00046343572087
"log_lik[545]",-0.176366561239879,0.00161011377428439,0.10247157846028,-0.411206870888123,-0.236725075171038,-0.15996260787735,-0.0974086080484815,-0.0278229924943263,4050.36089543348,0.999467055005025
"log_lik[546]",-1.49411526206159,0.006111578600983,0.33051864741734,-2.26666204235507,-1.67014014480408,-1.44398541820787,-1.26440266002772,-0.993283476006939,2924.72562676059,1.00028596118763
"log_lik[547]",-0.102791246053896,0.00202028847163842,0.0921992211839038,-0.352343277495253,-0.139028990961843,-0.0758146479173324,-0.0379339671924749,-0.00705665483510236,2082.70487609081,1.00015955611133
"log_lik[548]",-0.610207236752287,0.00271645077897323,0.137743706349043,-0.933485329000699,-0.676650218352544,-0.58686813523798,-0.519460729523096,-0.401130256395402,2571.22361913703,1.00083436746204
"log_lik[549]",-0.322921565488642,0.00265538506577875,0.125331516326427,-0.597105382168967,-0.399296274518028,-0.310483778815269,-0.233115587610379,-0.112573550893531,2227.74548037066,0.999910560237521
"log_lik[550]",-0.264618371083252,0.00205308144486563,0.0851663644777758,-0.438756128320586,-0.320682088683668,-0.261885240421418,-0.204117379610739,-0.110452962194535,1720.77410349403,1.00075504471656
"log_lik[551]",-0.518933499493067,0.00214368025687946,0.112051914125501,-0.754074728482665,-0.587659970803126,-0.515376364131466,-0.444545609945552,-0.307689911086027,2732.23810071555,0.999714408116635
"log_lik[552]",-0.141638630027933,0.00170427152037771,0.0816700393234763,-0.335238165931991,-0.186871476139757,-0.127140828763168,-0.0803719301560572,-0.0261376881464463,2296.40220940231,1.00003243410211
"log_lik[553]",-0.21880123438519,0.00182178214796406,0.0899188134576294,-0.412812989231298,-0.274982075332086,-0.210868594270952,-0.153612192768946,-0.0699352099642993,2436.17370248781,1.00006155992597
"log_lik[554]",-0.0743570301632147,0.00148279952692637,0.0602082155871421,-0.234494788186903,-0.100389320593583,-0.0587126538282351,-0.0308050250044368,-0.00651344307281898,1648.71896844677,1.00044086015213
"log_lik[555]",-0.192138420484559,0.00228475575084117,0.140236763626741,-0.537212004221158,-0.267109321522724,-0.159211333597547,-0.0835646877450546,-0.016306881621573,3767.42142195032,0.999459521038296
"log_lik[556]",-0.500097792767713,0.00201762682473342,0.0853846048674256,-0.677796888856165,-0.550862706758487,-0.498129297265672,-0.44624957894151,-0.338629163483318,1790.92524927685,1.00151945402387
"log_lik[557]",-0.409655321618991,0.00250730641937271,0.122134948221125,-0.673766281438214,-0.488112680306316,-0.401957174187939,-0.325791336137057,-0.188916553058961,2372.82156155265,0.999811273800368
"log_lik[558]",-0.0845775021654806,0.00142917710474615,0.0680038082452054,-0.262128479260232,-0.114670106966818,-0.0668051676243769,-0.03501660699671,-0.00717950931439315,2264.09355105866,0.999963915330103
"log_lik[559]",-0.20692166159501,0.00228503785466768,0.141062195997058,-0.546085517141462,-0.284610811258542,-0.17669760345124,-0.098757705545664,-0.0220508109772212,3810.96080971764,0.999453054553008
"log_lik[560]",-0.122250064996261,0.00345818012607043,0.10858922353329,-0.378458859853323,-0.16248147257232,-0.0958715719605877,-0.0522947953546211,-0.0102673757376196,986.002995247592,1.00226394764813
"log_lik[561]",-0.216326361981415,0.00350319065376314,0.110203590845344,-0.46804547975098,-0.27939423108939,-0.202044070923596,-0.136104249301946,-0.0473324023277803,989.609701818654,1.00141604048735
"log_lik[562]",-0.201688320165064,0.00255242781122778,0.117153021720002,-0.485033277671901,-0.265758486679848,-0.179302365882174,-0.11462048570355,-0.038381244230947,2106.68718536857,1.00005635329838
"log_lik[563]",-0.0677894798434979,0.00124532639629649,0.0710488610512642,-0.266530574668004,-0.0918486084991163,-0.0435678237620214,-0.0174194851875505,-0.00198639306819222,3254.9764702985,0.999500195501664
"log_lik[564]",-0.623463707422742,0.00270531065071765,0.102674945388454,-0.84883863583894,-0.685606186130411,-0.620876860476256,-0.556952568797855,-0.428528708779462,1440.43835321841,1.00050258952455
"log_lik[565]",-0.160287605314283,0.00239494142440007,0.109389166993824,-0.43710576435721,-0.215283426844107,-0.135052026381544,-0.0797506351852797,-0.0220728481921885,2086.21391858393,1.00010429611588
"log_lik[566]",-0.29846018342817,0.00158207048786195,0.0981797965741526,-0.494122489321906,-0.361816465071813,-0.294844812115854,-0.229078390969089,-0.12023899284038,3851.169179906,0.999798071462109
"log_lik[567]",-0.485797517600218,0.00287780312514488,0.169988787495402,-0.825389303183345,-0.600834573249798,-0.482742511524835,-0.363872759007181,-0.166330978582464,3489.13997504289,1.00052522227572
"log_lik[568]",-0.222789268949422,0.00238314301072751,0.117522354803555,-0.501482347702259,-0.294413291727185,-0.202188597843307,-0.134487898354395,-0.0499244467942797,2431.87226684536,1.00069562860241
"log_lik[569]",-1.55296884315519,0.00560494736041031,0.400491872411104,-2.48182921915768,-1.78740430212251,-1.51029967435106,-1.26291442859469,-0.906972242637712,5105.57120446325,0.99986969054986
"log_lik[570]",-0.271291708208382,0.00375387180958079,0.178006237649098,-0.716125761744615,-0.368474774927911,-0.232428990006345,-0.134907175109601,-0.0350785680088738,2248.59668601146,1.00077775095931
"log_lik[571]",-0.217312341835877,0.00231708439562611,0.107247794645142,-0.486075868409629,-0.27507483305095,-0.19773683229038,-0.138451957901256,-0.0644269382001441,2142.36288566836,1.00141580374838
"log_lik[572]",-1.43268843136475,0.00473519992970219,0.337863534772295,-2.21435887002476,-1.63129593586327,-1.39492839046476,-1.18971057519833,-0.885465045292458,5091.03405055233,0.999848362341709
"log_lik[573]",-0.441849865511869,0.00130239753463867,0.0873261376300842,-0.608010077648543,-0.499941029331135,-0.442201251696129,-0.383631873741193,-0.268168197866996,4495.74192833715,0.999765496133205
"log_lik[574]",-0.122142008337021,0.00423086059230152,0.152893589641796,-0.586561299514091,-0.159068412384007,-0.0637936396054897,-0.0224871575084792,-0.00195464733808077,1305.93368271145,1.00229577251984
"log_lik[575]",-0.350641601762888,0.00314677523207217,0.163017469923904,-0.739176749341384,-0.445783740516405,-0.327264988415348,-0.22979896406213,-0.100868783554944,2683.71782365384,1.00066672683636
"log_lik[576]",-0.330826851181189,0.00173978100567245,0.101605720172908,-0.547960158590955,-0.397165171881087,-0.322918860914652,-0.257856376242563,-0.153308682763488,3410.72847315945,1.00033119684492
"log_lik[577]",-0.17837472264283,0.00249398375794777,0.108158099044826,-0.464978270572374,-0.231327715821827,-0.153248133188691,-0.0997419624548076,-0.0387314893831999,1880.74904358246,1.00167773338095
"log_lik[578]",-0.427008047451725,0.00252069382207242,0.102777743009215,-0.650918461983419,-0.47861449232388,-0.418170560813914,-0.360318852153541,-0.25994708764869,1662.48585476267,1.00411733678826
"log_lik[579]",-0.595812514971734,0.00192727610809091,0.120126454024466,-0.847168082112648,-0.670756669090463,-0.588023202213602,-0.513557798447153,-0.372861408737649,3884.9858353321,1.000206241161
"log_lik[580]",-0.101779673958709,0.0029180584473176,0.109397174327216,-0.42189961094062,-0.140584155130582,-0.0623480255990379,-0.0258669256485803,-0.00321091294075234,1405.47859675464,1.00199022911809
"log_lik[581]",-0.418643650801997,0.00282665374831628,0.158209354905324,-0.771118808266509,-0.517682231688211,-0.403374341063702,-0.305124340344233,-0.154826139225069,3132.70206940158,1.00045154563882
"log_lik[582]",-0.295484922450491,0.0019326451914176,0.106925629640423,-0.531916976445946,-0.362850156354217,-0.284820554131458,-0.217752890436419,-0.115661762743936,3060.97210333537,1.0004754076379
"log_lik[583]",-0.263188721153951,0.0035414411624583,0.159235109857582,-0.679734766077785,-0.340538438668106,-0.228602177156916,-0.14680775112622,-0.0550435405244685,2021.70414753225,1.00133682202391
"log_lik[584]",-0.851772365742866,0.00245474105708529,0.17845628298077,-1.25931025331765,-0.950214735142996,-0.83434704437423,-0.729020164733532,-0.564286444428307,5285.0890936305,1.00010296766487
"log_lik[585]",-0.999011954631459,0.00194265945931065,0.134253164561502,-1.30177858712151,-1.07635004099732,-0.986666143092768,-0.905230738907915,-0.774308617453417,4775.90532248824,0.999661683381166
"log_lik[586]",-0.809610830282331,0.00437950745752414,0.156091828050988,-1.13629192188885,-0.902040293245033,-0.805910611606345,-0.71121725168174,-0.514182042647421,1270.31022331627,1.00246610080559
"log_lik[587]",-0.271979067861705,0.00213746339030409,0.115990557671216,-0.528279086472887,-0.34747658789637,-0.259175615208847,-0.185127521250406,-0.0821937763003461,2944.74642300698,1.00036869662184
"log_lik[588]",-1.18735843127185,0.00339943789820473,0.245330518301964,-1.77678941609923,-1.32309552730822,-1.15088277579574,-1.01284296404664,-0.823195625427552,5208.21530151336,0.999684320580531
"log_lik[589]",-0.411156287764514,0.00158900554220147,0.101675727312683,-0.600099047254507,-0.480477835259974,-0.41247164045129,-0.341320143834003,-0.205180972706612,4094.33855965244,0.999841707265157
"log_lik[590]",-0.821119999057389,0.00217969823428168,0.152576130610602,-1.16719315822401,-0.912206416813924,-0.810634627031636,-0.716050531736748,-0.559713163008236,4899.82364209353,1.00009610505749
"log_lik[591]",-0.432393720064971,0.00272161445260728,0.152506594844437,-0.774963591036632,-0.526838154931433,-0.417708711334367,-0.323417843615756,-0.17395175873667,3139.95947895486,1.00046802024032
"log_lik[592]",-1.74466693218308,0.00912176682196133,0.647189691868591,-3.23161017594,-2.12735978802029,-1.67325688955529,-1.28094765789569,-0.709322548652574,5033.90772455683,1.00002097252822
"log_lik[593]",-0.31565443121484,0.00179743297062786,0.0996645214038934,-0.535663897928778,-0.377877556819907,-0.307354744026873,-0.243930365202242,-0.146940304936142,3074.50896422789,1.00063306599036
"log_lik[594]",-0.351511557564407,0.00168700752953205,0.103063902984568,-0.561065016419448,-0.42057369888486,-0.346574893720663,-0.278094707943332,-0.162790427248318,3732.32220023993,1.00008129524774
"log_lik[595]",-0.150676730607676,0.00269846864702676,0.114219227146918,-0.45677241727854,-0.206198822894379,-0.118777144169149,-0.0664881871567768,-0.0169162385508257,1791.61084046763,1.00138854604357
"log_lik[596]",-0.370911911597597,0.00153300105361842,0.0945644339494924,-0.565702002727348,-0.432691614363425,-0.366462668548359,-0.304511085109167,-0.198358058759893,3805.14094405742,1.00018580297164
"log_lik[597]",-0.679988817914979,0.00231746791653422,0.157660249582193,-0.975682181531864,-0.78431570176054,-0.69539793634158,-0.582615792715189,-0.344313566982842,4628.25158631143,0.999677547877518
"log_lik[598]",-0.615513339457671,0.00292370037014025,0.192782481673405,-0.959955958586357,-0.752940903890191,-0.639870546312806,-0.485548811935431,-0.21759750922303,4347.79849394171,0.999749740520363
"log_lik[599]",-0.68141474202558,0.00197419732149423,0.1357578667043,-1.0238221827362,-0.745924908342357,-0.658981185534932,-0.594060960832041,-0.461335730045573,4728.77764298463,0.999941993298062
"log_lik[600]",-0.853427390242518,0.00211440472565243,0.120276802944335,-1.13578257741601,-0.912966947162195,-0.842556235021371,-0.78215001463012,-0.630572059682109,3235.84350614547,1.00049874054412
"log_lik[601]",-0.803741545513012,0.00361285593886082,0.256348680137703,-1.48432122199195,-0.909977478478732,-0.732736975733245,-0.629926473781112,-0.480373003163622,5034.55259562023,0.999902858604785
"log_lik[602]",-0.641397198411346,0.00163011805390457,0.107676300854248,-0.895926395821085,-0.694645764802545,-0.630087159976757,-0.576974010214937,-0.446366225547228,4363.17005301485,1.00000863927447
"log_lik[603]",-0.67278029634581,0.00243432409154333,0.165419283476148,-0.975653666219205,-0.782555003382055,-0.691728187843372,-0.574320892454198,-0.315300042275706,4617.59114247839,0.999726152644473
"log_lik[604]",-0.545573641055909,0.00149740782862096,0.0915142228211386,-0.728807631589611,-0.599470515419939,-0.548528963491537,-0.491868019584288,-0.359373126240708,3735.05492838221,0.999584255991568
"log_lik[605]",-0.473883377293558,0.0020366497335322,0.116657045699621,-0.690456624150674,-0.554377403632659,-0.479378918502818,-0.393259385923753,-0.24293974567795,3280.87178209494,1.00024721040633
"log_lik[606]",-0.937872611705258,0.00627971131799296,0.440058720709767,-2.12000162978732,-1.07675705418483,-0.791334690900745,-0.650079061853984,-0.489340309125511,4910.68305620997,0.999977116070155
"log_lik[607]",-0.602962625479763,0.00170607251077721,0.0957904906586933,-0.794091154072278,-0.660671561468134,-0.606512988683585,-0.545362537693454,-0.402159661755966,3152.4617423902,1.00061322026034
"log_lik[608]",-1.01297677011206,0.00337740412157238,0.194335736887772,-1.49596336565507,-1.11302789308788,-0.973714832382678,-0.871929814567928,-0.738096839495034,3310.84831982946,1.00149793681442
"log_lik[609]",-0.798409092107083,0.00408063586071249,0.258880661726004,-1.43421216528286,-0.920198463171018,-0.738825952735854,-0.615751930665257,-0.441711897158849,4024.79288337438,1.00063589710238
"log_lik[610]",-0.615464836645241,0.00181317522590633,0.100419155751299,-0.816606579310988,-0.676300925968988,-0.617196397170838,-0.553511540128826,-0.408234543842885,3067.28110057674,1.00064285465737
"log_lik[611]",-0.411030086390964,0.00234990926840793,0.129047486924441,-0.641135363673336,-0.509064257630611,-0.418818971240881,-0.31873807701517,-0.154888256105235,3015.7609584816,1.0010180796154
"log_lik[612]",-0.734860461515993,0.00267180595704073,0.151297743316847,-1.07038207583477,-0.821677844357332,-0.731364108176825,-0.639205207381371,-0.451456899429842,3206.67593862429,1.00035064267239
"log_lik[613]",-0.969288753613189,0.00284102418094022,0.158719885398735,-1.35189135399401,-1.05484136986353,-0.94339627325011,-0.85679720685868,-0.734010478252831,3121.1369282167,1.00149081896018
"log_lik[614]",-0.353238895521856,0.00304334714012371,0.155840572644879,-0.629381262742709,-0.473778123841359,-0.356482224085903,-0.23091048036095,-0.0727639042804881,2622.15333712205,1.00097896046679
"log_lik[615]",-0.6984502720654,0.00314204516244888,0.158652000383118,-1.04413213893586,-0.796777830573755,-0.69077062357677,-0.58947131117899,-0.42172415356159,2549.56599702168,1.00049931802981
"log_lik[616]",-0.807480938928305,0.00225337108080255,0.123174113787243,-1.10636069229641,-0.867644054125113,-0.789461444308571,-0.729269414349966,-0.608962103512086,2987.95092220752,1.00059383253125
"log_lik[617]",-0.643152696689615,0.00211811892348722,0.129716995210842,-0.946527705618145,-0.707089154800924,-0.629768169905772,-0.563820165461904,-0.411989354584728,3750.5337640591,1.00048098459201
"log_lik[618]",-0.798409092107083,0.00408063586071249,0.258880661726004,-1.43421216528286,-0.920198463171018,-0.738825952735854,-0.615751930665257,-0.441711897158849,4024.79288337438,1.00063589710238
"log_lik[619]",-0.458066234545314,0.00183777410982862,0.104294267330654,-0.645770032699643,-0.534485249763671,-0.463990727062879,-0.387178155901213,-0.247214659315412,3220.59872809042,1.00109413060045
"log_lik[620]",-0.637938440215562,0.00204352209470975,0.123660179923898,-0.917298971995207,-0.700235863107565,-0.62747014840505,-0.562141079322979,-0.41074002057188,3661.85440431806,1.00048817297823
"log_lik[621]",-0.600909624516737,0.00169170366229041,0.0942268896244392,-0.785076311463014,-0.658284400549642,-0.605299837176579,-0.544623284787896,-0.401613416954688,3102.42386212819,1.0006379776182
"log_lik[622]",-0.353886649141444,0.00303123303672562,0.155312891148434,-0.629381767341285,-0.47384862097582,-0.357209093516744,-0.232089407603533,-0.0738469839381786,2625.28439572171,1.00098311685409
"log_lik[623]",-0.45128269647269,0.00192810608874543,0.109845030853468,-0.645702412313875,-0.532520974875069,-0.459095430148932,-0.375814779664739,-0.22678670681688,3245.62976981461,1.0010643334255
"log_lik[624]",-0.673888251862826,0.00242192799140744,0.146312580004399,-1.01252597628874,-0.75016562995909,-0.656337186560864,-0.579270963819795,-0.419884805958267,3649.56315855124,1.0005528280228
"log_lik[625]",-0.350498338950699,0.00303380402232807,0.154322051669454,-0.626838601059494,-0.469029638937957,-0.352023575164927,-0.227375958186846,-0.0762377395061161,2587.50341349762,1.00102704541923
"log_lik[626]",-0.478463371549527,0.00232937990304054,0.126302645228476,-0.684479646060367,-0.563514305604836,-0.4910286432334,-0.399929889108951,-0.21686244552875,2939.97910759827,0.999907048200292
"log_lik[627]",-0.82549377753956,0.00178810449247057,0.108483437589416,-1.09538884859445,-0.878376299525613,-0.808906758604012,-0.758617885392517,-0.644453939893913,3680.790407403,1.00058792500435
"log_lik[628]",-1.01976836490664,0.00404204728851207,0.241143729362505,-1.62704912641707,-1.13641041676801,-0.964117264158469,-0.849947924856308,-0.707155002549041,3559.17355648242,0.999814179442976
"log_lik[629]",-0.638954811546702,0.00210316192133663,0.132698128868535,-0.949662151560338,-0.696825645876611,-0.621807179763282,-0.563564347242592,-0.42440802344192,3980.92667156202,1.00080493300032
"log_lik[630]",-0.538103415644697,0.00150520234277952,0.0832635758743412,-0.696874626740377,-0.58987991977351,-0.542766075087193,-0.486853077501642,-0.361463643890593,3059.99238345358,1.00019184191979
"log_lik[631]",-0.655887457263345,0.00230521571800001,0.147141667973203,-1.01492170547389,-0.71986861081907,-0.63185936532373,-0.570402559580579,-0.427633804585456,4074.25498295507,1.00059528088883
"log_lik[632]",-0.701607794662074,0.00311921211756081,0.190863882683901,-1.03779438400377,-0.811598506962201,-0.724413204413006,-0.592271875905836,-0.302749308349685,3744.18836967796,1.00046621048563
"log_lik[633]",-0.540207102331071,0.00155588243092225,0.0851127912360791,-0.700074241210922,-0.593218988074035,-0.547131310441944,-0.489023014596219,-0.357270153857332,2992.51346326927,1.00007714325417
"log_lik[634]",-0.603548796037782,0.00139498939947821,0.0901591308408145,-0.785678617689153,-0.656469716811401,-0.604336149794476,-0.55070951354593,-0.417366474979731,4177.12640583707,1.00040578473175
"log_lik[635]",-0.617799222882666,0.00149701091142877,0.0983852190027581,-0.825377046784245,-0.67549521555731,-0.615261287668355,-0.55935704190907,-0.424396684684607,4319.26431908465,1.00017755779251
"log_lik[636]",-0.527944668691924,0.00161137450792435,0.0892379874376059,-0.694135796481465,-0.585463977542727,-0.533259299419767,-0.471628098824342,-0.339807068129322,3066.94901831145,1.00004848737352
"log_lik[637]",-0.58964127726791,0.0013041807260428,0.0828718748332406,-0.753287947378066,-0.638997562655774,-0.594526521731247,-0.541290728477785,-0.411210653209086,4037.74392997834,1.0002294642851
"log_lik[638]",-0.933977719739903,0.00321799001180163,0.176978268578354,-1.36127075363863,-1.01149439867481,-0.896928629970944,-0.820279578268733,-0.69439777029434,3024.61777727083,0.999885413692583
"log_lik[639]",-0.606567895387029,0.00144236723442497,0.0932761142173383,-0.800255721428658,-0.659769419156951,-0.605956472750874,-0.552009497476812,-0.418195936019388,4182.04974864029,1.00053636165037
"log_lik[640]",-0.726565753792423,0.003757872323148,0.237254562585629,-1.34240882771258,-0.805351848854909,-0.662829157463719,-0.587252376671617,-0.437319816148727,3986.07168738778,1.00035761615971
"log_lik[641]",-0.892904525043725,0.00241399546367549,0.128317611374288,-1.21313202436482,-0.958278824593075,-0.872483640194033,-0.809118689428468,-0.689293242590921,2825.52812125602,1.00016362011377
"log_lik[642]",-0.489880682553505,0.00185705053700357,0.113619262610951,-0.687539246610824,-0.569254336978717,-0.503077559308205,-0.418068891688626,-0.235804267290027,3743.31597397358,1.0000385428029
"log_lik[643]",-0.515376965851551,0.0014746830764339,0.090232139802857,-0.69056276960081,-0.575457040404026,-0.519179925925244,-0.455052471051414,-0.336173664271951,3743.90758902282,0.999978416953084
"log_lik[644]",-0.704132724569288,0.00231640585417523,0.161909374986478,-1.1070658490405,-0.781975898634395,-0.671734531940773,-0.595821133388722,-0.45872988373381,4885.56375332744,1.00067123608113
"log_lik[645]",-0.893658336344365,0.00200736512851762,0.127059065265444,-1.19059601680175,-0.961881420074349,-0.875073904928033,-0.809072592175391,-0.6842627159361,4006.43924415837,1.00000805278131
"log_lik[646]",-0.750703620996814,0.00205697275815214,0.136258896864048,-1.02614149995947,-0.827851191662806,-0.759919145456704,-0.678933513880892,-0.446296074299414,4388.0610085452,1.0013786545619
"log_lik[647]",-0.710510864456877,0.00231237415095537,0.148101716561154,-1.00416146498789,-0.805535213131584,-0.723385076212106,-0.619943177391446,-0.393676308820002,4102.07855183762,1.0011187354338
"log_lik[648]",-0.496197837956778,0.00173619624082687,0.106762312481376,-0.688005517174665,-0.570735437525526,-0.505533555563248,-0.426370634894752,-0.264786018365745,3781.27550213456,0.999954942517077
"log_lik[649]",-0.910357561891121,0.00215665533155836,0.131633133615247,-1.20961335488144,-0.984755897421103,-0.894141720574209,-0.822411996316313,-0.687579727747424,3725.36605884638,1.00038510877409
"log_lik[650]",-0.54888446934105,0.00123019619369283,0.0801067865826066,-0.710393036280428,-0.597054848303598,-0.552155061728528,-0.501251196226502,-0.382563062858588,4240.23438532605,0.999993297201764
"log_lik[651]",-0.914007470472497,0.00240667947271982,0.153724165744938,-1.30042172494841,-0.984584918291805,-0.884809431119619,-0.813509961230377,-0.685735273665422,4079.88368817665,0.999773739740748
"log_lik[652]",-0.452723363995022,0.00232548052529571,0.134087375126584,-0.677221975776453,-0.551808083613119,-0.468571227265199,-0.361872060426926,-0.166493019805325,3324.68393296943,1.00022807690761
"log_lik[653]",-0.87823685740029,0.00489555659906565,0.345618081295271,-1.79535943534403,-1.02800861337588,-0.773035872595579,-0.632095777413594,-0.481355247871447,4984.12307340378,1.00023025962656
"log_lik[654]",-0.465192959727456,0.00209770373780142,0.125081375875791,-0.679474121096844,-0.556317722815315,-0.478546267236337,-0.382036585100049,-0.196460287062815,3555.46981077368,1.00011531020818
"log_lik[655]",-0.711812785977118,0.00241236280071423,0.154325190328009,-1.00840154289906,-0.80865777476264,-0.728892342821077,-0.624147249885101,-0.366089296708778,4092.497253986,1.00125648570473
"log_lik[656]",-0.766180806679021,0.00354005389702734,0.245065657768293,-1.43290348275422,-0.858411430846287,-0.699200809654333,-0.605830116875151,-0.465562933795165,4792.31286509695,1.00072992778167
"log_lik[657]",-0.648081623091469,0.00167003498319902,0.115691745216913,-0.924778998477499,-0.704542199283852,-0.632113437863419,-0.576428193541198,-0.445150514515785,4799.03157803056,1.00111266625123
"log_lik[658]",-0.727334161165095,0.00209325265154407,0.137116992343365,-1.01031016134661,-0.811338651620833,-0.734323939137849,-0.644013230100303,-0.441880862904086,4290.80973110508,1.00111696592723
"log_lik[659]",-0.810796416601078,0.00177532738965676,0.110633463186722,-1.07297276657303,-0.861355825077447,-0.796266248790726,-0.744730346112266,-0.629262597197866,3883.43560478926,0.999760991738576
"log_lik[660]",-0.721009137124194,0.00271054660834093,0.189513957309018,-1.22076011970283,-0.799443119743448,-0.676245128402249,-0.597365764792179,-0.458729986114739,4888.42145842605,1.00082997559584
"log_lik[661]",-0.486468968349332,0.00183699502740527,0.111894477185739,-0.685977727306994,-0.565038397449156,-0.497255169373917,-0.413337335260475,-0.244948502905922,3710.23434637454,0.999991804006296
"log_lik[662]",-0.749752925983972,0.00304844292622682,0.215383428051779,-1.31244501014155,-0.840099232944601,-0.695394300442973,-0.605310240229322,-0.465560259586231,4991.92938141847,1.00064536153777
"log_lik[663]",-0.614831490291972,0.0015205627032399,0.0930725436148912,-0.809052692972952,-0.667902703312608,-0.614169173136919,-0.559937537452525,-0.425289422423517,3746.57558413309,0.999987296952346
"log_lik[664]",-0.876860973446393,0.00185186992111581,0.113908844984222,-1.15531208562885,-0.934629828531818,-0.858572937396588,-0.802708268085146,-0.691483933933939,3783.50176532082,1.00020825620593
"log_lik[665]",-0.54822417948531,0.00120154667699744,0.076413788059082,-0.695428393711412,-0.595774483497166,-0.553807613348277,-0.503232092604439,-0.38281037641856,4044.47509616008,1.00025070825742
"log_lik[666]",-0.876463730968579,0.00186364334467385,0.112353528871009,-1.15076540684947,-0.932605198197374,-0.858427079669172,-0.805076396889636,-0.695092444683261,3634.52641590359,1.00029639526989
"log_lik[667]",-0.454766250974033,0.0022774413154233,0.128762721617511,-0.658838748732606,-0.550330300651122,-0.4720905229448,-0.372734596355042,-0.16936301825544,3196.58241016773,0.999674147006569
"log_lik[668]",-0.699281980551028,0.00275971933551157,0.17141206433612,-1.12958423729173,-0.776225779315134,-0.66563710405158,-0.590193103390982,-0.441720206018333,3857.91751261933,0.999452711530797
"log_lik[669]",-0.742014795261372,0.00240128121485137,0.138347183735892,-1.03966219527188,-0.820369437459895,-0.744943849578186,-0.658142399106384,-0.467026229872214,3319.36185477363,0.999915959332303
"log_lik[670]",-0.821881312145114,0.00482670870867889,0.306173197938088,-1.63157034383795,-0.945560722518506,-0.735075685110652,-0.617064866229995,-0.45765359090506,4023.76085001748,0.999270147310616
"log_lik[671]",-0.991478510695163,0.00376462830020737,0.2281558504332,-1.5708997129093,-1.08131747308853,-0.935102624789423,-0.840669862565733,-0.716291104877536,3672.98380743523,0.999630708768529
"log_lik[672]",-0.485321378327309,0.0018044772292839,0.10546035647477,-0.666998757868799,-0.561402256855451,-0.4958209245436,-0.41430982096561,-0.263052555779534,3415.66805376776,0.999766691487514
"log_lik[673]",-0.777628725390828,0.00202875117317301,0.118181633117649,-1.05284058554717,-0.838092930463148,-0.769492444549899,-0.703497866560603,-0.567654492156127,3393.45743580158,1.0001275643744
"log_lik[674]",-0.515262479708158,0.00160819285287305,0.096715194187927,-0.680914933383101,-0.581820240817096,-0.527428873074581,-0.456967268528236,-0.300252905044069,3616.70561905925,0.999998464123939
"log_lik[675]",-0.699281980551028,0.00275971933551157,0.17141206433612,-1.12958423729173,-0.776225779315134,-0.66563710405158,-0.590193103390982,-0.441720206018333,3857.91751261933,0.999452711530797
"log_lik[676]",-0.523767973302706,0.00132672083070776,0.083618125135456,-0.679158480863559,-0.580724858349043,-0.529936542200523,-0.468395160492934,-0.3505759803771,3972.29739387989,1.00005598109454
"log_lik[677]",-1.08894796039773,0.00489637824536126,0.304277595398409,-1.87869040924001,-1.22223093529538,-1.00786571771917,-0.873405919622914,-0.737383907887903,3861.80225356009,0.999353822810925
"log_lik[678]",-0.531071716885371,0.00129474837164675,0.0823914254660967,-0.684635475311099,-0.585982463188274,-0.538743712909208,-0.477633849075272,-0.356982683419448,4049.42431649322,1.00010955010122
"log_lik[679]",-0.513541411821043,0.00151897506064307,0.0925502510273161,-0.67759392377797,-0.57790698544539,-0.523105412857664,-0.454379296373778,-0.317184966884918,3712.39274443465,0.999957598026621
"log_lik[680]",-0.624842601009566,0.00173769136792062,0.10513128999756,-0.858858685045782,-0.677824703515125,-0.618286346406291,-0.562591841597725,-0.427000677124633,3660.31700348341,0.99984030872788
"log_lik[681]",-0.520757734691158,0.00148609529183974,0.091197835716094,-0.682294049885497,-0.583458132536527,-0.530501134548402,-0.463335861089218,-0.325035962976397,3765.96038460836,1.00002972449088
"log_lik[682]",-0.425413553159811,0.0025396185951658,0.138778462904815,-0.649888558076437,-0.533013368799532,-0.439160855601306,-0.327177408154849,-0.143451401353105,2986.11926453505,0.999587024427175
"log_lik[683]",-0.77320861962728,0.00208304219870894,0.121645520096389,-1.05237053359854,-0.836457161088044,-0.767408950750344,-0.698881393065741,-0.548612126179023,3410.3276249889,1.00010363390107
"log_lik[684]",-0.544367607397233,0.00359223170812609,0.172978095866545,-0.839788049081949,-0.681902074189518,-0.55333997585793,-0.415102162509018,-0.211015783379052,2318.74793510517,0.999968690616959
"log_lik[685]",-0.502457632127594,0.00261985402890666,0.138523398746688,-0.780782428869148,-0.591546817243537,-0.508468929587706,-0.40656028027701,-0.240431522787842,2795.70979941734,1.00033879329644
"log_lik[686]",-0.742236939854004,0.00244902776963562,0.137018332866802,-1.07626210150242,-0.815835007380787,-0.715357893552669,-0.644862982404635,-0.545416537695346,3130.18451627965,0.999786300521953
"log_lik[687]",-0.625937968595777,0.00257731080506832,0.133047090975947,-0.855239869419383,-0.723603475058307,-0.636633572576428,-0.53581621916192,-0.351363368040352,2664.87705585087,0.999927350947655
"log_lik[688]",-0.528212730495575,0.00395348756461038,0.187351258688926,-0.839592052624004,-0.678216716251293,-0.542089220492417,-0.386531142066151,-0.16565918234359,2245.70381183699,0.999982379109689
"log_lik[689]",-0.776959246297887,0.00283676866716933,0.159350252733576,-1.16088106600558,-0.863574633029816,-0.746278764519185,-0.661222984543178,-0.553433294125642,3155.42360774204,0.999762228242382
"log_lik[690]",-0.675631750168786,0.00198524299015452,0.106265137158211,-0.868175353323248,-0.749229426683795,-0.682460436126177,-0.60731925684816,-0.451711033776275,2865.19557518859,1.000112592418
"log_lik[691]",-0.81392153610608,0.00204732567817048,0.115801342691139,-1.04569614926371,-0.886015647074779,-0.815878574829431,-0.742715448302645,-0.57692489754232,3199.28789581274,1.00055472051603
"log_lik[692]",-0.737136345399302,0.00236264588511949,0.131869225104708,-1.05679879612562,-0.807837535369993,-0.712488346867183,-0.643506227444447,-0.544563187046082,3115.22658207083,0.999823003575223
"log_lik[693]",-0.926343417767992,0.00369399865795373,0.216382361979186,-1.46941026110242,-1.02641518263492,-0.880768868310731,-0.786025054174467,-0.598418182802702,3431.23329660071,1.00020318250334
"log_lik[694]",-0.621333316099866,0.00167700730927664,0.0927338812315779,-0.841397612985759,-0.665017176308961,-0.603822914745244,-0.56065518172338,-0.481356296103756,3057.78511886311,1.00035971449948
"log_lik[695]",-0.665139287491969,0.00210755975353969,0.112986574227621,-0.867727074356642,-0.745381664773944,-0.674173008396099,-0.590267714657564,-0.427046316415603,2874.0471506028,1.00001230411337
"log_lik[696]",-0.839571668993437,0.00243811412858796,0.140816184213788,-1.1518684863793,-0.914045548314582,-0.82892475867425,-0.752693656922382,-0.58433458228335,3335.77754781509,1.00043966291106
"log_lik[697]",-1.11914861028729,0.00641958723127448,0.380927654138679,-2.09471715260839,-1.32041415278644,-1.01589046524044,-0.841128746804222,-0.631622567773592,3521.03867436618,1.00004558193425
"log_lik[698]",-0.58509168103539,0.00185352585656689,0.104253526448159,-0.815906696964087,-0.63920431060775,-0.577562028837103,-0.519692853230807,-0.401121717375483,3163.61925994895,1.00040626052311
"log_lik[699]",-0.580999581400361,0.00313572222682511,0.155711662028426,-0.8435494463575,-0.699497435776972,-0.592982653267666,-0.468801742851366,-0.270420665156995,2465.85259614698,0.999932053552209
"log_lik[700]",-0.839985661807164,0.00229764068853412,0.131976862709288,-1.12095791212411,-0.918736420786259,-0.834056550186863,-0.758380437327071,-0.589145524430892,3299.37267768414,1.00049481491565
"log_lik[701]",-0.628219913744901,0.00253164806060994,0.131065371290504,-0.853943412249276,-0.724225106481709,-0.638348853475281,-0.539098319264255,-0.360068366941305,2680.21270098102,0.999935339426319
"log_lik[702]",-0.502457632127594,0.00261985402890666,0.138523398746688,-0.780782428869148,-0.591546817243537,-0.508468929587706,-0.40656028027701,-0.240431522787842,2795.70979941734,1.00033879329644
"log_lik[703]",-0.715146653900601,0.00212898730510984,0.118109514612368,-1.00175694661242,-0.77685782757213,-0.693655101978884,-0.631958466713083,-0.54040864695079,3077.68115874232,0.999894079409009
"log_lik[704]",-0.51629429921881,0.0024563431840429,0.131589210680034,-0.786677054991546,-0.598749113149929,-0.520572901206168,-0.426108945354587,-0.268342261347766,2869.87166794751,1.00034972239095
"log_lik[705]",-1.11914861028729,0.00641958723127448,0.380927654138679,-2.09471715260839,-1.32041415278644,-1.01589046524044,-0.841128746804222,-0.631622567773592,3521.03867436618,1.00004558193425
"log_lik[706]",-0.792088213121827,0.00188944391076431,0.105780894045341,-0.990664302393752,-0.860908492522097,-0.800390727940838,-0.728714663155734,-0.56759442153486,3134.34254866272,1.00057521984098
"log_lik[707]",-0.81392153610608,0.00204732567817048,0.115801342691139,-1.04569614926371,-0.886015647074779,-0.815878574829431,-0.742715448302645,-0.57692489754232,3199.28789581274,1.00055472051603
"log_lik[708]",-0.598901113656703,0.00173298410000056,0.0968694060892171,-0.826291088275087,-0.647994530337592,-0.585423373819464,-0.535577153171157,-0.442437500018848,3124.52582020075,1.0004221497507
"log_lik[709]",-0.612561844059125,0.00272023545396808,0.138834173848491,-0.850506763873491,-0.71558241004681,-0.622762574529795,-0.516100975543155,-0.331814727503005,2604.83229256647,0.999928289430216
"log_lik[710]",-0.589526282895094,0.00295979744184342,0.148165324969921,-0.844109642482409,-0.701484324366164,-0.59906265993931,-0.482741122921069,-0.298528802887577,2505.93138170246,0.999944990331382
"log_lik[711]",-0.227748703299265,0.00622406087652532,0.167967203066948,-0.58677093526551,-0.34222120967009,-0.194600786208569,-0.0849252406467744,-0.00866422852358085,728.284920169857,1.00149018306636
"log_lik[712]",-0.33307534412535,0.00476751537564923,0.137490713535974,-0.605015704668192,-0.427020305629418,-0.32770499106264,-0.229707115722191,-0.0870131309093375,831.692005545473,1.00102704455344
"log_lik[713]",-0.649536850027894,0.00494977527669896,0.274689951936116,-1.10170257364474,-0.849688800634366,-0.696863528071041,-0.454106772705028,-0.0867699666544179,3079.7437499005,1.00092755343918
"log_lik[714]",-0.462073291179329,0.00743983868160189,0.22306376414517,-0.926563866650247,-0.615692949786881,-0.444068369464444,-0.292123164617093,-0.0874378157443291,898.940641336831,1.00224412251014
"log_lik[715]",-0.0950479956394381,0.00692586278427327,0.146847158216807,-0.538627291101535,-0.114115054867574,-0.0255701390999053,-0.00385995506202827,-2.70401776141974e-05,449.555512000067,1.00285558848085
"log_lik[716]",-0.416485210105767,0.00453615192641818,0.168202003534091,-0.823109528172092,-0.483560042460495,-0.396892567441168,-0.318173986146836,-0.175061712239337,1374.95076128531,1.00003506974221
"log_lik[717]",-0.33180491747936,0.0048768805248632,0.127445557083602,-0.595594516418878,-0.413536133850484,-0.323914036014751,-0.239770949798485,-0.106950662877955,682.912665726407,1.00128708279891
"log_lik[718]",-0.49142354129639,0.00456738538044904,0.242287537401589,-1.17293122539576,-0.544074809490802,-0.44304664605943,-0.360588956718428,-0.220861630485972,2814.01777733868,0.999554103530353
"log_lik[719]",-0.108562412389237,0.00694832849675857,0.151196248399634,-0.547130005787941,-0.143894975705467,-0.0384585365102656,-0.00708624430999799,-8.56308007459462e-05,473.501485244326,1.0026406756333
"log_lik[720]",-0.21236598687204,0.00633768128053969,0.144436450625698,-0.567738543289623,-0.289253428364158,-0.1812686342661,-0.101708304506904,-0.0194406725982646,519.389092935754,1.00194223774046
"log_lik[721]",-0.634537140499162,0.00222185102862819,0.125817384383193,-0.921779764176287,-0.698382359458998,-0.625079693887147,-0.556453220881516,-0.407041334920447,3206.64904749448,1.00093261694585
"log_lik[722]",-0.903355129305416,0.00270029307588298,0.130058459890185,-1.22901343174882,-0.969830365004814,-0.876467680593722,-0.814087740092138,-0.717616348370296,2319.82598223445,1.00262372817205
"log_lik[723]",-0.712219695819454,0.00388019415629532,0.234754212791605,-1.34385776683146,-0.783082104477086,-0.657033936451485,-0.578246217156248,-0.413485103593237,3660.32691063382,1.0002996059476
"log_lik[724]",-0.522216131023674,0.00179691832083879,0.0874004075682632,-0.669015137170446,-0.583254968044283,-0.534122499589267,-0.469257790300536,-0.319977576727532,2365.75759173885,1.00243811667997
"log_lik[725]",-0.65435595479123,0.00255616217311018,0.152787235749485,-1.03585413733887,-0.71991985727019,-0.633690383214401,-0.563635754538999,-0.406080740627933,3572.70649760363,1.00062549391778
"log_lik[726]",-0.794797844144661,0.00258867960585273,0.139741107480542,-1.10838462038266,-0.865816315916065,-0.781837354678524,-0.714349837444359,-0.540598105603847,2914.01482636623,1.00123187379165
"log_lik[727]",-0.536946687274382,0.00161148463238733,0.0795383049838173,-0.674211619408893,-0.590972919702077,-0.548289497432281,-0.489024115464753,-0.35978877375859,2436.12925218057,1.0027608557391
"log_lik[728]",-0.534009467477827,0.0015577517522929,0.0791020024816622,-0.670488318560538,-0.587976950243076,-0.544705601599129,-0.485619453733705,-0.359961092561973,2578.56722857415,1.00264017475472
"log_lik[729]",-0.680134985075614,0.00307003639020275,0.186045351002855,-1.16099816689752,-0.749854374042269,-0.645386364711706,-0.57152697717051,-0.410742711404028,3672.40523272887,1.00041635264976
"log_lik[730]",-0.502579572237001,0.00189629472592823,0.0949705147998995,-0.661693142984973,-0.570567400627041,-0.513775623086098,-0.443555712613768,-0.286966626391167,2508.22163726265,1.002051687806
"log_lik[731]",-0.458919532569142,0.00244400754564513,0.127647007705217,-0.655263143199192,-0.548108861675622,-0.475302479170818,-0.383911031317972,-0.173667734223935,2727.82303388607,1.00124512534275
"log_lik[732]",-0.572869742108381,0.00169330525331179,0.0831129354283249,-0.718813330210427,-0.628697619836841,-0.584979994178448,-0.521864231227999,-0.387100350536512,2409.16603080124,1.00255759227067
"log_lik[733]",-0.523258708148281,0.00164496432594397,0.0822750593913695,-0.66598471043341,-0.580899926331454,-0.532933898385888,-0.471341319503039,-0.341074592407628,2501.63210071464,1.00252541551555
"log_lik[734]",-0.913821791251605,0.00301169847356465,0.14312255968342,-1.28716271083492,-0.981613054882752,-0.881593818230419,-0.816535532122458,-0.717846282005817,2258.36020236722,1.00245833040307
"log_lik[735]",-0.615226819226381,0.00198647072965418,0.11517395720995,-0.873230898685159,-0.672384761812751,-0.611686151361615,-0.545948584035384,-0.40061453061656,3361.58608462872,1.001210865144
"log_lik[736]",-0.815109127995428,0.00244306855675315,0.129864761506473,-1.12079924199388,-0.879857254530607,-0.795816951638285,-0.736496385707694,-0.599448799812577,2825.60425679458,1.00162425243897
"log_lik[737]",-0.625303566099977,0.00224193387274242,0.134861203311901,-0.946055880834203,-0.680201928762517,-0.614134284870429,-0.54779792045816,-0.399461185315273,3618.49905438262,1.00092547166586
"log_lik[738]",-0.533247077775015,0.00168384801904225,0.0818865317894754,-0.674272998221751,-0.589678602538132,-0.544820281440171,-0.483143710425075,-0.350213199142655,2364.93481244382,1.00270511067499
"log_lik[739]",-0.965287556784622,0.00342735630463501,0.173823892949806,-1.40893584491517,-1.04986635629509,-0.928859621742712,-0.841340093961075,-0.730409795584313,2572.17452742358,1.00182055910039
"log_lik[740]",-0.6839386260237,0.00172596072276959,0.0985463202116237,-0.91352928359015,-0.732863431289952,-0.66922477345536,-0.621520923750178,-0.524424035908484,3260.01056393086,0.999579982190042
"log_lik[741]",-0.524566674385211,0.00379525306344419,0.177510078309458,-0.84500264104215,-0.661902327072515,-0.527337920322236,-0.389070581760064,-0.203096106174663,2187.58306264535,0.999943812545624
"log_lik[742]",-1.06686763534386,0.00560566849657064,0.328808108930949,-1.93690720624312,-1.20192316119411,-0.981023679726044,-0.838527421408704,-0.649953169394847,3440.56855914613,0.999715901287709
"log_lik[743]",-0.743822682077141,0.00230864646508116,0.132074445858695,-1.04318575668863,-0.818685362931129,-0.72526007420368,-0.648939572502803,-0.543023615565117,3272.82459276028,0.99975693612596
"log_lik[744]",-0.484531984090882,0.0024551573039607,0.127161201570032,-0.738338065761723,-0.572464024720881,-0.486090534553358,-0.396447257942474,-0.241964833599653,2682.56713788919,1.00017438495197
"log_lik[745]",-0.840427446412274,0.00184640291479986,0.10998194481879,-1.05412808998362,-0.910620944035854,-0.8417130172062,-0.772735637556089,-0.617225495243597,3548.05085473352,1.00021798519005
"log_lik[746]",-0.530614992703361,0.00382004295327359,0.179574209416564,-0.848459009548175,-0.669164862884564,-0.536897522390784,-0.394981866558847,-0.191674698206351,2209.7921871283,0.999864711377045
"log_lik[747]",-0.575706868962983,0.00148555589076094,0.0901467958647646,-0.782197263431472,-0.624674436219324,-0.568279636368495,-0.517790004816088,-0.420594268082132,3682.32908561239,0.999842675833334
"log_lik[748]",-0.99839178911485,0.00401134385641271,0.233863298718752,-1.56314194507994,-1.12077362886144,-0.955698232496485,-0.831065800884871,-0.649912016121564,3398.94673692388,0.999792835428528
"log_lik[749]",-0.422570956922947,0.00309763551557213,0.143003827881339,-0.713038441646121,-0.529993911403899,-0.411478552196768,-0.313755175502335,-0.174009247835214,2131.25146732183,1.00103025566223
"log_lik[750]",-0.524566674385211,0.00379525306344419,0.177510078309458,-0.84500264104215,-0.661902327072515,-0.527337920322236,-0.389070581760064,-0.203096106174663,2187.58306264535,0.999943812545624
"log_lik[751]",-0.823409445664553,0.00169017763598823,0.104400003494079,-1.02534575303704,-0.889582844892851,-0.82741066280627,-0.76053323445388,-0.608215877495288,3815.36704807773,0.999934790520498
"log_lik[752]",-0.767683029362828,0.00292837922093491,0.174042623461294,-1.19951820580413,-0.846926254949209,-0.727950131762831,-0.647480395586085,-0.540890485232895,3532.29209234402,1.0000079945578
"log_lik[753]",-0.507203365972944,0.00214854535257593,0.116031616634726,-0.746010311679997,-0.582270675335662,-0.507730074791124,-0.42915979127305,-0.290361141761253,2916.51111252665,1.0001272578184
"log_lik[754]",-0.595790373163283,0.00287465759253136,0.14774868786411,-0.858672044792013,-0.705518801189411,-0.603236313551565,-0.492977686974758,-0.303972177817363,2641.64844724502,0.999732555057949
"log_lik[755]",-1.21309385121746,0.00704724785585607,0.402803224658301,-2.1906962735367,-1.43443243384357,-1.13054269000282,-0.897883614608259,-0.674778540933626,3266.98232601042,0.999938257373104
"log_lik[756]",-0.411272722372232,0.00348156435385569,0.160968187132262,-0.717854292454246,-0.536805256653857,-0.410474385167958,-0.290175502742547,-0.122560892915185,2137.62367870055,1.00038733204829
"log_lik[757]",-0.588429713178426,0.00141459607315687,0.0854448469426091,-0.78842255035694,-0.631789493057355,-0.576893584263997,-0.532157837563514,-0.448319514049264,3648.43703852606,1.00003281201214
"log_lik[758]",-0.530614992703361,0.00382004295327359,0.179574209416564,-0.848459009548175,-0.669164862884564,-0.536897522390784,-0.394981866558847,-0.191674698206351,2209.7921871283,0.999864711377045
"log_lik[759]",-1.0074188506389,0.00420742630099881,0.245153326229554,-1.60392618257005,-1.13306485795446,-0.959167192063707,-0.831592788368306,-0.649937939346583,3395.02162840525,0.999771904460858
"log_lik[760]",-0.594936790360643,0.00289546778823382,0.14869915065779,-0.858671765159181,-0.705461114460172,-0.60303737536135,-0.49195615722309,-0.298811266344164,2637.42124500612,0.999733887721855
"log_lik[761]",-0.730100875928857,0.00214360123167298,0.120719713852306,-1.00320107991821,-0.797245521056154,-0.713701455633728,-0.645682429046528,-0.542103654864995,3171.52689670367,0.999709918886637
"log_lik[762]",-0.386955087334166,0.00378530696443877,0.169034341688138,-0.711695005930135,-0.520313624055273,-0.381456383232748,-0.255163097809444,-0.096907687406496,1994.10345309871,1.00051795075085
"log_lik[763]",-0.595790373163283,0.00287465759253136,0.14774868786411,-0.858672044792013,-0.705518801189411,-0.603236313551565,-0.492977686974758,-0.303972177817363,2641.64844724502,0.999732555057949
"log_lik[764]",-0.948933756532521,0.00322933163434899,0.188933993037249,-1.37830029971953,-1.0528435170754,-0.920952100696569,-0.817868267606504,-0.642938819046214,3422.90552741544,0.999839430216083
"log_lik[765]",-0.551879541527269,0.00136794728019305,0.0945636900884749,-0.75573625892305,-0.605003919053496,-0.550662144374454,-0.493947818990003,-0.366384410156371,4778.70368058615,1.00084143608329
"log_lik[766]",-0.674224505829573,0.00228666928204546,0.124143721736704,-0.916834881651736,-0.759842298800668,-0.674449486329362,-0.590197258702245,-0.436185350796197,2947.42529754226,1.00039599310923
"log_lik[767]",-0.561268545285573,0.00127217945506601,0.0880234142281973,-0.763545865584509,-0.60831612140517,-0.557299472624293,-0.505337655902814,-0.399063872422884,4787.3994360233,1.00090390017453
"log_lik[768]",-0.623181474070528,0.0027428969627846,0.160942948080565,-0.900760743162449,-0.745070264906447,-0.637876382991986,-0.50974319266871,-0.296674745685777,3442.90403261516,1.00080387869589
"log_lik[769]",-0.495350755478444,0.0018391737753017,0.117021445331943,-0.71728644010292,-0.575378304297498,-0.504107102195895,-0.416056856793169,-0.259859222038488,4048.41834469664,1.00125413302546
"log_lik[770]",-0.691295920553426,0.00206539836452632,0.128949469932803,-1.00677346425408,-0.752903437551948,-0.667090725564599,-0.605726579087006,-0.497524290620923,3897.90692648011,1.00012045821715
"log_lik[771]",-0.650670028748927,0.00273654970103442,0.166299137433435,-0.9205198945935,-0.767942119300621,-0.67587183089012,-0.550554886296331,-0.262797208791738,3692.94902401332,1.00056640758629
"log_lik[772]",-0.456984427369778,0.00224362128702352,0.125539634441274,-0.691549925945625,-0.546082141244821,-0.460023574211882,-0.36546283299054,-0.222623578160624,3130.85255740123,1.00168979404443
"log_lik[773]",-0.392835110225579,0.0029692043434181,0.163140932114385,-0.675876684416496,-0.521450231185829,-0.397510986260233,-0.265727830699458,-0.0954989548706656,3018.87898583417,1.00180682315944
"log_lik[774]",-1.06799592156062,0.00442092360700789,0.287431556049824,-1.78394247663834,-1.21270972142786,-0.997669645823222,-0.861062060081999,-0.692269484372138,4227.10339855689,1.00112532934951
"log_lik[775]",-0.600885651878835,0.0030002874570374,0.173421052449771,-0.895776039358804,-0.735093354538073,-0.617353762249814,-0.477234098057982,-0.252954688814687,3341.01097489032,1.00095362553891
"log_lik[776]",-0.534607815271674,0.00191041311262178,0.101467448897224,-0.754187972386624,-0.588746389259947,-0.529904372408541,-0.471112287459054,-0.361237597023964,2820.9728227485,1.00111830102916
"log_lik[777]",-1.33253205840271,0.00853633449212646,0.553250636315967,-2.76081383341224,-1.59153137509963,-1.17540688376689,-0.920827093227475,-0.71769127051865,4200.50006206447,1.00096372977474
"log_lik[778]",-0.993526025946897,0.0033523558186941,0.220184504408486,-1.52413215972209,-1.1099348094108,-0.945875535615633,-0.837063844508847,-0.679655561020739,4313.93192265181,1.00111285957001
"log_lik[779]",-0.308923132823362,0.00353151488292658,0.122657913067295,-0.584209866725319,-0.369620393388681,-0.294402577331303,-0.225979935184052,-0.122807558747597,1206.33814528254,1.00270780092137
"log_lik[780]",-0.376859037496342,0.00269146519118969,0.153886093269205,-0.696467904931741,-0.479870915220591,-0.365445837505573,-0.264632247598331,-0.115366497290908,3269.04736951118,1.00043269345326
"log_lik[781]",-0.426862805512334,0.00160130784416017,0.0874452811130374,-0.617236222333161,-0.478562527796979,-0.421555695685451,-0.369539209893711,-0.270115771296179,2982.10612184809,1.00002379985899
"log_lik[782]",-0.265874073801471,0.00210117322228011,0.106813659511782,-0.506495234926182,-0.32939889946305,-0.252527578768705,-0.187716951202952,-0.0957679407502844,2584.22232629543,1.00041354568936
"log_lik[783]",-0.277825326828601,0.00295185304493216,0.147385883785715,-0.617582523496916,-0.366198625922276,-0.254490057093333,-0.167340851310304,-0.0619229592441448,2493.00020622179,1.00056980156517
"log_lik[784]",-1.04694794651488,0.00258393625217718,0.167701741809904,-1.4173068157993,-1.14873205107311,-1.03490327884657,-0.934242454171608,-0.744781322768586,4212.22495381152,0.999773805209421
"log_lik[785]",-0.0744200001910305,0.00213966437777528,0.0862173010734187,-0.33071321822564,-0.0969125473315539,-0.0446891886297702,-0.0189231218165059,-0.00287959707653845,1623.66913318249,1.00147321546105
"log_lik[786]",-0.119222697710265,0.00225803674641029,0.0987185024022572,-0.385982750030693,-0.161516856032123,-0.0914842391747247,-0.0478805553227219,-0.0121391071179426,1911.32749050596,1.00103513242839
"log_lik[787]",-0.434174672816681,0.00244208519341331,0.135369921823481,-0.715732081846567,-0.523763584565662,-0.42659518182374,-0.336870724224591,-0.192832368253752,3072.7182176653,1.00012247498974
"log_lik[788]",-0.536589706702325,0.00494240284879818,0.217417627772068,-1.12058558540042,-0.592872012682373,-0.485986960720885,-0.408375526016099,-0.285907146899987,1935.14371234664,1.00201499402334
"log_lik[789]",-1.59133814640221,0.0101961842661489,0.496351912939556,-2.73590996435576,-1.87651056491283,-1.52346804346431,-1.23927309981936,-0.811331136302739,2369.7582781609,1.00019453162711
"log_lik[790]",-0.0621958241662188,0.0021535047638885,0.0849881165654258,-0.320943114648154,-0.0783837524700533,-0.0308190867649132,-0.0107697291192275,-0.000954502116058763,1557.48809639304,1.00187702373768
"log_lik[791]",-0.378336278118916,0.00168540917887683,0.101195816168085,-0.594950388224416,-0.441553010374691,-0.371944126858196,-0.307096403545039,-0.196561544568432,3605.07583899191,1.00001188565975
"log_lik[792]",-0.208251681462699,0.00338563359266238,0.164483449026173,-0.618977073692796,-0.297926038082838,-0.166672336864132,-0.0806143677047741,-0.0122826744599464,2360.2852794097,1.00139159802804
"log_lik[793]",-0.2025947241593,0.00341511342351727,0.164622075415125,-0.618068010687983,-0.290997785366162,-0.159423076915742,-0.0753984703582146,-0.0103847019056256,2323.62414657934,1.00145097586788
"log_lik[794]",-1.16770029900176,0.00352478457118746,0.252308331747359,-1.77364760399776,-1.30607145680955,-1.13168547139371,-0.993414363291233,-0.773322342128296,5123.86910324802,0.999786770895135
"log_lik[795]",-1.18673263214965,0.0041262437769523,0.209131537922783,-1.64656309966842,-1.31202024218089,-1.16757735543057,-1.04530640594284,-0.820362945768361,2568.79411558577,1.00047365836109
"log_lik[796]",-0.152590586883566,0.00230149414316132,0.109374777661413,-0.434745180568056,-0.207727905852554,-0.125922492772289,-0.0708837081025951,-0.0191865430505094,2258.47151976497,1.0009249286972
"log_lik[797]",-0.0756113815714461,0.00218471710655071,0.0890586817105139,-0.339452889343219,-0.0990208975583766,-0.0444437956361373,-0.0179417319503067,-0.00226796482860719,1661.73629587501,1.00159047421646
"log_lik[798]",-0.0859862079999533,0.00294219404394083,0.115004320902995,-0.430302697068733,-0.107726261109901,-0.0435729298625291,-0.0156968388174073,-0.00145513022212671,1527.86749571346,1.00177062419739
"log_lik[799]",-0.317207162790303,0.00283944304069557,0.148122381465584,-0.646481996856554,-0.409319918716596,-0.297684836617052,-0.206833855237665,-0.0854976111986357,2721.29140184711,1.00044896001548
"log_lik[800]",-0.496030339698183,0.00187433838859738,0.0953230812953898,-0.711151784167225,-0.554309802145893,-0.490010494091863,-0.430630129179122,-0.328783566776537,2586.42651883528,1.00080144477461
"log_lik[801]",-0.243260756587715,0.00444405823226149,0.171801138330201,-0.631407861475823,-0.350286516358849,-0.204720900947171,-0.103832576232741,-0.0233381121953896,1494.48855010805,1.0013598156126
"log_lik[802]",-0.484337645609671,0.00366859309231475,0.170681740716704,-0.82737127434459,-0.603229835052466,-0.473569923640853,-0.356628298353453,-0.186374518218855,2164.5869651533,1.00095506395907
"log_lik[803]",-0.408659021066238,0.00290289435649405,0.116836494665785,-0.662775832658427,-0.481624518174731,-0.396452952897014,-0.324347783721212,-0.210757696321102,1619.92375998156,1.00203448003925
"log_lik[804]",-0.854926341573172,0.00172100912346015,0.104415452013961,-1.0672982532384,-0.917074390072997,-0.855736467884777,-0.794381130471154,-0.635362510978081,3680.97781933994,1.00041736196912
"log_lik[805]",-0.457776485033775,0.00396215869627984,0.179213118154845,-0.821558627265318,-0.583035589398222,-0.443063052452268,-0.322341855161093,-0.154828250543028,2045.85975777602,1.00104885184395
"log_lik[806]",-0.42023050661614,0.00288345895277212,0.112945069087764,-0.666247056304782,-0.489467294083774,-0.408666674203048,-0.33967247382978,-0.22833122228953,1534.28840845416,1.00232482170699
"log_lik[807]",-0.841906703497836,0.00320903137001476,0.19838142315527,-1.31701286853137,-0.944944528604822,-0.809035269788125,-0.702052270442546,-0.555806084226673,3821.67787295175,0.999772950638964
"log_lik[808]",-0.388619518192047,0.00295715196905898,0.130847254528809,-0.663419776471598,-0.476837239712125,-0.377336944199221,-0.291257176861857,-0.168506477330651,1957.8613896863,1.00116181674326
"log_lik[809]",-0.477034419204011,0.00205418169914674,0.105415214926075,-0.703831265731005,-0.545825156369579,-0.47300857057539,-0.404122457903198,-0.28853264489494,2633.47309444671,1.00054805763904
"log_lik[810]",-0.673751158258779,0.00178365794316767,0.10132503292081,-0.87535958824075,-0.7369262722862,-0.675735284183625,-0.60977187407009,-0.469440202141105,3227.08468733606,1.00021951212909
"log_lik[811]",-0.68333582060536,0.00170625447255895,0.103251746791697,-0.880971096851451,-0.748980289129601,-0.686375280307678,-0.617256655657007,-0.470845355083684,3661.90615097244,0.999938298876904
"log_lik[812]",-0.484337645609671,0.00366859309231475,0.170681740716704,-0.82737127434459,-0.603229835052466,-0.473569923640853,-0.356628298353453,-0.186374518218855,2164.5869651533,1.00095506395907
"log_lik[813]",-0.860412343940144,0.0017601589060315,0.10666698723737,-1.07927239858194,-0.92491669934141,-0.860755747928229,-0.797111283664361,-0.639681374839456,3672.45347673555,1.00038784543145
"log_lik[814]",-0.56268418199574,0.00153001110041915,0.0826425952249079,-0.762002589311013,-0.603460899032876,-0.553318814069224,-0.510585071962757,-0.420790631796617,2917.55284027795,1.0008333215338
"log_lik[815]",-0.512989501238568,0.00335289666000779,0.160913100946993,-0.832239244880891,-0.623907090874537,-0.506586829322609,-0.394662650815497,-0.220836015548436,2303.25738309604,1.00084722952029
"log_lik[816]",-0.481018613527628,0.00222960440196597,0.0962551223140702,-0.698919326362324,-0.53975261267246,-0.473472685198934,-0.41375030423965,-0.313460386181459,1863.76895833387,1.00188255073932
"log_lik[817]",-0.53524939606838,0.00153471236227146,0.0894716752947968,-0.742705079358348,-0.585719676019398,-0.529892526012608,-0.477270545075601,-0.373328412063331,3398.7338405258,1.00008560461465
"log_lik[818]",-0.477034419204011,0.00205418169914674,0.105415214926075,-0.703831265731005,-0.545825156369579,-0.47300857057539,-0.404122457903198,-0.28853264489494,2633.47309444671,1.00054805763904
"log_lik[819]",-0.567903075715979,0.00154913025763942,0.0835206478229901,-0.767359428561209,-0.608267323527256,-0.558050525061301,-0.515679361790756,-0.424450043923329,2906.77780315425,1.00080515480667
"log_lik[820]",-0.905959010136568,0.0021981892469241,0.136309796133002,-1.19901848346132,-0.984144404887953,-0.896032651968342,-0.817237983979559,-0.650199434207936,3845.24466607419,1.00002798117056
"log_lik[821]",-0.50962852240145,0.00341453158466764,0.155868955242283,-0.827847356955405,-0.614218300877723,-0.501332172178991,-0.392557252626012,-0.225199520090093,2083.80454145462,1.00111801357156
"log_lik[822]",-1.24315702037541,0.00649040327976774,0.349893861848659,-2.03131372557549,-1.44876416487506,-1.19314709974284,-0.9816690845082,-0.7245969057318,2906.22532336815,1.00057957819214
"log_lik[823]",-1.71134052230157,0.0127776978559149,0.682879698175236,-3.27910439427979,-2.11161176723442,-1.59884729395425,-1.1919084059977,-0.757381918767348,2856.16421730979,1.00067013787738
"log_lik[824]",-0.814601673179152,0.00297287966078984,0.188034720770909,-1.26153845526529,-0.909519968738577,-0.78024443287582,-0.684462385198288,-0.548493285772777,4000.56599882482,0.99960790286546
"log_lik[825]",-0.651091407055134,0.00193576226158701,0.11140501100259,-0.870583487089536,-0.723263921268471,-0.651764682668412,-0.577587974276306,-0.42870925340812,3312.11504929884,1.00018281167053
"log_lik[826]",-0.399880021806337,0.00556918571533377,0.272076973926843,-0.887520590798141,-0.627953662383765,-0.384716991034602,-0.153475818371218,-0.00837837022863678,2386.71287721339,0.999942998838428
"log_lik[827]",-0.718859115978193,0.00241996408686547,0.169774899470607,-1.15049877892281,-0.785739745199622,-0.682685202054682,-0.610715293966206,-0.483486898431055,4921.85847948172,0.999526376450271
"log_lik[828]",-1.10082812563436,0.00466776749685848,0.310498623462991,-1.8986293828705,-1.25443445793748,-1.02564304894667,-0.873088106034034,-0.69881407627155,4424.87419052725,0.999696406000875
"log_lik[829]",-0.538845860364072,0.00138929846235169,0.0922655036159599,-0.735043318235937,-0.594279300663386,-0.540694380497518,-0.483514731758664,-0.35344858387726,4410.49773243291,0.999609316644618
"log_lik[830]",-0.565536082957571,0.00321164606335175,0.184737491865237,-0.908231257324414,-0.702997192311213,-0.566776877147195,-0.426110911982371,-0.228322967251347,3308.67972094799,1.00015947129748
"log_lik[831]",-0.660387413141209,0.00223958035737914,0.142718671602037,-0.936571866378895,-0.758108893065871,-0.665253963883486,-0.563018753735678,-0.380398258389441,4060.95605504642,0.999917499601265
"log_lik[832]",-0.570448794351668,0.00317181893959405,0.180874432470066,-0.908816108543091,-0.704030535976295,-0.57030898015454,-0.433185821989156,-0.236909329429611,3251.90303078747,1.00013251392711
"log_lik[833]",-0.542780002322022,0.00134296654123439,0.0893644979029729,-0.735580259310657,-0.595394314692113,-0.543387864519581,-0.488551485913984,-0.36686881817564,4427.91885707442,0.99959078073863
"log_lik[834]",-0.68874914237846,0.00175590931505394,0.11730343263618,-0.952216853849141,-0.754534668520058,-0.677366589369453,-0.611654213387344,-0.484721447606267,4462.90124097746,0.999332856569021
"log_lik[835]",-0.432818796731092,0.00230794480526729,0.136133298983699,-0.6840989656179,-0.53467878612879,-0.437448964471307,-0.331629001874618,-0.175840853739967,3479.18803732159,1.00002525484386
"log_lik[836]",-0.709280205045219,0.00220432014042581,0.154923313342571,-1.09173082362296,-0.778195285003741,-0.679445558028364,-0.609558650677377,-0.483095332323105,4939.51394520595,0.99948845664624
"log_lik[837]",-0.596040796810856,0.00293516765257941,0.185455832400076,-0.928259503397823,-0.732018739287131,-0.611327629271007,-0.466836667735853,-0.222807303736386,3992.22644248878,1.00021635549884
"log_lik[838]",-0.728610321303196,0.00237320404084698,0.166382429392667,-1.13641741033675,-0.803642085313801,-0.69454048277827,-0.617636633246115,-0.488504330673483,4915.24040667263,0.999472079585584
"log_lik[839]",-1.00477403147282,0.00325133661879377,0.213200276938898,-1.52580230276173,-1.12343843198837,-0.963779033952832,-0.851010722772933,-0.6853377092019,4299.83369037362,0.999689735100666
"log_lik[840]",-0.362151445517892,0.00247439587054251,0.126142587522212,-0.613273251849145,-0.448141775179461,-0.360970155245118,-0.271267384514891,-0.130467402705557,2598.87329293727,1.00180683970058
"log_lik[841]",-2.61208039921296,0.0171563665437788,1.02281189277857,-4.91546131255855,-3.25658127762771,-2.49151958942008,-1.85535274447513,-0.969664277136175,3554.19216921572,1.00089377266132
"log_lik[842]",-0.287040711583486,0.00277666651778969,0.121199198846375,-0.562780224092365,-0.359855722985999,-0.273372488457328,-0.196114179352205,-0.0972986888883233,1905.25035539907,1.00244293136594
"log_lik[843]",-0.475850908040183,0.0015317470786915,0.087356747978422,-0.656916497717983,-0.529757546210756,-0.473213423818485,-0.418239717876782,-0.311927109933847,3252.51115698794,1.00075681583453
"log_lik[844]",-0.377237215099425,0.00335679274279651,0.148332431631915,-0.735955987069136,-0.465102358693432,-0.356143778870639,-0.270070172835114,-0.146345879419963,1952.64447652233,1.00218847829851
"log_lik[845]",-0.581394729551131,0.00268174302138948,0.116920150385454,-0.841750194390097,-0.651442127253464,-0.572467992899078,-0.501994192615288,-0.377972133653897,1900.83496611235,1.00253379708049
"log_lik[846]",-0.17243698540156,0.00346791694326643,0.127908899608664,-0.508422592025026,-0.23381726771931,-0.140232725204793,-0.0759960868248153,-0.0204289542710676,1360.39225385519,1.00385206790961
"log_lik[847]",-0.370559400739473,0.00373127303737426,0.176987018140304,-0.761379363139982,-0.487655777713686,-0.356966706380875,-0.234148559980472,-0.0838326369154987,2249.92874873273,1.00196776348206
"log_lik[848]",-0.240951654035004,0.00305100951917651,0.118762882004478,-0.534504381891677,-0.306787539996896,-0.219968788219906,-0.153588790428012,-0.0715271819815869,1515.21524330637,1.00303850829963
"log_lik[849]",-1.09731465967081,0.0047153246699811,0.296445896720948,-1.78654604026801,-1.26841260894643,-1.05703637952433,-0.881818639300735,-0.620354729069352,3952.46183055729,1.00033326960962
"log_lik[850]",-0.287040711583486,0.00277666651778969,0.121199198846375,-0.562780224092365,-0.359855722985999,-0.273372488457328,-0.196114179352205,-0.0972986888883233,1905.25035539907,1.00244293136594
"log_lik[851]",-0.468386504501456,0.00272766492603491,0.137666775667974,-0.774839451519972,-0.553215443537206,-0.455940863925982,-0.370070475823819,-0.234142352169409,2547.2774029789,1.00139204509888
"log_lik[852]",-1.06784508012236,0.00440364201547226,0.273405910228426,-1.69750054775693,-1.22671732014328,-1.03483936712656,-0.870477132528108,-0.619602092753081,3854.71064868997,1.00034357238464
"log_lik[853]",-0.326634479798585,0.00371132638625192,0.158346168038837,-0.721732999894376,-0.418438463898198,-0.30153827921414,-0.208776404442972,-0.0951176225891547,1820.35804416796,1.00251172419045
"log_lik[854]",-0.231617150077914,0.00427058093158586,0.161973564885401,-0.673495917043651,-0.309336044332488,-0.191620577892787,-0.111966302897824,-0.0362427290318153,1438.51491203787,1.00346237200937
"log_lik[855]",-0.209491431524232,0.00467065546665821,0.176166564225901,-0.68682086703979,-0.297292323422648,-0.16237452270666,-0.074486629183761,-0.0118761156177969,1422.62784133783,1.00370415876928
"log_lik[856]",-0.856881607638945,0.0033879671849814,0.152153496795716,-1.18200652289184,-0.948743187991707,-0.846487512855123,-0.751733896097278,-0.584446828311664,2016.90519747731,1.00227347719022
"log_lik[857]",-0.391145261780365,0.00207622120579086,0.103234398228366,-0.606272156143372,-0.456045891602737,-0.38490114818605,-0.319197533898524,-0.207049572802147,2472.30254637754,1.00151116852261
"log_lik[858]",-0.19960820795261,0.00343870237345402,0.135773055613253,-0.534935665168971,-0.275097626926958,-0.171746794479594,-0.0931644144435981,-0.0232027852142195,1558.97089509475,1.00340338452172
"log_lik[859]",-0.27415858636415,0.00403526292294423,0.161792498122578,-0.695723336457959,-0.3604752817381,-0.239992614609692,-0.153180469611431,-0.05801171504353,1607.5818244348,1.00300157870455
"log_lik[860]",-0.567345832035062,0.00258905480066495,0.114372588599352,-0.815120976430794,-0.637803732083245,-0.560223980765587,-0.489761358274428,-0.366238810755517,1951.46791566385,1.00228767396647
"log_lik[861]",-0.391304424178316,0.00327679381399396,0.150180234209141,-0.747162204858885,-0.482700345220718,-0.372650310797922,-0.28224886031752,-0.153885971850234,2100.52243466408,1.00198953692086
"log_lik[862]",-1.08020186706717,0.00377895904300129,0.203720950858685,-1.56920531249404,-1.1891949265283,-1.04502388241509,-0.929639451436189,-0.790265628453035,2906.21017627459,1.00132550776654
"log_lik[863]",-0.498289621367551,0.0015314305325907,0.077631611294808,-0.63146782779371,-0.552346210942155,-0.50679755114263,-0.451212085300526,-0.32421291236307,2569.70102433969,1.00118921640418
"log_lik[864]",-0.763815942745227,0.00364582807165596,0.202031379520847,-1.23108225241196,-0.883304943771472,-0.735253698513402,-0.620477106019174,-0.441520488827114,3070.75586193168,1.00039756668445
"log_lik[865]",-0.734022019949168,0.00325344266363569,0.171225064518588,-1.10103165730805,-0.843075637100435,-0.716292565410814,-0.613488051360465,-0.438692698579709,2769.79968904853,1.00026717454607
"log_lik[866]",-0.373491569608898,0.00233793067569424,0.115513562172074,-0.59138438618084,-0.457525843919359,-0.371459527203665,-0.287941261756386,-0.160388748591931,2441.19625344841,1.002447239005
"log_lik[867]",-0.355446386281122,0.00250724270139878,0.121710185321743,-0.588964726118217,-0.44487159923653,-0.351663438058748,-0.264836782882183,-0.136443872619631,2356.46555467929,1.00251847813485
"log_lik[868]",-0.825637703768221,0.00468199894381632,0.275504539740593,-1.4961288521897,-0.968203378275371,-0.767688869981594,-0.63265015787402,-0.446250038996779,3462.54077402968,1.00056600539643
"log_lik[869]",-0.52382632115259,0.00485412050670524,0.217949163222459,-0.977797064244521,-0.679840083567912,-0.504356621505985,-0.352096348387101,-0.168991667017837,2015.99432096591,1.00161806915025
"log_lik[870]",-0.373491569608898,0.00233793067569424,0.115513562172074,-0.59138438618084,-0.457525843919359,-0.371459527203665,-0.287941261756386,-0.160388748591931,2441.19625344841,1.002447239005
"log_lik[871]",-0.595898970792752,0.00186632876334844,0.0920791426649881,-0.757982881168337,-0.658448389605048,-0.603754933191324,-0.539590637313095,-0.394006114457819,2434.14382337902,1.00023457946285
"log_lik[872]",-0.605981855201455,0.00407212747909823,0.193063826284713,-1.00725506120214,-0.740085150729744,-0.60015447655031,-0.461015168604594,-0.265465795081756,2247.80735395926,1.00130756107205
"log_lik[873]",-0.426701641241397,0.0020265960334451,0.106511190189922,-0.609293863586013,-0.50634651598692,-0.43249983523396,-0.354035534435725,-0.205938018283571,2762.20621898771,1.0024581729762
"log_lik[874]",-0.887978456500601,0.00522736844405306,0.297301881177157,-1.5957776123026,-1.05983196175212,-0.832160706420066,-0.663612379450069,-0.458309627651194,3234.66337164918,1.00051178634679
"log_lik[875]",-0.350775770269067,0.00251718365896388,0.119842603584305,-0.587771485577326,-0.437054685638869,-0.345125992452661,-0.260093959101927,-0.138750807188461,2266.69279191726,1.00239265063567
"log_lik[876]",-0.746004392044263,0.00285285290569339,0.13829393020648,-1.06780859722461,-0.820989538539205,-0.733112259666435,-0.649003422994548,-0.522910792808711,2349.8897048746,1.00064843136386
"log_lik[877]",-0.405951694659398,0.00202506652552928,0.100653169391596,-0.595979525642711,-0.477460185930234,-0.404595391710499,-0.333439232711339,-0.215898526846794,2470.45142822871,1.00211819473335
"log_lik[878]",-0.408584513831311,0.00200058299457218,0.0993041696314513,-0.596654303278413,-0.478420525924606,-0.407267283026195,-0.337471962343095,-0.220108550474287,2463.89288101332,1.00207987523895
"log_lik[879]",-1.02877751833964,0.00714058994719037,0.412971207162031,-2.02411926266431,-1.2648423030189,-0.945123604050469,-0.711099947193512,-0.472406716565224,3344.80926912106,1.00059749399734
"log_lik[880]",-0.695902640699556,0.0032414579088483,0.158820089304507,-1.04128823514577,-0.791161008600886,-0.688908545500233,-0.5835538295139,-0.415982897703817,2400.65691773598,1.00089831156811
"log_lik[881]",-0.334995825479927,0.0026691182260878,0.124843374726417,-0.58489497113571,-0.424983669019736,-0.326548896874815,-0.239656704345686,-0.121957676635113,2187.73834053478,1.00244337556504
"log_lik[882]",-0.376212833650886,0.00228376386218002,0.105574206582968,-0.588792957518908,-0.448458870072275,-0.369841230782752,-0.300825221584191,-0.184380486705479,2137.04299397648,1.00177046637989
"log_lik[883]",-0.446900699629988,0.00173449715451938,0.088177362181203,-0.60855667455341,-0.509378419661388,-0.449514431458955,-0.386594530326247,-0.269994738432345,2584.44338059035,1.00186129381497
"log_lik[884]",-0.605777305441105,0.00192714282508947,0.0974356454506676,-0.781896663220274,-0.670310173535244,-0.610446848860551,-0.545164403797365,-0.398068437181921,2556.27709122981,1.0001887762891
"log_lik[885]",-0.831104506213341,0.00269583998844366,0.127461344006363,-1.15596740411209,-0.888811039478493,-0.80328424574011,-0.745580699836016,-0.648846429172084,2235.46958268301,1.00066673491043
"log_lik[886]",-0.291693582181901,0.00314893703880526,0.142176357246088,-0.576638909755348,-0.395944672860032,-0.276075186778354,-0.178774497626539,-0.0658057993854227,2038.57554997548,1.00280046185985
"log_lik[887]",-0.384757263207481,0.00215001411857326,0.142996637656603,-0.661121255246469,-0.484968262666093,-0.382614908511602,-0.286300988267606,-0.114332593480332,4423.53051990725,0.999557981063329
"log_lik[888]",-0.20482122352645,0.0016162817410796,0.109263359562416,-0.464944187379857,-0.266310556609099,-0.18616901628725,-0.124824469253486,-0.0464025047721119,4569.98701435912,0.999663762141908
"log_lik[889]",-0.0262619186528505,0.00090780379677871,0.0486438067176052,-0.167384345474193,-0.028806679167243,-0.0077623985360284,-0.00152442636064413,-2.1195432206699e-05,2871.25073087939,1.00008368263566
"log_lik[890]",-0.0751544369439765,0.00125330769461656,0.0765503878105019,-0.289706890103558,-0.100062402507962,-0.0506787830038744,-0.0238126438878874,-0.0038211808529374,3730.60594875442,0.999607324021561
"log_lik[891]",-0.353240032964508,0.00179183141283666,0.128453354362156,-0.619369539187465,-0.437951335107498,-0.345734608100868,-0.262276721367959,-0.12015689359171,5139.2128761428,0.999434635470435
"log_lik[892]",-0.0579244056576938,0.00101234659943329,0.0597188462871893,-0.218953637650536,-0.0766968073445335,-0.0384912771819579,-0.0187123114218173,-0.00328938780046669,3479.88074670035,0.999762416085968
"log_lik[893]",-0.0421604757847636,0.00110713165077523,0.0616287194731465,-0.219712059257203,-0.0538166198354962,-0.0185145461481743,-0.00477893064875279,-0.000139152933372794,3098.61596988041,0.999940032045528
"log_lik[894]",-0.534326374080049,0.00551607359136703,0.203461739523152,-0.887645708746445,-0.676422717664201,-0.566846406263139,-0.396424647314304,-0.104865140517729,1360.52148149617,1.00166890058221
"log_lik[895]",-0.190649603420414,0.00208683633379999,0.119784819087807,-0.458409358079056,-0.268670966905076,-0.173878455211003,-0.0958715671961362,-0.0172575872555065,3294.78274881825,0.999605413332917
"log_lik[896]",-0.055215901143019,0.00112724925916144,0.0665751697222665,-0.244835953262876,-0.0711469302914618,-0.0324317145383822,-0.0135836999651859,-0.00160230617611564,3488.06562672039,0.99962676701778
"log_lik[897]",-0.0395828916223737,0.000947217408517002,0.0540696397019745,-0.189349365804078,-0.0502692760679272,-0.0202062685625033,-0.00704973528784674,-0.000474096646242941,3258.42409761219,0.999834731887501
"log_lik[898]",-1.38889933953483,0.0173709511824972,0.53549143936571,-2.47151283064336,-1.71980750845731,-1.38230058554621,-1.07356060057616,-0.278981540042367,950.293732940031,1.00451184127157
"log_lik[899]",-0.288911157410797,0.00182966218070556,0.129054811125333,-0.566973046411205,-0.37208943919121,-0.275547273492403,-0.194674079044174,-0.0737275909100751,4975.15455240099,0.999448120242021
"log_lik[900]",-0.177330929371339,0.0015729826679057,0.0998343874884661,-0.408146751019506,-0.2358394313865,-0.160465921681291,-0.10201814324008,-0.0330703782373452,4028.21313149249,0.999396911231468
"log_lik[901]",-0.103683326072683,0.0013833212488509,0.0876741991012762,-0.341108802768352,-0.139585193293226,-0.0786066590711036,-0.0418294974194166,-0.0088916616862141,4016.96010480355,0.999606362163961
"log_lik[902]",-0.15013523063503,0.00140969255666332,0.0824577532586955,-0.349371505838674,-0.194143619664738,-0.134878147332244,-0.0902701058193521,-0.0358755504808179,3421.48138420129,0.999843344930967
"log_lik[903]",-3.52413639341521,0.0243392125715707,1.5284568688508,-7.30263807543357,-4.34651515770017,-3.23722448533583,-2.39552270978301,-1.39294389177826,3943.6042732642,0.999360703223298
"log_lik[904]",-0.0803349059718946,0.00113182927427176,0.0684393497458926,-0.259018980377863,-0.107291955183709,-0.0605984014206942,-0.032871919740387,-0.00773048980920609,3656.36803867342,0.999730787165022
"log_lik[905]",-0.195013472716356,0.00173764787997887,0.120723894239438,-0.477499021353706,-0.263859730356596,-0.172090324441661,-0.104341042567839,-0.0269295679356551,4826.84021870561,0.999495311836828
"log_lik[906]",-0.133790081688364,0.00162263975414883,0.106917686608247,-0.409094022584806,-0.185715306230281,-0.105471212866608,-0.0549761255460718,-0.00961208651800646,4341.65072795123,0.999557468012211
"log_lik[907]",-0.110240126045681,0.00142874686490067,0.0892221067069107,-0.336182987364378,-0.154469127933947,-0.0876013015669458,-0.0434603810179964,-0.00720236800718772,3899.72844488421,0.999533404707542
"log_lik[908]",-0.406404573860483,0.00160114464500844,0.0949605657008267,-0.609392168934056,-0.464651495209048,-0.402975087793956,-0.342109872170384,-0.22858136998258,3517.42990709658,0.999384151439591
"log_lik[909]",-0.878424016186241,0.00454407240249097,0.163805732732255,-1.19060978867309,-0.981206540417558,-0.88868689798738,-0.778088432413438,-0.532803981182136,1299.47434082662,1.00238466807831
"log_lik[910]",-0.428168465775635,0.00242212636826692,0.149983622554219,-0.709606192172834,-0.535869308690176,-0.430246573923099,-0.325489404878221,-0.135663820379782,3834.37056955008,0.999727077551186
"log_lik[911]",-0.195013472716356,0.00173764787997887,0.120723894239438,-0.477499021353706,-0.263859730356596,-0.172090324441661,-0.104341042567839,-0.0269295679356551,4826.84021870561,0.999495311836828
"log_lik[912]",-0.169584352346445,0.00162672319541413,0.0985679092367467,-0.41149185309137,-0.222854899823493,-0.1505251922658,-0.0975871332178622,-0.0340980480682449,3671.50201334204,1.00005670781743
"log_lik[913]",-0.678623932293247,0.00194255423267621,0.13458478121396,-1.01266167516132,-0.73535840664558,-0.654742204476605,-0.596466432434954,-0.468237716587361,4800.04822804516,0.999536423520861
"log_lik[914]",-0.741404773953936,0.00170609879657495,0.120154668394221,-0.987199686909678,-0.807109530101673,-0.745542454537433,-0.673332240010243,-0.498413457346344,4959.90028171563,0.999558688704173
"log_lik[915]",-0.878126581659447,0.00231815023373906,0.147450473550944,-1.23589999005461,-0.950934399063031,-0.857091233040031,-0.788181497864398,-0.622344837479075,4045.84450213331,0.999765537184578
"log_lik[916]",-0.699359349409638,0.00264114370392485,0.169156656774446,-1.15029372074654,-0.757867282093965,-0.662703003708987,-0.601664152609124,-0.46827805301602,4101.98551894501,0.999656603543551
"log_lik[917]",-0.585892579111928,0.00123977800052163,0.0832378559718898,-0.770060892530113,-0.626125659831287,-0.581134686195027,-0.537998230350722,-0.433102395666987,4507.68873043527,0.999777481644278
"log_lik[918]",-0.827723063505435,0.00163022259600554,0.108663560709474,-1.06407886184804,-0.88517925142016,-0.822096142595967,-0.766690555084109,-0.618817084521765,4442.97681588656,0.999677359863032
"log_lik[919]",-0.743126066633201,0.00342676894651862,0.216661183343528,-1.33285341489306,-0.813057051841361,-0.689292813992933,-0.614244644147808,-0.470683771937134,3997.53777481645,0.999642867073793
"log_lik[920]",-0.915114801456795,0.00286646537081388,0.179671004565087,-1.37019668282361,-1.00450199586731,-0.880044451513614,-0.801908314449802,-0.627909721963317,3928.82417077202,0.999707309340319
"log_lik[921]",-0.621822052374532,0.00122617691271409,0.0863855135145428,-0.821329815571106,-0.663368886359347,-0.615913594207149,-0.573116978666023,-0.460394223597825,4963.35763131405,0.999603267505656
"log_lik[922]",-0.660611306342835,0.00167373724822939,0.116911631090699,-0.937988227353653,-0.71407800241943,-0.643495706806304,-0.59093523506267,-0.466201857781567,4879.1130026609,0.999528036639665
"log_lik[923]",-0.733622055394887,0.00179119392098609,0.125359556242708,-0.983780021874293,-0.803381089446388,-0.739113570046225,-0.66240859674194,-0.479838820177147,4898.12291143723,0.999574250360916
"log_lik[924]",-0.749027067507576,0.00148159480640294,0.106876418215982,-0.97420262432768,-0.809477726479092,-0.750420834028104,-0.685986193127856,-0.534828605046613,5203.61177218283,0.999529515346444
"log_lik[925]",-0.847047769265464,0.0017276177338498,0.114771442738282,-1.09936281328018,-0.909445153445704,-0.83773609220584,-0.779299086878817,-0.633765396050786,4413.3906966358,0.999517029038302
"log_lik[926]",-0.587791887216869,0.0012201469515886,0.0825268906666266,-0.770836785598545,-0.62835979806718,-0.582421344287019,-0.541874187466542,-0.437002988143697,4574.74284865087,0.999714106474122
"log_lik[927]",-0.726256502215479,0.00200406323830618,0.114517707415517,-0.963754655390049,-0.797073489711187,-0.724453694381417,-0.654612858523135,-0.506585894588917,3265.29517804932,1.00084718091788
"log_lik[928]",-0.482331262369578,0.00190474472913496,0.107951577397945,-0.671277425680208,-0.559153649559713,-0.491391758324745,-0.412335109050762,-0.250949848656303,3212.06573410166,0.999873606306686
"log_lik[929]",-0.490233486726569,0.00165002758818437,0.0943145681186005,-0.667736647144643,-0.555649915021204,-0.492111075821317,-0.427072746709282,-0.305223519353286,3267.19570546177,0.999955849640852
"log_lik[930]",-0.714755853383483,0.00231201993908413,0.11481719678501,-0.960821483283426,-0.78243461785328,-0.708329972386997,-0.640182068288239,-0.507131858664409,2466.21382941918,1.00138694271777
"log_lik[931]",-0.331104495112357,0.00375110718977894,0.164872829082891,-0.632855038296427,-0.459050039739951,-0.319469769740597,-0.196731535458014,-0.0637987485986649,1931.87592902742,1.00133127435385
"log_lik[932]",-1.32764203819587,0.00843769786587217,0.465663871016356,-2.47684976659676,-1.57794848036052,-1.22458691227451,-0.971820895879323,-0.754315780393585,3045.77030130644,1.00076130640708
"log_lik[933]",-0.382356978322594,0.00315971033524781,0.149614412473537,-0.643230674401238,-0.499187821439763,-0.383170957752263,-0.267498319228084,-0.104582383270816,2242.08628194188,1.00087819550362
"log_lik[934]",-1.23000916539203,0.00710741982610645,0.398325842633397,-2.23200006706512,-1.43108244707669,-1.13836564697648,-0.932314219521979,-0.745505273690692,3140.89217979828,1.00050895094352
"log_lik[935]",-0.412427064072142,0.00267172729828158,0.13130614635704,-0.647645596985704,-0.513054090014054,-0.413166589287358,-0.315016304700688,-0.165668923370482,2415.38216671749,1.00076809412754
"log_lik[936]",-0.57581093528825,0.00390355574198846,0.186155466720244,-0.913696441036893,-0.712396320606006,-0.578521158493961,-0.436793512922704,-0.218968428508074,2274.21132599697,1.00158625356501
"log_lik[937]",-0.780567645842544,0.00359439904430699,0.197977651009407,-1.26992958119003,-0.886606526336483,-0.743506964554538,-0.637716283850816,-0.501000589283402,3033.74975258952,1.0012442331788
"log_lik[938]",-0.697703095387719,0.00233945837955154,0.126954287588056,-0.95208521993126,-0.77922121936286,-0.696900013093001,-0.615959537170181,-0.448463933997462,2944.85624346383,1.00111426466873
"log_lik[939]",-0.537817994158089,0.00127927825764711,0.0758239315982724,-0.690155495801358,-0.583379665122264,-0.538611155134327,-0.491880800981692,-0.383588340110182,3513.03568728168,0.999708504537811
"log_lik[940]",-0.97321398401089,0.00286728762594746,0.150955697620079,-1.30704880741593,-1.06239545751821,-0.95796470471536,-0.865485329221915,-0.728284695500857,2771.7655848145,1.00059277687405
"log_lik[941]",-0.567163387069332,0.00395098085651345,0.185974148806089,-0.909409591312806,-0.705248021182519,-0.565731479565043,-0.426322804319301,-0.22505933336539,2215.62016147154,1.00168646587863
"log_lik[942]",-0.749855408996472,0.00293250092178097,0.160313096230429,-1.12990543492705,-0.842554094166271,-0.727387609008646,-0.63265691435351,-0.499377938249151,2988.55800450242,1.0015003122146
"log_lik[943]",-0.755946515226944,0.00305039134784579,0.166785539557368,-1.15460166769226,-0.852044212767075,-0.730597772161971,-0.634149362481087,-0.499617290532786,2989.54894178985,1.00148161846085
"log_lik[944]",-0.665592432751891,0.0017366480051291,0.103304783911271,-0.894040243374936,-0.723293627436817,-0.657510536640907,-0.596653817990399,-0.478217982354114,3538.4842234028,1.00081272062807
"log_lik[945]",-0.680078144176698,0.0018813219202837,0.108225130086552,-0.916396840634535,-0.744285790536655,-0.67326326706047,-0.605799933468218,-0.485332364140905,3309.25323112604,1.0011978410833
"log_lik[946]",-0.626345753387903,0.00313085424330989,0.147948136101078,-0.918958316815648,-0.729706660334863,-0.619692641854622,-0.520891758556804,-0.359326848230705,2233.02351887432,1.00193309831413
"log_lik[947]",-0.400646336290833,0.00281083307246411,0.135277463590945,-0.644160591348312,-0.504387548369787,-0.398059291188905,-0.298428561209817,-0.153098770681564,2316.22526170188,1.00090246821531
"log_lik[948]",-0.518350166025731,0.00143607197799733,0.0881237526625451,-0.682810794284958,-0.576656780907277,-0.522864916065072,-0.463062893588707,-0.338716117884508,3765.59449079166,0.999475379076303
"log_lik[949]",-0.490233486726569,0.00165002758818437,0.0943145681186005,-0.667736647144643,-0.555649915021204,-0.492111075821317,-0.427072746709282,-0.305223519353286,3267.19570546177,0.999955849640852
"log_lik[950]",-0.907063079928171,0.00617223654972941,0.421207163610081,-2.0732993030953,-1.06921415260906,-0.767990138713577,-0.625878131524518,-0.453952058007231,4657.0014549426,0.999197735874422
"log_lik[951]",-0.512534174709691,0.00175325665422166,0.0988233559139913,-0.695021134134469,-0.57800277229593,-0.52215087521702,-0.448768275074552,-0.306243629269357,3177.08039043378,1.00035436472163
"log_lik[952]",-0.731169392723956,0.00323748455748822,0.217172115068039,-1.29279365184316,-0.820508403041084,-0.677734667462928,-0.59272760467013,-0.432331607973562,4499.79481500614,0.999355001852632
"log_lik[953]",-0.801374694211423,0.00212089909990944,0.119582913475598,-1.09094069709837,-0.853484345981812,-0.784264872822082,-0.727539241605478,-0.60760175426493,3179.05648771084,1.00028856605217
"log_lik[954]",-0.612112100588378,0.00159168486688271,0.0986833286185503,-0.81685171999211,-0.668099753821628,-0.612543540170163,-0.555659375065199,-0.410037962496887,3843.9117243053,1.00010417305023
"log_lik[955]",-0.547817936797662,0.00144795664658111,0.0819698103893346,-0.710876514875096,-0.594998504699183,-0.55348427713137,-0.501700626269594,-0.373200729743418,3204.76909130244,1.00089193615924
"log_lik[956]",-0.926037758539425,0.0027646386809492,0.153734067863571,-1.29623014735623,-1.00630166091009,-0.895229810313117,-0.821806154681292,-0.690792229001158,3092.17082129612,1.00045259690365
"log_lik[957]",-0.478539267876183,0.00195885585578567,0.112551621243111,-0.678400187802534,-0.556963594453884,-0.489148393532455,-0.402532473331262,-0.246395781219625,3301.4030781768,1.00022232695557
"log_lik[958]",-0.504136406555707,0.00190530552164825,0.107825768438824,-0.694657659036279,-0.575056423407926,-0.517460469322582,-0.437785426569787,-0.276017299832053,3202.69713792736,1.00022233087512
"log_lik[959]",-0.474197533755794,0.00205089897833505,0.117765775566683,-0.680039383809352,-0.555932435608275,-0.487066208222144,-0.397081122268921,-0.227638769720194,3297.23313536967,1.00015030357274
"log_lik[960]",-0.738191888987922,0.00241325585123305,0.143323758326819,-1.05579594196791,-0.818759027525276,-0.735057575980966,-0.64446919984648,-0.477193374162661,3527.19638126237,0.99965574913057
"log_lik[961]",-0.916148855044913,0.00312149486838649,0.180340448992806,-1.3533124005655,-1.00326733111829,-0.881823968008793,-0.8002916991018,-0.629053506630928,3337.80562790247,0.999936290019047
"log_lik[962]",-0.535196723932117,0.00219839465713265,0.119648492183502,-0.770791517314252,-0.603412577522497,-0.545382073420012,-0.468620086235029,-0.276265068814389,2962.1233536886,1.00011352967668
"log_lik[963]",-0.722413719759518,0.00290033527580899,0.154544460030675,-1.11378290688556,-0.790210065263075,-0.688776781241546,-0.618120717807543,-0.514496179285377,2839.2947105099,1.00018579325488
"log_lik[964]",-0.69353497240669,0.00242639867018807,0.124407885016941,-0.914078732244148,-0.778314049100993,-0.705730109412868,-0.617778505367877,-0.426551692740741,2628.88443685046,1.00015469461543
"log_lik[965]",-0.825323882836002,0.00165951782363199,0.10800997881543,-1.04998026337722,-0.886985679736155,-0.822125222601617,-0.764145637391725,-0.604021005712455,4236.07771819391,0.99981904615935
"log_lik[966]",-0.876986592408528,0.0025240758759882,0.150024167847466,-1.22924140238983,-0.952951932292114,-0.854523876891084,-0.786000182614344,-0.617764387176601,3532.78852372231,0.999964829206769
"log_lik[967]",-0.644966218476091,0.00145589153209065,0.0875440649224756,-0.853152838877917,-0.688230160136274,-0.633519784359702,-0.590732187891675,-0.498023139140321,3615.72487010578,0.999890626913711
"log_lik[968]",-0.868834432955989,0.00245020028308178,0.145891818825605,-1.21025171038717,-0.939541447143938,-0.847739495820439,-0.781420932406922,-0.615097996621868,3545.34665565214,0.999987217064709
"log_lik[969]",-0.816782599234912,0.00513361139294549,0.270476751307873,-1.53833366115223,-0.909691058226988,-0.741809985957444,-0.639853703977264,-0.519223525804269,2775.96446705161,1.00030112074337
"log_lik[970]",-0.576947638682409,0.00139447106823245,0.0878398258280667,-0.78540801851006,-0.620442705875048,-0.57128976345901,-0.521839719678939,-0.423168264440023,3967.92921079374,1.00007526503597
"log_lik[971]",-0.745206200291869,0.00164114582807852,0.096644596343951,-0.932257941774084,-0.804102652934223,-0.751279356480179,-0.687571459711572,-0.542364683180624,3467.85401468475,0.999941572721103
"log_lik[972]",-0.642480745912127,0.00146133681895781,0.0879285279458759,-0.850228138527871,-0.686555507019473,-0.630078710401778,-0.588378802429217,-0.496247581527028,3620.41996916153,0.999998458764959
"log_lik[973]",-0.696438688712343,0.00232992660635277,0.120760591975998,-0.914167105232617,-0.778823897555993,-0.706881487393141,-0.621442996868589,-0.438796514431638,2686.37096602747,1.00009629771889
"log_lik[974]",-0.933110169821275,0.00372097324986837,0.209882043152756,-1.47542355198213,-1.02053661693023,-0.885146245853202,-0.801596210688807,-0.627255722542014,3181.54060842096,1.00008516399663
"log_lik[975]",-0.697902374529492,0.00237988162738253,0.128871450281975,-1.00737221862588,-0.759360228013913,-0.672246224693512,-0.61066179516942,-0.511592769142969,2932.26164293566,1.00013312891386
"log_lik[976]",-0.563957538258828,0.00165636538286502,0.0987880965284795,-0.781168154337055,-0.615723523469317,-0.563991006440847,-0.504833939574569,-0.37161919871057,3557.10712129627,1.00006240964015
"log_lik[977]",-0.569163693790335,0.00150255240864699,0.0933508607398228,-0.781604415006303,-0.616904549520284,-0.566734842777455,-0.510697917935384,-0.395235618692161,3859.91192738235,1.00003617711635
"log_lik[978]",-0.760030801936827,0.00148370285201441,0.0921461136011557,-0.94005608824483,-0.813118882073176,-0.764964509920364,-0.707691020331649,-0.566034591437875,3857.09364304741,0.999808065425493
"log_lik[979]",-0.695442764475931,0.0022352751320938,0.117265725450677,-0.910165822883151,-0.776014786198633,-0.703954391419092,-0.618917755430144,-0.451108565843123,2752.20143005923,0.999967136862421
"log_lik[980]",-0.734332706362217,0.00176714953250244,0.100995676813728,-0.926095501202454,-0.798466382436894,-0.742064430451373,-0.672487984441615,-0.519449294959966,3266.3217854781,0.999998644769591
"log_lik[981]",-0.579116892621671,0.00171273612362001,0.0946268234893559,-0.798164361047681,-0.627049860906251,-0.57048265121515,-0.517417510928472,-0.417571602294747,3052.44331693004,1.00045980617551
"log_lik[982]",-0.62112446708844,0.00258213608715612,0.145710160310045,-0.863464062165241,-0.730757394336074,-0.636018860497833,-0.525488815007813,-0.31164433583395,3184.35455562104,0.999474475381524
"log_lik[983]",-1.04657559673547,0.00713269922537223,0.449289798939538,-2.24815722303655,-1.24669393378079,-0.913975212161462,-0.718963030035277,-0.566825861322366,3967.75908230445,0.999613677520248
"log_lik[984]",-0.773016149613725,0.00275963396836247,0.162637241581842,-1.16761861300683,-0.859272347819743,-0.741449219145155,-0.653925457008246,-0.546601232202381,3473.25792677848,0.999550257496159
"log_lik[985]",-0.553787909835066,0.00192699356223672,0.106384744429144,-0.787792950682906,-0.612747834717087,-0.550342085093087,-0.486293437485493,-0.353758599810775,3047.8822287386,1.00047540072078
"log_lik[986]",-0.692291672891023,0.0018408176199164,0.106567524737443,-0.885708679111107,-0.765536017074087,-0.70190151137443,-0.623724549236158,-0.468947170942743,3351.41517363963,0.999375253927453
"log_lik[987]",-0.579445590740369,0.0017809628262295,0.0999381779619103,-0.803557951783116,-0.631235541258767,-0.574558791517211,-0.51851029449826,-0.389167543585385,3148.85850100395,1.00028422960311
"log_lik[988]",-0.692291672891023,0.0018408176199164,0.106567524737443,-0.885708679111107,-0.765536017074087,-0.70190151137443,-0.623724549236158,-0.468947170942743,3351.41517363963,0.999375253927453
"log_lik[989]",-0.699759210216249,0.00176534496676205,0.101993284125613,-0.886894972030085,-0.768404372047513,-0.708063049152863,-0.635388465702206,-0.485913439988824,3337.98195630204,0.99936312426489
"log_lik[990]",-0.876937705885336,0.00274143059289789,0.1664140804822,-1.28418205853469,-0.951633449971185,-0.853932142376653,-0.776371529133797,-0.602988086437783,3684.89934512671,0.999899440892439
"log_lik[991]",-0.482427764794008,0.0027678551131004,0.144554804596775,-0.762265733494949,-0.582998070349782,-0.487765021567018,-0.38274953270884,-0.196862258581519,2727.58539667541,1.00056168630221
"log_lik[992]",-0.692291672891023,0.0018408176199164,0.106567524737443,-0.885708679111107,-0.765536017074087,-0.70190151137443,-0.623724549236158,-0.468947170942743,3351.41517363963,0.999375253927453
"log_lik[993]",-0.480809293282892,0.00271473906916832,0.140523169302163,-0.76084757881047,-0.578749103690307,-0.481382036735785,-0.380542006596751,-0.21039626725083,2679.41315950391,1.00066002950278
"log_lik[994]",-0.835911674905082,0.00219702201311662,0.129272573108898,-1.1320265687804,-0.904873330467198,-0.827714982629582,-0.759146332760735,-0.593723870379348,3462.13477254547,0.999922901889479
"log_lik[995]",-0.730093271743306,0.00173327872423687,0.0988217807172115,-0.913054409590303,-0.788485348459971,-0.736530676674017,-0.672579047863455,-0.522508125811121,3250.63747996904,0.999513846355377
"log_lik[996]",-0.731617470509996,0.0022594938758488,0.124450113256104,-1.02379428526203,-0.800312097718593,-0.712266901930386,-0.643607623125613,-0.541824493506794,3033.66943001772,0.999638614755731
"log_lik[997]",-0.679266873373255,0.0019051408664916,0.109709208779197,-0.877768398048899,-0.756313840890586,-0.687349248243238,-0.607082042576879,-0.451444095504666,3316.13330081531,0.999351319679911
"log_lik[998]",-0.556191865826325,0.00321899009739526,0.167647086798821,-0.842449519378598,-0.690310619633613,-0.562508429535909,-0.43133290032408,-0.236278398016737,2712.39378675749,0.999675192170655
"log_lik[999]",-0.50302110906251,0.00247591746119325,0.131686453416217,-0.769620210427691,-0.5896648127044,-0.504832397888211,-0.413840154508413,-0.243625511372869,2828.84972569615,1.00056714653667
"log_lik[1000]",-0.997830025628719,0.00419928353954769,0.258651432207762,-1.65610736478508,-1.12848138406595,-0.947868361436663,-0.815598756854132,-0.627699783075284,3793.84318593931,0.999961016679298
"log_lik[1001]",-0.722920016556415,0.00165725823832992,0.0954587704229774,-0.90052498287428,-0.783108027085072,-0.731409437461403,-0.667193486391631,-0.515013710990457,3317.80837352103,0.99941998886075
"log_lik[1002]",-0.62112446708844,0.00258213608715612,0.145710160310045,-0.863464062165241,-0.730757394336074,-0.636018860497833,-0.525488815007813,-0.31164433583395,3184.35455562104,0.999474475381524
"log_lik[1003]",-0.836073682055715,0.00416533818522942,0.255608467281479,-1.51006336553129,-0.932658009866935,-0.765389164232741,-0.660485729467429,-0.548068491702444,3765.73657878712,0.999658652829432
"log_lik[1004]",-0.917503916996912,0.00302244171737897,0.177351870124309,-1.33683790696809,-1.01651020296659,-0.895350716014109,-0.797641525663535,-0.617496286290049,3443.14787255445,1.00013629856587
"log_lik[1005]",-0.840279680405038,0.00172631668739758,0.10909334961783,-1.06065326039939,-0.907305728049685,-0.83966577185982,-0.775526089569293,-0.615976378413162,3993.51772066183,0.999620820603208
"log_lik[1006]",-0.717887349632433,0.0016429451736304,0.0966772922115244,-0.904313681157871,-0.778720454104388,-0.72142975013108,-0.660682012824926,-0.512837304061317,3462.60390167045,0.999112966754212
"log_lik[1007]",-0.529587839785544,0.00370712987246288,0.177306105560944,-0.847746424100041,-0.665023559089491,-0.531109919844384,-0.394135073268583,-0.202457859805069,2287.55623796867,0.999463617748448
"log_lik[1008]",-0.963430870531094,0.00517376318210741,0.299635076452391,-1.65584323078637,-1.14509039666914,-0.903285404352572,-0.731472393835064,-0.561562289878197,3354.07069803256,0.999754956505548
"log_lik[1009]",-0.5181457148215,0.00199231040134729,0.113643385235817,-0.742422682876412,-0.588847946277358,-0.520366005805743,-0.446559052229433,-0.292460349270335,3253.6761180496,1.00038621302919
"log_lik[1010]",-0.636912838408573,0.00228801125653996,0.120340953151897,-0.868131718436016,-0.719578629831062,-0.637828460813266,-0.554900407353841,-0.402736697495388,2766.37200121667,0.99944359762442
"log_lik[1011]",-0.383230945080507,0.00326963271553741,0.155646318542074,-0.678502586451172,-0.503699988911936,-0.373742423012093,-0.258333148720072,-0.119737506406519,2266.10362412728,1.00012007697877
"log_lik[1012]",-0.681566150974948,0.00215751208660021,0.118261799669141,-0.89135954343973,-0.761956252292645,-0.691874339004003,-0.608760485720246,-0.423353690903858,3004.57114860648,0.999276370514294
"log_lik[1013]",-0.495305860079015,0.00187352028770496,0.107623406249472,-0.722262080793549,-0.565381356909085,-0.489501948259261,-0.419106192925011,-0.305468823652086,3299.86874562766,1.00018532587041
"log_lik[1014]",-1.08728697559582,0.00481988290074676,0.282928134842696,-1.75300675940459,-1.25217502319165,-1.03564097812135,-0.875424258988414,-0.680655138142638,3445.71456619751,1.00023662256426
"log_lik[1015]",-0.581627387850887,0.00319475871605714,0.159450843372651,-0.86256424879544,-0.701908234351015,-0.589628831709388,-0.470331847622016,-0.257045687058883,2491.0217182521,0.999438910897255
"log_lik[1016]",-0.75751768101365,0.00288308397347515,0.160662718706844,-1.16942983122712,-0.837292464440877,-0.723723074207871,-0.645455475096625,-0.535549354826178,3105.38634928179,0.999429796786608
"log_lik[1017]",-0.705228928946184,0.0017648716374079,0.102027878483442,-0.898668061410821,-0.771156396476706,-0.709281501047205,-0.643497329861548,-0.49369590100713,3342.03862550557,0.999111579970105
"log_lik[1018]",-0.41296983854961,0.00278634896074755,0.135736581540695,-0.686893556081653,-0.51122000669717,-0.400799285633923,-0.308570478343838,-0.186398368368391,2373.13695565258,1.00033575461553
"log_lik[1019]",-1.48535872347755,0.0107897828506667,0.628717415488391,-3.00238105755501,-1.84500696059942,-1.3407260322423,-0.989940018367233,-0.719559089329614,3395.35799981606,1.00028900784235
"log_lik[1020]",-0.523019465803793,0.00167637245523166,0.101682503731247,-0.738438603993965,-0.586285736186044,-0.517987200066234,-0.454019871054047,-0.334392622429195,3679.18334114484,1.00015690454379
"log_lik[1021]",-0.448350388845581,0.00491391355640165,0.217929467721482,-0.837618669155276,-0.624243546161926,-0.441341174255891,-0.269595043285184,-0.0714659617660188,1966.87559522428,0.999519913083924
"log_lik[1022]",-0.595113285527345,0.00292799836834127,0.148083374737016,-0.863258089852638,-0.705963215242178,-0.600594895637984,-0.488283801244887,-0.305415537112699,2557.82569387344,0.999392446092069
"log_lik[1023]",-0.437849555328805,0.00266989226879539,0.137583643336084,-0.705785385169422,-0.538371914459877,-0.437444393299666,-0.334425546157204,-0.185994234845392,2655.49896204966,1.00020824275821
"log_lik[1024]",-0.48077982293587,0.0021226604277625,0.118235330527801,-0.721054309744636,-0.560970629858196,-0.478203247680227,-0.396168764543612,-0.261268112593457,3102.65504024551,1.00021599217866
"log_lik[1025]",-0.571256596827282,0.00321278565182766,0.159134978891249,-0.854983938382543,-0.692019239259924,-0.574699758943692,-0.455352032019933,-0.266013416889966,2453.39682288855,0.999427336933915
"log_lik[1026]",-1.02195455604493,0.00355106559433614,0.203075869490375,-1.45810185085916,-1.15296088324085,-1.0043686112027,-0.869701670123275,-0.680698589201417,3270.38779750887,1.00004749446754
"log_lik[1027]",-0.401778817658542,0.00327497923493424,0.158550971530825,-0.694028012831762,-0.523650257183381,-0.404212037076156,-0.278947016187717,-0.111789558850963,2343.80088390965,1.00019296466287
"log_lik[1028]",-0.972407365633425,0.00297323127422458,0.181774864449512,-1.37013834882257,-1.08679667430282,-0.954948357944782,-0.841728792931886,-0.66579203968633,3737.75020753255,1.00006530170032
"log_lik[1029]",-0.95816981514894,0.00539773586545316,0.310521563252133,-1.7179308660883,-1.12860041679072,-0.888792184845709,-0.722497523184522,-0.559589059438803,3309.48387998631,0.999780721015535
"log_lik[1030]",-0.400881728865725,0.00315276138110981,0.153444543556782,-0.690934667149104,-0.517657941701668,-0.398360930033015,-0.281775351419247,-0.129208741790723,2368.75800557219,1.00015536527777
"log_lik[1031]",-0.657466872185855,0.00216204645434351,0.1378696897744,-0.994911160577229,-0.727592559746799,-0.637431288085884,-0.572393378582065,-0.424671035166751,4066.37619741201,1.00110869220603
"log_lik[1032]",-0.522095137719839,0.00141607346411774,0.0837669135141952,-0.672442405191641,-0.577485487405118,-0.529881095638465,-0.47002218617355,-0.340732306682047,3499.23780834479,1.00011145968077
"log_lik[1033]",-0.927929323182195,0.00230106948630943,0.13662135973574,-1.25592170129532,-1.00075372559378,-0.904146647491088,-0.833032733939534,-0.724672170957147,3525.15112287223,0.999781804704698
"log_lik[1034]",-0.612129423754765,0.00160318420537645,0.0966247944214808,-0.815941717212967,-0.668248748209475,-0.610731430498821,-0.55450776593267,-0.413879281644644,3632.53924332759,1.00128749364493
"log_lik[1035]",-0.696825645407405,0.00294270495996821,0.176605843016993,-1.04259048582196,-0.804273647962981,-0.711501913011822,-0.584713439869219,-0.333549642410411,3601.77594924176,1.00083817778205
"log_lik[1036]",-0.484639476565354,0.0016996102610052,0.103175963039019,-0.655006398026666,-0.557701198500908,-0.494900389171532,-0.417527203687362,-0.266916025162763,3685.17718474709,0.999801413729515
"log_lik[1037]",-1.10369562997895,0.00472249818294916,0.310217345326269,-1.92483070796431,-1.23674911517712,-1.02109831258047,-0.882771856046986,-0.742247280152533,4315.07705262213,0.999803701665862
"log_lik[1038]",-0.616119775078807,0.00165528800095267,0.10087275147125,-0.831849203424407,-0.673398757257555,-0.612430247325868,-0.556026940013677,-0.41438492014971,3713.64683578564,1.00131187331137
"log_lik[1039]",-0.519304310229339,0.00145434023929704,0.0861534624522929,-0.672104626585288,-0.576734939326957,-0.527313716249677,-0.466339612509365,-0.333259313878876,3509.24291081048,1.00008273651597
"log_lik[1040]",-1.00034586277744,0.00328863798828735,0.206475532985104,-1.5211773562379,-1.09792436744566,-0.953752121646532,-0.854514589640407,-0.735499210362089,3941.89501373827,0.999766742475542
"log_lik[1041]",-0.821274176917641,0.00197212924697221,0.111270641325173,-1.10252942699295,-0.873103386319507,-0.803422957990869,-0.750303831758858,-0.642580297898494,3183.3943032849,1.00051987160131
"log_lik[1042]",-0.471000101031982,0.00180200608936555,0.109572523171089,-0.650005879762491,-0.55094999170294,-0.481263299801359,-0.399900575332066,-0.241148129135686,3697.35215021286,0.999725068546994
"log_lik[1043]",-0.548230097159601,0.00130285965896911,0.0759687538738576,-0.69164129941709,-0.594929350499422,-0.554671212242293,-0.50637311145231,-0.373797927905472,3399.96723062943,1.00063848584848
"log_lik[1044]",-0.513455554021333,0.00141116243294931,0.0838552542336191,-0.66330554707312,-0.570747341098127,-0.519951281559,-0.459441666913418,-0.336810605144236,3531.07178854057,0.999956017582765
"log_lik[1045]",-0.616119775078807,0.00165528800095267,0.10087275147125,-0.831849203424407,-0.673398757257555,-0.612430247325868,-0.556026940013677,-0.41438492014971,3713.64683578564,1.00131187331137
"log_lik[1046]",-0.936968165431252,0.0024382241267421,0.145492026702204,-1.28248401940053,-1.01266111597742,-0.910236251237094,-0.835259525281813,-0.726146400566826,3560.66518747927,0.999767521562169
"log_lik[1047]",-0.706863332315161,0.00310888639905907,0.20456907767772,-1.24825998922111,-0.784821781856457,-0.657127677745626,-0.583379575040956,-0.427776062784279,4329.82424952352,1.00092946276701
"log_lik[1048]",-0.78454928691912,0.00217131515840967,0.127501637662275,-1.08297615496839,-0.850016149749373,-0.777722711236077,-0.706800689637447,-0.5460030779846,3448.1472002002,1.00093436129998
"log_lik[1049]",-0.612361371082484,0.0016663139610121,0.102139858480485,-0.84057617132486,-0.665877411105968,-0.608073445210406,-0.552342298418176,-0.41075811861036,3757.30834896055,1.00136947451601
"log_lik[1050]",-0.484639476565354,0.0016996102610052,0.103175963039019,-0.655006398026666,-0.557701198500908,-0.494900389171532,-0.417527203687362,-0.266916025162763,3685.17718474709,0.999801413729515
"log_lik[1051]",-0.462543663584449,0.00183310877681377,0.110787774161365,-0.648918730931904,-0.544893031432603,-0.47180086270163,-0.385967513884352,-0.237812738835087,3652.64277327874,0.999612212678405
"log_lik[1052]",-0.590470653179923,0.00143555308547975,0.084671090298606,-0.760413281804494,-0.641141099040864,-0.595218840789992,-0.542255798771027,-0.404850016868232,3478.81865597341,1.00128188860759
"log_lik[1053]",-0.620687576614632,0.00130716677101941,0.0843348306347259,-0.807279200384251,-0.666898599881575,-0.6191754147933,-0.571945681797348,-0.453977394497679,4162.47804275136,0.999733096396301
"log_lik[1054]",-0.405772645791687,0.00312788640579165,0.154156514977002,-0.659890623690023,-0.526827274935326,-0.420146187967565,-0.295162498024047,-0.0915427539246277,2428.96816125406,1.00150900179444
"log_lik[1055]",-0.422012664714395,0.00255091203221265,0.138694818717601,-0.663666034586731,-0.529029849662311,-0.430181629737985,-0.321247494807149,-0.150807791104961,2956.17071177077,1.00109324019874
"log_lik[1056]",-1.25744192864322,0.00769547787186998,0.457622237541681,-2.43570684494655,-1.47604957940324,-1.13441063218964,-0.916139503517023,-0.73712612031494,3536.25075416338,1.00086126132615
"log_lik[1057]",-0.94252588770702,0.00244884804468686,0.159100064023622,-1.30845072911116,-1.02920129826765,-0.913299531215746,-0.830338447929386,-0.701688395938357,4221.01634983116,1.00047182227843
"log_lik[1058]",-0.549213024106091,0.00116339429656132,0.0797356255442846,-0.71262252416081,-0.597672952316129,-0.551753569828145,-0.500016969615004,-0.387621127811235,4697.32869208511,1.00017271033913
"log_lik[1059]",-0.698838159405368,0.00303629160325693,0.176976123250339,-1.18372696747234,-0.753545959636592,-0.658768726746506,-0.595669792925736,-0.469924398065959,3397.36648186852,1.00160885803779
"log_lik[1060]",-0.435764743441489,0.0024923593705985,0.135549592240582,-0.66686776972924,-0.538954598615555,-0.446950336543883,-0.34158229193943,-0.155586935467078,2957.84291000787,1.00127279852718
"log_lik[1061]",-0.970610662012763,0.00286863379505897,0.183495229174983,-1.40513032026189,-1.06623580068723,-0.934461860423612,-0.840691789427639,-0.708109433194639,4091.65806824795,1.00062207442721
"log_lik[1062]",-1.08557549189192,0.0041989171267875,0.262670890700223,-1.70366122279228,-1.23563192668911,-1.03503647411982,-0.885904287330046,-0.723268272867447,3913.35536513816,1.00015292419877
"log_lik[1063]",-0.744984895698565,0.00339628574574396,0.201367328986625,-1.29495726680985,-0.824322402492572,-0.69566359733065,-0.61258920538257,-0.481938366794441,3515.35811735364,1.00136189342545
"log_lik[1064]",-0.554989831939041,0.00110642635957572,0.0762896573682251,-0.715569520234214,-0.600818187306453,-0.555738323264914,-0.507793177394819,-0.404602178807927,4754.29691784436,0.999890762341741
"log_lik[1065]",-0.500752746594504,0.00151148964854118,0.0950642319513541,-0.679787976139536,-0.566977383702884,-0.504792891111199,-0.435623273566232,-0.316930950076316,3955.70533499563,1.00033644940391
"log_lik[1066]",-0.567291431142929,0.00107726190907556,0.0735404121478834,-0.728165342486247,-0.608508086193829,-0.566929325492584,-0.522550951044559,-0.419058761634665,4660.25317701387,0.999573711538392
"log_lik[1067]",-0.746714873832297,0.00175524817717903,0.111378553179706,-0.984503516794659,-0.811994523495775,-0.745651904646809,-0.677167456715704,-0.529134665430769,4026.48497388857,1.00012890796065
"log_lik[1068]",-0.900899361545332,0.00181086562983959,0.122165749420656,-1.17132569986239,-0.973908733764868,-0.886543918734839,-0.817368535460068,-0.693539847998613,4551.20580984528,0.999832771784232
"log_lik[1069]",-0.678705421061433,0.00265261040871037,0.152572836157483,-0.961575725461169,-0.782111553354571,-0.693331289588866,-0.585395935689264,-0.346021267262397,3308.31991935383,1.00081819484735
"log_lik[1070]",-0.835481929168799,0.00172836026784677,0.108055723660474,-1.07278031543429,-0.890690786332915,-0.833635876701782,-0.776027096042875,-0.608691260286956,3908.65198938087,1.00002952096783
"log_lik[1071]",-0.537895323337355,0.00120473129132005,0.0816663416876323,-0.701107067137069,-0.589346928687645,-0.539704113206487,-0.48509447978912,-0.376764087459651,4595.21484717229,1.00015828313733
"log_lik[1072]",-0.366044997308605,0.00343636561673576,0.165466436495713,-0.650769558108996,-0.500544064341197,-0.369430086532549,-0.233854688354469,-0.0688593268428868,2318.57472914239,1.00127053826497
"log_lik[1073]",-0.62339315283085,0.00130177263056438,0.0844266956193722,-0.811780253136397,-0.669402766274889,-0.621970126041923,-0.574220164837065,-0.457396770673009,4206.19410828926,0.999700202923486
"log_lik[1074]",-0.746714873832297,0.00175524817717903,0.111378553179706,-0.984503516794659,-0.811994523495775,-0.745651904646809,-0.677167456715704,-0.529134665430769,4026.48497388857,1.00012890796065
"log_lik[1075]",-0.463904169744986,0.00203504135954385,0.118742175034858,-0.672753897179951,-0.551869312052321,-0.471666674638822,-0.381891423478888,-0.220020093315732,3404.57980956906,1.00102786632434
"log_lik[1076]",-0.560444052427783,0.00419845991231814,0.215366182441527,-0.924296243698111,-0.728075265646204,-0.579243072320535,-0.402175733126859,-0.132713362854915,2631.32806667717,1.0009749131743
"log_lik[1077]",-0.726719457476676,0.00283800863401437,0.170549790354107,-1.17454850149714,-0.805494346823604,-0.690421963582775,-0.610971563798127,-0.481554556173254,3611.39468920345,1.00104441482011
"log_lik[1078]",-0.52249122685366,0.00165896530208653,0.0904320422391366,-0.688202991658629,-0.582235486775859,-0.53179200062702,-0.465334422488812,-0.33062872687106,2971.46125609808,1.00228456700563
"log_lik[1079]",-0.376859440371314,0.00380108985746378,0.171890583668838,-0.652934067348255,-0.515111915445654,-0.396430693775665,-0.240189599436001,-0.054925374439314,2044.97451325606,1.00327944200114
"log_lik[1080]",-0.890791522410697,0.00235675685062235,0.125553162752402,-1.19997609302162,-0.953647167167343,-0.870781622561999,-0.809927673318373,-0.692140987066093,2838.08735217664,1.00250687311197
"log_lik[1081]",-0.590304475117559,0.00155363294062095,0.0885696356545975,-0.75703187680726,-0.643877051769305,-0.599211725669754,-0.542522969944345,-0.395360368752821,3249.92152910678,1.00080578983069
"log_lik[1082]",-0.877869372189503,0.00229673895291591,0.121447329193443,-1.18256431393786,-0.934626185457972,-0.860392799042732,-0.802516312722586,-0.678394266620395,2796.09977565056,1.0025163454921
"log_lik[1083]",-0.531754049303132,0.00154103726100328,0.0843027372916844,-0.690298484762554,-0.585866372073462,-0.538439638497776,-0.479397215384774,-0.350381443280479,2992.65789326456,1.002229812648
"log_lik[1084]",-0.713727013265063,0.00275812071798469,0.153407223889531,-1.02500405449441,-0.803757575835843,-0.722791638671997,-0.619691099961834,-0.400037094047909,3093.60656459636,1.00130175761985
"log_lik[1085]",-0.756015185679643,0.00405573506858371,0.241131387877458,-1.38818743676304,-0.849493051618375,-0.692549504294677,-0.605879215930271,-0.45367465738488,3534.82840059888,1.00139810504966
"log_lik[1086]",-0.771617418287893,0.00422564804493029,0.252923182449755,-1.44147409596977,-0.874561869324382,-0.703452402773364,-0.609855157611979,-0.455629931001077,3582.53656768895,1.00134294060087
"log_lik[1087]",-0.520143305736174,0.00169731356093429,0.092495880914321,-0.688665065002802,-0.581525188545771,-0.530454056245186,-0.462926315998298,-0.320474540981657,2969.75500951458,1.00229261990674
"log_lik[1088]",-0.650661208983709,0.00380183884612266,0.197766401503499,-1.00408372954486,-0.78228225053907,-0.677907679246226,-0.52255502810199,-0.219823534196566,2705.93658769337,1.00167010901006
"log_lik[1089]",-0.808187222062339,0.00553263863768041,0.323368486260646,-1.696199837593,-0.906031181778361,-0.710649641129014,-0.611593784991505,-0.457252786573527,3416.1015827861,1.00155572055362
"log_lik[1090]",-0.658619566702423,0.00220680051323054,0.132092897976947,-0.962420493073237,-0.722223281772111,-0.640650619450395,-0.579286289393707,-0.43713143444312,3582.88429942342,1.00120473744329
"log_lik[1091]",-0.65293582518676,0.00288531223915025,0.151783974471365,-0.924658520388596,-0.760486930282562,-0.665998180052373,-0.555567295837219,-0.332747864050635,2767.36347983109,1.00027311941973
"log_lik[1092]",-0.667523367392059,0.00178555100416771,0.105142931929749,-0.916308542600601,-0.722352477896162,-0.653217267101659,-0.599839509092999,-0.487059070446495,3467.49342188832,0.999792050261638
"log_lik[1093]",-0.579550617396283,0.00120237145098767,0.0784820867964953,-0.754938868222221,-0.618620697793551,-0.576212414758597,-0.534507791851924,-0.431021037070004,4260.53142233563,0.999351491753424
"log_lik[1094]",-0.947101027138056,0.00292742076611714,0.17969018955503,-1.3793858095524,-1.04062145112467,-0.913050559467486,-0.823892363879875,-0.675403787713151,3767.71839201733,1.00036343831407
"log_lik[1095]",-0.530856437550214,0.00152016939945893,0.0940483146521214,-0.723735608702912,-0.58893223388131,-0.532159534050169,-0.469906349794761,-0.345457000625721,3827.5252344744,1.00009796099218
"log_lik[1096]",-0.589033927198715,0.00380710509140254,0.188851605606058,-0.912594960614436,-0.73268377648747,-0.607627838046502,-0.453022143029874,-0.205513421423203,2460.66013054673,1.00053684163395
"log_lik[1097]",-0.719902619430326,0.0019127747509684,0.108673657289106,-0.94511724825519,-0.787344812054593,-0.721164651464018,-0.649797034593023,-0.506130138798525,3227.90619425274,1.00005981134128
"log_lik[1098]",-0.569692776677298,0.00118989138241777,0.0781120806053963,-0.745470836371349,-0.609866138490094,-0.56678150471708,-0.524167521697584,-0.41930787630619,4309.4492766963,0.999528259475698
"log_lik[1099]",-0.621256869587731,0.00325944725043228,0.166962283054801,-0.916918890645997,-0.744888903555785,-0.634107996992187,-0.506320933331234,-0.282512956051406,2623.90940001427,1.00041914160651
"log_lik[1100]",-0.63333272680184,0.00127624458792582,0.085272905644288,-0.823070442191366,-0.678489783435478,-0.627234581133235,-0.58253607946477,-0.47046068142661,4464.30950941403,0.999562010989518
"log_lik[1101]",-0.732892551177075,0.00270747821306942,0.156140108438099,-1.11444393687266,-0.809806195777298,-0.703151362500046,-0.623437815389488,-0.500823920219833,3325.82207924948,1.00008079208412
"log_lik[1102]",-0.484284643876074,0.00209503869164146,0.118466114726149,-0.701796386108605,-0.567694945249719,-0.494695221268239,-0.402453045578156,-0.242628916212004,3197.45318581647,1.00045848380939
"log_lik[1103]",-0.722903247508679,0.00263123391349176,0.15102344029495,-1.09835813021949,-0.794702910746112,-0.69260950180653,-0.618223991086049,-0.497006061619375,3294.35048935835,1.00005410653954
"log_lik[1104]",-0.883588455936089,0.00214302793251684,0.138281458099052,-1.20113867291364,-0.952796521965484,-0.863893760644787,-0.796790497045795,-0.655060598783751,4163.63103563623,1.00035047058153
"log_lik[1105]",-1.01822520082826,0.00406967822378479,0.24790109876271,-1.64549316009506,-1.14387587480011,-0.957471637869153,-0.844260765791304,-0.689448033387563,3710.53693282602,1.00041160978977
"log_lik[1106]",-1.20086093937797,0.00703485389692174,0.42715369929423,-2.30359664728573,-1.4116926321584,-1.07260354454838,-0.8883171630882,-0.712398170346093,3686.87301107287,1.00038993590909
"log_lik[1107]",-0.729960794652465,0.00185142447992752,0.10931643342178,-0.953032080116464,-0.795755870288476,-0.73383097278589,-0.66339516721953,-0.503986632280388,3486.25302596309,0.999912312153961
"log_lik[1108]",-0.494639577039482,0.0019640508385743,0.113009490772876,-0.705557080895707,-0.572289925293556,-0.503808385971995,-0.417771283006234,-0.264881437683799,3310.73473816647,1.00039880272064
"log_lik[1109]",-0.567219252041179,0.00412626162832336,0.200514649232838,-0.90742695182593,-0.72259528250949,-0.586455348975292,-0.417252267273021,-0.166340268056026,2361.44965619118,1.00062210127789
"log_lik[1110]",-0.685443104782066,0.00206914696893587,0.118608631902042,-0.968230229077664,-0.747969912561805,-0.666255324555603,-0.606773501762071,-0.491935762023992,3285.86650048576,0.999898231076371
"log_lik[1111]",-0.632036601892395,0.00129173777612293,0.0834993247443726,-0.819908591043278,-0.675208151202972,-0.627739470001006,-0.582898072760019,-0.472411285823223,4178.46920545001,0.999642823418262
"log_lik[1112]",-0.943498031745912,0.00251623168613552,0.147717676334415,-1.27006065028209,-1.02813348595155,-0.930856927977608,-0.839289376662477,-0.684147499890563,3446.3841222546,1.00230788527053
"log_lik[1113]",-0.654280354920649,0.00167456288211849,0.101403701096485,-0.883755851860807,-0.70852828364962,-0.643055829775826,-0.591633723248366,-0.474827221729024,3666.9474970073,0.99990711640534
"log_lik[1114]",-0.719963454211642,0.00298166283206831,0.172813936657893,-1.15834744066994,-0.789367503517407,-0.679693772463204,-0.611732545564497,-0.48857310272266,3359.23559531395,1.00013485023201
"log_lik[1115]",-0.669467879323511,0.00249518433131305,0.142260362633675,-0.939135546679502,-0.76566507738561,-0.677771507725694,-0.577141335719247,-0.380628836167585,3250.59268484659,0.999546340384884
"log_lik[1116]",-0.501780488894733,0.00162297655205843,0.102830867730383,-0.705542480918217,-0.570035765858045,-0.504839105746235,-0.435876959242493,-0.291376038088438,4014.41725191742,1.00050731483421
"log_lik[1117]",-0.492926714820875,0.00478196897170813,0.23039991780047,-0.891697588186611,-0.678440702667999,-0.497440695534824,-0.309820661407697,-0.0832831679390557,2321.40615696502,0.999614087099049
"log_lik[1118]",-0.868680830276725,0.00169482969476367,0.11233539597146,-1.12355934041575,-0.930337286993177,-0.859761619371448,-0.799929155501842,-0.656389428755041,4393.20138476803,1.00074931179523
"log_lik[1119]",-0.373289083681844,0.00328978384919201,0.164455081483416,-0.664713208754377,-0.503749445388173,-0.377869433704915,-0.246888040749642,-0.0755684441076741,2498.96323160234,1.00024089948175
"log_lik[1120]",-0.669467879323511,0.00249518433131305,0.142260362633675,-0.939135546679502,-0.76566507738561,-0.677771507725694,-0.577141335719247,-0.380628836167585,3250.59268484659,0.999546340384884
"log_lik[1121]",-0.413012140359317,0.00272794788609804,0.147480939929607,-0.67509272401021,-0.525308311169797,-0.421285796463647,-0.308246141932954,-0.126507887895494,2922.80374231542,1.00028577649925
"log_lik[1122]",-0.492039755476513,0.00166421883543067,0.0992644925616862,-0.696095548244786,-0.559992170737444,-0.490115656510786,-0.423969678364538,-0.306822952896743,3557.68086269456,1.0013249914356
"log_lik[1123]",-0.777247834597054,0.001620220727667,0.0987701478626351,-1.00240725279783,-0.828042332305807,-0.770831532025068,-0.719754088699584,-0.591396395392526,3716.23389524577,0.999765527761774
"log_lik[1124]",-0.708983296551011,0.00236332612750619,0.139968120837855,-1.05125428441026,-0.779880172289496,-0.684924195700569,-0.61489417047004,-0.489805971611813,3507.6071875357,0.999674266971714
"log_lik[1125]",-0.397759566677157,0.00296032347275728,0.154677133151987,-0.673016021267834,-0.518178052156057,-0.405365002649451,-0.28438267752791,-0.104168958239182,2730.07067907643,1.00025991870811
"log_lik[1126]",-0.511416595310277,0.00149567086703988,0.0951076628154231,-0.707297978120999,-0.572688676177791,-0.511798425695667,-0.448743272365992,-0.324867446390042,4043.51398852356,1.00076714762449
"log_lik[1127]",-0.895052775535379,0.00188948176987767,0.124640503875174,-1.1749754214261,-0.966552322761583,-0.884170883983641,-0.814757244124439,-0.668977763219679,4351.43980178811,1.00086713747026
"log_lik[1128]",-0.969929784098127,0.00340296152795232,0.21852459575449,-1.53124515750359,-1.05358030710616,-0.92237393480674,-0.827980439467612,-0.678423462157687,4123.69534574028,1.00020401082649
"log_lik[1129]",-0.775383970816475,0.00338681891025972,0.20069888282641,-1.27683320649325,-0.87050402917246,-0.731575188588984,-0.635144959642549,-0.501335895761416,3511.60742062609,0.999674049869669
"log_lik[1130]",-0.938909350076459,0.00264214332380636,0.174553641643797,-1.37456773051047,-1.01949776429645,-0.909462170462962,-0.822900168453654,-0.675628166375004,4364.6063766827,1.00025282169636
"log_lik[1131]",-0.846524646820322,0.00428817505703826,0.254973038366214,-1.47488399516823,-0.97380559121212,-0.788518108570687,-0.65880760189958,-0.513375579352061,3535.44028127702,0.999644647565882
"log_lik[1132]",-0.544911884456624,0.00127412010597655,0.0847326721750523,-0.725600310392242,-0.593444206889058,-0.544922779444776,-0.491975502374884,-0.376018583585556,4422.63468322455,1.00057100062549
"log_lik[1133]",-0.338500799975252,0.00277089116694269,0.128090187307196,-0.59125896138495,-0.429405751929608,-0.326151167337518,-0.241353440173219,-0.124585354506055,2136.94224671239,1.00162545659853
"log_lik[1134]",-0.75627884135346,0.0030326056077437,0.184443747604358,-1.19305052732417,-0.854948755802818,-0.727886115732522,-0.626853876282194,-0.478702412145754,3699.09945639142,1.00020199645628
"log_lik[1135]",-0.305426084864228,0.00322037818730711,0.147429579800604,-0.591163923723084,-0.41451571571757,-0.292804895874723,-0.185985867651556,-0.0674235757353065,2095.82734634966,1.00173736285182
"log_lik[1136]",-0.552506917315613,0.00370955933360588,0.187347796779761,-0.919534714723325,-0.686879962157262,-0.541979481315811,-0.412112216158031,-0.219490752495209,2550.65979389329,1.00092129814315
"log_lik[1137]",-0.862246715666686,0.00400784503746956,0.230160100392982,-1.3825214869366,-1.00383355464406,-0.838766364418596,-0.688185642672118,-0.505850375915018,3297.90570586929,1.00013721673147
"log_lik[1138]",-0.615714190311493,0.00312924649246054,0.164006896825105,-0.937384760245577,-0.727163079161122,-0.609437348083138,-0.49731701694623,-0.315729523460258,2746.91154454534,1.00071569676154
"log_lik[1139]",-0.86540266658146,0.00409213522380753,0.248871566797107,-1.45731449751089,-1.00991585766541,-0.828050710710335,-0.679662402991761,-0.50460510768853,3698.71280632474,1.00009249542202
"log_lik[1140]",-0.552506917315613,0.00370955933360588,0.187347796779761,-0.919534714723325,-0.686879962157262,-0.541979481315811,-0.412112216158031,-0.219490752495209,2550.65979389329,1.00092129814315
"log_lik[1141]",-0.327758182205761,0.00290594656727289,0.13453797100602,-0.591234727337849,-0.424973262356342,-0.315272615443689,-0.222906977335254,-0.106536744484267,2143.45563236614,1.00162629707879
"log_lik[1142]",-0.365070073123881,0.00253165420579368,0.113458063962407,-0.592082492124559,-0.44284848894331,-0.355397597572322,-0.281958484473697,-0.17112938114251,2008.45435083233,1.00178922587544
"log_lik[1143]",-0.6221138480852,0.00169766703931051,0.0906684953708142,-0.795825998437623,-0.680033183348545,-0.624412658465953,-0.565786869822602,-0.435774505113888,2852.38263544363,1.00046494660123
"log_lik[1144]",-0.341758461102857,0.00279312414051485,0.131429162022744,-0.593122722314677,-0.437984107876128,-0.33260548491959,-0.240336867204949,-0.120930443657929,2214.12941209841,1.00148700854644
"log_lik[1145]",-0.383217371933121,0.00241867900869083,0.117698943621086,-0.600791493732737,-0.469057441228671,-0.379812910900877,-0.295548630298839,-0.172398255454233,2368.03795502924,1.001220694979
"log_lik[1146]",-0.979541245352537,0.00556994563763411,0.298466710931799,-1.64411845210077,-1.16440900297086,-0.949950694633642,-0.749685833169969,-0.521516510949828,2871.37481252903,1.00023473924245
"log_lik[1147]",-0.465732923174746,0.00450239040438549,0.211229489139586,-0.895906897180424,-0.616594078650048,-0.438727939117316,-0.299147465471358,-0.13293826887959,2201.01395973861,1.00135999886251
"log_lik[1148]",-0.670512255746696,0.00221186029726093,0.129129355578801,-0.964987606869431,-0.739510287948863,-0.657449525484688,-0.586985072101773,-0.452753230429422,3408.27462412955,1.0004745834692
"log_lik[1149]",-1.21133040225169,0.00546733392153802,0.302041296741901,-1.89386406042217,-1.37965504937725,-1.16187152609372,-0.984740057438677,-0.795276467359695,3051.97838258441,1.0003189183033
"log_lik[1150]",-0.319687364240764,0.00294887899261214,0.134027509792729,-0.589421985220435,-0.414129151993107,-0.303626887783843,-0.215993671281516,-0.102736800710879,2065.73207937536,1.00176090361098
"log_lik[1151]",-0.431927255397678,0.00201779138788161,0.100758594349667,-0.617028454391503,-0.504596265704573,-0.431144459194108,-0.359269389947552,-0.238493530429628,2493.51320314059,1.00102734071808
"log_lik[1152]",-0.706004933764249,0.0027258918694738,0.129148346129885,-0.99135981090302,-0.780345155114395,-0.692193681443833,-0.618526929230394,-0.489255066022749,2244.71107562844,1.00012780597093
"log_lik[1153]",-0.874587790276245,0.00414317129475915,0.242244676237446,-1.43126659180678,-1.02280110855446,-0.846193052921328,-0.691199635749096,-0.505850503424283,3418.55604820806,1.00012249875968
"log_lik[1154]",-0.565484312494156,0.00381463489893925,0.197136405284712,-0.926848728161327,-0.708112493288055,-0.566144039020809,-0.420383752131434,-0.190902187554902,2670.71601562532,1.00088683116205
"log_lik[1155]",-0.323417597183215,0.00296385111921422,0.137002670720212,-0.591221911469341,-0.422760888012983,-0.311145555742477,-0.216689420792993,-0.0994110377529117,2136.70860059497,1.00163983493203
"log_lik[1156]",-0.605219329535728,0.00325938279472967,0.170980459129419,-0.936489725717577,-0.723782108075767,-0.60042444711999,-0.48119015139044,-0.290525134412971,2751.83392547303,1.00075120383596
"log_lik[1157]",-0.921992818176801,0.00537870982909589,0.340003032924938,-1.80203291580238,-1.08318894873589,-0.844898272959585,-0.679841185701549,-0.503848422693082,3995.85160216004,0.999982175783578
"log_lik[1158]",-0.522387040778003,0.00379625005643758,0.176598373782309,-0.845551297912704,-0.651610100026497,-0.523207261524717,-0.394319071788235,-0.18342724311675,2164.03249235376,1.00056257562438
"log_lik[1159]",-0.36004858918583,0.0032469316305073,0.141662281641008,-0.648419772188827,-0.461518505813291,-0.34473762971435,-0.252596074853888,-0.128473721424474,1903.54074313328,0.999930655748729
"log_lik[1160]",-0.57986091849767,0.00276421630527762,0.138282533842002,-0.852706584668708,-0.674440901808144,-0.575410457406609,-0.480864175488854,-0.32491517625246,2502.59520883461,1.00097587846538
"log_lik[1161]",-0.758817057810689,0.00189869638325263,0.111692251758856,-1.01572513690445,-0.810992104894128,-0.750976031962854,-0.692346039213412,-0.562739778944602,3460.46966808688,1.00120247516551
"log_lik[1162]",-0.402301202222225,0.00275321930448273,0.12779624421938,-0.659521370819908,-0.492718716647468,-0.392403222537619,-0.308297614444939,-0.181173881991186,2154.54003899032,0.999793105816128
"log_lik[1163]",-1.28319081289364,0.00894204449021513,0.501567693457102,-2.44432574389735,-1.58032517249141,-1.20561838261114,-0.891846441515462,-0.593561196265236,3146.19370663957,1.00018610357769
"log_lik[1164]",-0.595613246770316,0.00266227428547552,0.136805603708889,-0.85933233631844,-0.689743774664449,-0.592623377861032,-0.498723290219267,-0.336386881774238,2640.59732548325,1.0007918615717
"log_lik[1165]",-0.508680755414602,0.00161156140544157,0.0912186588954903,-0.699850711317908,-0.564180557894662,-0.504699275605639,-0.446950627130502,-0.339921042462686,3203.8608798298,0.99970008559956
"log_lik[1166]",-0.394062218396255,0.00298139665456362,0.139705628502269,-0.664471642047907,-0.497705341885668,-0.390143943678321,-0.290537116729494,-0.141599390886176,2195.7772811547,0.999807688004996
"log_lik[1167]",-0.998924667135329,0.00536797102311398,0.309642625654554,-1.75219936386945,-1.17316174381452,-0.947816686921923,-0.765207381090887,-0.572093799063541,3327.37046487986,1.00013170351808
"log_lik[1168]",-0.547170103171708,0.00314007354870804,0.14178953100143,-0.836163887221797,-0.641683069856212,-0.537267472534332,-0.445664011058693,-0.301281016272096,2038.95992979038,1.001812190079
"log_lik[1169]",-0.937993817508496,0.00235358608855032,0.14273224167621,-1.25193067793814,-1.02332837082514,-0.9269943660259,-0.842447437470644,-0.686693137098823,3677.76517831361,0.999365263627402
"log_lik[1170]",-0.338852151394611,0.00597252715207644,0.220981830765315,-0.799326746915139,-0.491147864605541,-0.295727983135749,-0.157920755591112,-0.0347117497329869,1368.9792608255,1.00119673033895
"log_lik[1171]",-0.838952241905736,0.00324846138392271,0.178990311538954,-1.23623417202454,-0.946838289340725,-0.819684733596764,-0.709039728599837,-0.555314714819331,3036.01302887664,1.0006322878146
"log_lik[1172]",-0.451533134722045,0.00218712475014094,0.110440400782624,-0.676909489272226,-0.526952026316806,-0.446616549257842,-0.371360641885897,-0.253369259127152,2549.81597416015,0.999691265863925
"log_lik[1173]",-0.507665317885381,0.00168642378778399,0.0875930637811559,-0.697382783797953,-0.559266688080291,-0.50138470110769,-0.449279711991732,-0.350454107519132,2697.77667375867,0.999837784218133
"log_lik[1174]",-0.986114306741097,0.00516320882195997,0.295502817351408,-1.69643689940356,-1.1556961135096,-0.939713127162912,-0.763390912855777,-0.571899695463075,3275.5472721095,1.00018063157086
"log_lik[1175]",-0.359288607131016,0.00325780167190608,0.142260290755088,-0.648416211292354,-0.461245403684031,-0.344526871945189,-0.25162443535485,-0.125845467333715,1906.85688955763,0.999934589373289
"log_lik[1176]",-0.648992195014236,0.00207591711723481,0.11277389686943,-0.874816575618663,-0.723576320556708,-0.647109466510532,-0.572497777266257,-0.433109405640471,2951.18989608339,1.00102601463462
"log_lik[1177]",-0.920778373857042,0.00219093176385714,0.13001753741416,-1.20440568841838,-1.00010029307328,-0.914981974443846,-0.834412015437516,-0.684331247361155,3521.64981594476,0.999453751041004
"log_lik[1178]",-1.01897032665954,0.00344159339022575,0.199660856728528,-1.48589490513434,-1.13474074704982,-0.994729403973701,-0.874438236213177,-0.702855684700245,3365.63288692849,0.999342202565063
"log_lik[1179]",-0.387825370495877,0.00540692547368824,0.212452917980955,-0.80847175057801,-0.542817576503606,-0.35877315918293,-0.217308877363409,-0.0609307689196602,1543.91943333398,1.00097000951168
"log_lik[1180]",-0.595613246770316,0.00266227428547552,0.136805603708889,-0.85933233631844,-0.689743774664449,-0.592623377861032,-0.498723290219267,-0.336386881774238,2640.59732548325,1.0007918615717
"log_lik[1181]",-0.424943514886818,0.00249226535468323,0.120376836465639,-0.667590622186191,-0.510178369622882,-0.417525748171566,-0.336901837903226,-0.21384142358214,2332.90627277667,0.999737722426086
"log_lik[1182]",-1.10007775442364,0.00433044914557144,0.242688542845591,-1.63692115335528,-1.24606306296438,-1.07338797810101,-0.916715081847938,-0.719322967356625,3140.74489444978,0.999440648276417
"log_lik[1183]",-0.263492961009341,0.00429415021732463,0.162791469901785,-0.631199930796302,-0.367681797867177,-0.227967171212126,-0.133994379553463,-0.0440406393285801,1437.17225217709,1.00042758608553
"log_lik[1184]",-0.526754662112221,0.0028648008568391,0.12994742520632,-0.798050029305168,-0.610918956260964,-0.51872794676918,-0.436300552357583,-0.29034140854847,2057.53144746346,1.00122724270715
"log_lik[1185]",-0.264108929777519,0.00345483876854818,0.144074240797273,-0.590837186839528,-0.352169495787461,-0.238641831122385,-0.153492367933349,-0.0569145796727986,1739.07018963518,1.00304946501804
"log_lik[1186]",-1.18426544374943,0.00682230562194013,0.420398945757454,-2.18903398005948,-1.4028589041961,-1.11035501409801,-0.879537968338732,-0.610734117686749,3797.17746616308,1.00008283726153
"log_lik[1187]",-0.4432883315377,0.00204504048294027,0.101687215025888,-0.662993371202366,-0.503949631153872,-0.435929984057566,-0.372313358331645,-0.267899907188614,2472.45779685951,1.002272303107
"log_lik[1188]",-0.778103395805997,0.00229483824081817,0.146452353318573,-1.10751254426297,-0.857434887546388,-0.757599171335654,-0.678407479486694,-0.549933594719202,4072.75750640304,1.00016818594777
"log_lik[1189]",-0.250725823098013,0.00347821697781589,0.135340455529655,-0.57727336938657,-0.324986479416272,-0.223165368976387,-0.148375525122354,-0.0654505741821026,1514.05595795752,1.00365056086467
"log_lik[1190]",-1.88005145651168,0.0127315939099782,0.694047649690033,-3.45372801395093,-2.31017231879434,-1.79475187326736,-1.35903757309627,-0.828588136828484,2971.75512348191,1.00090207163874
"log_lik[1191]",-0.375545856662191,0.00256544949932821,0.11717615239792,-0.626290526445264,-0.45017318481443,-0.363299917809418,-0.289610962840609,-0.180597545802279,2086.1787951861,1.00268766319312
"log_lik[1192]",-0.523104998667488,0.00286123595185902,0.131614453169636,-0.797541958746637,-0.608689713206836,-0.515553558865689,-0.431495481566996,-0.285283217798373,2115.92281145266,1.00114960733724
"log_lik[1193]",-0.393500764620063,0.00244330156196793,0.109707909271552,-0.630132576597151,-0.460559136449425,-0.38190916400276,-0.315299337747089,-0.209697780675786,2016.14485613668,1.00285602713189
"log_lik[1194]",-1.07146422756572,0.00364866261737125,0.199089983498304,-1.49934617199303,-1.1936336008718,-1.05454000526841,-0.933667813141219,-0.727328079586912,2977.3603944898,1.00124527012459
"log_lik[1195]",-0.332053174159824,0.00295247110471564,0.135509412830303,-0.617523422171776,-0.41889679101995,-0.318539543239293,-0.230444830988326,-0.111542375498332,2106.52983775631,1.00245946105895
"log_lik[1196]",-0.485679670512349,0.00309918473442454,0.147443887913014,-0.793171414883009,-0.583490479039007,-0.474521499677612,-0.378550524124128,-0.228200336818873,2263.38597238968,1.00094255694866
"log_lik[1197]",-0.232133866095408,0.00361873256808328,0.141368531672849,-0.574155185203827,-0.309580203717907,-0.200198367896177,-0.124137616709462,-0.0457354536458401,1526.13346757633,1.0035549896489
"log_lik[1198]",-1.09639936813502,0.00400982162634607,0.239656664339552,-1.64440561953047,-1.23147409856562,-1.06596028893039,-0.928100563054923,-0.722716076067316,3572.14363111711,1.00061336601242
"log_lik[1199]",-0.34620570693844,0.00279518987603083,0.123474360419037,-0.615384469119113,-0.423742536996634,-0.331625858830632,-0.255052324214551,-0.146465468068443,1951.33098705469,1.00285681839822
"log_lik[1200]",-0.261166629545944,0.00348275956713047,0.145081243575656,-0.588822553299187,-0.349445625560116,-0.235183863501561,-0.149808418177841,-0.053843619949001,1735.30393351066,1.00304548075766
"log_lik[1201]",-0.250750206270252,0.00476479969423717,0.179255091658157,-0.722877811878415,-0.3391661711748,-0.20316937598396,-0.116103443037978,-0.0360265280599778,1415.31693902149,1.00260762209195
"log_lik[1202]",-0.481450555627223,0.00313148543889872,0.149373484918442,-0.79272326601258,-0.580776351641555,-0.470316250460205,-0.372366691611724,-0.221074585984283,2275.33964210326,1.00092442891949
"log_lik[1203]",-0.555607824730368,0.0027971223565951,0.120634178982116,-0.804350221141521,-0.634441267999166,-0.551383721252969,-0.472589212540932,-0.328243042336565,1860.02086813277,1.00149432450045
"log_lik[1204]",-0.489875872720084,0.00306347805996593,0.145865125122427,-0.793790224658239,-0.587008345440543,-0.479070514297072,-0.384534768955849,-0.233836284982307,2267.11415789888,1.00093882028298
"log_lik[1205]",-0.390072268561272,0.00245978047498353,0.111254156792326,-0.629933866641212,-0.458657074237482,-0.378743047319379,-0.309432844511406,-0.204017046018332,2045.68986368633,1.0028016918911
"log_lik[1206]",-0.976956207868305,0.00275554482694334,0.166198953549317,-1.3375639328757,-1.07373478824272,-0.962908830041188,-0.865161242739345,-0.686700296163534,3637.82337319958,1.00080275154919
"log_lik[1207]",-0.402662076656278,0.00376846663303182,0.168738514043087,-0.768058221414174,-0.512921114974323,-0.382677293360789,-0.275548143445077,-0.129451918621054,2004.92943547252,1.0013113845119
"log_lik[1208]",-1.17412319309493,0.00506721426175938,0.253621371565362,-1.73347194373484,-1.33395236097531,-1.1559395697349,-0.988967078812282,-0.752728594410627,2505.14666534991,1.00251298569307
"log_lik[1209]",-0.496136490544666,0.00151711251144795,0.0873735314621298,-0.686379689374269,-0.549453385157853,-0.490650699534098,-0.436974136809271,-0.338082593756303,3316.83753035907,1.00180335260499
"log_lik[1210]",-0.353406552342311,0.00316163534516619,0.141442389322642,-0.63647577324379,-0.454362202680214,-0.341551965985455,-0.244699248355794,-0.114584988205407,2001.40791045434,1.00172402999625
"log_lik[1211]",-0.465526644632518,0.00182967381635893,0.102147845198445,-0.675574422883332,-0.534102904728347,-0.461939605824355,-0.391667554737147,-0.281493046608345,3116.81534275657,1.00141844794998
"log_lik[1212]",-0.343636822488586,0.00510954555343673,0.197238025619777,-0.789795441308212,-0.460794323323918,-0.299018506918063,-0.19119945567946,-0.0691935448933091,1490.10455496205,1.00265882333847
"log_lik[1213]",-0.750652600623092,0.00234340371908425,0.128965622887162,-1.04876780920595,-0.824997685345074,-0.739346813062123,-0.660781832487258,-0.538456538360994,3028.68209762781,1.0002773321758
"log_lik[1214]",-0.525356258381297,0.00335342208523906,0.163176913342687,-0.835458080305679,-0.644243072899308,-0.517897649374284,-0.406901390737589,-0.229517912544041,2367.77803283347,1.00068292329997
"log_lik[1215]",-0.395533204471938,0.00271556015023835,0.129970076423935,-0.649941694520719,-0.488965333935441,-0.390865000696033,-0.299651145771292,-0.163329211292262,2290.69830628516,1.00150291265792
"log_lik[1216]",-0.494918726700744,0.00149377071783822,0.0935554389276837,-0.688643430533887,-0.554888081492603,-0.493463243632833,-0.43078937306544,-0.322935686030355,3922.56544119447,1.00118484804566
"log_lik[1217]",-1.04898332773028,0.00594403597693615,0.339764743822046,-1.86765851425075,-1.23662775927728,-0.99697940811191,-0.792536203230774,-0.580690857793561,3267.33574943453,1.00024784518216
"log_lik[1218]",-0.36376814594227,0.00300183419118142,0.135251268175794,-0.637558824768776,-0.459314415523231,-0.352646658942682,-0.259195912629924,-0.136400255284375,2030.06195367899,1.00184984288827
"log_lik[1219]",-0.231965551165244,0.00447331420499473,0.167816624029454,-0.606814628343532,-0.34440371000926,-0.190261770310833,-0.0939998521964648,-0.0185061621522214,1407.37927779886,1.00226041673916
"log_lik[1220]",-0.510876282989348,0.00345750877375227,0.163792345375101,-0.828150600424251,-0.627564853504755,-0.499287860431807,-0.390204228917104,-0.224034691189504,2244.19516162788,1.00100891055275
"log_lik[1221]",-0.541720867792218,0.00323445324616775,0.142709572016713,-0.831749574111176,-0.637974466181616,-0.5303217586671,-0.436907062938575,-0.287773361123225,1946.72430790668,1.0025771555741
"log_lik[1222]",-0.339524183677673,0.00530660060323047,0.207743071541347,-0.796127814444787,-0.472990627624235,-0.294167058235612,-0.174142083911438,-0.0516822588282005,1532.56990432019,1.00193843896249
"log_lik[1223]",-0.36201587093793,0.00328089820860045,0.149933317099205,-0.648008515725376,-0.474828907349012,-0.356790316303146,-0.24709577585401,-0.09468684947654,2088.38606131371,1.00132279948865
"log_lik[1224]",-0.590778985648771,0.00269239867235379,0.140230518826648,-0.856618545987554,-0.69062299558822,-0.587481295205405,-0.492747830743337,-0.32124750070023,2712.72860062348,1.00030947503498
"log_lik[1225]",-0.955624188061358,0.00221821118984667,0.148083841814515,-1.27759620420665,-1.04509274028579,-0.94146358678841,-0.853014876686244,-0.696563029389652,4456.66061148351,1.00087255127386
"log_lik[1226]",-1.00790436301483,0.006004543722522,0.363860164007417,-1.92294872023361,-1.17955284869733,-0.92718506928099,-0.744618198793889,-0.564889166622181,3672.05348985312,0.999975730632945
"log_lik[1227]",-0.737232864981504,0.00180262521397661,0.101608966606197,-0.963045125870752,-0.791471572642055,-0.73428293573386,-0.677034559962512,-0.544392083176682,3177.26315234421,1.00163693162192
"log_lik[1228]",-1.559814139086,0.00965507793185457,0.566521545747526,-2.86759876678475,-1.89676349465334,-1.46572898424179,-1.11746626151346,-0.778518164597141,3442.87532202512,1.0008266200616
"log_lik[1229]",-0.343076094369974,0.00322412409358607,0.141181758062286,-0.631415151278399,-0.443316480610863,-0.328357058248956,-0.232304178811013,-0.112558226678713,1917.4924965646,1.00193154798207
"log_lik[1230]",-0.493325716071701,0.00391695489396754,0.211100521640967,-0.888736474302966,-0.654359673990013,-0.487156924382683,-0.330413356650011,-0.128425166459224,2904.56748993355,1.00071916709506
"log_lik[1231]",-0.653922478970533,0.00158368077647073,0.097393320540677,-0.860195667675595,-0.711271860758386,-0.650384070606382,-0.593035194176821,-0.463359484172768,3782.01333535651,0.999655158417335
"log_lik[1232]",-0.65317701730246,0.00249439531631495,0.149432384049814,-0.947896294985709,-0.751921329498927,-0.66137381840697,-0.554010321651528,-0.356019240487914,3588.87957459241,0.999970997128329
"log_lik[1233]",-0.624545857425047,0.00179682994272879,0.0982589907535896,-0.820186254289637,-0.683639779286903,-0.628099310714492,-0.571315686506727,-0.41621349744582,2990.40937680965,1.00030210707304
"log_lik[1234]",-0.393228973118235,0.00472185168586845,0.226811960703974,-0.852402071473048,-0.559247275235128,-0.351507495988288,-0.206321402071288,-0.0667199008491211,2307.31676902816,1.00151989582053
"log_lik[1235]",-0.554715533334439,0.00341286795800305,0.193428583793928,-0.911107191692566,-0.697254770897222,-0.560719527760615,-0.41590879165123,-0.185273794522407,3212.19818389007,1.00036363168815
"log_lik[1236]",-0.388331848615367,0.00286639659232539,0.150401821753357,-0.666811239997594,-0.501316705860024,-0.393178837580696,-0.276827388881907,-0.1036405493395,2753.17384873536,1.00059845451117
"log_lik[1237]",-0.716326602835141,0.00216255684109203,0.128563386934467,-0.97950628390433,-0.791942605487042,-0.717928751400235,-0.639825408384572,-0.458864376974519,3534.26856191261,0.999710504128687
"log_lik[1238]",-0.870083387278396,0.0043716366545203,0.280391927296327,-1.57305681959699,-0.999095950884742,-0.805295234924328,-0.672469148903819,-0.50694860601521,4113.79735104708,0.999655402238788
"log_lik[1239]",-0.320985926434582,0.00349305485399868,0.170965963278006,-0.648288561763381,-0.451533783726515,-0.310319631300233,-0.181726263703628,-0.0431928870499736,2395.56800293735,1.00096004830994
"log_lik[1240]",-1.42186235140814,0.0125601099232588,0.800608578357478,-3.43874192715303,-1.78181696037417,-1.20009406282541,-0.821234602453367,-0.545983834474797,4063.06338787995,0.999786649144195
"log_lik[1241]",-0.39456995896909,0.00276442915758872,0.145763650214331,-0.667716463275834,-0.5033734136863,-0.39758001070224,-0.288009769521818,-0.119364315040929,2780.27363097036,1.00058953271541
"log_lik[1242]",-0.347356211419616,0.00309124047996629,0.145363988282898,-0.651806476122471,-0.449470222243556,-0.329319561816198,-0.234079318181754,-0.11450738861427,2211.30208915536,1.00123154793827
"log_lik[1243]",-0.433888219701308,0.00242281518393295,0.132615677468502,-0.677667129071816,-0.527636258551045,-0.441947684823204,-0.344300165159027,-0.168355047237269,2996.05073184127,1.00039284071195
"log_lik[1244]",-1.08932840320223,0.00425642245938086,0.235450878892311,-1.60883919363567,-1.23021607748205,-1.06161761675709,-0.914073988792511,-0.715545230592821,3059.92780225061,1.00071115599588
"log_lik[1245]",-0.466305900916437,0.00467948730129443,0.197725946271009,-0.868779860273545,-0.606872126194651,-0.445052714372426,-0.314266565788781,-0.143935653124223,1785.38046744485,1.00308955648534
"log_lik[1246]",-0.409953482249699,0.0054667927520747,0.213086727603815,-0.857642233128352,-0.557877661386223,-0.379629018709696,-0.241768629738533,-0.0884927316801705,1519.31414068172,1.00385463591075
"log_lik[1247]",-0.519100296694603,0.0039952104284302,0.18523260043452,-0.888115697790357,-0.651771702664392,-0.509560597740092,-0.378163458877273,-0.196648194723762,2149.58949086613,1.0023052119572
"log_lik[1248]",-0.584774896345277,0.00233636805234177,0.119092662270731,-0.799083967530825,-0.656330793037189,-0.597256981892781,-0.520627882056855,-0.309358780017622,2598.28920894371,0.999663552453227
"log_lik[1249]",-0.680964756606301,0.0037489293914041,0.149507132726501,-1.01053064918299,-0.757684820508792,-0.665749691208507,-0.586961533562884,-0.433450625470618,1590.41075333994,1.00118150496266
"log_lik[1250]",-0.296829019260602,0.0038878407512199,0.154523199196813,-0.613595165603846,-0.407503509025801,-0.279025869272206,-0.173369990423848,-0.0547771734996692,1579.68482762497,1.00450682856089
"log_lik[1251]",-1.27726023387994,0.0062861190511937,0.359956792285995,-2.12741100498762,-1.48531848390508,-1.21649887148857,-1.00788163930822,-0.769129467816452,3278.9556491958,1.00151566369648
"log_lik[1252]",-0.31333548259608,0.00374854408584459,0.158950835297805,-0.621652404765698,-0.432623086128299,-0.304346651818847,-0.186757080081315,-0.0517432442440753,1798.04428206207,1.00404528246536
"log_lik[1253]",-0.305412715588537,0.0037404882948995,0.144146657251638,-0.605741430698146,-0.404049136519222,-0.287393386954071,-0.192291199177505,-0.0784469996799142,1485.08923866171,1.00463886339704
"log_lik[1254]",-0.420741995021568,0.00230447355739289,0.113016785698519,-0.637152981259528,-0.499668212167667,-0.41830792478821,-0.339111892520195,-0.211586127705906,2405.1515372749,1.0028881429022
"log_lik[1255]",-0.367836108686828,0.00331789379920525,0.11674473995529,-0.619184985516958,-0.44212201028345,-0.358048781005568,-0.282776916545104,-0.165043665417881,1238.08277844932,1.0050866388491
"log_lik[1256]",-0.883453805364724,0.0045895034468416,0.29173542933647,-1.62601354548284,-1.02168136485533,-0.816318525302115,-0.676933241765309,-0.51027573328271,4040.61013007099,0.999882151709305
"log_lik[1257]",-0.863668209940953,0.00188890671278173,0.111743941676266,-1.10416254138525,-0.922713733972596,-0.855611735117762,-0.797270560316274,-0.654084988956997,3499.66886137033,1.00146497263362
"log_lik[1258]",-0.252815341208788,0.00436564370216305,0.154914214798198,-0.593791194246205,-0.354221776131832,-0.219680839473151,-0.129489518972425,-0.0381054840108509,1259.17462623525,1.00554263398781
"log_lik[1259]",-0.373527123242162,0.0029085141175207,0.125014784098674,-0.624375383830106,-0.459309857374116,-0.364449711271404,-0.278435437257831,-0.152729834810483,1847.48277563921,1.00372949081229
"log_lik[1260]",-0.963098417667183,0.00245851356701445,0.150357241547088,-1.30088792883672,-1.04873744508786,-0.947789935194239,-0.859282472125328,-0.713024061594133,3740.27453655418,1.0014399493463
"log_lik[1261]",-1.14947327710676,0.00794594310518247,0.459774715478627,-2.27255317633607,-1.40526172541931,-1.05871935059318,-0.800808013880685,-0.544787830410099,3348.10651877925,1.00049281404948
"log_lik[1262]",-0.502504710481719,0.00149357213268259,0.0809967841112613,-0.673990315055288,-0.550388282510541,-0.500489652101497,-0.451818353938445,-0.344927722465226,2940.91957665574,1.00264926833308
"log_lik[1263]",-0.367733209115269,0.0014903135006458,0.089925725887941,-0.558451456762197,-0.424075149497438,-0.362744022640962,-0.304565581465025,-0.207494424447286,3640.93254502684,0.999752188488223
"log_lik[1264]",-0.853717309452811,0.00216312311393323,0.155104732269665,-1.20494758113008,-0.945639735625405,-0.842086934083311,-0.749817570066512,-0.578051525037541,5141.47372680045,1.00003303256297
"log_lik[1265]",-0.201671900459159,0.00186304219314395,0.100611757063988,-0.442624362134861,-0.257443942979847,-0.184456015137553,-0.127114724787819,-0.0590854536186611,2916.43355030763,0.999936646533429
"log_lik[1266]",-0.550638849925764,0.00177511817360443,0.111902904689621,-0.799350952109325,-0.61731097263322,-0.544443462659307,-0.475500474814016,-0.34668031246639,3974.00289260219,1.00027979173127
"log_lik[1267]",-0.192908741208088,0.00246089555821093,0.127068024696625,-0.532359800931166,-0.254354740273961,-0.162205351820718,-0.100790305516855,-0.0350733433119241,2666.15990335158,1.00053116650856
"log_lik[1268]",-0.515308759964395,0.00188228779442894,0.131483303193277,-0.794868260200433,-0.601016128675178,-0.509411351919343,-0.42271783625854,-0.275275128519983,4879.43076444821,0.999937092429012
"log_lik[1269]",-0.256827793170182,0.00176920085381217,0.0995310143874497,-0.479516125706245,-0.316910682307683,-0.244526785527352,-0.183279322624533,-0.100012709279927,3164.9188572952,0.999880120376182
"log_lik[1270]",-2.18031726019372,0.00983185701833459,0.714600085527547,-3.81036181037053,-2.60246737480324,-2.07991768057658,-1.66462691141432,-1.06499790787624,5282.68870327513,0.999540443373691
"log_lik[1271]",-0.656231092565272,0.00152763721113645,0.101865886446178,-0.888414525022686,-0.711118700207057,-0.650030645468171,-0.591278693407933,-0.466092999193785,4446.48754675147,1.00005787988619
"log_lik[1272]",-0.411863109123257,0.00209204221184479,0.132935643066319,-0.710996913217845,-0.495247959145453,-0.398395275686155,-0.316438748975325,-0.184985944387507,4037.77388810134,1.00013944651344
"log_lik[1273]",-0.174765706416854,0.00257740525746246,0.136093863710996,-0.542275884829184,-0.240292894627062,-0.13740696417862,-0.0737008066957574,-0.0181677986098065,2788.12132178355,1.00006097261576
"log_lik[1274]",-0.228262829257082,0.00182449824425697,0.10031420252051,-0.45987082515591,-0.287145936191554,-0.213476587209687,-0.153938757737311,-0.078618997389632,3022.99862984597,0.99992439522107
"log_lik[1275]",-0.328438985549054,0.00229769020551343,0.138254017827466,-0.648364071303339,-0.412796576861503,-0.308294917814558,-0.226357905433796,-0.112875148772287,3620.53355315072,1.00016547882352
"log_lik[1276]",-1.72540026557204,0.00817469257993927,0.60772469871957,-3.13696355190835,-2.07896635105185,-1.64501968341507,-1.27730550196756,-0.788660881946063,5526.76393770815,0.999833448671725
"log_lik[1277]",-0.203142616948405,0.00186345214130711,0.100147125924966,-0.442784840577721,-0.258174607481975,-0.186244726626133,-0.129040884413136,-0.0608342150306568,2888.28798570929,0.999971433808583
"log_lik[1278]",-0.568986925893857,0.00166590231043449,0.115621090639407,-0.823068660750629,-0.639115323378352,-0.562535420574291,-0.490806887595159,-0.355068636068675,4816.98243174359,1.00007507135551
"log_lik[1279]",-0.558595063321511,0.0032765670099519,0.118422311991621,-0.818605020339204,-0.625748803425695,-0.553461242061537,-0.479629177137587,-0.345181273606471,1306.25799881951,1.00140198366513
"log_lik[1280]",-0.256827793170182,0.00176920085381217,0.0995310143874497,-0.479516125706245,-0.316910682307683,-0.244526785527352,-0.183279322624533,-0.100012709279927,3164.9188572952,0.999880120376182
"log_lik[1281]",-0.259811810833525,0.00183624666508265,0.0940410758395554,-0.473322004058675,-0.315935928101367,-0.247692044860944,-0.192069122129315,-0.110241385604581,2622.84808841585,1.00052917870265
"log_lik[1282]",-0.204848795959627,0.00188527815595249,0.0956374085689002,-0.434248114556324,-0.257298333885545,-0.189309847454484,-0.134637237178275,-0.0658734552196679,2573.3847825614,1.00042840816708
"log_lik[1283]",-0.203142616948405,0.00186345214130711,0.100147125924966,-0.442784840577721,-0.258174607481975,-0.186244726626133,-0.129040884413136,-0.0608342150306568,2888.28798570929,0.999971433808583
"log_lik[1284]",-0.393555636499253,0.00149345058984251,0.0835261688533937,-0.568482552386555,-0.445518978911383,-0.389206215340833,-0.33723036316596,-0.244326436320055,3127.97595644908,1.00026739002476
"log_lik[1285]",-0.201612323485108,0.00187950369999461,0.0961247507034913,-0.432733461710046,-0.253781397722597,-0.185561088465312,-0.130661049589423,-0.0627473464005989,2615.67681549956,1.00035780886957
"log_lik[1286]",-0.278310860283487,0.00225428246844411,0.0905665589347463,-0.480876568631685,-0.332457269995926,-0.268735375270288,-0.214307108177814,-0.125860757047081,1614.05774126679,1.00207697564292
"log_lik[1287]",-0.333467020997229,0.00228774984381284,0.137157646392595,-0.649763588375321,-0.416099032786894,-0.314197920473133,-0.232687421965847,-0.117543284998953,3594.37164354183,1.00020352561386
"log_lik[1288]",-1.12381858076088,0.00393298489457495,0.269019275064119,-1.74220152589961,-1.2824030241261,-1.09945878259189,-0.932432186063663,-0.674404473951478,4678.66811495956,1.00007774867972
"log_lik[1289]",-0.117752794797425,0.00196739800327798,0.0967986606168083,-0.376262326027714,-0.157701143657887,-0.0916705504639621,-0.047876431565789,-0.0119119144588875,2420.77398561526,0.999996086774888
"log_lik[1290]",-0.307377803260132,0.00257546801132243,0.111986784105293,-0.559051947657847,-0.374796097412027,-0.295445666646854,-0.229577391030708,-0.118075914922978,1890.69391488692,0.999844420877923
"log_lik[1291]",-0.250747704805423,0.00220292378378416,0.119601483600684,-0.530678042717369,-0.317881730665244,-0.232157480640722,-0.16322354912769,-0.0677703937091409,2947.63829556689,0.999766416998321
"log_lik[1292]",-0.288377720705367,0.0021908977393425,0.120404193973134,-0.566999999764953,-0.359547684808383,-0.272635677513034,-0.201007101317139,-0.0937281986122304,3020.22303086002,0.999702276482689
"log_lik[1293]",-0.129477155104395,0.00166822821397874,0.0990808774353199,-0.384446927379093,-0.177213506146575,-0.102702476620717,-0.0557140714434341,-0.0142058193033741,3527.51414555361,1.00044177243312
"log_lik[1294]",-0.133641098903675,0.00212753056158353,0.0990210750380626,-0.395353810940475,-0.176063730742653,-0.108536267744007,-0.0632862905625532,-0.0173950061186932,2166.22547711705,1.00003986283356
"log_lik[1295]",-2.89567782460985,0.0134017659143075,1.00265253613259,-5.14096405943245,-3.49974578803054,-2.79564084429858,-2.14973508203551,-1.28096104189029,5597.27774100028,0.999571947687964
"log_lik[1296]",-0.156972486459205,0.00211222443279105,0.120043756562763,-0.463409402832086,-0.214598476975464,-0.125787578876003,-0.0685479951882822,-0.0152755144737125,3229.97403418692,1.00023154778879
"log_lik[1297]",-0.409411393811122,0.00265179294362044,0.106927033514861,-0.630943922189976,-0.478829305129699,-0.406904449962595,-0.337295067268076,-0.207407376815503,1625.9074289361,0.999921511439345
"log_lik[1298]",-0.44019550128972,0.00199616523841899,0.111593406909745,-0.668377127177952,-0.512624462582643,-0.434272016850076,-0.363166699939581,-0.229317185666862,3125.2451971519,0.999564495652108
"log_lik[1299]",-0.683126504797314,0.00229642058452376,0.0984865419021487,-0.878787392255806,-0.745376789590286,-0.687008302848397,-0.626026643040354,-0.47525390019096,1839.2929871134,0.999922253338672
"log_lik[1300]",-0.311044761503755,0.00170717825125374,0.100722502934031,-0.533436840228203,-0.373047159567695,-0.29957990014542,-0.237780556308966,-0.144396735451338,3480.92992037552,1.00031686022699
"log_lik[1301]",-0.311044761503755,0.00170717825125374,0.100722502934031,-0.533436840228203,-0.373047159567695,-0.29957990014542,-0.237780556308966,-0.144396735451338,3480.92992037552,1.00031686022699
"log_lik[1302]",-0.106696070663442,0.00163916523182232,0.0812051809162995,-0.324798535486832,-0.142003936617532,-0.0849204178405083,-0.0484965271654184,-0.0148156338522564,2454.26813683278,1.00047241249135
"log_lik[1303]",-0.140185568279646,0.00178393078496014,0.0878984095568352,-0.365000279241477,-0.184282722221107,-0.120058964506336,-0.0759646637127462,-0.0283154586982338,2427.76157687111,1.00050163063198
"log_lik[1304]",-0.709084385852995,0.00336651716069547,0.132242980924838,-1.00990956843796,-0.779934129039254,-0.700474517954198,-0.627730473851778,-0.469635348240895,1543.06277785297,1.00001763710388
"log_lik[1305]",-0.269088172259497,0.00173983833558496,0.102112076335247,-0.499807344479893,-0.33171830940788,-0.25620798642776,-0.194305774253499,-0.10730995103427,3444.58116588826,1.00030815694029
"log_lik[1306]",-0.501438895721045,0.00185028032783397,0.106330072064185,-0.708898261632405,-0.572896096166617,-0.500804621745149,-0.429635322621201,-0.2926053248319,3302.45686326144,0.999543647176152
"log_lik[1307]",-0.415923642153149,0.00158700911608689,0.0927919954641766,-0.626318270638355,-0.473588282075516,-0.407956052895063,-0.350939101691181,-0.253988762715947,3418.70939546631,1.00035796535237
"log_lik[1308]",-0.44019550128972,0.00199616523841899,0.111593406909745,-0.668377127177952,-0.512624462582643,-0.434272016850076,-0.363166699939581,-0.229317185666862,3125.2451971519,0.999564495652108
"log_lik[1309]",-0.112129912000508,0.00158084035299961,0.0875576021818389,-0.345057376737001,-0.151631988285407,-0.087374076101823,-0.049087703289146,-0.0139215993204377,3067.691568261,1.0003960871979
"log_lik[1310]",-0.260372817800503,0.00241364028940381,0.11333182126574,-0.525462601970415,-0.325222845446515,-0.244257844047371,-0.178637760512023,-0.0812407847599987,2204.74640323035,0.999804840518116
"log_lik[1311]",-0.460668427191803,0.00367962663225816,0.122315795685687,-0.749718793049377,-0.520501570755458,-0.445933339413296,-0.381241923208266,-0.267824124282018,1104.98805326419,1.00147195728342
"log_lik[1312]",-0.231389482912936,0.00190154965010249,0.0968328068549514,-0.454616699069096,-0.289570511466185,-0.216988940713115,-0.159779373640288,-0.0840456422747834,2593.16232076868,1.00053246332809
"log_lik[1313]",-0.218316156248064,0.00219442662222121,0.117514951742562,-0.503472768415782,-0.281495276385472,-0.196929860087959,-0.132054023309032,-0.0496000731238411,2867.76873978918,0.999834936857177
"log_lik[1314]",-1.05115279676275,0.00289870284621,0.158594801289904,-1.38123406580528,-1.15125616820128,-1.04711049305896,-0.943504049933151,-0.745496430080083,2993.43960502567,1.00013441481592
"log_lik[1315]",-1.33329026045297,0.00553511671128422,0.333477064825414,-2.13535253318523,-1.5261455621912,-1.29657676124935,-1.09932166513219,-0.796530756060527,3629.76388514817,0.999631816348808
"log_lik[1316]",-0.968791636608374,0.00289700508897227,0.132310036191594,-1.24604669193181,-1.05056382638954,-0.968954010573928,-0.88347854822426,-0.702501956908411,2085.86914677676,1.00044912616463
"log_lik[1317]",-0.114296552322775,0.00159166252212849,0.0876451443790774,-0.346173710701406,-0.154619394715673,-0.089816715040968,-0.0509173095634351,-0.0150032658362361,3032.17135678126,1.00039253671307
"log_lik[1318]",-0.26303429262858,0.00172391112051718,0.103256588195815,-0.49719329462574,-0.326702846262869,-0.249417470202545,-0.187989665288145,-0.101045400534014,3587.61473923509,1.00027708532498
"log_lik[1319]",-0.693845486496218,0.00284051851837862,0.125565175150534,-0.945506586197137,-0.764520730889056,-0.690684117922232,-0.618522174670686,-0.451576257741607,1954.08370714822,1.00103352535586
"log_lik[1320]",-0.12486708414565,0.0046172249788057,0.166067764751522,-0.578899009337912,-0.183545017309666,-0.0451805179370691,-0.00714711986151906,-3.53134381496208e-05,1293.62561774944,1.00292250030489
"log_lik[1321]",-0.366883342003477,0.00489725621836976,0.237483181303494,-0.817548754447648,-0.548955070394164,-0.339596293044738,-0.165630191078239,-0.0110377018779264,2351.58165425524,1.00133692693311
"log_lik[1322]",-0.252126604790509,0.00584077276064815,0.230709955649766,-0.789123530586589,-0.394120575080457,-0.174040498512065,-0.0624990306888784,-0.00331545055445094,1560.24231211047,1.00224711283506
"log_lik[1323]",-0.248547381006434,0.00409502421497536,0.180310407762704,-0.613589766322975,-0.38547795164718,-0.216419890763607,-0.0950739401427377,-0.00670128079806517,1938.78049834208,1.00223770345069
"log_lik[1324]",-0.647982892876137,0.00261941355870436,0.141619687499022,-0.934531474292583,-0.738035972187188,-0.648824689052196,-0.55127176064757,-0.375083481986009,2923.06936294802,1.00155491599995
"log_lik[1325]",-0.615430356637938,0.00279164624299707,0.146074019250961,-0.912316098920056,-0.710532724070375,-0.611286223191161,-0.51224139194427,-0.347197017314497,2737.9479697802,1.00200657650559
"log_lik[1326]",-0.580401601981094,0.00246807422833549,0.109330556755561,-0.768528670879301,-0.650830979082671,-0.595150516463545,-0.522029637453975,-0.323724794423884,1962.30578936531,1.0011657933191
"log_lik[1327]",-0.363541740865921,0.00504240090083029,0.193213535178093,-0.809094072309025,-0.47185997876175,-0.323815176068164,-0.215446055016106,-0.095550563214082,1468.25115144011,1.00425258502537
"log_lik[1328]",-0.45175874775938,0.00438534081918957,0.195660392987913,-0.845009163522286,-0.58691084481489,-0.431262878294523,-0.298398666235004,-0.133772809667551,1990.66939737769,1.00371137051107
"log_lik[1329]",-0.293343008592124,0.00333955312454695,0.138841130587393,-0.59198997649472,-0.387513440198131,-0.272469564726135,-0.186126004983908,-0.0807690745800577,1728.46094112498,1.00434798629562
"log_lik[1330]",-0.744642572802058,0.00359675927928069,0.139889119171913,-1.0352927545538,-0.830674884217632,-0.740274764883872,-0.653717876607037,-0.478691622941091,1512.67324592615,1.00218223167349
"log_lik[1331]",-0.376613906017626,0.00265789862468272,0.123557348572205,-0.616440212782075,-0.464961947416736,-0.373381736800671,-0.2868348125221,-0.149170664359927,2161.02770884489,1.00341307280394
"log_lik[1332]",-0.356229182020305,0.00270858151839754,0.118966534408404,-0.605234849702742,-0.435631830276515,-0.346935991050013,-0.268817839776718,-0.150910481310825,1929.14912030976,1.00381821612145
"log_lik[1333]",-0.731768770241831,0.00239782465429864,0.136175525089017,-1.03285878040701,-0.814548977518995,-0.718730462213382,-0.639763065507785,-0.491306209981573,3225.24918825874,1.00074320089162
"log_lik[1334]",-0.402032476739006,0.00233208527896673,0.108658940495727,-0.617860807158126,-0.475237377396796,-0.398836703956961,-0.325237530669689,-0.198924995819493,2170.9112889098,1.00323932078786
"log_lik[1335]",-1.6708730876462,0.0132293245508825,0.776349637959834,-3.44814656757809,-2.15075446033153,-1.54323900596497,-1.05740128741048,-0.592125711435988,3443.81146578115,1.00230310823424
"log_lik[1336]",-0.280362802606598,0.003523533181175,0.145441869783841,-0.590310705354278,-0.380679822638816,-0.257421946311034,-0.166778894225596,-0.0613665306601942,1703.81393967798,1.00442626246032
"log_lik[1337]",-1.09243218752676,0.00638209828981271,0.376679980372847,-1.97586539759355,-1.31878139957858,-1.03286158332527,-0.807032190558597,-0.560450662742487,3483.51834043089,1.00188152877173
"log_lik[1338]",-0.402032476739006,0.00233208527896673,0.108658940495727,-0.617860807158126,-0.475237377396796,-0.398836703956961,-0.325237530669689,-0.198924995819493,2170.9112889098,1.00323932078786
"log_lik[1339]",-0.657472761529671,0.00243808880732424,0.124655279942221,-0.928869392886484,-0.732262494835273,-0.648662443254852,-0.569544991405483,-0.44085497605397,2614.10071111714,1.00153250890194
"log_lik[1340]",-0.467861072094599,0.00453153673918749,0.206955763638568,-0.858549169124538,-0.619525508872506,-0.456560249432642,-0.306127181035684,-0.108805585888591,2085.75859045614,1.00351047355954
"log_lik[1341]",-1.14075101397908,0.00819335677765629,0.493273257982383,-2.42235194200026,-1.37827086947449,-1.02406887200559,-0.779044422145871,-0.551639209492631,3624.52759044169,1.00144614511454
"log_lik[1342]",-0.272596034720019,0.00353308290926662,0.143269104505597,-0.585688845068094,-0.36902628728104,-0.247115753489107,-0.160907156844763,-0.0645622248569585,1644.36201076807,1.00453110726932
"log_lik[1343]",-0.316390536913257,0.00312231493076033,0.133281187237531,-0.598356475973219,-0.407856496483379,-0.30015576938204,-0.215310730297653,-0.10013596580763,1822.1507061292,1.00414033941891
"log_lik[1344]",-0.528323576863145,0.00359594576195935,0.173084208721237,-0.871941827115145,-0.6466142952568,-0.518083043575219,-0.398116045209194,-0.225451991208547,2316.80044934163,1.00299197232164
"log_lik[1345]",-0.396108752115693,0.0049240525589686,0.207142258054597,-0.830852422076349,-0.532122220260489,-0.363937972971578,-0.230581935102124,-0.0875112802001341,1769.66903781901,1.00419756930876
"log_lik[1346]",-0.522326990333283,0.00237456480592583,0.114786415405228,-0.769810339322788,-0.594257104224032,-0.516359299900468,-0.441919177016111,-0.319120168868358,2336.75367365045,1.00097863628498
"log_lik[1347]",-0.678945775676701,0.00178197467193763,0.0956845688056353,-0.85939113468887,-0.741897323603358,-0.684807646858596,-0.620738823107836,-0.478610849624241,2883.2397341214,0.999424366370142
"log_lik[1348]",-1.11622623819786,0.00564281900461931,0.302967121250626,-1.79588318190575,-1.30321074792713,-1.07663191891162,-0.881265467369942,-0.662051649162528,2882.69543246993,1.00074552327214
"log_lik[1349]",-0.587062319703216,0.00186965938908156,0.0924626796968719,-0.806422644911895,-0.63379382223366,-0.573488759303001,-0.524986027605826,-0.439964105489916,2445.7269088058,1.00081105134337
"log_lik[1350]",-0.427070242412192,0.00414612514563246,0.198826851661669,-0.802234790253058,-0.57979886314855,-0.411139452212786,-0.267241516963087,-0.0955975083314348,2299.66861520911,0.999658754548892
"log_lik[1351]",-0.922483365957386,0.00410957668956437,0.248044607674405,-1.53080946209891,-1.0639571880521,-0.878130733195712,-0.73748245561031,-0.580275857837788,3643.05226414249,0.999585303894188
"log_lik[1352]",-0.549291661141739,0.00215717733218434,0.104950469319698,-0.780976741023465,-0.610819215015941,-0.540943756882778,-0.477415373817358,-0.370341177548351,2366.99354707134,1.00098664375723
"log_lik[1353]",-0.442490053349709,0.00387475274993857,0.188679065463148,-0.802927992789952,-0.586805051704414,-0.42711150347191,-0.291250942563019,-0.128198058664312,2371.15226123086,0.999615184928757
"log_lik[1354]",-0.693229541343537,0.00184714308950519,0.0977468180413377,-0.930065287100449,-0.741527626860698,-0.677527207818188,-0.630003225943019,-0.538750055079157,2800.2975366576,0.999754376920173
"log_lik[1355]",-0.597522579878614,0.00191238258710886,0.0922769759196472,-0.82799786156597,-0.642191257215417,-0.582696988024721,-0.536766608993622,-0.449365015117443,2328.29039033502,1.00046131897939
"log_lik[1356]",-1.14520632349067,0.00633907014469252,0.354114696095882,-1.98849055137596,-1.34018414778763,-1.079041922423,-0.874947557334259,-0.659213711381639,3120.59053277889,1.00074647497538
"log_lik[1357]",-0.922483365957386,0.00410957668956437,0.248044607674405,-1.53080946209891,-1.0639571880521,-0.878130733195712,-0.73748245561031,-0.580275857837788,3643.05226414249,0.999585303894188
"log_lik[1358]",-0.5377577411825,0.00288460567548942,0.154144845470259,-0.820398793059836,-0.650694359757459,-0.537099406399037,-0.423253689472199,-0.243806159777245,2855.51934116267,0.999429831713393
"log_lik[1359]",-0.423971725645749,0.00332552779800087,0.156096577085705,-0.728707069386627,-0.539959914759789,-0.416672888856071,-0.305800316720417,-0.151230894945418,2203.25921329508,1.00076102544393
"log_lik[1360]",-0.853691923758783,0.00263111658639567,0.133304872280489,-1.12992957553004,-0.935325287547041,-0.848897360302819,-0.767529971629177,-0.601944690016391,2566.91720874196,1.00086318987459
"log_lik[1361]",-0.588522891655934,0.00189572480644599,0.09158924983977,-0.810408860864765,-0.634485607934566,-0.574670713331645,-0.527673783488331,-0.441390900122044,2334.201897505,1.00060659506442
"log_lik[1362]",-0.368726238323356,0.00486868129870548,0.219274060707029,-0.793938620890247,-0.537379181193117,-0.339156409589747,-0.184437555269619,-0.0415106628119232,2028.39170128203,0.999799465628485
"log_lik[1363]",-0.505234704915301,0.00325053548636262,0.170536503937111,-0.816529046377733,-0.63370304479296,-0.504961628019803,-0.375770448412145,-0.1875443543139,2752.48453673528,0.999509169337936
"log_lik[1364]",-0.68453089662342,0.00176437916451222,0.0974532537872809,-0.868385365069605,-0.749635800380817,-0.689514878576649,-0.625083428969892,-0.481189070527799,3050.76564327625,0.999325609406509
"log_lik[1365]",-0.638642744729884,0.00198135549754385,0.10793652946869,-0.844513104599065,-0.711945898690242,-0.640696124848588,-0.566498251784818,-0.422068511158276,2967.64597979745,0.999270178760918
"log_lik[1366]",-0.702291276833205,0.00186393052136397,0.095924339163055,-0.885007526764295,-0.762648882221155,-0.708901136365373,-0.646317349925251,-0.494869875877784,2648.48911412783,0.999883651769106
"log_lik[1367]",-0.923633804248188,0.00329557852846563,0.157242789364914,-1.25054990961351,-1.02952229961041,-0.920172326658252,-0.813766197781567,-0.629499001683013,2276.55501147255,1.00074063838297
"log_lik[1368]",-1.06659208985674,0.00517575792425133,0.279679403645021,-1.70943044975119,-1.23019448931016,-1.02323629073137,-0.856237487639997,-0.650456748560679,2919.93415671464,1.00080055461477
"log_lik[1369]",-0.404029560911052,0.00332003224320562,0.149165557955585,-0.714302595507198,-0.509156170345216,-0.385222929621709,-0.289458323366661,-0.16085204154932,2018.61042095515,1.00071449667208
"log_lik[1370]",-0.651484624983186,0.00192510127104627,0.107317128802381,-0.851868035704243,-0.725146549601164,-0.65454048287197,-0.581997845777252,-0.430691513086754,3107.64161326703,0.99924552272604
"log_lik[1371]",-0.878374486153258,0.00357646313239952,0.214381079787096,-1.39675772158769,-1.00060834331814,-0.841754048870942,-0.71892427737177,-0.574503976338773,3593.06772338052,0.99951662846462
"log_lik[1372]",-0.462775283922954,0.00374081854883054,0.186889353384632,-0.806987245081801,-0.606351369447664,-0.455421358238157,-0.316855001879508,-0.132530390843565,2495.94974632706,0.999592116458825
"log_lik[1373]",-0.671192455223388,0.00185878612044791,0.104168538071143,-0.864507121103473,-0.741975111051219,-0.675685198144692,-0.604696648469772,-0.450594690956951,3140.61207780267,0.999271862422889
"log_lik[1374]",-0.683252231204376,0.00221619585029557,0.132718367410571,-1.01321382867307,-0.74124662449057,-0.657729895012106,-0.60296692319445,-0.475237881557999,3586.29315056744,1.00041896460893
"log_lik[1375]",-0.697480744347878,0.00232505075943311,0.136408301962427,-0.960084227168972,-0.781099196432695,-0.708626767702604,-0.614818146121402,-0.413932970112592,3442.04646169183,1.00050966967175
"log_lik[1376]",-0.561820637593003,0.00149880888896898,0.0958984817496249,-0.767138710548181,-0.613991888487629,-0.561319639727771,-0.504214110395532,-0.37925742782816,4093.84073348256,1.0001735072273
"log_lik[1377]",-0.548337221754232,0.00157313560997841,0.0986929310662647,-0.75437452458565,-0.604473137001207,-0.547554124284099,-0.486911345383552,-0.363721117191174,3935.86116380985,1.00017093635484
"log_lik[1378]",-0.733821956061833,0.00200780926229391,0.119579185864853,-0.980716221339118,-0.80121079275636,-0.740358800225365,-0.66694216389782,-0.483353865919969,3547.04156635829,1.0003683004536
"log_lik[1379]",-0.957251545555569,0.00332316023323003,0.222674475060244,-1.52403951071869,-1.05525436064817,-0.907718010630987,-0.812370899979733,-0.645162168333439,4489.91697044953,1.00000440697221
"log_lik[1380]",-0.531106718818614,0.00180359407868886,0.115382373455209,-0.751073663934066,-0.59945175250793,-0.539705372992158,-0.465270296503151,-0.286879107830004,4092.6191774166,1.00035254140719
"log_lik[1381]",-0.722825066986352,0.00207402144648219,0.12328859219405,-0.973253672018342,-0.793132396528603,-0.731041568944582,-0.651760049679349,-0.466924693987971,3533.61558058085,1.00040798458615
"log_lik[1382]",-0.901995734345313,0.00598798751672797,0.377304648301825,-1.95765940767637,-1.02821315193926,-0.780952032917346,-0.655033372561294,-0.493314970601125,3970.29282309318,1.00045309300728
"log_lik[1383]",-0.916943101984167,0.0029323558181809,0.195333334277582,-1.41511287844709,-0.993715591327407,-0.87587010573157,-0.797100723353404,-0.638641519056371,4437.30613318877,0.999965395301681
"log_lik[1384]",-0.848095649690167,0.0019406178117627,0.126819122675326,-1.13678045063951,-0.911459332863093,-0.836743304083372,-0.773005544441834,-0.61736790953287,4270.605573467,0.999775500295708
"lp__",-1063.64644370763,1.11557286985882,18.1940176234215,-1101.49620109381,-1075.62459261884,-1063.13786949468,-1050.81550711007,-1030.60164503576,265.987565349807,1.00670664059968
