"","mean","se_mean","sd","2.5%","25%","50%","75%","97.5%","n_eff","Rhat"
"a1",0.6261544667189,0.0514080493658061,0.403333067851257,0.17056504041555,0.34985511394672,0.527287009444143,0.781020655905829,1.72853649348605,61.5552938648649,1.08245314022252
"a2",10.7378283316613,0.115119694634598,3.19764778484508,5.13646069862125,8.49294328746968,10.5462421826131,12.7396103179412,17.4143554235221,771.546299665453,1.00840455345382
"learning_rate[1]",0.0263473968507059,0.00299536890049646,0.0463341404085984,8.08672489587489e-07,0.00130222396532244,0.00800628466167264,0.0300250943019095,0.167614751798217,239.277348763227,1.02661064619157
"learning_rate[2]",0.0241342679630112,0.00240685459462724,0.0416781954504529,7.0833688690625e-07,0.00144011089599932,0.00815216529555941,0.028959598681598,0.142167595063419,299.859702563969,1.02530054026529
"learning_rate[3]",0.0853150771777841,0.00318431120908763,0.0604725003614686,0.00085595013162516,0.0391684474022395,0.0757769766177571,0.120281244920977,0.226760846292222,360.649089716472,1.01906350121177
"learning_rate[4]",0.0582012136931831,0.00374122973965817,0.0584410670595051,2.39354762993862e-05,0.0125565009669816,0.0405092073384429,0.0874537530891947,0.203671778756911,244.009939958966,1.03140969028671
"learning_rate[5]",0.0407727348745004,0.00216934282811708,0.0450608385988779,5.32213776893275e-06,0.00670238666538284,0.0263969890614988,0.0590838696107661,0.159844782965618,431.461609241706,1.01662437412341
"learning_rate[6]",0.0284491676261925,0.00318433478463172,0.0468817555985305,3.41423224323005e-07,0.000666187832608651,0.00589385761956462,0.0359209230557435,0.166991707376791,216.755582307574,1.03150122461041
"learning_rate[7]",0.0920797695363065,0.00295152458687638,0.0549949951076905,0.0071454483441516,0.0535189952243835,0.0844129426756198,0.122619021165659,0.218635609519662,347.179061481499,1.0204589011328
"learning_rate[8]",0.0877254159037745,0.00346495900354294,0.066160061977755,0.000370816891684507,0.0384290256896397,0.0756366781708813,0.124362727282719,0.243593391031097,364.582321263439,1.01385437026618
"learning_rate[9]",0.0942723638771737,0.00319372649342481,0.0696100113374457,0.00391912548993261,0.0440251923793674,0.0790781166141859,0.128758960260217,0.26469495472521,475.059455928659,1.01380413058116
"learning_rate[10]",0.0424813812016389,0.00259175938709503,0.0465376491164596,3.32050734597167e-06,0.00815349841607005,0.0296842590474732,0.0604731047892452,0.159722359811984,322.418179340031,1.02044245433048
"learning_rate[11]",0.0597477377157694,0.00363924826245482,0.0616538476605007,1.63624785417808e-05,0.0126478720640725,0.0419138537681075,0.0862225770956696,0.222822565659263,287.009983255679,1.02634923237015
"learning_rate[12]",0.026904907382504,0.00289406327106201,0.0487631051857007,4.55614517682165e-07,0.00105089740263413,0.00794497491189131,0.0301355271758255,0.172028711040186,283.900830742763,1.02997683717729
"learning_rate[13]",0.0258846435273797,0.00283607514680457,0.0436997236213407,3.94277772721826e-07,0.00125462037931235,0.0082318278000751,0.0313168363155919,0.15547713412373,237.422521191917,1.02818483978702
"learning_rate[14]",0.0424757253923254,0.00299114126358217,0.0485988857220613,6.23705392800468e-06,0.00731217276824764,0.0268976622414845,0.0598718062603177,0.179863887107494,263.984711389032,1.02421276616639
"learning_rate[15]",0.0643967294953569,0.00356700336738941,0.0665742990845362,5.11118759372708e-06,0.0139668578612578,0.044014004464325,0.0939878191685106,0.242139682330159,348.342261339047,1.02031170403622
"learning_rate[16]",0.0312385983659439,0.00293458356160377,0.0483601003080275,2.73587676045631e-07,0.00159685549653874,0.0116078283418706,0.0398443757701496,0.16902056598708,271.569770375638,1.02591393109094
"learning_rate[17]",0.0693312000533169,0.00260133404278589,0.0598205457998861,9.34783201853285e-05,0.0231508092705609,0.0561302596045703,0.100996132307685,0.216553725254569,528.820756980353,1.0118101326082
"learning_rate[18]",0.064251264417008,0.00325830414364864,0.0664701086963923,1.41701672960421e-05,0.0128743737840899,0.0431851956173632,0.0957244646385748,0.2340931712061,416.168817508151,1.01515716552752
"learning_rate[19]",0.0236042640898484,0.00240802682149487,0.0415109406745127,1.48779491377475e-07,0.00115946728645074,0.00776672676350002,0.0259541638559103,0.153261216691395,297.168320704918,1.02233442218258
"learning_rate[20]",0.023762697917546,0.00242298139175862,0.0412567794882652,1.35632366693307e-07,0.00112651349354279,0.00750500074515065,0.0260892388552112,0.146641350917508,289.928220572271,1.02380323129697
"learning_rate[21]",0.0572068852498505,0.00349365975582882,0.0581847215254303,1.86509200163062e-06,0.0126031732283332,0.040371423230335,0.0832501324320671,0.214187510939561,277.368224082693,1.01973169967056
"learning_rate[22]",0.0757219683034705,0.00379490084802249,0.0659144818410342,1.88932225414453e-05,0.0223880505167045,0.0612016098980275,0.113452211841458,0.23143594591125,301.689932786578,1.02393677434122
"learning_rate[23]",0.0841837355623832,0.00467731327222306,0.0863189475744544,1.34615061233449e-05,0.0140617247813078,0.0572291894980993,0.131419179642178,0.298782426282337,340.580168579967,1.01883078306941
"learning_rate[24]",0.0531161679433313,0.00323368851108659,0.0602666982562747,5.27065122541089e-06,0.00761926262227506,0.0339922474043086,0.0768430150137931,0.214044075746673,347.342903910861,1.02149249467779
"learning_rate[25]",0.0330816667656961,0.00245935932772321,0.0436079199554739,4.01290004373938e-06,0.00380706268615675,0.0171155868269619,0.0457223654822646,0.155058620219194,314.403064657772,1.02281925237958
"learning_rate[26]",0.0301225721938359,0.00350099897741225,0.0587990806302782,6.82757062762231e-08,0.00091694908005574,0.00624758572248668,0.0292797028465454,0.202119102428624,282.070133031137,1.02360682557086
"learning_rate[27]",0.0275314433051422,0.00245567805336747,0.0452919247351739,3.30801327173008e-07,0.00141323505984474,0.00939267145500015,0.0327762219774707,0.16816719632687,340.172103907509,1.0196026379818
"learning_rate[28]",0.0314282274419185,0.00257132255922486,0.0435728354358461,1.33057199157248e-06,0.002912172255681,0.0151187219805958,0.0421471769170493,0.15495755309142,287.156415602434,1.02662024563056
"learning_rate[29]",0.0504863978230394,0.00336377677112467,0.0662411901779173,1.98602799219101e-06,0.00451727801182653,0.0249254668639626,0.0687171025435204,0.241342258349434,387.794744904805,1.02071668285131
"learning_rate[30]",0.0425693695816162,0.00210716919889416,0.0452602471534713,1.15393806125944e-05,0.0091433716455477,0.029708836514996,0.0609579949769017,0.158354738590411,461.354778784089,1.01764172894658
"learning_rate[31]",0.0248500991773169,0.0026050027018834,0.0445240189080285,1.01474435047584e-06,0.00125648622950845,0.00747079985352126,0.0272610326962628,0.161934027028047,292.127445374437,1.01885361868646
"learning_rate[32]",0.0336880513515286,0.0024496487997748,0.0477493970275741,9.3750307048964e-07,0.00257394447245149,0.0147136920951194,0.0443709993422213,0.181963166106729,379.951473710025,1.01929015402899
"learning_rate[33]",0.0634970709991056,0.00199944056824478,0.0513768903020969,0.000150259707974598,0.0237009320379205,0.0547315579637127,0.0909813626746217,0.185968759622814,660.265536126392,1.01031566202832
"learning_rate[34]",0.058308857882177,0.00243172158798777,0.0477171662337618,9.76707602675024e-05,0.0222433429067459,0.0489524218167383,0.0824039297866878,0.175854223269845,385.053954751741,1.01671640937423
"learning_rate[35]",0.0373825849022185,0.00266290034226165,0.0447203419160764,4.81215925045022e-06,0.00535403051379062,0.0227355324582483,0.0523196743249546,0.160961176228246,282.033309570273,1.02288428687771
"learning_rate[36]",0.0750121268909837,0.00362410890173927,0.0676054025803386,5.684803683854e-05,0.0224866068919394,0.0595969692090833,0.109733597664821,0.24556500821088,347.984842784827,1.01823148669783
"learning_rate[37]",0.0372335562027718,0.00243573415360129,0.0433492962621132,3.94743078128187e-06,0.00559475097523368,0.0226092351095919,0.052880661033671,0.152989855680725,316.741034890729,1.02279564338457
"learning_rate[38]",0.0405176810477767,0.00292473299684783,0.0529973644602517,7.13397355917943e-07,0.0040387851092054,0.0210300852457878,0.056812306050864,0.188936881444041,328.349300906701,1.0209664666289
"learning_rate[39]",0.0343741707673096,0.00300788627084697,0.0518681227869098,3.65968646994096e-07,0.00242607884029186,0.0143332473325688,0.0454197298846484,0.185237311357254,297.357048720508,1.02655432587908
"learning_rate[40]",0.0681958694329084,0.00334056961422624,0.0656402968927832,0.000224608429914311,0.0212995755276615,0.0508926076128885,0.0929976263464982,0.243736019253332,386.100194589778,1.01638924048405
"learning_rate[41]",0.0268829889661285,0.00255055605070006,0.0453176625610083,6.01438107056223e-07,0.0014619736869656,0.0096016952675393,0.0317739961570695,0.154001716404921,315.693222768488,1.01852230167745
"learning_rate[42]",0.03177258310395,0.00253440614400952,0.0444641122168157,1.25109252425467e-06,0.002778270551783,0.0152556530408003,0.041535289943979,0.155755554266808,307.798731362597,1.02017512161989
"learning_rate[43]",0.0292536865276949,0.002748164946514,0.0446577422478618,1.29251974115969e-06,0.00227922759000585,0.0129913964833331,0.0386748007271911,0.159754820817868,264.063231644291,1.02738476258085
"learning_rate[44]",0.0364144932962314,0.00278614908110054,0.0489247196404389,8.77409540580491e-07,0.00334900608491716,0.0180229671670371,0.0504137229655986,0.170134319991734,308.352866078521,1.01865129212163
"learning_rate[45]",0.0773785556028664,0.00303295913259749,0.0639820213740951,6.33820510302055e-05,0.0286760753687071,0.0641138452180854,0.111172662791741,0.234594015038455,445.023347464091,1.01500471116123
"learning_rate[46]",0.0710960593685627,0.00224681146247957,0.0707005609202062,1.63415773554819e-05,0.0156927722723313,0.0509579548521948,0.105813454574243,0.250648391830131,990.176140152774,1.0071587827428
"learning_rate[47]",0.0490116929661672,0.00360346690238399,0.0713888844134704,1.08881668303107e-07,0.00333610331502485,0.0203946151913497,0.064096700711592,0.272100972049812,392.482336047682,1.01728684185887
"learning_rate[48]",0.0562736416435843,0.00320623760376827,0.055045820601773,2.57509130882467e-05,0.0152417048333844,0.0407106571445805,0.0803965120496177,0.194888265354659,294.752362064669,1.02410238817427
"learning_rate[49]",0.0278161529442774,0.00255873605586167,0.0450830812935842,6.68675644790211e-07,0.00173019696325727,0.0106562877524371,0.034181521803988,0.162309354683063,310.438948933186,1.02646404550976
"learning_rate[50]",0.027252292703985,0.00248516715907518,0.0437853587617601,1.10927868575583e-06,0.00169087491909485,0.0111970455968748,0.0344592791694113,0.141620856667318,310.417797592321,1.01795336272849
"beta_mu[1]",0.419337349696019,0.00155939890494707,0.0983136397156615,0.228071075562774,0.351937775723115,0.418318256781556,0.484078095813466,0.610014597387335,3974.78003217755,1.00012335342371
"beta_mu[2]",2.1945388271682,0.155226798781337,1.45514537097037,0.518479721053534,1.18628623577001,1.81510065726311,2.7721070202868,6.13427325396925,87.8778376114871,1.06145046521353
"tau_unif[1]",0.0646333336830619,0.00121050858852042,0.0465806982618066,0.00253719744616558,0.0269057953959531,0.0561739323442255,0.0941752822691109,0.170854732979343,1480.73123892226,1.00156340196015
"tau_unif[2]",0.342091743151605,0.00944313079103728,0.252306404334217,0.00997819121302578,0.140816331454925,0.2928520908288,0.497030475460461,0.943080325773718,713.878889018959,1.00552731251975
"Lcorr[1,1]",1,NA,0,1,1,1,1,1,NA,NA
"Lcorr[1,2]",0,NA,0,0,0,0,0,0,NA,NA
"Lcorr[2,1]",0.0640794593515699,0.0122032204867874,0.448536735382314,-0.784555370673846,-0.282296102524327,0.086755095640849,0.422023033919082,0.840396884206978,1350.97439917227,1.00394772292772
"Lcorr[2,2]",0.88018575195361,0.00326399204637917,0.141551995755155,0.496103160732576,0.825277330298102,0.935177283581775,0.984652601946677,0.999819637043745,1880.76186458019,1.0005011805442
"z[1,1]",0.0155102891827282,0.0153281591391679,0.975805177681465,-1.8270579429356,-0.678681637419514,0.0244528776225291,0.70656360216655,1.8967734866048,4052.71659752146,0.999282312914183
"z[1,2]",-0.0286736179014191,0.0143868773347751,0.939438090560169,-1.86931975936018,-0.666747215939359,-0.0167733270554158,0.614044712070121,1.82952636581367,4263.86306553689,0.999914343385553
"z[1,3]",0.296987349693402,0.0171354963489729,0.983513626830428,-1.61338549348351,-0.391003626644532,0.317637233894776,0.971046000605649,2.20270310781121,3294.33215693181,1.00148350753362
"z[1,4]",-0.10995902359838,0.0136166598286754,0.949423110851405,-1.93341803268712,-0.732156860704029,-0.126174346602882,0.529801590982325,1.76048888637945,4861.59103071531,1.00085051281643
"z[1,5]",-0.107662840039889,0.0128946402263365,0.917223692281211,-1.89501288629163,-0.750794631661714,-0.10707870125558,0.5115086449099,1.66814433487864,5059.78507505917,0.999628742362563
"z[1,6]",-0.234378049404173,0.019477118706897,1.02721632635178,-2.26244564417094,-0.925993134317335,-0.242216465732577,0.469812053914161,1.86023458860512,2781.47015541475,1.00152477210562
"z[1,7]",0.0510853634795001,0.0156714715920006,0.980750585138027,-1.93821310959437,-0.586914818664846,0.0496452880070267,0.708303243526173,2.00216671693745,3916.49514297269,1.00107897827376
"z[1,8]",-0.0328518219290519,0.0144291828493677,0.938955275431647,-1.86864861205417,-0.649196738499584,-0.0480041764778948,0.598160051468774,1.83876109507733,4234.54096735941,1.00102776699779
"z[1,9]",0.0230888041372041,0.0137541413707699,0.946372073842855,-1.81048149648329,-0.633450073372465,0.00595702093065641,0.647877432320523,1.8916594780955,4734.31188669324,1.00107699854258
"z[1,10]",-0.240416678232621,0.015360262280078,0.95428161118344,-2.06366836557717,-0.885973678248204,-0.265163991299654,0.403774384780639,1.65294079128791,3859.72041858326,0.99970474394206
"z[1,11]",0.310007568154252,0.014419596460254,0.977236213463068,-1.58262994570941,-0.356309903549367,0.315835296117364,0.97516544658552,2.17577475844752,4592.96241277866,1.00012876857359
"z[1,12]",-0.280965833763506,0.0155166135912847,1.00853708667109,-2.19706333966425,-0.996124319427133,-0.277593129372584,0.442646830394147,1.64653169653998,4224.64145133583,1.0002480198908
"z[1,13]",-0.306449410380538,0.0157639169774112,1.00047167464516,-2.24417645585837,-0.993523754743092,-0.305144788433606,0.379870171915929,1.62350243376852,4027.92445782185,0.99960905254764
"z[1,14]",0.0685189458409958,0.0132076865706173,0.92498508168902,-1.78707821329747,-0.561956168801829,0.0738621356563673,0.701883813283732,1.8775582119542,4904.73952601668,1.00006264970565
"z[1,15]",0.0484888627027651,0.013503669419941,0.936206229201638,-1.79090136081334,-0.578603573450261,0.043730967901615,0.681009618737125,1.85015448213449,4806.6163322002,1.0006588447769
"z[1,16]",-0.0469450763054944,0.0145251125292693,0.991256993259693,-2.00311894285306,-0.700221195540693,-0.0480989116169882,0.611126435708579,1.87580514152808,4657.2925287135,0.999311183641451
"z[1,17]",0.353076294987957,0.0151797046574599,0.97773699144486,-1.59484714929716,-0.276746620366407,0.34933406867579,1.02848514875875,2.2443891259055,4148.75175658135,1.00171196350596
"z[1,18]",0.20638645505979,0.0134997836658649,0.954896205453086,-1.69109342762608,-0.420587111975771,0.183606590299102,0.840286028288087,2.08755307494248,5003.32503420783,0.999881957682504
"z[1,19]",0.327203876793678,0.0164411627959998,0.979209182269007,-1.63359444173419,-0.336114767273477,0.353545535423122,0.984149643140782,2.2143048378306,3547.20179339227,1.00106515485657
"z[1,20]",0.13440877640507,0.015325332175609,0.993526675918028,-1.84243459341327,-0.529795849704486,0.158067982718892,0.791488769154139,2.12872745856883,4202.80530121243,1.00037821907871
"z[1,21]",-0.0991219349119123,0.0140279496772563,0.961428858621819,-1.99813538869773,-0.75705225779788,-0.0980601422429457,0.54465547089446,1.80348681914962,4697.27416550912,0.999546442048791
"z[1,22]",0.0578993653588086,0.0125879444261223,0.925857755568083,-1.75398819144651,-0.5625881953731,0.0531607516395104,0.677087703148492,1.88145727175075,5409.77127940831,0.999874145085509
"z[1,23]",0.040673282694239,0.0148030417930894,0.944476168421933,-1.77306736641049,-0.608316994501024,0.0397007890139162,0.683000823645377,1.84416829995958,4070.8029212112,1.00017017687778
"z[1,24]",-0.127149529320637,0.0135795545878648,0.974761889078553,-1.99527633833723,-0.78999497535632,-0.139841835890976,0.50885739049461,1.81371398192325,5152.59528084756,0.999704125563359
"z[1,25]",-0.257311693929506,0.0137682563758497,0.939347232025825,-2.08734212893952,-0.892521071848288,-0.254414896820767,0.359589694610708,1.58438377298019,4654.72932229153,1.0003759173334
"z[1,26]",-0.115646042939921,0.0180589139573296,1.02938654886548,-2.11083811269274,-0.795921132975385,-0.114473933691773,0.565671193261951,1.89953881417029,3249.17961881735,1.00244182316793
"z[1,27]",-0.157679815436355,0.0155423081360503,0.982035759195423,-2.02806907068205,-0.821921516225415,-0.171569221545266,0.499107333503343,1.80393688268086,3992.30373106981,0.999152153672155
"z[1,28]",-0.124512222130671,0.0149559688593215,0.994910576494167,-2.07118759489319,-0.782409426962917,-0.129838550849983,0.533161489360668,1.82689597304602,4425.26202589119,1.00008713424634
"z[1,29]",0.157595086528369,0.012857337981087,0.944824534653748,-1.74104976368578,-0.460499781141484,0.16217699021041,0.794600270638409,1.96625265174665,5400.08012466798,0.99925816152242
"z[1,30]",-0.290672912765128,0.0140177184641919,0.970730780493335,-2.16459256195789,-0.932108129978538,-0.295362826794259,0.355879510534365,1.62454993035377,4795.59981666271,0.999434719606363
"z[1,31]",-0.221459297484818,0.0154363612758344,0.987968158379634,-2.1849814767367,-0.880273585603022,-0.229911149449957,0.431886501059383,1.74664322515231,4096.34028810015,1.00081466111228
"z[1,32]",0.03050772815502,0.0135498884150392,0.927736458031749,-1.8302494126379,-0.580740809069102,0.0521339443931489,0.633600425849408,1.85990681693364,4687.89429050415,0.999434366204109
"z[1,33]",0.082606851595166,0.0152734042213775,0.971961923207174,-1.77937147231094,-0.561445909331353,0.0560361577243918,0.733173667171552,1.99639868327863,4049.73692334971,1.00048451223527
"z[1,34]",-0.00661707142606595,0.0138456258297497,0.955562429731719,-1.84316283318133,-0.655699308364238,-0.0130246041918879,0.631689141934274,1.86918812426131,4763.13565408556,1.00019282429214
"z[1,35]",-0.0857679831954987,0.013688712736241,0.937617372594828,-1.93578936872948,-0.720549217882548,-0.0961563226194549,0.565933864917782,1.72012750769872,4691.6550302808,0.999468506825559
"z[1,36]",-0.161476070135528,0.0133695562054263,0.953860099379706,-1.96709450086644,-0.818888335230177,-0.173703732400313,0.49746018989284,1.71456882623032,5090.20627458032,1.0000131871711
"z[1,37]",0.215696341376462,0.0139108061247225,0.985521087638437,-1.73670435991503,-0.457688371998991,0.221255944782767,0.884886865375411,2.16838494564506,5019.11616405862,0.999934149285137
"z[1,38]",0.475844471610108,0.0160715293966713,0.986292680459385,-1.41410860658556,-0.185952773886254,0.478979419571648,1.14680596788472,2.37582510925501,3766.1464699132,1.00029668801089
"z[1,39]",-0.103782903290876,0.0128489034276142,0.958261780748405,-1.98734022388648,-0.756616625330571,-0.117868588980406,0.5606786759594,1.80234271070349,5562.06684990849,0.999727874470703
"z[1,40]",-0.145261386460608,0.015102877906649,0.955934387937921,-2.0476466793477,-0.771784390836847,-0.134533815962544,0.484569824505358,1.75312262234814,4006.2380052437,0.999391965314859
"z[1,41]",0.352601632508941,0.0142014789570542,0.990513435328247,-1.58762603363166,-0.30453738585404,0.355492262031191,1.03003295550335,2.27120471282614,4864.67232249594,0.999270706330195
"z[1,42]",0.274233712963297,0.0139520955923554,0.957963274580754,-1.59501302188352,-0.363716194296172,0.264371008779152,0.886622825869431,2.22955188940761,4714.31755816034,0.999680316264192
"z[1,43]",-0.276697070405344,0.0140951341800681,0.990124169455377,-2.13131811053395,-0.941667163731443,-0.300104579905535,0.37759060497781,1.67579628561422,4934.47434004087,1.00089467018191
"z[1,44]",0.10047363499088,0.0140622314798823,0.981017974339031,-1.85719655924059,-0.536799245357885,0.0748620943130957,0.757825002480436,2.01060543915762,4866.82179249235,0.999750290760394
"z[1,45]",0.156042676730416,0.0137864875403643,0.959160118786229,-1.75650150640597,-0.471251179539589,0.164287607184188,0.791471384268153,2.02518905615439,4840.32987357235,1.00000365545236
"z[1,46]",0.0352713042147806,0.0145643527257357,0.979245639710891,-1.89210147499555,-0.615450122251438,0.0383796566684334,0.693451562047541,1.97878153709918,4520.65033380714,1.0001015749984
"z[1,47]",-0.154362657763996,0.0125639899194331,0.931509670831731,-1.93926190030297,-0.79756185619413,-0.157036353513512,0.478189701044984,1.67960490142113,5496.92203899158,1.00065516500996
"z[1,48]",-0.27302663133722,0.0153217447700216,0.978549173209689,-2.18372106572387,-0.933545593450775,-0.284163240610595,0.396235867240351,1.65912777503837,4078.95450608875,0.999997807508499
"z[1,49]",0.0371019435085633,0.0135977544996474,0.941927599827336,-1.8044466366627,-0.596100352700599,0.0480752735329752,0.658030014240689,1.88130892742257,4798.44645740043,0.999354264206234
"z[1,50]",0.113071375390832,0.0137335317037206,0.965280878397682,-1.76047472437308,-0.537541616130764,0.0934635855772646,0.763880974688271,2.04995636658974,4940.1818700895,0.999520418491898
"z[2,1]",-0.236488504036146,0.0192302915713471,1.03800098060145,-2.25708692762521,-0.956557361402541,-0.230680418226386,0.465877613986799,1.85012464522869,2913.55881445249,1.002686876982
"z[2,2]",-0.149242256623579,0.0162849081287586,0.99272853199577,-2.03751854187581,-0.83465244113477,-0.165060256201754,0.513276191931188,1.86664908687728,3716.12558641187,1.00036890735348
"z[2,3]",0.256991334492878,0.0149518311863511,0.927670492702572,-1.58065472044731,-0.352952679425439,0.263956553582686,0.875724789855952,2.03780709131229,3849.45028894139,1.00196082553946
"z[2,4]",0.0909801620409885,0.0149383785891443,0.930176977610481,-1.70439530774389,-0.525719875472544,0.0800126689106653,0.700052800435739,1.92983338391883,3877.2539678526,0.999487761394826
"z[2,5]",0.0347140853243421,0.0156320785728708,0.974319425879297,-1.82981308440771,-0.620316461022611,0.00214051418704121,0.715404119811644,1.96910907380127,3884.8053619112,0.999555973518673
"z[2,6]",-0.482229172515425,0.0328918680291886,1.1337791961605,-2.62632109341523,-1.28146191294783,-0.478805283851825,0.346980279293659,1.6560736697954,1188.1735750427,1.00698783050261
"z[2,7]",0.391536433453249,0.0176400298029959,0.933846772744486,-1.4485593545808,-0.212497248261865,0.402742093569655,1.01170996388646,2.25333307395705,2802.54513367494,1.0022499714115
"z[2,8]",0.251780374168441,0.0161504193173562,0.932258843083412,-1.54633713006945,-0.387254458819398,0.259227628111647,0.883873469226224,2.06821413623269,3332.00326441829,1.00297594507176
"z[2,9]",0.270236333480575,0.0157774343092892,0.944049960394844,-1.6297471161544,-0.343623819904858,0.275039419048948,0.892953485401806,2.14891919068536,3580.28167328151,1.00125438534775
"z[2,10]",0.107843220750047,0.0135913196544336,0.95685614438171,-1.79751455244073,-0.525978902604725,0.111233817768475,0.757830506482249,1.96862325880384,4956.44220559923,0.999341978445955
"z[2,11]",0.0840610820701822,0.0137848004753129,0.959672704164698,-1.79552280857505,-0.565834674405617,0.0657179702611324,0.732157049252838,1.989267319375,4846.69081894435,1.00066689675845
"z[2,12]",-0.246507920638341,0.017691833598668,1.01117681397497,-2.19961066353782,-0.946260728882616,-0.256841043505374,0.439827902428071,1.73922343941928,3266.69444267027,1.00171906397392
"z[2,13]",-0.142580665983109,0.0171097828665973,1.01885924259892,-2.10626850187249,-0.847322079568862,-0.144704612501499,0.514493624857863,1.98095384940025,3546.00531973383,1.000683588959
"z[2,14]",0.0177081470951651,0.0137204956386165,0.935418139910134,-1.75519152792944,-0.618307924512061,-0.00389671470739637,0.641903580869252,1.93916860392644,4648.06267039296,1.00004684090439
"z[2,15]",0.100363391678649,0.0130344635895866,0.919410345197626,-1.71578602047354,-0.539094376516979,0.0990821401930325,0.721871010380811,1.87944656217849,4975.45091104098,1.00169633901836
"z[2,16]",-0.0991192526175337,0.0127490139536381,0.973084141001269,-2.01046184887851,-0.781777122090831,-0.0987575628522262,0.563406090106036,1.81168809017962,5825.69302324284,0.99987648205934
"z[2,17]",0.16279740314762,0.014799989510174,0.937577134569419,-1.69497987648175,-0.487406037215151,0.153745712486119,0.785170087543464,2.01029557053466,4013.20365851933,0.999244233019106
"z[2,18]",0.0855506999618819,0.0151909191458009,0.974732027460814,-1.81335841619867,-0.579192428882617,0.0867150986559373,0.732159528685387,2.00633895755291,4117.20382949682,1.00076910725718
"z[2,19]",-0.216739410611709,0.019214847335444,1.00915264185708,-2.15506700247406,-0.918166707363765,-0.221535435768961,0.485304058378021,1.7530839445193,2758.28950124943,1.00270462446697
"z[2,20]",-0.176710272736736,0.0168812368536456,1.01744326810898,-2.08064562123336,-0.874785609802359,-0.206097031020322,0.523096650356217,1.88917618433131,3632.55232347466,1.00273451976488
"z[2,21]",0.115807452274699,0.0149260572595232,0.950426994002368,-1.71792038377926,-0.518290642324066,0.0957473648956351,0.753563730042214,2.00426518724521,4054.59348863778,1.00226500215697
"z[2,22]",0.156401851569931,0.0152592199487602,0.943646179347888,-1.67454525894066,-0.489295873365825,0.147864385382465,0.813488579630364,1.94372823175225,3824.31542891682,1.00170950647098
"z[2,23]",0.0387429951812496,0.0141250553633887,0.919789829272947,-1.79706035456178,-0.570581652336576,0.052791872336267,0.649476029545454,1.80365743084362,4240.30297436806,1.00086746946986
"z[2,24]",0.0655216234560285,0.0143914399897794,0.975356412431019,-1.85687464036198,-0.572262537287555,0.0519378832461418,0.689506300116659,2.06514167589402,4593.22991823073,0.999789287564167
"z[2,25]",-0.0523382599890439,0.0135219344907923,0.949914893197237,-1.90820482574052,-0.696231627422429,-0.0520260467162436,0.585862723145792,1.84435196419572,4935.05205980409,0.999428505294277
"z[2,26]",-0.358136579832653,0.0274204867872078,1.08351030826727,-2.40630903485509,-1.12814305083017,-0.361829969277098,0.389180214139463,1.7408520702657,1561.40574900214,1.0050041786521
"z[2,27]",-0.172121915344971,0.015721040814982,1.01001405588472,-2.0776198295507,-0.863571239097254,-0.192398350595321,0.529438683385924,1.85733326881274,4127.5490692096,1.00204319868887
"z[2,28]",-0.0766113759733551,0.0132113384065607,0.984491421397847,-1.97937754270207,-0.743541186812145,-0.0840395208400957,0.593598680027907,1.85362813406228,5553.03279249345,1.00074845770189
"z[2,29]",-0.0111426034069427,0.012673865193059,0.970982688056369,-1.86518228668739,-0.655869671427195,-0.0211226051723546,0.628912622567483,1.91654004383038,5869.55000412031,0.999854403952277
"z[2,30]",0.088611812871788,0.0138950017433167,0.942578992358126,-1.73649193501675,-0.51566145443488,0.0792934042179291,0.704215834415164,1.94151457607536,4601.6999904431,1.00030878132802
"z[2,31]",-0.254167566085862,0.0189091558801658,1.04704533851711,-2.26244224337464,-0.986251833079933,-0.276827470835194,0.464032684229542,1.85328727151658,3066.10265516023,1.00081523600951
"z[2,32]",-0.0730546021678799,0.0142853589029245,0.978442988955079,-1.98988340931925,-0.721659689895431,-0.0967046956908976,0.565203833048754,1.87257636096469,4691.25174862876,0.999599570554366
"z[2,33]",0.270815727365978,0.0168327792830456,0.984631407922828,-1.62990895152503,-0.374268639641777,0.259524588617029,0.911883052050067,2.20330806731939,3421.65101189221,1.0001852547433
"z[2,34]",0.227123684893229,0.0158828252428985,0.972835535704732,-1.6952586856461,-0.412836320467845,0.236844961210585,0.855697172088604,2.12604982366561,3751.65882940014,1.0001474692348
"z[2,35]",0.00535102111604635,0.0131864111317067,0.963790985200866,-1.85809828593347,-0.651228717158495,-0.0139484098225362,0.638469203068618,1.9292232779888,5342.105925646,0.999566023700408
"z[2,36]",0.170825089538384,0.0142840025179002,0.947100156424482,-1.70570446837415,-0.454546815294935,0.17933316019617,0.798877966001684,2.05352500340618,4396.34717132715,1.00020248863222
"z[2,37]",0.0392753635986847,0.0143637135156751,0.97606387098895,-1.85972337930463,-0.62401401461588,0.0108599599720485,0.691353710173623,1.95827103405964,4617.671204038,0.999425625461372
"z[2,38]",-0.0379933151306953,0.0127014609953166,0.947330965882052,-1.88422046008029,-0.681136651930138,-0.0551530841267497,0.590312293376987,1.87508016706186,5562.83411414582,0.999650062726038
"z[2,39]",-0.089888292507173,0.0134544557506623,0.982773497044061,-2.04779348158933,-0.755831094220978,-0.109125269024892,0.574375544851785,1.87426231819727,5335.4935942821,0.999345061652053
"z[2,40]",0.140200444203663,0.0145297767529408,0.947797706310405,-1.67673273276615,-0.484721137890285,0.118531117452006,0.762181275756956,2.03692226382704,4255.13578864991,1.00096879123402
"z[2,41]",-0.169250096989711,0.0164006397833547,0.962027610000507,-2.04517108853537,-0.80356199486186,-0.187904477285126,0.472256106103242,1.7792534228859,3440.75296385548,1.00152655339191
"z[2,42]",-0.0720265363527258,0.0134110179024425,0.97905569407711,-1.96149766131796,-0.74264474876646,-0.0956224825423279,0.588467153690699,1.87271067982416,5329.55944507578,0.999649451787743
"z[2,43]",-0.112741724724416,0.0158396877015436,0.982685910616661,-2.02905432269474,-0.76648155950082,-0.145781993620149,0.522668701115927,1.86358719184457,3848.89646962577,0.999865762988069
"z[2,44]",-0.0282213666731428,0.0154011186198325,0.98418913389205,-1.94098913090113,-0.705579720436904,-0.0277176984732292,0.609423727696068,1.97224482498987,4083.68843329054,1.00120959396046
"z[2,45]",0.217665888278902,0.0148899389580455,0.957066008452174,-1.61582107671962,-0.429762941731863,0.21564655157091,0.868624003169987,2.05825626100473,4131.40669684589,0.999960751292141
"z[2,46]",0.173803202541768,0.0127829993214784,0.96899766082205,-1.75197775843093,-0.477035112415894,0.180488184832166,0.810745800471747,2.11218628493677,5746.18925337281,0.999311389997279
"z[2,47]",-0.0438148937870469,0.0143176282347407,0.95424181581702,-1.8902987138015,-0.685904759992977,-0.0847561911893788,0.571782256557969,1.88225700318919,4441.96083107287,1.00009025724537
"z[2,48]",0.12772584895771,0.013584655198805,0.938175390435004,-1.70037625608645,-0.495194205036041,0.130387005703165,0.763072085969177,1.97295589528268,4769.47782289889,1.00030542212269
"z[2,49]",-0.1548525177676,0.0152915156650404,0.985679290061193,-2.0234271795348,-0.864051477861777,-0.156437021751033,0.516604071508032,1.82222593550746,4154.99203509227,1.0006081428265
"z[2,50]",-0.106202707058559,0.0139293330758472,0.983569209581939,-1.97844308471179,-0.789643862697647,-0.12888501370748,0.582625552065606,1.84731079994835,4985.96474100687,1.00014433250576
"tau[1]",0.162233025746597,0.00305125943254669,0.117516457340244,0.0063430072264326,0.0672807246024762,0.140582732793618,0.236136716361724,0.431342175673137,1483.33454643021,1.00154271043966
"tau[2]",0.995982869853288,0.036061633411851,0.931851906358499,0.0249463060448004,0.354386334887354,0.753803786008064,1.3561323953584,3.44531890639662,667.73325771711,1.00620463664448
"u[1,1]",0.00604145065299265,0.00297584232784618,0.189387870793482,-0.415030851750807,-0.0708320702458138,0.00107183589904001,0.0747791566895405,0.41535028876823,4050.2747949945,0.999494262315487
"u[1,2]",-0.345588950839222,0.0279475887140454,1.3857046452814,-3.63237226209295,-0.791612418704331,-0.08770754124468,0.185916737662975,2.1578310716902,2458.40063191951,1.00080365331464
"u[2,1]",-0.0080337682006716,0.00241142392355252,0.171849784701905,-0.373089567299042,-0.0794182127059191,-0.000621120339952919,0.065352224667456,0.35866065636949,5078.6800574045,0.999711220229606
"u[2,2]",-0.222973366903383,0.0204981898275134,1.28845237414595,-2.9851765899841,-0.623993786353133,-0.0809089161567826,0.221982491556053,2.22042230789269,3950.98807438961,1.0000494954069
"u[3,1]",0.0685078386414358,0.0038234029887637,0.198771126437195,-0.254889554676145,-0.0311570504633214,0.0245285291291284,0.141629892308119,0.586981317713128,2702.75355424116,1.00178795966789
"u[3,2]",0.41122404570184,0.0229895273987417,1.25312294271312,-1.49086886928455,-0.105448166367032,0.16375258842343,0.767964755590219,3.32034067907099,2971.16845626769,1.00185967211345
"u[4,1]",-0.0263313012622903,0.00273867254268549,0.18377086357479,-0.457661602802757,-0.0940375322399203,-0.00733892391352008,0.0526092939472786,0.340677545043822,4502.70087770272,1.00078722978727
"u[4,2]",0.111740426093108,0.0219941439833883,1.21663805661493,-2.12751665758179,-0.292713077848845,0.0198254545321072,0.47052689418953,2.63372210472884,3059.91009665732,0.999746810839333
"u[5,1]",-0.0238099039675421,0.00244168227443868,0.174562034349329,-0.42230390804667,-0.0941915086476001,-0.00556425984160985,0.0508893544158107,0.321663123143299,5111.18132423887,0.999550597752895
"u[5,2]",0.0582664367916755,0.0243373786108317,1.27797395519868,-2.48740538758795,-0.361445584301788,0.000549875351867124,0.411443506226735,2.80197765087502,2757.37865545352,0.999607888376684
"u[6,1]",-0.052717460498003,0.00386462984709437,0.20019788870593,-0.563418260139717,-0.131419683035033,-0.0171912268675004,0.0376033970785072,0.314840817324244,2683.50975786593,1.00266037541773
"u[6,2]",-0.843225865589945,0.0597021050546636,1.8981908534216,-5.65761017296442,-1.37816202472622,-0.233275906500123,0.091738354116649,1.58402772384752,1010.88200154499,1.00296887199616
"u[7,1]",0.0128827755379826,0.00297393199494825,0.188098500514576,-0.370423796125413,-0.0632397819126445,0.00202398146547723,0.0831904808351636,0.437319524782589,4000.44773088654,1.00094391285905
"u[7,2]",0.585503860177241,0.0307061025679933,1.2506746503993,-1.09930634322304,-0.0411076467498962,0.241473413843274,0.950069948845283,3.85816099914999,1658.97293983592,1.00100314573141
"u[8,1]",-0.00593268636856567,0.00293300424653711,0.177995334024081,-0.407393315877711,-0.0759173245993461,-0.00188358161304019,0.0614846225147209,0.388299262034773,3682.91632714025,1.00109451359162
"u[8,2]",0.345534334913543,0.022667112448416,1.14398076114989,-1.52788797044178,-0.143466275641218,0.122997176325395,0.666169857164118,3.03044800451697,2547.09441382077,1.00024253128172
"u[9,1]",0.00366963657720511,0.00278883587244276,0.182232397272421,-0.383252140306964,-0.0715021791853538,0.000206931102870621,0.0763268336900195,0.411875337503065,4269.77769901547,1.00073792947039
"u[9,2]",0.377526500926283,0.0247334661848494,1.20494050042595,-1.48405267503116,-0.13793801668759,0.126000681075694,0.706140248323593,3.48264323918008,2373.34698835039,1.00165104450112
"u[10,1]",-0.0560673335677072,0.00317833404591285,0.184291552396872,-0.52234308749774,-0.130980816724144,-0.0202430541077513,0.0328712285321051,0.26964250966732,3362.10890302172,0.999753680601962
"u[10,2]",0.121547840779899,0.0250543798558579,1.34307167314839,-2.14422133654628,-0.315511778504716,0.0166788735409863,0.477645187632087,2.87179107561596,2873.63142124298,0.999421894750256
"u[11,1]",0.0723282937392384,0.0033465681543582,0.203938532359721,-0.260300068738249,-0.026709969462375,0.0253284281809526,0.143762918761678,0.597513534325233,3713.63512714513,1.0006214363315
"u[11,2]",0.153256631050202,0.0243738859541387,1.2323503523133,-2.10608893142856,-0.286129033047013,0.0353410059903266,0.51502767509977,2.93786130730265,2556.34130706832,1.00189760399015
"u[12,1]",-0.0651609338297455,0.00346509968805453,0.204590471608173,-0.574173274351935,-0.143991068825984,-0.021553623937498,0.0328330992518919,0.296224254802002,3486.09598019996,1.00061151123751
"u[12,2]",-0.388006511764881,0.0255261712228159,1.35908714855915,-3.65333944279121,-0.846461104919708,-0.121559745263516,0.165507717277145,2.13690360767201,2834.80542741808,1.00150736246031
"u[13,1]",-0.0749042654069228,0.00406702331056153,0.205256563935283,-0.61673832041413,-0.147048382856082,-0.0243035155365271,0.0285608978339229,0.257510195743192,2547.06944227093,0.999896231496419
"u[13,2]",-0.275804266795483,0.0277271866244538,1.35091732811884,-3.45830860619148,-0.692145277513466,-0.0668123237006976,0.237287991420326,2.13381925355975,2373.80988318354,1.00021037868602
"u[14,1]",0.0149267924473937,0.00256793401636798,0.175705302786882,-0.342469533559178,-0.0616124633660874,0.0044111021146733,0.0857211467569714,0.409471021793618,4681.68313943304,0.99958959325555
"u[14,2]",0.0303055700642108,0.0215717466376623,1.21079307142404,-2.56161787672484,-0.344960507639396,0.00166332558639809,0.413237475504928,2.48906839436033,3150.42563448741,1.00034104619976
"u[15,1]",0.0155419548438794,0.00270308055727882,0.178807838714373,-0.344578780003791,-0.0603930685414887,0.00144404293686579,0.0842477364987325,0.443915473268216,4375.77648529001,1.0000686271824
"u[15,2]",0.157247856871295,0.0219036840764605,1.2229730184398,-1.98200729642042,-0.268522970937299,0.036792852973435,0.523962178063674,2.74804193623157,3117.44943169212,1.00161088647518
"u[16,1]",-0.00786052067482879,0.00292805280943212,0.191416316172873,-0.45529140589454,-0.0803022741056233,-0.00181560423967222,0.0717159825064309,0.401980278534803,4273.6612729683,0.999536195504508
"u[16,2]",-0.140427341622973,0.0221449750623292,1.2975221891856,-3.0022753284073,-0.585841354396115,-0.0452289550210597,0.289484611960115,2.46336413162892,3433.04262707482,0.999990486291216
"u[17,1]",0.0803753677071164,0.00358544703223043,0.199893087807721,-0.241582398403302,-0.0214889182808657,0.0291156833329524,0.150965635105638,0.611301837008741,3108.19982256297,1.00193459280284
"u[17,2]",0.290696411259211,0.0251284357795121,1.25734703186049,-1.80655290013379,-0.186158707483969,0.0852909562282661,0.648315872160818,2.99273196791622,2503.68341098724,1.000303602572
"u[18,1]",0.0458508130129058,0.00302183317853899,0.191000327476468,-0.289531865349617,-0.0383114253516779,0.0131066722928979,0.111288375873127,0.51217926344086,3995.09630855511,1.00068364144785
"u[18,2]",0.121351984728028,0.0213352635138897,1.22211829949113,-2.29785906423448,-0.272371486975651,0.0418536346246068,0.537620601868487,2.74950701298638,3281.18314296711,1.00082727202067
"u[19,1]",0.0756798260400334,0.00342927641268504,0.196281446186283,-0.231219290772246,-0.0248063155976658,0.0288036576124275,0.149601131554017,0.569773239966458,3276.07257181534,1.00043955633957
"u[19,2]",-0.281698023230683,0.0254718963953869,1.42651563674388,-3.40481846476096,-0.724632784728801,-0.100482834253487,0.210339016779741,2.19513378917025,3136.39327411414,0.999638292911394
"u[20,1]",0.0326417735536218,0.00287177925077351,0.187732148510933,-0.343764477173311,-0.0502683867287397,0.00879007939990802,0.103590116672604,0.489206969220212,4273.41622283697,0.999953117774213
"u[20,2]",-0.276047026963907,0.0290229990810568,1.43880894649564,-3.60575178296084,-0.707391210155271,-0.0765211130185862,0.244081833843621,2.28766212672012,2457.65933169983,1.00178010366551
"u[21,1]",-0.0240680614600119,0.00269094606372925,0.175301559732282,-0.436802581880035,-0.0998564695768747,-0.00610361513611111,0.0537870498981469,0.325133780499683,4243.86513789866,1.00005924172253
"u[21,2]",0.142728152685641,0.0200871288436256,1.23191055665884,-2.11942766505198,-0.293633017245407,0.0177109335112143,0.481819500701887,2.9052996495366,3761.16705376923,1.00119813144897
"u[22,1]",0.0120390653816121,0.00257017309291649,0.172395364109839,-0.364384454450512,-0.0597240760900122,0.00256714748950402,0.0794974999386513,0.411765029634321,4499.10802376963,0.999864333308003
"u[22,2]",0.216108585614626,0.0210569636320126,1.19465994504057,-1.81036951612454,-0.233058194196111,0.0461417401986502,0.557731464546207,2.88385733651971,3218.82311505755,1.00055933195604
"u[23,1]",0.0129641493528068,0.00275282651942134,0.182322229203053,-0.359495300235983,-0.0633119116471685,0.00187967459494053,0.0828876677952676,0.408515412036228,4386.53458222493,1.00016929601776
"u[23,2]",0.0362138012585375,0.0207807572069934,1.15936256111142,-2.24472227913058,-0.336041811880355,0.00891347881789864,0.418537089467039,2.38219462736334,3112.54620331374,0.999991705880567
"u[24,1]",-0.0275216045041323,0.00257545805719305,0.184904526868867,-0.456467653862498,-0.100247579460203,-0.00835766886436905,0.0496909239619451,0.356834155820895,5154.49502112833,1.00028494535919
"u[24,2]",0.059799199151674,0.0196073263124704,1.28170051428039,-2.50468174021752,-0.33957529753777,0.00723318072250142,0.455027068687039,2.95458834925689,4273.03415265224,1.00068633813308
"u[25,1]",-0.0592563799403919,0.00301274058342315,0.189075534951922,-0.541632713329532,-0.124105484106097,-0.0204307193225982,0.0294253931838019,0.271436636909097,3938.64828047811,1.00050590405072
"u[25,2]",-0.0898001886356838,0.0199535690417718,1.22319770863035,-2.62397052272503,-0.464132870200072,-0.0262636402913289,0.307318410240945,2.36456576388193,3757.95990006749,0.99988434425857
"u[26,1]",-0.0266330766733911,0.00376916749611633,0.197622843004658,-0.499655056103141,-0.0961905189443597,-0.00625495855433358,0.0591844111438511,0.352988003580365,2749.05488728244,1.00328992124139
"u[26,2]",-0.546768430312443,0.0389747487631768,1.60190812451313,-4.5044299120391,-1.05464450298103,-0.177294771949863,0.127646913819991,2.09339200528324,1689.30691332933,1.0021033913536
"u[27,1]",-0.03348520105055,0.00308738527909818,0.18912517545298,-0.47008875141753,-0.111758903070913,-0.0104209535529368,0.0456135751816388,0.359137397215655,3752.46827925327,0.999958990544904
"u[27,2]",-0.238101316453036,0.0294988857051824,1.43279296450188,-3.37962687613605,-0.704593448815979,-0.0747057093801122,0.259183021088586,2.41413362708233,2359.15055991056,1.00215087232983
"u[28,1]",-0.0263825222854873,0.00303847099346081,0.193104967664986,-0.467787182255502,-0.097180669803544,-0.00770222557486597,0.0558667653676451,0.353877391368522,4039.02650381597,1.00090853839465
"u[28,2]",-0.105454870707135,0.0200701085108885,1.23670434050131,-2.76880467404968,-0.51414865918969,-0.0248029477225127,0.316087551499292,2.47096677354785,3796.92771306646,1.00057309160383
"u[29,1]",0.0353625512805539,0.00275063200678471,0.180718393073102,-0.31208235818298,-0.0454040791007436,0.010263346407214,0.10168500143265,0.477819019476394,4316.57934279261,0.999438591494608
"u[29,2]",0.00644809832566894,0.0224654780545969,1.30020498887347,-2.52614889332446,-0.415980695133736,-0.00235516342786202,0.369153374590551,2.67251880918028,3349.59521105584,0.999758860352941
"u[30,1]",-0.0679103341063769,0.00317949136495768,0.19934756931322,-0.595473611819668,-0.137066131398001,-0.0220392995141087,0.0291191191934913,0.267525174043135,3931.03209366605,0.999316950087572
"u[30,2]",0.114841281485434,0.0208205230578894,1.2030485926344,-2.10304776848355,-0.334867740296189,0.019388487365519,0.479625731018352,2.90152818535495,3338.74359026094,1.00044253241481
"u[31,1]",-0.0500620500678022,0.00301069452248355,0.184924136792007,-0.499690101138111,-0.1242282731471,-0.0170162078518716,0.0362936137463074,0.286112443541319,3772.71340692276,1.00053429849149
"u[31,2]",-0.385237066193515,0.0268920904621414,1.41800376875489,-3.7158771719947,-0.846724735836375,-0.116972468969457,0.200473202820916,2.11393188073448,2780.38952216603,1.00023484484601
"u[32,1]",0.00783327374934997,0.002285367320898,0.174051676718477,-0.371037445049491,-0.0625706770776486,0.0027799885990123,0.0753087914548649,0.40104881413263,5800.21906936708,0.999522128979843
"u[32,2]",-0.0651441073337202,0.0238569143888386,1.26147526767284,-2.73214074126587,-0.497384967197862,-0.026244688742335,0.328418751497927,2.64388584692948,2795.9470102685,1.00009014583649
"u[33,1]",0.0176580694996522,0.00275325654390932,0.183503163052127,-0.378951976020877,-0.0607108885207594,0.00315622658461937,0.0922572158222606,0.448019313967224,4442.15541591115,0.999776484197155
"u[33,2]",0.472792259785025,0.0315989421265213,1.39564438337521,-1.53095621706699,-0.13046716761755,0.132369949548476,0.807640038881106,3.83004033700792,1950.76276436848,1.00193167933489
"u[34,1]",-0.0055944286687557,0.00280316781334564,0.182543655713863,-0.422884829699327,-0.0756937259042305,-0.000603884627850982,0.0708317209636287,0.370412666968547,4240.67794634207,0.999737632593943
"u[34,2]",0.365235919192352,0.0265148751390611,1.26430865481994,-1.62457400368346,-0.154914987333561,0.113626638765287,0.718548527235615,3.28647932893351,2273.66799828125,0.999840562670012
"u[35,1]",-0.0164941655726961,0.00275775461951444,0.178439124501653,-0.42150748091272,-0.0891791611178727,-0.00428454696701458,0.0617893339479689,0.346137508351591,4186.67188493539,0.999717091307823
"u[35,2]",-0.00164837776599506,0.0210961033202365,1.23098698587571,-2.48455442118735,-0.416371985180505,-0.00180577894061961,0.381637970653658,2.64664446519309,3404.88490056414,0.999834025420732
"u[36,1]",-0.0325420653589698,0.0030515130842256,0.184274699551007,-0.465202129052453,-0.104657678732929,-0.0121418476051752,0.0495659947366414,0.327444404717762,3646.70767138418,0.999528840333272
"u[36,2]",0.23834072096193,0.0229703913490888,1.22240887464431,-1.86345482638111,-0.234172501098751,0.0657052712540789,0.574320634616048,3.08138908602966,2832.01924089633,1.00063690533248
"u[37,1]",0.0496644782181844,0.0031345079761569,0.191766788064204,-0.296079403001199,-0.0409520736698313,0.0140398703018507,0.119587630442608,0.519701789032248,3742.89832603281,1.0000995736117
"u[37,2]",0.108812930392286,0.0232528179035325,1.28174688338106,-2.30292939969658,-0.331749530264749,0.00696895006457674,0.477039907929718,3.05514904908717,3038.45884985982,0.999510324192275
"u[38,1]",0.107977316191303,0.00394571846756981,0.211705397256441,-0.194067337926214,-0.0107142157459801,0.042394268409062,0.189967188493648,0.674191835407931,2878.80117489957,1.00127242147388
"u[38,2]",-0.0151881383561225,0.0208235651223211,1.26494032775772,-2.68598637115155,-0.437470685572114,-0.00695008637099717,0.369580805090466,2.76815087787177,3690.03007959204,1.00127147298273
"u[39,1]",-0.0270425771654704,0.00258778436997825,0.18401313068337,-0.457181034425846,-0.0957939517619338,-0.00786406102999739,0.0516074943541433,0.345057805177297,5056.40040621194,0.999566860908097
"u[39,2]",-0.132918005475206,0.0203086630470559,1.24008196725552,-2.80365929045683,-0.525972879840947,-0.0427467053475215,0.292271346785829,2.25606253124144,3728.53407451454,0.999426506349603
"u[40,1]",-0.0283651584898261,0.00267683396387346,0.178617951292676,-0.447649286271649,-0.102238759344068,-0.00823948289341055,0.0480060426215338,0.339105500156226,4452.53497505571,0.999694220655556
"u[40,2]",0.188202576808687,0.0212914497362109,1.16909642202952,-1.87964309003935,-0.253937076773009,0.0363162676092979,0.508152373866501,2.99808964274406,3015.01998764411,1.00157229455685
"u[41,1]",0.0803993498700715,0.00332304568298621,0.199145341763059,-0.236458404762565,-0.0232120750308571,0.0291985944769968,0.156409327395943,0.588335946612253,3591.43227364587,0.999261928912021
"u[41,2]",-0.17310352176086,0.0241574575227354,1.22895959307981,-2.95431377500146,-0.565140152222331,-0.0652213639552917,0.245315380484834,2.24003813334551,2588.05057409092,1.00053336579705
"u[42,1]",0.0645766180399295,0.00304671963186916,0.193151468740229,-0.253398821265785,-0.0304633075962813,0.0188732302309254,0.132597319441145,0.575248957835091,4019.12069009302,0.999590383932121
"u[42,2]",-0.084893495755929,0.0210486784240078,1.28527390582838,-2.81718371224092,-0.472732519533435,-0.020355810831676,0.344654983573873,2.53911471138482,3728.56496564791,0.999476133364495
"u[43,1]",-0.0672430122189388,0.00307146041502288,0.195468534830835,-0.574041722592448,-0.1380144947432,-0.0224969435227669,0.0295687981988294,0.257163363063268,4050.0825038639,1.000177272058
"u[43,2]",-0.213197950784127,0.0257895528550086,1.30856162401317,-3.11927630372497,-0.594219146968591,-0.067625547018087,0.245803828244775,2.20452935955926,2574.54646733159,1.00011065248854
"u[44,1]",0.0197688563837942,0.00286406093449772,0.18260033705718,-0.361310834043674,-0.0580672489074492,0.00404099215242239,0.0918400028993423,0.44066579744465,4064.79495162543,0.999940938567312
"u[44,2]",-0.0114727024869469,0.0245877426087397,1.34794837874339,-2.58751830336449,-0.433494886375166,-0.00424850231625582,0.377962300372994,2.6604915373837,3005.44790897181,1.00049963911237
"u[45,1]",0.0378262944014721,0.0030137915642108,0.188850748016251,-0.303773791578206,-0.0469295638808194,0.00967937586602282,0.105378547147364,0.499594698163955,3926.54874152357,1.0003019581369
"u[45,2]",0.314420643052155,0.0243736402168954,1.22267507986975,-1.68681328707432,-0.177143245522836,0.109161455077146,0.651551671864767,3.33312355125866,2516.40957497027,1.00032630346127
"u[46,1]",0.0102676806726762,0.00304396323675916,0.187864693085534,-0.378725716267963,-0.0655543312076204,0.00155130696198251,0.0881797001344166,0.440590454899747,3809.00487699418,1.00019083777271
"u[46,2]",0.292303503001426,0.023531494498231,1.31486328335098,-1.80366378430165,-0.201275326250633,0.0765573375703217,0.648878287500975,3.10225924718664,3122.2104693967,1.000192622776
"u[47,1]",-0.0334110207839188,0.00263676779709817,0.174326385600424,-0.447546377775683,-0.103377901061395,-0.00924752847952692,0.046107569524643,0.2955056165898,4371.01683915673,1.00203537417575
"u[47,2]",-0.084980690641468,0.0215672011978667,1.25643126889558,-2.53579622760222,-0.494741567119639,-0.0320569000260404,0.292223491411915,2.54183869706535,3393.82850248707,0.999654817048271
"u[48,1]",-0.0606966561368105,0.00300703090076063,0.192878876553488,-0.537263770776292,-0.133540404175514,-0.0216861556731899,0.031929799515765,0.267287464867399,4114.27724301753,0.999488399061995
"u[48,2]",0.184013312841725,0.0205346405239376,1.23844372177219,-1.98247884652357,-0.273864355389953,0.029294057820987,0.51253898471469,2.93041347224393,3637.29346712856,0.999809637342077
"u[49,1]",0.0113849078392105,0.00263799477428712,0.174601445753442,-0.352214732060193,-0.0627979701512186,0.00220769595435647,0.0820852420602704,0.41235350670941,4380.74333772554,0.999456546451254
"u[49,2]",-0.211185572429152,0.0263475420720835,1.35351280470875,-3.26195554158154,-0.600322505535628,-0.0383268759995912,0.25794059493879,2.32123489773681,2639.03119612335,0.999967205128995
"u[50,1]",0.0238579607086102,0.00277038762455767,0.181448407912681,-0.340652084414332,-0.0528675512767125,0.00506298835575321,0.0965352139892413,0.452532949034987,4289.68346406697,0.99997637999835
"u[50,2]",-0.144541937052963,0.0225571146306532,1.3651781024584,-3.16449583238293,-0.532752212096485,-0.044508439093372,0.304049576629337,2.5174430575743,3662.78590271149,0.999921863622624
"q_values[1,1,1]",0,NA,0,0,0,0,0,0,NA,NA
"q_values[1,1,2]",0.109012974852966,0.0109589930902616,0.157993725341776,4.04335721619692e-06,0.00649755352731072,0.0395186185522171,0.142913404791475,0.602110462965367,207.844421542728,1.03204259698735
"q_values[1,1,3]",0.0875636940773292,0.0102082103037918,0.170506276479789,2.42601943066517e-06,0.00391175925820538,0.0242111557685727,0.0927798079250057,0.587128371179792,278.985430488638,1.02366062267717
"q_values[1,1,4]",0,NA,0,0,0,0,0,0,NA,NA
"q_values[1,1,5]",-0.184431777954942,0.0209675823034753,0.324338982860189,-1.17330326258752,-0.210175660113366,-0.0560439926317085,-0.00911556775725709,-5.66070742711241e-06,239.277348763224,1.02661064619157
"q_values[1,1,6]",0.07838611051843,0.00893678173422398,0.140670879847511,2.42601681479702e-06,0.00390498494173631,0.0239568062209543,0.0892820465509324,0.493585898653784,247.768507838136,1.02551279374894
"q_values[1,1,7]",0.0266010093334742,0.00172485223163675,0.103996338741331,-0.0213771527979348,0.00280565034315333,0.0193762817197016,0.0613846562570752,0.114992406828551,3635.23348451388,1.0000541215027
"q_values[1,1,8]",-0.237126571656353,0.0269583201044682,0.417007263677385,-1.50853276618395,-0.270225848717185,-0.0720565619550537,-0.011720015687902,-7.27805240628738e-06,239.277348763225,1.02661064619157
"q_values[1,2,1]",-0.184431777954942,0.0209675823034753,0.324338982860189,-1.17330326258752,-0.210175660113366,-0.0560439926317085,-0.00911556775725709,-5.66070742711241e-06,239.277348763224,1.02661064619157
"q_values[1,2,2]",0,NA,0,0,0,0,0,0,NA,NA
"q_values[1,2,3]",0.0463577113175832,0.00505222056333486,0.0740138903682538,1.61734301727439e-06,0.0025993694015885,0.0158223203702451,0.0574539355695048,0.26978173633214,214.615883570494,1.02872393146471
"q_values[1,2,4]",-0.13173698425353,0.0149768445024823,0.231670702042992,-0.838073758991083,-0.150125471509547,-0.0400314233083632,-0.00651111982661221,-4.04336244793743e-06,239.277348763226,1.02661064619157
"q_values[1,2,5]",-0.0697378007518346,0.00834447344309083,0.1579996195722,-0.503797735166718,-0.0654592386423734,-0.0163971728904549,-0.00261462265512099,-1.61734890298037e-06,358.520677873631,1.0197797067999
"q_values[1,2,6]",0.0417689195381337,0.00430736030280967,0.0603976420809819,1.61734170934032e-06,0.00259598224335396,0.0156951455964359,0.0557050548824682,0.223010500069135,196.615415690503,1.03118901393653
"q_values[1,2,7]",0,NA,0,0,0,0,0,0,NA,NA
"q_values[1,2,8]",-0.116751592103106,0.0136109470717222,0.227341701973053,-0.782837828239723,-0.123706410566674,-0.0322815410247636,-0.00521567901094051,-3.23469257422021e-06,278.985430488643,1.02366062267717
"q_values[1,3,1]",0.0598315938533545,0.00424756969791037,0.091076379881602,1.08447842837044e-06,0.00479944341788269,0.0300618006074262,0.0995795250054447,0.239301803467337,459.759267269098,1.01460025003294
"q_values[1,3,2]",0.000782886275071905,0.00120133320029973,0.0710936704336919,-0.0852375955572102,0.000606214604924544,0.00535684541721707,0.0164801089145309,0.0275959102213366,3502.15137825595,1.00196742887908
"q_values[1,3,3]",0,NA,0,0,0,0,0,0,NA,NA
"q_values[1,3,4]",-0.0979434629552617,0.0116375077824781,0.201815430081553,-0.694638287576878,-0.0970978736501157,-0.0245280662878685,-0.00392022273720089,-2.42602270049929e-06,300.738318177906,1.02275347287022
"q_values[1,3,5]",0.0534776799764838,0.00456686575331318,0.0725212452621026,1.79937745760589e-06,0.00377327917937877,0.0232679940874686,0.0807142840064639,0.24079069716134,252.170346268881,1.02676787433482
"q_values[1,3,6]",0,NA,0,0,0,0,0,0,NA,NA
"q_values[1,3,7]",-0.105389587402824,0.0119814756019858,0.185336561634394,-0.670459007192867,-0.120100377207638,-0.0320251386466905,-0.00520889586128977,-3.23468995834995e-06,239.277348763227,1.02661064619157
"q_values[1,3,8]",0.13173698425353,0.0149768445024823,0.231670702042992,4.04336244793745e-06,0.00651111982661221,0.0400314233083632,0.150125471509547,0.838073758991083,239.277348763226,1.02661064619157
"q_values[1,4,1]",-0.0790421905521178,0.00898610670148942,0.139002421225795,-0.50284425539465,-0.0900752829057284,-0.0240188539850179,-0.00390667189596732,-2.42601746876246e-06,239.277348763224,1.02661064619157
"q_values[1,4,2]",0.158084381104236,0.0179722134029788,0.27800484245159,4.85203493752494e-06,0.00781334379193465,0.0480377079700358,0.180150565811457,1.0056885107893,239.277348763224,1.02661064619157
"q_values[1,4,3]",0.00997730132701305,0.00161430504899492,0.0982005855532567,-0.0907403449399316,0.00148371263348996,0.011827142984568,0.0362582552810875,0.0632109349740394,3700.47048524987,1.00078971422588
"q_values[1,4,4]",-0.0271302831257778,0.0016087740468577,0.0548631746041596,-0.109234649439177,-0.0477663153663394,-0.0146730358007515,-0.00226214924701498,-2.23089342746579e-07,1162.97871169406,1.00595067417344
"q_values[1,4,5]",0,NA,0,0,0,0,0,0,NA,NA
"q_values[1,4,6]",0,NA,0,0,0,0,0,0,NA,NA
"q_values[1,4,7]",0.0904041952523996,0.0105919447425527,0.181342810523301,2.42602008463273e-06,0.00391345504561806,0.024275256363091,0.0936813162647648,0.615223076441506,293.122578129225,1.02284824953337
"q_values[1,4,8]",-0.0463577113175832,0.00505222056333486,0.0740138903682538,-0.26978173633214,-0.0574539355695048,-0.0158223203702451,-0.0025993694015885,-1.61734301727439e-06,214.615883570494,1.02872393146471
"q_values[1,5,1]",0.048635275714266,0.00604196153535051,0.125561288564439,8.08678375292413e-07,0.00131747280226411,0.0085801107666551,0.0379762613822966,0.392212576372371,431.872564634963,1.01781878099413
"q_values[1,5,2]",0.0469038166029289,0.00517753978143764,0.0768206687105092,1.61734301727492e-06,0.00259937160988391,0.0158228335778587,0.0574810035657455,0.274490823462352,220.145228916699,1.0277158624476
"q_values[1,5,3]",0,NA,0,0,0,0,0,0,NA,NA
"q_values[1,5,4]",-0.158084381104236,0.0179722134029788,0.27800484245159,-1.0056885107893,-0.180150565811457,-0.0480377079700358,-0.00781334379193465,-4.85203493752492e-06,239.277348763224,1.02661064619157
"q_values[1,5,5]",-0.184431777954942,0.0209675823034753,0.324338982860189,-1.17330326258752,-0.210175660113366,-0.0560439926317085,-0.00911556775725709,-5.66070742711241e-06,239.277348763224,1.02661064619157
"q_values[1,5,6]",0.0441732901762005,0.00449255830270391,0.0647813854293973,1.61734301727228e-06,0.00259936056840683,0.0158202675397905,0.0573456635845417,0.250620501700008,207.928020732973,1.03179860494815
"q_values[1,5,7]",0.0911870815274715,0.00952181966715703,0.137878453417777,3.23468668851213e-06,0.00520041692422634,0.0317046356740992,0.115592835508843,0.529985480884296,209.678017762027,1.03105498549513
"q_values[1,5,8]",0,NA,0,0,0,0,0,0,NA,NA
"q_values[2,1,1]",0.034353932337287,0.00310072824014363,0.0444577391432065,9.4225871237805e-07,0.00273401015939975,0.0156558317218623,0.0520703207611212,0.156411315003966,205.573598088852,1.03332076798825
"q_values[2,1,2]",-0.0600809729796121,0.00620435923955719,0.125325371239467,-0.391237788220884,-0.0628297120656575,-0.0167003685441777,-0.00289265038585747,-1.41667678431248e-06,408.022514071661,1.01969165153989
"q_values[2,1,3]",-0.0724028038890337,0.00722056378388171,0.125034586351359,-0.426502785190257,-0.086878796044794,-0.0244564958866782,-0.00432033268799797,-2.12501066071875e-06,299.859702563969,1.02530054026529
"q_values[2,1,4]",0.168939875741079,0.0168479821623906,0.29174736815317,4.95835820834375e-06,0.0100807762719953,0.0570651570689159,0.202717190771186,0.995173165443933,299.85970256397,1.02530054026529
"q_values[2,1,5]",0.0554171936369202,0.0042887706520204,0.0850998736968009,1.03054271976981e-06,0.00521445236149345,0.0301718027251102,0.0945732982787443,0.213949241054335,393.724269877997,1.01707974635243
"q_values[2,1,6]",0,NA,0,0,0,0,0,0,NA,NA
"q_values[2,1,7]",0,NA,0,0,0,0,0,0,NA,NA
"q_values[2,1,8]",-0.0621831395147579,0.00637030997593082,0.139553265064111,-0.405605000002047,-0.0629511481607197,-0.016703077419695,-0.00289266531926631,-1.41667678431425e-06,479.908976254739,1.01725477841316
"q_values[2,2,1]",0.0874641687036071,0.0085131901146045,0.137909593137939,2.83334503887567e-06,0.00575009189803151,0.0322796228090449,0.111790825709197,0.484852859495064,262.424446756058,1.02826703368709
"q_values[2,2,2]",0.144805607778067,0.0144411275677634,0.250069172702717,4.2500213214375e-06,0.00864066537599593,0.0489129917733564,0.173757592089588,0.853005570380514,299.859702563969,1.02530054026529
"q_values[2,2,3]",0,NA,0,0,0,0,0,0,NA,NA
"q_values[2,2,4]",0.0334106703555015,0.00344368109764394,0.0795764061334264,7.08338893907421e-07,0.00144840658084443,0.00841799651461021,0.0323142325466138,0.223014134980225,533.977292986425,1.01583075831036
"q_values[2,2,5]",-0.19307414370409,0.0192548367570179,0.333425563603623,-1.13734076050735,-0.231676789452784,-0.0652173223644752,-0.0115208871679946,-5.66669509524999e-06,299.859702563969,1.02530054026529
"q_values[2,2,6]",-0.131935370047443,0.012865779760384,0.208801766241034,-0.734511664375963,-0.16808128057791,-0.0484521213408452,-0.00862617182097114,-4.25001780918828e-06,263.388076383759,1.02818322791527
"q_values[2,2,7]",0.129947742207546,0.013059303097338,0.244311032601502,3.54168644153242e-06,0.00720885016484172,0.0410266576968479,0.148152627273006,0.791684515233902,349.982359916576,1.02235186707168
"q_values[2,2,8]",0,NA,0,0,0,0,0,0,NA,NA
"q_values[2,3,1]",0.19307414370409,0.0192548367570179,0.333425563603623,5.66669509525e-06,0.0115208871679946,0.0652173223644752,0.231676789452784,1.13734076050735,299.859702563969,1.02530054026529
"q_values[2,3,2]",0,NA,0,0,0,0,0,0,NA,NA
"q_values[2,3,3]",-0.0319324363714373,0.00325159752883514,0.0757569946139086,-0.208549384713489,-0.0315241485183847,-0.00835262226005443,-0.00144633863299669,-7.08338392157837e-07,542.815080689346,1.01560491082945
"q_values[2,3,4]",-0.0102196643742758,0.000664284141726158,0.0337628560223964,-0.0411948029713317,-0.0215944727666427,-0.00683998925958123,-0.0011552390298936,-6.95267127162691e-09,2583.27466072601,1.00162729583241
"q_values[2,3,5]",-0.0756651664689417,0.00711077223058589,0.10022287117371,-0.380150841777256,-0.107554674757393,-0.0320002090396872,-0.00571005059910066,-2.75767380403128e-06,198.655294842684,1.03543591925472
"q_values[2,3,6]",0.131935370047443,0.012865779760384,0.208801766241034,4.2500178091883e-06,0.00862617182097114,0.0484521213408452,0.16808128057791,0.734511664375964,263.388076383759,1.02818322791527
"q_values[2,3,7]",0,NA,0,0,0,0,0,0,NA,NA
"q_values[2,3,8]",-0.0482685359260225,0.00481370918925447,0.0833563909009057,-0.284335190126838,-0.057919197363196,-0.0163043305911188,-0.00288022179199864,-1.4166737738125e-06,299.859702563969,1.02530054026529
"q_values[2,4,1]",0.0515308985059305,0.00465109236021545,0.0666866087148097,1.41338806856707e-06,0.00410101523909963,0.0234837475827935,0.0781054811416818,0.234616972505949,205.573598088852,1.03332076798825
"q_values[2,4,2]",0,NA,0,0,0,0,0,0,NA,NA
"q_values[2,4,3]",-0.0482685359260225,0.00481370918925447,0.0833563909009057,-0.284335190126838,-0.057919197363196,-0.0163043305911188,-0.00288022179199864,-1.4166737738125e-06,299.859702563969,1.02530054026529
"q_values[2,4,4]",-0.0574559777697099,0.00628298158764612,0.17170558341392,-0.439692773524551,-0.0421595491705493,-0.00921061419583147,-0.00147326675524386,-7.08344914907733e-07,746.85666493503,1.01203712759802
"q_values[2,4,5]",0,NA,0,0,0,0,0,0,NA,NA
"q_values[2,4,6]",0.120671339815056,0.0120342729731362,0.208390977252264,3.54168443453125e-06,0.00720055447999661,0.040760826477797,0.14479799340799,0.710837975317095,299.859702563971,1.02530054026529
"q_values[2,4,7]",0.0215982333019119,0.00204984044089893,0.0364369814983737,7.08335883407442e-07,0.00143597798698561,0.00802195856155132,0.0274037178441523,0.116111536886179,315.969141523498,1.02431016716933
"q_values[2,4,8]",-0.034353932337287,0.00310072824014363,0.0444577391432065,-0.156411315003966,-0.0520703207611212,-0.0156558317218623,-0.00273401015939975,-9.42258712378045e-07,205.573598088852,1.03332076798825
"q_values[2,5,1]",0,NA,0,0,0,0,0,0,NA,NA
"q_values[2,5,2]",0.0793601056834014,0.00799140465966155,0.152118408026921,2.12501216596963e-06,0.0043265544516318,0.0246558693009663,0.0893947714435558,0.487137690127862,362.340849651381,1.02172719059728
"q_values[2,5,3]",-0.0323528696784665,0.0032849761302849,0.0788236283094361,-0.211422827069722,-0.0315484357373971,-0.0083531640351579,-0.00144634161967846,-7.08338392158193e-07,575.769171153119,1.01487157869231
"q_values[2,5,4]",0,NA,0,0,0,0,0,0,NA,NA
"q_values[2,5,5]",0.19307414370409,0.0192548367570179,0.333425563603623,5.66669509525e-06,0.0115208871679946,0.0652173223644752,0.231676789452784,1.13734076050735,299.859702563969,1.02530054026529
"q_values[2,5,6]",0.217208411667101,0.0216616913516451,0.375103759054076,6.37503198215625e-06,0.0129609980639939,0.0733694876600347,0.260636388134382,1.27950835557077,299.85970256397,1.02530054026529
"q_values[2,5,7]",0.0575449383185128,0.00585190633766914,0.120249979395086,1.41667578081367e-06,0.00288851747684376,0.0165701618101696,0.0612738312282118,0.365181730043644,422.255474037578,1.01914661505905
"q_values[2,5,8]",-0.0740845371171504,0.00734615132573298,0.135073398928394,-0.437996554615187,-0.0869759449208437,-0.0244586629870921,-0.00432034463472504,-2.12501066072017e-06,338.080339831626,1.02299283877745
"q_values[3,1,1]",0,NA,0,0,0,0,0,0,NA,NA
"q_values[3,1,2]",-0.597205540244489,0.0222901784636135,0.42330750253028,-1.58732592404555,-0.841968714446839,-0.5304388363243,-0.274179131815676,-0.00599165092137611,360.649089716471,1.01906350121177
"q_values[3,1,3]",0.201271874218382,0.00625110544706521,0.115484143863366,0.00256418708273386,0.109834498097549,0.198620170114844,0.288505845364223,0.422764638483961,341.295897854165,1.01969680946237
"q_values[3,1,4]",0.192499497281556,0.0076589768567645,0.149035601611323,0.00171336558810697,0.0814052324481467,0.163038257130885,0.269497645601438,0.556362663686443,378.65050087484,1.01842596740125
"q_values[3,1,5]",-0.767835694600057,0.0286588008817887,0.544252503253218,-2.04084761663,-1.08253120428879,-0.681992789559814,-0.352516026620155,-0.00770355118462642,360.649089716471,1.01906350121177
"q_values[3,1,6]",0.168544848456348,0.00639824140317844,0.123004717307391,0.00171117073653428,0.0771031816433979,0.147987417192667,0.234795803354047,0.460401980530581,369.591769094281,1.01888376952993
"q_values[3,1,7]",0.35290283437401,0.0150263988918996,0.300362901670668,0.00257517262916153,0.132426392500003,0.281706587063353,0.49333826561178,1.11286631149067,399.560690937598,1.01768866395037
"q_values[3,1,8]",0,NA,0,0,0,0,0,0,NA,NA
"q_values[3,2,1]",0.767835694600057,0.0286588008817887,0.544252503253218,0.00770355118462644,0.352516026620155,0.681992789559814,1.08253120428879,2.04084761663,360.649089716471,1.01906350121177
"q_values[3,2,2]",0.682520617422273,0.0254744896727011,0.483780002891749,0.00684760105300128,0.313347579217916,0.606215812942057,0.962249959367816,1.81408677033777,360.649089716472,1.01906350121177
"q_values[3,2,3]",-0.437510057351915,0.0165699048904641,0.316253984006663,-1.18522471701211,-0.615873802484627,-0.384627035036471,-0.197376405833031,-0.00428048332055412,364.277191195982,1.01893110191802
"q_values[3,2,4]",-0.134955991240538,0.00240204275097462,0.0942928093032804,-0.207513205129701,-0.197304640280315,-0.165554704339402,-0.100458458191818,0.0397452429551115,1540.97532597208,1.00016194026812
"q_values[3,2,5]",-0.13259350925527,0.00598618586289656,0.124983542974886,-0.455763097895074,-0.181631912996678,-0.0996158307704341,-0.045425304953876,-0.000858882035623368,435.918468833305,1.01679168833447
"q_values[3,2,6]",0,NA,0,0,0,0,0,0,NA,NA
"q_values[3,2,7]",0,NA,0,0,0,0,0,0,NA,NA
"q_values[3,2,8]",-0.0634457342517959,0.00186072305035749,0.0345624044566572,-0.122340339680675,-0.0913083968963435,-0.0642926727223862,-0.0361001097585718,-0.00085448480676851,345.020119234579,1.01938190030572
"q_values[3,3,1]",-0.437510057351915,0.0165699048904641,0.316253984006663,-1.18522471701211,-0.615873802484627,-0.384627035036471,-0.197376405833031,-0.00428048332055412,364.277191195982,1.01893110191802
"q_values[3,3,2]",-0.435347762825746,0.0145122591266672,0.268670120183343,-1.00062167889633,-0.620414424367671,-0.414466796072744,-0.2242715026606,-0.00513057215275268,342.743076228273,1.01971654069525
"q_values[3,3,3]",0.0138048201890421,0.00385508806425615,0.134486110461215,-0.0567629336511625,-0.051189470384118,-0.0327820389728244,0.00767266404482797,0.390425964437557,1216.98789906377,1.0084140929909
"q_values[3,3,4]",0,NA,0,0,0,0,0,0,NA,NA
"q_values[3,3,5]",0,NA,0,0,0,0,0,0,NA,NA
"q_values[3,3,6]",0.767835694600057,0.0286588008817887,0.544252503253218,0.00770355118462644,0.352516026620155,0.681992789559814,1.08253120428879,2.04084761663,360.649089716471,1.01906350121177
"q_values[3,3,7]",0.682520617422273,0.0254744896727011,0.483780002891749,0.00684760105300128,0.313347579217916,0.606215812942057,0.962249959367816,1.81408677033777,360.649089716472,1.01906350121177
"q_values[3,3,8]",-0.00629464962419136,0.0028657000530333,0.110096062326711,-0.064007858037514,-0.0589407680693474,-0.0426064619403443,-0.00413425501419405,0.299245148034985,1475.98556202973,1.00699194869501
"q_values[3,4,1]",-0.27852242865922,0.0124634986208721,0.255084617396989,-0.937525950749447,-0.387524598570544,-0.211671762393281,-0.0947921139195977,-0.00171995515996469,418.879011063181,1.01710654726367
"q_values[3,4,2]",-0.0370516148143712,0.0035353914534489,0.105013099828988,-0.331984206822636,-0.0446287982440888,0.00354628379037164,0.0170849947574145,0.0211757669613899,882.291187353125,1.01071291607047
"q_values[3,4,3]",0,NA,0,0,0,0,0,0,NA,NA
"q_values[3,4,4]",0,NA,0,0,0,0,0,0,NA,NA
"q_values[3,4,5]",0.170630154355568,0.00636862241817526,0.120945000722937,0.00171190026325032,0.078336894804479,0.151553953235514,0.240562489841954,0.453521692584444,360.649089716472,1.01906350121177
"q_values[3,4,6]",-0.255945231533352,0.00955293362726288,0.181417501084406,-0.680282538876666,-0.360843734762931,-0.227330929853271,-0.117505342206718,-0.00256785039487547,360.649089716473,1.01906350121177
"q_values[3,4,7]",0.0306417198628136,0.000668028509319936,0.0287228566472541,-0.0303415814627757,0.0229578542553864,0.0392982678026462,0.0474070407317421,0.0499723371307145,1848.69500194146,1.00033702787932
"q_values[3,4,8]",0.179402531292394,0.00491838194864815,0.0927830121354173,0.00256272175787721,0.106766160453881,0.186742506977665,0.258502451473018,0.319816398344697,355.870862736774,1.01861870052313
"q_values[3,5,1]",0.597205540244489,0.0222901784636135,0.42330750253028,0.00599165092137612,0.274179131815676,0.5304388363243,0.841968714446839,1.58732592404555,360.649089716471,1.01906350121177
"q_values[3,5,2]",0,NA,0,0,0,0,0,0,NA,NA
"q_values[3,5,3]",0,NA,0,0,0,0,0,0,NA,NA
"q_values[3,5,4]",0.373356468900239,0.0129728735679509,0.241919754658597,0.00427535907355305,0.187057862005248,0.347477833669446,0.526782005275003,0.906902401051103,347.752527934879,1.0196474552292
"q_values[3,5,5]",-0.0373287909004189,0.00171850239240884,0.0737389913826469,-0.0793199665398412,-0.0751456971846776,-0.0593295052447614,-0.0271673149351265,0.156643846081413,1841.17090655418,1.0034513488009
"q_values[3,5,6]",-0.0525110627888018,0.00120283264938129,0.0250634323393212,-0.083213878535666,-0.0748033533582742,-0.0575694822853644,-0.033994565964939,-0.000686852057336929,434.180860868235,1.0146579955795
"q_values[3,5,7]",-0.424413091362752,0.0138454631570353,0.255854139252775,-0.949201193345335,-0.605946846487929,-0.408724644125059,-0.222737333838766,-0.00512983949032436,341.483652765139,1.01974980797756
"q_values[3,5,8]",-0.426575385888921,0.0159215560454381,0.302362501807343,-1.13380423146111,-0.601406224604885,-0.378884883088785,-0.195842237011197,-0.00427975065812579,360.649089716473,1.01906350121177
"q_values[4,1,1]",0.0372282827920899,0.00386123117455047,0.127417109341493,-0.0168689959598353,-0.013445792925941,-0.00396948397877658,0.0232554833478694,0.36786861040695,1088.93984342972,1.01209712756799
"q_values[4,1,2]",0,NA,0,0,0,0,0,0,NA,NA
"q_values[4,1,3]",0,NA,0,0,0,0,0,0,NA,NA
"q_values[4,1,4]",0.465609709545465,0.0299298379172653,0.467528536476041,0.00019148381039509,0.100452007735853,0.324073658707543,0.699630024713558,1.62937423005529,244.009939958966,1.03140969028671
"q_values[4,1,5]",-0.301594081875265,0.0183597365586706,0.269331720279946,-0.931655318302083,-0.471185398880219,-0.231568260943846,-0.0742353457731507,-0.00014360884705183,215.199926917452,1.03426594844
"q_values[4,1,6]",-0.21899798734546,0.0138193882514759,0.214143805078915,-0.740933047417009,-0.330883695328199,-0.157512690499117,-0.0497648850915051,-9.57401863893509e-05,240.122797216895,1.03177579116026
"q_values[4,1,7]",0.523810923238648,0.0336710676569236,0.525969603535546,0.000215419286694476,0.113008508702835,0.364582866045986,0.787083777802752,1.8330460088122,244.009939958966,1.03140969028671
"q_values[4,1,8]",-0.1232043131412,0.00805988331306566,0.129058116738163,-0.44882575097659,-0.182555666129096,-0.0826594122607158,-0.0252706676523545,-4.78715255622701e-05,256.397117367127,1.03030893281559
"q_values[4,2,1]",0,NA,0,0,0,0,0,0,NA,NA
"q_values[4,2,2]",-0.174603641079549,0.0112236892189745,0.175323201178515,-0.611015336270733,-0.262361259267584,-0.121527622015329,-0.0376695029009449,-7.18064288981581e-05,244.009939958966,1.03140969028671
"q_values[4,2,3]",-0.266814283546899,0.017813246483128,0.295404907140043,-1.02209808234149,-0.388055812110314,-0.170241817272922,-0.0510143324598829,-9.5744770015034e-05,275.010487599433,1.0288740244411
"q_values[4,2,4]",-0.0326259936496657,0.00352055584936451,0.121616971287727,-0.343283921203405,-0.0169450443383428,0.00483424927150951,0.0146246682903535,0.0180125819905042,1193.34465107161,1.01131053037355
"q_values[4,2,5]",-0.0878114492425316,0.00619199483062896,0.10931690543747,-0.377287737552307,-0.123019110960369,-0.048448292659703,-0.0133369106397697,-2.39383410620088e-05,311.683267429682,1.02648116728016
"q_values[4,2,6]",0,NA,0,0,0,0,0,0,NA,NA
"q_values[4,2,7]",0.349207282159099,0.022447378437949,0.350646402357031,0.000143612857796317,0.0753390058018897,0.243055244030657,0.524722518535168,1.22203067254146,244.009939958966,1.03140969028671
"q_values[4,2,8]",0.140594212305382,0.00837643771506977,0.118616222551589,7.18035640806687e-05,0.0368811743089884,0.113322634096178,0.224120459514049,0.402711270823883,200.525427870403,1.03530550991385
"q_values[4,3,1]",-0.174603641079549,0.0112236892189745,0.175323201178515,-0.611015336270733,-0.262361259267584,-0.121527622015329,-0.0376695029009449,-7.18064288981581e-05,244.009939958966,1.03140969028671
"q_values[4,3,2]",-0.346191524058782,0.0209915024356532,0.305071981109392,-1.05236271013346,-0.543342832068,-0.268795473114629,-0.0864765153033497,-0.00016754317742422,211.211517714624,1.03454320961709
"q_values[4,3,3]",0.104917711588418,0.00759817482470061,0.138576962678107,2.39400599113526e-05,0.0138039686055673,0.0531718584627755,0.143957009400719,0.476388061551778,332.631606026151,1.02531555720604
"q_values[4,3,4]",0,NA,0,0,0,0,0,0,NA,NA
"q_values[4,3,5]",0,NA,0,0,0,0,0,0,NA,NA
"q_values[4,3,6]",0.349207282159099,0.022447378437949,0.350646402357031,0.000143612857796317,0.0753390058018897,0.243055244030657,0.524722518535168,1.22203067254146,244.009939958966,1.03140969028671
"q_values[4,3,7]",0.00301575810031726,0.0014217167788179,0.0719313376091773,-0.0277445238144533,-0.0239353527588024,-0.0133858302519416,-0.000932643993701747,0.169667962408008,2559.8239314284,1.00592202394615
"q_values[4,3,8]",-0.00846895769763112,0.00201245323804078,0.105428101770887,-0.0602397262299286,-0.0521438824689011,-0.0311561552850416,-0.00427424146128072,0.238712466445965,2744.48700486763,1.00438961561053
"q_values[4,4,1]",-0.075591112857366,0.00388536393790605,0.0563698746195552,-0.165968494764534,-0.127343973161551,-0.0703219187020934,-0.0236593574267505,-3.2021856461969e-05,210.489641190494,1.03226410773579
"q_values[4,4,2]",-0.318213611485249,0.0210054709881068,0.341172498478534,-1.18428766763563,-0.467861405248802,-0.209110027027535,-0.0634131677084732,-0.000119679673350922,263.805098164752,1.02970414741901
"q_values[4,4,3]",-0.291006068465916,0.0187061486982909,0.292205335297526,-1.01835889378455,-0.437268765445973,-0.202546036692214,-0.0627825048349081,-0.00011967738149693,244.009939958966,1.03140969028671
"q_values[4,4,4]",-0.0712724605332384,0.00203885333394537,0.079332926007029,-0.144835678738422,-0.127315964713565,-0.0815237355102796,-0.0253782776543517,0.010455998485509,1514.03171865016,1.0033539167736
"q_values[4,4,5]",0,NA,0,0,0,0,0,0,NA,NA
"q_values[4,4,6]",0,NA,0,0,0,0,0,0,NA,NA
"q_values[4,4,7]",-0.00403501550583103,0.0025480750939464,0.126566893513952,-0.31322810124189,0.00165879862816888,0.0260994837245357,0.0465347194912317,0.05379418745947,2467.26498789571,1.00639637806849
"q_values[4,4,8]",0.174603641079549,0.0112236892189745,0.175323201178515,7.18064288981586e-05,0.0376695029009449,0.121527622015329,0.262361259267584,0.611015336270732,244.009939958966,1.03140969028671
"q_values[4,5,1]",0.465609709545465,0.0299298379172653,0.467528536476041,0.00019148381039509,0.100452007735853,0.324073658707543,0.699630024713558,1.62937423005529,244.009939958966,1.03140969028671
"q_values[4,5,2]",-0.0141710451462599,0.00180527234745445,0.0970433532853437,-0.0639490593313128,-0.0557317779985502,-0.0344515567376436,-0.00601288103822652,0.205679025112808,2889.65590106918,1.00332447984417
"q_values[4,5,3]",-0.19500929834405,0.0129414743272928,0.212168727710826,-0.735461916659039,-0.285305739119705,-0.126450614766819,-0.0381425000561187,-7.1808147788652e-05,268.77893819259,1.02932404430306
"q_values[4,5,4]",0.523810923238648,0.0336710676569236,0.525969603535546,0.000215419286694476,0.113008508702835,0.364582866045986,0.787083777802752,1.8330460088122,244.009939958966,1.03140969028671
"q_values[4,5,5]",-0.127603506366018,0.00842117506216096,0.140849576694024,-0.482620759495038,-0.185231108011457,-0.0829253148586062,-0.0252785865715229,-4.78715256171372e-05,279.747169370265,1.028559206262
"q_values[4,5,6]",-0.253210512037233,0.016691562784619,0.270458231887139,-0.93913369541595,-0.3727594922089,-0.166959822105262,-0.0506990010231003,-9.57436240880381e-05,262.546605920817,1.02980203515044
"q_values[4,5,7]",0,NA,0,0,0,0,0,0,NA,NA
"q_values[4,5,8]",0,NA,0,0,0,0,0,0,NA,NA
"q_values[5,1,1]",-0.0815454697490008,0.00433868565623417,0.0901216771977558,-0.319689565931235,-0.118167739221532,-0.0527939781229976,-0.0134047733307657,-1.06442755378655e-05,431.461609241706,1.01662437412341
"q_values[5,1,2]",0.0963150196073472,0.00542229250730375,0.121040116599807,1.06443888407066e-05,0.0135844613194818,0.0555811822493706,0.132131356973455,0.421890990828767,498.30217488575,1.01457678095843
"q_values[5,1,3]",0.103245658406781,0.00411675335609823,0.0839311027837774,1.55811157157356e-05,0.0255290902038812,0.0925082104476835,0.174089123901812,0.244896071795785,415.658017967445,1.01799189785552
"q_values[5,1,4]",0,NA,0,0,0,0,0,0,NA,NA
"q_values[5,1,5]",0,NA,0,0,0,0,0,0,NA,NA
"q_values[5,1,6]",-0.0565173866684307,0.00332752052564189,0.080029489315299,-0.270214391166851,-0.0734599998346722,-0.0292209800862983,-0.00688267682356123,-5.32225107207531e-06,578.440383001388,1.01279997897875
"q_values[5,1,7]",0.177860489356348,0.00976450860467688,0.210736432535127,2.12886643785721e-05,0.0269892346502475,0.108375160372368,0.250299096194987,0.741580556760002,465.777454024214,1.01549575552537
"q_values[5,1,8]",0.203863674372502,0.0108467141405854,0.22530419299439,2.66106888446638e-05,0.0335119333269142,0.131984945307494,0.295419348053831,0.799223914828088,431.461609241707,1.01662437412341
"q_values[5,2,1]",-0.0880782006685857,0.00560030348357162,0.142860840148105,-0.480792945240319,-0.106100225618571,-0.0359866624608851,-0.00732858486330928,-5.32253432751958e-06,650.733664979211,1.01129435419813
"q_values[5,2,2]",0,NA,0,0,0,0,0,0,NA,NA
"q_values[5,2,3]",0,NA,0,0,0,0,0,0,NA,NA
"q_values[5,2,4]",-0.107548654765155,0.00539895460179231,0.106393822808688,-0.377332923999321,-0.163287991080376,-0.0764037630581233,-0.0199274720074324,-1.59663000039572e-05,388.341207010427,1.01841439763625
"q_values[5,2,5]",0.326181878996003,0.0173547426249367,0.360486708791023,4.2577102151462e-05,0.0536190933230627,0.21117591249199,0.472670956886129,1.27875826372494,431.461609241706,1.01662437412341
"q_values[5,2,6]",-0.155341671527032,0.00885078048206143,0.200329515581776,-0.702365177925874,-0.210510603324172,-0.0860118299067229,-0.0205539712900899,-1.59666965626948e-05,512.302815631124,1.01425541348386
"q_values[5,2,7]",-0.166783326962588,0.00895048643837076,0.187764005879686,-0.664929488086853,-0.239826382881045,-0.106284757277588,-0.0268544686587104,-2.12885794014412e-05,440.079771750615,1.01632153015392
"q_values[5,2,8]",0.366954613870503,0.0195240854530538,0.405547547389901,4.78992399203948e-05,0.0603214799884455,0.237572901553489,0.531754826496895,1.43860304669056,431.461609241706,1.01662437412341
"q_values[5,3,1]",0.181709349584982,0.0091865658685733,0.181910581064966,2.66105188904022e-05,0.03324240134384,0.127804139117934,0.274473921425946,0.64592177748179,392.111460202162,1.01823019516639
"q_values[5,3,2]",0.25587004440481,0.0129734395789024,0.257451796142699,3.72547377768472e-05,0.0465573306802475,0.179204515177745,0.385659851771517,0.91451063096426,393.805325692822,1.01815087021175
"q_values[5,3,3]",0,NA,0,0,0,0,0,0,NA,NA
"q_values[5,3,4]",-0.0815454697490008,0.00433868565623417,0.0901216771977558,-0.319689565931235,-0.118167739221532,-0.0527939781229976,-0.0134047733307657,-1.06442755378655e-05,431.461609241706,1.01662437412341
"q_values[5,3,5]",0.163090939498002,0.00867737131246834,0.180243354395512,2.1288551075731e-05,0.0268095466615313,0.105587956245995,0.236335478443064,0.63937913186247,431.461609241706,1.01662437412341
"q_values[5,3,6]",0,NA,0,0,0,0,0,0,NA,NA
"q_values[5,3,7]",-0.0565173866684307,0.00332752052564189,0.080029489315299,-0.270214391166851,-0.0734599998346722,-0.0292209800862983,-0.00688267682356123,-5.32225107207531e-06,578.440383001388,1.01279997897875
"q_values[5,3,8]",0.0661653109968669,0.00213612924593159,0.0582658035320004,3.31558373602686e-06,0.0173916676897155,0.0645054403541572,0.114847448047167,0.14547405256562,743.99913077148,1.01131684996152
"q_values[5,4,1]",0,NA,0,0,0,0,0,0,NA,NA
"q_values[5,4,2]",0.122318204623501,0.00650802848435125,0.135182515796634,1.59664133067983e-05,0.0201071599961485,0.0791909671844963,0.177251608832298,0.479534348896853,431.461609241706,1.01662437412341
"q_values[5,4,3]",0.215097309530309,0.0107979092035846,0.212787645617375,3.19326000079144e-05,0.0398549440148647,0.152807526116247,0.326575982160751,0.754665847998642,388.341207010427,1.01841439763625
"q_values[5,4,4]",0.170475714427175,0.00922293288992156,0.195358396636493,2.12886077271515e-05,0.0268993906558894,0.106981558309182,0.243317287319026,0.690479844311236,448.669003769301,1.01603247151892
"q_values[5,4,5]",0.11874887508491,0.00698853716052991,0.165534042216146,1.06445871196231e-05,0.0138968077066172,0.0603300353260306,0.155123894387378,0.57215484283649,561.05066702954,1.01315432107899
"q_values[5,4,6]",0,NA,0,0,0,0,0,0,NA,NA
"q_values[5,4,7]",-0.203863674372502,0.0108467141405854,0.22530419299439,-0.799223914828087,-0.295419348053831,-0.131984945307494,-0.0335119333269142,-2.66106888446637e-05,431.461609241707,1.01662437412341
"q_values[5,4,8]",-0.199806793866119,0.0113057249879173,0.252929747661048,-0.887760317115874,-0.273085377372919,-0.113105619999815,-0.0273012799526518,-2.12888626573378e-05,500.498738782564,1.01451853803086
"q_values[5,5,1]",-0.366954613870503,0.0195240854530538,0.405547547389901,-1.43860304669056,-0.531754826496895,-0.237572901553489,-0.0603214799884455,-4.78992399203946e-05,431.461609241706,1.01662437412341
"q_values[5,5,2]",-0.00897048575854453,0.00168232526386779,0.0723650108935847,-0.181523837568339,0.000186393518223203,0.00749366504624921,0.0152959475672475,0.0180161928047511,1850.27946916743,1.00348123626201
"q_values[5,5,3]",0.126010592088088,0.00678097302155843,0.142715782830095,1.59664416325085e-05,0.0201520819933275,0.0798877682160896,0.180742513270279,0.505084705121235,442.955374124136,1.01622363410202
"q_values[5,5,4]",-0.285409144121503,0.0151853997968196,0.315425870192145,-1.11891348075932,-0.413587087275363,-0.184778923430491,-0.0469167066576799,-3.72549643825292e-05,431.461609241707,1.01662437412341
"q_values[5,5,5]",0.10767171269115,0.00617746604405622,0.141446805275361,1.06445021424923e-05,0.0137620417150801,0.0582396322312508,0.144651181073436,0.495503774163342,524.282729853539,1.01400080981349
"q_values[5,5,6]",0.0852378572135874,0.00461146644496078,0.0976791983182465,1.06443038635758e-05,0.0134496953279447,0.0534907791545908,0.121658643659513,0.345239922155618,448.669003769301,1.01603247151892
"q_values[5,5,7]",0,NA,0,0,0,0,0,0,NA,NA
"q_values[5,5,8]",0,NA,0,0,0,0,0,0,NA,NA
"q_values[6,1,1]",0,NA,0,0,0,0,0,0,NA,NA
"q_values[6,1,2]",-0.115185496084119,0.0123952392224572,0.165317805237861,-0.578210598707468,-0.167991800008136,-0.0291566494670336,-0.00332694490459225,-1.70711507247132e-06,177.880948343329,1.03634104297103
"q_values[6,1,3]",0.0849103894750921,0.00820573312219918,0.108712583116986,9.86962555881755e-07,0.00316843968826077,0.02821563903113,0.148435000728193,0.321573959066117,175.519290196886,1.03461920731243
"q_values[6,1,4]",0.22759334100954,0.0254746782770537,0.375054044788244,2.73138579458404e-06,0.00532950266086921,0.0471508609565169,0.287367384445948,1.33593365901433,216.755582307574,1.03150122461041
"q_values[6,1,5]",0.0374692816418071,0.00432576908819867,0.0722859106975344,3.41423574037573e-07,0.000667519252092318,0.00599807049649445,0.0397918614792707,0.250650414246305,279.241940948646,1.02607380248908
"q_values[6,1,6]",0,NA,0,0,0,0,0,0,NA,NA
"q_values[6,1,7]",-0.142245838130962,0.0159216739231586,0.234408777992652,-0.834958536883953,-0.179604615278717,-0.0294692880978231,-0.00333093916304326,-1.70711612161502e-06,216.755582307574,1.03150122461041
"q_values[6,1,8]",-0.0811600325176683,0.0094412757977436,0.159235061657847,-0.557018904152179,-0.0831765659787264,-0.0120991254333916,-0.00133636814971526,-6.82847497789473e-07,284.456611272787,1.02562950707446
"q_values[6,2,1]",0.00904944140905602,0.00116451015961325,0.0664832149505163,-0.107485187762064,0.000635613155659874,0.00767182566162119,0.0337118069494092,0.0599229816721225,3259.39850149183,1.00010262736699
"q_values[6,2,2]",-0.125823489192256,0.0142562278253552,0.220627060144887,-0.779511771999848,-0.148844943454344,-0.0237143809808316,-0.00266652655641283,-1.36569336357811e-06,239.50153537693,1.02928236288202
"q_values[6,2,3]",-0.056898335252385,0.00636866956926344,0.0937635111970609,-0.333983414753581,-0.0718418461114869,-0.0117877152391292,-0.0013323756652173,-6.82846448646009e-07,216.755582307574,1.03150122461041
"q_values[6,2,4]",0,NA,0,0,0,0,0,0,NA,NA
"q_values[6,2,5]",0,NA,0,0,0,0,0,0,NA,NA
"q_values[6,2,6]",-0.0612645381101637,0.00729059553628386,0.137988408169575,-0.469029131776579,-0.0510802321126198,-0.00630927595133562,-0.000671511440931431,-3.41424623180997e-07,358.227728003118,1.02169086860561
"q_values[6,2,7]",-0.0689251539398711,0.00788927063418761,0.127301008454526,-0.445528357246267,-0.0770030973428566,-0.0119266657417023,-0.00133415089119553,-6.82846914932099e-07,260.369422218846,1.02750124823813
"q_values[6,2,8]",0.0853475028785775,0.00955300435389516,0.140645266795591,1.02426967296902e-06,0.00199856349782595,0.0176815728586938,0.10776276916723,0.500975122130372,216.755582307574,1.03150122461041
"q_values[6,3,1]",0,NA,0,0,0,0,0,0,NA,NA
"q_values[6,3,2]",0,NA,0,0,0,0,0,0,NA,NA
"q_values[6,3,3]",0.142245838130962,0.0159216739231586,0.234408777992652,1.70711612161503e-06,0.00333093916304326,0.0294692880978231,0.179604615278717,0.834958536883953,216.755582307574,1.03150122461041
"q_values[6,3,4]",-0.124205610099733,0.0136324882543784,0.187224665607061,-0.667641123144924,-0.171862738431663,-0.0292608623439634,-0.00332827632407592,-1.70711542218589e-06,188.614841426494,1.03472016066715
"q_values[6,3,5]",-0.0166702330338904,0.00101058840353809,0.0521095747385257,-0.0725757202030888,-0.0407561661775395,-0.00893723820179169,-0.000865628312944093,0.037796796497523,2658.80469534414,1.0007110106323
"q_values[6,3,6]",0.22759334100954,0.0254746782770537,0.375054044788244,2.73138579458404e-06,0.00532950266086921,0.0471508609565169,0.287367384445948,1.33593365901433,216.755582307574,1.03150122461041
"q_values[6,3,7]",-0.031455872298064,0.0035640569563388,0.0551567650362218,-0.194877942999962,-0.0372112358635859,-0.00592859524520789,-0.000666631639103207,-3.41423340894527e-07,239.50153537693,1.02928236288202
"q_values[6,3,8]",-0.0212948167982849,0.00226578693708858,0.0298095367065288,-0.101960087980573,-0.0322353815677777,-0.00579046370031954,-0.000664857595760349,-3.41422874608596e-07,173.090134531641,1.03746161906794
"q_values[6,4,1]",0.11379667050477,0.0127373391385269,0.187527022394122,1.36569289729202e-06,0.0026647513304346,0.0235754304782585,0.143683692222974,0.667966829507163,216.755582307574,1.03150122461041
"q_values[6,4,2]",0.230600045681411,0.0258539833517005,0.383202133931409,2.73138591115556e-06,0.00532994646736376,0.0471855985821602,0.28865769725379,1.3638198946375,219.685254746721,1.03119806747544
"q_values[6,4,3]",0,NA,0,0,0,0,0,0,NA,NA
"q_values[6,4,4]",0.0502104252214041,0.00551847511415215,0.0778690193376946,6.82846098931641e-07,0.00133104572402784,0.0116845260593053,0.0682026538574115,0.273608567225689,199.109157099152,1.03369668798686
"q_values[6,4,5]",0.116803375176641,0.0131166438791665,0.195695530496364,1.36569301386354e-06,0.00266519513692916,0.0236101681039017,0.144974005030816,0.695853065130334,222.595488955784,1.03090230343033
"q_values[6,4,6]",-0.170695005757155,0.0191060087077903,0.281290533591183,-1.00195024426074,-0.215525538334461,-0.0353631457173877,-0.00399712699565191,-2.04853934593803e-06,216.755582307574,1.03150122461041
"q_values[6,4,7]",-0.102028232723899,0.0112435716147271,0.158863111563735,-0.561133054469575,-0.137556572820994,-0.0234031755259904,-0.00266253436757371,-1.36569231443468e-06,199.635397246599,1.03355800016239
"q_values[6,4,8]",0,NA,0,0,0,0,0,0,NA,NA
"q_values[6,5,1]",0.0842065613944129,0.00940376928525162,0.13921414760471,1.02426955639765e-06,0.00199812087396676,0.0176476541907353,0.106657853294949,0.491715973980498,219.16076828753,1.03135173485263
"q_values[6,5,2]",-0.0582871608317336,0.00595124476688411,0.0766779853842035,-0.243976239291278,-0.0942524192143653,-0.0172952784284048,-0.00197221855229031,-9.76551426181779e-07,166.00675581631,1.03739139340975
"q_values[6,5,3]",-0.00138882557934862,0.000792710802895922,0.0448580229223241,-0.0275549006892852,-0.0147138568997389,-0.00339442277667579,-0.000241111182914646,0.0839844132317534,3202.2165933355,1.00146926287769
"q_values[6,5,4]",0.11379667050477,0.0127373391385269,0.187527022394122,1.36569289729202e-06,0.0026647513304346,0.0235754304782585,0.143683692222974,0.667966829507163,216.755582307574,1.03150122461041
"q_values[6,5,5]",-0.142245838130962,0.0159216739231586,0.234408777992652,-0.834958536883953,-0.179604615278717,-0.0294692880978231,-0.00333093916304326,-1.70711612161502e-06,216.755582307574,1.03150122461041
"q_values[6,5,6]",-0.0650148950675875,0.00609880920990725,0.0839306643938118,-0.242095073719729,-0.116003258022959,-0.0224707142762746,-0.00251945558632614,-7.39815580231828e-07,189.387463309912,1.03220627931665
"q_values[6,5,7]",0,NA,0,0,0,0,0,0,NA,NA
"q_values[6,5,8]",0,NA,0,0,0,0,0,0,NA,NA
"q_values[7,1,1]",0.736638156290452,0.023612196695011,0.439959960861524,0.0571635867532128,0.428151961795068,0.675303541404958,0.980952169325271,1.7490848761573,347.179061481499,1.0204589011328
"q_values[7,1,2]",-0.204348486676386,0.0087956471667102,0.179368838791924,-0.660843588944179,-0.273259669053566,-0.157982030868713,-0.0837997589646269,-0.00770416233201985,415.870767739443,1.0181400649402
"q_values[7,1,3]",0,NA,0,0,0,0,0,0,NA,NA
"q_values[7,1,4]",0.586985749214987,0.0195840317964493,0.369745612290254,0.0430258625996607,0.329706820116077,0.527854290757211,0.780820404574636,1.45521829069711,356.452649234539,1.02012266493121
"q_values[7,1,5]",0.0175974662189703,0.00304049749653604,0.0807445061430864,-0.0253586608029807,-0.0225308335482793,-0.0113445926627841,0.0222043487211429,0.228026456857005,705.23955851568,1.012451062849
"q_values[7,1,6]",0,NA,0,0,0,0,0,0,NA,NA
"q_values[7,1,7]",0.425830964807139,0.0149373410793687,0.286893478617484,0.0288370809345249,0.228397395513828,0.373279495208299,0.565653213963773,1.11355016071054,368.888194889702,1.01967302243294
"q_values[7,1,8]",0.552478617217839,0.0177091475212583,0.329969970646143,0.0428726900649096,0.321113971346301,0.506477656053719,0.735714126993954,1.31181365711797,347.179061481498,1.0204589011328
"q_values[7,2,1]",-0.736638156290452,0.023612196695011,0.439959960861524,-1.74908487615729,-0.980952169325271,-0.675303541404958,-0.428151961795068,-0.0571635867532127,347.179061481499,1.0204589011328
"q_values[7,2,2]",-0.828717925826759,0.0265637212818874,0.494954955969214,-1.96772048567696,-1.10357119049093,-0.759716484080578,-0.481670957019451,-0.0643090350973643,347.179061481498,1.0204589011328
"q_values[7,2,3]",-0.299304814150931,0.00806470897845626,0.14442568514068,-0.587733170920377,-0.40026352950127,-0.294898501295495,-0.196890283357981,-0.0282754483071042,320.709240017721,1.02130515483878
"q_values[7,2,4]",-0.207225044614625,0.00512059795439635,0.0914675735924099,-0.367249550474387,-0.277579886957395,-0.210340395314898,-0.143371288133598,-0.0211299999629526,319.075133927758,1.02106112810701
"q_values[7,2,5]",0,NA,0,0,0,0,0,0,NA,NA
"q_values[7,2,6]",-0.0794830134552011,0.00627305647291052,0.149491528751184,-0.473031218832453,-0.10504238559521,-0.0253853582382575,0.00655244413183282,0.0157641018630151,567.903796198705,1.0145148422975
"q_values[7,2,7]",0.0470431372010064,0.000832736769834012,0.0147447774148917,0.00689271459584148,0.0400668545983719,0.052013292739072,0.0589034812350324,0.061204928233648,313.516901766458,1.01839748356282
"q_values[7,2,8]",0,NA,0,0,0,0,0,0,NA,NA
"q_values[7,3,1]",0,NA,0,0,0,0,0,0,NA,NA
"q_values[7,3,2]",0.218666671069761,0.00778147506747473,0.150240022729209,0.0144440692230543,0.115630839218543,0.190202520054732,0.290344319912,0.580675852618459,372.775550907191,1.01953893653369
"q_values[7,3,3]",-0.18422028994986,0.00394690301195988,0.072621525285594,-0.280591833691106,-0.246054430174046,-0.195512982145958,-0.136936668416499,-0.0196931832810616,338.546106477496,1.01897358728554
"q_values[7,3,4]",0,NA,0,0,0,0,0,0,NA,NA
"q_values[7,3,5]",-0.0514775486525712,0.00183695215962148,0.0670855074786409,-0.0851244764007222,-0.0820169831551095,-0.0718494345637271,-0.0471635600754144,0.104993936390101,1333.71098088655,1.00701105995362
"q_values[7,3,6]",0.644558386754146,0.0206606721081347,0.384964965753833,0.0500181384090612,0.374632966570684,0.590890598729339,0.858333148159612,1.53044926663763,347.179061481498,1.0204589011328
"q_values[7,3,7]",0.828717925826759,0.0265637212818874,0.494954955969214,0.0643090350973644,0.481670957019451,0.759716484080578,1.10357119049093,1.96772048567696,347.179061481498,1.0204589011328
"q_values[7,3,8]",-0.559383008299713,0.0198102824973705,0.380291669109609,-1.47713335620074,-0.74685669828415,-0.487906768455064,-0.294858163386952,-0.0362345333670985,368.512552670696,1.0197015547256
"q_values[7,4,1]",0.207225044614625,0.00512059795439635,0.0914675735924099,0.0211299999629526,0.143371288133598,0.210340395314898,0.277579886957395,0.367249550474387,319.075133927758,1.02106112810701
"q_values[7,4,2]",0.448957221226397,0.0120970634676843,0.216638527711021,0.0424131724606563,0.295335425036972,0.442347751943243,0.600395294251906,0.881599756380566,320.709240017725,1.02130515483878
"q_values[7,4,3]",-0.409730601224248,0.0157971191148126,0.311932648205423,-1.18326677074055,-0.546724933533514,-0.340457517807317,-0.196413021707961,-0.0220968092135464,389.911351302707,1.01897543830589
"q_values[7,4,4]",0.229420497084103,0.00653985311101381,0.118162367362848,0.0211832464542006,0.147155332368559,0.221220032810823,0.303741711626786,0.479605863701328,326.454289130324,1.02119837958323
"q_values[7,4,5]",0.368319078145226,0.0118060983475055,0.219979980430762,0.0285817933766064,0.214075980897534,0.337651770702479,0.490476084662636,0.874542438078648,347.179061481499,1.0204589011328
"q_values[7,4,6]",0,NA,0,0,0,0,0,0,NA,NA
"q_values[7,4,7]",0,NA,0,0,0,0,0,0,NA,NA
"q_values[7,4,8]",-0.460398847681533,0.0147576229343819,0.274974975538452,-1.09317804759831,-0.613095105828295,-0.422064713378099,-0.267594976121917,-0.035727241720758,347.179061481499,1.0204589011328
"q_values[7,5,1]",0.107146505247721,0.0038460871007541,0.0749075213612255,0.00719723551562339,0.056689865251543,0.0927414640067116,0.141341706169535,0.287339406637452,379.326010122392,1.01929171362943
"q_values[7,5,2]",0,NA,0,0,0,0,0,0,NA,NA
"q_values[7,5,3]",0,NA,0,0,0,0,0,0,NA,NA
"q_values[7,5,4]",-0.460398847681533,0.0147576229343819,0.274974975538452,-1.09317804759831,-0.613095105828295,-0.422064713378099,-0.267594976121917,-0.035727241720758,347.179061481499,1.0204589011328
"q_values[7,5,5]",-0.828717925826759,0.0265637212818874,0.494954955969214,-1.96772048567696,-1.10357119049093,-0.759716484080578,-0.481670957019451,-0.0643090350973643,347.179061481498,1.0204589011328
"q_values[7,5,6]",0.139122906737313,0.00372065161906186,0.0663804458122924,0.0140381629399931,0.0937896306961257,0.137408578350167,0.182966320032952,0.271421380477371,318.30416073595,1.02149376595006
"q_values[7,5,7]",0.011563128209629,0.00160490478169192,0.0517229279983523,-0.115975202164987,0.0109853326896138,0.0277733252472589,0.0340556953386865,0.0357011303230313,1038.64626093852,1.00943649297997
"q_values[7,5,8]",-0.391323832809991,0.0130560211976329,0.246497074860169,-0.970145527131404,-0.520546936383091,-0.351902860504807,-0.219804546744051,-0.0286839083997738,356.45264923454,1.02012266493121
"q_values[8,1,1]",-0.290542623075396,0.00994869475460919,0.185174033651592,-0.677684844591767,-0.42012046806333,-0.273942177187881,-0.146332149708677,-0.00148257999363107,346.439945582305,1.01567577189951
"q_values[8,1,2]",0.789528743133971,0.0311846310318864,0.595440557799795,0.00333735202516056,0.345861231206757,0.680730103537931,1.11926454554448,2.19234051927988,364.582321263439,1.01385437026618
"q_values[8,1,3]",0.701803327230196,0.0277196720283435,0.52928049582204,0.00296653513347605,0.307432205517118,0.60509342536705,0.994901818261756,1.94874712824878,364.582321263439,1.01385437026618
"q_values[8,1,4]",-0.156452053651677,0.00323313963958713,0.101913723787617,-0.243943581399312,-0.22878041740267,-0.185652550311144,-0.110491986207118,-2.02315093442245e-07,993.611058395931,1.00412368542138
"q_values[8,1,5]",-0.201127274922302,0.0103752646907827,0.215426414187251,-0.766220017247857,-0.277179052817096,-0.134672262559768,-0.0541629573696863,-0.000372329093523592,431.121354386514,1.01079650905796
"q_values[8,1,6]",-0.139235407483728,0.00458627106100661,0.0852618885729162,-0.308865398887789,-0.20232718992491,-0.134110635044376,-0.0724276795493501,-0.000741221239504837,345.613308961983,1.01604529822551
"q_values[8,1,7]",0,NA,0,0,0,0,0,0,NA,NA
"q_values[8,1,8]",0,NA,0,0,0,0,0,0,NA,NA
"q_values[8,2,1]",0.350901663615098,0.0138598360141717,0.26464024791102,0.00148326756673803,0.153716102758559,0.302546712683525,0.497450909130878,0.97437356412439,364.582321263439,1.01385437026618
"q_values[8,2,2]",0.269017525758821,0.0126578060634264,0.254839065682272,0.000742871057964477,0.0897519051793052,0.199732547354954,0.374456413631514,0.920046488633686,405.335959132041,1.01175275972533
"q_values[8,2,3]",0,NA,0,0,0,0,0,0,NA,NA
"q_values[8,2,4]",0.335607096358966,0.0151081726906203,0.300765468593161,0.00111327576278187,0.124147820728778,0.261235477107417,0.465884711129216,1.08680663653244,396.307293281982,1.01202696748631
"q_values[8,2,5]",0.102415742911021,0.00863202096208819,0.208675545701256,-0.0148280764431619,-0.00823203248796634,0.0185897696353411,0.125096937491432,0.66396826679259,584.410678842713,1.00690359142234
"q_values[8,2,6]",-0.263176247711324,0.0103948770106288,0.198480185933265,-0.730780173093292,-0.373088181848158,-0.226910034512644,-0.115287077068919,-0.00111245067505351,364.582321263439,1.01385437026618
"q_values[8,2,7]",-0.148084456443476,0.00739310904395013,0.152993035070969,-0.54028211056372,-0.201693168350267,-0.104241213666526,-0.0458129787395219,-0.000371504464791459,428.241840420393,1.01069993679207
"q_values[8,2,8]",0,NA,0,0,0,0,0,0,NA,NA
"q_values[8,3,1]",0.441849838667065,0.0153115771957921,0.285276164202471,0.00222393874775731,0.220236619868003,0.413773719331386,0.63791374620175,1.04619613884091,347.129175076419,1.01554644276316
"q_values[8,3,2]",0.713875135338136,0.0285063026289185,0.545883462663906,0.00296667264809745,0.308908996127094,0.610814332466179,1.01036790647527,2.0080848721553,366.706064813847,1.01370159477725
"q_values[8,3,3]",-0.144380245543736,0.00316179974363617,0.109492230005654,-0.229465838358025,-0.215556573833957,-0.176182240243835,-0.10421171691766,0.0214344057736019,1199.21729233409,1.00245003253629
"q_values[8,3,4]",-0.438627079518873,0.0173247950177147,0.330800309888775,-1.21796695515549,-0.621813636413597,-0.378183390854406,-0.192145128448199,-0.00185408445842252,364.582321263439,1.01385437026618
"q_values[8,3,5]",0.350901663615098,0.0138598360141717,0.26464024791102,0.00148326756673803,0.153716102758559,0.302546712683525,0.497450909130878,0.97437356412439,364.582321263439,1.01385437026618
"q_values[8,3,6]",0,NA,0,0,0,0,0,0,NA,NA
"q_values[8,3,7]",0,NA,0,0,0,0,0,0,NA,NA
"q_values[8,3,8]",0.0609632807885878,0.00355095121867261,0.123770501673677,-0.236119228636919,0.0447659138718996,0.0958069122999017,0.121501174987639,0.129289112656616,1214.9121912661,1.00141911087945
"q_values[8,4,1]",-0.335607096358966,0.0151081726906203,0.300765468593161,-1.08680663653244,-0.465884711129216,-0.261235477107417,-0.124147820728778,-0.00111327576278186,396.307293281982,1.01202696748631
"q_values[8,4,2]",0,NA,0,0,0,0,0,0,NA,NA
"q_values[8,4,3]",-0.175450831807549,0.00692991800708587,0.13232012395551,-0.487186782062195,-0.248725454565439,-0.151273356341763,-0.0768580513792794,-0.00074163378336901,364.582321263439,1.01385437026618
"q_values[8,4,4]",0.263176247711324,0.0103948770106288,0.198480185933265,0.00111245067505352,0.115287077068919,0.226910034512644,0.373088181848158,0.730780173093292,364.582321263439,1.01385437026618
"q_values[8,4,5]",0,NA,0,0,0,0,0,0,NA,NA
"q_values[8,4,6]",-0.159302719213479,0.00781382311719854,0.159362893024471,-0.572231893873429,-0.221084914901134,-0.113086765397096,-0.0484260499396787,-0.000371779188036765,415.955871259923,1.01134804265534
"q_values[8,4,7]",0.169841700422548,0.0067148638755884,0.128519939384097,0.00074149642174636,0.0755515157792011,0.146850580476477,0.239029581290005,0.471211890407341,366.32503352758,1.0136046091503
"q_values[8,4,8]",-0.329980806547409,0.010316050121838,0.192344810372036,-0.676644080005445,-0.48258618794274,-0.32659178070385,-0.178620551039894,-0.00185284682683001,347.643456436349,1.01639877069493
"q_values[8,5,1]",0,NA,0,0,0,0,0,0,NA,NA
"q_values[8,5,2]",-0.175450831807549,0.00692991800708587,0.13232012395551,-0.487186782062195,-0.248725454565439,-0.151273356341763,-0.0768580513792794,-0.00074163378336901,364.582321263439,1.01385437026618
"q_values[8,5,3]",-0.713875135338136,0.0285063026289185,0.545883462663906,-2.0080848721553,-1.01036790647527,-0.610814332466179,-0.308908996127094,-0.00296667264809743,366.706064813847,1.01370159477725
"q_values[8,5,4]",0,NA,0,0,0,0,0,0,NA,NA
"q_values[8,5,5]",0.526352495422647,0.0207897540212576,0.39696037186653,0.00222490135010704,0.230574154137838,0.453820069025288,0.746176363696317,1.46156034618658,364.582321263439,1.01385437026618
"q_values[8,5,6]",-0.441849838667065,0.0153115771957921,0.285276164202471,-1.04619613884091,-0.63791374620175,-0.413773719331386,-0.220236619868003,-0.00222393874775729,347.129175076419,1.01554644276316
"q_values[8,5,7]",-0.239496924820436,0.0129220158895205,0.273508929115295,-0.958687533051321,-0.325500722436984,-0.152267694268436,-0.0586500808695817,-0.000372741688387343,448.004603605012,1.01015964869853
"q_values[8,5,8]",0.371358227357794,0.0133527151272436,0.249772988088707,0.00185312226406943,0.182261607538092,0.341598724450754,0.5289382587539,0.918237020480935,349.906307718212,1.01486960962089
"q_values[9,1,1]",0.00353736340020148,0.00211695121677639,0.0784294888071205,-0.188658261077801,0.00748728466738896,0.0264163505701678,0.0340433294406694,0.0364589453559676,1372.57810945266,1.0043326163098
"q_values[9,1,2]",-0.324011954274431,0.0120276385733739,0.270430645300314,-1.00427520423742,-0.436013496279593,-0.255994395438413,-0.137890229903227,-0.0118034553089747,505.534815817913,1.01264009670845
"q_values[9,1,3]",-0.75417891101739,0.0255498119473985,0.556880090699566,-2.11755963780168,-1.03007168208173,-0.632624932913487,-0.352201539034939,-0.0313530039194608,475.059455928659,1.01380413058116
"q_values[9,1,4]",-0.395894744837042,0.0157716233837478,0.358541200049708,-1.32781023151301,-0.532853489811867,-0.29531730793543,-0.150689779382758,-0.0119104308293298,516.803373361674,1.0123878227635
"q_values[9,1,5]",0,NA,0,0,0,0,0,0,NA,NA
"q_values[9,1,6]",0,NA,0,0,0,0,0,0,NA,NA
"q_values[9,1,7]",0.159232503702791,0.00254148526497773,0.0844306175976009,0.00536820739186174,0.109030370154291,0.174578140498645,0.22568717207117,0.249713555874444,1103.63315764826,1.00864985816119
"q_values[9,1,8]",0.188544727754347,0.00638745298684961,0.139220022674891,0.00783825097986522,0.0880503847587349,0.158156233228372,0.257517920520433,0.529389909450421,475.059455928659,1.01380413058116
"q_values[9,2,1]",0,NA,0,0,0,0,0,0,NA,NA
"q_values[9,2,2]",0.106155002468528,0.00169432350998515,0.0562870783984006,0.00357880492790783,0.0726869134361942,0.116385426999097,0.150458114714113,0.166475703916296,1103.63315764826,1.00864985816119
"q_values[9,2,3]",0.432594372931441,0.0140145687163572,0.303751314503229,0.0195345501781322,0.2128850739694,0.37334420709422,0.590287386834888,1.1544937199005,469.760890755204,1.01395696534858
"q_values[9,2,4]",0,NA,0,0,0,0,0,0,NA,NA
"q_values[9,2,5]",0.347777231457139,0.00866540756236451,0.185183745249853,0.0190974687169476,0.201974650699932,0.338851192698935,0.493507244246212,0.682636499530109,456.696558414948,1.01628267869966
"q_values[9,2,6]",0.659906547140216,0.0223560854539736,0.48727007936212,0.0274338784295283,0.308176346655572,0.553546816299301,0.901312721821517,1.85286468307647,475.059455928662,1.01380413058116
"q_values[9,2,7]",-0.188544727754347,0.00638745298684961,0.139220022674891,-0.52938990945042,-0.257517920520433,-0.158156233228372,-0.0880503847587349,-0.00783825097986521,475.059455928659,1.01380413058116
"q_values[9,2,8]",-0.289739742368514,0.0142661986349512,0.350496571953754,-1.21880100218618,-0.374808800289319,-0.174681165898769,-0.0742687001542724,-0.00416433752781832,603.602480938771,1.01024875278939
"q_values[9,3,1]",0.149198847401054,0.00643485202633297,0.154123970618015,0.0039805639421684,0.0517780627328673,0.104091510741993,0.19507444759214,0.544948741474265,573.671466165884,1.01085062411176
"q_values[9,3,2]",0,NA,0,0,0,0,0,0,NA,NA
"q_values[9,3,3]",-0.12981512417384,0.00546450580153379,0.132150519154161,-0.460458214611487,-0.168320740359042,-0.0930683227536386,-0.0481576187691488,-0.00395002530640298,584.838513313823,1.01050724508935
"q_values[9,3,4]",-0.262276500606574,0.0126280610843444,0.307114226372581,-1.07867410881165,-0.341651056623357,-0.162174468834865,-0.0703922649775225,-0.00413361830170042,591.461555704136,1.01052985854023
"q_values[9,3,5]",0.848451274894564,0.0287435384408232,0.626490102037011,0.0352721294093935,0.396226731414307,0.711703049527673,1.15883064234195,2.38225459252689,475.05945592866,1.01380413058116
"q_values[9,3,6]",0.75417891101739,0.0255498119473985,0.556880090699566,0.0313530039194609,0.352201539034939,0.632624932913487,1.03007168208173,2.11755963780168,475.059455928659,1.01380413058116
"q_values[9,3,7]",0,NA,0,0,0,0,0,0,NA,NA
"q_values[9,3,8]",0.229739590397257,0.0088339115491567,0.201273207612499,0.00788432981904206,0.0938650375238597,0.176916278824227,0.307254536019376,0.739580249512211,519.11770678833,1.01220364027319
"q_values[9,4,1]",0.565634183263042,0.0191623589605488,0.417660068024674,0.0235147529395957,0.264151154276205,0.474468699685116,0.7725537615613,1.58816972835126,475.059455928661,1.01380413058116
"q_values[9,4,2]",0,NA,0,0,0,0,0,0,NA,NA
"q_values[9,4,3]",0,NA,0,0,0,0,0,0,NA,NA
"q_values[9,4,4]",0.848451274894564,0.0287435384408232,0.626490102037011,0.0352721294093935,0.396226731414307,0.711703049527673,1.15883064234195,2.38225459252689,475.05945592866,1.01380413058116
"q_values[9,4,5]",0.0393458803532939,0.000836506981927233,0.0370139774220619,-0.0155588320238438,0.0302296365880521,0.0479016293582958,0.0585582535682681,0.0624532533160456,1957.90840659255,1.00206472007106
"q_values[9,4,6]",-0.295970278613625,0.0123952313792102,0.288360246063074,-1.04868819661229,-0.393919694151534,-0.211469351864841,-0.104982360628047,-0.00797612631669077,541.204624306402,1.01170825601045
"q_values[9,4,7]",-0.233011197141033,0.00705783637268809,0.150813093304167,-0.57358581926673,-0.318325273292428,-0.209429128359079,-0.122981802026634,-0.0116809997819922,456.598966840981,1.01432888471012
"q_values[9,4,8]",-0.337743575155401,0.0128447981553292,0.291380835918766,-1.07433865092468,-0.452592368112574,-0.262247743970365,-0.139828447491602,-0.0118188149220336,514.597179544005,1.01234027488143
"q_values[9,5,1]",-0.0530775012342638,0.000847161754992575,0.0281435391992003,-0.083237851958148,-0.0752290573570567,-0.0581927134995483,-0.0363434567180971,-0.00178940246395391,1103.63315764826,1.00864985816119
"q_values[9,5,2]",0.196311569046633,0.00876279857751669,0.206395635031207,0.00405688043318985,0.0607865074399915,0.131402229200289,0.260891376269408,0.746902330879248,554.773053809448,1.01146040563384
"q_values[9,5,3]",0.659906547140216,0.0223560854539736,0.48727007936212,0.0274338784295283,0.308176346655572,0.553546816299301,0.901312721821517,1.85286468307647,475.059455928662,1.01380413058116
"q_values[9,5,4]",-0.377089455508695,0.0127749059736992,0.278440045349783,-1.05877981890084,-0.515035841040867,-0.316312466456744,-0.17610076951747,-0.0156765019597304,475.059455928659,1.01380413058116
"q_values[9,5,5]",-0.208241128224002,0.00564694251153515,0.118367838757228,-0.45200438139612,-0.287302208437421,-0.197416934320359,-0.119190697254228,-0.0116503407526585,439.380423561508,1.01533668203526
"q_values[9,5,6]",0.606829045905952,0.0216012957358652,0.47869078485291,0.0235608317787725,0.269965807041329,0.493228745280971,0.822290377060243,1.79836006841305,491.078056834558,1.01316700523912
"q_values[9,5,7]",0,NA,0,0,0,0,0,0,NA,NA
"q_values[9,5,8]",0,NA,0,0,0,0,0,0,NA,NA
"q_values[10,1,1]",-0.140587308790252,0.00612992776692975,0.124675183760666,-0.341571685937272,-0.230732325618777,-0.130693044868209,-0.0386814868819151,-1.47456269718918e-05,413.665517284495,1.01640458712499
"q_values[10,1,2]",0,NA,0,0,0,0,0,0,NA,NA
"q_values[10,1,3]",0,NA,0,0,0,0,0,0,NA,NA
"q_values[10,1,4]",-0.181835162094224,0.0113919412531185,0.214991130389199,-0.715423136306171,-0.252863409831992,-0.12138050212333,-0.032813432435365,-1.32820624613507e-05,356.160385669572,1.01907784861607
"q_values[10,1,5]",0.38233243081475,0.0233258344838552,0.418838842048137,2.9884566113745e-05,0.0733814857446305,0.267158331427259,0.544257943103207,1.43750123830786,322.418179340032,1.02044245433048
"q_values[10,1,6]",0.339851049613111,0.0207340750967602,0.372301192931677,2.65640587677734e-05,0.0652279873285604,0.237474072379786,0.483784838313962,1.27777887849588,322.418179340031,1.02044245433048
"q_values[10,1,7]",-0.054391018489307,0.00362414694299714,0.0770990074193483,-0.236256056870218,-0.0714440954642559,-0.0323277249809107,-0.00835293718715483,-3.32054042343571e-06,452.57022479199,1.0160241882907
"q_values[10,1,8]",0.0106915224048421,0.00205378728407156,0.106197011277691,-0.0180177633308492,-0.0155964708457068,-0.00797557497611944,-5.32277273939052e-05,0.181136036029411,2673.70610525235,1.00525896320423
"q_values[10,2,1]",0.151263418180253,0.0098445087935159,0.199498245575609,9.9615881928431e-06,0.0248593727903797,0.0943397090092945,0.203361295717757,0.63223447355242,410.667239654253,1.0171856036191
"q_values[10,2,2]",0.114571381891322,0.00671328936409527,0.115820819140526,9.96147793481267e-06,0.0241972870973331,0.0856589381329667,0.167897076877941,0.39749572139626,297.647699437445,1.0218047412212
"q_values[10,2,3]",-0.0125264012365015,0.000826072719668554,0.0456508407960967,-0.0319650556887732,-0.0281132879480474,-0.0180306240935123,-0.00441689414125703,0.0321433561872009,3053.94352164259,1.00240348053368
"q_values[10,2,4]",0.305309426603251,0.0188336960236723,0.344624175699933,2.32435734734444e-05,0.0572074480932136,0.209552123954604,0.430625727308057,1.16907898338938,334.826919648384,1.01990821719381
"q_values[10,2,5]",0.212406906008194,0.0129587969354751,0.232688245582298,1.66025367298583e-05,0.0407674920803503,0.148421295237366,0.302365523946226,0.798611799059922,322.418179340031,1.02044245433048
"q_values[10,2,6]",0,NA,0,0,0,0,0,0,NA,NA
"q_values[10,2,7]",0,NA,0,0,0,0,0,0,NA,NA
"q_values[10,2,8]",-0.127444143604917,0.00777527816128508,0.139612947349379,-0.479167079435953,-0.181419314367736,-0.0890527771424197,-0.0244604952482102,-9.96152203791499e-06,322.418179340031,1.02044245433048
"q_values[10,3,1]",0.0889326414991671,0.00552709040410328,0.102594130291746,6.64102571776469e-06,0.0163734764225017,0.0602496734060922,0.124603206470161,0.344955951976713,344.549712670544,1.01951777075717
"q_values[10,3,2]",0.227099133538608,0.012964986094094,0.219189607586028,1.99229668950806e-05,0.0484556333638892,0.171937467106819,0.33723965049378,0.779755532402695,285.82210127528,1.02241566183694
"q_values[10,3,3]",0,NA,0,0,0,0,0,0,NA,NA
"q_values[10,3,4]",0,NA,0,0,0,0,0,0,NA,NA
"q_values[10,3,5]",-0.254888287209833,0.0155505563225702,0.279225894698758,-0.958334158871906,-0.362838628735471,-0.178105554284839,-0.0489209904964203,-1.992304407583e-05,322.418179340031,1.02044245433048
"q_values[10,3,6]",-0.339851049613111,0.0207340750967602,0.372301192931677,-1.27777887849588,-0.483784838313962,-0.237474072379786,-0.0652279873285604,-2.65640587677733e-05,322.418179340031,1.02044245433048
"q_values[10,3,7]",0.170271885283649,0.0114057641425455,0.23522081063329,9.9616543474783e-06,0.0252539139956383,0.099417389299961,0.223534076944761,0.752704153474832,425.307176922104,1.01670900014845
"q_values[10,3,8]",0.00121811488282598,0.00132428099696949,0.0727547804546906,-0.104602338971178,0.00128920148256972,0.0119052724691641,0.0204641482100285,0.0230944527420984,3018.30257925884,1.00407788200449
"q_values[10,4,1]",-0.339851049613111,0.0207340750967602,0.372301192931677,-1.27777887849588,-0.483784838313962,-0.237474072379786,-0.0652279873285604,-2.65640587677733e-05,322.418179340031,1.02044245433048
"q_values[10,4,2]",0.14213637113533,0.00774238426540641,0.129799066601382,1.30996926554545e-05,0.0320863499254098,0.112411453646073,0.216227921726131,0.457636033302753,281.056539365235,1.02266653780525
"q_values[10,4,3]",0.0693228234617785,0.0039005623189173,0.0657293535540066,6.64095956309288e-06,0.0159783931751292,0.0551458366683998,0.10420927522778,0.220411557780045,283.964650559986,1.02280186539036
"q_values[10,4,4]",0,NA,0,0,0,0,0,0,NA,NA
"q_values[10,4,5]",0,NA,0,0,0,0,0,0,NA,NA
"q_values[10,4,6]",0.0726913516236753,0.00419251327494831,0.0720674894729458,6.64097058887761e-06,0.016044330723377,0.0560008355325195,0.107645122104073,0.241848075858532,295.481227053319,1.02200772658217
"q_values[10,4,7]",0.103624869029581,0.00551597455965947,0.0929354630969303,9.8247614476528e-06,0.0240150986088255,0.0836496776002902,0.159347704253204,0.323183100343254,283.869299298627,1.02240944251978
"q_values[10,4,8]",-0.38233243081475,0.0233258344838552,0.418838842048137,-1.43750123830786,-0.544257943103207,-0.267158331427259,-0.0733814857446305,-2.9884566113745e-05,322.418179340032,1.02044245433048
"q_values[10,5,1]",0,NA,0,0,0,0,0,0,NA,NA
"q_values[10,5,2]",-0.38233243081475,0.0233258344838552,0.418838842048137,-1.43750123830786,-0.544257943103207,-0.267158331427259,-0.0733814857446305,-2.9884566113745e-05,322.418179340032,1.02044245433048
"q_values[10,5,3]",-0.0226319857221921,0.000778428921747298,0.0334650953138412,-0.0498877703089913,-0.039706091590391,-0.0240656933299285,-0.00712102456218402,-2.77730905269017e-07,1848.18825438545,1.00393088218023
"q_values[10,5,4]",0.067534183674642,0.00231700268082036,0.0822968664392571,8.95939443685855e-07,0.0213606520480157,0.0716321903447912,0.11711228726029,0.145653154463684,1261.57631192842,1.00612152635176
"q_values[10,5,5]",0.204105374324481,0.0123183245904415,0.220687416035091,1.6602503652614e-05,0.0405713055619487,0.145934767986085,0.292721433363479,0.74652638764723,320.960695206455,1.0205856444649
"q_values[10,5,6]",0.147293539084363,0.00949767753955402,0.189099081146322,9.96157716702175e-06,0.0247928932000181,0.0934585536981487,0.199704298826087,0.606723241199676,396.409447226498,1.01763907297225
"q_values[10,5,7]",-0.297369668411472,0.0181423157096652,0.325763543815218,-1.11805651868389,-0.423311733524717,-0.207789813332313,-0.0570744889124904,-2.32435514218017e-05,322.41817934003,1.02044245433048
"q_values[10,5,8]",0,NA,0,0,0,0,0,0,NA,NA
"q_values[11,1,1]",0.0349666492078747,0.00160738326443023,0.0787743277813006,-0.116964266407864,0.0138622828153581,0.0495431105099189,0.0747305255211771,0.0850295076377689,2401.76508493877,0.999557747848282
"q_values[11,1,2]",-0.0818578540985607,0.0053971702918859,0.105608297116805,-0.371772252960555,-0.108525576050548,-0.0471841675461968,-0.0131277780775762,-1.6363281786774e-05,382.881019292865,1.02064090424648
"q_values[11,1,3]",-0.477981901726155,0.0291139860996386,0.493230781284005,-1.7825805252741,-0.689780616765357,-0.33531083014486,-0.10118297651258,-0.000130899828334246,287.009983255679,1.02634923237015
"q_values[11,1,4]",0.358486426294616,0.021835489574729,0.369923085963004,9.81748712506849e-05,0.075887232384435,0.251483122608645,0.517335462574017,1.33693539395558,287.009983255678,1.02634923237015
"q_values[11,1,5]",0,NA,0,0,0,0,0,0,NA,NA
"q_values[11,1,6]",0,NA,0,0,0,0,0,0,NA,NA
"q_values[11,1,7]",0.232408339430473,0.0132034455443709,0.191877027506183,8.18099829739244e-05,0.0617996422798513,0.19375832750627,0.364203888613714,0.660366985065062,211.189054867865,1.03224196444242
"q_values[11,1,8]",-0.427821935109014,0.0272280327755437,0.494438865455771,-1.7835161929573,-0.593344058982513,-0.270144908886826,-0.077628678396919,-9.81778164428919e-05,329.755974652425,1.02361759080131
"q_values[11,2,1]",0.358486426294616,0.021835489574729,0.369923085963004,9.81748712506849e-05,0.075887232384435,0.251483122608645,0.517335462574017,1.33693539395558,287.009983255678,1.02634923237015
"q_values[11,2,2]",0.418234164010386,0.0254747378371837,0.431576933623505,0.000114537349792466,0.0885351044485075,0.293396976376753,0.603558039669687,1.55975795961484,287.00998325568,1.02634923237015
"q_values[11,2,3]",0.292156077146242,0.0166604311674915,0.251162126533604,9.81724615157052e-05,0.0744475143439238,0.235672181274377,0.450426465709383,0.887674066229659,227.266712454089,1.03136462458761
"q_values[11,2,4]",0.328218843755902,0.020460169840284,0.365289935661824,8.18134637022283e-05,0.0638792350050341,0.21659635387799,0.460850217418185,1.3127124113647,318.754955149122,1.02429053837472
"q_values[11,2,5]",-0.0228343311576813,0.00194343804705276,0.0956685267838146,-0.0732835924221188,-0.0645875341828917,-0.0422923198901066,-0.0103460517508631,0.194137823622872,2423.24190706686,1.00039158738249
"q_values[11,2,6]",-0.0965347191003189,0.0054320246099725,0.0857350584886162,-0.302361134048103,-0.145912859154867,-0.0771687878181036,-0.0246659857603417,-3.27238861121451e-05,249.111306356628,1.02977935458252
"q_values[11,2,7]",0,NA,0,0,0,0,0,0,NA,NA
"q_values[11,2,8]",0,NA,0,0,0,0,0,0,NA,NA
"q_values[11,3,1]",0,NA,0,0,0,0,0,0,NA,NA
"q_values[11,3,2]",-0.00078742736165932,0.0015614914118003,0.0735391133001037,-0.0311977260560229,-0.0274939767146266,-0.016480278050448,-0.00234284716785519,0.174376600477517,2217.97975731518,1.00245885363973
"q_values[11,3,3]",-0.181460945451673,0.012195551308091,0.235004987822194,-0.842576034553158,-0.241019417614875,-0.100732722555032,-0.0268772214694611,-3.27276345274379e-05,371.322516122421,1.02121337181493
"q_values[11,3,4]",0,NA,0,0,0,0,0,0,NA,NA
"q_values[11,3,5]",0.313478766167374,0.019333238295642,0.33655482816532,8.18129282055662e-05,0.0635592976626983,0.213082811359264,0.445981551448267,1.21341261983051,303.041734174336,1.0252570222138
"q_values[11,3,6]",0.537729639441924,0.0327532343620934,0.554884628944506,0.000147262306876027,0.113830848576652,0.377224683912968,0.776003193861026,2.00540309093336,287.00998325568,1.02634923237015
"q_values[11,3,7]",0.238990950863078,0.0145569930498193,0.246615390642003,6.54499141671233e-05,0.05059148825629,0.16765541507243,0.344890308382678,0.89129026263705,287.009983255679,1.02634923237015
"q_values[11,3,8]",-0.0623554972541034,0.00382364601189863,0.0690138039094367,-0.24494879997845,-0.0875045918570158,-0.0420611198958439,-0.0126519185908198,-1.63624785505439e-05,325.774114504049,1.02393625192717
"q_values[11,4,1]",-0.0320247021286198,0.00139768189599114,0.0208501632061607,-0.0611052016961111,-0.0517323561676931,-0.0336454289183693,-0.0118621915518486,-1.63611398307965e-05,222.537004530517,1.03169792713375
"q_values[11,4,2]",0,NA,0,0,0,0,0,0,NA,NA
"q_values[11,4,3]",0,NA,0,0,0,0,0,0,NA,NA
"q_values[11,4,4]",0.243816442705777,0.0160225586631072,0.303780914635375,4.90901130779821e-05,0.0395291400602809,0.142793842450876,0.328524009471891,1.08752483453161,359.465512509643,1.02185093040741
"q_values[11,4,5]",0.358486426294616,0.021835489574729,0.369923085963004,9.81748712506849e-05,0.075887232384435,0.251483122608645,0.517335462574017,1.33693539395558,287.009983255678,1.02634923237015
"q_values[11,4,6]",0.172660601714704,0.00963307465622432,0.134735175166039,5.97238250030469e-05,0.0489988974249687,0.151345111074286,0.277116424476861,0.437676262508168,195.62850249125,1.03280864430543
"q_values[11,4,7]",-0.0892278928928244,0.00598565929128151,0.120697674975223,-0.421422148727652,-0.115959909035507,-0.0489409388055599,-0.0132877467487441,-1.6363549535105e-05,406.60603745665,1.01958893333044
"q_values[11,4,8]",-0.179243213147308,0.0109177447873645,0.184961542981502,-0.668467696977788,-0.258667731287009,-0.125741561304323,-0.0379436161922175,-4.90874356253422e-05,287.009983255678,1.02634923237015
"q_values[11,5,1]",-0.119495475431539,0.00727849652490965,0.123307695321001,-0.445645131318525,-0.172445154191339,-0.0838277075362151,-0.025295744128145,-3.27249570835615e-05,287.009983255679,1.02634923237015
"q_values[11,5,2]",-0.152497242682126,0.0110183202585078,0.239711598278395,-0.829416169121879,-0.185175179839716,-0.0659195868882455,-0.0148712473534339,-1.63662269833631e-05,473.311778674229,1.01719521646425
"q_values[11,5,3]",0.268471106040133,0.0168197831331331,0.303835389995863,6.54509851604475e-05,0.0512313629409616,0.174682500109883,0.374627640322516,1.08988984570544,326.314169302723,1.02385055074249
"q_values[11,5,4]",0.0892278928928244,0.00598565929128151,0.120697674975223,1.63635495351051e-05,0.0132877467487441,0.0489409388055599,0.115959909035507,0.421422148727652,406.60603745665,1.01958893333044
"q_values[11,5,5]",0,NA,0,0,0,0,0,0,NA,NA
"q_values[11,5,6]",0.179243213147308,0.0109177447873645,0.184961542981502,4.90874356253424e-05,0.0379436161922175,0.125741561304323,0.258667731287009,0.668467696977788,287.009983255678,1.02634923237015
"q_values[11,5,7]",-0.0174110497136309,0.00258564871602235,0.104080694796414,-0.290136936300029,1.48405395759492e-05,0.00987895351351343,0.0198107165762608,0.0229895934785621,1620.32197529805,1.00572941019735
"q_values[11,5,8]",0,NA,0,0,0,0,0,0,NA,NA
"q_values[12,1,1]",-0.051713867450552,0.00622118798625582,0.157520249013407,-0.4087797664369,-0.0374007278100009,-0.00844995778449213,-0.00105973249532799,-4.55616178443332e-07,641.100521318297,1.01537196801263
"q_values[12,1,2]",0.072416534816044,0.00819612194320866,0.175846320991261,9.11230280935207e-07,0.00210842112478866,0.0162686869782332,0.0657199548272826,0.521620713627908,460.309301241138,1.02050321813752
"q_values[12,1,3]",-0.0375469781892221,0.00427250387913928,0.0985531713204391,-0.270992354640152,-0.0329147125862071,-0.00813534651557602,-0.00105421288359351,-4.55615140467791e-07,532.079193330507,1.01804972867129
"q_values[12,1,4]",-0.0211286450278978,0.00410191515597786,0.160453450228637,-0.295430289286135,0.000125356915017637,0.00300391597367468,0.00996616879786123,0.0148420192294298,1530.11747093278,1.00663075952618
"q_values[12,1,5]",0.0807147221475121,0.00868218981318602,0.146289315557102,1.3668435530465e-06,0.0031526922079024,0.0238349247356739,0.0904065815274766,0.516086133120559,283.900830742763,1.02997683717729
"q_values[12,1,6]",-0.0538098147650081,0.00578812654212401,0.0975262103714015,-0.344057422080373,-0.0602710543516511,-0.0158899498237826,-0.00210179480526827,-9.11229035364326e-07,283.900830742763,1.02997683717729
"q_values[12,1,7]",0,NA,0,0,0,0,0,0,NA,NA
"q_values[12,1,8]",0,NA,0,0,0,0,0,0,NA,NA
"q_values[12,2,1]",0.161429444295024,0.017364379626372,0.292578631114204,2.73368710609299e-06,0.00630538441580481,0.0476698494713479,0.180813163054953,1.03217226624112,283.900830742763,1.02997683717729
"q_values[12,2,2]",-0.051713867450552,0.00622118798625582,0.157520249013407,-0.4087797664369,-0.0374007278100009,-0.00844995778449213,-0.00105973249532799,-4.55616178443332e-07,641.100521318297,1.01537196801263
"q_values[12,2,3]",-0.0620201209538201,0.00677864852617716,0.137015077778708,-0.418518182668849,-0.0621694572690435,-0.0160177000816219,-0.00210400706024051,-9.11229450554902e-07,408.554963075239,1.02264748390348
"q_values[12,2,4]",0,NA,0,0,0,0,0,0,NA,NA
"q_values[12,2,5]",0,NA,0,0,0,0,0,0,NA,NA
"q_values[12,2,6]",0.10083819448136,0.0112978372710557,0.216329587771407,1.366845213807e-06,0.00316151917639912,0.0243363970156669,0.0974802090576719,0.717200196125578,366.641157470768,1.0248462550044
"q_values[12,2,7]",-0.106614456835966,0.0120864514322994,0.15240144838837,-0.587595820272995,-0.142066225176873,-0.0390360297259998,-0.00519770950374472,-1.94049378674811e-06,158.993938095821,1.03806128626572
"q_values[12,2,8]",-0.0807147221475121,0.00868218981318602,0.146289315557102,-0.516086133120559,-0.0904065815274766,-0.0238349247356739,-0.0031526922079024,-1.36684355304649e-06,283.900830742763,1.02997683717729
"q_values[12,3,1]",0,NA,0,0,0,0,0,0,NA,NA
"q_values[12,3,2]",0,NA,0,0,0,0,0,0,NA,NA
"q_values[12,3,3]",-0.188334351677528,0.020258442897434,0.341341736299905,-1.2042009772813,-0.210948690230779,-0.0556148243832392,-0.00735628181843894,-3.18930162377514e-06,283.900830742763,1.02997683717729
"q_values[12,3,4]",-0.0527144817120023,0.00384646228213267,0.11795279459216,-0.214606563842131,-0.0973264102854207,-0.0287928394992729,-0.0037596138580717,-2.05506315971333e-07,940.358627369045,1.0062191722027
"q_values[12,3,5]",0.0715015224809499,0.00810587889275082,0.159721865054064,9.11230488529786e-07,0.00210951854777784,0.0163288007579301,0.0664638993888573,0.520668602073902,388.265251136823,1.02373169722341
"q_values[12,3,6]",0.0807147221475121,0.00868218981318602,0.146289315557102,1.3668435530465e-06,0.0031526922079024,0.0238349247356739,0.0904065815274766,0.516086133120559,283.900830742763,1.02997683717729
"q_values[12,3,7]",0.187329178983478,0.0209254689383631,0.290369392091536,3.64491427310101e-06,0.00839723974179249,0.0629916935634546,0.232910866693157,1.10988475100019,192.553435727848,1.03601932456995
"q_values[12,3,8]",0.0921140294874861,0.0103287443443774,0.140369005253386,1.82245703275293e-06,0.00419806767760288,0.0314642853521897,0.116001358306942,0.5401454345378,184.691704142941,1.03661643618765
"q_values[12,4,1]",0.123125229572546,0.0134982075363734,0.258048023604461,1.82245910870439e-06,0.0042091115434702,0.0320955139429407,0.125082859099662,0.836084253783692,365.467592158139,1.02484327934952
"q_values[12,4,2]",-0.0765182690860004,0.00629962352027729,0.12827711420921,-0.3186592606222,-0.127759543431207,-0.0373608946550965,-0.0049401072238634,-6.07344071795849e-07,414.638066683303,1.01598014886791
"q_values[12,4,3]",0,NA,0,0,0,0,0,0,NA,NA
"q_values[12,4,4]",0.069315414807538,0.00777310784231747,0.162275587028247,9.11230073340061e-07,0.00210731673820193,0.0162055641191581,0.0648118047480107,0.492026831703319,435.829869912628,1.02150019635915
"q_values[12,4,5]",-0.161429444295024,0.017364379626372,0.292578631114204,-1.03217226624112,-0.180813163054953,-0.0476698494713479,-0.00630538441580481,-2.73368710609298e-06,283.900830742763,1.02997683717729
"q_values[12,4,6]",0,NA,0,0,0,0,0,0,NA,NA
"q_values[12,4,7]",0.0406480981977281,0.00469558123963013,0.112503339892874,4.55615348062939e-07,0.00105531727018024,0.00819846937465112,0.033822862665479,0.300586236564742,574.053162065133,1.01690459094371
"q_values[12,4,8]",0.0538098147650081,0.00578812654212401,0.0975262103714015,9.1122903536433e-07,0.00210179480526827,0.0158899498237826,0.0602710543516511,0.344057422080373,283.900830742763,1.02997683717729
"q_values[12,5,1]",-0.0652091221049821,0.0073877658241989,0.0944417293925515,-0.365634319967248,-0.0857838978847784,-0.0234727115735236,-0.00313889441881594,-1.30435574524724e-06,163.41865084026,1.03796365987273
"q_values[12,5,2]",-0.188334351677528,0.020258442897434,0.341341736299905,-1.2042009772813,-0.210948690230779,-0.0556148243832392,-0.00735628181843894,-3.18930162377514e-06,283.900830742763,1.02997683717729
"q_values[12,5,3]",0.0807147221475121,0.00868218981318602,0.146289315557102,1.3668435530465e-06,0.0031526922079024,0.0238349247356739,0.0904065815274766,0.516086133120559,283.900830742763,1.02997683717729
"q_values[12,5,4]",0,NA,0,0,0,0,0,0,NA,NA
"q_values[12,5,5]",-0.0818979363431738,0.00952340539581823,0.198283226490442,-0.623771133032961,-0.0700143969470964,-0.0165797876545414,-0.00211393261232599,-9.11231318910083e-07,433.498311797604,1.02164217844433
"q_values[12,5,6]",0.0797095494534622,0.00890509333865652,0.111242238902473,1.55239475827918e-06,0.00415621512156172,0.0311159129253309,0.112028949470275,0.407455297944298,156.049539120231,1.03643808884719
"q_values[12,5,7]",0,NA,0,0,0,0,0,0,NA,NA
"q_values[12,5,8]",0.0227107335372921,0.00235794530066823,0.0370040650190252,4.55614102492157e-07,0.00104869211125945,0.00782023373343021,0.0284013297761303,0.128113943930306,246.281289260764,1.03243861221598
"q_values[13,1,1]",0.0517692870547593,0.00567215029360914,0.0873994472426813,7.88555545443651e-07,0.00250924075862469,0.0164636556001502,0.0626336726311839,0.310954268247461,237.422521191917,1.02818483978702
"q_values[13,1,2]",-0.155307861164278,0.0170164508808274,0.262198341728044,-0.932862804742383,-0.187901017893552,-0.0493909668004506,-0.00752772227587407,-2.36566663633095e-06,237.422521191918,1.02818483978702
"q_values[13,1,3]",0,NA,0,0,0,0,0,0,NA,NA
"q_values[13,1,4]",0.137253438773658,0.0143457473741216,0.203443699002089,2.36566554814466e-06,0.00751670375546397,0.0489166258703133,0.18103580815388,0.763650808849072,201.113919330538,1.03082267522952
"q_values[13,1,5]",-0.12099128894091,0.0138520442128273,0.23090111076187,-0.788985071864198,-0.132898302595741,-0.0334655104274763,-0.00503106028790757,-1.57711233452835e-06,277.858896191058,1.02555103407174
"q_values[13,1,6]",0,NA,0,0,0,0,0,0,NA,NA
"q_values[13,1,7]",0.0673371177874993,0.0069771172269255,0.0978927670742555,1.18283269634474e-06,0.00375756484055984,0.0244244314401469,0.0900275319526777,0.369738833289299,196.856232618934,1.03109642597224
"q_values[13,1,8]",0.0199646972216214,0.00200419351824463,0.0270893674295842,3.94277306356516e-07,0.00124990605576299,0.00803077008314826,0.0284974588013455,0.0979911946234592,182.691533470165,1.0323076524333
"q_values[13,2,1]",-0.0336222531233595,0.00391505875323331,0.0720663662222926,-0.22799656093515,-0.0342590690611655,-0.00843511677013394,-0.00125934260234525,-3.9427823908738e-07,338.835324871451,1.02276425155835
"q_values[13,2,2]",-0.0653596221480671,0.00671644816309243,0.0952158956358106,-0.347701151542862,-0.0882810401104512,-0.0242928101530886,-0.00375443051596745,-1.18283238543479e-06,200.973862513137,1.03114447414902
"q_values[13,2,3]",-0.181192504691658,0.019852526027632,0.305898065349385,-1.08833993886611,-0.219217854209144,-0.0576227946005257,-0.00878234265518642,-2.75994440905278e-06,237.422521191917,1.02818483978702
"q_values[13,2,4]",0.155307861164278,0.0170164508808274,0.262198341728044,2.36566663633095e-06,0.00752772227587407,0.0493909668004506,0.187901017893552,0.932862804742383,237.422521191918,1.02818483978702
"q_values[13,2,5]",0.115004121826722,0.0120838264716284,0.175794337084771,1.97138777542332e-06,0.00626209917511872,0.0406892605765022,0.149964682300942,0.638240649347637,211.641485806828,1.03023022905358
"q_values[13,2,6]",-0.163045470760258,0.0181351021191711,0.289247983309441,-1.0053822315538,-0.190843250639125,-0.0495942557705095,-0.00753244449890697,-2.36566710269651e-06,254.390370840188,1.02703899905442
"q_values[13,2,7]",0,NA,0,0,0,0,0,0,NA,NA
"q_values[13,2,8]",0,NA,0,0,0,0,0,0,NA,NA
"q_values[13,3,1]",0,NA,0,0,0,0,0,0,NA,NA
"q_values[13,3,2]",-0.129423217636898,0.0141803757340228,0.218498618106703,-0.777385670618652,-0.15658418157796,-0.0411591390003755,-0.00627310189656173,-1.97138886360913e-06,237.422521191918,1.02818483978702
"q_values[13,3,3]",0.103538574109519,0.0113443005872183,0.174798894485363,1.5771110908873e-06,0.00501848151724938,0.0329273112003004,0.125267345262368,0.621908536494922,237.422521191917,1.02818483978702
"q_values[13,3,4]",0,NA,0,0,0,0,0,0,NA,NA
"q_values[13,3,5]",-0.134581624034218,0.0149268696738488,0.236478693656816,-0.825731955159598,-0.158545670075009,-0.0412946649804147,-0.00627625004525033,-1.9713891745195e-06,250.984298608412,1.02726159276857
"q_values[13,3,6]",-0.0310430499246995,0.00356600988512091,0.0623392027931289,-0.203823418664677,-0.033278324812641,-0.00836735378011432,-0.00125776852800095,-3.94278083632196e-07,305.602851921054,1.02418953308605
"q_values[13,3,7]",-0.0205117245849571,0.00106471233295385,0.0581615684785054,-0.0783975847276256,-0.0440094302008332,-0.0138363364421123,-0.00195503602573395,-1.7418124979279e-09,2984.06068183608,0.999747688592784
"q_values[13,3,8]",0.0433627490911215,0.00305267257728568,0.065571573078655,3.35913018163627e-07,0.00346380970565237,0.0227776961113266,0.0767709961843566,0.164044710866392,461.392737775223,1.00894739229118
"q_values[13,4,1]",0.0557789585295158,0.00692738357587456,0.148623705526931,3.94279793638741e-07,0.00127506754682115,0.00910828416406607,0.0438208010837564,0.439661009017584,460.296527850101,1.01906039247865
"q_values[13,4,2]",-0.0696091969002762,0.00734106953086447,0.107575527762219,-0.388530692428234,-0.0901811009918367,-0.0244272205065619,-0.00375757471491427,-1.18283269634504e-06,214.737699304987,1.02999264024259
"q_values[13,4,3]",0.0803257453215793,0.00777602844709492,0.106080556917558,1.54586383335283e-06,0.00494020586932809,0.0322465631673539,0.116334118273868,0.395556986818468,186.104082745808,1.03077985496487
"q_values[13,4,4]",0.0465182691166591,0.00562612225156336,0.122154751741471,3.94279016363306e-07,0.00126721297406674,0.00877393172023198,0.0391627903037882,0.348862272287515,471.413918750549,1.01881818326602
"q_values[13,4,5]",0,NA,0,0,0,0,0,0,NA,NA
"q_values[13,4,6]",0,NA,0,0,0,0,0,0,NA,NA
"q_values[13,4,7]",-0.103538574109519,0.0113443005872183,0.174798894485363,-0.621908536494922,-0.125267345262368,-0.0329273112003004,-0.00501848151724938,-1.5771110908873e-06,237.422521191917,1.02818483978702
"q_values[13,4,8]",0.077653930582139,0.0085082254404137,0.131099170864022,1.18283331816548e-06,0.00376386113793704,0.0246954834002253,0.0939505089467758,0.466431402371191,237.422521191918,1.02818483978702
"q_values[13,5,1]",0.181192504691658,0.019852526027632,0.305898065349385,2.75994440905278e-06,0.00878234265518642,0.0576227946005257,0.219217854209144,1.08833993886611,237.422521191917,1.02818483978702
"q_values[13,5,2]",0,NA,0,0,0,0,0,0,NA,NA
"q_values[13,5,3]",-0.038658758516357,0.00231614466188494,0.0715659830472756,-0.142816768171702,-0.0730629160360969,-0.0221322648484041,-0.00337384242938167,-1.47704887793284e-07,954.732969704155,1.00310366060439
"q_values[13,5,4]",0.101746301551647,0.00853413659624781,0.128628099083184,1.44185638891546e-06,0.00728271854995865,0.0475481983931755,0.163771107828528,0.418132533741931,227.170808321161,1.02307030829918
"q_values[13,5,5]",0,NA,0,0,0,0,0,0,NA,NA
"q_values[13,5,6]",-0.0853915401781188,0.00962262300459222,0.158505204823796,-0.538950829182611,-0.0968927416923494,-0.0248987723702841,-0.00376858336096994,-1.18283378453103e-06,271.33143563668,1.02598552998429
"q_values[13,5,7]",-0.163045470760258,0.0181351021191711,0.289247983309441,-1.0053822315538,-0.190843250639125,-0.0495942557705095,-0.00753244449890697,-2.36566710269651e-06,254.390370840188,1.02703899905442
"q_values[13,5,8]",-0.129423217636898,0.0141803757340228,0.218498618106703,-0.777385670618652,-0.15658418157796,-0.0411591390003755,-0.00627310189656173,-1.97138886360913e-06,237.422521191918,1.02818483978702
"q_values[14,1,1]",0.382281528530928,0.0269202713722396,0.437389971498552,5.61334853520421e-05,0.0658095549142287,0.242078960173361,0.538846256342859,1.61877498396745,263.984711389031,1.02421276616639
"q_values[14,1,2]",0.339805803138603,0.0239291301086574,0.38879108577649,4.98964314240374e-05,0.0584973821459811,0.215181297931876,0.478974450082542,1.43891109685995,263.984711389032,1.02421276616639
"q_values[14,1,3]",0,NA,0,0,0,0,0,0,NA,NA
"q_values[14,1,4]",-0.126315541198059,0.00890258788025644,0.146139881363146,-0.536334609266792,-0.1771038779137,-0.0800668025652535,-0.0218850052597832,-1.87111228842882e-05,269.466612016134,1.02377537328275
"q_values[14,1,5]",-0.0673884998047249,0.00299707890146678,0.0611888289021451,-0.153775727860666,-0.117573907757483,-0.065194462975989,-0.0186891846499486,-2.32659176280396e-06,416.819405455087,1.01129092952456
"q_values[14,1,6]",0,NA,0,0,0,0,0,0,NA,NA
"q_values[14,1,7]",-0.149075659178767,0.00986358777008215,0.151280374609221,-0.557700263325517,-0.221564059108335,-0.103973226974523,-0.0289813516868731,-2.4948021207324e-05,235.23143374116,1.02651740970027
"q_values[14,1,8]",-0.131592624655083,0.00939124408931632,0.154785205512773,-0.571942718343374,-0.18320005196754,-0.0814164711227364,-0.0219899861819664,-1.8711200684953e-05,271.651832637299,1.02365896650579
"q_values[14,2,1]",-0.254854352353952,0.0179468475814931,0.291593314332368,-1.07918332264496,-0.359230837561906,-0.161385973448907,-0.0438730366094858,-3.7422323568028e-05,263.984711389031,1.02421276616639
"q_values[14,2,2]",-0.13005073092323,0.0103867850923597,0.193574572396599,-0.701390050521368,-0.161042263048746,-0.0623214568798314,-0.0152628323315552,-1.24745746653356e-05,347.323625151099,1.01951378033792
"q_values[14,2,3]",0.065025365461615,0.00519339254617985,0.0967872861982997,6.23728733266782e-06,0.00763141616577758,0.0311607284399157,0.0805211315243728,0.350695025260685,347.323625151099,1.01951378033792
"q_values[14,2,4]",0.127427176176976,0.00897342379074654,0.145796657166184,1.8711161784014e-05,0.0219365183047429,0.0806929867244535,0.179615418780953,0.539591661322482,263.984711389031,1.02421276616639
"q_values[14,2,5]",0,NA,0,0,0,0,0,0,NA,NA
"q_values[14,2,6]",0.0466411738704322,0.00340582381398702,0.0576878092919151,6.23709282894362e-06,0.00736564064547114,0.0276211466397674,0.0634564394469048,0.212214944128386,286.895501150515,1.02265860708019
"q_values[14,2,7]",0.264006489921423,0.0175772832089746,0.27094460868755,4.36590662885212e-05,0.0507574663599455,0.182495760504128,0.390425578329527,1.00023875358532,237.606067754596,1.0263169348433
"q_values[14,2,8]",0,NA,0,0,0,0,0,0,NA,NA
"q_values[14,3,1]",-0.0763001854962597,0.00629767637199934,0.121478637286389,-0.436110594337279,-0.0908457941564003,-0.0332922615391312,-0.00779103786454255,-6.23740403499939e-06,372.082414463715,1.01845193771738
"q_values[14,3,2]",-0.169902901569301,0.0119645650543287,0.194395542888245,-0.719455548429976,-0.239487225041271,-0.107590648965938,-0.0292486910729906,-2.49482157120187e-05,263.984711389032,1.02421276616639
"q_values[14,3,3]",-0.0757993132171802,0.00628199079962039,0.124845962396632,-0.438672343274629,-0.0885488717530147,-0.0326855374277478,-0.00773991578603561,-6.23736513551621e-06,394.961179383786,1.01753285078348
"q_values[14,3,4]",0,NA,0,0,0,0,0,0,NA,NA
"q_values[14,3,5]",0.212378626961627,0.0149557063179109,0.242994428610307,3.11852696400234e-05,0.0365608638412382,0.134488311207423,0.299359031301588,0.899319435537471,263.984711389032,1.02421276616639
"q_values[14,3,6]",0.0761196815493575,0.00514221529114504,0.0815742655079498,1.24739911546483e-05,0.0144662877035413,0.0517416315750198,0.110277423744075,0.297587409110554,251.655156275041,1.02510350857999
"q_values[14,3,7]",0,NA,0,0,0,0,0,0,NA,NA
"q_values[14,3,8]",0.179055039136772,0.0115937156691278,0.174964693561904,3.11849584325119e-05,0.0361331208234502,0.128700436021159,0.270681965808892,0.640510979370335,227.748513150014,1.02714063443158
"q_values[14,4,1]",0,NA,0,0,0,0,0,0,NA,NA
"q_values[14,4,2]",0.0568043589261596,0.00442299901274162,0.0828181861944595,6.23717063154939e-06,0.00747374929927641,0.029126495579783,0.0712695612116798,0.294373461149291,350.604708858862,1.01928939818648
"q_values[14,4,3]",-0.139923521611297,0.0102174714419611,0.173063427875745,-0.636644832385158,-0.190369318340714,-0.0828634399193023,-0.0220969219364134,-1.87112784868308e-05,286.895501150513,1.02265860708019
"q_values[14,4,4]",-0.101613244697078,0.00763203643134171,0.134018137966478,-0.489132002298556,-0.134082145266984,-0.0566892620761007,-0.0148382170453893,-1.24742634597651e-05,308.351659172692,1.02140910481239
"q_values[14,4,5]",0.129870226976328,0.00924913625984334,0.153306454515518,1.87111617849845e-05,0.021938082170554,0.0807708269157199,0.180473892636421,0.562866865294644,274.737868582029,1.02341913301765
"q_values[14,4,6]",0,NA,0,0,0,0,0,0,NA,NA
"q_values[14,4,7]",-0.382281528530928,0.0269202713722396,0.437389971498552,-1.61877498396745,-0.538846256342859,-0.242078960173361,-0.0658095549142287,-5.61334853520421e-05,263.984711389031,1.02421276616639
"q_values[14,4,8]",-0.339805803138603,0.0239291301086574,0.38879108577649,-1.43891109685995,-0.478974450082542,-0.215181297931876,-0.0584973821459811,-4.98964314240374e-05,263.984711389032,1.02421276616639
"q_values[14,5,1]",0.125704778498221,0.00883292977027153,0.144261961555447,1.87111228840456e-05,0.0218846142933305,0.0800473425174369,0.176889259449834,0.530515808273752,266.743663353325,1.02398109533613
"q_values[14,5,2]",0,NA,0,0,0,0,0,0,NA,NA
"q_values[14,5,3]",-0.339805803138603,0.0239291301086574,0.38879108577649,-1.43891109685995,-0.478974450082542,-0.215181297931876,-0.0584973821459811,-4.98964314240374e-05,263.984711389032,1.02421276616639
"q_values[14,5,4]",0.187385936092986,0.012434914744539,0.191162899258894,3.11850362343897e-05,0.0362400565778972,0.130147404817725,0.277851232182066,0.705213093412119,236.331490025837,1.02642418192563
"q_values[14,5,5]",0,NA,0,0,0,0,0,0,NA,NA
"q_values[14,5,6]",0.169902901569301,0.0119645650543287,0.194395542888245,2.49482157120187e-05,0.0292486910729906,0.107590648965938,0.239487225041271,0.719455548429977,263.984711389032,1.02421276616639
"q_values[14,5,7]",0.34397125161671,0.0243491242727971,0.397743271944816,4.98964703249764e-05,0.0585508500232046,0.215904782330159,0.482559083269129,1.47126215388085,266.83266367769,1.02400096637722
"q_values[14,5,8]",-0.238302448862283,0.016335754146664,0.26007119534396,-0.958159644491787,-0.342810000876039,-0.157904771792209,-0.0436084339885377,-3.74221290650317e-05,253.458073928964,1.02500245603215
"q_values[15,1,1]",0,NA,0,0,0,0,0,0,NA,NA
"q_values[15,1,2]",0.0472407934274153,0.00229512404476989,0.0375923156614393,5.02740341213021e-06,0.013566571772637,0.0401278579308999,0.0759258900833303,0.123114754222152,268.278476778422,1.02170726968443
"q_values[15,1,3]",-0.515173835962855,0.0285360269391153,0.53259439267629,-1.93711745864127,-0.751902553348085,-0.3521120357146,-0.111734862890062,-4.08895007498166e-05,348.342261339047,1.02031170403622
"q_values[15,1,4]",-0.450777106467498,0.0249690235717258,0.466020093591754,-1.69497777631111,-0.657914734179574,-0.308098031250275,-0.0977680050288044,-3.57783131560895e-05,348.342261339049,1.02031170403622
"q_values[15,1,5]",0.0933790495309475,0.00572673769473135,0.127243073833335,5.11126596720152e-06,0.0145575264255117,0.0499962332959806,0.122149472400056,0.446428656799825,493.689307430077,1.01695002754101
"q_values[15,1,6]",0.274554173125036,0.0165607938377577,0.346629729272803,1.53338501485401e-05,0.0440245817363201,0.152669449988068,0.37249218111404,1.25779059693823,438.096026744603,1.01778506232258
"q_values[15,1,7]",0.214697077811574,0.0111874036329712,0.189643043332321,2.0444619752896e-05,0.0548920657038219,0.166369854396058,0.331782725253458,0.674790993810329,287.35265720796,1.02185645999975
"q_values[15,1,8]",0,NA,0,0,0,0,0,0,NA,NA
"q_values[15,2,1]",-0.317756632700375,0.0164647205852482,0.277393237671412,-0.98296399143818,-0.493257232738128,-0.248586165247962,-0.082240561981612,-3.06669165671428e-05,283.846150894841,1.02192047506161
"q_values[15,2,2]",-0.145949395058655,0.00838670838855556,0.166055981217512,-0.60154262099305,-0.205643058905255,-0.0919024743131469,-0.0283238620189992,-1.02224274362591e-05,392.036010711415,1.01913306881647
"q_values[15,2,3]",0,NA,0,0,0,0,0,0,NA,NA
"q_values[15,2,4]",0.227313379697621,0.0142581537246995,0.315650930836227,1.02227148036179e-05,0.0304478701715459,0.112529910908239,0.296171782513763,1.1329141709408,490.103228318315,1.01669303653175
"q_values[15,2,5]",-0.0168229463493182,0.0021108203974466,0.112529692922119,-0.0732540290469361,-0.0643108325889276,-0.040279042099822,-0.00744734033525012,0.265578204742381,2842.04992699523,1.00451252620803
"q_values[15,2,6]",0,NA,0,0,0,0,0,0,NA,NA
"q_values[15,2,7]",0.193190188486071,0.0107010101021682,0.199722897253609,1.53335627811812e-05,0.0419005735837733,0.132042013392975,0.281963457505532,0.726419046990478,348.342261339048,1.02031170403622
"q_values[15,2,8]",-0.321983647476784,0.017835016836947,0.332871495422681,-1.2106984116508,-0.469939095842553,-0.220070022321625,-0.0698342893062889,-2.55559379686354e-05,348.342261339049,1.02031170403622
"q_values[15,3,1]",0.105974981103856,0.00285859681360392,0.118283548507143,-0.046062890943323,0.0392670934668189,0.121532528553321,0.190568776880174,0.219159584601282,1712.15421454801,1.00320706818291
"q_values[15,3,2]",0.0043509532575613,0.00133456426129883,0.0705183580181623,-0.168281714834401,0.00284641345415983,0.0192632017490339,0.0310619584774177,0.0356647140505837,2792.06421035981,1.00520317312725
"q_values[15,3,3]",0.244657996689895,0.0144826136289354,0.299847642319031,1.5333719527596e-05,0.0430710124732244,0.143665409546466,0.334965719210233,1.07820881598867,428.654500203773,1.01821080296454
"q_values[15,3,4]",0,NA,0,0,0,0,0,0,NA,NA
"q_values[15,3,5]",0,NA,0,0,0,0,0,0,NA,NA
"q_values[15,3,6]",0.321983647476784,0.017835016836947,0.332871495422681,2.55559379686354e-05,0.0698342893062889,0.220070022321625,0.469939095842553,1.2106984116508,348.342261339049,1.02031170403622
"q_values[15,3,7]",-0.128793458990714,0.00713400673477883,0.133148598169072,-0.484279364660318,-0.187975638337021,-0.08802800892865,-0.0279337157225156,-1.02223751874541e-05,348.342261339047,1.02031170403622
"q_values[15,3,8]",-0.0173446169922743,0.000569027595419479,0.0269341289680024,-0.0393097090761744,-0.0350248473625292,-0.0232857906433662,-0.00677883333085881,0.0547053549521281,2240.47041722245,1.00247433599149
"q_values[15,4,1]",-0.257586917981427,0.0142680134695577,0.266297196338145,-0.968558729320637,-0.375951276674042,-0.1760560178573,-0.0558674314450311,-2.04447503749083e-05,348.342261339047,1.02031170403622
"q_values[15,4,2]",0,NA,0,0,0,0,0,0,NA,NA
"q_values[15,4,3]",0.0128049828103803,0.00234710483402553,0.104113011751733,-0.027741837898412,-0.0237873142811511,-0.0128197274871931,-0.000281973532539952,0.285544971167133,1967.63728654814,1.00747804583149
"q_values[15,4,4]",-0.309178664666404,0.0158207792981469,0.263584642241252,-0.920991779198188,-0.484423522454012,-0.246648932555714,-0.0820454888333701,-3.06668904427403e-05,277.57762832471,1.02200689028695
"q_values[15,4,5]",0,NA,0,0,0,0,0,0,NA,NA
"q_values[15,4,6]",-0.0501562196424702,0.00235482637447772,0.125579214228364,-0.129208781648934,-0.11363969682168,-0.0738939464636231,-0.0207713068036022,0.229570945107117,2843.92238631297,1.00266941827365
"q_values[15,4,7]",0.0467838652276401,0.00237831416515095,0.0403528245195699,5.11110922118735e-06,0.0133952612153532,0.038628633274855,0.071637994264146,0.137230022757483,287.878633554961,1.02331051644836
"q_values[15,4,8]",0.321983647476784,0.017835016836947,0.332871495422681,2.55559379686354e-05,0.0698342893062889,0.220070022321625,0.469939095842553,1.2106984116508,348.342261339049,1.02031170403622
"q_values[15,5,1]",-0.266164886015398,0.0148686106074901,0.282503458573965,-1.027190357487,-0.384784986958159,-0.177993250549548,-0.056062504593273,-2.04447764993108e-05,360.999634613081,1.01999362628821
"q_values[15,5,2]",0.386380376972141,0.0214020202043364,0.399445794507217,3.06671255623625e-05,0.0838011471675467,0.26408402678595,0.563926915011064,1.45283809398096,348.342261339048,1.02031170403622
"q_values[15,5,3]",0.168747502632374,0.00583333967462756,0.132611724601509,1.25720534969191e-06,0.0596470384345575,0.172651761148943,0.284294972620746,0.343468979099167,516.808102551859,1.01087593167558
"q_values[15,5,4]",-0.459355074501469,0.0255714098617243,0.482183815948572,-1.75360940447748,-0.666748444463691,-0.310035263942523,-0.0979630781770463,-3.5778339280492e-05,355.562468613773,1.02012829089569
"q_values[15,5,5]",-0.257586917981427,0.0142680134695577,0.266297196338145,-0.968558729320637,-0.375951276674042,-0.1760560178573,-0.0558674314450311,-2.04447503749083e-05,348.342261339047,1.02031170403622
"q_values[15,5,6]",0,NA,0,0,0,0,0,0,NA,NA
"q_values[15,5,7]",0,NA,0,0,0,0,0,0,NA,NA
"q_values[15,5,8]",-0.126712322824099,0.00704032614659832,0.134561985775012,-0.482435916435089,-0.182462972811293,-0.0864318377462219,-0.0277495408133305,-1.02223490635858e-05,365.308029396602,1.02013943880102
"q_values[16,1,1]",0,NA,0,0,0,0,0,0,NA,NA
"q_values[16,1,2]",0.0757330553512708,0.00687670083937366,0.137025740018647,5.4717565149241e-07,0.00320391081600227,0.0237546234034101,0.086039050527231,0.452313059021233,397.048947885493,1.02125162213467
"q_values[16,1,3]",0.169448850449102,0.0157280328010483,0.281316951191637,1.3679386796293e-06,0.00799447730561847,0.0585781084290219,0.20557217783768,0.959374756982474,319.921179022319,1.02372363931588
"q_values[16,1,4]",0,NA,0,0,0,0,0,0,NA,NA
"q_values[16,1,5]",0.181441259623124,0.0169883273623251,0.311658115283893,1.36793905388058e-06,0.00800719450877719,0.0592393043620754,0.213004003875855,1.06358597274107,336.55468275481,1.02304370248724
"q_values[16,1,6]",-0.0177982218516246,0.00126379806582105,0.072417233222958,-0.0722088796898283,-0.0472215141856187,-0.0170048905674248,-0.00190591503111484,0.047424852796752,3283.43545545899,1.0000082723217
"q_values[16,1,7]",-0.0937157950978316,0.00880375068481131,0.145080300924082,-0.50706169796124,-0.119533127310449,-0.0348234850256118,-0.00479056648961621,-8.20763028136893e-07,271.569770375638,1.02591393109094
"q_values[16,1,8]",0.218670188561607,0.0205420849312264,0.338520702156192,1.91511373231942e-06,0.0111779884757711,0.0812547983930943,0.278910630391047,1.18314396190956,271.569770375638,1.02591393109094
"q_values[16,2,1]",0.156192991829719,0.0146729178080188,0.241800501540137,1.36793838022816e-06,0.00798427748269368,0.058039141709353,0.199221878850748,0.845102829935401,271.569770375638,1.02591393109094
"q_values[16,2,2]",0.166134885794257,0.0154693473772597,0.27131368634577,1.36793860477902e-06,0.00799192734988727,0.0584433667491047,0.203984603090947,0.930806775220705,307.609270896572,1.02422522118526
"q_values[16,2,3]",0.0179827397465607,0.00126302047353156,0.0225713814376143,5.7374184766384e-08,0.00142980505549923,0.0105496605506678,0.0318879841768363,0.0616599126617043,319.371015379583,1.02145892800679
"q_values[16,2,4]",-0.218670188561607,0.0205420849312264,0.338520702156192,-1.18314396190956,-0.278910630391047,-0.0812547983930943,-0.0111779884757711,-1.91511373231942e-06,271.569770375638,1.02591393109094
"q_values[16,2,5]",0,NA,0,0,0,0,0,0,NA,NA
"q_values[16,2,6]",0,NA,0,0,0,0,0,0,NA,NA
"q_values[16,2,7]",-0.096660723962805,0.00725676608928564,0.110424779326681,-0.338106191796732,-0.164179926406932,-0.0544110053426858,-0.00757105346125504,-5.95938374900513e-07,231.551090726503,1.02940691829534
"q_values[16,2,8]",0.116794451761442,0.0108207755358033,0.210452014527501,8.20763626939066e-07,0.00481094170384284,0.0358920341150501,0.131854189512696,0.706634032267701,378.259111641888,1.02172827624433
"q_values[16,3,1]",0,NA,0,0,0,0,0,0,NA,NA
"q_values[16,3,2]",0,NA,0,0,0,0,0,0,NA,NA
"q_values[16,3,3]",-0.0411804923304812,0.00376807102093933,0.0789420350195219,-0.254724511272385,-0.0446071000103485,-0.0120120533816223,-0.00160450536373233,-2.73587900596492e-07,438.913031919427,1.01973437342957
"q_values[16,3,4]",0.0949255705975097,0.00885130728388414,0.191426321194435,5.47176175444276e-07,0.00322173200256054,0.0246868667546146,0.0967092820208088,0.618488824934645,467.722723939967,1.0189546175677
"q_values[16,3,5]",0.00407065931230785,0.00138245341386505,0.0745522871954264,-0.0228207203673113,-0.0159967724134647,-0.00549503718770647,-0.000366244155904586,0.135570060129808,2908.17765287475,1.00290519964353
"q_values[16,3,6]",-0.0624771967318877,0.00586916712320754,0.096720200616055,-0.33804113197416,-0.0796887515402991,-0.0232156566837412,-0.00319371099307747,-5.47175352091262e-07,271.569770375638,1.02591393109094
"q_values[16,3,7]",0.187431590195663,0.0176075013696226,0.290160601848165,1.64152605627379e-06,0.00958113297923241,0.0696469700512236,0.239066254620897,1.01412339592248,271.569770375638,1.02591393109094
"q_values[16,3,8]",0.138210252083159,0.012778139971923,0.233111069143988,1.09435100358367e-06,0.00639762180907974,0.0469702800871513,0.16572780206753,0.790354190995393,332.805511787301,1.02325030977659
"q_values[16,4,1]",-0.0347557039934433,0.00160596979128151,0.0849419138740994,-0.121471034945463,-0.0776873520485371,-0.0270523322887549,-0.00330357045505921,0.00192984909338984,2797.49513891902,1.00164903357265
"q_values[16,4,2]",-0.218670188561607,0.0205420849312264,0.338520702156192,-1.18314396190956,-0.278910630391047,-0.0812547983930943,-0.0111779884757711,-1.91511373231942e-06,271.569770375638,1.02591393109094
"q_values[16,4,3]",-0.194059519505355,0.0181416594299945,0.309715830730701,-1.07125935944602,-0.242241404114363,-0.0699164534110581,-0.00958623289069481,-1.64152620597436e-06,291.455858328084,1.02494058279597
"q_values[16,4,4]",0.00587123465222949,0.000756865342157143,0.043973351995788,-0.0498661148445037,0.000807921054297824,0.00780341412763502,0.0212323353698142,0.0316236708840851,3375.52949293899,1.0002462662757
"q_values[16,4,5]",0.124954393463775,0.0117383342464151,0.19344040123211,1.09435070418252e-06,0.00638742198615494,0.0464313133674824,0.159377503080598,0.676082263948321,271.569770375638,1.02591393109094
"q_values[16,4,6]",0.0577503156047101,0.00539068411764581,0.132373515701208,2.73588274847927e-07,0.00161725514238833,0.0126857617812084,0.0525449737440133,0.397564420081226,602.996010925418,1.01573313658147
"q_values[16,4,7]",0,NA,0,0,0,0,0,0,NA,NA
"q_values[16,4,8]",0,NA,0,0,0,0,0,0,NA,NA
"q_values[16,5,1]",-0.0326515148382757,0.00209801096749423,0.0469443984386627,-0.110212266133249,-0.0608210304843653,-0.0203710054401395,-0.00272188153545197,-6.18538506676447e-08,500.670551927495,1.01356456740429
"q_values[16,5,2]",-0.0675076916743113,0.00612872184246241,0.114045720840369,-0.381094873629771,-0.0814660941728405,-0.0233550905386082,-0.00319627316462015,-5.47175426941611e-07,346.272631367615,1.0228604205155
"q_values[16,5,3]",0,NA,0,0,0,0,0,0,NA,NA
"q_values[16,5,4]",0,NA,0,0,0,0,0,0,NA,NA
"q_values[16,5,5]",-0.0937157950978316,0.00880375068481131,0.145080300924082,-0.50706169796124,-0.119533127310449,-0.0348234850256118,-0.00479056648961621,-8.20763028136893e-07,271.569770375638,1.02591393109094
"q_values[16,5,6]",-0.188844506667995,0.0180097936351218,0.25545237157335,-0.926032126053647,-0.26462245767045,-0.0800421232738392,-0.0111550388741904,-1.91511305866683e-06,201.188153593249,1.03044397155119
"q_values[16,5,7]",0.0208436235591904,0.00182544832904266,0.023487214594579,2.73587376644586e-07,0.00158667603329974,0.0110766819137846,0.0338103565928984,0.0778762694054683,165.548001717494,1.03399019337377
"q_values[16,5,8]",0.156192991829719,0.0146729178080188,0.241800501540137,1.36793838022816e-06,0.00798427748269368,0.058039141709353,0.199221878850748,0.845102829935401,271.569770375638,1.02591393109094
"q_values[17,1,1]",0.329613198723953,0.0121853035205088,0.278048302647577,0.000467365388184649,0.114220613846336,0.272260545901114,0.480561100308777,1.00301447086604,520.676280489952,1.01188576383434
"q_values[17,1,2]",0,NA,0,0,0,0,0,0,NA,NA
"q_values[17,1,3]",0.363424837018993,0.0139140027390513,0.325067420686088,0.000467409079356417,0.116825966322808,0.286952510112051,0.525381100468475,1.176559658861,545.811549889749,1.01169064063104
"q_values[17,1,4]",-0.0888035213343863,0.00369217098328645,0.0928856609721498,-0.330655555667872,-0.123456936959544,-0.0627851603644574,-0.0242475450567436,-9.34958002493249e-05,632.89802732117,1.01098969765417
"q_values[17,1,5]",-0.346656000266584,0.0130066702139295,0.299102728999431,-1.08276862627284,-0.504980661538424,-0.280651298022851,-0.115754046352805,-0.00046739160092664,528.820756980351,1.0118101326082
"q_values[17,1,6]",0.554649600426535,0.0208106723422871,0.478564366399089,0.000747826561482628,0.185206474164487,0.449042076836562,0.807969058461479,1.73242980203655,528.820756980353,1.0118101326082
"q_values[17,1,7]",0,NA,0,0,0,0,0,0,NA,NA
"q_values[17,1,8]",-0.197353328740064,0.00838583403950591,0.213576269448781,-0.76137606456769,-0.273393800870545,-0.134314761521339,-0.0500533384361351,-0.000187017814874867,648.654546341546,1.01087573752555
"q_values[17,2,1]",-0.0118094991800661,0.00187468057132734,0.0818772465273511,-0.232090639861076,8.20420284880176e-07,0.0125307118301971,0.0225565382506469,0.0252353155430877,1907.53230398177,1.00596255408196
"q_values[17,2,2]",0,NA,0,0,0,0,0,0,NA,NA
"q_values[17,2,3]",-0.623980800479852,0.0234120063850729,0.538384912198975,-1.94898352729112,-0.908965190769164,-0.505172336441132,-0.208357283435048,-0.000841304881667951,528.820756980359,1.0118101326082
"q_values[17,2,4]",-0.224762436912359,0.00871223179724426,0.205542695603673,-0.743452208351864,-0.323388835853105,-0.174691990902911,-0.0705243477816865,-0.000280452438985758,556.60262756544,1.01160902604978
"q_values[17,2,5]",0,NA,0,0,0,0,0,0,NA,NA
"q_values[17,2,6]",0.173012734104731,0.00356444295503106,0.112922278148424,5.9468411056366e-05,0.0925119458403496,0.198264620391553,0.266882843254853,0.296833865847046,1003.63529324856,1.00357288960196
"q_values[17,2,7]",0.140918253150316,0.00397530691666742,0.0889699590965234,0.0002316998401172,0.0638242255658042,0.142750259387209,0.220044664766145,0.280110930048373,500.893565945096,1.01028764300576
"q_values[17,2,8]",-0.485318400373218,0.0182093382995012,0.418743820599203,-1.51587607678198,-0.706972926153794,-0.392911817231992,-0.162055664893926,-0.000654348241297295,528.820756980355,1.0118101326082
"q_values[17,3,1]",-0.346656000266584,0.0130066702139295,0.299102728999431,-1.08276862627284,-0.504980661538424,-0.280651298022851,-0.115754046352805,-0.00046739160092664,528.820756980351,1.0118101326082
"q_values[17,3,2]",0.190594617418413,0.0079358612241685,0.1971693427115,0.000187017810789312,0.0499912988956879,0.133430539844621,0.268242886566023,0.710599070004826,617.291999231272,1.011124608362
"q_values[17,3,3]",0,NA,0,0,0,0,0,0,NA,NA
"q_values[17,3,4]",0,NA,0,0,0,0,0,0,NA,NA
"q_values[17,3,5]",0.174181961864911,0.00603590663293139,0.133381594414148,0.000280391269384217,0.06684707533521,0.153698814602774,0.258168396763357,0.476115987768748,488.322553245282,1.01211838919212
"q_values[17,3,6]",-0.485318400373218,0.0182093382995012,0.418743820599203,-1.51587607678198,-0.706972926153794,-0.392911817231992,-0.162055664893926,-0.000654348241297295,528.820756980355,1.0118101326082
"q_values[17,3,7]",0.0861000368057256,0.00351197624001616,0.0863409117331536,9.34957986151031e-05,0.0242227292405647,0.06243147169377,0.121396571237735,0.310344757842727,604.407886617804,1.01122456831625
"q_values[17,3,8]",0.227018289956041,0.0075609173406226,0.165556872167831,0.000373860845451991,0.0893874771722323,0.205617402150682,0.342783212440589,0.5848418032538,479.452342867916,1.01195790288757
"q_values[17,4,1]",-0.415987200319901,0.0156080042567153,0.358923274799317,-1.29932235152741,-0.605976793846109,-0.336781557627422,-0.138904855623366,-0.000560869921111967,528.820756980353,1.0118101326082
"q_values[17,4,2]",-0.205016150841068,0.00770973618942444,0.178348294759628,-0.643387255119918,-0.296908908901648,-0.165947550110486,-0.0689660994590386,-0.000280426224609542,535.129492940452,1.01178474286284
"q_values[17,4,3]",-0.0632026347207944,0.00135364730592513,0.0514206635476912,-0.111026187474124,-0.100569597032211,-0.0753228302258669,-0.0335940839496083,-2.0355939150724e-07,1442.99327374427,1.00133586147501
"q_values[17,4,4]",-0.502087237125627,0.0191163227893617,0.44465474006847,-1.60966710937014,-0.727373365083845,-0.399213029321192,-0.16312758486393,-0.00065436571972707,541.049677111157,1.01172538200221
"q_values[17,4,5]",0,NA,0,0,0,0,0,0,NA,NA
"q_values[17,4,6]",0.207993600159951,0.00780400212835767,0.179461637399658,0.000280434960555986,0.0694524278116828,0.168390778813711,0.302988396923055,0.649661175763706,528.820756980353,1.0118101326082
"q_values[17,4,7]",0.0720346845819776,0.00278172863300166,0.0658672017240172,9.34783218195511e-05,0.0231756250867398,0.0564839482752576,0.103056498029494,0.236864523079714,560.672048116733,1.01158683613026
"q_values[17,4,8]",0,NA,0,0,0,0,0,0,NA,NA
"q_values[17,5,1]",0,NA,0,0,0,0,0,0,NA,NA
"q_values[17,5,2]",0.09448445518193,0.00396608236096286,0.0999408465457392,9.35045378299903e-05,0.0247586892255666,0.0655820777383698,0.13159679070276,0.357240274136806,634.983719232154,1.0109819871549
"q_values[17,5,3]",0.441140455448514,0.0169695019876413,0.397937917703792,0.000560896138756633,0.140512735578371,0.346233375761221,0.636577452241185,1.44000890040965,549.911056960303,1.01166006866145
"q_values[17,5,4]",0.346656000266584,0.0130066702139295,0.299102728999431,0.000467391600926643,0.115754046352805,0.280651298022851,0.504980661538424,1.08276862627284,528.820756980351,1.0118101326082
"q_values[17,5,5]",0.150745864076922,0.00692536928275932,0.183346407545619,9.35744450121981e-05,0.0289471058408662,0.0893721714124191,0.204957083535724,0.651161213188855,700.904643430081,1.01044215227396
"q_values[17,5,6]",0,NA,0,0,0,0,0,0,NA,NA
"q_values[17,5,7]",-0.138662400106634,0.00520266808557178,0.119641091599772,-0.433107450509137,-0.20199226461537,-0.112260519209141,-0.0463016185411218,-0.000186956640370656,528.820756980353,1.0118101326082
"q_values[17,5,8]",-0.141009703436387,0.00637006633185001,0.166150384426986,-0.594110297982203,-0.193726681209795,-0.0860447210324756,-0.0283987379477749,-9.3565704980199e-05,680.322432804906,1.01060460283198
"q_values[18,1,1]",0,NA,0,0,0,0,0,0,NA,NA
"q_values[18,1,2]",0.25181402600432,0.0138149383768081,0.300157273197088,4.2512108235426e-05,0.039936314025462,0.14399204381474,0.355215950763804,1.06370718450894,472.062865826456,1.01362154387375
"q_values[18,1,3]",0.32125632208504,0.0162915207182432,0.332350543481961,7.08508364802107e-05,0.0643718689204493,0.215925978086816,0.478622323192874,1.1704658560305,416.168817508151,1.01515716552752
"q_values[18,1,4]",0,NA,0,0,0,0,0,0,NA,NA
"q_values[18,1,5]",-0.141699391259653,0.00748455313125537,0.15963536258701,-0.561470649400069,-0.203243525155184,-0.0884769685383065,-0.0259208988598267,-2.83405353961668e-05,454.911016985741,1.01403129482832
"q_values[18,1,6]",0.00411190166664766,0.0016642364761541,0.0746288783588685,-0.0311940241391786,-0.0265931871627878,-0.0143020907349573,-0.000602547721454602,0.204303856687005,2010.8688927402,1.00315674484861
"q_values[18,1,7]",-0.188641891584376,0.0079446356235037,0.154151328292991,-0.492146966532865,-0.30959245967098,-0.157821093213604,-0.0501714989311703,-5.66790628197967e-05,376.484045013532,1.01722376609669
"q_values[18,1,8]",-0.192753793251024,0.00977491243094595,0.199410326089177,-0.7022795136183,-0.287173393915725,-0.129555586852089,-0.0386231213522696,-4.25105018881264e-05,416.16881750815,1.01515716552752
"q_values[18,2,1]",0.0518119395612741,0.00242967901701725,0.0474949512495755,1.41697657134853e-05,0.0125492764987909,0.0396968894500001,0.0800295359353648,0.162978592734055,382.117639531929,1.01626113135215
"q_values[18,2,2]",0.072796660177465,0.00385718868448287,0.0817927754783423,1.41703680915886e-05,0.0130401233097385,0.0450501567743442,0.10488763949899,0.288892799692738,449.664003354797,1.01418135046789
"q_values[18,2,3]",0.329801717845497,0.0168877182639268,0.347479727672669,7.08510372757572e-05,0.0645376184460979,0.217790939243797,0.487785498053289,1.22526548451714,423.366991780045,1.01494183142353
"q_values[18,2,4]",0.0306092463737126,0.0014615845505437,0.0780083832339495,-0.150924520926225,0.00972647315653951,0.0450339393120527,0.0729531747737291,0.085014516057685,2848.62096709588,1.00010170279415
"q_values[18,2,5]",0,NA,0,0,0,0,0,0,NA,NA
"q_values[18,2,6]",0,NA,0,0,0,0,0,0,NA,NA
"q_values[18,2,7]",-0.449758850919056,0.0228081290055406,0.465290760874746,-1.6386521984427,-0.670071252470024,-0.302296369321542,-0.090120616488629,-9.91911710722948e-05,416.16881750815,1.01515716552752
"q_values[18,2,8]",-0.257005057668032,0.0130332165745946,0.265880434785569,-0.9363726848244,-0.382897858554299,-0.172740782469453,-0.0514974951363594,-5.66806691841685e-05,416.168817508151,1.01515716552752
"q_values[18,3,1]",0.261438551761841,0.0119315036282292,0.231280895171893,7.08494309113855e-05,0.0632116222409088,0.202871249987948,0.41448009916997,0.786868456624034,375.741499245523,1.01681716800668
"q_values[18,3,2]",0.14559332035493,0.00771437736896573,0.163585550956685,2.83407361831772e-05,0.026080246619477,0.0901003135486884,0.20977527899798,0.577785599385476,449.664003354797,1.01418135046789
"q_values[18,3,3]",0,NA,0,0,0,0,0,0,NA,NA
"q_values[18,3,4]",0,NA,0,0,0,0,0,0,NA,NA
"q_values[18,3,5]",-0.32125632208504,0.0162915207182432,0.332350543481961,-1.1704658560305,-0.478622323192874,-0.215925978086816,-0.0643718689204493,-7.08508364802106e-05,416.168817508151,1.01515716552752
"q_values[18,3,6]",0.192753793251024,0.00977491243094595,0.199410326089177,4.25105018881264e-05,0.0386231213522696,0.129555586852089,0.287173393915725,0.7022795136183,416.16881750815,1.01515716552752
"q_values[18,3,7]",0.0689027310821881,0.00362697051706506,0.0778762901247574,1.41701673045782e-05,0.0128807755500882,0.0434268117639623,0.0983558856561947,0.272577849707331,461.022857456509,1.01386177701545
"q_values[18,3,8]",-0.239121314828628,0.0118516138198623,0.238942647638039,-0.836114930199871,-0.359794035669088,-0.167548592576175,-0.0510109161694107,-5.66800668117559e-05,406.473614909082,1.01545807976245
"q_values[18,4,1]",-0.0300696813751802,0.000783045904215268,0.0264447834869152,-0.0623902009913262,-0.0522509934464279,-0.0318365134324983,-0.0102178457112467,-9.36911413474784e-08,1140.52704148719,1.0049559402243
"q_values[18,4,2]",-0.578261379753072,0.0293247372928379,0.598230978267531,-2.1068385408549,-0.861520181747174,-0.388666760556268,-0.115869364056809,-0.000127531505664379,416.16881750815,1.01515716552752
"q_values[18,4,3]",-0.449758850919056,0.0228081290055406,0.465290760874746,-1.6386521984427,-0.670071252470024,-0.302296369321542,-0.090120616488629,-9.91911710722948e-05,416.16881750815,1.01515716552752
"q_values[18,4,4]",0.0984328474588359,0.00562778184449656,0.129330258696192,1.4170970478228e-05,0.0135373718866844,0.0506450402452874,0.132377164080235,0.453291685152652,528.111694243808,1.01240645340666
"q_values[18,4,5]",0.112169274883005,0.00546097018501276,0.109666769809528,2.8339732222517e-05,0.0252643025232305,0.0812587400569814,0.169222246731145,0.380756813954748,403.283536125671,1.01553960539742
"q_values[18,4,6]",0.141699391259653,0.00748455313125537,0.15963536258701,2.83405353961668e-05,0.0259208988598267,0.0884769685383065,0.203243525155184,0.561470649400069,454.911016985741,1.01403129482832
"q_values[18,4,7]",0,NA,0,0,0,0,0,0,NA,NA
"q_values[18,4,8]",0,NA,0,0,0,0,0,0,NA,NA
"q_values[18,5,1]",0,NA,0,0,0,0,0,0,NA,NA
"q_values[18,5,2]",0,NA,0,0,0,0,0,0,NA,NA
"q_values[18,5,3]",0.193007179570982,0.0109035055848559,0.242111887926277,2.83421417292396e-05,0.0272234219230219,0.102510731923292,0.266900380307231,0.858757189455326,493.060177547295,1.01313436289748
"q_values[18,5,4]",0.0552345097652225,0.00196806648488564,0.102725403768671,-0.165173039819162,0.0187465081378386,0.0722071407179362,0.115897535343066,0.13579797551023,2724.43331758244,0.999782762581787
"q_values[18,5,5]",-0.578261379753072,0.0293247372928379,0.598230978267531,-2.1068385408549,-0.861520181747174,-0.388666760556268,-0.115869364056809,-0.000127531505664379,416.16881750815,1.01515716552752
"q_values[18,5,6]",-0.514010115336064,0.0260664331491892,0.531760869571138,-1.8727453696488,-0.765795717108599,-0.345481564938905,-0.102994990272719,-0.000113361338368337,416.168817508151,1.01515716552752
"q_values[18,5,7]",0.214278078865747,0.00993627380485666,0.193223084493104,5.66796652064362e-05,0.0506687475081162,0.163415976684547,0.337081984252225,0.66237454239121,378.155934568285,1.01665024085349
"q_values[18,5,8]",0.137047924594473,0.00711490021687784,0.148149444230734,2.83405353876308e-05,0.0259144970938284,0.0882353523917074,0.200612104137565,0.522985970898838,433.573196060407,1.01463792180492
"q_values[19,1,1]",0.144710850424723,0.0144448944753199,0.222657560470247,1.04145624036879e-06,0.00810417172508232,0.0538241886961401,0.175616578259301,0.861427481099979,237.599841083007,1.02609916301886
"q_values[19,1,2]",0.0708127922695451,0.00722408046448463,0.124532822023538,4.46338474132425e-07,0.00347840185935223,0.0233001802905001,0.0778624915677308,0.459783650074186,297.168320704917,1.02233442218258
"q_values[19,1,3]",0,NA,0,0,0,0,0,0,NA,NA
"q_values[19,1,4]",-0.0992927308165707,0.0101699509646195,0.222882005619869,-0.756230116250528,-0.0871358050784462,-0.0241404727497645,-0.00349720893296705,-4.46338784113444e-07,480.299678997857,1.0167739101968
"q_values[19,1,5]",0.0187161429193773,0.000992180903071216,0.0515114367773195,1.71680852030173e-12,0.00177948841204466,0.0129092867417729,0.0382968058532052,0.0772082593409947,2695.41474414662,1.0005120035515
"q_values[19,1,6]",0,NA,0,0,0,0,0,0,NA,NA
"q_values[19,1,7]",-0.0944170563593934,0.0096321072859795,0.166043762698051,-0.613044866765581,-0.103816655423641,-0.0310669070540001,-0.00463786914580297,-5.95117965509894e-07,297.168320704918,1.02233442218258
"q_values[19,1,8]",0.102062099623741,0.0101531813385466,0.15503127226087,7.43897301896849e-07,0.00578792588108592,0.0384113793132201,0.125055488043496,0.601883055659364,233.149418392408,1.02645844714922
"q_values[19,2,1]",0.0708127922695451,0.00722408046448463,0.124532822023538,4.46338474132425e-07,0.00347840185935223,0.0233001802905001,0.0778624915677308,0.459783650074186,297.168320704917,1.02233442218258
"q_values[19,2,2]",0.143905473228447,0.0147029593437217,0.257009618534842,8.92676970406354e-07,0.006958148083157,0.0466606826530401,0.156398601883469,0.943056304119459,305.554892082408,1.02191529679874
"q_values[19,2,3]",-0.085309948315258,0.00852265223055183,0.137983342431989,-0.517199573189399,-0.100553460991198,-0.0307681077266638,-0.00463115667602077,-5.95117854802395e-07,262.122189605765,1.02435959038172
"q_values[19,2,4]",-0.14162558453909,0.0144481609289693,0.249065644047076,-0.919567300148372,-0.155724983135462,-0.0466003605810001,-0.00695680371870446,-8.92676948264841e-07,297.168320704917,1.02233442218258
"q_values[19,2,5]",0,NA,0,0,0,0,0,0,NA,NA
"q_values[19,2,6]",0,NA,0,0,0,0,0,0,NA,NA
"q_values[19,2,7]",0.0616932375121159,0.00614949268569938,0.0944174977776782,4.4633838556641e-07,0.00347302440154206,0.0230588920023401,0.0751680165756993,0.365827634189836,235.736263128288,1.02624911420014
"q_values[19,2,8]",0.0418970857133922,0.00416343451196176,0.0669268246636924,2.97558916330452e-07,0.00231490771453087,0.0153543613327892,0.049957404339528,0.250455238989031,258.402651145906,1.02459937005684
"q_values[19,3,1]",-0.0186748775239856,0.00178719301492644,0.0273769433532926,-0.100793976677512,-0.0240207237015505,-0.00758810307476646,-0.00115544198682688,-1.48779424952979e-07,234.653479245002,1.02625367852419
"q_values[19,3,2]",-0.118021320449242,0.0120401341074744,0.207554703372564,-0.766306083456976,-0.129770819279551,-0.0388336338175001,-0.00579733643225371,-7.43897456887367e-07,297.168320704915,1.02233442218258
"q_values[19,3,3]",0.14162558453909,0.0144481609289693,0.249065644047076,8.92676948264851e-07,0.00695680371870446,0.0466003605810001,0.155724983135462,0.919567300148372,297.168320704917,1.02233442218258
"q_values[19,3,4]",0.0856920042156998,0.00856000777875042,0.139713674265037,5.95117854802405e-07,0.00463115823476753,0.0307685762321411,0.100570944209131,0.520799527569275,266.397110281598,1.02407574772049
"q_values[19,3,5]",0,NA,0,0,0,0,0,0,NA,NA
"q_values[19,3,6]",0.0997822109343834,0.00986225312527032,0.148179221137749,7.43897279755345e-07,0.00578658151663337,0.0383510572411801,0.124381869295488,0.578394051688276,225.747175630345,1.02707668220644
"q_values[19,3,7]",-0.00308526588563267,0.000879386448144589,0.0482044352500592,-0.027503792737231,-0.0159440870360439,-0.00541192301028687,-0.000590342680130061,0.0581398190483925,3004.79232364254,1.00007368883302
"q_values[19,3,8]",0,NA,0,0,0,0,0,0,NA,NA
"q_values[19,4,1]",0.118021320449242,0.0120401341074744,0.207554703372564,7.43897456887375e-07,0.00579733643225371,0.0388336338175001,0.129770819279551,0.766306083456976,297.168320704915,1.02233442218258
"q_values[19,4,2]",0,NA,0,0,0,0,0,0,NA,NA
"q_values[19,4,3]",-0.167509737318296,0.0171109979304109,0.298515738841676,-1.09631752081085,-0.18235276573938,-0.0544274094165402,-0.00811761536960774,-1.04145646178382e-06,304.357346982906,1.02197408669414
"q_values[19,4,4]",-0.0944170563593934,0.0096321072859795,0.166043762698051,-0.613044866765581,-0.103816655423641,-0.0310669070540001,-0.00463786914580297,-5.95117965509894e-07,297.168320704918,1.02233442218258
"q_values[19,4,5]",-0.0395510382020557,0.0038026621343077,0.0965442329852525,-0.31957352218084,-0.0312382145323767,-0.00824649230695633,-0.00117021284959057,-1.48779668509484e-07,644.580544234077,1.01529812262601
"q_values[19,4,6]",0.0639855729147669,0.00638039651765756,0.104185890449035,4.4633838556643e-07,0.00347303375402257,0.0230617030352038,0.0752729158832959,0.387427360469091,266.638266453073,1.0240553272761
"q_values[19,4,7]",0,NA,0,0,0,0,0,0,NA,NA
"q_values[19,4,8]",-0.049488416869054,0.00507069216636155,0.0910291088938949,-0.330011437353878,-0.0525819464598284,-0.0155937755990401,-0.00232027893735403,-2.97559004896451e-07,322.274609343309,1.02112957801582
"q_values[19,5,1]",0,NA,0,0,0,0,0,0,NA,NA
"q_values[19,5,2]",-0.0616932375121159,0.00614949268569938,0.0944174977776782,-0.365827634189836,-0.0751680165756993,-0.0230588920023401,-0.00347302440154206,-4.46338385566405e-07,235.736263128288,1.02624911420014
"q_values[19,5,3]",0.188834112718787,0.019264214571959,0.332087525396102,1.1902359310198e-06,0.00927573829160594,0.0621338141080002,0.207633310847282,1.22608973353116,297.168320704918,1.02233442218258
"q_values[19,5,4]",0,NA,0,0,0,0,0,0,NA,NA
"q_values[19,5,5]",-0.168315114514571,0.0168677280213805,0.263654983290296,-1.01468869779137,-0.201570742115211,-0.0615909154596402,-0.00926363901153306,-1.19023573174625e-06,244.319870220332,1.02559294360122
"q_values[19,5,6]",0.128722810917124,0.0128819018352754,0.209045241296952,8.92676793274351e-07,0.00694740563751068,0.0461818541205384,0.151149517642869,0.783943907389766,263.342285704724,1.02428185467722
"q_values[19,5,7]",-0.0404225742203102,0.00299893334793338,0.0560866103650981,-0.162377834745927,-0.0655210696639547,-0.0214391460825583,-0.00319664778362443,-9.50896478077741e-08,349.77177477924,1.01688449744442
"q_values[19,5,8]",-0.14162558453909,0.0144481609289693,0.249065644047076,-0.919567300148372,-0.155724983135462,-0.0466003605810001,-0.00695680371870446,-8.92676948264841e-07,297.168320704917,1.02233442218258
"q_values[20,1,1]",0.0712880937526381,0.00726894417527586,0.123770338464796,4.06897100079921e-07,0.00337954048062836,0.022515002235452,0.0782677165656335,0.439924052752525,289.92822057227,1.02380323129697
"q_values[20,1,2]",0.169704324119964,0.0165369239977742,0.262660508666966,1.08505876797556e-06,0.0090006866544821,0.0595330806316626,0.202588073299931,0.979597635141099,252.278419262875,1.02689525632489
"q_values[20,1,3]",-0.161857034237941,0.0171680216411168,0.310278530706656,-1.06650499768273,-0.163182100741114,-0.0455894503620282,-0.00677175842152642,-8.13794384127476e-07,326.635172485756,1.02130484178089
"q_values[20,1,4]",0,NA,0,0,0,0,0,0,NA,NA
"q_values[20,1,5]",0.121079851723331,0.0124300112270398,0.214134054933007,6.781618518633e-07,0.00563383650036508,0.0375813287623691,0.131126842891807,0.754710440387427,296.77576989887,1.02331592678777
"q_values[20,1,6]",-0.166338885422822,0.0169608697423103,0.288797456417856,-1.02648945642256,-0.182624671986478,-0.0525350052160546,-0.00788559445479952,-9.49426566853145e-07,289.928220572271,1.02380323129697
"q_values[20,1,7]",0,NA,0,0,0,0,0,0,NA,NA
"q_values[20,1,8]",0.0294230137298603,0.00321362495316285,0.0639642299631318,1.35632403486846e-07,0.00112905584759227,0.00761891897672708,0.027503808935934,0.199108711124338,396.17217526411,1.01826963861364
"q_values[20,2,1]",-0.11881348958773,0.0121149069587931,0.206283897441326,-0.733206754587541,-0.130446194276056,-0.0375250037257533,-0.00563256746771394,-6.78161833466532e-07,289.928220572272,1.02380323129697
"q_values[20,2,2]",-0.0373608707311487,0.00427215258693783,0.0918012859724003,-0.27566346571682,-0.0301731305497168,-0.00784295096484574,-0.00113412768944959,-1.35632477073902e-07,461.746931650432,1.01595879716897
"q_values[20,2,3]",0,NA,0,0,0,0,0,0,NA,NA
"q_values[20,2,4]",0,NA,0,0,0,0,0,0,NA,NA
"q_values[20,2,5]",0.0633899307842952,0.00701700225132455,0.140428460569502,2.71264862163976e-07,0.00226191021564352,0.0154042767466122,0.0569430180206789,0.443808502434213,400.504166258772,1.01798299236334
"q_values[20,2,6]",-0.0561355924645651,0.00417286636103082,0.0761697390101059,-0.223998106842127,-0.0899522091159111,-0.0280398567398806,-0.0040930176014285,-1.6593480949858e-07,333.193087103177,1.01903613533301
"q_values[20,2,7]",0.016952432457371,0.00150855367031119,0.0221541453166452,1.35632293106258e-07,0.00112144594043268,0.00728223691537673,0.0234731900906492,0.0795465849320852,215.669369402606,1.03194769005272
"q_values[20,2,8]",0.0712880937526381,0.00726894417527586,0.123770338464796,4.06897100079921e-07,0.00337954048062836,0.022515002235452,0.0782677165656335,0.439924052752525,289.92822057227,1.02380323129697
"q_values[20,3,1]",0,NA,0,0,0,0,0,0,NA,NA
"q_values[20,3,2]",0.11881348958773,0.0121149069587931,0.206283897441326,6.78161833466535e-07,0.00563256746771394,0.0375250037257533,0.130446194276056,0.733206754587541,289.928220572272,1.02380323129697
"q_values[20,3,3]",0.0973680268921037,0.0107975077949453,0.212501643999065,4.06897339237856e-07,0.00339602503885146,0.0232434232364238,0.086956330022733,0.691092002329856,387.326789512092,1.01838368622721
"q_values[20,3,4]",-0.0867879439081771,0.00937673600956188,0.174767187840533,-0.589880232401803,-0.0835886021767922,-0.022962643492241,-0.0033896827347606,-4.0689724725403e-07,347.38928429813,1.02015397033106
"q_values[20,3,5]",-0.0950507916701841,0.00969192556703448,0.165027117953061,-0.586565403670033,-0.104356955420845,-0.0300200029806026,-0.00450605397417115,-5.42529466773226e-07,289.928220572271,1.02380323129697
"q_values[20,3,6]",-0.003365438697142,0.000810660953215699,0.0483750126022888,-0.0275683683514701,-0.0162043225843957,-0.00537765401859378,-0.000620867470442087,0.046891821281459,3560.93193323912,1.001061589252
"q_values[20,3,7]",0.0293944987502885,0.00225951137120347,0.0398317283928421,1.37698437352756e-07,0.00211262931970026,0.0141276258754641,0.0459728791475049,0.121568384422303,310.762954087188,1.02032195399142
"q_values[20,3,8]",0,NA,0,0,0,0,0,0,NA,NA
"q_values[20,4,1]",-0.0867879439081771,0.00937673600956188,0.174767187840533,-0.589880232401803,-0.0835886021767922,-0.022962643492241,-0.0033896827347606,-4.0689724725403e-07,347.38928429813,1.02015397033106
"q_values[20,4,2]",0,NA,0,0,0,0,0,0,NA,NA
"q_values[20,4,3]",0.213864281257914,0.0218068325258276,0.371311015394386,1.22069130023976e-06,0.0101386214418851,0.0675450067063559,0.2348031496969,1.31977215825757,289.928220572271,1.02380323129697
"q_values[20,4,4]",-0.0305617843243474,0.00335555628199456,0.0659524744697676,-0.211152408317164,-0.028131184702464,-0.00767397585499819,-0.00113032059149619,-1.35632421883604e-07,386.307494664339,1.01853805766619
"q_values[20,4,5]",-0.0543244822418934,0.00578620685663836,0.106717530863387,-0.357793759234672,-0.0542204235576751,-0.0151789766001488,-0.00225683408503898,-2.71264788576911e-07,340.160299740141,1.02067379040152
"q_values[20,4,6]",0.166338885422822,0.0169608697423103,0.288797456417856,9.49426566853148e-07,0.00788559445479952,0.0525350052160546,0.182624671986478,1.02648945642256,289.928220572271,1.02380323129697
"q_values[20,4,7]",0,NA,0,0,0,0,0,0,NA,NA
"q_values[20,4,8]",-0.0713389668389573,0.00805447010763445,0.163580646068587,-0.522946965612463,-0.0601864425517709,-0.0156820974546573,-0.00226824251265754,-2.71264954147782e-07,412.467647889475,1.01740001018311
"q_values[20,5,1]",0.100682592502927,0.0095826067232372,0.147887896617916,6.78161686292407e-07,0.00562241520650487,0.0370744034328265,0.125001005350048,0.561177268188459,238.175965635971,1.02822874341753
"q_values[20,5,2]",0.0780871801594395,0.00821012687476479,0.147755803967076,4.06897155270219e-07,0.00338334757858177,0.0226839773452995,0.0803096624128863,0.504435110152181,323.883901108562,1.02158756118829
"q_values[20,5,3]",-0.0475253958350921,0.00484596278351724,0.0825135589765303,-0.293282701835017,-0.0521784777104223,-0.0150100014903013,-0.00225302698708558,-2.71264733386613e-07,289.928220572271,1.02380323129697
"q_values[20,5,4]",-0.0411530463616477,0.00475404598740073,0.0998814313303378,-0.314947886830985,-0.0320730154657139,-0.00800854431910733,-0.00113792335074375,-1.3563253226418e-07,441.410599548729,1.01636795115517
"q_values[20,5,5]",0,NA,0,0,0,0,0,0,NA,NA
"q_values[20,5,6]",0,NA,0,0,0,0,0,0,NA,NA
"q_values[20,5,7]",0.0901310244985718,0.00903051404752961,0.150844348344034,5.42529411582942e-07,0.00450225402412978,0.0298531414679963,0.102403797655627,0.537820993948809,279.018591028111,1.02478116845927
"q_values[20,5,8]",0.11881348958773,0.0121149069587931,0.206283897441326,6.78161833466535e-07,0.00563256746771394,0.0375250037257533,0.130446194276056,0.733206754587541,289.928220572272,1.02380323129697
"q_values[21,1,1]",-0.235484784172929,0.0145682062694778,0.244826470921545,-0.902626358193976,-0.339931114364563,-0.163115544788182,-0.0505715328900737,-7.46037148546205e-06,282.425938742775,1.01925519967902
"q_values[21,1,2]",0.514861967248655,0.0314429378024594,0.523662493728873,1.67858280146756e-05,0.113428559054999,0.363342809073015,0.749251191888604,1.92768759845605,277.368224082692,1.01973169967056
"q_values[21,1,3]",0.0428270272096338,0.00503858946435364,0.13956290485346,-0.0157881850446656,-0.0124276715851737,-0.00291416030275411,0.024177389129573,0.460876655080132,767.223774297747,1.0065552130181
"q_values[21,1,4]",-0.246090967208092,0.0139370375792096,0.221285622121817,-0.795679668083409,-0.374667154342567,-0.192078004950626,-0.0620628262812216,-9.32543913451536e-06,252.095707920666,1.02251387333273
"q_values[21,1,5]",0,NA,0,0,0,0,0,0,NA,NA
"q_values[21,1,6]",-0.173423894198535,0.012066740820257,0.221138042583643,-0.818355157125748,-0.231767306504826,-0.0965807690223843,-0.0267807330096445,-3.73021879261192e-06,335.851237453984,1.01560286281389
"q_values[21,1,7]",0.400448196748954,0.0244556182908017,0.407293050678012,1.30556440114143e-05,0.0882222125983326,0.282599962612345,0.58275092702447,1.49931257657693,277.368224082694,1.01973169967056
"q_values[21,1,8]",0,NA,0,0,0,0,0,0,NA,NA
"q_values[21,2,1]",0,NA,0,0,0,0,0,0,NA,NA
"q_values[21,2,2]",0,NA,0,0,0,0,0,0,NA,NA
"q_values[21,2,3]",-0.203103633168202,0.0118172270926551,0.191992614321681,-0.69615148069028,-0.30238641126905,-0.153797029693833,-0.0496325062440587,-7.46035061186979e-06,263.959855365475,1.02104952463538
"q_values[21,2,4]",0.397739893437064,0.0226514791856808,0.360717110002542,1.49207047025884e-05,0.099395826035999,0.308302719041106,0.603625797729884,1.30061325759489,253.594803811662,1.02231915454667
"q_values[21,2,5]",0.286034426249253,0.0174682987791441,0.290923607627152,9.3254600081531e-06,0.0630158661416662,0.201857116151675,0.416250662160336,1.0709375546978,277.368224082692,1.01973169967056
"q_values[21,2,6]",-0.400448196748954,0.0244556182908017,0.407293050678012,-1.49931257657693,-0.58275092702447,-0.282599962612345,-0.0882222125983326,-1.30556440114143e-05,277.368224082694,1.01973169967056
"q_values[21,2,7]",0.144991683055445,0.00812721331069382,0.12838201648631,5.59526208913341e-06,0.0371741597780366,0.114594862223639,0.222028058751022,0.459057275075753,249.531322570981,1.0228634107848
"q_values[21,2,8]",0.0838208999176302,0.00283471577210469,0.0687717562907049,2.36788572236371e-09,0.0292762347327666,0.0890732313814903,0.143325147465956,0.167246125576707,588.574159052716,1.01316284107898
"q_values[21,3,1]",-0.0526953434889776,0.00207815625076867,0.0955158948906274,-0.12201207124023,-0.107075569317523,-0.0696057620924949,-0.0197548815032939,0.160304432349537,2112.49116957443,1.00126289230859
"q_values[21,3,2]",-0.166028784269188,0.00682159939126972,0.120490803252656,-0.343267970129608,-0.276878333258952,-0.164521703332603,-0.0570525948120191,-2.94911467442424e-06,311.98619452298,1.02236528084706
"q_values[21,3,3]",0.457655081998804,0.0279492780466306,0.465477772203443,1.4920736013045e-05,0.100825385826666,0.32297138584268,0.666001059456537,1.71350008751649,277.368224082693,1.01973169967056
"q_values[21,3,4]",0,NA,0,0,0,0,0,0,NA,NA
"q_values[21,3,5]",-0.191592385270132,0.0122512161878996,0.211283647707853,-0.78019147612588,-0.270542151205086,-0.12600382529153,-0.038286039615222,-5.59528644171066e-06,297.422188606596,1.01802180332967
"q_values[21,3,6]",-0.134385500020281,0.00875144628710308,0.153347591301428,-0.566003965186319,-0.187292018773019,-0.0856324020611946,-0.0256828663868887,-3.73019444008005e-06,307.039502869173,1.01733978773077
"q_values[21,3,7]",0,NA,0,0,0,0,0,0,NA,NA
"q_values[21,3,8]",0.514861967248655,0.0314429378024594,0.523662493728873,1.67858280146756e-05,0.113428559054999,0.363342809073015,0.749251191888604,1.92768759845605,277.368224082692,1.01973169967056
"q_values[21,4,1]",-0.286034426249253,0.0174682987791441,0.290923607627152,-1.0709375546978,-0.416250662160336,-0.201857116151675,-0.0630158661416662,-9.32546000815304e-06,277.368224082692,1.01973169967056
"q_values[21,4,2]",0.0305928705820709,0.00401703191081218,0.116922667058065,-0.0180528105662443,-0.0147074794144278,-0.00523766765452637,0.010893191960163,0.378950170367339,847.201786776691,1.005868316094
"q_values[21,4,3]",0,NA,0,0,0,0,0,0,NA,NA
"q_values[21,4,4]",0.171620655749552,0.0104809792674864,0.174554164576291,5.59527600489186e-06,0.0378095196849997,0.121114269691005,0.249750397296201,0.642562532818683,277.368224082694,1.01973169967056
"q_values[21,4,5]",0.137626489178753,0.00907764035928277,0.162334642504894,3.73019444009955e-06,0.0256888720502157,0.0858298003926379,0.189022935082557,0.595482397662334,319.798536840989,1.01652125625304
"q_values[21,4,6]",-0.464312325172331,0.0285412955449227,0.477534798826163,-1.75937640195222,-0.672931644092832,-0.324601237709522,-0.100984225803407,-1.49207394919845e-05,279.938534303989,1.01948904999375
"q_values[21,4,7]",-0.178277898923078,0.0110750189810597,0.186661295271264,-0.688438847254415,-0.256680981932496,-0.122744121557847,-0.0379683596617405,-5.59527948383144e-06,284.066219728193,1.01910406716241
"q_values[21,4,8]",0,NA,0,0,0,0,0,0,NA,NA
"q_values[21,5,1]",0.171620655749552,0.0104809792674864,0.174554164576291,5.59527600489186e-06,0.0378095196849997,0.121114269691005,0.249750397296201,0.642562532818683,277.368224082694,1.01973169967056
"q_values[21,5,2]",-0.286034426249253,0.0174682987791441,0.290923607627152,-1.0709375546978,-0.416250662160336,-0.201857116151675,-0.0630158661416662,-9.32546000815304e-06,277.368224082692,1.01973169967056
"q_values[21,5,3]",0,NA,0,0,0,0,0,0,NA,NA
"q_values[21,5,4]",0.464312325172331,0.0285412955449227,0.477534798826163,1.49207394919846e-05,0.100984225803407,0.324601237709522,0.672931644092832,1.75937640195222,279.938534303989,1.01948904999375
"q_values[21,5,5]",0.292691669422779,0.018061447289948,0.302999152166197,9.32546348709271e-06,0.0631747061184069,0.203486968018517,0.42318124679663,1.11681386913354,281.43475638858,1.01934769903576
"q_values[21,5,6]",0,NA,0,0,0,0,0,0,NA,NA
"q_values[21,5,7]",-0.190869476540639,0.0107557987232033,0.171519458474301,-0.614224995977486,-0.28910221409964,-0.150603125403965,-0.0493168281783528,-7.46034365399706e-06,254.297131102413,1.02214696716024
"q_values[21,5,8]",0.115136679229194,0.00845183504376261,0.161040327964175,1.86512679097483e-06,0.0141755578935356,0.0561435463482349,0.14794020196958,0.594341502027516,363.050691407905,1.01427266202462
"q_values[22,1,1]",0,NA,0,0,0,0,0,0,NA,NA
"q_values[22,1,2]",-0.302887873213882,0.01517960339209,0.263657927364137,-0.925743783644999,-0.453808847365831,-0.24480643959211,-0.0895522020668179,-7.55728901657805e-05,301.689932786578,1.02393677434122
"q_values[22,1,3]",-0.239904637751847,0.0138386081300773,0.261369826541979,-0.911723690215169,-0.34539645949765,-0.158254917514995,-0.0497098116541341,-3.77900150930657e-05,356.718863960972,1.01969122399922
"q_values[22,1,4]",-0.312965322434277,0.0159128875424583,0.278851496235667,-0.979306380706072,-0.466680253991143,-0.248552076680929,-0.0900534282038241,-7.55732471715208e-05,307.07748219888,1.02343544345581
"q_values[22,1,5]",-0.615853195648159,0.031092588255636,0.542471093458633,-1.90505016435107,-0.920489101356974,-0.493358516273039,-0.179605630270642,-0.000151146137337301,304.39635697839,1.02368192514004
"q_values[22,1,6]",0,NA,0,0,0,0,0,0,NA,NA
"q_values[22,1,7]",0.454331809820823,0.022769405088135,0.395486891046205,0.000113359335248672,0.134328303100227,0.367209659388165,0.680713271048747,1.3886156754675,301.689932786578,1.02393677434122
"q_values[22,1,8]",0.113652679865029,0.00305142840233089,0.112190320163265,-0.0587339853583981,0.0573150833589681,0.142409445017986,0.190251332290659,0.207443097369727,1351.77498749285,1.00139007962329
"q_values[22,2,1]",0,NA,0,0,0,0,0,0,NA,NA
"q_values[22,2,2]",-0.322140601042065,0.0150073576161672,0.254039275128367,-0.881412032663663,-0.488843533331116,-0.281622502061831,-0.108521441909435,-9.44636137210181e-05,286.545284840644,1.02572160737953
"q_values[22,2,3]",0.439356735140741,0.0201291926470662,0.330797849134622,0.000132249344738454,0.152205318383876,0.394700535486826,0.678322823262399,1.13798824782909,270.067697335314,1.02691477342576
"q_values[22,2,4]",0.227165904910411,0.0113847025440675,0.197743445523103,5.66796676243358e-05,0.0671641515501134,0.183604829694083,0.340356635524373,0.694307837733749,301.689932786578,1.02393677434122
"q_values[22,2,5]",-0.454331809820823,0.022769405088135,0.395486891046205,-1.3886156754675,-0.680713271048747,-0.367209659388165,-0.134328303100227,-0.000113359335248671,301.689932786578,1.02393677434122
"q_values[22,2,6]",0,NA,0,0,0,0,0,0,NA,NA
"q_values[22,2,7]",0.268377872404597,0.0158505755756115,0.305490252594993,3.77910861035402e-05,0.0512022685295332,0.169262589757273,0.382550389310959,1.06001517108152,371.453659039509,1.01887619137961
"q_values[22,2,8]",0.398764739958142,0.0204408495667927,0.360046186792411,9.4466826718707e-05,0.112942704857535,0.313499323667775,0.593003872457912,1.26430492367839,310.254827167176,1.02315064184581
"q_values[22,3,1]",-0.00137939944281839,0.00159444283330421,0.0669485099636565,-0.172272209943602,0.00039077643820668,0.0169678130841235,0.0283758368569058,0.0317167251926667,1763.04714443357,1.00366440890553
"q_values[22,3,2]",0.302887873213882,0.01517960339209,0.263657927364137,7.5572890165781e-05,0.0895522020668179,0.24480643959211,0.453808847365831,0.925743783644999,301.689932786578,1.02393677434122
"q_values[22,3,3]",-0.227165904910411,0.0113847025440675,0.197743445523103,-0.694307837733749,-0.340356635524373,-0.183604829694083,-0.0671641515501134,-5.66796676243353e-05,301.689932786578,1.02393677434122
"q_values[22,3,4]",0,NA,0,0,0,0,0,0,NA,NA
"q_values[22,3,5]",-0.136186663625839,0.00814240487635847,0.161578476467099,-0.552811528277686,-0.190680651593328,-0.0836754324309385,-0.0253954073387416,-1.88953645758873e-05,393.787231791841,1.01778607955107
"q_values[22,3,6]",-0.156721275632244,0.00804842209783846,0.143103742072295,-0.500060822773096,-0.231285293870794,-0.123090936868589,-0.0448097656402675,-3.77864451031309e-05,316.140758749717,1.02264523417953
"q_values[22,3,7]",0,NA,0,0,0,0,0,0,NA,NA
"q_values[22,3,8]",-0.398764739958142,0.0204408495667927,0.360046186792411,-1.26430492367839,-0.593003872457912,-0.313499323667775,-0.112942704857535,-9.44668267187063e-05,310.254827167176,1.02315064184581
"q_values[22,4,1]",0.227165904910411,0.0113847025440675,0.197743445523103,5.66796676243358e-05,0.0671641515501134,0.183604829694083,0.340356635524373,0.694307837733749,301.689932786578,1.02393677434122
"q_values[22,4,2]",-0.530053778124293,0.0265643059361575,0.461401372887239,-1.62005162137875,-0.794165482890204,-0.428411269286193,-0.156716353616931,-0.000132252557790116,301.689932786577,1.02393677434122
"q_values[22,4,3]",0,NA,0,0,0,0,0,0,NA,NA
"q_values[22,4,4]",0.0476284472163368,0.00151007212301876,0.0639823710067824,-0.0767314345818393,0.0242910577319911,0.0633096265755627,0.0863049185607825,0.0940623116652709,1795.25142049755,0.999495618502796
"q_values[22,4,5]",-0.322185829258843,0.0180665539836939,0.334326356006248,-1.17192961255376,-0.468799497839167,-0.222743686453485,-0.0725766452366057,-5.66835946267574e-05,342.444805886442,1.0206269772795
"q_values[22,4,6]",0.28763060023278,0.01577823765095,0.291163222758024,5.6681809658778e-05,0.0701715083721506,0.206078652226993,0.417585075276244,1.01568342010019,340.530526067231,1.02076619777308
"q_values[22,4,7]",-0.0909792412845726,0.00302705131822425,0.0572342594858563,-0.1663923448419,-0.143574211307025,-0.0976353154510355,-0.0402832169303034,-1.95068036284949e-05,357.497137648925,1.02401405341812
"q_values[22,4,8]",0,NA,0,0,0,0,0,0,NA,NA
"q_values[22,5,1]",-0.0298526340955681,0.00333215564235729,0.109846137188903,-0.320563690809955,-0.0237523908490929,0.00689976802567477,0.0188168817618157,0.0229764708527879,1086.72340593688,1.00730671554538
"q_values[22,5,2]",0,NA,0,0,0,0,0,0,NA,NA
"q_values[22,5,3]",-0.014975074680082,0.0024450337820489,0.0920799112140465,-0.250627427638406,-0.00239044778634745,0.0124425119027495,0.0239823893302969,0.0277382104206694,1418.27372032542,1.00532538439785
"q_values[22,5,4]",-0.277553151012385,0.0150467708011266,0.275320910314474,-0.962120823039114,-0.404713668650932,-0.202333015138175,-0.0696702822351444,-5.66814526530372e-05,334.804882183387,1.02117713498125
"q_values[22,5,5]",0,NA,0,0,0,0,0,0,NA,NA
"q_values[22,5,6]",-0.397907797562314,0.0218631058025365,0.399714017726167,-1.40336555846501,-0.582251709680625,-0.283945296351513,-0.0949646957533102,-7.55768171682026e-05,334.252793074542,1.02121365540571
"q_values[22,5,7]",-0.454331809820823,0.022769405088135,0.395486891046205,-1.3886156754675,-0.680713271048747,-0.367209659388165,-0.134328303100227,-0.000113359335248671,301.689932786578,1.02393677434122
"q_values[22,5,8]",0.227165904910411,0.0113847025440675,0.197743445523103,5.66796676243358e-05,0.0671641515501134,0.183604829694083,0.340356635524373,0.694307837733749,301.689932786578,1.02393677434122
"q_values[23,1,1]",0.137819156721371,0.00805547088432088,0.189122670252172,1.3462049769433e-05,0.0146632625712252,0.0676170376112594,0.190041558230792,0.646613031903586,551.195061341512,1.01313905039678
"q_values[23,1,2]",-0.0400300643298613,0.00287922031731522,0.160952363405847,-0.145827439213835,-0.125083381283436,-0.069855256503964,-0.0096718689312385,0.371952260824206,3124.96328965416,1.00219138383954
"q_values[23,1,3]",-0.156863732079489,0.00927988368261491,0.215696023535667,-0.745137142399091,-0.217774367582915,-0.0736050901629906,-0.0150503854846131,-1.34624121879613e-05,540.255519061864,1.01321924600361
"q_values[23,1,4]",-0.409414938766638,0.0232795205930735,0.471029161399117,-1.6414844212461,-0.61203190650945,-0.245292658657289,-0.0572355598285364,-5.38469305579959e-05,409.399704998447,1.01635343035145
"q_values[23,1,5]",-0.336734942249533,0.0187092530888922,0.345275790297818,-1.19512970512935,-0.525676718568713,-0.228916757992397,-0.0562468991252311,-5.38460244933795e-05,340.580168579967,1.01883078306941
"q_values[23,1,6]",0,NA,0,0,0,0,0,0,NA,NA
"q_values[23,1,7]",0,NA,0,0,0,0,0,0,NA,NA
"q_values[23,1,8]",0.25255120668715,0.0140319398166692,0.258956842723363,4.03845183700346e-05,0.0421851743439233,0.171687568494298,0.394257538926535,0.896347278847012,340.580168579965,1.01883078306941
"q_values[23,2,1]",-0.0987197348658043,0.00559100363129402,0.111376875966762,-0.388053369505688,-0.148690217230326,-0.0605043696310776,-0.0142594569219688,-1.34616873362681e-05,396.835499401066,1.01674832092782
"q_values[23,2,2]",0,NA,0,0,0,0,0,0,NA,NA
"q_values[23,2,3]",0,NA,0,0,0,0,0,0,NA,NA
"q_values[23,2,4]",0.757653620061449,0.0420958194500077,0.77687052817009,0.000121153555110104,0.12655552303177,0.515062705482894,1.1827726167796,2.68904183654103,340.580168579965,1.01883078306941
"q_values[23,2,5]",0.0363026207615838,0.00433018185161168,0.213933440212144,-0.0677554780782239,-0.0554740222445526,-0.0224669827933067,-5.96654672189173e-06,0.634808927850657,2440.87241326591,1.00438544371122
"q_values[23,2,6]",-0.260947930480346,0.0159258615172434,0.383884628511243,-1.33519489553939,-0.355055663678451,-0.101582224121861,-0.016807731102738,-1.34640430847555e-05,581.02601081853,1.01236935009124
"q_values[23,2,7]",0.673469884499065,0.0374185061777845,0.690551580595635,0.000107692048986759,0.112493798250462,0.457833515984795,1.05135343713743,2.3902594102587,340.580168579967,1.01883078306941
"q_values[23,2,8]",-0.267087205990571,0.0149449349564322,0.283707124111324,-0.985618222070362,-0.411528576514682,-0.174962748627276,-0.0423829064845844,-4.03846995829579e-05,360.373148697038,1.01803199900746
"q_values[23,3,1]",0.505102413374299,0.0280638796333384,0.517913685446726,8.07690367400693e-05,0.0843703486878467,0.343375136988596,0.78851507785307,1.79269455769402,340.580168579965,1.01883078306941
"q_values[23,3,2]",-0.420918677811916,0.0233865663611153,0.431594737872272,-1.49391213141169,-0.657095898210891,-0.286145947490497,-0.0703086239065389,-6.73075306167243e-05,340.580168579965,1.01883078306941
"q_values[23,3,3]",-0.197439469731609,0.011182007262588,0.222753751933524,-0.776106739011376,-0.297380434460651,-0.121008739262155,-0.0285189138439377,-2.69233746725363e-05,396.835499401066,1.01674832092782
"q_values[23,3,4]",0,NA,0,0,0,0,0,0,NA,NA
"q_values[23,3,5]",0,NA,0,0,0,0,0,0,NA,NA
"q_values[23,3,6]",0.134476682305129,0.00784918380563429,0.180345476259263,1.34620497669936e-05,0.0146604821152472,0.0674296017065176,0.187771802956068,0.619940439919854,527.911968067675,1.01353513601496
"q_values[23,3,7]",-0.272916267342697,0.0146367796500589,0.251467614487339,-0.846212189675371,-0.437938779962895,-0.21057772852772,-0.0550799694731114,-5.38449372329157e-05,295.1705702473,1.02138839119842
"q_values[23,3,8]",0.394878939463217,0.0223640145251761,0.445507503867047,5.38467493450727e-05,0.0570378276878754,0.24201747852431,0.594760868921303,1.55221347802275,396.835499401066,1.01674832092782
"q_values[23,4,1]",0,NA,0,0,0,0,0,0,NA,NA
"q_values[23,4,2]",0,NA,0,0,0,0,0,0,NA,NA
"q_values[23,4,3]",0.254727579464936,0.0141436872264878,0.272575118869233,4.03843371693084e-05,0.0420013444831527,0.169349567885029,0.388335277712006,0.940439295542323,371.404475464931,1.01777908683464
"q_values[23,4,4]",0.449990676418758,0.0252125332834883,0.481166419426362,6.7307893042571e-05,0.070704088187861,0.292696307756453,0.691637973387186,1.67245401785839,364.214852054649,1.01788609223935
"q_values[23,4,5]",-0.673469884499065,0.0374185061777845,0.690551580595635,-2.3902594102587,-1.05135343713743,-0.457833515984795,-0.112493798250462,-0.000107692048986759,340.580168579967,1.01883078306941
"q_values[23,4,6]",-0.757653620061449,0.0420958194500077,0.77687052817009,-2.68904183654103,-1.1827726167796,-0.515062705482894,-0.12655552303177,-0.000121153555110104,340.580168579965,1.01883078306941
"q_values[23,4,7]",0.197439469731609,0.011182007262588,0.222753751933524,2.69233746725363e-05,0.0285189138439377,0.121008739262155,0.297380434460651,0.776106739011376,396.835499401066,1.01674832092782
"q_values[23,4,8]",0.217339932570083,0.0131645827158135,0.304733870683172,1.34634994459856e-05,0.0162145346807548,0.091756683722926,0.303242550914009,1.06738206586934,535.830290758954,1.01308719645693
"q_values[23,5,1]",-0.336734942249533,0.0187092530888922,0.345275790297818,-1.19512970512935,-0.525676718568713,-0.228916757992397,-0.0562468991252311,-5.38460244933795e-05,340.580168579967,1.01883078306941
"q_values[23,5,2]",-0.180416883492303,0.0108126793744657,0.243058475042164,-0.852914420166749,-0.255968948699015,-0.0823060151334748,-0.0156268991707278,-1.34629558120946e-05,505.306502858883,1.01368723612368
"q_values[23,5,3]",0,NA,0,0,0,0,0,0,NA,NA
"q_values[23,5,4]",-0.458462155205893,0.0244533962366997,0.39496531924331,-1.28612873946601,-0.764494919201921,-0.371127705289891,-0.0966524842032049,-9.42289119471045e-05,260.879261325096,1.02315619642699
"q_values[23,5,5]",0.481084664144412,0.0278343418983015,0.577497080660036,5.38481990265041e-05,0.0585946607093611,0.266531996445461,0.712501372153968,2.02632769595597,430.464826931473,1.01561560685015
"q_values[23,5,6]",0.589286148936682,0.0327411929055615,0.604232633021181,9.42305428634142e-05,0.0984320734691545,0.400604326486695,0.919934257495248,2.09147698397636,340.580168579966,1.01883078306941
"q_values[23,5,7]",-0.113255734169225,0.00650897980501538,0.137073388303004,-0.477324312729039,-0.165961254818473,-0.0637795497640558,-0.0144571890626299,-1.34618685491914e-05,443.486544955704,1.01537874599051
"q_values[23,5,8]",0,NA,0,0,0,0,0,0,NA,NA
"q_values[24,1,1]",-0.0140369706570805,0.00226059284244694,0.110834276399724,-0.0678181917293158,-0.0584496143255915,-0.0314065084373561,-0.00402829768075858,0.219909977996769,2403.82852342325,1.00619765527621
"q_values[24,1,2]",0,NA,0,0,0,0,0,0,NA,NA
"q_values[24,1,3]",-0.0739698649018258,0.00368166365201951,0.0635553865060526,-0.196758597995309,-0.123434606218885,-0.0619794547244704,-0.0148088197059097,-9.22146290658707e-06,298.000167798276,1.01868715700501
"q_values[24,1,4]",0.478045511489982,0.0291031965997793,0.542400284306472,4.7435861028698e-05,0.0685733636004756,0.305930226638778,0.691587135124138,1.92639668172006,347.34290391086,1.02149249467779
"q_values[24,1,5]",0,NA,0,0,0,0,0,0,NA,NA
"q_values[24,1,6]",0.0314786911580514,0.0041600014104892,0.13513483628752,-0.0180475268676809,-0.0140283085497887,-0.00467492256244652,0.00355614082535041,0.378332689172309,1055.23134679108,1.01187255914499
"q_values[24,1,7]",0.42492934354665,0.0258695080886927,0.482133586050197,4.21652098032871e-05,0.0609541009782005,0.271937979234469,0.614744120110345,1.71235260597339,347.342903910861,1.02149249467779
"q_values[24,1,8]",-0.167297212394554,0.00903869931337084,0.154992400943736,-0.531279081256202,-0.265706355277247,-0.127880678128626,-0.0300706765483983,-2.10824103852442e-05,294.041705735186,1.02144970208575
"q_values[24,2,1]",0.265580839716656,0.016168442555433,0.301333491281373,2.63532561270544e-05,0.0380963131113753,0.169961237021543,0.384215075068966,1.07022037873337,347.34290391086,1.02149249467779
"q_values[24,2,2]",0.104371889414623,0.00637685053155401,0.121039443597102,1.05412746633509e-05,0.0151822411371232,0.0669861302952832,0.149596166644476,0.421498981416132,360.281002141339,1.02137222166157
"q_values[24,2,3]",0,NA,0,0,0,0,0,0,NA,NA
"q_values[24,2,4]",0.12063353864819,0.00636049581710005,0.108558874246551,1.58117869478905e-05,0.0223822337399177,0.0949129357069555,0.194630463397408,0.361478348410244,291.30552347316,1.02087666230864
"q_values[24,2,5]",-0.0872390854002072,0.00615821702091299,0.129838345933685,-0.449707874185639,-0.110457124126415,-0.0407679772666489,-0.00796581383020334,-5.27081795316679e-06,444.524773022745,1.01908787453175
"q_values[24,2,6]",-0.106232335886663,0.00646737702217318,0.120533396512549,-0.428088151493347,-0.153686030027586,-0.0679844948086173,-0.0152385252445501,-1.05413024508217e-05,347.342903910861,1.02149249467779
"q_values[24,2,7]",-0.0079487085645598,0.00117742754903821,0.0580667296295318,-0.035654237743954,-0.0305592255804994,-0.016429922742582,-0.00232030757455849,0.106660403959777,2432.12755197191,1.00573628392465
"q_values[24,2,8]",0,NA,0,0,0,0,0,0,NA,NA
"q_values[24,3,1]",-0.265580839716656,0.016168442555433,0.301333491281373,-1.07022037873337,-0.384215075068966,-0.169961237021543,-0.0380963131113753,-2.63532561270541e-05,347.34290391086,1.02149249467779
"q_values[24,3,2]",0.106232335886663,0.00646737702217318,0.120533396512549,1.05413024508218e-05,0.0152385252445501,0.0679844948086173,0.153686030027586,0.428088151493347,347.342903910861,1.02149249467779
"q_values[24,3,3]",0.0171328040144163,0.000564257941291056,0.0233098134881774,-0.0282088927695067,0.00423641814776099,0.0199801060745738,0.0337849041735594,0.0392868430407092,1706.56265289426,1.00314589209935
"q_values[24,3,4]",-0.33805449025089,0.0210863703947658,0.402213195867349,-1.42170923149709,-0.478772637520466,-0.207419903635255,-0.0458897359939512,-3.1623990716636e-05,363.838764275603,1.02112944276814
"q_values[24,3,5]",0,NA,0,0,0,0,0,0,NA,NA
"q_values[24,3,6]",0,NA,0,0,0,0,0,0,NA,NA
"q_values[24,3,7]",-0.0273061911554619,0.000998629206266297,0.028025314968245,-0.0623585854800924,-0.0493380431600193,-0.0268739470641937,-0.00632261347200943,-3.66842808040306e-07,787.576007666836,1.00484138176621
"q_values[24,3,8]",-0.0577082156682596,0.00370874264980978,0.0751791367161762,-0.253269831341808,-0.0786580007765856,-0.0341493559607758,-0.00762103193494844,-5.270651225997e-06,410.904853960402,1.02018186644069
"q_values[24,4,1]",0,NA,0,0,0,0,0,0,NA,NA
"q_values[24,4,2]",0.173330158869182,0.012193902534295,0.255688715086444,1.05416359061872e-05,0.0159311853322383,0.081496677394181,0.220460501812132,0.889609309472494,439.680983638532,1.01918088880504
"q_values[24,4,3]",-0.478045511489982,0.0291031965997793,0.542400284306472,-1.92639668172006,-0.691587135124138,-0.305930226638778,-0.0685733636004756,-4.74358610286975e-05,347.34290391086,1.02149249467779
"q_values[24,4,4]",0,NA,0,0,0,0,0,0,NA,NA
"q_values[24,4,5]",-0.0367831734237867,0.00461647970449213,0.145321654473673,-0.414341175945875,-0.00900724353055476,0.00353657124705641,0.0130242087436514,0.0168395574733085,990.920483839174,1.01225309516514
"q_values[24,4,6]",0.0868748532957605,0.00479763870992247,0.082981587075551,1.05412190866507e-05,0.0150643649842493,0.0645180755992136,0.135971482589879,0.290073008388295,299.16335397327,1.02178020408121
"q_values[24,4,7]",0.180202200788488,0.0101501103250558,0.17752339410499,2.10824659613584e-05,0.0301867833885989,0.130191624268228,0.27784781432566,0.627101674624943,305.893085229895,1.02193498580007
"q_values[24,4,8]",-0.42492934354665,0.0258695080886927,0.482133586050197,-1.71235260597339,-0.614744120110345,-0.271937979234469,-0.0609541009782005,-4.21652098032866e-05,347.342903910861,1.02149249467779
"q_values[24,5,1]",-0.0102447324270239,0.000988922936094436,0.0488122359356317,-0.0364222973750901,-0.0311826006287694,-0.0173011070779702,-0.00261936981736016,0.0870475261622097,2436.30975628054,1.00515849599003
"q_values[24,5,2]",0.212464671773325,0.0129347540443464,0.241066793025099,2.10826049016436e-05,0.0304770504891002,0.135968989617235,0.307372060055172,0.856176302986694,347.342903910861,1.02149249467779
"q_values[24,5,3]",0.0610648765078911,0.00253771450276031,0.0546921231920553,2.9205531652294e-06,0.0137711586632678,0.0567591727744701,0.106627218432485,0.142417041520037,464.476818204754,1.00948375351766
"q_values[24,5,4]",-0.157416712071976,0.0108488286546663,0.224283518418939,-0.781583849151794,-0.204107193696519,-0.0781480896021276,-0.0157583520564425,-1.05415525424556e-05,427.394590214021,1.01949418607701
"q_values[24,5,5]",0.318697007659988,0.0194021310665195,0.361600189537648,3.16239073524653e-05,0.0457155757336504,0.203953484425852,0.461058090082759,1.28426445448004,347.34290391086,1.02149249467779
"q_values[24,5,6]",0.278485828110591,0.0172909782082614,0.328345553653824,2.63533117031685e-05,0.0382124199515759,0.172272183161146,0.39602477336077,1.16185023007807,360.597866010733,1.02120341678205
"q_values[24,5,7]",0,NA,0,0,0,0,0,0,NA,NA
"q_values[24,5,8]",0,NA,0,0,0,0,0,0,NA,NA
"q_values[25,1,1]",-0.165408333828481,0.012296796638616,0.218039599777369,-0.775293101095967,-0.228611827411323,-0.0855779341348094,-0.0190353134307838,-2.00645002186969e-05,314.403064657772,1.02281925237958
"q_values[25,1,2]",-0.0840749370506043,0.00503163390016668,0.0835880096588087,-0.243063161110404,-0.144780929793937,-0.0621630773525676,-0.0146763441890244,-8.43093364853187e-06,275.975100071695,1.0235385490797
"q_values[25,1,3]",0.0564778235176286,0.00453871824587047,0.103889654307101,4.01304497853375e-06,0.00393706510132786,0.0197119660046693,0.0637725335941843,0.341622388356398,523.935897690735,1.01616991419351
"q_values[25,1,4]",0,NA,0,0,0,0,0,0,NA,NA
"q_values[25,1,5]",0,NA,0,0,0,0,0,0,NA,NA
"q_values[25,1,6]",0.0661633335313923,0.00491871865544642,0.0872158399109478,8.02580008747877e-06,0.00761412537231351,0.0342311736539238,0.0914447309645292,0.310117240438387,314.403064657772,1.02281925237958
"q_values[25,1,7]",-0.0812715686200752,0.00612741970797887,0.0877119294459373,-0.319067980068685,-0.124507917690327,-0.0495891002294862,-0.0113342254941294,-1.20386035076772e-05,204.909489275241,1.02785930890411
"q_values[25,1,8]",-0.14144375825913,0.0106556954052099,0.158896788641915,-0.582947695458953,-0.21188752010692,-0.0832343871329435,-0.0189193633449959,-2.0064371387309e-05,222.365109589507,1.02697948007387
"q_values[25,2,1]",0,NA,0,0,0,0,0,0,NA,NA
"q_values[25,2,2]",-0.117218431974102,0.00892072470270943,0.180666663433223,-0.609434914885341,-0.149710326925096,-0.0531044207322851,-0.0115081506228112,-1.2038796754759e-05,410.162332296497,1.01905497773696
"q_values[25,2,3]",-0.231571667359873,0.0172155152940625,0.305255439688317,-1.08541034153435,-0.320056558375852,-0.119809107788733,-0.0266494388030973,-2.80903003061756e-05,314.403064657772,1.02281925237958
"q_values[25,2,4]",-0.0182267270068219,0.0010064475175638,0.0165812648383915,-0.0467241737212829,-0.0323786677282816,-0.0148931120128127,-0.00361387987996525,-1.02558801389607e-06,271.426999595118,1.02375681063443
"q_values[25,2,5]",0.114353235385771,0.00860410993501588,0.129796355478635,1.60515035514166e-05,0.0151412881802861,0.0667046870564481,0.170346231450756,0.475975426649013,227.568996733131,1.02672777396381
"q_values[25,2,6]",0.132326667062785,0.00983743731089284,0.174431679821896,1.60516001749575e-05,0.015228250744627,0.0684623473078476,0.182889461929058,0.620234480876774,314.403064657772,1.02281925237958
"q_values[25,2,7]",0.0428975521372984,0.00176205763739185,0.0778943295152283,8.61538720619489e-09,0.00909900063195772,0.0407062434930782,0.0856666943705153,0.11571649341316,1954.21105807303,1.00389229187837
"q_values[25,2,8]",0,NA,0,0,0,0,0,0,NA,NA
"q_values[25,3,1]",0.297735000891265,0.022134233949509,0.392471279599265,3.61161003936545e-05,0.0342635641754108,0.154040281442657,0.411501289340382,1.39552758197274,314.40306465777,1.02281925237958
"q_values[25,3,2]",-0.135322239008953,0.0100959327773007,0.182436525714308,-0.644277656581401,-0.184980000342109,-0.0687552906830808,-0.0152427445053505,-1.6051616278881e-05,326.535712194518,1.02224349844494
"q_values[25,3,3]",-0.12563672899519,0.0097111877945588,0.198133793864643,-0.675782804499412,-0.157307802971764,-0.0542360830338263,-0.0115656842343649,-1.2038861169936e-05,416.267405172434,1.0188715779273
"q_values[25,3,4]",0.264653334125569,0.0196748746217857,0.348863359643791,3.21032003499151e-05,0.030456501489254,0.136924694615695,0.365778923858117,1.24046896175355,314.403064657772,1.02281925237958
"q_values[25,3,5]",-0.102240572243257,0.00763640285092515,0.138847244215446,-0.489219036362207,-0.139257634859844,-0.0516397038561189,-0.0114356818191937,-1.20387162351416e-05,330.59544593995,1.02205864537057
"q_values[25,3,6]",-0.0650190405106867,0.00533217729953791,0.128303255956571,-0.410023813819724,-0.0699485641326437,-0.020585782230445,-0.00398049120458079,-4.01309329023957e-06,578.983506209674,1.01494340557237
"q_values[25,3,7]",0,NA,0,0,0,0,0,0,NA,NA
"q_values[25,3,8]",0,NA,0,0,0,0,0,0,NA,NA
"q_values[25,4,1]",-0.0374137352482103,0.00280502120109206,0.0580434061698748,-0.190286100875484,-0.0480996579973901,-0.0174235719019671,-0.00382172198363284,-4.01291614785674e-06,428.187006503954,1.01848482657732
"q_values[25,4,2]",0,NA,0,0,0,0,0,0,NA,NA
"q_values[25,4,3]",0,NA,0,0,0,0,0,0,NA,NA
"q_values[25,4,4]",-0.135322239008953,0.0100959327773007,0.182436525714308,-0.644277656581401,-0.184980000342109,-0.0687552906830808,-0.0152427445053505,-1.6051616278881e-05,326.535712194518,1.02224349844494
"q_values[25,4,5]",-0.234567239306042,0.0174743724721133,0.313235502735999,-1.10945351723898,-0.322147096788903,-0.120102051163966,-0.0266639325638208,-2.80903164100991e-05,321.320757957092,1.02248637248587
"q_values[25,4,6]",-0.0117289924548668,0.00213473690896501,0.0929292568415907,-0.203535479500953,0.000214302734324896,0.00542338379604948,0.0126183682610138,0.01579844748948,1895.03052631862,1.00522963354988
"q_values[25,4,7]",0.0661633335313923,0.00491871865544642,0.0872158399109478,8.02580008747877e-06,0.00761412537231351,0.0342311736539238,0.0914447309645292,0.310117240438387,314.403064657772,1.02281925237958
"q_values[25,4,8]",-0.0992450002970884,0.00737807798316965,0.130823759866422,-0.46517586065758,-0.137167096446794,-0.0513467604808857,-0.0114211880584703,-1.20387001312181e-05,314.40306465777,1.02281925237958
"q_values[25,5,1]",-0.0462775311147468,0.00362458219517725,0.0775938530055923,-0.260362092140109,-0.0557927187447497,-0.0185602481034322,-0.00387931077410405,-4.0129805630983e-06,458.288257851187,1.01769753848251
"q_values[25,5,2]",-0.0992450002970884,0.00737807798316965,0.130823759866422,-0.46517586065758,-0.137167096446794,-0.0513467604808857,-0.0114211880584703,-1.20387001312181e-05,314.40306465777,1.02281925237958
"q_values[25,5,3]",0,NA,0,0,0,0,0,0,NA,NA
"q_values[25,5,4]",-0.036077238711865,0.00271726874499269,0.0517629592113407,-0.17910179592382,-0.047812903895315,-0.0174085302021951,-0.00382155644688024,-4.01291614766286e-06,362.888333152605,1.0207054417944
"q_values[25,5,5]",0.165408333828481,0.012296796638616,0.218039599777369,2.00645002186969e-05,0.0190353134307838,0.0855779341348094,0.228611827411323,0.775293101095967,314.403064657772,1.02281925237958
"q_values[25,5,6]",0,NA,0,0,0,0,0,0,NA,NA
"q_values[25,5,7]",-0.234567239306042,0.0174743724721133,0.313235502735999,-1.10945351723898,-0.322147096788903,-0.120102051163966,-0.0266639325638208,-2.80903164100991e-05,321.320757957092,1.02248637248587
"q_values[25,5,8]",0.0348636621474898,0.00257938961924929,0.051583917285317,4.0129000439979e-06,0.00380728340182688,0.0171356424266578,0.0461047042850315,0.169971026821412,399.939908975399,1.01934544309631
"q_values[26,1,1]",0,NA,0,0,0,0,0,0,NA,NA
"q_values[26,1,2]",0,NA,0,0,0,0,0,0,NA,NA
"q_values[26,1,3]",-0.120953027652354,0.0151810016348236,0.280120314737892,-0.907972095728326,-0.0953540153500092,-0.0190920975274048,-0.0027584082330577,-2.04827160787973e-07,340.477452792214,1.01943777635771
"q_values[26,1,4]",-0.0235479772865814,0.00265960416234496,0.0449828535165652,-0.129104937136478,-0.026858405990042,-0.00613195179715862,-0.000914431318981554,-6.82756922897884e-08,286.061884631621,1.02271079136114
"q_values[26,1,5]",-0.0943072673419353,0.0100283457626812,0.148031437875545,-0.557684179931292,-0.111974998184139,-0.0247561487385379,-0.00366275154647308,-2.73102797132018e-07,217.896029411291,1.03092382260547
"q_values[26,1,6]",0.240980577550687,0.028007991819298,0.470392645042225,5.46205650209784e-07,0.00733559264044592,0.0499806857798935,0.234237622772363,1.616952819429,282.070133031137,1.02360682557086
"q_values[26,1,7]",0.271103149744523,0.0315089907967103,0.529191725672503,6.14481356486008e-07,0.00825254172050166,0.0562282715023801,0.263517325618909,1.81907192185762,282.070133031136,1.02360682557086
"q_values[26,1,8]",-0.159340534780316,0.0189104653154123,0.32697643549626,-1.09230053936429,-0.148113118633408,-0.0313159933295697,-0.00458642699152866,-3.41378540705404e-07,298.970597601258,1.0221902897546
"q_values[26,2,1]",-0.175947310112307,0.0191321555119985,0.290790755854767,-1.08801360811569,-0.198099502323095,-0.0434208411888617,-0.00641191719539034,-4.77929906636395e-07,231.011387225592,1.02909288460868
"q_values[26,2,2]",-0.120490288775344,0.014003995909649,0.235196322521113,-0.808476409714496,-0.117118811386182,-0.0249903428899467,-0.00366779632022296,-2.7310282510489e-07,282.070133031137,1.02360682557086
"q_values[26,2,3]",0,NA,0,0,0,0,0,0,NA,NA
"q_values[26,2,4]",-0.0213948983826998,0.00219689708145507,0.0319222666192803,-0.116646889297712,-0.026787541511931,-0.00610385252441383,-0.000901125268958513,-4.49241216479123e-08,211.138784633902,1.03227742318034
"q_values[26,2,5]",-0.0596025042638391,0.00817537064581432,0.166769108986726,-0.487653065030297,-0.0360126123288369,-0.00655862529905148,-0.000923671590221619,-6.82757435733839e-08,416.117819584905,1.01579974266253
"q_values[26,2,6]",0.117193378138749,0.013642487023197,0.231201892311245,2.73102815780603e-07,0.00366611858380696,0.0249134974647907,0.115529715105932,0.768057528776335,287.207429409408,1.02308222200115
"q_values[26,2,7]",0.210858005356852,0.0245069928418858,0.411593564411947,4.77929943933561e-07,0.00641864356039018,0.0437331000574068,0.204957919925818,1.41483371700037,282.070133031137,1.02360682557086
"q_values[26,2,8]",0,NA,0,0,0,0,0,0,NA,NA
"q_values[26,3,1]",-0.168068208591452,0.0203369536457005,0.360772519929116,-1.17400556658546,-0.149827723034088,-0.0313940580467059,-0.00458810858277862,-3.41378550029694e-07,314.698811173049,1.02100736611143
"q_values[26,3,2]",0.158717121022418,0.0198913489476772,0.366665903847186,2.73102876388488e-07,0.00367703813339661,0.0254175041086317,0.126323220973149,1.18353899612152,339.79155547572,1.01946161730513
"q_values[26,3,3]",0.210858005356852,0.0245069928418858,0.411593564411947,4.77929943933561e-07,0.00641864356039018,0.0437331000574068,0.204957919925818,1.41483371700037,282.070133031137,1.02360682557086
"q_values[26,3,4]",-0.15061286096918,0.0175049948870613,0.293995403151391,-1.01059551214312,-0.146398514232727,-0.0312379286124334,-0.0045847454002787,-3.41378531381113e-07,282.070133031137,1.02360682557086
"q_values[26,3,5]",0,NA,0,0,0,0,0,0,NA,NA
"q_values[26,3,6]",0,NA,0,0,0,0,0,0,NA,NA
"q_values[26,3,7]",-0.048220559939941,0.0052371833088635,0.0815532595335652,-0.282114296697915,-0.0552557050121608,-0.0123402613026811,-0.00183053883244552,-1.36551393903865e-07,242.486238759447,1.02763151098454
"q_values[26,3,8]",0.0126672245715637,0.00136650637636292,0.036655965404464,4.60517757303012e-10,0.000778131416154836,0.00553030066348174,0.0230443820008959,0.0616064163239769,719.558319539706,1.010055832579
"q_values[26,4,1]",0.166519317079533,0.0189549576142246,0.311279307631366,4.09654214346614e-07,0.00549749589897709,0.0372920595508518,0.171567417446175,1.06625265131503,269.683805809451,1.02469554376416
"q_values[26,4,2]",0,NA,0,0,0,0,0,0,NA,NA
"q_values[26,4,3]",0.0388502460049721,0.00494218197214733,0.0930513951012765,6.82757156005138e-08,0.000918630671305701,0.00632565043962295,0.0309943072472261,0.283824129649795,354.493530129115,1.01847204689807
"q_values[26,4,4]",-0.19382694387972,0.0231183580172283,0.402430283465192,-1.3352721554035,-0.178250123680294,-0.0376026114106245,-0.00550421686720938,-4.09654251643771e-07,303.017240616817,1.0218743103125
"q_values[26,4,5]",-0.180735433163016,0.0210059938644735,0.352794483781669,-1.21271461457174,-0.175678217079272,-0.0374855143349201,-0.00550169448033444,-4.09654237657335e-07,282.070133031137,1.02360682557086
"q_values[26,4,6]",0.240980577550687,0.028007991819298,0.470392645042225,5.46205650209784e-07,0.00733559264044592,0.0499806857798935,0.234237622772363,1.616952819429,282.070133031137,1.02360682557086
"q_values[26,4,7]",0,NA,0,0,0,0,0,0,NA,NA
"q_values[26,4,8]",-0.0453863881803567,0.00621515630190564,0.124789997306396,-0.341191101773582,-0.0319018126957391,-0.00636517051498321,-0.000919473008864265,-6.82757202626592e-08,403.13958159579,1.01576550025606
"q_values[26,5,1]",0.271103149744523,0.0315089907967103,0.529191725672503,6.14481356486008e-07,0.00825254172050166,0.0562282715023801,0.263517325618909,1.81907192185762,282.070133031136,1.02360682557086
"q_values[26,5,2]",-0.0388310196390371,0.00520226211432833,0.10254797110642,-0.276000533065615,-0.030237411543231,-0.00628759351463905,-0.00091779295954789,-6.82757109383692e-08,388.570373052446,1.0162705467391
"q_values[26,5,3]",-0.0729123689592355,0.00783770046143893,0.117146288097822,-0.442947252843532,-0.0844098997382747,-0.0185866277331875,-0.0027474840576673,-2.04827100180086e-07,223.398236597917,1.0301039398851
"q_values[26,5,4]",0,NA,0,0,0,0,0,0,NA,NA
"q_values[26,5,5]",0,NA,0,0,0,0,0,0,NA,NA
"q_values[26,5,6]",-0.150188574824039,0.0163082509519983,0.247329365501803,-0.926747019297649,-0.16967710167689,-0.0372122878249431,-0.00549580891095958,-4.09654205022318e-07,230.004638847438,1.02922128064501
"q_values[26,5,7]",-0.132032907980129,0.0147600384837593,0.236730500642037,-0.823281035275821,-0.141430412399289,-0.031005441469797,-0.00457970602329637,-3.41378503408243e-07,257.237010332288,1.02596795679653
"q_values[26,5,8]",0.240980577550687,0.028007991819298,0.470392645042225,5.46205650209784e-07,0.00733559264044592,0.0499806857798935,0.234237622772363,1.616952819429,282.070133031137,1.02360682557086
"q_values[27,1,1]",-0.0848463394269444,0.00721216443284928,0.109739335532272,-0.408238869948409,-0.121436361224711,-0.0367766853056445,-0.00563496513647718,-1.32320432382636e-06,231.522611683726,1.02671882931308
"q_values[27,1,2]",-0.220251546441137,0.0196454244269398,0.362335397881391,-1.34533757061496,-0.262209775819766,-0.0751413716400012,-0.0113058804787579,-2.64641061738407e-06,340.172103907509,1.0196026379818
"q_values[27,1,3]",0.0176366630287786,0.00109280811052241,0.0599243720076554,-0.0405663892868996,0.0018693436318198,0.0144858646531701,0.0432663210804776,0.0722683724735697,3006.90123697566,1.00106890362996
"q_values[27,1,4]",-0.148892520433988,0.013318270612357,0.262128377473126,-0.953957176375197,-0.168178232858541,-0.0473162463924923,-0.00707416423384672,-1.65400707358312e-06,387.375730807296,1.01784202572377
"q_values[27,1,5]",0,NA,0,0,0,0,0,0,NA,NA
"q_values[27,1,6]",0.0675562327092906,0.00525529938546854,0.0802159136376399,7.10212474207813e-07,0.00526960161376339,0.0350592272461372,0.109993868196173,0.254908493715336,232.984025398723,1.0259300911306
"q_values[27,1,7]",-0.192720103135995,0.0171897463735723,0.317043473146218,-1.17717037428809,-0.229433553842295,-0.065748700185001,-0.00989264541891318,-2.31560929021106e-06,340.172103907508,1.0196026379818
"q_values[27,1,8]",0,NA,0,0,0,0,0,0,NA,NA
"q_values[27,2,1]",-0.165188659830853,0.0147340683202048,0.271751548411044,-1.00900317796122,-0.196657331864824,-0.0563560287300009,-0.00847941035906844,-1.98480796303805e-06,340.172103907509,1.0196026379818
"q_values[27,2,2]",-0.0625859917648161,0.00590717717058398,0.156840362291431,-0.521288728702102,-0.0474992545905472,-0.0106203255798636,-0.00144117092797149,-3.30802859185948e-07,704.945723794803,1.01110316486801
"q_values[27,2,3]",0,NA,0,0,0,0,0,0,NA,NA
"q_values[27,2,4]",0.0825943299154265,0.00736703416010241,0.135875774205522,9.92403981519025e-07,0.00423970517953422,0.0281780143650004,0.0983286659324121,0.50450158898061,340.172103907509,1.0196026379818
"q_values[27,2,5]",0.0022520095115179,0.000917431516153564,0.052114503643908,-0.0863554918400364,0.00060375503182769,0.00601729128005193,0.0175434696417565,0.027628025893492,3226.78404675331,1.00072069389733
"q_values[27,2,6]",0,NA,0,0,0,0,0,0,NA,NA
"q_values[27,2,7]",0.0284801133538749,0.00253313275704657,0.0494600287979446,3.30801327173081e-07,0.00141324070496781,0.00939432874085731,0.0328466437077107,0.177678896153033,381.235055094529,1.01813110017882
"q_values[27,2,8]",-0.142718052014298,0.0124612338778572,0.204694328661805,-0.782760788479525,-0.188063085922449,-0.0556502504950176,-0.00846343248982242,-1.9848070876019e-06,269.82956048404,1.02360024491658
"q_values[27,3,1]",0.0541514007306804,0.00480822734337467,0.0899382347351659,6.61602544916642e-07,0.00282448417627986,0.0187004352023417,0.0646190066726245,0.327077493620854,349.879688064544,1.01929612859185
"q_values[27,3,2]",0.137657216525711,0.0122783902668374,0.22645962367587,1.65400663586504e-06,0.0070661752992237,0.0469633572750007,0.163881109887353,0.84083598163435,340.172103907508,1.0196026379818
"q_values[27,3,3]",-0.0550628866102843,0.00491135610673494,0.0905838494703479,-0.33633439265374,-0.0655524439549414,-0.0187853429100003,-0.00282647011968948,-6.61602654346016e-07,340.172103907509,1.0196026379818
"q_values[27,3,4]",0,NA,0,0,0,0,0,0,NA,NA
"q_values[27,3,5]",0,NA,0,0,0,0,0,0,NA,NA
"q_values[27,3,6]",-0.0382099307478682,0.00313067810329817,0.0463372729562203,-0.159766926123816,-0.058826545879844,-0.0180993481951825,-0.00272696594584358,-4.9226705016622e-07,219.070606582691,1.02778498455891
"q_values[27,3,7]",0.0719158424727005,0.0064482312586712,0.145630009555061,6.6160331092313e-07,0.002838453521624,0.0193146765862377,0.0719981284117227,0.506016184765011,510.059154768033,1.014691670712
"q_values[27,3,8]",-0.0630603267891825,0.00595855663310817,0.159279208608433,-0.526044578615183,-0.0475344654556671,-0.0106211542227922,-0.00144117375053302,-3.30802859185985e-07,714.555613711055,1.01097681929954
"q_values[27,4,1]",0,NA,0,0,0,0,0,0,NA,NA
"q_values[27,4,2]",-0.0876551654040138,0.00751860485445315,0.116532844328536,-0.443494022995132,-0.122510641967508,-0.0368649075850174,-0.00563696237013294,-1.32320443325588e-06,240.227195993842,1.02592732875905
"q_values[27,4,3]",-0.0719158424727005,0.0064482312586712,0.145630009555061,-0.506016184765011,-0.0719981284117227,-0.0193146765862377,-0.002838453521624,-6.6160331092313e-07,510.059154768033,1.014691670712
"q_values[27,4,4]",0.0438647668711356,0.0037735590913317,0.0600102209316055,6.61602107198639e-07,0.00281650088677991,0.0183492033707073,0.0603923054316769,0.22346799870617,252.89959918472,1.02513412932178
"q_values[27,4,5]",0.0695441673508688,0.00626876458478255,0.134299829754507,6.61603310922949e-07,0.00283843940881634,0.0193105333715948,0.0718220740861227,0.482236935199604,458.972856953126,1.01574350735743
"q_values[27,4,6]",-0.137657216525711,0.0122783902668374,0.22645962367587,-0.840835981634349,-0.163881109887353,-0.0469633572750007,-0.0070661752992237,-1.65400663586504e-06,340.172103907508,1.0196026379818
"q_values[27,4,7]",-0.192720103135995,0.0171897463735723,0.317043473146218,-1.17717037428809,-0.229433553842295,-0.065748700185001,-0.00989264541891318,-2.31560929021106e-06,340.172103907508,1.0196026379818
"q_values[27,4,8]",0,NA,0,0,0,0,0,0,NA,NA
"q_values[27,5,1]",0.24778298974628,0.0221011024803072,0.407627322616565,2.97721194455707e-06,0.0127191155386027,0.0845340430950013,0.294985997797236,1.51350476694183,340.172103907508,1.0196026379818
"q_values[27,5,2]",0,NA,0,0,0,0,0,0,NA,NA
"q_values[27,5,3]",-0.0438275827020069,0.00375930242722658,0.0582664221642681,-0.221747011497566,-0.0612553209837538,-0.0184324537925087,-0.00281848118506647,-6.61602216627941e-07,240.227195993842,1.02592732875905
"q_values[27,5,4]",0.220251546441137,0.0196454244269398,0.362335397881391,2.64641061738407e-06,0.0113058804787579,0.0751413716400012,0.262209775819766,1.34533757061496,340.172103907509,1.0196026379818
"q_values[27,5,5]",-0.0647474067322212,0.0049131086879286,0.0786460094750461,-0.239681772573538,-0.108051968506347,-0.034316119884086,-0.00512757523850429,-3.42453253821369e-07,256.23629087374,1.02357141539507
"q_values[27,5,6]",-0.0685502000300797,0.00593569938925376,0.0946592273189195,-0.363100095554551,-0.0929572622184276,-0.0277369029681359,-0.00422971901125545,-9.9240343437143e-07,254.320936323494,1.02477106170023
"q_values[27,5,7]",0,NA,0,0,0,0,0,0,NA,NA
"q_values[27,5,8]",-0.00782436419360024,0.00150305883518642,0.0857231399776828,-0.0564935774390178,-0.036013702955366,-0.012645698240477,-0.00131417839247731,0.139420034288503,3252.70127222913,1.00046332680455
"q_values[28,1,1]",-0.194341066291638,0.0161058555725524,0.277668437715437,-0.977769005101593,-0.256435831488197,-0.0911694835371907,-0.017489995105208,-7.98343549085653e-06,297.225066523069,1.02595456027394
"q_values[28,1,2]",0,NA,0,0,0,0,0,0,NA,NA
"q_values[28,1,3]",0.282854046977267,0.0231419030330237,0.392155518922615,1.19751479241524e-05,0.026209550301129,0.136068497825362,0.379324592253444,1.39461797782278,287.156415602434,1.02662024563056
"q_values[28,1,4]",-0.130717693197587,0.0119623420455746,0.231509797062056,-0.767551116785751,-0.150637093781984,-0.0485251255279826,-0.00885502548531553,-3.99174076464802e-06,374.546994095618,1.0218307705035
"q_values[28,1,5]",0,NA,0,0,0,0,0,0,NA,NA
"q_values[28,1,6]",0.157141137209593,0.0128566127961243,0.21786417717923,6.65285995786242e-06,0.014560861278405,0.0755936099029788,0.210735884585246,0.774787765457099,287.156415602434,1.02662024563056
"q_values[28,1,7]",-0.0559628582498939,0.00436613126165262,0.0706315082711894,-0.252762842291018,-0.079264677464345,-0.0295655395870419,-0.00579900094560415,-2.66113867102184e-06,261.699796281765,1.02840238865508
"q_values[28,1,8]",-0.0371999290820452,0.00324552751326733,0.0603444630166875,-0.202981239644494,-0.0456999469029502,-0.0155758736342119,-0.00292913382680303,-1.33057553299416e-06,345.703887900439,1.02324137938659
"q_values[28,2,1]",0,NA,0,0,0,0,0,0,NA,NA
"q_values[28,2,2]",-0.0356370451316669,0.00307646795112842,0.058078982426908,-0.190131845821299,-0.0441481708668231,-0.0153576651371098,-0.00292072713443591,-1.33057376229039e-06,356.396316652381,1.02271933765771
"q_values[28,2,3]",0.216344823063153,0.018620479380117,0.335026167530153,7.98345142723297e-06,0.0175660998956755,0.0931955639893456,0.271749469554281,1.1603882462304,323.724630221137,1.02440346440734
"q_values[28,2,4]",0,NA,0,0,0,0,0,0,NA,NA
"q_values[28,2,5]",-0.0227706749817286,0.00156978942675314,0.0237558702387748,-0.0793730643479457,-0.03652002052055,-0.0144086338510859,-0.00286937567020977,-1.06430299800024e-06,229.012448243949,1.02921357866052
"q_values[28,2,6]",-0.19402493471286,0.014975484301521,0.236210577282661,-0.868596282151104,-0.279042773482791,-0.103773871422897,-0.0203088787197179,-9.31398800460972e-06,248.792296885438,1.02938195441709
"q_values[28,2,7]",-0.157141137209593,0.0128566127961243,0.21786417717923,-0.774787765457099,-0.210735884585246,-0.0755936099029788,-0.014560861278405,-6.65285995786236e-06,287.156415602434,1.02662024563056
"q_values[28,2,8]",0.251425819535348,0.0205705804737989,0.348582683486769,1.06445759325799e-05,0.023297378045448,0.120949775844766,0.337177415336394,1.23966042473136,287.156415602434,1.02662024563056
"q_values[28,3,1]",0.21999759209343,0.017999257914574,0.305009848050923,9.31400394100739e-06,0.020385205789767,0.10583105386417,0.295030238419345,1.08470287163994,287.156415602433,1.02662024563056
"q_values[28,3,2]",0,NA,0,0,0,0,0,0,NA,NA
"q_values[28,3,3]",0,NA,0,0,0,0,0,0,NA,NA
"q_values[28,3,4]",-0.0942846823257556,0.00771396767767457,0.130718506307538,-0.464872659274259,-0.126441530751148,-0.0453561659417872,-0.00873651676704301,-3.99171597471742e-06,287.156415602434,1.02662024563056
"q_values[28,3,5]",-0.0429716307221718,0.00394175476472062,0.0778909872808039,-0.251004926197568,-0.0492527168888511,-0.0160330252878281,-0.00294609539792506,-1.33057907441585e-06,390.476781260039,1.0210842642851
"q_values[28,3,6]",0.125386980514022,0.0113240960143207,0.216152740391289,3.99173722322872e-06,0.00883808861192479,0.0480714296509351,0.147159193448358,0.723248246717124,364.346335473161,1.02232629036372
"q_values[28,3,7]",-0.0461834107958874,0.00326578089271564,0.0485547236664452,-0.17159873512266,-0.0724586161016409,-0.0286650593860841,-0.00576517659428529,-2.6611315881879e-06,221.04916876548,1.03142644795519
"q_values[28,3,8]",0.0997402523871044,0.00727753077093929,0.109828900996979,4.8958141016506e-06,0.0115242547649591,0.0583532489353481,0.152083616623927,0.395469933682036,227.753560407633,1.0306391975026
"q_values[28,4,1]",0.0112272717014754,0.000688949480330512,0.0342746792372009,-0.0131253498443397,0.00216452887196415,0.0114982451304066,0.0258778342129604,0.0355983366259084,2474.98199806164,1.00308522559302
"q_values[28,4,2]",-0.0368837975032673,0.00205455451652726,0.0435079435972505,-0.110004080089055,-0.0657900237375907,-0.0267661998838512,-0.00540420308823822,-4.86548814938631e-07,448.437347074743,1.01517170277138
"q_values[28,4,3]",-0.157141137209593,0.0128566127961243,0.21786417717923,-0.774787765457099,-0.210735884585246,-0.0755936099029788,-0.014560861278405,-6.65285995786236e-06,287.156415602434,1.02662024563056
"q_values[28,4,4]",0.0628564548838371,0.00514264511844972,0.0871456708716922,2.66114398314497e-06,0.005824344511362,0.0302374439611915,0.0842943538340986,0.30991510618284,287.156415602434,1.02662024563056
"q_values[28,4,5]",0.0467394594553584,0.00441778824826118,0.091419333922082,1.33058084513142e-06,0.00295462557894867,0.0162685126677735,0.0511788411863505,0.282458402443,428.219375940608,1.01954944827764
"q_values[28,4,6]",0,NA,0,0,0,0,0,0,NA,NA
"q_values[28,4,7]",0,NA,0,0,0,0,0,0,NA,NA
"q_values[28,4,8]",-0.0907179254684374,0.00733309791933958,0.123833637895558,-0.435453055143423,-0.123263109026619,-0.0449162931710143,-0.00871967868457747,-3.99171243330751e-06,285.168988127042,1.02671312888248
"q_values[28,5,1]",-0.177227033247126,0.0141498653577124,0.234266012574749,-0.835731817556966,-0.244525224103465,-0.0895936431855147,-0.0174308024904,-7.98342309589712e-06,274.103105688929,1.02750986288891
"q_values[28,5,2]",0.119615278873895,0.0106289312462103,0.198792123457343,3.99173368180703e-06,0.00882112704080276,0.0476142779973189,0.143606423462457,0.67522456016405,349.799472284142,1.02306251136306
"q_values[28,5,3]",0.0429716307221718,0.00394175476472062,0.0778909872808039,1.33057907441586e-06,0.00294609539792506,0.0160330252878281,0.0492527168888511,0.251004926197568,390.476781260039,1.0210842642851
"q_values[28,5,4]",-0.21999759209343,0.017999257914574,0.305009848050923,-1.08470287163994,-0.295030238419345,-0.10583105386417,-0.020385205789767,-9.31400394100731e-06,287.156415602433,1.02662024563056
"q_values[28,5,5]",0,NA,0,0,0,0,0,0,NA,NA
"q_values[28,5,6]",0.131168479829023,0.00983811242916937,0.151138633800341,6.65284402146483e-06,0.0144845342083559,0.073536427461706,0.194748419648692,0.5546876559898,236.008378800397,1.03028551212333
"q_values[28,5,7]",0.188569364651511,0.0154279353553491,0.261437012615076,7.9834319494349e-06,0.017473033534086,0.0907123318835745,0.252883061502296,0.929745318548518,287.156415602434,1.02662024563056
"q_values[28,5,8]",0,NA,0,0,0,0,0,0,NA,NA
"q_values[29,1,1]",0.302918386938236,0.020182660626748,0.397447141067504,1.19161679531461e-05,0.0271036680709592,0.149552801183776,0.412302615261122,1.4480535500966,387.794744904806,1.02071668285131
"q_values[29,1,2]",0.125106251419305,0.00802006380991264,0.146065301008222,5.95806424865133e-06,0.0134503575937446,0.0717629054610202,0.184488015094984,0.517139796594249,331.6946515281,1.02280769632195
"q_values[29,1,3]",0,NA,0,0,0,0,0,0,NA,NA
"q_values[29,1,4]",0.341470110576688,0.0217549301917504,0.394148050318292,1.58881884271843e-05,0.0359545709546244,0.193812195879472,0.507238455978804,1.40652327854765,328.248973908014,1.02254284522148
"q_values[29,1,5]",-0.366722661349255,0.0251871711758249,0.534713799826767,-1.9622453243185,-0.461324695763683,-0.156247531281499,-0.0273273033991124,-1.19162113546066e-05,450.696304948104,1.01899280930555
"q_values[29,1,6]",-0.403891182584315,0.0269102141689973,0.529929521423338,-1.93073806679547,-0.549736820348163,-0.199403734911701,-0.0361382240946122,-1.58882239375279e-05,387.794744904805,1.02071668285131
"q_values[29,1,7]",0.123716494799062,0.00778938428146171,0.138990031066945,5.95806819419803e-06,0.0134702104177072,0.0722912721331196,0.187263145688624,0.491042424715939,318.391191572418,1.02284102749157
"q_values[29,1,8]",0,NA,0,0,0,0,0,0,NA,NA
"q_values[29,2,1]",0.0163593124935668,0.00161796788540886,0.0956650360017689,-0.218285648907042,0.00293648895909548,0.0268273007555003,0.0590811854371916,0.0785387897419596,3495.96184603415,1.00208419594371
"q_values[29,2,2]",-0.081004240255682,0.00581513094185408,0.141640830640728,-0.502441095168929,-0.088254234449406,-0.0274415671369283,-0.00459908598975904,-1.98604377458167e-06,593.277575323261,1.01641537352806
"q_values[29,2,3]",0.011934674184588,0.0019057077552731,0.0982965712076698,-0.0276930553095226,-0.0216027713627427,-0.00847333553629285,-0.00023166266110255,0.282872529898381,2660.50534212934,1.00631313323475
"q_values[29,2,4]",0.201945591292158,0.0134551070844987,0.264964760711669,7.94411196876405e-06,0.0180691120473061,0.0997018674558504,0.274868410174081,0.965369033397734,387.794744904805,1.02071668285131
"q_values[29,2,5]",-0.100972795646079,0.00672755354224934,0.132482380355835,-0.482684516698867,-0.137434205087041,-0.0498509337279252,-0.00903455602365305,-3.97205598438198e-06,387.794744904805,1.02071668285131
"q_values[29,2,6]",0,NA,0,0,0,0,0,0,NA,NA
"q_values[29,2,7]",0,NA,0,0,0,0,0,0,NA,NA
"q_values[29,2,8]",-0.13952451928453,0.0080461228141248,0.139449794936161,-0.439372753987984,-0.230104503683662,-0.0936696427533397,-0.0175664748619149,-5.43713610150134e-06,300.374074315747,1.0227970418872
"q_values[29,3,1]",0,NA,0,0,0,0,0,0,NA,NA
"q_values[29,3,2]",0,NA,0,0,0,0,0,0,NA,NA
"q_values[29,3,3]",-0.0599100356490921,0.00207391040517818,0.0857116112718297,-0.165598640535926,-0.117672584576173,-0.0541506193507685,-0.00928742721380693,0.0351894781406998,1708.04511517187,1.00279354499279
"q_values[29,3,4]",0.353404784761276,0.0235464373978726,0.463688331245421,1.39021959453371e-05,0.0316209460827857,0.174478268047738,0.481019717804642,1.68939580844603,387.794744904807,1.02071668285131
"q_values[29,3,5]",0.454377580407355,0.030273990940122,0.596170711601255,1.78742519297191e-05,0.0406555021064387,0.224329201775663,0.618453922891683,2.1720803251449,387.794744904806,1.02071668285131
"q_values[29,3,6]",0.229688289962214,0.0157048838673836,0.32885140041408,7.94412775113905e-06,0.0181507356650785,0.102186995914618,0.293756572116019,1.1983533837301,438.459952760144,1.01935188098952
"q_values[29,3,7]",0.186137566806689,0.0128974968946583,0.279309885695268,5.95810370454178e-06,0.013653863557695,0.077882811165348,0.229761510057983,1.01525721296375,468.988021214509,1.01862522073691
"q_values[29,3,8]",-0.171712744724612,0.0122101985107306,0.288527303543189,-1.05512237850385,-0.191178326075086,-0.0571669459403408,-0.00927859725624937,-3.9721033314364e-06,558.378110450954,1.01686905809121
"q_values[29,4,1]",-0.0593587476409939,0.0029945242061066,0.0573841310746333,-0.165649179622244,-0.103912952445033,-0.0449891953986553,-0.00857304054386575,-1.87991108989088e-06,367.221384443824,1.01798257116981
"q_values[29,4,2]",-0.252431989115197,0.0168188838556233,0.331205950889586,-1.20671129174717,-0.343585512717602,-0.124627334319813,-0.0225863900591326,-9.93013996095494e-06,387.794744904806,1.02071668285131
"q_values[29,4,3]",-0.0673969983247044,0.00244763306205007,0.125525082309281,-0.197171554061437,-0.142946591981159,-0.0666263907425386,-0.0108536193603557,0.145340859898632,2630.07666347789,1.0010208838495
"q_values[29,4,4]",0.15700948099429,0.0106162739800531,0.215730808829051,5.9580839766044e-06,0.0135522027557999,0.0748383442202828,0.207449247558458,0.780255748022568,412.933490586338,1.02008881322068
"q_values[29,4,5]",0,NA,0,0,0,0,0,0,NA,NA
"q_values[29,4,6]",0.193073241474203,0.013456331079723,0.29579191848769,5.95810765013553e-06,0.0136742694621381,0.07850409328004,0.234483550543467,1.07350330054684,483.191493997975,1.01830889243054
"q_values[29,4,7]",0.353404784761276,0.0235464373978726,0.463688331245421,1.39021959453371e-05,0.0316209460827857,0.174478268047738,0.481019717804642,1.68939580844603,387.794744904807,1.02071668285131
"q_values[29,4,8]",0,NA,0,0,0,0,0,0,NA,NA
"q_values[29,5,1]",0.149522518318678,0.0106053012060019,0.247176477643769,3.97208360353827e-06,0.00917739735475466,0.0541999085307694,0.170488488485431,0.890407129780501,543.210633672598,1.01718361644685
"q_values[29,5,2]",0.252431989115197,0.0168188838556233,0.331205950889586,9.93013996095506e-06,0.0225863900591326,0.124627334319813,0.343585512717602,1.20671129174717,387.794744904806,1.02071668285131
"q_values[29,5,3]",0,NA,0,0,0,0,0,0,NA,NA
"q_values[29,5,4]",0,NA,0,0,0,0,0,0,NA,NA
"q_values[29,5,5]",-0.201945591292158,0.0134551070844987,0.264964760711669,-0.965369033397734,-0.274868410174081,-0.0997018674558504,-0.0180691120473061,-7.94411196876395e-06,387.794744904805,1.02071668285131
"q_values[29,5,6]",-0.163945155661804,0.0111780562632374,0.231894249663375,-0.838501835605658,-0.212171288043942,-0.0754596263349749,-0.013572608660243,-5.95808792219808e-06,430.375337653056,1.01961749373872
"q_values[29,5,7]",0.0418781554091356,0.00192670732789873,0.108850643581816,-0.181813254402837,0.00680101668652018,0.046099109401822,0.100665418667794,0.136397244728054,3191.76203056171,1.00076449694489
"q_values[29,5,8]",-0.00193667515044033,0.00110586424413808,0.0659561548156658,-0.0356092102742845,-0.0268360007283178,-0.0117523856856915,-0.000935807594619294,0.1663803547322,3557.18969029515,1.00378541720639
"q_values[30,1,1]",0.00224883591182857,0.00113256806668602,0.0580024517574936,-0.101600374476247,0.00211111195914521,0.012849903515419,0.0204202777916013,0.023100793211748,2622.79337762844,1.00310199332165
"q_values[30,1,2]",0,NA,0,0,0,0,0,0,NA,NA
"q_values[30,1,3]",-0.212846847908081,0.0105358459944708,0.226301235767356,-0.791773692952052,-0.304789974884509,-0.14854418257498,-0.0457168582277385,-5.7696903062972e-05,461.354778784085,1.01764172894658
"q_values[30,1,4]",0.170277478326465,0.00842867679557663,0.181040988613885,4.61575224503777e-05,0.0365734865821908,0.118835346059984,0.243831979907607,0.633418954361642,461.354778784089,1.01764172894658
"q_values[30,1,5]",0.263244425383025,0.0122926448125445,0.246898195755965,8.07744658710525e-05,0.0632511903057046,0.200018320735517,0.393263069633438,0.882796752723899,403.408612826106,1.01900130003481
"q_values[30,1,6]",-0.12664329419518,0.00696026603051215,0.176642005699266,-0.581886056918087,-0.164467904953252,-0.069773059667294,-0.0192830786664418,-2.30803591008377e-05,644.074783445165,1.01423145467276
"q_values[30,1,7]",0,NA,0,0,0,0,0,0,NA,NA
"q_values[30,1,8]",0.0309889823521869,0.00127826137203004,0.0252332987311011,1.0776219963442e-05,0.00886822176727533,0.0269491315749321,0.0496496093087979,0.081910748666012,389.680548852584,1.01740127386009
"q_values[30,2,1]",0.383124326234545,0.0189645227900474,0.407342224381242,0.00010385442551335,0.0822903448099293,0.267379528634964,0.548621954792116,1.4251926473137,461.354778784088,1.01764172894658
"q_values[30,2,2]",-0.0260527816539259,0.0014123313591257,0.0731647987480061,-0.063680601044204,-0.0560700991116576,-0.0360950739348524,-0.0103745728645894,0.0646560185047452,2683.68266095977,1.0007351134995
"q_values[30,2,3]",-0.0303401825328902,0.00128860575648288,0.0245229020973361,-0.0818754265028883,-0.0474535606238802,-0.0263357053654414,-0.0088135530455964,-1.15388479919878e-05,362.162595889071,1.02118123407745
"q_values[30,2,4]",0.0271288532757104,0.000952224664305348,0.0229779235471485,7.65411922931681e-06,0.00859288625118244,0.0257165944445339,0.0452863723705461,0.0621401555565128,582.294526288826,1.01127586584046
"q_values[30,2,5]",-0.023268724199234,0.00070004913379411,0.0244985403712902,-0.0497997670480558,-0.0396810194264409,-0.0243583757987693,-0.0081337389772663,-2.89058126940591e-06,1224.68211178973,1.00418286763234
"q_values[30,2,6]",0,NA,0,0,0,0,0,0,NA,NA
"q_values[30,2,7]",0,NA,0,0,0,0,0,0,NA,NA
"q_values[30,2,8]",0.340554956652929,0.0168573535911533,0.36208197722777,9.23150449007553e-05,0.0731469731643816,0.237670692119968,0.487663959815214,1.26683790872328,461.354778784089,1.01764172894658
"q_values[30,3,1]",0,NA,0,0,0,0,0,0,NA,NA
"q_values[30,3,2]",0.0552201998967721,0.00297762727839907,0.075924507490008,1.1539780088037e-05,0.00939570417781135,0.0324091244022895,0.0725586515875008,0.241525465165558,650.164567812644,1.0142878646874
"q_values[30,3,3]",0.255416217489697,0.012643015193365,0.271561482920828,6.92362836755665e-05,0.0548602298732862,0.178253019089976,0.365747969861411,0.950128431542463,461.354778784089,1.01764172894658
"q_values[30,3,4]",-0.127708108744848,0.00632150759668248,0.135780741460414,-0.475064215771231,-0.182873984930705,-0.089126509544988,-0.0274301149366431,-3.46181418377832e-05,461.354778784089,1.01764172894658
"q_values[30,3,5]",-0.135428366897801,0.00684781149650234,0.152480024631803,-0.525216752973226,-0.190305739420677,-0.090891739515978,-0.0275973174284496,-3.46184081526962e-05,495.81802759766,1.01690249602808
"q_values[30,3,6]",0.147008754127231,0.00762406530471714,0.178403305554367,3.46188076250657e-05,0.0278481211661593,0.093539584472463,0.201453371155636,0.600445558776218,547.561089110117,1.01591905903951
"q_values[30,3,7]",-0.0657245155044168,0.00289539325012505,0.05593031133148,-0.194048588277382,-0.10120631354863,-0.0543055333748516,-0.0177904865966145,-2.30779622912058e-05,373.146487916718,1.02036677835886
"q_values[30,3,8]",0,NA,0,0,0,0,0,0,NA,NA
"q_values[30,4,1]",0.297985587071313,0.0147501843922592,0.316821730074299,8.07756642881609e-05,0.0640036015188339,0.207961855604972,0.426705964838312,1.10848317013287,461.354778784083,1.01764172894658
"q_values[30,4,2]",-0.127708108744848,0.00632150759668248,0.135780741460414,-0.475064215771231,-0.182873984930705,-0.089126509544988,-0.0274301149366431,-3.46181418377832e-05,461.354778784089,1.01764172894658
"q_values[30,4,3]",0.0618700149639983,0.00341480494064548,0.0895544474995574,1.15400463998769e-05,0.00956137787506394,0.0341219114424711,0.079537381201832,0.283736081595397,687.768871254789,1.01372315230337
"q_values[30,4,4]",0,NA,0,0,0,0,0,0,NA,NA
"q_values[30,4,5]",0,NA,0,0,0,0,0,0,NA,NA
"q_values[30,4,6]",0.142715724712208,0.00550357692395727,0.113008433454251,4.97030142164019e-05,0.0436745612954719,0.131005993090032,0.232951108897128,0.341238670290227,421.630119327658,1.01580832542576
"q_values[30,4,7]",-0.0983247910212515,0.00512214272738692,0.122458959836559,-0.403851164142046,-0.133743159002223,-0.0621441823826897,-0.018539840220636,-2.30791607021679e-05,571.580995913869,1.01555654021413
"q_values[30,4,8]",0.189578123708847,0.00973563998958716,0.223331770092818,4.61581882376601e-05,0.036991492811707,0.123248420987459,0.262411366132537,0.758800297366628,526.225639239507,1.01630807527717
"q_values[30,5,1]",-0.154842590556617,0.00810152497426153,0.190030320572454,-0.647877641876665,-0.21101541582585,-0.0960038791711184,-0.0280935741229304,-3.46192070866792e-05,550.189441497259,1.0157835457961
"q_values[30,5,2]",-0.170277478326465,0.00842867679557663,0.181040988613885,-0.633418954361642,-0.243831979907607,-0.118835346059984,-0.0365734865821908,-4.61575224503776e-05,461.354778784089,1.01764172894658
"q_values[30,5,3]",0,NA,0,0,0,0,0,0,NA,NA
"q_values[30,5,4]",-0.0193062739184401,0.00258089988912462,0.105013053513612,-0.240145104923997,-0.000626331123117968,0.00575247649518891,0.0125773777193046,0.0148717626262604,1655.55744936591,1.00581942966105
"q_values[30,5,5]",-0.305705845224266,0.0152862305522787,0.333355085872031,-1.15863570733487,-0.434137719328284,-0.209727085575962,-0.0641708040106404,-8.07759306030738e-05,475.568805570814,1.01731883912654
"q_values[30,5,6]",0,NA,0,0,0,0,0,0,NA,NA
"q_values[30,5,7]",0.127708108744848,0.00632150759668248,0.135780741460414,3.46181418377832e-05,0.0274301149366431,0.089126509544988,0.182873984930705,0.475064215771232,461.354778784089,1.01764172894658
"q_values[30,5,8]",-0.147116703867606,0.00678628170150547,0.134999897867291,-0.482961342755659,-0.221536716437691,-0.113539656147014,-0.0360718791067713,-4.61567235056387e-05,395.733770514776,1.01914941424794
"q_values[31,1,1]",-0.124250495886584,0.013025013509417,0.222620094540142,-0.809670135140233,-0.136305163481314,-0.0373539992676063,-0.00628243114754224,-5.07372175237919e-06,292.127445374437,1.01885361868646
"q_values[31,1,2]",0.00656449110408121,0.00182465078769226,0.0830310217823849,-0.0194471369843977,-0.0122619356838179,-0.00411909734365055,-0.000375645398181378,0.157728477639588,2070.71937436003,1.00225421718284
"q_values[31,1,3]",0.126313270169492,0.0139005679042075,0.270590837820164,4.05898975869143e-06,0.00504487218793308,0.0305492009202159,0.117779762904984,0.924190638303661,378.931830205177,1.01446708798392
"q_values[31,1,4]",0,NA,0,0,0,0,0,0,NA,NA
"q_values[31,1,5]",0,NA,0,0,0,0,0,0,NA,NA
"q_values[31,1,6]",-0.175406012592515,0.0176773346404801,0.276729927664304,-1.05946854921627,-0.211399786424941,-0.0592640831737803,-0.0100376809936876,-8.11794553620861e-06,245.063534142123,1.02320551884838
"q_values[31,1,7]",-0.0419019380792937,0.00414678235337648,0.0631325777782342,-0.245200165053391,-0.0522925736774716,-0.0147741611555793,-0.00250823617822358,-2.02948561175231e-06,231.784591362206,1.02499921990538
"q_values[31,1,8]",0.149100595063901,0.0156300162113004,0.267144113448171,6.08846610285505e-06,0.00753891737705069,0.0448247991211276,0.163566196177577,0.971604162168279,292.127445374437,1.01885361868646
"q_values[31,2,1]",0.0702415340865633,0.00785018066400845,0.161071044975618,2.02949796854352e-06,0.00252716939921419,0.0154414135616175,0.0610889840441654,0.53439370385131,420.993750636956,1.01305211019523
"q_values[31,2,2]",0,NA,0,0,0,0,0,0,NA,NA
"q_values[31,2,3]",0,NA,0,0,0,0,0,0,NA,NA
"q_values[31,2,4]",0.035247779544437,0.00395319362848702,0.0838421901277627,1.01474846940833e-06,0.00126280127056621,0.00769405125547225,0.0302336883163348,0.266824545698316,449.80994734072,1.01199741847633
"q_values[31,2,5]",-0.0497001983546338,0.0052100054037668,0.0890480378160569,-0.323868054056093,-0.0545220653925256,-0.0149415997070425,-0.0025129724590169,-2.02948870095168e-06,292.127445374437,1.01885361868646
"q_values[31,2,6]",-0.0147064438125075,0.00122682792584581,0.0171912902882537,-0.0572722687506873,-0.0231148959349179,-0.00712327183374083,-0.00119670359499439,-9.10388833723331e-07,196.358470841397,1.0315820077116
"q_values[31,2,7]",0.0563543568894904,0.00529464930803904,0.0772102315936866,2.93791758569444e-06,0.00367812204795458,0.0219637369218803,0.0762203834283579,0.293091664245755,212.654859070782,1.02892691967274
"q_values[31,2,8]",0.0745502975319506,0.0078150081056502,0.133572056724085,3.04423305142753e-06,0.00376945868852534,0.0224123995605638,0.0817830980887885,0.48580208108414,292.127445374437,1.01885361868646
"q_values[31,3,1]",0.0353374469752125,0.00208449999257783,0.0681401518267831,2.33134122330483e-07,0.00303455968660387,0.0195519458661707,0.0641191982476548,0.142725804661202,1068.56857475241,1.01125846373015
"q_values[31,3,2]",0.0490030749922476,0.0051313805253668,0.0893728625174932,2.02948767122274e-06,0.0025114016335409,0.0148874547230979,0.0538599391498559,0.314630769197119,303.349227312512,1.01781882215017
"q_values[31,3,3]",-0.173950694241218,0.0182350189131838,0.311668132356199,-1.13353818919633,-0.19082722887384,-0.0522955989746488,-0.00879540360655913,-7.10321045333087e-06,292.127445374438,1.01885361868646
"q_values[31,3,4]",0,NA,0,0,0,0,0,0,NA,NA
"q_values[31,3,5]",0.0393025179875136,0.0037772185703204,0.0557739284219152,2.02948458201919e-06,0.00250665741795914,0.0147183483050915,0.0515494097724536,0.215895385302599,218.030995439301,1.0274705697465
"q_values[31,3,6]",-0.198800793418535,0.0208400216150672,0.356192151264228,-1.29547221622437,-0.218088261570103,-0.0597663988281701,-0.0100518898360676,-8.11795480380671e-06,292.127445374437,1.01885361868646
"q_values[31,3,7]",0,NA,0,0,0,0,0,0,NA,NA
"q_values[31,3,8]",0.104599236892828,0.0111050531304406,0.196812420287827,4.05897946136961e-06,0.00502910243856267,0.0299948251150605,0.110530458595087,0.700181367447321,314.096952533065,1.01741107034312
"q_values[31,4,1]",0,NA,0,0,0,0,0,0,NA,NA
"q_values[31,4,2]",-0.0745502975319506,0.0078150081056502,0.133572056724085,-0.48580208108414,-0.0817830980887885,-0.0224123995605638,-0.00376945868852534,-3.04423305142752e-06,292.127445374437,1.01885361868646
"q_values[31,4,3]",0.0994003967092675,0.0104200108075336,0.178096075632114,4.05897740190337e-06,0.00502594491803379,0.029883199414085,0.109044130785051,0.647736108112186,292.127445374437,1.01885361868646
"q_values[31,4,4]",0.0941404848991832,0.0103486699069946,0.199654432045018,3.04424231901727e-06,0.00378365166132842,0.0229113794818672,0.0883094979092541,0.68783505847506,372.210689871968,1.01476442776334
"q_values[31,4,5]",0.0404466197279971,0.00463678813813074,0.104268556834254,1.01475052887458e-06,0.00126595879109508,0.00780567695644775,0.0317200161263709,0.319269805033451,505.675857509808,1.01060652459146
"q_values[31,4,6]",0,NA,0,0,0,0,0,0,NA,NA
"q_values[31,4,7]",-0.00411581006960087,0.00205569322620543,0.101851908735854,-0.0535767570271183,-0.0313407357886083,-0.0105082424492192,-0.0012150487187213,0.140391220010501,2454.83176767438,1.00118958141609
"q_values[31,4,8]",0.0901468180826308,0.00984559698405791,0.191303383543136,3.04423922982626e-06,0.00377893125011198,0.0227472766634903,0.0862420815188965,0.643137859089544,377.538454484385,1.01435075246975
"q_values[31,5,1]",-0.124250495886584,0.013025013509417,0.222620094540142,-0.809670135140233,-0.136305163481314,-0.0373539992676063,-0.00628243114754224,-5.07372175237919e-06,292.127445374437,1.01885361868646
"q_values[31,5,2]",0.0745502975319506,0.0078150081056502,0.133572056724085,3.04423305142753e-06,0.00376945868852534,0.0224123995605638,0.0817830980887885,0.48580208108414,292.127445374437,1.01885361868646
"q_values[31,5,3]",0.109798077076388,0.0117842981235753,0.215942777777428,4.05898152083586e-06,0.00503225995909155,0.030106450816036,0.112016786405123,0.752626626782456,335.791675429531,1.01620878692738
"q_values[31,5,4]",-0.0405362871587725,0.00289733447975733,0.0603639675147402,-0.163164748301481,-0.0671789819173158,-0.0203691621487037,-0.0032954593952671,-8.06416443100158e-07,434.068513298007,1.02014418561989
"q_values[31,5,5]",0.0135623420720241,0.00139023139924441,0.0703951070730814,-0.0439933737445276,0.0015452275297426,0.0116248967804376,0.0357601897490188,0.0681199616809756,2563.95714238892,1.00174493898197
"q_values[31,5,6]",0.0430460398197771,0.00497710973502708,0.114555033478432,1.0147515586077e-06,0.00126753755135952,0.0078614898069355,0.0324631800313889,0.345492434701018,529.753605088515,1.01011017655149
"q_values[31,5,7]",0,NA,0,0,0,0,0,0,NA,NA
"q_values[31,5,8]",0,NA,0,0,0,0,0,0,NA,NA
"q_values[32,1,1]",0.303192462163757,0.0220468391979732,0.429744573248167,8.43752763440676e-06,0.0231655002520634,0.132423228856074,0.399338994079992,1.63766849496056,379.951473710025,1.01929015402899
"q_values[32,1,2]",0,NA,0,0,0,0,0,0,NA,NA
"q_values[32,1,3]",0,NA,0,0,0,0,0,0,NA,NA
"q_values[32,1,4]",0.269504410812229,0.0195971903981984,0.381995176220593,7.50002456391712e-06,0.0205915557796119,0.117709536760955,0.354967994737771,1.45570532885383,379.951473710025,1.01929015402899
"q_values[32,1,5]",-0.171854576476774,0.0125320739171155,0.247629167786172,-0.94292642684803,-0.223823785374536,-0.0737849535758748,-0.0128763475524172,-4.68751623137288e-06,390.443053581522,1.01894147676794
"q_values[32,1,6]",-0.121441931398682,0.00864123971480191,0.160222328961109,-0.60447405177509,-0.168251555810326,-0.0577946008440448,-0.010262771309109,-3.75000788734085e-06,343.79058151793,1.02071246344362
"q_values[32,1,7]",-0.118027611679551,0.00833852126637328,0.151728242179559,-0.571363455460703,-0.166282767146897,-0.0575781077437668,-0.0102561461189493,-3.75000700841616e-06,331.096638389573,1.02129319352631
"q_values[32,1,8]",-0.138166525125245,0.0100823664230859,0.199888290477553,-0.760963260741301,-0.179452786032315,-0.0590712614807554,-0.0103024030799657,-3.75001316088324e-06,393.05176753775,1.01885712640232
"q_values[32,2,1]",0,NA,0,0,0,0,0,0,NA,NA
"q_values[32,2,2]",0.0878620210178433,0.00656989226817635,0.150702420850663,1.87501141452744e-06,0.00518764008586124,0.0307263427919067,0.100554730665019,0.562589910099779,526.167429664794,1.01557569307623
"q_values[32,2,3]",-0.0507596499471836,0.00391994141376513,0.0943516410687348,-0.347516147678664,-0.0542149426593684,-0.0157961575965093,-0.00260707042325004,-9.37507465113103e-07,579.348336264995,1.0142381831217
"q_values[32,2,4]",0,NA,0,0,0,0,0,0,NA,NA
"q_values[32,2,5]",0.134752205406114,0.0097985951990992,0.190997588110296,3.75001228195856e-06,0.010295777889806,0.0588547683804774,0.177483997368885,0.727852664426914,379.951473710025,1.01929015402899
"q_values[32,2,6]",0.0251392746904815,0.00108909459178427,0.0497865628684321,-0.0424117804906538,0.00334733354582845,0.0226944006926155,0.0545799137354578,0.0785325373797192,2089.74399863225,1.00232692671029
"q_values[32,2,7]",-0.0758167383934148,0.00558722354095556,0.11954980374321,-0.448222254379421,-0.0929416481935534,-0.0298699266614907,-0.00516119048383737,-1.87500789883113e-06,457.831468355953,1.01701950722496
"q_values[32,2,8]",-0.101064154054586,0.0073489463993244,0.143248191082722,-0.545889498320186,-0.133112998026664,-0.0441410762853581,-0.00772183341735447,-2.81250921146891e-06,379.951473710025,1.01929015402899
"q_values[32,3,1]",0.0771639160206688,0.00523778782410208,0.0864799954622908,2.81250305899607e-06,0.00767545708623651,0.0425602958793192,0.119253171879623,0.309018193957432,272.606064331266,1.02425931294723
"q_values[32,3,2]",-0.0673761027030572,0.0048992975995496,0.0954987940551482,-0.363926332213457,-0.0887419986844427,-0.0294273841902387,-0.00514788894490298,-1.87500614097927e-06,379.951473710025,1.01929015402899
"q_values[32,3,3]",0.168440256757643,0.012248243998874,0.23874698513787,4.6875153524482e-06,0.0128697223622575,0.0735684604755968,0.221854996711107,0.909815830533643,379.951473710025,1.01929015402899
"q_values[32,3,4]",0.182097535634167,0.0133823137370418,0.274647998229605,4.68751886814697e-06,0.0128962231228963,0.0744344328767088,0.229730151364824,1.04225821579119,421.202035580385,1.0179997357775
"q_values[32,3,5]",-0.0518343141152473,0.00403780035748359,0.098743428689035,-0.359565967370124,-0.0543896574475363,-0.01580252844364,-0.00260710452899335,-9.37507465114752e-07,598.035165756932,1.0137689401621
"q_values[32,3,6]",0,NA,0,0,0,0,0,0,NA,NA
"q_values[32,3,7]",0,NA,0,0,0,0,0,0,NA,NA
"q_values[32,3,8]",0.118027611679551,0.00833852126637328,0.151728242179559,3.75000700841617e-06,0.0102561461189493,0.0575781077437668,0.166282767146897,0.571363455460703,331.096638389573,1.02129319352631
"q_values[32,4,1]",-0.208501801707652,0.0147872331083779,0.265610077877363,-1.008857392232,-0.294846686088114,-0.101263899863612,-0.0179646097858828,-6.56251446202992e-06,322.637809110811,1.0216327573441
"q_values[32,4,2]",0.0972206432221125,0.00737122580061366,0.171539117499443,1.87501493021962e-06,0.00521400442352684,0.031566831804496,0.107731026166065,0.646833016591487,541.560415673967,1.01528120932601
"q_values[32,4,3]",-0.00403383804741326,0.000951711095899467,0.0446325013057316,-0.0280449567277383,-0.0209912502446454,-0.00885782449134585,-0.000993617834367592,0.103982381031294,2199.33905970586,1.00156797898149
"q_values[32,4,4]",-0.168440256757643,0.012248243998874,0.23874698513787,-0.909815830533643,-0.221854996711107,-0.0735684604755968,-0.0128697223622575,-4.68751535244819e-06,379.951473710025,1.01929015402899
"q_values[32,4,5]",0,NA,0,0,0,0,0,0,NA,NA
"q_values[32,4,6]",-0.0268594119132666,0.00184870113633275,0.0312094886459789,-0.115621797780082,-0.0404334220153625,-0.0142807058945634,-0.00256069409213207,-9.37501312640251e-07,284.996738291499,1.02360519223418
"q_values[32,4,7]",0.134752205406114,0.0097985951990992,0.190997588110296,3.75001228195856e-06,0.010295777889806,0.0588547683804774,0.177483997368885,0.727852664426914,379.951473710025,1.01929015402899
"q_values[32,4,8]",0,NA,0,0,0,0,0,0,NA,NA
"q_values[32,5,1]",-0.103213482390713,0.00751242232176003,0.150889560749226,-0.569989137703106,-0.133462427603,-0.0441538179796194,-0.00772190162884109,-2.81250921147221e-06,403.420905337015,1.01853731750088
"q_values[32,5,2]",0.0400615449500092,0.0023828409613856,0.041734458497938,6.68866093385213e-07,0.00480840614253252,0.0268853798167525,0.0691664305302762,0.123300664168401,306.760510407667,1.02022396376415
"q_values[32,5,3]",0.101064154054586,0.0073489463993244,0.143248191082722,2.81250921146892e-06,0.00772183341735447,0.0441410762853581,0.133112998026664,0.545889498320186,379.951473710025,1.01929015402899
"q_values[32,5,4]",0.0261317526142948,0.0017767648872767,0.0310237105383719,9.3750043371968e-07,0.00255415416633064,0.014080139912112,0.038901420322353,0.112755926392218,304.879029445655,1.02277788540847
"q_values[32,5,5]",-0.0507596499471836,0.00391994141376513,0.0943516410687348,-0.347516147678664,-0.0542149426593684,-0.0157961575965093,-0.00260707042325004,-9.37507465113103e-07,579.348336264995,1.0142381831217
"q_values[32,5,6]",0,NA,0,0,0,0,0,0,NA,NA
"q_values[32,5,7]",0,NA,0,0,0,0,0,0,NA,NA
"q_values[32,5,8]",-0.134752205406114,0.0097985951990992,0.190997588110296,-0.727852664426914,-0.177483997368885,-0.0588547683804774,-0.010295777889806,-3.75001228195855e-06,379.951473710025,1.01929015402899
"q_values[33,1,1]",0,NA,0,0,0,0,0,0,NA,NA
"q_values[33,1,2]",0,NA,0,0,0,0,0,0,NA,NA
"q_values[33,1,3]",-0.444479496993739,0.0139960839777134,0.359638232114678,-1.3017813173597,-0.636869538722352,-0.383120905745989,-0.165906524265444,-0.00105181795582218,660.265536126397,1.01031566202832
"q_values[33,1,4]",0.190491212997317,0.00599832170473437,0.154130670906291,0.000450779123923795,0.0711027961137616,0.164194673891138,0.272944088023865,0.557906278868441,660.265536126388,1.01031566202832
"q_values[33,1,5]",0.12308716810936,0.00386264246672189,0.0989302168402445,0.000300496846887374,0.0468800704311193,0.106959424756059,0.175944440920625,0.356647991628828,655.977434754509,1.01038250126209
"q_values[33,1,6]",-0.188426791840142,0.0060041730021581,0.154275537890815,-0.555479995182985,-0.268432020789385,-0.162018884246074,-0.0706076297769885,-0.000450756561648212,660.218582545878,1.01041047524403
"q_values[33,1,7]",0.230516030915506,0.00815863830482236,0.213983109867322,0.000450914599370899,0.0744732037536299,0.182167934656066,0.322609749342817,0.76541263995133,687.897339408145,1.01036227471582
"q_values[33,1,8]",-0.0869693240800219,0.00177296780194285,0.0521668933122221,-0.16595082521312,-0.131220207883029,-0.0910172355495541,-0.0438006804555055,-0.000258092863563856,865.741528833837,1.00700231227527
"q_values[33,2,1]",-0.0936401270663868,0.00215692244751689,0.0587928161071372,-0.196029271303068,-0.140460294423931,-0.094343821986321,-0.0444782020730576,-0.000286105623907831,742.984006555722,1.00832177343429
"q_values[33,2,2]",0.0186440028262275,0.000672765685798115,0.0306917306477609,-0.0432587510425461,0.0105310505217279,0.0270632823273054,0.0342959243887671,0.0364585834322075,2081.20610750295,1.00289506635323
"q_values[33,2,3]",-0.187505515474304,0.00593397920564488,0.152277821803813,-0.549048373217314,-0.267678912192316,-0.161854933482923,-0.0705943161230141,-0.000450756558255091,658.538654217731,1.01038722905897
"q_values[33,2,4]",0,NA,0,0,0,0,0,0,NA,NA
"q_values[33,2,5]",0.126994141998211,0.00399888113648957,0.102753780604194,0.000300519415949197,0.0474018640758411,0.109463115927425,0.181962725349243,0.371937519245627,660.265536126392,1.01031566202832
"q_values[33,2,6]",0.160348156930036,0.00580397724861908,0.152871089710219,0.000300632312155117,0.0502105371090646,0.124440833231532,0.22335077644837,0.544859486814702,693.744127760222,1.01033918606534
"q_values[33,2,7]",0,NA,0,0,0,0,0,0,NA,NA
"q_values[33,2,8]",-0.380982425994634,0.0119966434094687,0.308261341812581,-1.11581255773688,-0.54588817604773,-0.328389347782276,-0.142205592227523,-0.000901558247847586,660.265536126388,1.01031566202832
"q_values[33,3,1]",-0.457821102966469,0.0146999061029037,0.379124648768694,-1.37095010438733,-0.653424759162003,-0.389111992667631,-0.167029993478733,-0.00105186311430455,665.173471975257,1.01034844910726
"q_values[33,3,2]",-0.444479496993739,0.0139960839777134,0.359638232114678,-1.3017813173597,-0.636869538722352,-0.383120905745989,-0.165906524265444,-0.00105181795582218,660.265536126397,1.01031566202832
"q_values[33,3,3]",-0.190518229829097,0.0035153829345463,0.109260021658868,-0.327178528423337,-0.287225970839905,-0.210563125346929,-0.10471537191513,-0.00054209224653899,966.00035122406,1.00475220500842
"q_values[33,3,4]",0.251923862839248,0.00800530373599472,0.205631373452259,0.000601016269622812,0.094308561814909,0.216750442209787,0.359413383464006,0.741448754805799,659.81642677123,1.0103889639953
"q_values[33,3,5]",0,NA,0,0,0,0,0,0,NA,NA
"q_values[33,3,6]",0,NA,0,0,0,0,0,0,NA,NA
"q_values[33,3,7]",0.317485354995528,0.00999720284122393,0.256884451510485,0.000751298539872991,0.118504660189603,0.273657789818563,0.454906813373109,0.929843798114068,660.26553612639,1.01031566202832
"q_values[33,3,8]",-0.267329889969152,0.00870143299551116,0.225067337848518,-0.813043825518884,-0.380480671138138,-0.224917318776493,-0.0959271973649716,-0.000601083990380758,669.026603270083,1.01036452078434
"q_values[33,4,1]",0.0234722530809163,0.000641630878848779,0.0278661558081178,-0.0215376014600751,0.0138230679867067,0.0309292700207932,0.0391351834350157,0.0416353711299712,1886.18205727387,1.00163198451121
"q_values[33,4,2]",-0.253988283996422,0.00799776227297913,0.205507561208388,-0.743875038491254,-0.363925450698487,-0.218926231854851,-0.0948037281516822,-0.00060103883189839,660.265536126392,1.01031566202832
"q_values[33,4,3]",-0.507976567992845,0.0159955245459583,0.411015122416775,-1.48775007698251,-0.727850901396974,-0.437852463709701,-0.189607456303364,-0.00120207766379678,660.265536126392,1.01031566202832
"q_values[33,4,4]",-0.0310373156013394,0.00276711202085388,0.100095841679681,-0.294207411290377,-0.0286641390403451,0.00242128867725346,0.0133295137065523,0.0168494992699878,1308.51465067285,1.0078627000108
"q_values[33,4,5]",0,NA,0,0,0,0,0,0,NA,NA
"q_values[33,4,6]",0,NA,0,0,0,0,0,0,NA,NA
"q_values[33,4,7]",0.0128944762057007,0.000775152629824679,0.0368487068544544,-0.071411522590689,0.00684898311150701,0.0227449682473918,0.0299032631408233,0.0320011015149099,2259.80025669958,1.00430817326027
"q_values[33,4,8]",-0.203832818970047,0.00670120566450532,0.173743820270204,-0.627075065896071,-0.289499308463516,-0.170185760812781,-0.0722262653270511,-0.000450824282406161,672.222181947803,1.01037293975994
"q_values[33,5,1]",0.380982425994634,0.0119966434094687,0.308261341812581,0.00090155824784759,0.142205592227523,0.328389347782276,0.54588817604773,1.11581255773688,660.265536126388,1.01031566202832
"q_values[33,5,2]",-0.231659175706843,0.00807207153090196,0.211316418175494,-0.761407301671113,-0.326368707980229,-0.184179773537978,-0.0749550564364288,-0.000450937158253357,685.324847332075,1.01032700245939
"q_values[33,5,3]",0,NA,0,0,0,0,0,0,NA,NA
"q_values[33,5,4]",0.444479496993739,0.0139960839777134,0.359638232114678,0.00105181795582219,0.165906524265444,0.383120905745989,0.636869538722352,1.3017813173597,660.265536126397,1.01031566202832
"q_values[33,5,5]",0.00711793275339395,0.0016035793393828,0.066299368561408,-0.0229961525864702,-0.0204401204785711,-0.0118044064173024,-1.98713150387147e-05,0.175164703132134,1709.37709423999,1.00676334420267
"q_values[33,5,6]",-0.043484662040011,0.000886483900971423,0.026083446656111,-0.0829754126065602,-0.0656101039415146,-0.045508617774777,-0.0219003402277528,-0.000129046431781928,865.741528833837,1.00700231227527
"q_values[33,5,7]",-0.140335747970941,0.00470923104508865,0.122465069763497,-0.441106306273257,-0.198517945788894,-0.115454202849068,-0.0485253332891305,-0.000300564574431563,676.276773025782,1.01038121244181
"q_values[33,5,8]",0,NA,0,0,0,0,0,0,NA,NA
"q_values[34,1,1]",0.357075470514995,0.013719597783316,0.260347625231639,0.000683609463557294,0.151250503568283,0.321099893152334,0.515713839479814,0.952657169047047,360.101128563175,1.01731175132525
"q_values[34,1,2]",-0.00868761147608331,0.000901095479439721,0.0394326492827419,-0.0281133866545709,-0.0261524249322921,-0.0197940732867525,-0.0054569438169841,0.0915916868881413,1915.00666731846,1.00424335424548
"q_values[34,1,3]",0,NA,0,0,0,0,0,0,NA,NA
"q_values[34,1,4]",0.00722232322193278,0.000992905845689075,0.0433495993770038,-0.102468170572023,0.0048471660123271,0.0192120142297397,0.0257770237310622,0.0277617753888826,1906.13669161309,1.0044747696763
"q_values[34,1,5]",0.119548292272655,0.00508730006908434,0.101761113982364,0.000195341524262229,0.0445307068410587,0.0983740703470314,0.167046084697443,0.373461413907453,400.118834924843,1.01630821604667
"q_values[34,1,6]",0.233235431528708,0.00972688635195109,0.190868664935047,0.00039068304107001,0.0889733716269836,0.195809687266953,0.329615719146751,0.703416893079379,385.053954751741,1.01671640937423
"q_values[34,1,7]",-0.291544289410885,0.0121586079399388,0.238585831168809,-0.879271116349224,-0.412019648933439,-0.244762109083692,-0.111216714533729,-0.000488353801337511,385.053954751743,1.01671640937423
"q_values[34,1,8]",0,NA,0,0,0,0,0,0,NA,NA
"q_values[34,2,1]",0,NA,0,0,0,0,0,0,NA,NA
"q_values[34,2,2]",-0.18782517849738,0.00677933355217012,0.126954761515319,-0.454636005047365,-0.275292457789417,-0.176638967653767,-0.085015241156816,-0.000390606722567588,350.690485572537,1.01739298131342
"q_values[34,2,3]",0.215940961915407,0.00984891715366748,0.202408155651144,0.000293088593714092,0.0706221276490548,0.165324144993069,0.298177713031297,0.742330902172883,422.356368013916,1.01583806528439
"q_values[34,2,4]",0.151673674391478,0.00586823018923054,0.112318195073439,0.000292964588261137,0.0643332339746251,0.135696712440694,0.217176644978847,0.411006810568749,366.341356400481,1.01711173102744
"q_values[34,2,5]",-0.0128986048508488,0.00078831006499542,0.035332867599071,-0.0312234072632544,-0.0291466792642417,-0.0224147148152467,-0.00788202212356743,0.0715434601451487,2008.92456271544,1.00300901409117
"q_values[34,2,6]",0,NA,0,0,0,0,0,0,NA,NA
"q_values[34,2,7]",-0.524779720939593,0.0218854942918899,0.429454496103856,-1.5826880094286,-0.74163536808019,-0.440571796350645,-0.200190086160713,-0.000879036842407519,385.053954751742,1.01671640937423
"q_values[34,2,8]",-0.349853147293062,0.0145903295279266,0.286302997402571,-1.05512533961907,-0.494423578720127,-0.29371453090043,-0.133460057440475,-0.000586024561605013,385.053954751741,1.01671640937423
"q_values[34,3,1]",0.415384328397172,0.0161630044192445,0.307738522131508,0.000781280223824796,0.173493846475029,0.370052314969072,0.598117769266502,1.12851139231689,362.509626893242,1.0172546225251
"q_values[34,3,2]",0.257486599637389,0.00996071528555048,0.189352944988246,0.000488296562460697,0.108248116681104,0.230384069373802,0.371277202915439,0.693722853787979,361.379135865627,1.01728242167568
"q_values[34,3,3]",0.225828236919089,0.0104633879237513,0.216622347191008,0.000293107671476085,0.0715896497528132,0.169882211539588,0.310639415808597,0.79330383934275,428.609567207529,1.01568857069735
"q_values[34,3,4]",0.291544289410885,0.0121586079399388,0.238585831168809,0.000488353801337512,0.111216714533729,0.244762109083692,0.412019648933439,0.879271116349224,385.053954751743,1.01671640937423
"q_values[34,3,5]",-0.116617715764354,0.00486344317597555,0.0954343324675236,-0.35170844653969,-0.164807859573376,-0.0979048436334767,-0.0444866858134918,-0.000195341520535004,385.053954751741,1.01671640937423
"q_values[34,3,6]",-0.10847787702766,0.00555211196110677,0.120712886300919,-0.43615715096112,-0.145271999954205,-0.0718600612277228,-0.0270919586824297,-9.77661500092735e-05,472.705698579429,1.01469833931972
"q_values[34,3,7]",0,NA,0,0,0,0,0,0,NA,NA
"q_values[34,3,8]",0,NA,0,0,0,0,0,0,NA,NA
"q_values[34,4,1]",-0.0356037313665129,0.000967015413032069,0.0203157714117952,-0.0623879968774366,-0.0537359364732135,-0.0384475027424973,-0.0197967652748033,-7.6311078192852e-05,441.366983602145,1.01191582370368
"q_values[34,4,2]",0.466470863057416,0.0194537727039022,0.381737329870094,0.00078136608214002,0.177946743253967,0.391619374533907,0.659231438293502,1.40683378615876,385.053954751741,1.01671640937423
"q_values[34,4,3]",0,NA,0,0,0,0,0,0,NA,NA
"q_values[34,4,4]",0,NA,0,0,0,0,0,0,NA,NA
"q_values[34,4,5]",0.408162005175239,0.0170220511159144,0.334020163636332,0.000683695321872517,0.155703400347221,0.342666952717168,0.576827508506815,1.23097956288891,385.053954751741,1.01671640937423
"q_values[34,4,6]",-0.0882363076197738,0.00302737519042852,0.0564061200015531,-0.194636459827562,-0.130617283266331,-0.0859231438752354,-0.0420128542696371,-0.000195293821470991,347.1522296683,1.01712769717198
"q_values[34,4,7]",-0.0877692882192509,0.00178474905112545,0.0548918481242206,-0.144903587181174,-0.132030688275711,-0.100238236689593,-0.0530871885561035,-1.77817081865002e-05,945.935199939258,1.00445267221691
"q_values[34,4,8]",-0.0885019323463262,0.00179250841377702,0.0541851467122124,-0.145860414287678,-0.132815687741549,-0.100786438608169,-0.0535161558206135,-3.59262988054276e-05,913.772537185216,1.00492875020627
"q_values[34,5,1]",0.291544289410885,0.0121586079399388,0.238585831168809,0.000488353801337512,0.111216714533729,0.244762109083692,0.412019648933439,0.879271116349224,385.053954751743,1.01671640937423
"q_values[34,5,2]",0,NA,0,0,0,0,0,0,NA,NA
"q_values[34,5,3]",0.139322842280018,0.00631148210525904,0.12994585068109,0.000195379679786215,0.0464657510485756,0.10749020344007,0.191969490252043,0.475407288247187,423.898737061927,1.01576145560564
"q_values[34,5,4]",0.524779720939593,0.0218854942918899,0.429454496103856,0.000879036842407522,0.200190086160713,0.440571796350645,0.74163536808019,1.5826880094286,385.053954751742,1.01671640937423
"q_values[34,5,5]",0,NA,0,0,0,0,0,0,NA,NA
"q_values[34,5,6]",-0.0712074627330258,0.00193403082606414,0.0406315428235903,-0.124775993754873,-0.107471872946427,-0.0768950054849946,-0.0395935305496066,-0.000152622156385704,441.366983602145,1.01191582370368
"q_values[34,5,7]",0.0380030584217093,0.00366750222434268,0.107261634626321,-0.014032917078262,-0.0109762653256744,-0.00137204806085595,0.0353469580191799,0.337284629678364,855.358253831531,1.0095543897801
"q_values[34,5,8]",-0.00447661810131781,0.0010467031567232,0.0438370130071859,-0.0255046281631747,-0.0236046060693764,-0.0171488734447426,-0.00300136644569563,0.111639913631134,1754.02120997547,1.00537189484949
"q_values[35,1,1]",0,NA,0,0,0,0,0,0,NA,NA
"q_values[35,1,2]",-0.0646698243431562,0.00519451068817855,0.1060462381604,-0.364945903570825,-0.0759532890378078,-0.027305408082347,-0.00561094788283056,-4.81236767852632e-06,416.774602415425,1.01757597772448
"q_values[35,1,3]",0.261678094315529,0.0186403023958317,0.313042393412535,3.36851147531515e-05,0.0374782135965343,0.159148727207738,0.366237720274682,1.12672823359772,282.03330957027,1.02288428687771
"q_values[35,1,4]",0.299060679217748,0.0213032027380932,0.357762735328611,3.84972740036017e-05,0.0428322441103249,0.181884259665986,0.418557394599637,1.28768940982597,282.033309570273,1.02288428687771
"q_values[35,1,5]",-0.0509700515334868,0.00392817152380383,0.076904310071003,-0.264595222681511,-0.0632690676252508,-0.0248031503820654,-0.00546869349946608,-4.81225188549746e-06,383.283809742332,1.01852212141654
"q_values[35,1,6]",-0.0543839698575345,0.00327044789324331,0.0492880414839064,-0.162637293037081,-0.0876080568430164,-0.0422920519216473,-0.0104994077128535,-9.07572304151678e-06,227.126942416189,1.02645611041522
"q_values[35,1,7]",-0.0266104558247352,0.00163594960502633,0.0243053404140832,-0.082348738784067,-0.0422295840642126,-0.0207384271382795,-0.00524028839845503,-4.81206661607168e-06,220.731123438404,1.02671336969836
"q_values[35,1,8]",0,NA,0,0,0,0,0,0,NA,NA
"q_values[35,2,1]",0.299060679217748,0.0213032027380932,0.357762735328611,3.84972740036017e-05,0.0428322441103249,0.181884259665986,0.418557394599637,1.28768940982597,282.033309570273,1.02288428687771
"q_values[35,2,2]",0.141893414954149,0.0107238563232837,0.198856624299376,1.44367093379657e-05,0.0163473677000507,0.0732698732785151,0.183043551666273,0.704436231304272,343.8572234418,1.02011252849528
"q_values[35,2,3]",-0.0815759547863017,0.00490567183986497,0.0739320622258596,-0.243955939555621,-0.131412085264525,-0.063438077882471,-0.0157491115692802,-1.36135845622752e-05,227.126942416189,1.02645611041522
"q_values[35,2,4]",0.122338354680107,0.00892213179463555,0.157551248873512,1.44365472276361e-05,0.0161480887806284,0.0697573108176077,0.165171067950086,0.560609063524687,311.821769532751,1.0214315081092
"q_values[35,2,5]",-0.0116153204165744,0.000633261614077314,0.0292427742915744,-0.0319598556868622,-0.0261841869374337,-0.0147042708057594,-0.0031211764326155,0.0337961121737402,2132.41052451929,1.00112410001766
"q_values[35,2,6]",0,NA,0,0,0,0,0,0,NA,NA
"q_values[35,2,7]",0,NA,0,0,0,0,0,0,NA,NA
"q_values[35,2,8]",-0.0747651698044369,0.0053258006845233,0.0894406838321528,-0.321922352456492,-0.104639348649909,-0.0454710649164966,-0.0107080610275812,-9.62431850090038e-06,282.033309570273,1.02288428687771
"q_values[35,3,1]",0.112147754706655,0.00798870102678502,0.134161025748229,1.44364777513507e-05,0.0160620915413718,0.0682065973747449,0.156959022974864,0.482883528684739,282.033309570268,1.02288428687771
"q_values[35,3,2]",0,NA,0,0,0,0,0,0,NA,NA
"q_values[35,3,3]",-0.14283186080541,0.0108229291298031,0.202216834519235,-0.712776767640634,-0.183329986012791,-0.0732933774797978,-0.0163476746568307,-1.44367093381885e-05,349.096091257794,1.01986305910361
"q_values[35,3,4]",-0.149530339608874,0.0106516013690466,0.178881367664306,-0.643844704912985,-0.209278697299818,-0.0909421298329931,-0.0214161220551625,-1.92486370018008e-05,282.033309570273,1.02288428687771
"q_values[35,3,5]",-0.166514672897959,0.0122215114478161,0.218010712406824,-0.773387262979565,-0.222965438925189,-0.0935266522377645,-0.0215594507872568,-1.92487527956098e-05,318.204143382491,1.02111243747581
"q_values[35,3,6]",0.0329520178809691,0.00107295592560461,0.0432410522997087,2.78705640025288e-11,0.00794838774735265,0.0342797976921325,0.0624526913309644,0.079141587392196,1624.15974911814,1.00383403310047
"q_values[35,3,7]",0,NA,0,0,0,0,0,0,NA,NA
"q_values[35,3,8]",-0.0985432364091565,0.00754450334855945,0.145552438750107,-0.503281933749705,-0.123800786925428,-0.0490893962831764,-0.0109087212525133,-9.6244806122331e-06,372.201108075161,1.01889092161435
"q_values[35,4,1]",-0.132528954653558,0.00989716153255147,0.181571878260763,-0.638334598364635,-0.173383112925308,-0.0713080242604705,-0.016234086019885,-1.44366167039215e-05,336.570350722631,1.02025166113016
"q_values[35,4,2]",-0.186912924511092,0.0133145017113084,0.223601709580382,-0.804805881141231,-0.261598371624773,-0.113677662291241,-0.0267701525689531,-2.40607962522509e-05,282.033309570266,1.02288428687771
"q_values[35,4,3]",-0.261678094315529,0.0186403023958317,0.313042393412535,-1.12672823359772,-0.366237720274682,-0.159148727207738,-0.0374782135965343,-3.36851147531513e-05,282.03330957027,1.02288428687771
"q_values[35,4,4]",0,NA,0,0,0,0,0,0,NA,NA
"q_values[35,4,5]",0,NA,0,0,0,0,0,0,NA,NA
"q_values[35,4,6]",0.0232135891669182,0.00128539630994532,0.0190692370895636,4.53782033507982e-06,0.00519368852432424,0.020042507893393,0.0390020531965784,0.0582451345405684,220.086061749624,1.02575268395571
"q_values[35,4,7]",0.00529081002657106,0.000956877310541366,0.0418770015117883,-0.0814428672321916,0.00181622545030402,0.0118464339979451,0.0215376311088087,0.0254745584020614,1915.30808466698,1.00286015907511
"q_values[35,4,8]",-0.200500391142361,0.0145453093816372,0.254688994016373,-0.908439927594495,-0.272547764925069,-0.115745280215059,-0.0268848155546285,-2.40608888872982e-05,306.601608981211,1.02169917974239
"q_values[35,5,1]",-0.136038127489776,0.0101869051214355,0.18604807527493,-0.660959744414001,-0.177855289362643,-0.0722595685178893,-0.0162903431639929,-1.44366630206649e-05,333.553759852803,1.02051540848572
"q_values[35,5,2]",-0.149530339608874,0.0106516013690466,0.178881367664306,-0.643844704912985,-0.209278697299818,-0.0909421298329931,-0.0214161220551625,-1.92486370018008e-05,282.033309570273,1.02288428687771
"q_values[35,5,3]",0,NA,0,0,0,0,0,0,NA,NA
"q_values[35,5,4]",0.0761728385813295,0.00545251948581238,0.0940703048266667,9.62431850123482e-06,0.0107085214627512,0.0455063212184207,0.105069000169686,0.334433156961035,297.653264509968,1.0220675027546
"q_values[35,5,5]",0.186912924511092,0.0133145017113084,0.223601709580382,2.40607962522511e-05,0.0267701525689531,0.113677662291241,0.261598371624773,0.804805881141231,282.033309570266,1.02288428687771
"q_values[35,5,6]",0,NA,0,0,0,0,0,0,NA,NA
"q_values[35,5,7]",-0.234486109386762,0.0168848073548322,0.291516356011056,-1.04349259220943,-0.32213009092495,-0.137963908192352,-0.0322101803220003,-2.88730249789866e-05,298.08054613148,1.02212201069359
"q_values[35,5,8]",-0.0985432364091565,0.00754450334855945,0.145552438750107,-0.503281933749705,-0.123800786925428,-0.0490893962831764,-0.0109087212525133,-9.6244806122331e-06,372.201108075161,1.01889092161435
"q_values[36,1,1]",-0.300048507563935,0.0144964356069571,0.270421610321354,-0.982260032843518,-0.438934390659283,-0.238387876836333,-0.0899464275677575,-0.00022739214735416,347.984842784827,1.01823148669783
"q_values[36,1,2]",-0.0167533762543139,0.00269349414190496,0.105672720121267,-0.297155043526568,3.11033355416479e-10,0.0130673222672879,0.0242356343580571,0.027744902727645,1539.19520875813,1.00654008222379
"q_values[36,1,3]",0.133270877527653,0.00431570532782442,0.0866071173765413,6.09326505560254e-05,0.0595878149069002,0.142435920818846,0.210221040345674,0.24942578032755,402.720372594703,1.01578752498757
"q_values[36,1,4]",0.375060634454918,0.0181205445086963,0.338027012901693,0.0002842401841927,0.112433034459697,0.297984846045417,0.548667988324104,1.2278250410544,347.984842784828,1.01823148669783
"q_values[36,1,5]",0.397149922638657,0.020959197932257,0.421043700804134,0.00022742769476798,0.0954175877590302,0.275764254513408,0.56081965445936,1.52711938807488,403.557135364083,1.01632219565235
"q_values[36,1,6]",-0.0731900249917918,0.00218917299410894,0.104379965936041,-0.145901002692123,-0.134040121867689,-0.0979819598469192,-0.0374248759148986,0.139291758564795,2273.39100642517,1.00249508988641
"q_values[36,1,7]",0,NA,0,0,0,0,0,0,NA,NA
"q_values[36,1,8]",0,NA,0,0,0,0,0,0,NA,NA
"q_values[36,2,1]",0,NA,0,0,0,0,0,0,NA,NA
"q_values[36,2,2]",0.156581463020137,0.0091783453707015,0.208699641714141,5.68738905720451e-05,0.0265317869435725,0.0880113616865562,0.206065298034576,0.727982831977501,517.028657621443,1.01365574582123
"q_values[36,2,3]",-0.143467044543798,0.00510728555747577,0.0927346887349173,-0.280139169462212,-0.227463773293949,-0.14785777557374,-0.0621132947370423,-0.000133666686786701,329.688771122168,1.01850742142292
"q_values[36,2,4]",0,NA,0,0,0,0,0,0,NA,NA
"q_values[36,2,5]",0.225036380672951,0.0108723267052178,0.202816207741016,0.00017054411051562,0.0674598206758181,0.17879090762725,0.329200792994462,0.736695024632639,347.984842784827,1.01823148669783
"q_values[36,2,6]",-0.450072761345902,0.0217446534104356,0.405632415482031,-1.47339004926528,-0.658401585988925,-0.3575818152545,-0.134919641351636,-0.00034108822103124,347.984842784827,1.01823148669783
"q_values[36,2,7]",-0.109299536581057,0.00282368175028873,0.127977215490376,-0.20736172790597,-0.190587108617184,-0.138522114740767,-0.053396126652787,0.120127518181258,2054.1578774349,1.00283316463671
"q_values[36,2,8]",0.153603260696276,0.0088442390668898,0.190803854503911,5.68771210027023e-05,0.0269578423677692,0.0900814252642208,0.208857289398501,0.684628051556553,465.428893872995,1.01468616764314
"q_values[36,3,1]",-0.012989270728598,0.00239896324199981,0.094261873503096,-0.267538755414632,1.32103581057326e-05,0.0138050771808575,0.0247311624648166,0.0280933205303668,1543.92054901254,1.00655199938475
"q_values[36,3,2]",0.11579679495556,0.00640224187451246,0.137064717589057,5.68609637052926e-05,0.024509196917756,0.0738041654478198,0.157899447849698,0.48677392009419,458.339404283895,1.0149033431125
"q_values[36,3,3]",0,NA,0,0,0,0,0,0,NA,NA
"q_values[36,3,4]",0.150024253781967,0.00724821780347853,0.135210805160677,0.00011369607367708,0.0449732137838787,0.119193938418167,0.219467195329642,0.491130016421759,347.984842784827,1.01823148669783
"q_values[36,3,5]",0.218479171434781,0.00890862089194533,0.150709058439757,0.00022386916509994,0.0858415596488714,0.209727665656466,0.341715833495551,0.494174844775856,286.19217648657,1.02057491185711
"q_values[36,3,6]",0,NA,0,0,0,0,0,0,NA,NA
"q_values[36,3,7]",-0.225036380672951,0.0108723267052178,0.202816207741016,-0.736695024632639,-0.329200792994462,-0.17879090762725,-0.0674598206758181,-0.00017054411051562,347.984842784827,1.01823148669783
"q_values[36,3,8]",-0.192505875997995,0.0114742571103068,0.257134321739953,-0.911028819383895,-0.255701786557336,-0.104076945005526,-0.0289690620961204,-5.68900476857361e-05,502.193334518827,1.01391355874265
"q_values[36,4,1]",-0.200819990251281,0.0120216676734216,0.269932149951886,-0.956522903298754,-0.266421896077514,-0.107417067567779,-0.0294633393051092,-5.68932792187055e-05,504.173240329582,1.01387154485063
"q_values[36,4,2]",0.508331511982572,0.0227561714368881,0.397873260370847,0.000454755209258127,0.175342027577428,0.444809562135509,0.769495618402592,1.42180001394959,305.696954193443,1.01992041080483
"q_values[36,4,3]",0.150024253781967,0.00724821780347853,0.135210805160677,0.00011369607367708,0.0449732137838787,0.119193938418167,0.219467195329642,0.491130016421759,347.984842784827,1.01823148669783
"q_values[36,4,4]",0.0602659511472691,0.00268453994748917,0.047791554642606,5.68415739563199e-05,0.0215094227714272,0.0531284005820092,0.0896147316505081,0.169384984437128,316.929433681909,1.01962094508019
"q_values[36,4,5]",0,NA,0,0,0,0,0,0,NA,NA
"q_values[36,4,6]",0,NA,0,0,0,0,0,0,NA,NA
"q_values[36,4,7]",0.119435752733535,0.00516779379349237,0.088543305885807,0.000113686378527016,0.0434562712645163,0.108538541239114,0.183342807690983,0.309832785316369,293.562862511855,1.02040183129193
"q_values[36,4,8]",-0.450072761345902,0.0217446534104356,0.405632415482031,-1.47339004926528,-0.658401585988925,-0.3575818152545,-0.134919641351636,-0.00034108822103124,347.984842784827,1.01823148669783
"q_values[36,5,1]",0,NA,0,0,0,0,0,0,NA,NA
"q_values[36,5,2]",0,NA,0,0,0,0,0,0,NA,NA
"q_values[36,5,3]",0.00460995959123647,0.00303397142430822,0.13673179947808,-0.354170826916782,0.00558106858436731,0.040279458064376,0.061368506974459,0.0678250789249559,2031.02882360332,1.00506338144746
"q_values[36,5,4]",-0.0240312918102628,0.000817041892011331,0.0404934095349476,-0.0499523847257504,-0.0458107919122693,-0.0330920770177925,-0.01232529981677,0.0559461316432581,2456.29227515271,1.0022095308606
"q_values[36,5,5]",-0.60009701512787,0.0289928712139141,0.540843220642709,-1.96452006568704,-0.877868781318566,-0.476775753672667,-0.179892855135515,-0.000454784294708319,347.984842784827,1.01823148669783
"q_values[36,5,6]",0.461965882513497,0.0238842865694229,0.470967755919433,0.000284272499889832,0.117398547144515,0.331809424662807,0.658511789577962,1.71238216831493,388.828243156453,1.0167798404272
"q_values[36,5,7]",0.125992961971705,0.00709665091980148,0.154885878867004,5.68641954219807e-05,0.0250148444242101,0.0773559645075039,0.169940910395918,0.547076148065017,476.339682339764,1.01448987950384
"q_values[36,5,8]",-0.675109142018853,0.0326169801156534,0.608448623223047,-2.21008507389792,-0.987602378983387,-0.53637272288175,-0.202379462027454,-0.000511632331546859,347.984842784827,1.01823148669783
"q_values[37,1,1]",0.132609077793318,0.00827827227999781,0.139195642401883,1.57896452137258e-05,0.0222224975695387,0.0878810518877045,0.197540822179306,0.494929942952106,282.729982313873,1.02620035101106
"q_values[37,1,2]",0,NA,0,0,0,0,0,0,NA,NA
"q_values[37,1,3]",0,NA,0,0,0,0,0,0,NA,NA
"q_values[37,1,4]",0.0986405509941,0.00613604300697962,0.10276960102889,1.18422300147243e-05,0.0166590478605842,0.0657829944882452,0.14745652553671,0.36534598322554,280.512714776822,1.0264568087062
"q_values[37,1,5]",-0.335102005824946,0.0219216073824116,0.390143666359019,-1.37690870112653,-0.475925949303039,-0.203483115986327,-0.0503527587771031,-3.55268770315368e-05,316.741034890728,1.02279564338457
"q_values[37,1,6]",-0.297868449622174,0.0194858732288103,0.346794370096906,-1.2239188454458,-0.423045288269368,-0.180873880876735,-0.0447580078018694,-3.15794462502549e-05,316.741034890729,1.02279564338457
"q_values[37,1,7]",0.0951111512375554,0.00584973293548122,0.0978607558464903,1.18421988505942e-05,0.0165976711897328,0.0648415404898368,0.14289891199602,0.343600243853695,279.862721580874,1.02634870411495
"q_values[37,1,8]",0.150288060646648,0.0107157320322402,0.213101291582109,1.18424949129364e-05,0.0171895932794217,0.0743689994466835,0.193663857731689,0.731018432613633,395.483596072918,1.01771123034041
"q_values[37,2,1]",0.229931396023738,0.0152009707621561,0.274367106955262,2.36846158522519e-05,0.0336311083839605,0.136677766077816,0.322876694984177,0.964750925992668,325.777765707737,1.02204024151684
"q_values[37,2,2]",-0.0955720528439314,0.00495437376695304,0.0819181898021222,-0.242475997592186,-0.162021186698307,-0.0802195947561601,-0.0212491157715958,-1.15445484997431e-05,273.390336044683,1.03015270161216
"q_values[37,2,3]",0.0677049192731693,0.00331507159989029,0.0588483655787834,6.43654656237878e-06,0.0154364842991743,0.0589198720210861,0.116223952242593,0.165061550925662,315.12509185186,1.02757297250312
"q_values[37,2,4]",0,NA,0,0,0,0,0,0,NA,NA
"q_values[37,2,5]",0,NA,0,0,0,0,0,0,NA,NA
"q_values[37,2,6]",0.0614069947913283,0.00370288705320434,0.0601928001822063,7.89479923344238e-06,0.0110642968853506,0.0431737593786534,0.0945758645030394,0.212268259840874,264.245843088854,1.02856332160192
"q_values[37,2,7]",-0.186167781013859,0.0121786707680065,0.216746481310566,-0.764949278403625,-0.264403305168355,-0.113046175547959,-0.0279737548761684,-1.97371539064093e-05,316.741034890728,1.02279564338457
"q_values[37,2,8]",0.223401337216631,0.0146144049216077,0.260095777572679,2.36845846876912e-05,0.0335685058514021,0.135655410657551,0.317283966202026,0.91793913408435,316.741034890729,1.02279564338457
"q_values[37,3,1]",-0.223401337216631,0.0146144049216077,0.260095777572679,-0.91793913408435,-0.317283966202026,-0.135655410657551,-0.0335685058514021,-2.36845846876912e-05,316.741034890729,1.02279564338457
"q_values[37,3,2]",-0.199227898628074,0.01335053413968,0.245534707363918,-0.858572862220261,-0.275588762732657,-0.11509088638849,-0.0280989599412852,-1.97372162355307e-05,338.242750297164,1.0210831413407
"q_values[37,3,3]",0,NA,0,0,0,0,0,0,NA,NA
"q_values[37,3,4]",0,NA,0,0,0,0,0,0,NA,NA
"q_values[37,3,5]",0.151734985564108,0.00823009594110341,0.131013694252244,2.07259194397772e-05,0.0321543903352512,0.122997761506969,0.250968323388845,0.407323893062354,253.409907102078,1.03140858081266
"q_values[37,3,6]",0.297868449622174,0.0194858732288103,0.346794370096906,3.15794462502549e-05,0.0447580078018694,0.180873880876735,0.423045288269368,1.2239188454458,316.741034890729,1.02279564338457
"q_values[37,3,7]",0.0241734385885565,0.00125646673102529,0.0210494290837938,2.88613920741391e-06,0.00529921034130337,0.0201105824483224,0.0409876598027003,0.0620742924587211,280.658794026144,1.02963587580797
"q_values[37,3,8]",-0.0365727562988533,0.00125445354762269,0.0407085877601392,-0.0849393311409656,-0.0668245339289796,-0.0356203844653461,-0.0092097234966437,-1.8574960491129e-07,1053.08373380684,1.01286792473792
"q_values[37,4,1]",0,NA,0,0,0,0,0,0,NA,NA
"q_values[37,4,2]",0.0744671124055435,0.00487146830720258,0.0866985925242264,7.89486156256374e-06,0.0111895019504674,0.0452184702191838,0.105761322067342,0.30597971136145,316.741034890729,1.02279564338457
"q_values[37,4,3]",0.160047545785428,0.00983948834542045,0.162758614802425,1.97370292481666e-05,0.0277233447459348,0.108956753866899,0.24203239003975,0.577702110770355,273.616912970891,1.02729329568984
"q_values[37,4,4]",-0.144186667418192,0.0101764650425466,0.19947411861864,-0.687787505353383,-0.188219002555461,-0.0733582013723979,-0.0171271658699643,-1.18424637484372e-05,384.219338058445,1.01829390023361
"q_values[37,4,5]",0.00629792448184099,0.000733765719531326,0.0385762058528434,-0.0667456452685931,0.00213955449201357,0.01164131902598,0.0214255615119703,0.0254892595443012,2763.91182865193,1.00078790815904
"q_values[37,4,6]",0.0241734385885565,0.00125646673102529,0.0210494290837938,2.88613920741391e-06,0.00529921034130337,0.0201105824483224,0.0409876598027003,0.0620742924587211,280.658794026144,1.02963587580797
"q_values[37,4,7]",-0.223401337216631,0.0146144049216077,0.260095777572679,-0.91793913408435,-0.317283966202026,-0.135655410657551,-0.0335685058514021,-2.36845846876912e-05,316.741034890729,1.02279564338457
"q_values[37,4,8]",0,NA,0,0,0,0,0,0,NA,NA
"q_values[37,5,1]",-0.301133479025728,0.0197790511606582,0.353899627381374,-1.24732474139996,-0.425841652660443,-0.181385058586868,-0.0447893090681486,-3.15794618325352e-05,320.146901644981,1.02250503908287
"q_values[37,5,2]",-0.0777321418090974,0.00516458954064386,0.0938571919465296,-0.329385607315609,-0.108557686458418,-0.0457296479293163,-0.0112208032167466,-7.89487714484406e-06,330.265714143232,1.02168544468715
"q_values[37,5,3]",-0.113483170022528,0.00831732910641307,0.172135402624768,-0.581609441580975,-0.140931070303941,-0.0517713216830712,-0.011595017427289,-7.89506413171603e-06,428.324214141477,1.01621099547544
"q_values[37,5,4]",-0.0181076484319821,0.00259220349565712,0.0922304431894881,-0.239669354309594,2.75787875951038e-06,0.00469647820766726,0.0111678256478038,0.0140365990889359,1265.93208500479,1.00454513264902
"q_values[37,5,5]",0.0744671124055435,0.00487146830720258,0.0866985925242264,7.89486156256374e-06,0.0111895019504674,0.0452184702191838,0.105761322067342,0.30597971136145,316.741034890729,1.02279564338457
"q_values[37,5,6]",0,NA,0,0,0,0,0,0,NA,NA
"q_values[37,5,7]",0,NA,0,0,0,0,0,0,NA,NA
"q_values[37,5,8]",-0.260634893419402,0.017050139075209,0.303445073834792,-1.07092898976508,-0.370164627235697,-0.158264645767143,-0.0391632568266357,-2.7632015468973e-05,316.741034890729,1.02279564338457
"q_values[38,1,1]",0,NA,0,0,0,0,0,0,NA,NA
"q_values[38,1,2]",0,NA,0,0,0,0,0,0,NA,NA
"q_values[38,1,3]",0.0671513520102384,0.00455210137338076,0.0765142868488213,1.42679267609369e-06,0.00801265229716747,0.0403376167930794,0.101630906907775,0.26880771060131,282.527820639396,1.02375127628138
"q_values[38,1,4]",0.202588405238883,0.0146236649842391,0.264986822301259,3.56698677958972e-06,0.020193925546027,0.105150426228939,0.28406153025432,0.944684407220204,328.3493009067,1.0209664666289
"q_values[38,1,5]",-0.0810353620955533,0.00584946599369566,0.105994728920503,-0.377873762888081,-0.113624612101728,-0.0420601704915756,-0.0080775702184108,-1.42679471183589e-06,328.349300906701,1.0209664666289
"q_values[38,1,6]",-0.0227188772995279,0.00115348683279178,0.0278037554277617,-0.0619986704866589,-0.0415105186821637,-0.0183395893367561,-0.00366453144629218,-5.29304391252684e-08,581.007363542085,1.00833730075092
"q_values[38,1,7]",0.139351846891579,0.0104871888098379,0.20623526830561,2.14019410349784e-06,0.0121816026505945,0.0648593137397931,0.183347471316383,0.709599252625654,386.729852914846,1.01868222054245
"q_values[38,1,8]",0.00241341085767163,0.00152866903530581,0.0807719467223379,-0.0251935392010831,-0.0203560235640824,-0.00970004567251102,-0.000737472746025532,0.154545616887084,2791.86338532561,1.00368565426489
"q_values[38,2,1]",0.130452445017454,0.00963148551660742,0.182233416347946,2.14019308562584e-06,0.0121489789891053,0.0639747847385783,0.176892194734487,0.638204948478888,357.988835160942,1.01974075606783
"q_values[38,2,2]",0.252005488160784,0.0184067522303514,0.340996026063912,4.28038515337967e-06,0.0242653343167215,0.127065040475942,0.347329112887079,1.20501559281101,343.197647919864,1.02033413617259
"q_values[38,2,3]",0,NA,0,0,0,0,0,0,NA,NA
"q_values[38,2,4]",0.115785476199553,0.00824696774466309,0.148591301061071,2.14019104988327e-06,0.012083995187515,0.0622429301792954,0.164715119946567,0.522394384990764,324.63712146557,1.02135898340485
"q_values[38,2,5]",-0.189487353886155,0.0134041915538349,0.238028202577314,-0.842362866134784,-0.272251194654335,-0.10343717339123,-0.0201290735051307,-3.56698474384788e-06,315.337473128334,1.02177444620049
"q_values[38,2,6]",0,NA,0,0,0,0,0,0,NA,NA
"q_values[38,2,7]",0.162070724191107,0.0116989319873913,0.211989457841007,2.85358942367177e-06,0.0161551404368216,0.0841203409831512,0.227249224203456,0.755747525776163,328.349300906701,1.0209664666289
"q_values[38,2,8]",-0.283623767334437,0.0204731309779348,0.370981551221762,-1.32255817010828,-0.397686142356048,-0.147210596720515,-0.0282714957644378,-4.9937814914256e-06,328.349300906701,1.0209664666289
"q_values[38,3,1]",-0.126002744080392,0.00920337611517568,0.170498013031956,-0.602507796405505,-0.17366455644354,-0.0635325202379709,-0.0121326671583608,-2.14019257668983e-06,343.197647919864,1.02033413617259
"q_values[38,3,2]",0.36465912942999,0.0263225969716304,0.476976280142266,6.42057620326149e-06,0.0363490659828486,0.18927076721209,0.511310754457776,1.70043193299637,328.349300906701,1.0209664666289
"q_values[38,3,3]",0,NA,0,0,0,0,0,0,NA,NA
"q_values[38,3,4]",0,NA,0,0,0,0,0,0,NA,NA
"q_values[38,3,5]",0.24310608628666,0.017548397981087,0.31798418676151,4.28038413550766e-06,0.0242327106552324,0.126180511474727,0.340873836305184,1.13362128866424,328.349300906701,1.0209664666289
"q_values[38,3,6]",-0.107669033058015,0.00747433829154172,0.129220828912389,-0.45774459204535,-0.158443212958639,-0.0613677020388672,-0.0120514374063729,-2.14019003201163e-06,298.895615596208,1.02268183023738
"q_values[38,3,7]",-0.161535816916978,0.0116841354025827,0.216358069255397,-0.75377292970954,-0.224938433882347,-0.0837245807864773,-0.016139158007812,-2.85358891473758e-06,342.888588678821,1.02052396789819
"q_values[38,3,8]",-0.288073468271499,0.0209028203733106,0.382414619264209,-1.35825532218167,-0.400913780646996,-0.147652861221122,-0.0282878075951824,-4.9937820003616e-06,334.702684755611,1.02069116389389
"q_values[38,4,1]",-0.324141448382213,0.0233978639747826,0.423978915682014,-1.51149505155233,-0.454498448406912,-0.168240681966302,-0.0323102808736432,-5.70717884734354e-06,328.349300906701,1.0209664666289
"q_values[38,4,2]",-0.171440498679448,0.0116203844995129,0.19119507780826,-0.694230413018267,-0.261468062217685,-0.102054574724687,-0.0200797427308151,-3.56698321703769e-06,270.715061062449,1.0235477804152
"q_values[38,4,3]",-0.00936977448834139,0.00096196896801419,0.0538893621539756,-0.0356354206327962,-0.0280798739036838,-0.0134406795825461,-0.00197055435241924,0.0609431830696395,3138.22416019834,1.00111662562271
"q_values[38,4,4]",0.0218713839070298,0.00161521788268471,0.0889177902442578,-0.0949083213338709,0.00416327470464777,0.0275234997876727,0.0573573324349868,0.0728089033192017,3030.50562208816,1.00094307550521
"q_values[38,4,5]",0.0303004131669372,0.00198296814174365,0.0319721484775238,7.13395829111386e-07,0.00399011313835965,0.0197404951871123,0.0478628695538915,0.1088234700293,259.963376124485,1.02536408155501
"q_values[38,4,6]",-0.202588405238883,0.0146236649842391,0.264986822301259,-0.944684407220203,-0.28406153025432,-0.105150426228939,-0.020193925546027,-3.56698677958971e-06,328.3493009067,1.0209664666289
"q_values[38,4,7]",0,NA,0,0,0,0,0,0,NA,NA
"q_values[38,4,8]",0,NA,0,0,0,0,0,0,NA,NA
"q_values[38,5,1]",-0.0299878270485674,0.00137504624555712,0.0724041958918929,-0.0848205409858988,-0.0643989159413038,-0.0309572672482811,-0.00548652810745142,0.0302585283884576,2772.63601510324,1.00080846848623
"q_values[38,5,2]",-0.0218713839070298,0.00161521788268471,0.0889177902442578,-0.0728089033192017,-0.0573573324349868,-0.0275234997876727,-0.00416327470464777,0.094908321333871,3030.50562208816,1.00094307550521
"q_values[38,5,3]",-0.0632365583473046,0.00411991039697014,0.0661563885444974,-0.231727781838255,-0.100695841536276,-0.0402825865519158,-0.00798928599707865,-1.41312933356297e-06,257.850535023283,1.02370866604406
"q_values[38,5,4]",0,NA,0,0,0,0,0,0,NA,NA
"q_values[38,5,5]",0,NA,0,0,0,0,0,0,NA,NA
"q_values[38,5,6]",-0.0271685782365901,0.00160707056553773,0.0275577290106682,-0.0823127869277031,-0.0463551188937402,-0.019483409368362,-0.0039128904930413,-3.688301973747e-07,294.047138032453,1.01902731964603
"q_values[38,5,7]",0.324141448382213,0.0233978639747826,0.423978915682014,5.70717884734355e-06,0.0323102808736432,0.168240681966302,0.454498448406912,1.51149505155233,328.349300906701,1.0209664666289
"q_values[38,5,8]",0.283623767334437,0.0204731309779348,0.370981551221762,4.9937814914256e-06,0.0282714957644378,0.147210596720515,0.397686142356048,1.32255817010829,328.349300906701,1.0209664666289
"q_values[39,1,1]",0.217858664209371,0.0193928095498757,0.348739822423881,2.19581228376402e-06,0.0145741309854221,0.0866158101902246,0.278707236698192,1.21436245338416,323.38630140157,1.02497309138823
"q_values[39,1,2]",0.126349791512955,0.0117083492949306,0.233862834097881,1.09790674458118e-06,0.00731355240821741,0.04423239438733,0.148636904434549,0.761589104553044,398.961581118956,1.02133136396293
"q_values[39,1,3]",0,NA,0,0,0,0,0,0,NA,NA
"q_values[39,1,4]",0.274993366138477,0.0240630901667758,0.414944982295278,2.92774917595277e-06,0.0194086307223349,0.114665978660551,0.363357839077187,1.48189849085803,297.357048720508,1.02655432587908
"q_values[39,1,5]",-0.0114172426117773,0.00230081011796851,0.117993155525853,-0.0637779092434295,-0.045831588072125,-0.0191021302586313,-0.00240179037622769,0.140395031198817,2629.97775059495,1.00174752575643
"q_values[39,1,6]",0,NA,0,0,0,0,0,0,NA,NA
"q_values[39,1,7]",0.171870853836548,0.0150394313542348,0.259340613934549,1.82984323497048e-06,0.0121303942014593,0.0716662366628441,0.227098649423242,0.926186556786268,297.357048720508,1.02655432587908
"q_values[39,1,8]",-0.0671812844860625,0.00585347428450643,0.103462908508192,-0.355229827986008,-0.0890576037005613,-0.0284698865633704,-0.00484631454070473,-7.31937160055189e-07,312.422236076943,1.02573934506255
"q_values[39,2,1]",0,NA,0,0,0,0,0,0,NA,NA
"q_values[39,2,2]",-0.175275318989156,0.0143208258126541,0.222291204989612,-0.834044351506232,-0.256014759600419,-0.0843559474759148,-0.0145093851919621,-2.19581081049938e-06,240.939738925998,1.03072017923691
"q_values[39,2,3]",-0.0227605311617964,0.00150343613540104,0.0279814617367022,-0.0808684717089121,-0.03860236974927,-0.0135973343707686,-0.00233422594041858,-2.17464329037172e-07,346.394372062801,1.02052224308221
"q_values[39,2,4]",0.309367536905787,0.0270709764376227,0.466813105082188,3.29371782294686e-06,0.0218347095626268,0.128999225993119,0.408777568961836,1.66713580221528,297.357048720509,1.02655432587908
"q_values[39,2,5]",0.171870853836548,0.0150394313542348,0.259340613934549,1.82984323497048e-06,0.0121303942014593,0.0716662366628441,0.227098649423242,0.926186556786268,297.357048720508,1.02655432587908
"q_values[39,2,6]",-0.0920065736920151,0.00866930964657405,0.172939560633346,-0.578884543245368,-0.104811633022171,-0.0300898658477484,-0.00489328814690811,-7.31938231519987e-07,397.941902792778,1.02130723641057
"q_values[39,2,7]",-0.150407028667814,0.0143970746527673,0.299707191503193,-0.978887797472943,-0.164297234957926,-0.045849429017318,-0.00736051173397257,-1.09790781604593e-06,433.356998734011,1.0200453934999
"q_values[39,2,8]",0,NA,0,0,0,0,0,0,NA,NA
"q_values[39,3,1]",0.278864579340315,0.0245112490377619,0.427262327555238,2.92774930988591e-06,0.0194145167035585,0.114871420725488,0.365420791540621,1.51621135260491,303.849355215155,1.0261431349093
"q_values[39,3,2]",0.175742067038386,0.0154876613538684,0.271699219166523,1.82984336890363e-06,0.0121362801826829,0.0718716787277813,0.229161601886676,0.960499418533149,307.754982380494,1.02590116067951
"q_values[39,3,3]",-0.171870853836548,0.0150394313542348,0.259340613934549,-0.926186556786268,-0.227098649423242,-0.0716662366628441,-0.0121303942014593,-1.82984323497048e-06,297.357048720508,1.02655432587908
"q_values[39,3,4]",0,NA,0,0,0,0,0,0,NA,NA
"q_values[39,3,5]",0,NA,0,0,0,0,0,0,NA,NA
"q_values[39,3,6]",-0.0349458258246673,0.00241551075320318,0.124715618071111,-0.121638884636281,-0.0836825468787519,-0.0331685020356452,-0.00500973494067498,0.0517402827427443,2665.77650727675,1.00046318586887
"q_values[39,3,7]",0.136458279962651,0.0128292695694771,0.255002250785044,1.09790728031343e-06,0.00733699636997445,0.045033550066349,0.156232822700655,0.854348395164342,395.079200479112,1.0214242623473
"q_values[39,3,8]",0.137496683069238,0.0120315450833879,0.207472491147639,1.46387458797638e-06,0.00970431536116744,0.0573329893302753,0.181678919538594,0.740949245429015,297.357048720508,1.02655432587908
"q_values[39,4,1]",0.274993366138477,0.0240630901667758,0.414944982295278,2.92774917595277e-06,0.0194086307223349,0.114665978660551,0.363357839077187,1.48189849085803,297.357048720508,1.02655432587908
"q_values[39,4,2]",0,NA,0,0,0,0,0,0,NA,NA
"q_values[39,4,3]",-0.0532634887272682,0.00408689694486996,0.0631107192817942,-0.226453063753574,-0.0823579943785219,-0.0278225913266972,-0.00477659395278067,-7.25466834541553e-07,238.461837674267,1.03044043886749
"q_values[39,4,4]",-0.0114172426117773,0.00230081011796851,0.117993155525853,-0.0637779092434295,-0.045831588072125,-0.0191021302586313,-0.00240179037622769,0.140395031198817,2629.97775059495,1.00174752575643
"q_values[39,4,5]",-0.00754602940993953,0.00259605441652128,0.131593834265852,-0.0598905251458305,-0.0436384003387554,-0.0181891092544946,-0.00217304791120935,0.174707892945698,2569.46969134414,1.00230709018486
"q_values[39,4,6]",0.309367536905787,0.0270709764376227,0.466813105082188,3.29371782294686e-06,0.0218347095626268,0.128999225993119,0.408777568961836,1.66713580221528,297.357048720509,1.02655432587908
"q_values[39,4,7]",0,NA,0,0,0,0,0,0,NA,NA
"q_values[39,4,8]",-0.0837664462927401,0.00665291064865086,0.102205699417488,-0.37956721205328,-0.125821603502505,-0.04194463057807,-0.00718685765526157,-1.08820038345177e-06,236.008066882685,1.03102465920553
"q_values[39,5,1]",0.0289359005169152,0.00239171155104946,0.039312432782283,3.65968379127945e-07,0.00241434971918923,0.0139311971658643,0.0415749213524789,0.135679654881874,270.173182400098,1.02891645987312
"q_values[39,5,2]",0,NA,0,0,0,0,0,0,NA,NA
"q_values[39,5,3]",0.00340446515260759,0.00148190387625926,0.0778722773560852,-0.08926558261779,0.0011207013111785,0.00925653133446831,0.0224267296633761,0.0311389213345122,2761.37687386435,1.00205539701553
"q_values[39,5,4]",-0.0708130995787754,0.00709429036185227,0.162895306000636,-0.511830611857255,-0.0673626165965597,-0.0165695528117586,-0.00249071039016615,-3.6597012025834e-07,527.22891480269,1.01747307936667
"q_values[39,5,5]",0,NA,0,0,0,0,0,0,NA,NA
"q_values[39,5,6]",0.103122512301929,0.00902365881254091,0.155604368360729,1.09790594098229e-06,0.00727823652087558,0.0429997419977064,0.136259189653945,0.555711934071761,297.357048720508,1.02655432587908
"q_values[39,5,7]",-0.171870853836548,0.0150394313542348,0.259340613934549,-0.926186556786268,-0.227098649423242,-0.0716662366628441,-0.0121303942014593,-1.82984323497048e-06,297.357048720508,1.02655432587908
"q_values[39,5,8]",-0.144772361423684,0.011766397175016,0.182102206074369,-0.683715736789084,-0.212447435635366,-0.0702281422082832,-0.0120891923328938,-1.82984229743844e-06,239.520895289185,1.03083287769565
"q_values[40,1,1]",-0.260355114968891,0.0106345987909175,0.188285139394601,-0.670168075278283,-0.386850596330623,-0.23070209978346,-0.102414830374411,-0.0011225881082181,313.465585910954,1.01941532259493
"q_values[40,1,2]",-0.40917521659745,0.0200434176853574,0.393841781356699,-1.46241611551999,-0.557985758078989,-0.305355645677331,-0.127797453165969,-0.00134765057948586,386.10019458978,1.01638924048405
"q_values[40,1,3]",0,NA,0,0,0,0,0,0,NA,NA
"q_values[40,1,4]",-0.3285509844018,0.0139329459837358,0.250131808965374,-0.91955142518973,-0.480148711493591,-0.282045046762902,-0.123714405902072,-0.00134719653813241,322.2937926309,1.01908147507686
"q_values[40,1,5]",-0.477371086030359,0.0233839872995837,0.459482078249482,-1.70615213477332,-0.650983384425488,-0.356248253290219,-0.149097028693631,-0.00157225900940017,386.100194589777,1.01638924048405
"q_values[40,1,6]",0,NA,0,0,0,0,0,0,NA,NA
"q_values[40,1,7]",0.10924538991658,0.00478117818337228,0.0880081409797933,0.000449015120328134,0.0408327784790311,0.0920840298425464,0.155422489933353,0.322241476474648,338.825303840469,1.01852774270382
"q_values[40,1,8]",0.118203637938319,0.00546903008608956,0.104465285198311,0.000449065569367407,0.0412864503972419,0.0946740963885941,0.164071050665064,0.381648733229601,364.857571807045,1.01732000793251
"q_values[40,2,1]",0.545566955463267,0.0267245569138099,0.525122375142265,0.00179686743931449,0.170396604221292,0.407140860903108,0.743981010771986,1.94988815402666,386.100194589778,1.01638924048405
"q_values[40,2,2]",-0.0179255810716469,0.0037501471157489,0.131414345218765,-0.0728840938595596,-0.0667987436140206,-0.0483151552288306,-0.0176356891225245,0.286310784072452,1227.97334727538,1.0045637862691
"q_values[40,2,3]",-0.364646496344606,0.0200640784050061,0.428662680391888,-1.55751392109474,-0.468534569865563,-0.233464883562398,-0.0905553979553832,-0.000899039006146631,456.449691577717,1.01422090265413
"q_values[40,2,4]",0,NA,0,0,0,0,0,0,NA,NA
"q_values[40,2,5]",0,NA,0,0,0,0,0,0,NA,NA
"q_values[40,2,6]",-0.278271611012369,0.0119409837895888,0.215578372766356,-0.799743608384747,-0.404448206610514,-0.236332572242109,-0.103322174210832,-0.00112268900629664,325.93437137565,1.01892275658706
"q_values[40,2,7]",-0.100558746778861,0.00399041500753683,0.0704489533492173,-0.245415428513463,-0.150750037452079,-0.0912068496969601,-0.0407674887836241,-0.000445211141161828,311.682888634528,1.01944050297808
"q_values[40,2,8]",0.613762824896175,0.0300651265280361,0.590762672035049,0.0020214758692288,0.191696179748954,0.458033468515996,0.836978637118484,2.19362417327999,386.100194589778,1.01638924048405
"q_values[40,3,1]",0,NA,0,0,0,0,0,0,NA,NA
"q_values[40,3,2]",-0.477371086030359,0.0233839872995837,0.459482078249482,-1.70615213477332,-0.650983384425488,-0.356248253290219,-0.149097028693631,-0.00157225900940017,386.100194589777,1.01638924048405
"q_values[40,3,3]",-0.3285509844018,0.0139329459837358,0.250131808965374,-0.91955142518973,-0.480148711493591,-0.282045046762902,-0.123714405902072,-0.00134719653813241,322.2937926309,1.01908147507686
"q_values[40,3,4]",0.414925869734036,0.0220310319727369,0.457892550054788,0.0011235465379824,0.110947629646623,0.279177358083191,0.544235074748639,1.68243542683816,431.973866440498,1.01488232971036
"q_values[40,3,5]",-0.271313211474025,0.0148263844350212,0.314776859045206,-1.1500358245741,-0.350395557357372,-0.174933892471558,-0.0679044696923996,-0.000674279240445822,450.749321254546,1.014374615375
"q_values[40,3,6]",0,NA,0,0,0,0,0,0,NA,NA
"q_values[40,3,7]",0.40917521659745,0.0200434176853574,0.393841781356699,0.00134765057948586,0.127797453165969,0.305355645677331,0.557985758078989,1.46241611551999,386.10019458978,1.01638924048405
"q_values[40,3,8]",-0.0323628773459525,0.00094860439255205,0.0324140032995923,-0.0623949389073933,-0.0531718848532287,-0.0370884392298851,-0.0170762744117307,-3.3201839797251e-07,1167.60267503915,1.00510217942597
"q_values[40,4,1]",0.213545856320464,0.0107127246305815,0.214237553903097,0.000673875738782205,0.0643523985011954,0.155267889384713,0.287641439771206,0.79061531451495,399.93675543976,1.01589320105255
"q_values[40,4,2]",0.486329334052098,0.0240748613681618,0.476715041570659,0.00157230945843945,0.149550700611841,0.358838319836267,0.659631945157198,1.76555939152828,392.093931330296,1.01616975074987
"q_values[40,4,3]",-0.477371086030359,0.0233839872995837,0.459482078249482,-1.70615213477332,-0.650983384425488,-0.356248253290219,-0.149097028693631,-0.00157225900940017,386.100194589777,1.01638924048405
"q_values[40,4,4]",-0.613762824896175,0.0300651265280361,0.590762672035049,-2.19362417327999,-0.836978637118484,-0.458033468515996,-0.191696179748954,-0.00202147586922879,386.100194589778,1.01638924048405
"q_values[40,4,5]",0.223974370599812,0.00990938956699768,0.183237912770205,0.000898080667032898,0.0820999028376526,0.186494493910756,0.317884948531537,0.674930823709129,341.929733721684,1.01834741262035
"q_values[40,4,6]",0.134382805354253,0.00667640612168836,0.134058899251109,0.000449166456114632,0.0421841312143532,0.0997224133204973,0.180563876095046,0.48598355374195,403.186335472126,1.01584117337911
"q_values[40,4,7]",0,NA,0,0,0,0,0,0,NA,NA
"q_values[40,4,8]",0,NA,0,0,0,0,0,0,NA,NA
"q_values[40,5,1]",-0.432842365777514,0.023391627044343,0.493744331564061,-1.80124994034807,-0.561532196212061,-0.284357491175286,-0.111854973483045,-0.00112364743606094,445.536597193226,1.01452236778563
"q_values[40,5,2]",0,NA,0,0,0,0,0,0,NA,NA
"q_values[40,5,3]",0,NA,0,0,0,0,0,0,NA,NA
"q_values[40,5,4]",-0.545566955463267,0.0267245569138099,0.525122375142265,-1.94988815402666,-0.743981010771986,-0.407140860903108,-0.170396604221292,-0.00179686743931448,386.100194589778,1.01638924048405
"q_values[40,5,5]",0.272783477731634,0.0133622784569049,0.262561187571133,0.000898433719657243,0.0851983021106461,0.203570430451554,0.371990505385993,0.974944077013328,386.100194589778,1.01638924048405
"q_values[40,5,6]",0.129437881841557,0.0079449850444874,0.178104763333971,0.00022501195424057,0.0248709727574862,0.0708222430201176,0.157360335999545,0.632115915307604,502.533364738489,1.01279245443445
"q_values[40,5,7]",0.145349986887556,0.00737169562240916,0.148664377185366,0.000449267308867895,0.0430528229735338,0.104375281771825,0.194643813424707,0.546879295261618,406.704559991636,1.01566581650212
"q_values[40,5,8]",0.464942723267616,0.0205684125462506,0.377686469961818,0.00179641339796103,0.166313556957395,0.383830261988679,0.666143964186587,1.41522284323207,337.179611072424,1.01842659508955
"q_values[41,1,1]",0.215063911729028,0.0204044484056005,0.362541300488066,4.81150485644978e-06,0.0116957894957248,0.0768135621403144,0.254191969256556,1.23201373123937,315.693222768488,1.01852230167745
"q_values[41,1,2]",0,NA,0,0,0,0,0,0,NA,NA
"q_values[41,1,3]",0,NA,0,0,0,0,0,0,NA,NA
"q_values[41,1,4]",0.241946900695157,0.0229550044563006,0.407858963049075,5.41294296350601e-06,0.0131577631826904,0.0864152574078537,0.285965965413625,1.38601544764429,315.693222768488,1.01852230167745
"q_values[41,1,5]",-0.115859572503848,0.0111654013920747,0.210295612586302,-0.687156468623427,-0.13012474564502,-0.0386833587686868,-0.00585430685023273,-2.40575351343092e-06,354.741291886864,1.01674093073157
"q_values[41,1,6]",-0.0352106056054627,0.00346595808500439,0.0753134636550305,-0.225151319408665,-0.0348027571738119,-0.00987827296606884,-0.00146838578933593,-6.01439192262257e-07,472.170260521038,1.01340479699591
"q_values[41,1,7]",-0.0612011702343811,0.0061472720647525,0.164668289057486,-0.453161698371166,-0.0456195066130602,-0.0108844243472249,-0.00149186870837522,-6.014431713491e-07,717.554805494264,1.01016810884871
"q_values[41,1,8]",-0.158134529437039,0.0154734210582472,0.304085433304856,-0.977954815398957,-0.168709221843697,-0.0489233203578745,-0.00733121711118666,-3.00719415263282e-06,386.205581362233,1.01558214980881
"q_values[41,2,1]",0,NA,0,0,0,0,0,0,NA,NA
"q_values[41,2,2]",0.0296588611792399,0.00287094028806378,0.0550415546432886,6.01438468791568e-07,0.00146411105442238,0.00969388783371582,0.0327835831626503,0.177718250739502,367.564080668172,1.01624118965871
"q_values[41,2,3]",0.190956794976011,0.0181749137587654,0.326758674203945,4.21006711112891e-06,0.010235953176216,0.0673040594389517,0.223427560105067,1.10172854916903,323.228415300021,1.01814698531731
"q_values[41,2,4]",0,NA,0,0,0,0,0,0,NA,NA
"q_values[41,2,5]",-0.241946900695157,0.0229550044563006,0.407858963049075,-1.38601544764429,-0.285965965413625,-0.0864152574078537,-0.0131577631826904,-5.41294296350599e-06,315.693222768488,1.01852230167745
"q_values[41,2,6]",-0.134414944830643,0.0127527802535003,0.226588312805041,-0.770008582024604,-0.158869980785347,-0.0480084763376965,-0.00730986843482801,-3.00719053528111e-06,315.693222768488,1.01852230167745
"q_values[41,2,7]",0.00568579564241667,0.000747563475550145,0.0440783190464776,-0.0284257807788644,0.000866988992134751,0.00693935089941037,0.0195478265018781,0.0315498888647309,3476.59338277175,1.00087318518449
"q_values[41,2,8]",0.103863659314193,0.0102591976696857,0.211529204968612,1.80431793852017e-06,0.00440726661247932,0.0297190446175975,0.105129150904876,0.666298993842683,425.122292301304,1.01449134727737
"q_values[41,3,1]",-0.0881008503727343,0.00787626580035985,0.119997357352153,-0.445194920607233,-0.120028875589212,-0.0377614331069216,-0.00583293317566498,-2.40574989607747e-06,232.114694941484,1.02453810678209
"q_values[41,3,2]",0.018808853257221,0.00164338144029674,0.0231706319620127,6.01436660116147e-07,0.00145344296579532,0.0092382362340236,0.02792811988284,0.0810499115451908,198.792045376016,1.02714426210533
"q_values[41,3,3]",-0.114967148166638,0.0114137042118473,0.2524140021877,-0.761165131181008,-0.109167498927199,-0.0300878148823035,-0.00441581608230642,-1.80431938546154e-06,489.072967466946,1.01309347567298
"q_values[41,3,4]",-0.107531955864514,0.0102022242028003,0.181270650244033,-0.616006865619683,-0.127095984628278,-0.0384067810701572,-0.00584789474786241,-2.40575242822488e-06,315.693222768488,1.01852230167745
"q_values[41,3,5]",0,NA,0,0,0,0,0,0,NA,NA
"q_values[41,3,6]",0.0287831280142544,0.00184452764880409,0.0452411730876291,5.97021724306893e-08,0.00259428813336873,0.0172754843631122,0.0511402588849587,0.108997573578245,601.585522196932,1.01164585668489
"q_values[41,3,7]",0.161297933796771,0.0153033363042004,0.27190597536605,3.60862864233734e-06,0.00877184212179361,0.0576101716052358,0.190643976942417,0.924010298429525,315.693222768489,1.01852230167745
"q_values[41,3,8]",0,NA,0,0,0,0,0,0,NA,NA
"q_values[41,4,1]",-0.00506354340785783,0.00179168200193343,0.105137456722394,-0.0536328589177962,-0.0348040025331008,-0.0127568403646775,-0.00135549362814685,0.113391609575743,3443.44437855662,1.00127425749247
"q_values[41,4,2]",-0.0853249781596229,0.00753990076639035,0.112620198538916,-0.418466182393474,-0.119019288583631,-0.0376692405407451,-0.00583079580820821,-2.40574953434212e-06,223.100897327195,1.02544361482615
"q_values[41,4,3]",0.1881809227629,0.0178538923549004,0.317223637927058,4.21006674939356e-06,0.0102338158087592,0.0672118668727751,0.222417973099486,1.07801201483445,315.693222768488,1.01852230167745
"q_values[41,4,4]",0.00213692880632786,0.00132235179712064,0.0710985524432516,-0.0229041417690274,-0.0155102733174686,-0.00559487484630012,-0.000495419877317928,0.0959229950361759,2890.86291401759,1.00201688096652
"q_values[41,4,5]",-0.0130036279005715,0.000672377782465078,0.0250635777071062,-0.0492126332529595,-0.0247598876088834,-0.00829471524918224,-0.00121177771499704,-1.28129361077482e-08,1389.50278030016,1.00683105597631
"q_values[41,4,6]",0,NA,0,0,0,0,0,0,NA,NA
"q_values[41,4,7]",0,NA,0,0,0,0,0,0,NA,NA
"q_values[41,4,8]",0.241946900695157,0.0229550044563006,0.407858963049075,5.41294296350601e-06,0.0131577631826904,0.0864152574078537,0.285965965413625,1.38601544764429,315.693222768488,1.01852230167745
"q_values[41,5,1]",0.117759711551974,0.0107741874147673,0.172233518801448,3.00718836486904e-06,0.00729704423008736,0.0474553209406375,0.152812458751863,0.627709376017117,255.544358364726,1.02242728908367
"q_values[41,5,2]",-0.134414944830643,0.0127527802535003,0.226588312805041,-0.770008582024604,-0.158869980785347,-0.0480084763376965,-0.00730986843482801,-3.00719053528111e-06,315.693222768488,1.01852230167745
"q_values[41,5,3]",0,NA,0,0,0,0,0,0,NA,NA
"q_values[41,5,4]",-0.0117257410870044,0.00225295118428039,0.103471881811601,-0.179831966135203,0.000271808273555697,0.00422808768320084,0.0119488410801978,0.0168213845354321,2109.31349665975,1.00335962459151
"q_values[41,5,5]",0.0706726224710885,0.00698453286813684,0.147106618054709,1.20287874625878e-06,0.00293889332224794,0.0198443124723222,0.0704547082297932,0.455757229419748,443.598114694584,1.01404268819881
"q_values[41,5,6]",0.06954547804594,0.00632844236395424,0.0999813564596542,1.80431287422729e-06,0.00437737159106971,0.0284363155379119,0.0912836404488852,0.367139011876437,249.599890737878,1.02293462817177
"q_values[41,5,7]",-0.215063911729028,0.0204044484056005,0.362541300488066,-1.23201373123937,-0.254191969256556,-0.0768135621403144,-0.0116957894957248,-4.81150485644977e-06,315.693222768488,1.01852230167745
"q_values[41,5,8]",0,NA,0,0,0,0,0,0,NA,NA
"q_values[42,1,1]",0,NA,0,0,0,0,0,0,NA,NA
"q_values[42,1,2]",-0.0744153289757927,0.00527384249404665,0.0822564656794959,-0.292376688785735,-0.112331776500323,-0.044063881145218,-0.00819569203638154,-3.55621191547123e-06,243.268445487062,1.0274360957064
"q_values[42,1,3]",-0.0446443144324723,0.00386876923280656,0.0847351005525573,-0.260351966746614,-0.0485793238282346,-0.0161936962018071,-0.00280918875323311,-1.25109878531949e-06,479.712513713273,1.01289224246261
"q_values[42,1,4]",-0.0635451662079,0.00506881228801904,0.0889282244336314,-0.311511108533616,-0.083070579887958,-0.0305113060816006,-0.005556541103566,-2.50218504850933e-06,307.798731362597,1.02017512161989
"q_values[42,1,5]",0.09531774931185,0.00760321843202856,0.133392336650447,3.75327757276401e-06,0.00833481165534901,0.0457669591224009,0.124605869831937,0.467266662800425,307.798731362597,1.02017512161989
"q_values[42,1,6]",0.0463527104178012,0.00321695296213766,0.0492307080079295,2.50217409166841e-06,0.00550268087101875,0.0289105618695169,0.0715675633390133,0.171921308485107,234.197762569333,1.02871553809103
"q_values[42,1,7]",-0.131988375087676,0.00970317658097421,0.153646955158524,-0.559434972363538,-0.192149824990604,-0.0741836455646539,-0.0138218833091268,-6.25544853388628e-06,250.73793608079,1.02592732874098
"q_values[42,1,8]",0,NA,0,0,0,0,0,0,NA,NA
"q_values[42,2,1]",-0.00881159385637416,0.000869935258209014,0.0381514516987191,-0.0316552304523566,-0.0233849910691405,-0.010566978691207,-0.0016968386626453,0.0307656593235083,1923.30548341731,1.00041763004855
"q_values[42,2,2]",0.164835035615766,0.0133255844895247,0.23910355932653,6.2554657518038e-06,0.0139067904144235,0.0767437362349677,0.211126810770849,0.827297375679062,321.958242342992,1.01916329227499
"q_values[42,2,3]",-0.0844475865439573,0.00725013620656606,0.150692559627206,-0.481329723741188,-0.0951468435662958,-0.0321404546899822,-0.00561057289784574,-2.50219600536593e-06,432.007501664472,1.01421978791017
"q_values[42,2,4]",0,NA,0,0,0,0,0,0,NA,NA
"q_values[42,2,5]",0,NA,0,0,0,0,0,0,NA,NA
"q_values[42,2,6]",-0.1270903324158,0.0101376245760381,0.177856448867263,-0.623022217067233,-0.166141159775916,-0.0610226121632013,-0.011113082207132,-5.00437009701866e-06,307.798731362597,1.02017512161989
"q_values[42,2,7]",0.2541806648316,0.0202752491520762,0.355712897734526,1.00087401940374e-05,0.022226164414264,0.122045224326403,0.332282319551832,1.24604443413447,307.798731362597,1.02017512161989
"q_values[42,2,8]",0.109897876625701,0.00828957054118468,0.136197415975426,5.00435914017775e-06,0.0110592219745848,0.0594218679511175,0.154638143226971,0.483432417018723,269.943996140471,1.02369352923693
"q_values[42,3,1]",0.149701148737186,0.0116941629774616,0.200787008730465,6.25545636022419e-06,0.0138606061191974,0.0753686264392926,0.201205662965033,0.704410174013297,294.803703600693,1.02129466586971
"q_values[42,3,2]",-0.0276554452809129,0.00210318623841452,0.0356675242853269,-0.122350357501319,-0.0383715524577219,-0.014804384207983,-0.00276291867714075,-1.25108939373204e-06,287.601050729847,1.02211200734329
"q_values[42,3,3]",0,NA,0,0,0,0,0,0,NA,NA
"q_values[42,3,4]",0,NA,0,0,0,0,0,0,NA,NA
"q_values[42,3,5]",-0.09531774931185,0.00760321843202856,0.133392336650447,-0.467266662800425,-0.124605869831937,-0.0457669591224009,-0.00833481165534901,-3.753277572764e-06,307.798731362597,1.02017512161989
"q_values[42,3,6]",-0.225394141775658,0.0180703524338516,0.319581747364178,-1.11454868204017,-0.29247221013333,-0.107022306801085,-0.0194556126902353,-8.75764923504789e-06,312.774031687473,1.019800721316
"q_values[42,3,7]",-0.0833735091198173,0.00628713176397654,0.101969052250824,-0.370227454110384,-0.11770514773003,-0.0448360170604686,-0.00830393634433201,-3.75327131170309e-06,263.045963006352,1.0243389132845
"q_values[42,3,8]",0.22240808172765,0.0177408430080666,0.31124878551771,8.75764766978268e-06,0.019447893862481,0.106789571285602,0.290747029607853,1.09028887986766,307.798731362597,1.02017512161989
"q_values[42,4,1]",0.0635451662079,0.00506881228801904,0.0889282244336314,2.50218504850934e-06,0.005556541103566,0.0305113060816006,0.083070579887958,0.311511108533617,307.798731362597,1.02017512161989
"q_values[42,4,2]",0,NA,0,0,0,0,0,0,NA,NA
"q_values[42,4,3]",0,NA,0,0,0,0,0,0,NA,NA
"q_values[42,4,4]",0.058850710174563,0.00534212538499176,0.121022368929389,1.2511081768952e-06,0.00285533015802612,0.0175617048984078,0.0583571598517025,0.375681964622614,513.219495163386,1.01189364090067
"q_values[42,4,5]",-0.0543833994253361,0.00409375816215363,0.0676641585713729,-0.237143511212872,-0.0765997931330956,-0.0296016673168917,-0.00552579446384838,-2.50217878746017e-06,273.195162317099,1.02342576189708
"q_values[42,4,6]",-0.1270903324158,0.0101376245760381,0.177856448867263,-0.623022217067233,-0.166141159775916,-0.0610226121632013,-0.011113082207132,-5.00437009701866e-06,307.798731362597,1.02017512161989
"q_values[42,4,7]",-0.100215791983726,0.00714586615371324,0.111602888742471,-0.401152324377298,-0.150348499919331,-0.0588291502395507,-0.0109301094186441,-4.85865319921647e-06,243.916465075708,1.0272441469437
"q_values[42,4,8]",-0.0556610634880155,0.00503441076095686,0.117122150962119,-0.34983397164689,-0.0553367341477936,-0.017117537164665,-0.00284002117381699,-1.25110504637649e-06,541.228659071243,1.01126414061725
"q_values[42,5,1]",0.22240808172765,0.0177408430080666,0.31124878551771,8.75764766978268e-06,0.019447893862481,0.106789571285602,0.290747029607853,1.09028887986766,307.798731362597,1.02017512161989
"q_values[42,5,2]",0.1906354986237,0.0152064368640571,0.266784673300894,7.50655514552802e-06,0.016669623310698,0.0915339182448019,0.249211739663874,0.934533325600849,307.798731362597,1.02017512161989
"q_values[42,5,3]",-0.0803874490718091,0.00595659036368106,0.0948933965315335,-0.345391653555104,-0.115979967204553,-0.0446032815449855,-0.00829621751657776,-3.75326974643786e-06,253.791173685915,1.02548323250842
"q_values[42,5,4]",-0.0361498798566926,0.00299650430551012,0.0596027503115285,-0.191351162123967,-0.0434754381429783,-0.0154990402048951,-0.00278605371518693,-1.25109408952577e-06,395.642364332663,1.01565058442388
"q_values[42,5,5]",-0.0276554452809129,0.00210318623841452,0.0356675242853269,-0.122350357501319,-0.0383715524577219,-0.014804384207983,-0.00276291867714075,-1.25108939373204e-06,287.601050729847,1.02211200734329
"q_values[42,5,6]",0,NA,0,0,0,0,0,0,NA,NA
"q_values[42,5,7]",0,NA,0,0,0,0,0,0,NA,NA
"q_values[42,5,8]",-0.0516009260158673,0.00374439302138065,0.0588566477506824,-0.213965202144104,-0.0760937434754939,-0.0295803640196683,-0.00552566579254901,-2.50217878744842e-06,247.074651307935,1.02655795254461
"q_values[43,1,1]",0.131262713809037,0.0128068383680174,0.226204590460116,5.17008731776946e-06,0.00914288507878951,0.0528094682847705,0.162177904037972,0.766627303865127,311.974409321382,1.02355377736354
"q_values[43,1,2]",0.072755340753647,0.00731082314039549,0.137903462922347,2.58504783545007e-06,0.0045844298987778,0.0268266753181043,0.0848283025835904,0.44711766222939,355.809703921058,1.02093384012948
"q_values[43,1,3]",0.0801998941827107,0.00827460407939124,0.155674007437173,2.58505451793735e-06,0.00460511494773949,0.0274842400446846,0.090348483836558,0.516586480922304,353.946616279023,1.02087924503829
"q_values[43,1,4]",0,NA,0,0,0,0,0,0,NA,NA
"q_values[43,1,5]",0,NA,0,0,0,0,0,0,NA,NA
"q_values[43,1,6]",-0.013260352479677,0.000645484019846742,0.0181586430593583,-0.0391419358535631,-0.0259673868403713,-0.0105185823516039,-0.00177155143216292,-4.40758138108491e-10,791.399540587891,1.01179309347851
"q_values[43,1,7]",-0.0585073730553899,0.00549632989302801,0.0893154844957236,-0.319509641635737,-0.0773496014543821,-0.0259827929666662,-0.0045584551800117,-2.58503948231938e-06,264.063231644291,1.02738476258085
"q_values[43,1,8]",0.0877610595830848,0.00824449483954201,0.133973226743585,3.87755922347908e-06,0.00683768277001756,0.0389741894499994,0.116024402181573,0.479264462453605,264.063231644291,1.02738476258085
"q_values[43,2,1]",0,NA,0,0,0,0,0,0,NA,NA
"q_values[43,2,2]",0.0675495413017316,0.00762285659088893,0.171180566275377,1.29254480053233e-06,0.00235704517949655,0.0155033097387559,0.0605902770081169,0.505884085094069,504.281944198567,1.01537962583102
"q_values[43,2,3]",0.0877610595830848,0.00824449483954201,0.133973226743585,3.87755922347908e-06,0.00683768277001756,0.0389741894499994,0.116024402181573,0.479264462453605,264.063231644291,1.02738476258085
"q_values[43,2,4]",0.0406520606863007,0.00420199790125923,0.084186291408615,1.29252642366424e-06,0.00230000736501873,0.0136665023644836,0.0446577616305576,0.261841237292791,401.394201399761,1.01879166533011
"q_values[43,2,5]",-0.0913684042539168,0.00813840246025371,0.107043861710454,-0.400423416338181,-0.140884589798113,-0.0503372740334218,-0.00900764868219139,-4.77459835865246e-06,172.999644639713,1.03626708768924
"q_values[43,2,6]",-0.17552211916617,0.016488989679084,0.267946453487171,-0.95852892490721,-0.232048804363146,-0.0779483788999987,-0.0136753655400351,-7.75511844695814e-06,264.063231644291,1.02738476258085
"q_values[43,2,7]",-0.0868883764082044,0.00812675441570922,0.134422206517963,-0.470051657225879,-0.114760051780931,-0.0388141835569968,-0.00683253518928993,-3.87755755286157e-06,273.594755488782,1.02662660360207
"q_values[43,2,8]",0,NA,0,0,0,0,0,0,NA,NA
"q_values[43,3,1]",-0.146268432638475,0.01374082473257,0.223288711239309,-0.798774104089341,-0.193374003635955,-0.0649569824166656,-0.0113961379500293,-6.46259870579845e-06,264.063231644291,1.02738476258085
"q_values[43,3,2]",0,NA,0,0,0,0,0,0,NA,NA
"q_values[43,3,3]",0.0399279690077083,0.00189346245091305,0.079610772805648,1.32227441490972e-09,0.00528981805727156,0.031921646944527,0.0812326207971732,0.1283437252001,1767.78842267892,1.00559976152092
"q_values[43,3,4]",0.11701474611078,0.010992659786056,0.178630968991447,5.17007896463877e-06,0.00911691036002341,0.0519655859333325,0.154699202908764,0.639019283271473,264.063231644291,1.02738476258085
"q_values[43,3,5]",-0.149118026178126,0.014104808534781,0.232551864622077,-0.824295708208072,-0.194869743861797,-0.0651257588869532,-0.0114013328937825,-6.46260037642459e-06,271.83493009528,1.02667050071774
"q_values[43,3,6]",-0.207625399233516,0.0196009686792467,0.321850557297742,-1.14380534984381,-0.272219345316179,-0.0911085518536195,-0.0159597880737942,-9.04763985874397e-06,269.620842555646,1.02687035319967
"q_values[43,3,7]",0,NA,0,0,0,0,0,0,NA,NA
"q_values[43,3,8]",-0.136351901289642,0.0134674526820703,0.236935632559136,-0.814651718162061,-0.166260192521398,-0.0533004491853845,-0.00915838702475437,-5.17009232963275e-06,309.520801284821,1.02362399984626
"q_values[43,4,1]",0.0179710843765943,0.00144340800960998,0.017904323597814,1.07259456234798e-06,0.00221348184411524,0.0120026705566545,0.0307853092056413,0.0574778009378846,153.864211413371,1.03802724377261
"q_values[43,4,2]",0.0414098118174813,0.00349536664489023,0.0466458841512845,2.14519372676331e-06,0.00444687205206705,0.0247721210895896,0.0675633339839743,0.15817761070093,178.090676443098,1.0345376263721
"q_values[43,4,3]",0,NA,0,0,0,0,0,0,NA,NA
"q_values[43,4,4]",0.0585073730553899,0.00549632989302801,0.0893154844957236,2.58503948231939e-06,0.0045584551800117,0.0259827929666662,0.0773496014543821,0.319509641635737,264.063231644291,1.02738476258085
"q_values[43,4,5]",-0.0877610595830848,0.00824449483954201,0.133973226743585,-0.479264462453605,-0.116024402181573,-0.0389741894499994,-0.00683768277001756,-3.87755922347907e-06,264.063231644291,1.02738476258085
"q_values[43,4,6]",0,NA,0,0,0,0,0,0,NA,NA
"q_values[43,4,7]",0.120622090781612,0.0107224303723718,0.148356893677216,6.46258367016322e-06,0.0113493834562503,0.0634379941840771,0.179912341603381,0.563925854786738,191.438372413404,1.03502718124143
"q_values[43,4,8]",-0.0675495413017316,0.00762285659088893,0.171180566275377,-0.505884085094068,-0.0605902770081169,-0.0155033097387559,-0.00235704517949655,-1.29254480053232e-06,504.281944198567,1.01537962583102
"q_values[43,5,1]",-0.0378024671466492,0.00383742700750922,0.073997231268104,-0.236319633174061,-0.043162021404716,-0.013497725894196,-0.00229481242126551,-1.2925247530381e-06,371.835358133582,1.02012308590237
"q_values[43,5,2]",-0.263283178749254,0.024733484518626,0.401919680230756,-1.43779338736081,-0.34807320654472,-0.116922568349998,-0.0205130483100527,-1.16326776704372e-05,264.063231644291,1.02738476258085
"q_values[43,5,3]",-0.204775805693865,0.019237154625598,0.312604195735033,-1.11828374572508,-0.270723605090337,-0.0909397753833319,-0.015954593130041,-9.04763818811783e-06,264.063231644292,1.02738476258085
"q_values[43,5,4]",-0.00531989153180988,0.00216119951038688,0.0847342751938684,-0.151640034111875,0.000583170383658012,0.0063499238193454,0.0148647331833125,0.0194796387202219,1537.19342025654,1.00453534152156
"q_values[43,5,5]",0.0130296484284721,0.00183502850945189,0.0920112162785701,-0.0898944300461787,0.0026252067702865,0.017913482798964,0.0435804635070891,0.0598757631319434,2514.17736011834,1.00173286616088
"q_values[43,5,6]",0.0414098118174813,0.00349536664489023,0.0466458841512845,2.14519372676331e-06,0.00444687205206705,0.0247721210895896,0.0675633339839743,0.15817761070093,178.090676443098,1.0345376263721
"q_values[43,5,7]",0,NA,0,0,0,0,0,0,NA,NA
"q_values[43,5,8]",0,NA,0,0,0,0,0,0,NA,NA
"q_values[44,1,1]",0,NA,0,0,0,0,0,0,NA,NA
"q_values[44,1,2]",0.182072466481157,0.0139307454055027,0.244623598202194,4.38704770290245e-06,0.0167450304245858,0.0901148358351856,0.252068614827993,0.850671599958672,308.35286607852,1.01865129212163
"q_values[44,1,3]",0.25490145307362,0.0195030435677038,0.342473037483072,6.14186678406344e-06,0.0234430425944201,0.12616077016926,0.35289606075919,1.19094023994214,308.35286607852,1.01865129212163
"q_values[44,1,4]",0.0252573579756248,0.0017285958694292,0.0256203253665554,7.02401950061668e-07,0.00325919423749046,0.0167666418002793,0.0420927048351132,0.0816498818809552,219.675862278695,1.02518717261476
"q_values[44,1,5]",-0.0631438246968928,0.00545425472480789,0.118271538114405,-0.377076944671653,-0.0701054343266277,-0.0205923206758377,-0.00343854743579851,-8.77415699369082e-07,470.20761324337,1.01208023892923
"q_values[44,1,6]",0,NA,0,0,0,0,0,0,NA,NA
"q_values[44,1,7]",-0.120400615209301,0.00945656910305958,0.176262679910903,-0.597240243134976,-0.158865802183719,-0.0550433860633569,-0.0100806666956745,-2.63223093128846e-06,347.41897673717,1.01655889769434
"q_values[44,1,8]",-0.142201689721377,0.01161705641834,0.22964353468764,-0.76538772126318,-0.175759711487467,-0.057276202588534,-0.0101589167696162,-2.6322363202267e-06,390.765531665706,1.01465376159084
"q_values[44,2,1]",-0.156815108505532,0.0122424048110353,0.225032677856401,-0.76737456312671,-0.209279525149317,-0.0730663532303941,-0.0134296727805916,-3.50964047186895e-06,337.876280549951,1.01702473881313
"q_values[44,2,2]",0.0307902207550674,0.0022324651762532,0.0368067073891183,8.77408000884525e-07,0.00332668648591648,0.0173908739865193,0.0457150205501091,0.127016876132904,271.821967009412,1.02138272395578
"q_values[44,2,3]",0,NA,0,0,0,0,0,0,NA,NA
"q_values[44,2,4]",0,NA,0,0,0,0,0,0,NA,NA
"q_values[44,2,5]",-0.038832916859663,0.00305161970696043,0.0588816647403159,-0.189833090988649,-0.0509262382222107,-0.0180463847594539,-0.0033491563448478,-8.77409540583191e-07,372.305402782815,1.01530348669469
"q_values[44,2,6]",-0.182072466481157,0.0139307454055027,0.244623598202194,-0.850671599958671,-0.252068614827993,-0.0901148358351856,-0.0167450304245858,-4.38704770290245e-06,308.35286607852,1.01865129212163
"q_values[44,2,7]",0.0728289865924628,0.00557229816220107,0.0978494392808778,1.75481908116098e-06,0.00669801216983433,0.0360459343340742,0.100827445931197,0.340268639983469,308.352866078521,1.01865129212163
"q_values[44,2,8]",0.0624478090443134,0.00541541084772938,0.12180260669867,8.77414929523464e-07,0.00342751911373748,0.0202967644789435,0.0682045339684186,0.372754647364539,505.883301663047,1.01118252700148
"q_values[44,3,1]",-0.0563103403740129,0.00476530058345232,0.0998849463875182,-0.324110115314366,-0.0651504742828322,-0.0199485186991115,-0.00341615270683251,-8.77414159671765e-07,439.35895393787,1.01296987681854
"q_values[44,3,2]",0.123343702543712,0.00893875266868039,0.141725216062556,3.50963354322799e-06,0.0133287274578227,0.0701428995436573,0.186405625288549,0.506862713647391,251.385610134339,1.02297854422486
"q_values[44,3,3]",-0.0951432572336759,0.00781730818613741,0.158593239869153,-0.513943206303015,-0.116076712505043,-0.0379949034585654,-0.00676530905168031,-1.75482370025496e-06,411.580580313006,1.0138358773062
"q_values[44,3,4]",-0.109243479888694,0.00835844724330163,0.146774158921317,-0.510402959975203,-0.151241168896796,-0.0540689015011114,-0.0100470182547515,-2.63222862174147e-06,308.352866078519,1.01865129212163
"q_values[44,3,5]",0.25490145307362,0.0195030435677038,0.342473037483072,6.14186678406344e-06,0.0234430425944201,0.12616077016926,0.35289606075919,1.19094023994214,308.35286607852,1.01865129212163
"q_values[44,3,6]",0.055876226849093,0.00271320332920998,0.0707542176585927,2.00233442368183e-07,0.00854682530322053,0.0451768174822876,0.105266788907045,0.153427898681981,680.048651768569,1.01172618701711
"q_values[44,3,7]",0,NA,0,0,0,0,0,0,NA,NA
"q_values[44,3,8]",0,NA,0,0,0,0,0,0,NA,NA
"q_values[44,4,1]",-0.182072466481157,0.0139307454055027,0.244623598202194,-0.850671599958671,-0.252068614827993,-0.0901148358351856,-0.0167450304245858,-4.38704770290245e-06,308.35286607852,1.01865129212163
"q_values[44,4,2]",0,NA,0,0,0,0,0,0,NA,NA
"q_values[44,4,3]",0.258620498180489,0.0198686810260642,0.352104764551482,6.14186755391243e-06,0.0234542587413945,0.126485598356675,0.355437605188165,1.2198860009954,314.055011800654,1.01831300454994
"q_values[44,4,4]",0.0765480316993317,0.00593813418987314,0.107571073560328,1.75481985100998e-06,0.00670922831680866,0.0363707625214894,0.103368990360171,0.369214401036726,328.164040828438,1.01752700989715
"q_values[44,4,5]",0,NA,0,0,0,0,0,0,NA,NA
"q_values[44,4,6]",0.145657973184926,0.0111445963244021,0.195698878561756,3.50963816232196e-06,0.0133960243396687,0.0720918686681485,0.201654891862394,0.680537279966937,308.352866078521,1.01865129212163
"q_values[44,4,7]",0.0313948266459253,0.00229474925036949,0.038979877288588,8.774080008852e-07,0.00332672405089914,0.0173967283846235,0.0458431493642621,0.131941568882133,288.542946187196,1.0201302736117
"q_values[44,4,8]",-0.0496473484170711,0.00213457675717405,0.075650320856011,-0.136158574070137,-0.0981241699573488,-0.0433910675511109,-0.00788637288676284,-2.3787203634945e-09,1256.02416869805,1.00704913862338
"q_values[44,5,1]",0.25490145307362,0.0195030435677038,0.342473037483072,6.14186678406344e-06,0.0234430425944201,0.12616077016926,0.35289606075919,1.19094023994214,308.35286607852,1.01865129212163
"q_values[44,5,2]",-0.0839861219130694,0.00668261064245011,0.127611186575925,-0.427105923143242,-0.10845207921812,-0.0370204188963198,-0.00673166061075732,-1.75482139070797e-06,364.657523175237,1.01572550319081
"q_values[44,5,3]",-0.0721329709398834,0.00551750753679396,0.0999407714039028,-0.335946342676354,-0.098926545572988,-0.03575037813718,-0.00668698384777329,-1.75481831131536e-06,328.094933811104,1.01754285724857
"q_values[44,5,4]",0.327730439666083,0.0250753417299048,0.44032247676395,7.89668586522442e-06,0.0301410547642545,0.162206704503334,0.453723506690387,1.53120887992561,308.352866078521,1.01865129212163
"q_values[44,5,5]",0,NA,0,0,0,0,0,0,NA,NA
"q_values[44,5,6]",-0.0487808403985538,0.00404793835949307,0.0848053990842629,-0.266820988649965,-0.0582946138808275,-0.0190091605254911,-0.00338272965580547,-8.7741185012883e-07,438.913787293802,1.01290228450129
"q_values[44,5,7]",0.0252573579756248,0.0017285958694292,0.0256203253665554,7.02401950061668e-07,0.00325919423749046,0.0167666418002793,0.0420927048351132,0.0816498818809552,219.675862278695,1.02518717261476
"q_values[44,5,8]",0,NA,0,0,0,0,0,0,NA,NA
"q_values[45,1,1]",-0.259113639903784,0.00921840419937498,0.184934254207745,-0.663204299400183,-0.382893839080045,-0.235902401930017,-0.110592713580892,-0.000253508117644152,402.460467235977,1.01640003846267
"q_values[45,1,2]",0.619028444822931,0.0242636730607799,0.511856170992761,0.000507056408241644,0.229408602949657,0.512910761744683,0.889381302333929,1.87675212030764,445.023347464091,1.01500471116123
"q_values[45,1,3]",0,NA,0,0,0,0,0,0,NA,NA
"q_values[45,1,4]",-0.629108561324468,0.0248514375876282,0.526605650579168,-1.93178647245837,-0.901740664751313,-0.517021357533148,-0.230230920528444,-0.000507060425536977,449.022389459572,1.01488359687814
"q_values[45,1,5]",0.246197882706749,0.00574907341821642,0.140519765447582,6.67652015649509e-05,0.142140392445716,0.275391696080122,0.369842559925783,0.410687823052456,597.419126861201,1.0123874080736
"q_values[45,1,6]",0.0450571910265519,0.00414852956186579,0.128430990874525,-0.0194834536453535,-0.0156117875412673,-0.00293677313720016,0.0426289308533052,0.416298914133199,958.409893402823,1.00766877510719
"q_values[45,1,7]",-0.232135666808599,0.00909887739779248,0.191946064122285,-0.703782045115366,-0.333517988375223,-0.192341535654256,-0.0860282261061213,-0.000190146153090616,445.02334746409,1.01500471116123
"q_values[45,1,8]",0,NA,0,0,0,0,0,0,NA,NA
"q_values[45,2,1]",0.339754571916075,0.0138951711189683,0.300635392162815,0.000253540256006824,0.117171254211191,0.268787168237736,0.481768738419116,1.103479116606,468.11484496786,1.01433810744351
"q_values[45,2,2]",0,NA,0,0,0,0,0,0,NA,NA
"q_values[45,2,3]",0.154757111205733,0.00606591826519498,0.12796404274819,0.000126764102060411,0.0573521507374142,0.128227690436171,0.222345325583482,0.469188030076911,445.023347464091,1.01500471116123
"q_values[45,2,4]",-0.464271333617199,0.018197754795585,0.383892128244571,-1.40756409023073,-0.667035976750447,-0.384683071308512,-0.172056452212243,-0.000380292306181233,445.02334746409,1.01500471116123
"q_values[45,2,5]",0,NA,0,0,0,0,0,0,NA,NA
"q_values[45,2,6]",-0.0718552333749394,0.00564078036817666,0.167209218929785,-0.55558051107026,-0.0769589709930792,7.35691139186262e-12,0.0109431846089535,0.0158087473351094,878.702892560407,1.00832099100134
"q_values[45,2,7]",-0.366979349978387,0.0141464570015313,0.296698491027536,-1.08533139728546,-0.527029368043687,-0.309818723523761,-0.141054909248772,-0.00031689820479278,439.881105030497,1.01518404804981
"q_values[45,2,8]",0.494511683121807,0.0199642527480347,0.428430238300674,0.000380304358067235,0.174523404948605,0.397014858673907,0.704114064002599,1.57266714668291,460.525955235591,1.01454460832269
"q_values[45,3,1]",-0.00326237640942379,0.00181587838722815,0.0728480215012888,-0.205680802167366,0.00069146779612372,0.0185507420078725,0.028319029938067,0.0312166605773152,1609.39261073957,1.00526740450747
"q_values[45,3,2]",-0.205157693713414,0.00900229557930781,0.203864008853676,-0.744359790830548,-0.284142137670402,-0.148780669378495,-0.0614637386313511,-0.00012678418853708,512.831370271069,1.01324307766426
"q_values[45,3,3]",0.123042413090141,0.00434388259986314,0.0872964266155811,0.000126748034152204,0.0541807847069298,0.113103044614585,0.179777993694891,0.313604270261805,403.865518131765,1.01643681835484
"q_values[45,3,4]",0.0979655243198642,0.00298210542320982,0.057280698497463,0.00012673598303008,0.0517845745413667,0.101561899648555,0.146821977111306,0.186635291647134,368.952642693597,1.01788215586323
"q_values[45,3,5]",-0.696407000425798,0.0272966321933775,0.575838192366856,-2.1113461353461,-1.00055396512567,-0.577024606962768,-0.258084678318364,-0.000570438459271849,445.02334746409,1.01500471116123
"q_values[45,3,6]",0,NA,0,0,0,0,0,0,NA,NA
"q_values[45,3,7]",0,NA,0,0,0,0,0,0,NA,NA
"q_values[45,3,8]",-0.464271333617199,0.018197754795585,0.383892128244571,-1.40756409023073,-0.667035976750447,-0.384683071308512,-0.172056452212243,-0.000380292306181233,445.02334746409,1.01500471116123
"q_values[45,4,1]",0,NA,0,0,0,0,0,0,NA,NA
"q_values[45,4,2]",-0.137859254612084,0.00655314416136744,0.156670268873978,-0.564800127942821,-0.185328837296045,-0.0887774199488749,-0.0336099808414314,-6.34061548022086e-05,571.575669161191,1.01209108331736
"q_values[45,4,3]",-0.386892778014332,0.0151647956629874,0.319910106870476,-1.17297007519228,-0.555863313958706,-0.320569226090427,-0.143380376843536,-0.000316910255151027,445.023347464091,1.01500471116123
"q_values[45,4,4]",0,NA,0,0,0,0,0,0,NA,NA
"q_values[45,4,5]",0.0473850110653853,0.0014423895680009,0.0276831052671523,6.33659833766248e-05,0.0255282901951557,0.0492527468629546,0.069979354459339,0.0919209849809104,368.353213432241,1.01800523082638
"q_values[45,4,6]",-0.619028444822931,0.0242636730607799,0.511856170992761,-1.87675212030764,-0.889381302333929,-0.512910761744683,-0.229408602949657,-0.000507056408241643,445.023347464091,1.01500471116123
"q_values[45,4,7]",-0.161574851297845,0.00504864883950704,0.0988196688563149,-0.319955582607055,-0.245644237147027,-0.163092108964512,-0.0798933140012782,-0.000175470181743567,383.121443186673,1.01705359452488
"q_values[45,4,8]",0.206632042324397,0.008963803524285,0.200238681752907,0.000126788204559285,0.0621681519254734,0.151573527834686,0.289631382306841,0.734840494193471,499.01235389631,1.01355767636574
"q_values[45,5,1]",0.232135666808599,0.00909887739779248,0.191946064122285,0.000190146153090616,0.0860282261061213,0.192341535654256,0.333517988375223,0.703782045115366,445.02334746409,1.01500471116123
"q_values[45,5,2]",0.253590317675857,0.0116524637467796,0.269916849752124,0.000126808290526703,0.0662325781055443,0.171599411844101,0.348680147281383,0.984190795431988,536.567633937941,1.01273811081946
"q_values[45,5,3]",-0.218860048117969,0.00842001851737329,0.176475085908555,-0.645356259844154,-0.314295357765211,-0.185174533943146,-0.0844779143762786,-0.000190138119518452,439.279271792342,1.0152052973543
"q_values[45,5,4]",0.218793173897639,0.00692278274669386,0.135339936193831,0.00025045911561134,0.106795746628516,0.21901991355886,0.332494653160278,0.442246576881637,382.199865181463,1.01709435802437
"q_values[45,5,5]",0,NA,0,0,0,0,0,0,NA,NA
"q_values[45,5,6]",-0.309514222411466,0.01213183653039,0.25592808549638,-0.938376060153821,-0.444690651166964,-0.256455380872341,-0.114704301474828,-0.000253528204120822,445.023347464091,1.01500471116123
"q_values[45,5,7]",0.225317926716487,0.0101745345912682,0.234936410189037,0.000126792223127748,0.0631083737889259,0.157001860955425,0.30886086250517,0.854428495132004,533.177178000874,1.01281437069318
"q_values[45,5,8]",0,NA,0,0,0,0,0,0,NA,NA
"q_values[46,1,1]",-0.275064542204083,0.00808185017294053,0.223315594500239,-0.749421952620224,-0.439495373907451,-0.234016067157705,-0.0764937550506944,-8.17057503562272e-05,763.513136133412,1.00839566884743
"q_values[46,1,2]",0.426576356211376,0.0134808687748774,0.424203365521237,9.80494641328914e-05,0.0941566336339879,0.305747729113169,0.63488072744546,1.50389035098078,990.176140152774,1.0071587827428
"q_values[46,1,3]",0.639864534317065,0.0202213031623161,0.636305048281856,0.000147074196199337,0.141234950450982,0.458621593669753,0.95232109116819,2.25583552647117,990.176140152776,1.0071587827428
"q_values[46,1,4]",0.0911999980282455,0.00301363086030451,0.106510159212489,1.63421114607774e-05,0.0161852988500719,0.056151381628012,0.128206429315185,0.376297642832604,1249.11366296055,1.00610914301895
"q_values[46,1,5]",0,NA,0,0,0,0,0,0,NA,NA
"q_values[46,1,6]",0,NA,0,0,0,0,0,0,NA,NA
"q_values[46,1,7]",-0.15997016453596,0.00565947942504899,0.223583507784157,-0.784413271121125,-0.210669893976431,-0.0761311493720672,-0.018132217803517,-1.6344247855774e-05,1560.72562222384,1.00515480882799
"q_values[46,1,8]",-0.229547903006717,0.00692416876936568,0.199495253973261,-0.688796356440362,-0.354356319107038,-0.186713411505704,-0.0610781625439228,-6.5364440088307e-05,830.09891613,1.0080412014728
"q_values[46,2,1]",-0.111688898193607,0.0033506185433458,0.0957346929418035,-0.328732761423125,-0.172764654918704,-0.0921906722854333,-0.0304198141871124,-3.26820865221939e-05,816.373167622534,1.00812850863302
"q_values[46,2,2]",0,NA,0,0,0,0,0,0,NA,NA
"q_values[46,2,3]",0.212555904046015,0.00721589389334746,0.268277170853996,3.26850240794981e-05,0.0331093875667545,0.12009290341975,0.290002320741782,0.941069162168918,1382.25178248485,1.00564362385558
"q_values[46,2,4]",0.137925294521107,0.00476733847055997,0.181131500301409,1.63437137461143e-05,0.0176358266661903,0.0708053993697143,0.187092180185069,0.643017124165089,1443.56383985648,1.00551358042798
"q_values[46,2,5]",0.142192118737125,0.00449362292495914,0.141401121840412,3.26831547109638e-05,0.0313855445446626,0.10191590970439,0.211626909148487,0.501296783660261,990.176140152774,1.0071587827428
"q_values[46,2,6]",0.336108632242804,0.0099352022688903,0.276817160810894,9.80470606590616e-05,0.0919402640341555,0.282377308621992,0.534112341111223,0.937095001481027,776.305375499601,1.00833209640156
"q_values[46,2,7]",0,NA,0,0,0,0,0,0,NA,NA
"q_values[46,2,8]",-0.355480296842814,0.0112340573123978,0.353502804601031,-1.25324195915065,-0.529067272871217,-0.254789774260974,-0.0784638613616566,-8.17078867774093e-05,990.176140152773,1.0071587827428
"q_values[46,3,1]",0,NA,0,0,0,0,0,0,NA,NA
"q_values[46,3,2]",0.213288178105688,0.00674043438743871,0.212101682760619,4.90247320664457e-05,0.047078316816994,0.152873864556584,0.31744036372273,0.751945175490392,990.176140152774,1.0071587827428
"q_values[46,3,3]",0.119799936168279,0.0036625384950853,0.108002082708762,3.26823535704775e-05,0.0306622129163965,0.0946550624468063,0.182776403238754,0.375810490970799,869.56062276646,1.00779215605289
"q_values[46,3,4]",-0.253496055425054,0.00831420280385873,0.283166317514311,-1.00324367749534,-0.362226313204613,-0.163260718108219,-0.048063369972475,-4.90258002770366e-05,1159.95718235358,1.00638987635985
"q_values[46,3,5]",-0.000732274059673073,0.00131059730727939,0.0738949495574189,-0.0356820349041801,-0.031024636635492,-0.0180551690769321,-0.00193240365941075,0.189123986678526,3179.00324598668,1.0006823343749
"q_values[46,3,6]",0.0398229158136863,0.00245811555628874,0.136257157494851,-0.0211709487635434,-0.0166669779573128,-0.0055016731721827,0.022620698619306,0.424512634416899,3072.65683149681,1.00233563819499
"q_values[46,3,7]",-0.142192118737125,0.00449362292495914,0.141401121840412,-0.501296783660261,-0.211626909148487,-0.10191590970439,-0.0313855445446626,-3.26831547109637e-05,990.176140152774,1.0071587827428
"q_values[46,3,8]",0,NA,0,0,0,0,0,0,NA,NA
"q_values[46,4,1]",0.213288178105688,0.00674043438743871,0.212101682760619,4.90247320664457e-05,0.047078316816994,0.152873864556584,0.31744036372273,0.751945175490392,990.176140152774,1.0071587827428
"q_values[46,4,2]",0.123644149926933,0.0042423772196009,0.159642060014661,1.63431796539115e-05,0.0171548937672082,0.066008942273504,0.168253422595388,0.564608561023302,1416.04182916202,1.00557601308929
"q_values[46,4,3]",-0.233392116765371,0.00752760821901703,0.247276422797448,-0.877594426492865,-0.339833338463672,-0.158067291332402,-0.0475708433947345,-4.90252661717411e-05,1079.07443442319,1.00673472394529
"q_values[46,4,4]",-0.426576356211376,0.0134808687748774,0.424203365521237,-1.50389035098078,-0.63488072744546,-0.305747729113169,-0.0941566336339879,-9.80494641328911e-05,990.176140152774,1.0071587827428
"q_values[46,4,5]",0,NA,0,0,0,0,0,0,NA,NA
"q_values[46,4,6]",0,NA,0,0,0,0,0,0,NA,NA
"q_values[46,4,7]",-0.0889117541190821,0.00296848156363684,0.108760868857483,-0.376460601145616,-0.121748898146394,-0.0540839611462459,-0.0159544937995463,-1.63418444255866e-05,1342.38355997612,1.00572974403565
"q_values[46,4,8]",0.334644084123458,0.010960022559961,0.371533817170092,6.53676446851664e-05,0.0640024055336766,0.216815386348322,0.479236255149327,1.31671669482671,1149.14227776732,1.00642915926668
"q_values[46,5,1]",-0.334644084123458,0.010960022559961,0.371533817170092,-1.31671669482671,-0.479236255149327,-0.216815386348322,-0.0640024055336766,-6.53676446851662e-05,1149.14227776732,1.00642915926668
"q_values[46,5,2]",-0.0517243947685531,0.00150382334260051,0.0706220158505109,-0.11096345406636,-0.0975417289974231,-0.0634413097822311,-0.019100027978923,0.0641248458508692,2205.39596948507,0.999925707853537
"q_values[46,5,3]",0,NA,0,0,0,0,0,0,NA,NA
"q_values[46,5,4]",0,NA,0,0,0,0,0,0,NA,NA
"q_values[46,5,5]",-0.00305816692052175,0.00232166112593709,0.130380490999258,-0.0684852195875412,-0.0598656530311845,-0.0348860130417045,-0.00357780658188352,0.346591223136917,3153.75219117092,1.00074504555983
"q_values[46,5,6]",0.0822652642637564,0.00203320765393079,0.0893038099567653,-0.0488651017591116,0.0305187035095938,0.0972481343977065,0.146896782587211,0.167185895451843,1929.19666829655,1.00057834115809
"q_values[46,5,7]",0.284384237474251,0.00898724584991828,0.282802243680825,6.53663094219276e-05,0.0627710890893253,0.203831819408779,0.423253818296973,1.00259356732052,990.176140152774,1.0071587827428
"q_values[46,5,8]",-0.213288178105688,0.00674043438743871,0.212101682760619,-0.751945175490391,-0.31744036372273,-0.152873864556584,-0.047078316816994,-4.90247320664455e-05,990.176140152774,1.0071587827428
"q_values[47,1,1]",0.135568015731813,0.00787140615222963,0.163355324768299,1.03846538769371e-13,0.0152287176311468,0.0989521402747479,0.254610482027798,0.408527103552579,430.687182434981,1.01543381346015
"q_values[47,1,2]",0,NA,0,0,0,0,0,0,NA,NA
"q_values[47,1,3]",-0.10552063070434,0.00783699666670466,0.162254828870963,-0.618240886178594,-0.132301789782019,-0.0412051710680922,-0.00668333624132582,-2.17763348463956e-07,428.643198881171,1.01590993223625
"q_values[47,1,4]",-0.0132818815523706,0.002142058229086,0.11350333457334,-0.0849040376252309,-0.0610285856671573,-0.0238967903346771,-0.00262979029098228,0.283827151474858,2807.72582518452,1.00017825634509
"q_values[47,1,5]",-0.294070157797003,0.0216208014143039,0.428333306480822,-1.63260583229887,-0.384580204269552,-0.122367691148098,-0.0200166198901491,-6.53290009818634e-07,392.482336047681,1.01728684185887
"q_values[47,1,6]",0.392093543729337,0.0288277352190719,0.571111075307763,8.71053346424853e-07,0.0266888265201988,0.163156921530798,0.512773605692736,2.1768077763985,392.482336047682,1.01728684185887
"q_values[47,1,7]",0,NA,0,0,0,0,0,0,NA,NA
"q_values[47,1,8]",-0.399590788501342,0.0294574274003867,0.590428168616618,-2.25084671847747,-0.516881994051571,-0.16357286221619,-0.0266999561314749,-8.7105335828259e-07,401.739473374306,1.01691175489482
"q_values[47,2,1]",0,NA,0,0,0,0,0,0,NA,NA
"q_values[47,2,2]",-0.441105236695504,0.0324312021214559,0.642499959721233,-2.44890874844831,-0.576870306404328,-0.183551536722147,-0.0300249298352237,-9.79935014727951e-07,392.482336047682,1.01728684185887
"q_values[47,2,3]",-0.34308185076317,0.0252242683166879,0.499722190894293,-1.90470680434869,-0.448676904981144,-0.142762306339448,-0.023352723205174,-7.6217167812174e-07,392.482336047682,1.01728684185887
"q_values[47,2,4]",0,NA,0,0,0,0,0,0,NA,NA
"q_values[47,2,5]",0.0698054207754063,0.00300854077937217,0.134661676263168,-0.14356672026695,0.00786820856979133,0.0586312260893338,0.151994560058268,0.228060209167645,2003.43947842942,1.00438235383517
"q_values[47,2,6]",0.309064647341013,0.0228806093694573,0.467152641165395,6.53290033534129e-07,0.0200388791127013,0.123199572518884,0.392796980987222,1.78068371645681,416.85253207271,1.01633370789759
"q_values[47,2,7]",0.0640061825101776,0.00485969355855573,0.111195782135599,1.08881692018596e-07,0.00335836253757708,0.0212264965621352,0.0723134774292624,0.42017885620775,523.550837854278,1.01320402366417
"q_values[47,2,8]",0.11928870872866,0.00965595147524622,0.250815764353005,1.08881798738289e-07,0.00345826913111978,0.0249105819773079,0.107445632503523,0.945506846381134,674.713670644568,1.01022078518015
"q_values[47,3,1]",-0.117046099810481,0.0082948424901029,0.141250815317524,-0.520147147833562,-0.175856548699435,-0.0595200828324781,-0.00996379149997009,-3.26644957478338e-07,289.97839334104,1.02294325791774
"q_values[47,3,2]",-0.0369708244183495,0.00258848695418832,0.0487781981161452,-0.170860564559194,-0.0533515414824486,-0.0191976909237676,-0.00330293725943279,-1.08881632729879e-07,355.10725526941,1.01847122909976
"q_values[47,3,3]",0.441105236695504,0.0324312021214559,0.642499959721233,9.7993501472796e-07,0.0300249298352237,0.183551536722147,0.576870306404328,2.44890874844831,392.482336047682,1.01728684185887
"q_values[47,3,4]",-0.0755316516163186,0.00534239001141272,0.0887132476790615,-0.315876588843966,-0.115868236346678,-0.0395414083265211,-0.00663881779622136,-2.17763301032977e-07,275.743813529307,1.02384878084551
"q_values[47,3,5]",0.00398441987954606,0.00304900157761069,0.150455007189563,-0.0684097036009747,-0.0508371450730049,-0.0195678583557423,-0.00155756830112674,0.44550576833862,2434.99454929928,1.00101849844131
"q_values[47,3,6]",0.34308185076317,0.0252242683166879,0.499722190894293,7.62171678121747e-07,0.023352723205174,0.142762306339448,0.448676904981144,1.90470680434869,392.482336047682,1.01728684185887
"q_values[47,3,7]",0,NA,0,0,0,0,0,0,NA,NA
"q_values[47,3,8]",0,NA,0,0,0,0,0,0,NA,NA
"q_values[47,4,1]",-0.196046771864669,0.014413867609536,0.285555537653882,-1.08840388819925,-0.256386802846368,-0.0815784607653988,-0.0133444132600994,-4.35526673212423e-07,392.482336047682,1.01728684185887
"q_values[47,4,2]",-0.399590788501342,0.0294574274003867,0.590428168616618,-2.25084671847747,-0.516881994051571,-0.16357286221619,-0.0266999561314749,-8.7105335828259e-07,401.739473374306,1.01691175489482
"q_values[47,4,3]",-0.10552063070434,0.00783699666670466,0.162254828870963,-0.618240886178594,-0.132301789782019,-0.0412051710680922,-0.00668333624132582,-2.17763348463956e-07,428.643198881171,1.01590993223625
"q_values[47,4,4]",0.294070157797003,0.0216208014143039,0.428333306480822,6.5329000981864e-07,0.0200166198901491,0.122367691148098,0.384580204269552,1.63260583229887,392.482336047681,1.01728684185887
"q_values[47,4,5]",0,NA,0,0,0,0,0,0,NA,NA
"q_values[47,4,6]",-0.0957515740444281,0.00701583938099389,0.140992032519116,-0.5306012113938,-0.12487501598803,-0.0403987385916047,-0.00666118840789173,-2.17763324748471e-07,403.85909425344,1.01673754045892
"q_values[47,4,7]",0.1723140245441,0.013525837046991,0.327959588314765,2.17763478899138e-07,0.00680542779800866,0.0457041719245183,0.175124052958163,1.25135462092782,587.912052123847,1.01181464138276
"q_values[47,4,8]",0,NA,0,0,0,0,0,0,NA,NA
"q_values[47,5,1]",-0.10205161026647,0.00715842117981171,0.110914269895738,-0.369069828494429,-0.166745188702815,-0.0586882014616925,-0.00994153227741786,-3.26644933762849e-07,240.071361121117,1.02636183925333
"q_values[47,5,2]",0.0380454277562925,0.00162953831234488,0.0685869355931954,-0.0481095925321263,0.00446027034029157,0.0306180653586595,0.0797737434356724,0.124205276329789,1771.55095069274,1.00560589124422
"q_values[47,5,3]",0,NA,0,0,0,0,0,0,NA,NA
"q_values[47,5,4]",-0.441105236695504,0.0324312021214559,0.642499959721233,-2.44890874844831,-0.576870306404328,-0.183551536722147,-0.0300249298352237,-9.79935014727951e-07,392.482336047682,1.01728684185887
"q_values[47,5,5]",-0.245058464830836,0.01801733451192,0.356944422067352,-1.36050486024906,-0.32048350355796,-0.101973075956749,-0.0166805165751243,-5.44408341515528e-07,392.482336047681,1.01728684185887
"q_values[47,5,6]",0,NA,0,0,0,0,0,0,NA,NA
"q_values[47,5,7]",0.161499567515972,0.012022288909081,0.257893556442372,3.2664501676707e-07,0.0100195880751749,0.061633718118506,0.197451827725186,0.970926137392599,460.157666339865,1.01482565378586
"q_values[47,5,8]",0.082498895461784,0.00590335493294272,0.108548571183959,2.17763301032985e-07,0.00663896631504555,0.0395753401855852,0.116921573578253,0.40266939702691,338.104095519076,1.01972907235619
"q_values[48,1,1]",0,NA,0,0,0,0,0,0,NA,NA
"q_values[48,1,2]",0,NA,0,0,0,0,0,0,NA,NA
"q_values[48,1,3]",-0.337641849861506,0.0192374256226097,0.330274923610638,-1.16932959212796,-0.482379072297706,-0.244263942867483,-0.0914502290003062,-0.000154505478529479,294.752362064668,1.02410238817427
"q_values[48,1,4]",-0.105841702435278,0.00755572895721661,0.151910668741498,-0.498739814317545,-0.132105305318296,-0.0539695179901762,-0.0171001813972529,-2.5756218078147e-05,404.225596492847,1.01782063911111
"q_values[48,1,5]",0.288073789069812,0.0148504759304538,0.243914021459876,0.00015450017353958,0.0895917524364377,0.231005082021887,0.430670279029027,0.86547804316507,269.769463777957,1.02626973179651
"q_values[48,1,6]",-0.123833974724785,0.00899754637858309,0.179427503711682,-0.598850604265164,-0.154322146149226,-0.060126643591896,-0.0180046341209562,-2.57588704535599e-05,397.676421568152,1.01804942152241
"q_values[48,1,7]",0.0578885386568199,0.00187995107771554,0.0929463156033833,-0.0851676481890514,0.0280385010691599,0.0747928817496911,0.108463124074445,0.12195130021979,2444.39430152841,1.00034393649251
"q_values[48,1,8]",0.281368208217921,0.0160311880188414,0.275229103008865,0.000128754565441233,0.0762085241669218,0.203553285722903,0.401982560248088,0.974441326773297,294.752362064668,1.02410238817427
"q_values[48,2,1]",0.0254286762510339,0.00156562184357084,0.080864226491488,-0.135532279709957,0.0127341267931109,0.041627982102161,0.0610926332417244,0.0684821793788661,2667.71314870783,1.00185178522031
"q_values[48,2,2]",0.0376856188466992,0.00157003901691492,0.0268293450354646,2.00535072995108e-05,0.0143739705457577,0.0353747272756509,0.0602340680851712,0.0829388128873202,292.01102657618,1.02367184877452
"q_values[48,2,3]",0,NA,0,0,0,0,0,0,NA,NA
"q_values[48,2,4]",0,NA,0,0,0,0,0,0,NA,NA
"q_values[48,2,5]",0.338151423114435,0.0175112132685211,0.28794985922915,0.000180250423504089,0.104601147699338,0.270058381560769,0.50460319192006,1.02238486489937,270.396624922238,1.02620389761683
"q_values[48,2,6]",0.337641849861506,0.0192374256226097,0.330274923610638,0.00015450547852948,0.0914502290003062,0.244263942867483,0.482379072297706,1.16932959212796,294.752362064668,1.02410238817427
"q_values[48,2,7]",-0.450189133148674,0.0256499008301462,0.440366564814184,-1.55910612283727,-0.643172096396941,-0.325685257156644,-0.121933638667075,-0.000206007304705973,294.752362064669,1.02410238817427
"q_values[48,2,8]",-0.390869665428687,0.0237358357443507,0.421415909533214,-1.48252476250236,-0.542338206422027,-0.260230269868806,-0.0937414575588449,-0.000154512109613164,315.219298901094,1.02256504678536
"q_values[48,3,1]",0,NA,0,0,0,0,0,0,NA,NA
"q_values[48,3,2]",-0.0582141439596812,0.00341886880613672,0.0604074424969872,-0.209692546650038,-0.0814358137077348,-0.0408456013791742,-0.0152487864214504,-2.57509131224001e-05,312.187871600016,1.0228493172317
"q_values[48,3,3]",-0.123833974724785,0.00899754637858309,0.179427503711682,-0.598850604265164,-0.154322146149226,-0.060126643591896,-0.0180046341209562,-2.57588704535599e-05,397.676421568152,1.01804942152241
"q_values[48,3,4]",-0.244192162624151,0.0127430954939853,0.210065932990692,-0.746552665051132,-0.363200965296579,-0.193609140088706,-0.0748146667440204,-0.000128750586698808,271.744885724692,1.02607995800506
"q_values[48,3,5]",0.225094566574337,0.0128249504150731,0.220183282407092,0.000103003652352987,0.0609668193335375,0.162842628578322,0.321586048198471,0.779553061418637,294.752362064669,1.02410238817427
"q_values[48,3,6]",0,NA,0,0,0,0,0,0,NA,NA
"q_values[48,3,7]",-0.0939592604902835,0.00476439228923449,0.0779713586476325,-0.275693906156309,-0.141402226623481,-0.0764492414720627,-0.029786480955318,-5.14998368052805e-05,267.82750618213,1.0264788433308
"q_values[48,3,8]",0.39391549150509,0.0224436632263779,0.385320744212411,0.000180256391617727,0.106691933833691,0.284974600012064,0.562775584347324,1.36421785748262,294.752362064669,1.02410238817427
"q_values[48,4,1]",-0.124613693182231,0.00422364627472583,0.0910628525867562,-0.243676972040206,-0.203483709875884,-0.128554655806724,-0.0537010017179899,-2.008999103556e-05,464.844206423636,1.01363133365344
"q_values[48,4,2]",0.450189133148674,0.0256499008301462,0.440366564814184,0.000206007304705973,0.121933638667075,0.325685257156644,0.643172096396941,1.55910612283727,294.752362064669,1.02410238817427
"q_values[48,4,3]",-0.0376856188466992,0.00157003901691492,0.0268293450354646,-0.0829388128873202,-0.0602340680851712,-0.0353747272756509,-0.0143739705457577,-2.00535072995106e-05,292.01102657618,1.02367184877452
"q_values[48,4,4]",-0.137840886935944,0.00686864152767865,0.112086055580039,-0.394287455565563,-0.208871540355929,-0.113845183405244,-0.0445635666477353,-7.7249423646052e-05,266.294054306174,1.02664470298109
"q_values[48,4,5]",0,NA,0,0,0,0,0,0,NA,NA
"q_values[48,4,6]",0.0422667294324253,0.0052313709290077,0.141429211541389,-0.0148512562583435,-0.0121586389476297,-0.00355499224804923,0.0258471178429146,0.398981291657649,730.881907124045,1.01038696287912
"q_values[48,4,7]",0.506462774792259,0.0288561384339145,0.495412385415957,0.00023175821779422,0.137175343500459,0.366395914301225,0.723568608446559,1.75399438819193,294.752362064668,1.02410238817427
"q_values[48,4,8]",0,NA,0,0,0,0,0,0,NA,NA
"q_values[48,5,1]",-0.105841702435278,0.00755572895721661,0.151910668741498,-0.498739814317545,-0.132105305318296,-0.0539695179901762,-0.0171001813972529,-2.5756218078147e-05,404.225596492847,1.01782063911111
"q_values[48,5,2]",0,NA,0,0,0,0,0,0,NA,NA
"q_values[48,5,3]",-0.39391549150509,0.0224436632263779,0.385320744212411,-1.36421785748261,-0.562775584347324,-0.284974600012064,-0.106691933833691,-0.000180256391617726,294.752362064669,1.02410238817427
"q_values[48,5,4]",-0.356229872658391,0.0208719995962687,0.364532787462549,-1.28327392298904,-0.501769869773461,-0.249236015684581,-0.0921471577117569,-0.000154507467900692,305.03177197646,1.02332561510728
"q_values[48,5,5]",0.109262029162352,0.00618611914041147,0.1065525552954,5.1501163103986e-05,0.0302617224783841,0.0799663730353521,0.155888377427826,0.374001509032026,296.681986685874,1.02399327967657
"q_values[48,5,6]",0.225094566574337,0.0128249504150731,0.220183282407092,0.000103003652352987,0.0609668193335375,0.162842628578322,0.321586048198471,0.779553061418637,294.752362064669,1.02410238817427
"q_values[48,5,7]",0,NA,0,0,0,0,0,0,NA,NA
"q_values[48,5,8]",-0.194710279086906,0.0102984256015246,0.171232174357622,-0.603479384230297,-0.286442009050372,-0.153370787765203,-0.059597747468867,-0.000102999673730098,276.457942333964,1.02568002572323
"q_values[49,1,1]",0,NA,0,0,0,0,0,0,NA,NA
"q_values[49,1,2]",0.0132447180752099,0.00163027894741165,0.0855328957532098,-0.0755109335377952,0.00223051886703985,0.0160168906136543,0.0418387518297609,0.0633932265998508,2752.59622766085,1.00031048558271
"q_values[49,1,3]",0.0298192278134558,0.00271707234963451,0.0554953751037579,6.68675644791407e-07,0.00173021768120414,0.010661128114437,0.0343412693445236,0.179413087396917,417.16818192285,1.02017504007414
"q_values[49,1,4]",0.0362332963317432,0.00345589087771529,0.0748236555717526,6.68676986171571e-07,0.0017391777084538,0.0109969571672228,0.0376866511206248,0.241342350082358,468.767833082113,1.01829676618124
"q_values[49,1,5]",0.091865602220298,0.00857157192763091,0.164110987113889,2.00602827575199e-06,0.00519957163496834,0.032309532672097,0.106049694728601,0.565961059448485,366.567846195467,1.0228026993785
"q_values[49,1,6]",0,NA,0,0,0,0,0,0,NA,NA
"q_values[49,1,7]",-0.250345376498496,0.0230286245027551,0.405747731642257,-1.46078419214757,-0.307633696235892,-0.095906589771934,-0.0155717726693155,-6.0180808031119e-06,310.438948933186,1.02646404550976
"q_values[49,1,8]",-0.222529223554219,0.0204698884468934,0.360664650348673,-1.29847483746451,-0.273452174431904,-0.0852503020194969,-0.0138415757060582,-5.34940515832169e-06,310.438948933186,1.02646404550976
"q_values[49,2,1]",0.222529223554219,0.0204698884468934,0.360664650348673,5.34940515832169e-06,0.0138415757060582,0.0852503020194969,0.273452174431904,1.29847483746451,310.438948933186,1.02646404550976
"q_values[49,2,2]",0,NA,0,0,0,0,0,0,NA,NA
"q_values[49,2,3]",0,NA,0,0,0,0,0,0,NA,NA
"q_values[49,2,4]",0.0668551637385092,0.00630747578809944,0.129324229463235,1.3373530780889e-06,0.00347236825344325,0.0217668013912552,0.0730365493634917,0.429996036565186,420.386358486343,1.02019812977327
"q_values[49,2,5]",-0.0727684635395021,0.00700509713395827,0.145925576602181,-0.487649366072164,-0.0763419942544589,-0.022101420353541,-0.00348132310120619,-1.33735441946877e-06,433.94482416055,1.01969591048441
"q_values[49,2,6]",-0.0834484588328321,0.00767620816758503,0.135249243880752,-0.48692806404919,-0.102544565411964,-0.0319688632573114,-0.00519059088977182,-2.00602693437063e-06,310.438948933185,1.02646404550976
"q_values[49,2,7]",-0.100282745607764,0.00946121368214919,0.193986344194853,-0.644994054847779,-0.109554824045238,-0.0326502020868827,-0.00520855238016487,-2.00602961713335e-06,420.386358486339,1.02019812977327
"q_values[49,2,8]",0.0632655950387874,0.00443967311479127,0.0844765469392761,3.46380515539109e-07,0.0062538711302221,0.0387227713468556,0.110618338360201,0.226330614941204,362.051471350826,1.02423893374168
"q_values[49,3,1]",0,NA,0,0,0,0,0,0,NA,NA
"q_values[49,3,2]",-0.0890598877578094,0.00827363077000255,0.154349294688849,-0.539616727648719,-0.104881318289722,-0.0321959762005018,-0.00519657805323617,-2.00602782862487e-06,348.030277165225,1.02388464415288
"q_values[49,3,3]",-0.172508346590642,0.0159501397919058,0.289438666367979,-1.02654479169791,-0.207425883701686,-0.0641648394578131,-0.010387168943008,-4.01205476299551e-06,329.294221323962,1.02509942796004
"q_values[49,3,4]",0,NA,0,0,0,0,0,0,NA,NA
"q_values[49,3,5]",0.166896917665664,0.0153524163351701,0.270498487761505,4.01205386874127e-06,0.0103811817795436,0.0639377265146227,0.205089130823928,0.97385612809838,310.438948933185,1.02646404550976
"q_values[49,3,6]",-0.0834484588328321,0.00767620816758503,0.135249243880752,-0.48692806404919,-0.102544565411964,-0.0319688632573114,-0.00519059088977182,-2.00602693437063e-06,310.438948933185,1.02646404550976
"q_values[49,3,7]",-0.0495622020856127,0.00497813258103411,0.116759812387879,-0.369476808631703,-0.0444173515579609,-0.0116698253632944,-0.00175710294243984,-6.68679668932198e-07,550.115471495095,1.01594872323811
"q_values[49,3,8]",0.0887768022378708,0.0071276438491429,0.10419793260676,1.09148580698677e-06,0.00834865877540688,0.0502653434346436,0.145373041667641,0.331576014470145,213.710678197949,1.03607193762631
"q_values[49,4,1]",-0.0489772456896585,0.00358719695092524,0.0621114096142789,-0.176797571620941,-0.0840330726875061,-0.0291982024699558,-0.00482336334619482,-3.76759428159511e-07,299.800482690098,1.02795350885043
"q_values[49,4,2]",0,NA,0,0,0,0,0,0,NA,NA
"q_values[49,4,3]",-0.169461640447544,0.0152192906305726,0.2357480435768,-0.899066496583559,-0.228755264678006,-0.0735720060227027,-0.0120844365072113,-4.6807254893874e-06,239.942607242457,1.03331002738096
"q_values[49,4,4]",-0.069419886520389,0.00617173747576167,0.0920114125429426,-0.352725793545148,-0.0967026832175695,-0.0314010808993352,-0.00517562298111094,-2.00602469873503e-06,222.26368331064,1.03569727872456
"q_values[49,4,5]",0,NA,0,0,0,0,0,0,NA,NA
"q_values[49,4,6]",0.133668233637689,0.0121368617753773,0.211728694489914,3.34337688257149e-06,0.00864203514801014,0.0529480298903997,0.167642101014107,0.758169377086802,304.331304535019,1.02688137210952
"q_values[49,4,7]",0.222529223554219,0.0204698884468934,0.360664650348673,5.34940515832169e-06,0.0138415757060582,0.0852503020194969,0.273452174431904,1.29847483746451,310.438948933186,1.02646404550976
"q_values[49,4,8]",-0.11126461177711,0.0102349442234467,0.180332325174337,-0.649237418732253,-0.136726087215952,-0.0426251510097485,-0.00692078785302909,-2.67470257916085e-06,310.438948933186,1.02646404550976
"q_values[49,5,1]",0.00126131447127501,0.00119030235007062,0.0609035683616419,-0.0883061637791955,0.000757555015419719,0.00676664498859478,0.0177975302508116,0.0252619470572722,2618.007555613,1.000967044245
"q_values[49,5,2]",0.0444094480386003,0.00390866227750588,0.0565171529210727,1.33734950107194e-06,0.00344841959958585,0.0208583496184933,0.0636895378524604,0.213818273351517,209.076035770397,1.03768989638614
"q_values[49,5,3]",-0.139080764721387,0.0127936802793084,0.225415406467921,-0.811546773415316,-0.17090760901994,-0.0532814387621856,-0.00865098481628637,-3.34337822395106e-06,310.438948933186,1.02646404550976
"q_values[49,5,4]",0.0834484588328321,0.00767620816758503,0.135249243880752,2.00602693437063e-06,0.00519059088977182,0.0319688632573114,0.102544565411964,0.48692806404919,310.438948933185,1.02646404550976
"q_values[49,5,5]",0.144451201965755,0.0129584904861552,0.199739507668709,4.01205029172431e-06,0.0103572331256862,0.0630292747418608,0.195742119312897,0.76310147370026,237.585056808114,1.03360596772539
"q_values[49,5,6]",-0.11030516818185,0.010637880990556,0.222575126547134,-0.742508248418896,-0.115077211158561,-0.0332083037208591,-0.00522347885293202,-2.00603185276656e-06,437.766982735205,1.01954350563907
"q_values[49,5,7]",0,NA,0,0,0,0,0,0,NA,NA
"q_values[49,5,8]",0,NA,0,0,0,0,0,0,NA,NA
"q_values[50,1,1]",-0.0545045854079701,0.00497033431815036,0.0875707175235203,-0.283241713334636,-0.0689185583388226,-0.0223940911937496,-0.0033817498381897,-2.21855737151165e-06,310.417797592321,1.01795336272849
"q_values[50,1,2]",0,NA,0,0,0,0,0,0,NA,NA
"q_values[50,1,3]",0,NA,0,0,0,0,0,0,NA,NA
"q_values[50,1,4]",-0.0190976725068233,0.00144025858722612,0.0215083929568697,-0.0750026781334586,-0.0299141024734239,-0.0107025690380205,-0.00167946284793078,-1.10927376333989e-06,223.015463974757,1.02756501935593
"q_values[50,1,5]",-0.111668536626049,0.0103569153333774,0.184928313430095,-0.586539896879488,-0.13902455887866,-0.0449135563013445,-0.00676635873707436,-4.43711597362898e-06,318.82029979,1.01731245488961
"q_values[50,1,6]",0.21801834163188,0.0198813372726014,0.350282870094081,8.87422948604664e-06,0.0135269993527588,0.0895763647749984,0.275674233355291,1.13296685333854,310.417797592321,1.01795336272849
"q_values[50,1,7]",0.158386004143122,0.0156158802215847,0.292296943215124,5.54640573482375e-06,0.00848292169351546,0.0572263327490786,0.183802552062676,0.883105246919635,350.360880324922,1.01534966026959
"q_values[50,1,8]",-0.194084049340897,0.0162443100563655,0.26864788658367,-0.952458621446592,-0.264987253546155,-0.0884479995503903,-0.0135012678065041,-8.87421841059539e-06,273.504399189719,1.02169712535989
"q_values[50,2,1]",0,NA,0,0,0,0,0,0,NA,NA
"q_values[50,2,2]",0.0530293363546014,0.00654117433125488,0.138241292931588,1.10929222240885e-06,0.00172229074647735,0.0125663319140356,0.0472347144292751,0.342359121242607,446.64669662273,1.01109199855933
"q_values[50,2,3]",0.0525327677459464,0.00639050466705477,0.134622306734803,1.10929222240748e-06,0.00172228591215419,0.0125649280947302,0.0471937960076605,0.339518705851594,443.775930221144,1.01124526781795
"q_values[50,2,4]",0,NA,0,0,0,0,0,0,NA,NA
"q_values[50,2,5]",-0.190766048927895,0.0173961701135262,0.306497511332321,-0.991345996671224,-0.241214954185879,-0.0783793191781236,-0.0118361244336639,-7.76495080029076e-06,310.417797592321,1.01795336272849
"q_values[50,2,6]",0.0438671221675331,0.00344695502398687,0.054470639081281,2.2185524490889e-06,0.00337031359540984,0.0218925955383682,0.0641687895347624,0.199220682899722,249.720219440204,1.02508742095786
"q_values[50,2,7]",0.0192741952736573,0.00143141956465653,0.0233478349406798,7.16918537265553e-07,0.00165966832831024,0.010697672510818,0.030487792666541,0.0775066724188824,266.047591110509,1.02545812486953
"q_values[50,2,8]",-0.21801834163188,0.0198813372726014,0.350282870094081,-1.13296685333854,-0.275674233355291,-0.0895763647749984,-0.0135269993527588,-8.87422948604658e-06,310.417797592321,1.01795336272849
"q_values[50,3,1]",-0.21801834163188,0.0198813372726014,0.350282870094081,-1.13296685333854,-0.275674233355291,-0.0895763647749984,-0.0135269993527588,-8.87422948604658e-06,310.417797592321,1.01795336272849
"q_values[50,3,2]",0.0545045854079701,0.00497033431815036,0.0875707175235203,2.21855737151166e-06,0.0033817498381897,0.0223940911937496,0.0689185583388226,0.283241713334636,310.417797592321,1.01795336272849
"q_values[50,3,3]",-0.00699941698561414,0.00401874673598475,0.100125938005513,-0.122127233929635,0.000352523640589871,0.00524374413598675,0.013499440972701,0.0180640226540233,620.743127948659,1.00656413819239
"q_values[50,3,4]",0.0651420486484071,0.00672748595508332,0.128613675442318,2.21856229393441e-06,0.00339318608096955,0.022895586849131,0.0736683271428829,0.363467594175502,365.484277657898,1.01424203779262
"q_values[50,3,5]",0,NA,0,0,0,0,0,0,NA,NA
"q_values[50,3,6]",0,NA,0,0,0,0,0,0,NA,NA
"q_values[50,3,7]",0.146898926760362,0.0141374219110488,0.258809984800129,5.5463983512019e-06,0.0084658108382541,0.0564867236397553,0.177046164651117,0.788330164177456,335.136412443845,1.01611133902224
"q_values[50,3,8]",-0.148870744422386,0.0129554648167221,0.218355512433225,-0.732053171660497,-0.198770926982279,-0.0663158867387747,-0.0101252747642896,-6.65566350030604e-06,284.068005516964,1.02000980783388
"q_values[50,4,1]",0.111668536626049,0.0103569153333774,0.184928313430095,4.43711597362901e-06,0.00676635873707436,0.0449135563013445,0.13902455887866,0.586539896879488,318.82029979,1.01731245488961
"q_values[50,4,2]",0.0508665391531472,0.00621874027171278,0.130757336125784,1.10929099180453e-06,0.00171943652010554,0.0124423618194957,0.0460881906498745,0.325143066423404,442.106898065555,1.01121597929081
"q_values[50,4,3]",0,NA,0,0,0,0,0,0,NA,NA
"q_values[50,4,4]",0,NA,0,0,0,0,0,0,NA,NA
"q_values[50,4,5]",0.0234232669097317,0.00200300476854844,0.0331092486571264,1.10927622454855e-06,0.00168517130067439,0.0109505092271004,0.0322071500322249,0.110029162419925,273.233965102781,1.02080468051864
"q_values[50,4,6]",0.0465264879776423,0.00377824693706595,0.0612485857934236,2.21855367969459e-06,0.00337317265610481,0.0220179694522136,0.0653562317357775,0.223072302703986,262.791584213705,1.02319891619363
"q_values[50,4,7]",-0.16351375622391,0.014911002954451,0.262712152570561,-0.849725140003907,-0.206755675016468,-0.0671822735812488,-0.0101452495145691,-6.65567211453494e-06,310.417797592322,1.01795336272849
"q_values[50,4,8]",-0.10900917081594,0.00994066863630071,0.175141435047041,-0.566483426669271,-0.137837116677645,-0.0447881823874992,-0.00676349967637939,-4.43711474302329e-06,310.417797592321,1.01795336272849
"q_values[50,5,1]",-0.00799255420292424,0.00437981668258945,0.108337076327495,-0.127808064711662,0.000350510339226478,0.00522838052393671,0.0134224223711603,0.01796951407018,611.846324434576,1.00664301046095
"q_values[50,5,2]",0.16351375622391,0.014911002954451,0.262712152570561,6.65567211453498e-06,0.0101452495145691,0.0671822735812488,0.206755675016468,0.849725140003907,310.417797592322,1.01795336272849
"q_values[50,5,3]",0.142238829743036,0.0116898158491398,0.191407753073785,6.65566226968947e-06,0.0101223770290094,0.066179282270486,0.197256137408347,0.689273378322173,268.104257595266,1.02252593524418
"q_values[50,5,4]",-0.00962986925053039,0.00160314740573857,0.0406260137273418,-0.0362421764108049,-0.0231473964059094,-0.00912449746785561,-0.00132270026985676,-6.14939688218353e-10,642.186998446831,1.00741758267129
"q_values[50,5,5]",-0.0817568781119551,0.00745550147722552,0.13135607628528,-0.424862570001953,-0.103377837508234,-0.0335911367906244,-0.00507262475728455,-3.32783605726747e-06,310.417797592322,1.01795336272849
"q_values[50,5,6]",-0.048527219184859,0.00618808187648679,0.130563796403898,-0.302072618349051,-0.0439588167775318,-0.0122000369076375,-0.00171374740465456,-1.10928853060133e-06,445.177735947335,1.01081832376035
"q_values[50,5,7]",0,NA,0,0,0,0,0,0,NA,NA
"q_values[50,5,8]",0,NA,0,0,0,0,0,0,NA,NA
"feature_counts[1,1,1]",0,NA,0,0,0,0,0,0,NA,NA
"feature_counts[1,1,2]",2,NA,0,2,2,2,2,2,NA,NA
"feature_counts[1,1,3]",2,NA,0,2,2,2,2,2,NA,NA
"feature_counts[1,1,4]",0,NA,0,0,0,0,0,0,NA,NA
"feature_counts[1,1,5]",1,NA,0,1,1,1,1,1,NA,NA
"feature_counts[1,1,6]",3,NA,0,3,3,3,3,3,NA,NA
"feature_counts[1,1,7]",3,NA,0,3,3,3,3,3,NA,NA
"feature_counts[1,1,8]",1,NA,0,1,1,1,1,1,NA,NA
"feature_counts[1,2,1]",1,NA,0,1,1,1,1,1,NA,NA
"feature_counts[1,2,2]",0,NA,0,0,0,0,0,0,NA,NA
"feature_counts[1,2,3]",3,NA,0,3,3,3,3,3,NA,NA
"feature_counts[1,2,4]",1,NA,0,1,1,1,1,1,NA,NA
"feature_counts[1,2,5]",2,NA,0,2,2,2,2,2,NA,NA
"feature_counts[1,2,6]",3,NA,0,3,3,3,3,3,NA,NA
"feature_counts[1,2,7]",0,NA,0,0,0,0,0,0,NA,NA
"feature_counts[1,2,8]",2,NA,0,2,2,2,2,2,NA,NA
"feature_counts[1,3,1]",3,NA,0,3,3,3,3,3,NA,NA
"feature_counts[1,3,2]",2,NA,0,2,2,2,2,2,NA,NA
"feature_counts[1,3,3]",0,NA,0,0,0,0,0,0,NA,NA
"feature_counts[1,3,4]",3,NA,0,3,3,3,3,3,NA,NA
"feature_counts[1,3,5]",2,NA,0,2,2,2,2,2,NA,NA
"feature_counts[1,3,6]",0,NA,0,0,0,0,0,0,NA,NA
"feature_counts[1,3,7]",1,NA,0,1,1,1,1,1,NA,NA
"feature_counts[1,3,8]",1,NA,0,1,1,1,1,1,NA,NA
"feature_counts[1,4,1]",1,NA,0,1,1,1,1,1,NA,NA
"feature_counts[1,4,2]",1,NA,0,1,1,1,1,1,NA,NA
"feature_counts[1,4,3]",3,NA,0,3,3,3,3,3,NA,NA
"feature_counts[1,4,4]",2,NA,0,2,2,2,2,2,NA,NA
"feature_counts[1,4,5]",0,NA,0,0,0,0,0,0,NA,NA
"feature_counts[1,4,6]",0,NA,0,0,0,0,0,0,NA,NA
"feature_counts[1,4,7]",2,NA,0,2,2,2,2,2,NA,NA
"feature_counts[1,4,8]",3,NA,0,3,3,3,3,3,NA,NA
"feature_counts[1,5,1]",3,NA,0,3,3,3,3,3,NA,NA
"feature_counts[1,5,2]",3,NA,0,3,3,3,3,3,NA,NA
"feature_counts[1,5,3]",0,NA,0,0,0,0,0,0,NA,NA
"feature_counts[1,5,4]",1,NA,0,1,1,1,1,1,NA,NA
"feature_counts[1,5,5]",1,NA,0,1,1,1,1,1,NA,NA
"feature_counts[1,5,6]",2,NA,0,2,2,2,2,2,NA,NA
"feature_counts[1,5,7]",2,NA,0,2,2,2,2,2,NA,NA
"feature_counts[1,5,8]",0,NA,0,0,0,0,0,0,NA,NA
"feature_counts[2,1,1]",2,NA,0,2,2,2,2,2,NA,NA
"feature_counts[2,1,2]",3,NA,0,3,3,3,3,3,NA,NA
"feature_counts[2,1,3]",1,NA,0,1,1,1,1,1,NA,NA
"feature_counts[2,1,4]",1,NA,0,1,1,1,1,1,NA,NA
"feature_counts[2,1,5]",3,NA,0,3,3,3,3,3,NA,NA
"feature_counts[2,1,6]",0,NA,0,0,0,0,0,0,NA,NA
"feature_counts[2,1,7]",0,NA,0,0,0,0,0,0,NA,NA
"feature_counts[2,1,8]",2,NA,0,2,2,2,2,2,NA,NA
"feature_counts[2,2,1]",3,NA,0,3,3,3,3,3,NA,NA
"feature_counts[2,2,2]",1,NA,0,1,1,1,1,1,NA,NA
"feature_counts[2,2,3]",0,NA,0,0,0,0,0,0,NA,NA
"feature_counts[2,2,4]",2,NA,0,2,2,2,2,2,NA,NA
"feature_counts[2,2,5]",1,NA,0,1,1,1,1,1,NA,NA
"feature_counts[2,2,6]",3,NA,0,3,3,3,3,3,NA,NA
"feature_counts[2,2,7]",2,NA,0,2,2,2,2,2,NA,NA
"feature_counts[2,2,8]",0,NA,0,0,0,0,0,0,NA,NA
"feature_counts[2,3,1]",1,NA,0,1,1,1,1,1,NA,NA
"feature_counts[2,3,2]",0,NA,0,0,0,0,0,0,NA,NA
"feature_counts[2,3,3]",3,NA,0,3,3,3,3,3,NA,NA
"feature_counts[2,3,4]",2,NA,0,2,2,2,2,2,NA,NA
"feature_counts[2,3,5]",2,NA,0,2,2,2,2,2,NA,NA
"feature_counts[2,3,6]",3,NA,0,3,3,3,3,3,NA,NA
"feature_counts[2,3,7]",0,NA,0,0,0,0,0,0,NA,NA
"feature_counts[2,3,8]",1,NA,0,1,1,1,1,1,NA,NA
"feature_counts[2,4,1]",2,NA,0,2,2,2,2,2,NA,NA
"feature_counts[2,4,2]",0,NA,0,0,0,0,0,0,NA,NA
"feature_counts[2,4,3]",1,NA,0,1,1,1,1,1,NA,NA
"feature_counts[2,4,4]",3,NA,0,3,3,3,3,3,NA,NA
"feature_counts[2,4,5]",0,NA,0,0,0,0,0,0,NA,NA
"feature_counts[2,4,6]",1,NA,0,1,1,1,1,1,NA,NA
"feature_counts[2,4,7]",3,NA,0,3,3,3,3,3,NA,NA
"feature_counts[2,4,8]",2,NA,0,2,2,2,2,2,NA,NA
"feature_counts[2,5,1]",0,NA,0,0,0,0,0,0,NA,NA
"feature_counts[2,5,2]",2,NA,0,2,2,2,2,2,NA,NA
"feature_counts[2,5,3]",3,NA,0,3,3,3,3,3,NA,NA
"feature_counts[2,5,4]",0,NA,0,0,0,0,0,0,NA,NA
"feature_counts[2,5,5]",1,NA,0,1,1,1,1,1,NA,NA
"feature_counts[2,5,6]",1,NA,0,1,1,1,1,1,NA,NA
"feature_counts[2,5,7]",2,NA,0,2,2,2,2,2,NA,NA
"feature_counts[2,5,8]",3,NA,0,3,3,3,3,3,NA,NA
"feature_counts[3,1,1]",0,NA,0,0,0,0,0,0,NA,NA
"feature_counts[3,1,2]",1,NA,0,1,1,1,1,1,NA,NA
"feature_counts[3,1,3]",2,NA,0,2,2,2,2,2,NA,NA
"feature_counts[3,1,4]",2,NA,0,2,2,2,2,2,NA,NA
"feature_counts[3,1,5]",1,NA,0,1,1,1,1,1,NA,NA
"feature_counts[3,1,6]",3,NA,0,3,3,3,3,3,NA,NA
"feature_counts[3,1,7]",3,NA,0,3,3,3,3,3,NA,NA
"feature_counts[3,1,8]",0,NA,0,0,0,0,0,0,NA,NA
"feature_counts[3,2,1]",1,NA,0,1,1,1,1,1,NA,NA
"feature_counts[3,2,2]",1,NA,0,1,1,1,1,1,NA,NA
"feature_counts[3,2,3]",2,NA,0,2,2,2,2,2,NA,NA
"feature_counts[3,2,4]",3,NA,0,3,3,3,3,3,NA,NA
"feature_counts[3,2,5]",3,NA,0,3,3,3,3,3,NA,NA
"feature_counts[3,2,6]",0,NA,0,0,0,0,0,0,NA,NA
"feature_counts[3,2,7]",0,NA,0,0,0,0,0,0,NA,NA
"feature_counts[3,2,8]",2,NA,0,2,2,2,2,2,NA,NA
"feature_counts[3,3,1]",2,NA,0,2,2,2,2,2,NA,NA
"feature_counts[3,3,2]",2,NA,0,2,2,2,2,2,NA,NA
"feature_counts[3,3,3]",3,NA,0,3,3,3,3,3,NA,NA
"feature_counts[3,3,4]",0,NA,0,0,0,0,0,0,NA,NA
"feature_counts[3,3,5]",0,NA,0,0,0,0,0,0,NA,NA
"feature_counts[3,3,6]",1,NA,0,1,1,1,1,1,NA,NA
"feature_counts[3,3,7]",1,NA,0,1,1,1,1,1,NA,NA
"feature_counts[3,3,8]",3,NA,0,3,3,3,3,3,NA,NA
"feature_counts[3,4,1]",3,NA,0,3,3,3,3,3,NA,NA
"feature_counts[3,4,2]",3,NA,0,3,3,3,3,3,NA,NA
"feature_counts[3,4,3]",0,NA,0,0,0,0,0,0,NA,NA
"feature_counts[3,4,4]",0,NA,0,0,0,0,0,0,NA,NA
"feature_counts[3,4,5]",1,NA,0,1,1,1,1,1,NA,NA
"feature_counts[3,4,6]",1,NA,0,1,1,1,1,1,NA,NA
"feature_counts[3,4,7]",2,NA,0,2,2,2,2,2,NA,NA
"feature_counts[3,4,8]",2,NA,0,2,2,2,2,2,NA,NA
"feature_counts[3,5,1]",1,NA,0,1,1,1,1,1,NA,NA
"feature_counts[3,5,2]",0,NA,0,0,0,0,0,0,NA,NA
"feature_counts[3,5,3]",0,NA,0,0,0,0,0,0,NA,NA
"feature_counts[3,5,4]",3,NA,0,3,3,3,3,3,NA,NA
"feature_counts[3,5,5]",3,NA,0,3,3,3,3,3,NA,NA
"feature_counts[3,5,6]",2,NA,0,2,2,2,2,2,NA,NA
"feature_counts[3,5,7]",2,NA,0,2,2,2,2,2,NA,NA
"feature_counts[3,5,8]",1,NA,0,1,1,1,1,1,NA,NA
"feature_counts[4,1,1]",3,NA,0,3,3,3,3,3,NA,NA
"feature_counts[4,1,2]",0,NA,0,0,0,0,0,0,NA,NA
"feature_counts[4,1,3]",0,NA,0,0,0,0,0,0,NA,NA
"feature_counts[4,1,4]",1,NA,0,1,1,1,1,1,NA,NA
"feature_counts[4,1,5]",2,NA,0,2,2,2,2,2,NA,NA
"feature_counts[4,1,6]",3,NA,0,3,3,3,3,3,NA,NA
"feature_counts[4,1,7]",1,NA,0,1,1,1,1,1,NA,NA
"feature_counts[4,1,8]",2,NA,0,2,2,2,2,2,NA,NA
"feature_counts[4,2,1]",0,NA,0,0,0,0,0,0,NA,NA
"feature_counts[4,2,2]",1,NA,0,1,1,1,1,1,NA,NA
"feature_counts[4,2,3]",2,NA,0,2,2,2,2,2,NA,NA
"feature_counts[4,2,4]",3,NA,0,3,3,3,3,3,NA,NA
"feature_counts[4,2,5]",3,NA,0,3,3,3,3,3,NA,NA
"feature_counts[4,2,6]",0,NA,0,0,0,0,0,0,NA,NA
"feature_counts[4,2,7]",1,NA,0,1,1,1,1,1,NA,NA
"feature_counts[4,2,8]",2,NA,0,2,2,2,2,2,NA,NA
"feature_counts[4,3,1]",1,NA,0,1,1,1,1,1,NA,NA
"feature_counts[4,3,2]",2,NA,0,2,2,2,2,2,NA,NA
"feature_counts[4,3,3]",3,NA,0,3,3,3,3,3,NA,NA
"feature_counts[4,3,4]",0,NA,0,0,0,0,0,0,NA,NA
"feature_counts[4,3,5]",0,NA,0,0,0,0,0,0,NA,NA
"feature_counts[4,3,6]",1,NA,0,1,1,1,1,1,NA,NA
"feature_counts[4,3,7]",2,NA,0,2,2,2,2,2,NA,NA
"feature_counts[4,3,8]",3,NA,0,3,3,3,3,3,NA,NA
"feature_counts[4,4,1]",2,NA,0,2,2,2,2,2,NA,NA
"feature_counts[4,4,2]",2,NA,0,2,2,2,2,2,NA,NA
"feature_counts[4,4,3]",1,NA,0,1,1,1,1,1,NA,NA
"feature_counts[4,4,4]",3,NA,0,3,3,3,3,3,NA,NA
"feature_counts[4,4,5]",0,NA,0,0,0,0,0,0,NA,NA
"feature_counts[4,4,6]",0,NA,0,0,0,0,0,0,NA,NA
"feature_counts[4,4,7]",3,NA,0,3,3,3,3,3,NA,NA
"feature_counts[4,4,8]",1,NA,0,1,1,1,1,1,NA,NA
"feature_counts[4,5,1]",1,NA,0,1,1,1,1,1,NA,NA
"feature_counts[4,5,2]",3,NA,0,3,3,3,3,3,NA,NA
"feature_counts[4,5,3]",2,NA,0,2,2,2,2,2,NA,NA
"feature_counts[4,5,4]",1,NA,0,1,1,1,1,1,NA,NA
"feature_counts[4,5,5]",3,NA,0,3,3,3,3,3,NA,NA
"feature_counts[4,5,6]",2,NA,0,2,2,2,2,2,NA,NA
"feature_counts[4,5,7]",0,NA,0,0,0,0,0,0,NA,NA
"feature_counts[4,5,8]",0,NA,0,0,0,0,0,0,NA,NA
"feature_counts[5,1,1]",1,NA,0,1,1,1,1,1,NA,NA
"feature_counts[5,1,2]",2,NA,0,2,2,2,2,2,NA,NA
"feature_counts[5,1,3]",3,NA,0,3,3,3,3,3,NA,NA
"feature_counts[5,1,4]",0,NA,0,0,0,0,0,0,NA,NA
"feature_counts[5,1,5]",0,NA,0,0,0,0,0,0,NA,NA
"feature_counts[5,1,6]",3,NA,0,3,3,3,3,3,NA,NA
"feature_counts[5,1,7]",2,NA,0,2,2,2,2,2,NA,NA
"feature_counts[5,1,8]",1,NA,0,1,1,1,1,1,NA,NA
"feature_counts[5,2,1]",3,NA,0,3,3,3,3,3,NA,NA
"feature_counts[5,2,2]",0,NA,0,0,0,0,0,0,NA,NA
"feature_counts[5,2,3]",0,NA,0,0,0,0,0,0,NA,NA
"feature_counts[5,2,4]",2,NA,0,2,2,2,2,2,NA,NA
"feature_counts[5,2,5]",1,NA,0,1,1,1,1,1,NA,NA
"feature_counts[5,2,6]",3,NA,0,3,3,3,3,3,NA,NA
"feature_counts[5,2,7]",2,NA,0,2,2,2,2,2,NA,NA
"feature_counts[5,2,8]",1,NA,0,1,1,1,1,1,NA,NA
"feature_counts[5,3,1]",2,NA,0,2,2,2,2,2,NA,NA
"feature_counts[5,3,2]",2,NA,0,2,2,2,2,2,NA,NA
"feature_counts[5,3,3]",0,NA,0,0,0,0,0,0,NA,NA
"feature_counts[5,3,4]",1,NA,0,1,1,1,1,1,NA,NA
"feature_counts[5,3,5]",1,NA,0,1,1,1,1,1,NA,NA
"feature_counts[5,3,6]",0,NA,0,0,0,0,0,0,NA,NA
"feature_counts[5,3,7]",3,NA,0,3,3,3,3,3,NA,NA
"feature_counts[5,3,8]",3,NA,0,3,3,3,3,3,NA,NA
"feature_counts[5,4,1]",0,NA,0,0,0,0,0,0,NA,NA
"feature_counts[5,4,2]",1,NA,0,1,1,1,1,1,NA,NA
"feature_counts[5,4,3]",2,NA,0,2,2,2,2,2,NA,NA
"feature_counts[5,4,4]",2,NA,0,2,2,2,2,2,NA,NA
"feature_counts[5,4,5]",3,NA,0,3,3,3,3,3,NA,NA
"feature_counts[5,4,6]",0,NA,0,0,0,0,0,0,NA,NA
"feature_counts[5,4,7]",1,NA,0,1,1,1,1,1,NA,NA
"feature_counts[5,4,8]",3,NA,0,3,3,3,3,3,NA,NA
"feature_counts[5,5,1]",1,NA,0,1,1,1,1,1,NA,NA
"feature_counts[5,5,2]",3,NA,0,3,3,3,3,3,NA,NA
"feature_counts[5,5,3]",2,NA,0,2,2,2,2,2,NA,NA
"feature_counts[5,5,4]",1,NA,0,1,1,1,1,1,NA,NA
"feature_counts[5,5,5]",3,NA,0,3,3,3,3,3,NA,NA
"feature_counts[5,5,6]",2,NA,0,2,2,2,2,2,NA,NA
"feature_counts[5,5,7]",0,NA,0,0,0,0,0,0,NA,NA
"feature_counts[5,5,8]",0,NA,0,0,0,0,0,0,NA,NA
"feature_counts[6,1,1]",0,NA,0,0,0,0,0,0,NA,NA
"feature_counts[6,1,2]",2,NA,0,2,2,2,2,2,NA,NA
"feature_counts[6,1,3]",3,NA,0,3,3,3,3,3,NA,NA
"feature_counts[6,1,4]",1,NA,0,1,1,1,1,1,NA,NA
"feature_counts[6,1,5]",2,NA,0,2,2,2,2,2,NA,NA
"feature_counts[6,1,6]",0,NA,0,0,0,0,0,0,NA,NA
"feature_counts[6,1,7]",1,NA,0,1,1,1,1,1,NA,NA
"feature_counts[6,1,8]",3,NA,0,3,3,3,3,3,NA,NA
"feature_counts[6,2,1]",3,NA,0,3,3,3,3,3,NA,NA
"feature_counts[6,2,2]",2,NA,0,2,2,2,2,2,NA,NA
"feature_counts[6,2,3]",1,NA,0,1,1,1,1,1,NA,NA
"feature_counts[6,2,4]",0,NA,0,0,0,0,0,0,NA,NA
"feature_counts[6,2,5]",0,NA,0,0,0,0,0,0,NA,NA
"feature_counts[6,2,6]",3,NA,0,3,3,3,3,3,NA,NA
"feature_counts[6,2,7]",2,NA,0,2,2,2,2,2,NA,NA
"feature_counts[6,2,8]",1,NA,0,1,1,1,1,1,NA,NA
"feature_counts[6,3,1]",0,NA,0,0,0,0,0,0,NA,NA
"feature_counts[6,3,2]",0,NA,0,0,0,0,0,0,NA,NA
"feature_counts[6,3,3]",1,NA,0,1,1,1,1,1,NA,NA
"feature_counts[6,3,4]",2,NA,0,2,2,2,2,2,NA,NA
"feature_counts[6,3,5]",3,NA,0,3,3,3,3,3,NA,NA
"feature_counts[6,3,6]",1,NA,0,1,1,1,1,1,NA,NA
"feature_counts[6,3,7]",2,NA,0,2,2,2,2,2,NA,NA
"feature_counts[6,3,8]",3,NA,0,3,3,3,3,3,NA,NA
"feature_counts[6,4,1]",1,NA,0,1,1,1,1,1,NA,NA
"feature_counts[6,4,2]",2,NA,0,2,2,2,2,2,NA,NA
"feature_counts[6,4,3]",0,NA,0,0,0,0,0,0,NA,NA
"feature_counts[6,4,4]",3,NA,0,3,3,3,3,3,NA,NA
"feature_counts[6,4,5]",2,NA,0,2,2,2,2,2,NA,NA
"feature_counts[6,4,6]",1,NA,0,1,1,1,1,1,NA,NA
"feature_counts[6,4,7]",3,NA,0,3,3,3,3,3,NA,NA
"feature_counts[6,4,8]",0,NA,0,0,0,0,0,0,NA,NA
"feature_counts[6,5,1]",3,NA,0,3,3,3,3,3,NA,NA
"feature_counts[6,5,2]",2,NA,0,2,2,2,2,2,NA,NA
"feature_counts[6,5,3]",2,NA,0,2,2,2,2,2,NA,NA
"feature_counts[6,5,4]",1,NA,0,1,1,1,1,1,NA,NA
"feature_counts[6,5,5]",1,NA,0,1,1,1,1,1,NA,NA
"feature_counts[6,5,6]",3,NA,0,3,3,3,3,3,NA,NA
"feature_counts[6,5,7]",0,NA,0,0,0,0,0,0,NA,NA
"feature_counts[6,5,8]",0,NA,0,0,0,0,0,0,NA,NA
"feature_counts[7,1,1]",1,NA,0,1,1,1,1,1,NA,NA
"feature_counts[7,1,2]",3,NA,0,3,3,3,3,3,NA,NA
"feature_counts[7,1,3]",0,NA,0,0,0,0,0,0,NA,NA
"feature_counts[7,1,4]",2,NA,0,2,2,2,2,2,NA,NA
"feature_counts[7,1,5]",3,NA,0,3,3,3,3,3,NA,NA
"feature_counts[7,1,6]",0,NA,0,0,0,0,0,0,NA,NA
"feature_counts[7,1,7]",2,NA,0,2,2,2,2,2,NA,NA
"feature_counts[7,1,8]",1,NA,0,1,1,1,1,1,NA,NA
"feature_counts[7,2,1]",1,NA,0,1,1,1,1,1,NA,NA
"feature_counts[7,2,2]",1,NA,0,1,1,1,1,1,NA,NA
"feature_counts[7,2,3]",2,NA,0,2,2,2,2,2,NA,NA
"feature_counts[7,2,4]",2,NA,0,2,2,2,2,2,NA,NA
"feature_counts[7,2,5]",0,NA,0,0,0,0,0,0,NA,NA
"feature_counts[7,2,6]",3,NA,0,3,3,3,3,3,NA,NA
"feature_counts[7,2,7]",3,NA,0,3,3,3,3,3,NA,NA
"feature_counts[7,2,8]",0,NA,0,0,0,0,0,0,NA,NA
"feature_counts[7,3,1]",0,NA,0,0,0,0,0,0,NA,NA
"feature_counts[7,3,2]",2,NA,0,2,2,2,2,2,NA,NA
"feature_counts[7,3,3]",2,NA,0,2,2,2,2,2,NA,NA
"feature_counts[7,3,4]",0,NA,0,0,0,0,0,0,NA,NA
"feature_counts[7,3,5]",3,NA,0,3,3,3,3,3,NA,NA
"feature_counts[7,3,6]",1,NA,0,1,1,1,1,1,NA,NA
"feature_counts[7,3,7]",1,NA,0,1,1,1,1,1,NA,NA
"feature_counts[7,3,8]",3,NA,0,3,3,3,3,3,NA,NA
"feature_counts[7,4,1]",2,NA,0,2,2,2,2,2,NA,NA
"feature_counts[7,4,2]",2,NA,0,2,2,2,2,2,NA,NA
"feature_counts[7,4,3]",3,NA,0,3,3,3,3,3,NA,NA
"feature_counts[7,4,4]",3,NA,0,3,3,3,3,3,NA,NA
"feature_counts[7,4,5]",1,NA,0,1,1,1,1,1,NA,NA
"feature_counts[7,4,6]",0,NA,0,0,0,0,0,0,NA,NA
"feature_counts[7,4,7]",0,NA,0,0,0,0,0,0,NA,NA
"feature_counts[7,4,8]",1,NA,0,1,1,1,1,1,NA,NA
"feature_counts[7,5,1]",3,NA,0,3,3,3,3,3,NA,NA
"feature_counts[7,5,2]",0,NA,0,0,0,0,0,0,NA,NA
"feature_counts[7,5,3]",0,NA,0,0,0,0,0,0,NA,NA
"feature_counts[7,5,4]",1,NA,0,1,1,1,1,1,NA,NA
"feature_counts[7,5,5]",1,NA,0,1,1,1,1,1,NA,NA
"feature_counts[7,5,6]",3,NA,0,3,3,3,3,3,NA,NA
"feature_counts[7,5,7]",2,NA,0,2,2,2,2,2,NA,NA
"feature_counts[7,5,8]",2,NA,0,2,2,2,2,2,NA,NA
"feature_counts[8,1,1]",2,NA,0,2,2,2,2,2,NA,NA
"feature_counts[8,1,2]",1,NA,0,1,1,1,1,1,NA,NA
"feature_counts[8,1,3]",1,NA,0,1,1,1,1,1,NA,NA
"feature_counts[8,1,4]",3,NA,0,3,3,3,3,3,NA,NA
"feature_counts[8,1,5]",3,NA,0,3,3,3,3,3,NA,NA
"feature_counts[8,1,6]",2,NA,0,2,2,2,2,2,NA,NA
"feature_counts[8,1,7]",0,NA,0,0,0,0,0,0,NA,NA
"feature_counts[8,1,8]",0,NA,0,0,0,0,0,0,NA,NA
"feature_counts[8,2,1]",1,NA,0,1,1,1,1,1,NA,NA
"feature_counts[8,2,2]",3,NA,0,3,3,3,3,3,NA,NA
"feature_counts[8,2,3]",0,NA,0,0,0,0,0,0,NA,NA
"feature_counts[8,2,4]",2,NA,0,2,2,2,2,2,NA,NA
"feature_counts[8,2,5]",3,NA,0,3,3,3,3,3,NA,NA
"feature_counts[8,2,6]",1,NA,0,1,1,1,1,1,NA,NA
"feature_counts[8,2,7]",2,NA,0,2,2,2,2,2,NA,NA
"feature_counts[8,2,8]",0,NA,0,0,0,0,0,0,NA,NA
"feature_counts[8,3,1]",2,NA,0,2,2,2,2,2,NA,NA
"feature_counts[8,3,2]",2,NA,0,2,2,2,2,2,NA,NA
"feature_counts[8,3,3]",3,NA,0,3,3,3,3,3,NA,NA
"feature_counts[8,3,4]",1,NA,0,1,1,1,1,1,NA,NA
"feature_counts[8,3,5]",1,NA,0,1,1,1,1,1,NA,NA
"feature_counts[8,3,6]",0,NA,0,0,0,0,0,0,NA,NA
"feature_counts[8,3,7]",0,NA,0,0,0,0,0,0,NA,NA
"feature_counts[8,3,8]",3,NA,0,3,3,3,3,3,NA,NA
"feature_counts[8,4,1]",2,NA,0,2,2,2,2,2,NA,NA
"feature_counts[8,4,2]",0,NA,0,0,0,0,0,0,NA,NA
"feature_counts[8,4,3]",1,NA,0,1,1,1,1,1,NA,NA
"feature_counts[8,4,4]",1,NA,0,1,1,1,1,1,NA,NA
"feature_counts[8,4,5]",0,NA,0,0,0,0,0,0,NA,NA
"feature_counts[8,4,6]",3,NA,0,3,3,3,3,3,NA,NA
"feature_counts[8,4,7]",3,NA,0,3,3,3,3,3,NA,NA
"feature_counts[8,4,8]",2,NA,0,2,2,2,2,2,NA,NA
"feature_counts[8,5,1]",0,NA,0,0,0,0,0,0,NA,NA
"feature_counts[8,5,2]",1,NA,0,1,1,1,1,1,NA,NA
"feature_counts[8,5,3]",2,NA,0,2,2,2,2,2,NA,NA
"feature_counts[8,5,4]",0,NA,0,0,0,0,0,0,NA,NA
"feature_counts[8,5,5]",1,NA,0,1,1,1,1,1,NA,NA
"feature_counts[8,5,6]",2,NA,0,2,2,2,2,2,NA,NA
"feature_counts[8,5,7]",3,NA,0,3,3,3,3,3,NA,NA
"feature_counts[8,5,8]",3,NA,0,3,3,3,3,3,NA,NA
"feature_counts[9,1,1]",3,NA,0,3,3,3,3,3,NA,NA
"feature_counts[9,1,2]",2,NA,0,2,2,2,2,2,NA,NA
"feature_counts[9,1,3]",1,NA,0,1,1,1,1,1,NA,NA
"feature_counts[9,1,4]",3,NA,0,3,3,3,3,3,NA,NA
"feature_counts[9,1,5]",0,NA,0,0,0,0,0,0,NA,NA
"feature_counts[9,1,6]",0,NA,0,0,0,0,0,0,NA,NA
"feature_counts[9,1,7]",2,NA,0,2,2,2,2,2,NA,NA
"feature_counts[9,1,8]",1,NA,0,1,1,1,1,1,NA,NA
"feature_counts[9,2,1]",0,NA,0,0,0,0,0,0,NA,NA
"feature_counts[9,2,2]",2,NA,0,2,2,2,2,2,NA,NA
"feature_counts[9,2,3]",3,NA,0,3,3,3,3,3,NA,NA
"feature_counts[9,2,4]",0,NA,0,0,0,0,0,0,NA,NA
"feature_counts[9,2,5]",2,NA,0,2,2,2,2,2,NA,NA
"feature_counts[9,2,6]",1,NA,0,1,1,1,1,1,NA,NA
"feature_counts[9,2,7]",1,NA,0,1,1,1,1,1,NA,NA
"feature_counts[9,2,8]",3,NA,0,3,3,3,3,3,NA,NA
"feature_counts[9,3,1]",2,NA,0,2,2,2,2,2,NA,NA
"feature_counts[9,3,2]",0,NA,0,0,0,0,0,0,NA,NA
"feature_counts[9,3,3]",3,NA,0,3,3,3,3,3,NA,NA
"feature_counts[9,3,4]",3,NA,0,3,3,3,3,3,NA,NA
"feature_counts[9,3,5]",1,NA,0,1,1,1,1,1,NA,NA
"feature_counts[9,3,6]",1,NA,0,1,1,1,1,1,NA,NA
"feature_counts[9,3,7]",0,NA,0,0,0,0,0,0,NA,NA
"feature_counts[9,3,8]",2,NA,0,2,2,2,2,2,NA,NA
"feature_counts[9,4,1]",1,NA,0,1,1,1,1,1,NA,NA
"feature_counts[9,4,2]",0,NA,0,0,0,0,0,0,NA,NA
"feature_counts[9,4,3]",0,NA,0,0,0,0,0,0,NA,NA
"feature_counts[9,4,4]",1,NA,0,1,1,1,1,1,NA,NA
"feature_counts[9,4,5]",2,NA,0,2,2,2,2,2,NA,NA
"feature_counts[9,4,6]",3,NA,0,3,3,3,3,3,NA,NA
"feature_counts[9,4,7]",3,NA,0,3,3,3,3,3,NA,NA
"feature_counts[9,4,8]",2,NA,0,2,2,2,2,2,NA,NA
"feature_counts[9,5,1]",2,NA,0,2,2,2,2,2,NA,NA
"feature_counts[9,5,2]",3,NA,0,3,3,3,3,3,NA,NA
"feature_counts[9,5,3]",1,NA,0,1,1,1,1,1,NA,NA
"feature_counts[9,5,4]",1,NA,0,1,1,1,1,1,NA,NA
"feature_counts[9,5,5]",3,NA,0,3,3,3,3,3,NA,NA
"feature_counts[9,5,6]",2,NA,0,2,2,2,2,2,NA,NA
"feature_counts[9,5,7]",0,NA,0,0,0,0,0,0,NA,NA
"feature_counts[9,5,8]",0,NA,0,0,0,0,0,0,NA,NA
"feature_counts[10,1,1]",3,NA,0,3,3,3,3,3,NA,NA
"feature_counts[10,1,2]",0,NA,0,0,0,0,0,0,NA,NA
"feature_counts[10,1,3]",0,NA,0,0,0,0,0,0,NA,NA
"feature_counts[10,1,4]",2,NA,0,2,2,2,2,2,NA,NA
"feature_counts[10,1,5]",1,NA,0,1,1,1,1,1,NA,NA
"feature_counts[10,1,6]",1,NA,0,1,1,1,1,1,NA,NA
"feature_counts[10,1,7]",2,NA,0,2,2,2,2,2,NA,NA
"feature_counts[10,1,8]",3,NA,0,3,3,3,3,3,NA,NA
"feature_counts[10,2,1]",2,NA,0,2,2,2,2,2,NA,NA
"feature_counts[10,2,2]",3,NA,0,3,3,3,3,3,NA,NA
"feature_counts[10,2,3]",3,NA,0,3,3,3,3,3,NA,NA
"feature_counts[10,2,4]",2,NA,0,2,2,2,2,2,NA,NA
"feature_counts[10,2,5]",1,NA,0,1,1,1,1,1,NA,NA
"feature_counts[10,2,6]",0,NA,0,0,0,0,0,0,NA,NA
"feature_counts[10,2,7]",0,NA,0,0,0,0,0,0,NA,NA
"feature_counts[10,2,8]",1,NA,0,1,1,1,1,1,NA,NA
"feature_counts[10,3,1]",2,NA,0,2,2,2,2,2,NA,NA
"feature_counts[10,3,2]",2,NA,0,2,2,2,2,2,NA,NA
"feature_counts[10,3,3]",0,NA,0,0,0,0,0,0,NA,NA
"feature_counts[10,3,4]",0,NA,0,0,0,0,0,0,NA,NA
"feature_counts[10,3,5]",1,NA,0,1,1,1,1,1,NA,NA
"feature_counts[10,3,6]",1,NA,0,1,1,1,1,1,NA,NA
"feature_counts[10,3,7]",3,NA,0,3,3,3,3,3,NA,NA
"feature_counts[10,3,8]",3,NA,0,3,3,3,3,3,NA,NA
"feature_counts[10,4,1]",1,NA,0,1,1,1,1,1,NA,NA
"feature_counts[10,4,2]",2,NA,0,2,2,2,2,2,NA,NA
"feature_counts[10,4,3]",3,NA,0,3,3,3,3,3,NA,NA
"feature_counts[10,4,4]",0,NA,0,0,0,0,0,0,NA,NA
"feature_counts[10,4,5]",0,NA,0,0,0,0,0,0,NA,NA
"feature_counts[10,4,6]",3,NA,0,3,3,3,3,3,NA,NA
"feature_counts[10,4,7]",2,NA,0,2,2,2,2,2,NA,NA
"feature_counts[10,4,8]",1,NA,0,1,1,1,1,1,NA,NA
"feature_counts[10,5,1]",0,NA,0,0,0,0,0,0,NA,NA
"feature_counts[10,5,2]",1,NA,0,1,1,1,1,1,NA,NA
"feature_counts[10,5,3]",2,NA,0,2,2,2,2,2,NA,NA
"feature_counts[10,5,4]",3,NA,0,3,3,3,3,3,NA,NA
"feature_counts[10,5,5]",3,NA,0,3,3,3,3,3,NA,NA
"feature_counts[10,5,6]",2,NA,0,2,2,2,2,2,NA,NA
"feature_counts[10,5,7]",1,NA,0,1,1,1,1,1,NA,NA
"feature_counts[10,5,8]",0,NA,0,0,0,0,0,0,NA,NA
"feature_counts[11,1,1]",3,NA,0,3,3,3,3,3,NA,NA
"feature_counts[11,1,2]",2,NA,0,2,2,2,2,2,NA,NA
"feature_counts[11,1,3]",1,NA,0,1,1,1,1,1,NA,NA
"feature_counts[11,1,4]",1,NA,0,1,1,1,1,1,NA,NA
"feature_counts[11,1,5]",0,NA,0,0,0,0,0,0,NA,NA
"feature_counts[11,1,6]",0,NA,0,0,0,0,0,0,NA,NA
"feature_counts[11,1,7]",2,NA,0,2,2,2,2,2,NA,NA
"feature_counts[11,1,8]",3,NA,0,3,3,3,3,3,NA,NA
"feature_counts[11,2,1]",1,NA,0,1,1,1,1,1,NA,NA
"feature_counts[11,2,2]",1,NA,0,1,1,1,1,1,NA,NA
"feature_counts[11,2,3]",2,NA,0,2,2,2,2,2,NA,NA
"feature_counts[11,2,4]",2,NA,0,2,2,2,2,2,NA,NA
"feature_counts[11,2,5]",3,NA,0,3,3,3,3,3,NA,NA
"feature_counts[11,2,6]",3,NA,0,3,3,3,3,3,NA,NA
"feature_counts[11,2,7]",0,NA,0,0,0,0,0,0,NA,NA
"feature_counts[11,2,8]",0,NA,0,0,0,0,0,0,NA,NA
"feature_counts[11,3,1]",0,NA,0,0,0,0,0,0,NA,NA
"feature_counts[11,3,2]",2,NA,0,2,2,2,2,2,NA,NA
"feature_counts[11,3,3]",3,NA,0,3,3,3,3,3,NA,NA
"feature_counts[11,3,4]",0,NA,0,0,0,0,0,0,NA,NA
"feature_counts[11,3,5]",2,NA,0,2,2,2,2,2,NA,NA
"feature_counts[11,3,6]",1,NA,0,1,1,1,1,1,NA,NA
"feature_counts[11,3,7]",1,NA,0,1,1,1,1,1,NA,NA
"feature_counts[11,3,8]",3,NA,0,3,3,3,3,3,NA,NA
"feature_counts[11,4,1]",3,NA,0,3,3,3,3,3,NA,NA
"feature_counts[11,4,2]",0,NA,0,0,0,0,0,0,NA,NA
"feature_counts[11,4,3]",0,NA,0,0,0,0,0,0,NA,NA
"feature_counts[11,4,4]",3,NA,0,3,3,3,3,3,NA,NA
"feature_counts[11,4,5]",1,NA,0,1,1,1,1,1,NA,NA
"feature_counts[11,4,6]",2,NA,0,2,2,2,2,2,NA,NA
"feature_counts[11,4,7]",2,NA,0,2,2,2,2,2,NA,NA
"feature_counts[11,4,8]",1,NA,0,1,1,1,1,1,NA,NA
"feature_counts[11,5,1]",1,NA,0,1,1,1,1,1,NA,NA
"feature_counts[11,5,2]",3,NA,0,3,3,3,3,3,NA,NA
"feature_counts[11,5,3]",2,NA,0,2,2,2,2,2,NA,NA
"feature_counts[11,5,4]",2,NA,0,2,2,2,2,2,NA,NA
"feature_counts[11,5,5]",0,NA,0,0,0,0,0,0,NA,NA
"feature_counts[11,5,6]",1,NA,0,1,1,1,1,1,NA,NA
"feature_counts[11,5,7]",3,NA,0,3,3,3,3,3,NA,NA
"feature_counts[11,5,8]",0,NA,0,0,0,0,0,0,NA,NA
"feature_counts[12,1,1]",2,NA,0,2,2,2,2,2,NA,NA
"feature_counts[12,1,2]",2,NA,0,2,2,2,2,2,NA,NA
"feature_counts[12,1,3]",3,NA,0,3,3,3,3,3,NA,NA
"feature_counts[12,1,4]",3,NA,0,3,3,3,3,3,NA,NA
"feature_counts[12,1,5]",1,NA,0,1,1,1,1,1,NA,NA
"feature_counts[12,1,6]",1,NA,0,1,1,1,1,1,NA,NA
"feature_counts[12,1,7]",0,NA,0,0,0,0,0,0,NA,NA
"feature_counts[12,1,8]",0,NA,0,0,0,0,0,0,NA,NA
"feature_counts[12,2,1]",1,NA,0,1,1,1,1,1,NA,NA
"feature_counts[12,2,2]",2,NA,0,2,2,2,2,2,NA,NA
"feature_counts[12,2,3]",3,NA,0,3,3,3,3,3,NA,NA
"feature_counts[12,2,4]",0,NA,0,0,0,0,0,0,NA,NA
"feature_counts[12,2,5]",0,NA,0,0,0,0,0,0,NA,NA
"feature_counts[12,2,6]",3,NA,0,3,3,3,3,3,NA,NA
"feature_counts[12,2,7]",2,NA,0,2,2,2,2,2,NA,NA
"feature_counts[12,2,8]",1,NA,0,1,1,1,1,1,NA,NA
"feature_counts[12,3,1]",0,NA,0,0,0,0,0,0,NA,NA
"feature_counts[12,3,2]",0,NA,0,0,0,0,0,0,NA,NA
"feature_counts[12,3,3]",1,NA,0,1,1,1,1,1,NA,NA
"feature_counts[12,3,4]",3,NA,0,3,3,3,3,3,NA,NA
"feature_counts[12,3,5]",3,NA,0,3,3,3,3,3,NA,NA
"feature_counts[12,3,6]",1,NA,0,1,1,1,1,1,NA,NA
"feature_counts[12,3,7]",2,NA,0,2,2,2,2,2,NA,NA
"feature_counts[12,3,8]",2,NA,0,2,2,2,2,2,NA,NA
"feature_counts[12,4,1]",2,NA,0,2,2,2,2,2,NA,NA
"feature_counts[12,4,2]",3,NA,0,3,3,3,3,3,NA,NA
"feature_counts[12,4,3]",0,NA,0,0,0,0,0,0,NA,NA
"feature_counts[12,4,4]",2,NA,0,2,2,2,2,2,NA,NA
"feature_counts[12,4,5]",1,NA,0,1,1,1,1,1,NA,NA
"feature_counts[12,4,6]",0,NA,0,0,0,0,0,0,NA,NA
"feature_counts[12,4,7]",3,NA,0,3,3,3,3,3,NA,NA
"feature_counts[12,4,8]",1,NA,0,1,1,1,1,1,NA,NA
"feature_counts[12,5,1]",2,NA,0,2,2,2,2,2,NA,NA
"feature_counts[12,5,2]",1,NA,0,1,1,1,1,1,NA,NA
"feature_counts[12,5,3]",1,NA,0,1,1,1,1,1,NA,NA
"feature_counts[12,5,4]",0,NA,0,0,0,0,0,0,NA,NA
"feature_counts[12,5,5]",3,NA,0,3,3,3,3,3,NA,NA
"feature_counts[12,5,6]",2,NA,0,2,2,2,2,2,NA,NA
"feature_counts[12,5,7]",0,NA,0,0,0,0,0,0,NA,NA
"feature_counts[12,5,8]",3,NA,0,3,3,3,3,3,NA,NA
"feature_counts[13,1,1]",1,NA,0,1,1,1,1,1,NA,NA
"feature_counts[13,1,2]",1,NA,0,1,1,1,1,1,NA,NA
"feature_counts[13,1,3]",0,NA,0,0,0,0,0,0,NA,NA
"feature_counts[13,1,4]",2,NA,0,2,2,2,2,2,NA,NA
"feature_counts[13,1,5]",3,NA,0,3,3,3,3,3,NA,NA
"feature_counts[13,1,6]",0,NA,0,0,0,0,0,0,NA,NA
"feature_counts[13,1,7]",2,NA,0,2,2,2,2,2,NA,NA
"feature_counts[13,1,8]",3,NA,0,3,3,3,3,3,NA,NA
"feature_counts[13,2,1]",2,NA,0,2,2,2,2,2,NA,NA
"feature_counts[13,2,2]",3,NA,0,3,3,3,3,3,NA,NA
"feature_counts[13,2,3]",1,NA,0,1,1,1,1,1,NA,NA
"feature_counts[13,2,4]",1,NA,0,1,1,1,1,1,NA,NA
"feature_counts[13,2,5]",3,NA,0,3,3,3,3,3,NA,NA
"feature_counts[13,2,6]",2,NA,0,2,2,2,2,2,NA,NA
"feature_counts[13,2,7]",0,NA,0,0,0,0,0,0,NA,NA
"feature_counts[13,2,8]",0,NA,0,0,0,0,0,0,NA,NA
"feature_counts[13,3,1]",0,NA,0,0,0,0,0,0,NA,NA
"feature_counts[13,3,2]",1,NA,0,1,1,1,1,1,NA,NA
"feature_counts[13,3,3]",1,NA,0,1,1,1,1,1,NA,NA
"feature_counts[13,3,4]",0,NA,0,0,0,0,0,0,NA,NA
"feature_counts[13,3,5]",2,NA,0,2,2,2,2,2,NA,NA
"feature_counts[13,3,6]",2,NA,0,2,2,2,2,2,NA,NA
"feature_counts[13,3,7]",3,NA,0,3,3,3,3,3,NA,NA
"feature_counts[13,3,8]",3,NA,0,3,3,3,3,3,NA,NA
"feature_counts[13,4,1]",3,NA,0,3,3,3,3,3,NA,NA
"feature_counts[13,4,2]",3,NA,0,3,3,3,3,3,NA,NA
"feature_counts[13,4,3]",2,NA,0,2,2,2,2,2,NA,NA
"feature_counts[13,4,4]",2,NA,0,2,2,2,2,2,NA,NA
"feature_counts[13,4,5]",0,NA,0,0,0,0,0,0,NA,NA
"feature_counts[13,4,6]",0,NA,0,0,0,0,0,0,NA,NA
"feature_counts[13,4,7]",1,NA,0,1,1,1,1,1,NA,NA
"feature_counts[13,4,8]",1,NA,0,1,1,1,1,1,NA,NA
"feature_counts[13,5,1]",1,NA,0,1,1,1,1,1,NA,NA
"feature_counts[13,5,2]",0,NA,0,0,0,0,0,0,NA,NA
"feature_counts[13,5,3]",3,NA,0,3,3,3,3,3,NA,NA
"feature_counts[13,5,4]",3,NA,0,3,3,3,3,3,NA,NA
"feature_counts[13,5,5]",0,NA,0,0,0,0,0,0,NA,NA
"feature_counts[13,5,6]",2,NA,0,2,2,2,2,2,NA,NA
"feature_counts[13,5,7]",2,NA,0,2,2,2,2,2,NA,NA
"feature_counts[13,5,8]",1,NA,0,1,1,1,1,1,NA,NA
"feature_counts[14,1,1]",1,NA,0,1,1,1,1,1,NA,NA
"feature_counts[14,1,2]",1,NA,0,1,1,1,1,1,NA,NA
"feature_counts[14,1,3]",0,NA,0,0,0,0,0,0,NA,NA
"feature_counts[14,1,4]",3,NA,0,3,3,3,3,3,NA,NA
"feature_counts[14,1,5]",3,NA,0,3,3,3,3,3,NA,NA
"feature_counts[14,1,6]",0,NA,0,0,0,0,0,0,NA,NA
"feature_counts[14,1,7]",2,NA,0,2,2,2,2,2,NA,NA
"feature_counts[14,1,8]",2,NA,0,2,2,2,2,2,NA,NA
"feature_counts[14,2,1]",1,NA,0,1,1,1,1,1,NA,NA
"feature_counts[14,2,2]",3,NA,0,3,3,3,3,3,NA,NA
"feature_counts[14,2,3]",3,NA,0,3,3,3,3,3,NA,NA
"feature_counts[14,2,4]",1,NA,0,1,1,1,1,1,NA,NA
"feature_counts[14,2,5]",0,NA,0,0,0,0,0,0,NA,NA
"feature_counts[14,2,6]",2,NA,0,2,2,2,2,2,NA,NA
"feature_counts[14,2,7]",2,NA,0,2,2,2,2,2,NA,NA
"feature_counts[14,2,8]",0,NA,0,0,0,0,0,0,NA,NA
"feature_counts[14,3,1]",3,NA,0,3,3,3,3,3,NA,NA
"feature_counts[14,3,2]",1,NA,0,1,1,1,1,1,NA,NA
"feature_counts[14,3,3]",2,NA,0,2,2,2,2,2,NA,NA
"feature_counts[14,3,4]",0,NA,0,0,0,0,0,0,NA,NA
"feature_counts[14,3,5]",1,NA,0,1,1,1,1,1,NA,NA
"feature_counts[14,3,6]",3,NA,0,3,3,3,3,3,NA,NA
"feature_counts[14,3,7]",0,NA,0,0,0,0,0,0,NA,NA
"feature_counts[14,3,8]",2,NA,0,2,2,2,2,2,NA,NA
"feature_counts[14,4,1]",0,NA,0,0,0,0,0,0,NA,NA
"feature_counts[14,4,2]",3,NA,0,3,3,3,3,3,NA,NA
"feature_counts[14,4,3]",2,NA,0,2,2,2,2,2,NA,NA
"feature_counts[14,4,4]",2,NA,0,2,2,2,2,2,NA,NA
"feature_counts[14,4,5]",3,NA,0,3,3,3,3,3,NA,NA
"feature_counts[14,4,6]",0,NA,0,0,0,0,0,0,NA,NA
"feature_counts[14,4,7]",1,NA,0,1,1,1,1,1,NA,NA
"feature_counts[14,4,8]",1,NA,0,1,1,1,1,1,NA,NA
"feature_counts[14,5,1]",3,NA,0,3,3,3,3,3,NA,NA
"feature_counts[14,5,2]",0,NA,0,0,0,0,0,0,NA,NA
"feature_counts[14,5,3]",1,NA,0,1,1,1,1,1,NA,NA
"feature_counts[14,5,4]",2,NA,0,2,2,2,2,2,NA,NA
"feature_counts[14,5,5]",0,NA,0,0,0,0,0,0,NA,NA
"feature_counts[14,5,6]",1,NA,0,1,1,1,1,1,NA,NA
"feature_counts[14,5,7]",2,NA,0,2,2,2,2,2,NA,NA
"feature_counts[14,5,8]",3,NA,0,3,3,3,3,3,NA,NA
"feature_counts[15,1,1]",0,NA,0,0,0,0,0,0,NA,NA
"feature_counts[15,1,2]",2,NA,0,2,2,2,2,2,NA,NA
"feature_counts[15,1,3]",1,NA,0,1,1,1,1,1,NA,NA
"feature_counts[15,1,4]",1,NA,0,1,1,1,1,1,NA,NA
"feature_counts[15,1,5]",3,NA,0,3,3,3,3,3,NA,NA
"feature_counts[15,1,6]",3,NA,0,3,3,3,3,3,NA,NA
"feature_counts[15,1,7]",2,NA,0,2,2,2,2,2,NA,NA
"feature_counts[15,1,8]",0,NA,0,0,0,0,0,0,NA,NA
"feature_counts[15,2,1]",2,NA,0,2,2,2,2,2,NA,NA
"feature_counts[15,2,2]",2,NA,0,2,2,2,2,2,NA,NA
"feature_counts[15,2,3]",0,NA,0,0,0,0,0,0,NA,NA
"feature_counts[15,2,4]",3,NA,0,3,3,3,3,3,NA,NA
"feature_counts[15,2,5]",3,NA,0,3,3,3,3,3,NA,NA
"feature_counts[15,2,6]",0,NA,0,0,0,0,0,0,NA,NA
"feature_counts[15,2,7]",1,NA,0,1,1,1,1,1,NA,NA
"feature_counts[15,2,8]",1,NA,0,1,1,1,1,1,NA,NA
"feature_counts[15,3,1]",3,NA,0,3,3,3,3,3,NA,NA
"feature_counts[15,3,2]",2,NA,0,2,2,2,2,2,NA,NA
"feature_counts[15,3,3]",2,NA,0,2,2,2,2,2,NA,NA
"feature_counts[15,3,4]",0,NA,0,0,0,0,0,0,NA,NA
"feature_counts[15,3,5]",0,NA,0,0,0,0,0,0,NA,NA
"feature_counts[15,3,6]",1,NA,0,1,1,1,1,1,NA,NA
"feature_counts[15,3,7]",1,NA,0,1,1,1,1,1,NA,NA
"feature_counts[15,3,8]",3,NA,0,3,3,3,3,3,NA,NA
"feature_counts[15,4,1]",1,NA,0,1,1,1,1,1,NA,NA
"feature_counts[15,4,2]",0,NA,0,0,0,0,0,0,NA,NA
"feature_counts[15,4,3]",2,NA,0,2,2,2,2,2,NA,NA
"feature_counts[15,4,4]",2,NA,0,2,2,2,2,2,NA,NA
"feature_counts[15,4,5]",0,NA,0,0,0,0,0,0,NA,NA
"feature_counts[15,4,6]",3,NA,0,3,3,3,3,3,NA,NA
"feature_counts[15,4,7]",3,NA,0,3,3,3,3,3,NA,NA
"feature_counts[15,4,8]",1,NA,0,1,1,1,1,1,NA,NA
"feature_counts[15,5,1]",2,NA,0,2,2,2,2,2,NA,NA
"feature_counts[15,5,2]",1,NA,0,1,1,1,1,1,NA,NA
"feature_counts[15,5,3]",3,NA,0,3,3,3,3,3,NA,NA
"feature_counts[15,5,4]",2,NA,0,2,2,2,2,2,NA,NA
"feature_counts[15,5,5]",1,NA,0,1,1,1,1,1,NA,NA
"feature_counts[15,5,6]",0,NA,0,0,0,0,0,0,NA,NA
"feature_counts[15,5,7]",0,NA,0,0,0,0,0,0,NA,NA
"feature_counts[15,5,8]",3,NA,0,3,3,3,3,3,NA,NA
"feature_counts[16,1,1]",0,NA,0,0,0,0,0,0,NA,NA
"feature_counts[16,1,2]",2,NA,0,2,2,2,2,2,NA,NA
"feature_counts[16,1,3]",2,NA,0,2,2,2,2,2,NA,NA
"feature_counts[16,1,4]",0,NA,0,0,0,0,0,0,NA,NA
"feature_counts[16,1,5]",3,NA,0,3,3,3,3,3,NA,NA
"feature_counts[16,1,6]",3,NA,0,3,3,3,3,3,NA,NA
"feature_counts[16,1,7]",1,NA,0,1,1,1,1,1,NA,NA
"feature_counts[16,1,8]",1,NA,0,1,1,1,1,1,NA,NA
"feature_counts[16,2,1]",1,NA,0,1,1,1,1,1,NA,NA
"feature_counts[16,2,2]",2,NA,0,2,2,2,2,2,NA,NA
"feature_counts[16,2,3]",2,NA,0,2,2,2,2,2,NA,NA
"feature_counts[16,2,4]",1,NA,0,1,1,1,1,1,NA,NA
"feature_counts[16,2,5]",0,NA,0,0,0,0,0,0,NA,NA
"feature_counts[16,2,6]",0,NA,0,0,0,0,0,0,NA,NA
"feature_counts[16,2,7]",3,NA,0,3,3,3,3,3,NA,NA
"feature_counts[16,2,8]",3,NA,0,3,3,3,3,3,NA,NA
"feature_counts[16,3,1]",0,NA,0,0,0,0,0,0,NA,NA
"feature_counts[16,3,2]",0,NA,0,0,0,0,0,0,NA,NA
"feature_counts[16,3,3]",2,NA,0,2,2,2,2,2,NA,NA
"feature_counts[16,3,4]",3,NA,0,3,3,3,3,3,NA,NA
"feature_counts[16,3,5]",3,NA,0,3,3,3,3,3,NA,NA
"feature_counts[16,3,6]",1,NA,0,1,1,1,1,1,NA,NA
"feature_counts[16,3,7]",1,NA,0,1,1,1,1,1,NA,NA
"feature_counts[16,3,8]",2,NA,0,2,2,2,2,2,NA,NA
"feature_counts[16,4,1]",3,NA,0,3,3,3,3,3,NA,NA
"feature_counts[16,4,2]",1,NA,0,1,1,1,1,1,NA,NA
"feature_counts[16,4,3]",2,NA,0,2,2,2,2,2,NA,NA
"feature_counts[16,4,4]",3,NA,0,3,3,3,3,3,NA,NA
"feature_counts[16,4,5]",1,NA,0,1,1,1,1,1,NA,NA
"feature_counts[16,4,6]",2,NA,0,2,2,2,2,2,NA,NA
"feature_counts[16,4,7]",0,NA,0,0,0,0,0,0,NA,NA
"feature_counts[16,4,8]",0,NA,0,0,0,0,0,0,NA,NA
"feature_counts[16,5,1]",2,NA,0,2,2,2,2,2,NA,NA
"feature_counts[16,5,2]",3,NA,0,3,3,3,3,3,NA,NA
"feature_counts[16,5,3]",0,NA,0,0,0,0,0,0,NA,NA
"feature_counts[16,5,4]",0,NA,0,0,0,0,0,0,NA,NA
"feature_counts[16,5,5]",1,NA,0,1,1,1,1,1,NA,NA
"feature_counts[16,5,6]",2,NA,0,2,2,2,2,2,NA,NA
"feature_counts[16,5,7]",3,NA,0,3,3,3,3,3,NA,NA
"feature_counts[16,5,8]",1,NA,0,1,1,1,1,1,NA,NA
"feature_counts[17,1,1]",3,NA,0,3,3,3,3,3,NA,NA
"feature_counts[17,1,2]",0,NA,0,0,0,0,0,0,NA,NA
"feature_counts[17,1,3]",2,NA,0,2,2,2,2,2,NA,NA
"feature_counts[17,1,4]",3,NA,0,3,3,3,3,3,NA,NA
"feature_counts[17,1,5]",1,NA,0,1,1,1,1,1,NA,NA
"feature_counts[17,1,6]",1,NA,0,1,1,1,1,1,NA,NA
"feature_counts[17,1,7]",0,NA,0,0,0,0,0,0,NA,NA
"feature_counts[17,1,8]",2,NA,0,2,2,2,2,2,NA,NA
"feature_counts[17,2,1]",3,NA,0,3,3,3,3,3,NA,NA
"feature_counts[17,2,2]",0,NA,0,0,0,0,0,0,NA,NA
"feature_counts[17,2,3]",1,NA,0,1,1,1,1,1,NA,NA
"feature_counts[17,2,4]",2,NA,0,2,2,2,2,2,NA,NA
"feature_counts[17,2,5]",0,NA,0,0,0,0,0,0,NA,NA
"feature_counts[17,2,6]",3,NA,0,3,3,3,3,3,NA,NA
"feature_counts[17,2,7]",2,NA,0,2,2,2,2,2,NA,NA
"feature_counts[17,2,8]",1,NA,0,1,1,1,1,1,NA,NA
"feature_counts[17,3,1]",1,NA,0,1,1,1,1,1,NA,NA
"feature_counts[17,3,2]",3,NA,0,3,3,3,3,3,NA,NA
"feature_counts[17,3,3]",0,NA,0,0,0,0,0,0,NA,NA
"feature_counts[17,3,4]",0,NA,0,0,0,0,0,0,NA,NA
"feature_counts[17,3,5]",3,NA,0,3,3,3,3,3,NA,NA
"feature_counts[17,3,6]",1,NA,0,1,1,1,1,1,NA,NA
"feature_counts[17,3,7]",2,NA,0,2,2,2,2,2,NA,NA
"feature_counts[17,3,8]",2,NA,0,2,2,2,2,2,NA,NA
"feature_counts[17,4,1]",1,NA,0,1,1,1,1,1,NA,NA
"feature_counts[17,4,2]",3,NA,0,3,3,3,3,3,NA,NA
"feature_counts[17,4,3]",2,NA,0,2,2,2,2,2,NA,NA
"feature_counts[17,4,4]",2,NA,0,2,2,2,2,2,NA,NA
"feature_counts[17,4,5]",0,NA,0,0,0,0,0,0,NA,NA
"feature_counts[17,4,6]",1,NA,0,1,1,1,1,1,NA,NA
"feature_counts[17,4,7]",3,NA,0,3,3,3,3,3,NA,NA
"feature_counts[17,4,8]",0,NA,0,0,0,0,0,0,NA,NA
"feature_counts[17,5,1]",0,NA,0,0,0,0,0,0,NA,NA
"feature_counts[17,5,2]",2,NA,0,2,2,2,2,2,NA,NA
"feature_counts[17,5,3]",2,NA,0,2,2,2,2,2,NA,NA
"feature_counts[17,5,4]",1,NA,0,1,1,1,1,1,NA,NA
"feature_counts[17,5,5]",3,NA,0,3,3,3,3,3,NA,NA
"feature_counts[17,5,6]",0,NA,0,0,0,0,0,0,NA,NA
"feature_counts[17,5,7]",1,NA,0,1,1,1,1,1,NA,NA
"feature_counts[17,5,8]",3,NA,0,3,3,3,3,3,NA,NA
"feature_counts[18,1,1]",0,NA,0,0,0,0,0,0,NA,NA
"feature_counts[18,1,2]",3,NA,0,3,3,3,3,3,NA,NA
"feature_counts[18,1,3]",1,NA,0,1,1,1,1,1,NA,NA
"feature_counts[18,1,4]",0,NA,0,0,0,0,0,0,NA,NA
"feature_counts[18,1,5]",3,NA,0,3,3,3,3,3,NA,NA
"feature_counts[18,1,6]",2,NA,0,2,2,2,2,2,NA,NA
"feature_counts[18,1,7]",2,NA,0,2,2,2,2,2,NA,NA
"feature_counts[18,1,8]",1,NA,0,1,1,1,1,1,NA,NA
"feature_counts[18,2,1]",3,NA,0,3,3,3,3,3,NA,NA
"feature_counts[18,2,2]",2,NA,0,2,2,2,2,2,NA,NA
"feature_counts[18,2,3]",2,NA,0,2,2,2,2,2,NA,NA
"feature_counts[18,2,4]",3,NA,0,3,3,3,3,3,NA,NA
"feature_counts[18,2,5]",0,NA,0,0,0,0,0,0,NA,NA
"feature_counts[18,2,6]",0,NA,0,0,0,0,0,0,NA,NA
"feature_counts[18,2,7]",1,NA,0,1,1,1,1,1,NA,NA
"feature_counts[18,2,8]",1,NA,0,1,1,1,1,1,NA,NA
"feature_counts[18,3,1]",2,NA,0,2,2,2,2,2,NA,NA
"feature_counts[18,3,2]",2,NA,0,2,2,2,2,2,NA,NA
"feature_counts[18,3,3]",0,NA,0,0,0,0,0,0,NA,NA
"feature_counts[18,3,4]",0,NA,0,0,0,0,0,0,NA,NA
"feature_counts[18,3,5]",1,NA,0,1,1,1,1,1,NA,NA
"feature_counts[18,3,6]",1,NA,0,1,1,1,1,1,NA,NA
"feature_counts[18,3,7]",3,NA,0,3,3,3,3,3,NA,NA
"feature_counts[18,3,8]",3,NA,0,3,3,3,3,3,NA,NA
"feature_counts[18,4,1]",2,NA,0,2,2,2,2,2,NA,NA
"feature_counts[18,4,2]",1,NA,0,1,1,1,1,1,NA,NA
"feature_counts[18,4,3]",1,NA,0,1,1,1,1,1,NA,NA
"feature_counts[18,4,4]",2,NA,0,2,2,2,2,2,NA,NA
"feature_counts[18,4,5]",3,NA,0,3,3,3,3,3,NA,NA
"feature_counts[18,4,6]",3,NA,0,3,3,3,3,3,NA,NA
"feature_counts[18,4,7]",0,NA,0,0,0,0,0,0,NA,NA
"feature_counts[18,4,8]",0,NA,0,0,0,0,0,0,NA,NA
"feature_counts[18,5,1]",0,NA,0,0,0,0,0,0,NA,NA
"feature_counts[18,5,2]",0,NA,0,0,0,0,0,0,NA,NA
"feature_counts[18,5,3]",3,NA,0,3,3,3,3,3,NA,NA
"feature_counts[18,5,4]",3,NA,0,3,3,3,3,3,NA,NA
"feature_counts[18,5,5]",1,NA,0,1,1,1,1,1,NA,NA
"feature_counts[18,5,6]",1,NA,0,1,1,1,1,1,NA,NA
"feature_counts[18,5,7]",2,NA,0,2,2,2,2,2,NA,NA
"feature_counts[18,5,8]",2,NA,0,2,2,2,2,2,NA,NA
"feature_counts[19,1,1]",2,NA,0,2,2,2,2,2,NA,NA
"feature_counts[19,1,2]",1,NA,0,1,1,1,1,1,NA,NA
"feature_counts[19,1,3]",0,NA,0,0,0,0,0,0,NA,NA
"feature_counts[19,1,4]",3,NA,0,3,3,3,3,3,NA,NA
"feature_counts[19,1,5]",3,NA,0,3,3,3,3,3,NA,NA
"feature_counts[19,1,6]",0,NA,0,0,0,0,0,0,NA,NA
"feature_counts[19,1,7]",1,NA,0,1,1,1,1,1,NA,NA
"feature_counts[19,1,8]",2,NA,0,2,2,2,2,2,NA,NA
"feature_counts[19,2,1]",1,NA,0,1,1,1,1,1,NA,NA
"feature_counts[19,2,2]",2,NA,0,2,2,2,2,2,NA,NA
"feature_counts[19,2,3]",3,NA,0,3,3,3,3,3,NA,NA
"feature_counts[19,2,4]",1,NA,0,1,1,1,1,1,NA,NA
"feature_counts[19,2,5]",0,NA,0,0,0,0,0,0,NA,NA
"feature_counts[19,2,6]",0,NA,0,0,0,0,0,0,NA,NA
"feature_counts[19,2,7]",2,NA,0,2,2,2,2,2,NA,NA
"feature_counts[19,2,8]",3,NA,0,3,3,3,3,3,NA,NA
"feature_counts[19,3,1]",3,NA,0,3,3,3,3,3,NA,NA
"feature_counts[19,3,2]",1,NA,0,1,1,1,1,1,NA,NA
"feature_counts[19,3,3]",1,NA,0,1,1,1,1,1,NA,NA
"feature_counts[19,3,4]",3,NA,0,3,3,3,3,3,NA,NA
"feature_counts[19,3,5]",0,NA,0,0,0,0,0,0,NA,NA
"feature_counts[19,3,6]",2,NA,0,2,2,2,2,2,NA,NA
"feature_counts[19,3,7]",2,NA,0,2,2,2,2,2,NA,NA
"feature_counts[19,3,8]",0,NA,0,0,0,0,0,0,NA,NA
"feature_counts[19,4,1]",1,NA,0,1,1,1,1,1,NA,NA
"feature_counts[19,4,2]",0,NA,0,0,0,0,0,0,NA,NA
"feature_counts[19,4,3]",2,NA,0,2,2,2,2,2,NA,NA
"feature_counts[19,4,4]",1,NA,0,1,1,1,1,1,NA,NA
"feature_counts[19,4,5]",3,NA,0,3,3,3,3,3,NA,NA
"feature_counts[19,4,6]",3,NA,0,3,3,3,3,3,NA,NA
"feature_counts[19,4,7]",0,NA,0,0,0,0,0,0,NA,NA
"feature_counts[19,4,8]",2,NA,0,2,2,2,2,2,NA,NA
"feature_counts[19,5,1]",0,NA,0,0,0,0,0,0,NA,NA
"feature_counts[19,5,2]",2,NA,0,2,2,2,2,2,NA,NA
"feature_counts[19,5,3]",1,NA,0,1,1,1,1,1,NA,NA
"feature_counts[19,5,4]",0,NA,0,0,0,0,0,0,NA,NA
"feature_counts[19,5,5]",2,NA,0,2,2,2,2,2,NA,NA
"feature_counts[19,5,6]",3,NA,0,3,3,3,3,3,NA,NA
"feature_counts[19,5,7]",3,NA,0,3,3,3,3,3,NA,NA
"feature_counts[19,5,8]",1,NA,0,1,1,1,1,1,NA,NA
"feature_counts[20,1,1]",1,NA,0,1,1,1,1,1,NA,NA
"feature_counts[20,1,2]",2,NA,0,2,2,2,2,2,NA,NA
"feature_counts[20,1,3]",3,NA,0,3,3,3,3,3,NA,NA
"feature_counts[20,1,4]",0,NA,0,0,0,0,0,0,NA,NA
"feature_counts[20,1,5]",2,NA,0,2,2,2,2,2,NA,NA
"feature_counts[20,1,6]",1,NA,0,1,1,1,1,1,NA,NA
"feature_counts[20,1,7]",0,NA,0,0,0,0,0,0,NA,NA
"feature_counts[20,1,8]",3,NA,0,3,3,3,3,3,NA,NA
"feature_counts[20,2,1]",1,NA,0,1,1,1,1,1,NA,NA
"feature_counts[20,2,2]",2,NA,0,2,2,2,2,2,NA,NA
"feature_counts[20,2,3]",0,NA,0,0,0,0,0,0,NA,NA
"feature_counts[20,2,4]",0,NA,0,0,0,0,0,0,NA,NA
"feature_counts[20,2,5]",2,NA,0,2,2,2,2,2,NA,NA
"feature_counts[20,2,6]",3,NA,0,3,3,3,3,3,NA,NA
"feature_counts[20,2,7]",3,NA,0,3,3,3,3,3,NA,NA
"feature_counts[20,2,8]",1,NA,0,1,1,1,1,1,NA,NA
"feature_counts[20,3,1]",0,NA,0,0,0,0,0,0,NA,NA
"feature_counts[20,3,2]",1,NA,0,1,1,1,1,1,NA,NA
"feature_counts[20,3,3]",3,NA,0,3,3,3,3,3,NA,NA
"feature_counts[20,3,4]",3,NA,0,3,3,3,3,3,NA,NA
"feature_counts[20,3,5]",1,NA,0,1,1,1,1,1,NA,NA
"feature_counts[20,3,6]",2,NA,0,2,2,2,2,2,NA,NA
"feature_counts[20,3,7]",2,NA,0,2,2,2,2,2,NA,NA
"feature_counts[20,3,8]",0,NA,0,0,0,0,0,0,NA,NA
"feature_counts[20,4,1]",3,NA,0,3,3,3,3,3,NA,NA
"feature_counts[20,4,2]",0,NA,0,0,0,0,0,0,NA,NA
"feature_counts[20,4,3]",1,NA,0,1,1,1,1,1,NA,NA
"feature_counts[20,4,4]",2,NA,0,2,2,2,2,2,NA,NA
"feature_counts[20,4,5]",2,NA,0,2,2,2,2,2,NA,NA
"feature_counts[20,4,6]",1,NA,0,1,1,1,1,1,NA,NA
"feature_counts[20,4,7]",0,NA,0,0,0,0,0,0,NA,NA
"feature_counts[20,4,8]",3,NA,0,3,3,3,3,3,NA,NA
"feature_counts[20,5,1]",2,NA,0,2,2,2,2,2,NA,NA
"feature_counts[20,5,2]",2,NA,0,2,2,2,2,2,NA,NA
"feature_counts[20,5,3]",1,NA,0,1,1,1,1,1,NA,NA
"feature_counts[20,5,4]",3,NA,0,3,3,3,3,3,NA,NA
"feature_counts[20,5,5]",0,NA,0,0,0,0,0,0,NA,NA
"feature_counts[20,5,6]",0,NA,0,0,0,0,0,0,NA,NA
"feature_counts[20,5,7]",3,NA,0,3,3,3,3,3,NA,NA
"feature_counts[20,5,8]",1,NA,0,1,1,1,1,1,NA,NA
"feature_counts[21,1,1]",2,NA,0,2,2,2,2,2,NA,NA
"feature_counts[21,1,2]",1,NA,0,1,1,1,1,1,NA,NA
"feature_counts[21,1,3]",3,NA,0,3,3,3,3,3,NA,NA
"feature_counts[21,1,4]",2,NA,0,2,2,2,2,2,NA,NA
"feature_counts[21,1,5]",0,NA,0,0,0,0,0,0,NA,NA
"feature_counts[21,1,6]",3,NA,0,3,3,3,3,3,NA,NA
"feature_counts[21,1,7]",1,NA,0,1,1,1,1,1,NA,NA
"feature_counts[21,1,8]",0,NA,0,0,0,0,0,0,NA,NA
"feature_counts[21,2,1]",0,NA,0,0,0,0,0,0,NA,NA
"feature_counts[21,2,2]",0,NA,0,0,0,0,0,0,NA,NA
"feature_counts[21,2,3]",3,NA,0,3,3,3,3,3,NA,NA
"feature_counts[21,2,4]",2,NA,0,2,2,2,2,2,NA,NA
"feature_counts[21,2,5]",1,NA,0,1,1,1,1,1,NA,NA
"feature_counts[21,2,6]",1,NA,0,1,1,1,1,1,NA,NA
"feature_counts[21,2,7]",2,NA,0,2,2,2,2,2,NA,NA
"feature_counts[21,2,8]",3,NA,0,3,3,3,3,3,NA,NA
"feature_counts[21,3,1]",3,NA,0,3,3,3,3,3,NA,NA
"feature_counts[21,3,2]",3,NA,0,3,3,3,3,3,NA,NA
"feature_counts[21,3,3]",1,NA,0,1,1,1,1,1,NA,NA
"feature_counts[21,3,4]",0,NA,0,0,0,0,0,0,NA,NA
"feature_counts[21,3,5]",2,NA,0,2,2,2,2,2,NA,NA
"feature_counts[21,3,6]",2,NA,0,2,2,2,2,2,NA,NA
"feature_counts[21,3,7]",0,NA,0,0,0,0,0,0,NA,NA
"feature_counts[21,3,8]",1,NA,0,1,1,1,1,1,NA,NA
"feature_counts[21,4,1]",1,NA,0,1,1,1,1,1,NA,NA
"feature_counts[21,4,2]",3,NA,0,3,3,3,3,3,NA,NA
"feature_counts[21,4,3]",0,NA,0,0,0,0,0,0,NA,NA
"feature_counts[21,4,4]",1,NA,0,1,1,1,1,1,NA,NA
"feature_counts[21,4,5]",3,NA,0,3,3,3,3,3,NA,NA
"feature_counts[21,4,6]",2,NA,0,2,2,2,2,2,NA,NA
"feature_counts[21,4,7]",2,NA,0,2,2,2,2,2,NA,NA
"feature_counts[21,4,8]",0,NA,0,0,0,0,0,0,NA,NA
"feature_counts[21,5,1]",1,NA,0,1,1,1,1,1,NA,NA
"feature_counts[21,5,2]",1,NA,0,1,1,1,1,1,NA,NA
"feature_counts[21,5,3]",0,NA,0,0,0,0,0,0,NA,NA
"feature_counts[21,5,4]",2,NA,0,2,2,2,2,2,NA,NA
"feature_counts[21,5,5]",2,NA,0,2,2,2,2,2,NA,NA
"feature_counts[21,5,6]",0,NA,0,0,0,0,0,0,NA,NA
"feature_counts[21,5,7]",3,NA,0,3,3,3,3,3,NA,NA
"feature_counts[21,5,8]",3,NA,0,3,3,3,3,3,NA,NA
"feature_counts[22,1,1]",0,NA,0,0,0,0,0,0,NA,NA
"feature_counts[22,1,2]",1,NA,0,1,1,1,1,1,NA,NA
"feature_counts[22,1,3]",3,NA,0,3,3,3,3,3,NA,NA
"feature_counts[22,1,4]",2,NA,0,2,2,2,2,2,NA,NA
"feature_counts[22,1,5]",2,NA,0,2,2,2,2,2,NA,NA
"feature_counts[22,1,6]",0,NA,0,0,0,0,0,0,NA,NA
"feature_counts[22,1,7]",1,NA,0,1,1,1,1,1,NA,NA
"feature_counts[22,1,8]",3,NA,0,3,3,3,3,3,NA,NA
"feature_counts[22,2,1]",0,NA,0,0,0,0,0,0,NA,NA
"feature_counts[22,2,2]",3,NA,0,3,3,3,3,3,NA,NA
"feature_counts[22,2,3]",2,NA,0,2,2,2,2,2,NA,NA
"feature_counts[22,2,4]",1,NA,0,1,1,1,1,1,NA,NA
"feature_counts[22,2,5]",1,NA,0,1,1,1,1,1,NA,NA
"feature_counts[22,2,6]",0,NA,0,0,0,0,0,0,NA,NA
"feature_counts[22,2,7]",3,NA,0,3,3,3,3,3,NA,NA
"feature_counts[22,2,8]",2,NA,0,2,2,2,2,2,NA,NA
"feature_counts[22,3,1]",3,NA,0,3,3,3,3,3,NA,NA
"feature_counts[22,3,2]",1,NA,0,1,1,1,1,1,NA,NA
"feature_counts[22,3,3]",1,NA,0,1,1,1,1,1,NA,NA
"feature_counts[22,3,4]",0,NA,0,0,0,0,0,0,NA,NA
"feature_counts[22,3,5]",2,NA,0,2,2,2,2,2,NA,NA
"feature_counts[22,3,6]",3,NA,0,3,3,3,3,3,NA,NA
"feature_counts[22,3,7]",0,NA,0,0,0,0,0,0,NA,NA
"feature_counts[22,3,8]",2,NA,0,2,2,2,2,2,NA,NA
"feature_counts[22,4,1]",1,NA,0,1,1,1,1,1,NA,NA
"feature_counts[22,4,2]",1,NA,0,1,1,1,1,1,NA,NA
"feature_counts[22,4,3]",0,NA,0,0,0,0,0,0,NA,NA
"feature_counts[22,4,4]",3,NA,0,3,3,3,3,3,NA,NA
"feature_counts[22,4,5]",3,NA,0,3,3,3,3,3,NA,NA
"feature_counts[22,4,6]",2,NA,0,2,2,2,2,2,NA,NA
"feature_counts[22,4,7]",2,NA,0,2,2,2,2,2,NA,NA
"feature_counts[22,4,8]",0,NA,0,0,0,0,0,0,NA,NA
"feature_counts[22,5,1]",3,NA,0,3,3,3,3,3,NA,NA
"feature_counts[22,5,2]",0,NA,0,0,0,0,0,0,NA,NA
"feature_counts[22,5,3]",2,NA,0,2,2,2,2,2,NA,NA
"feature_counts[22,5,4]",2,NA,0,2,2,2,2,2,NA,NA
"feature_counts[22,5,5]",0,NA,0,0,0,0,0,0,NA,NA
"feature_counts[22,5,6]",3,NA,0,3,3,3,3,3,NA,NA
"feature_counts[22,5,7]",1,NA,0,1,1,1,1,1,NA,NA
"feature_counts[22,5,8]",1,NA,0,1,1,1,1,1,NA,NA
"feature_counts[23,1,1]",3,NA,0,3,3,3,3,3,NA,NA
"feature_counts[23,1,2]",3,NA,0,3,3,3,3,3,NA,NA
"feature_counts[23,1,3]",2,NA,0,2,2,2,2,2,NA,NA
"feature_counts[23,1,4]",2,NA,0,2,2,2,2,2,NA,NA
"feature_counts[23,1,5]",1,NA,0,1,1,1,1,1,NA,NA
"feature_counts[23,1,6]",0,NA,0,0,0,0,0,0,NA,NA
"feature_counts[23,1,7]",0,NA,0,0,0,0,0,0,NA,NA
"feature_counts[23,1,8]",1,NA,0,1,1,1,1,1,NA,NA
"feature_counts[23,2,1]",2,NA,0,2,2,2,2,2,NA,NA
"feature_counts[23,2,2]",0,NA,0,0,0,0,0,0,NA,NA
"feature_counts[23,2,3]",0,NA,0,0,0,0,0,0,NA,NA
"feature_counts[23,2,4]",1,NA,0,1,1,1,1,1,NA,NA
"feature_counts[23,2,5]",3,NA,0,3,3,3,3,3,NA,NA
"feature_counts[23,2,6]",3,NA,0,3,3,3,3,3,NA,NA
"feature_counts[23,2,7]",1,NA,0,1,1,1,1,1,NA,NA
"feature_counts[23,2,8]",2,NA,0,2,2,2,2,2,NA,NA
"feature_counts[23,3,1]",1,NA,0,1,1,1,1,1,NA,NA
"feature_counts[23,3,2]",1,NA,0,1,1,1,1,1,NA,NA
"feature_counts[23,3,3]",2,NA,0,2,2,2,2,2,NA,NA
"feature_counts[23,3,4]",0,NA,0,0,0,0,0,0,NA,NA
"feature_counts[23,3,5]",0,NA,0,0,0,0,0,0,NA,NA
"feature_counts[23,3,6]",3,NA,0,3,3,3,3,3,NA,NA
"feature_counts[23,3,7]",3,NA,0,3,3,3,3,3,NA,NA
"feature_counts[23,3,8]",2,NA,0,2,2,2,2,2,NA,NA
"feature_counts[23,4,1]",0,NA,0,0,0,0,0,0,NA,NA
"feature_counts[23,4,2]",0,NA,0,0,0,0,0,0,NA,NA
"feature_counts[23,4,3]",3,NA,0,3,3,3,3,3,NA,NA
"feature_counts[23,4,4]",2,NA,0,2,2,2,2,2,NA,NA
"feature_counts[23,4,5]",1,NA,0,1,1,1,1,1,NA,NA
"feature_counts[23,4,6]",1,NA,0,1,1,1,1,1,NA,NA
"feature_counts[23,4,7]",2,NA,0,2,2,2,2,2,NA,NA
"feature_counts[23,4,8]",3,NA,0,3,3,3,3,3,NA,NA
"feature_counts[23,5,1]",1,NA,0,1,1,1,1,1,NA,NA
"feature_counts[23,5,2]",3,NA,0,3,3,3,3,3,NA,NA
"feature_counts[23,5,3]",0,NA,0,0,0,0,0,0,NA,NA
"feature_counts[23,5,4]",2,NA,0,2,2,2,2,2,NA,NA
"feature_counts[23,5,5]",3,NA,0,3,3,3,3,3,NA,NA
"feature_counts[23,5,6]",1,NA,0,1,1,1,1,1,NA,NA
"feature_counts[23,5,7]",2,NA,0,2,2,2,2,2,NA,NA
"feature_counts[23,5,8]",0,NA,0,0,0,0,0,0,NA,NA
"feature_counts[24,1,1]",3,NA,0,3,3,3,3,3,NA,NA
"feature_counts[24,1,2]",0,NA,0,0,0,0,0,0,NA,NA
"feature_counts[24,1,3]",2,NA,0,2,2,2,2,2,NA,NA
"feature_counts[24,1,4]",1,NA,0,1,1,1,1,1,NA,NA
"feature_counts[24,1,5]",0,NA,0,0,0,0,0,0,NA,NA
"feature_counts[24,1,6]",3,NA,0,3,3,3,3,3,NA,NA
"feature_counts[24,1,7]",1,NA,0,1,1,1,1,1,NA,NA
"feature_counts[24,1,8]",2,NA,0,2,2,2,2,2,NA,NA
"feature_counts[24,2,1]",1,NA,0,1,1,1,1,1,NA,NA
"feature_counts[24,2,2]",3,NA,0,3,3,3,3,3,NA,NA
"feature_counts[24,2,3]",0,NA,0,0,0,0,0,0,NA,NA
"feature_counts[24,2,4]",2,NA,0,2,2,2,2,2,NA,NA
"feature_counts[24,2,5]",3,NA,0,3,3,3,3,3,NA,NA
"feature_counts[24,2,6]",1,NA,0,1,1,1,1,1,NA,NA
"feature_counts[24,2,7]",2,NA,0,2,2,2,2,2,NA,NA
"feature_counts[24,2,8]",0,NA,0,0,0,0,0,0,NA,NA
"feature_counts[24,3,1]",1,NA,0,1,1,1,1,1,NA,NA
"feature_counts[24,3,2]",1,NA,0,1,1,1,1,1,NA,NA
"feature_counts[24,3,3]",3,NA,0,3,3,3,3,3,NA,NA
"feature_counts[24,3,4]",2,NA,0,2,2,2,2,2,NA,NA
"feature_counts[24,3,5]",0,NA,0,0,0,0,0,0,NA,NA
"feature_counts[24,3,6]",0,NA,0,0,0,0,0,0,NA,NA
"feature_counts[24,3,7]",2,NA,0,2,2,2,2,2,NA,NA
"feature_counts[24,3,8]",3,NA,0,3,3,3,3,3,NA,NA
"feature_counts[24,4,1]",0,NA,0,0,0,0,0,0,NA,NA
"feature_counts[24,4,2]",3,NA,0,3,3,3,3,3,NA,NA
"feature_counts[24,4,3]",1,NA,0,1,1,1,1,1,NA,NA
"feature_counts[24,4,4]",0,NA,0,0,0,0,0,0,NA,NA
"feature_counts[24,4,5]",3,NA,0,3,3,3,3,3,NA,NA
"feature_counts[24,4,6]",2,NA,0,2,2,2,2,2,NA,NA
"feature_counts[24,4,7]",2,NA,0,2,2,2,2,2,NA,NA
"feature_counts[24,4,8]",1,NA,0,1,1,1,1,1,NA,NA
"feature_counts[24,5,1]",3,NA,0,3,3,3,3,3,NA,NA
"feature_counts[24,5,2]",1,NA,0,1,1,1,1,1,NA,NA
"feature_counts[24,5,3]",2,NA,0,2,2,2,2,2,NA,NA
"feature_counts[24,5,4]",3,NA,0,3,3,3,3,3,NA,NA
"feature_counts[24,5,5]",1,NA,0,1,1,1,1,1,NA,NA
"feature_counts[24,5,6]",2,NA,0,2,2,2,2,2,NA,NA
"feature_counts[24,5,7]",0,NA,0,0,0,0,0,0,NA,NA
"feature_counts[24,5,8]",0,NA,0,0,0,0,0,0,NA,NA
"feature_counts[25,1,1]",1,NA,0,1,1,1,1,1,NA,NA
"feature_counts[25,1,2]",3,NA,0,3,3,3,3,3,NA,NA
"feature_counts[25,1,3]",3,NA,0,3,3,3,3,3,NA,NA
"feature_counts[25,1,4]",0,NA,0,0,0,0,0,0,NA,NA
"feature_counts[25,1,5]",0,NA,0,0,0,0,0,0,NA,NA
"feature_counts[25,1,6]",1,NA,0,1,1,1,1,1,NA,NA
"feature_counts[25,1,7]",2,NA,0,2,2,2,2,2,NA,NA
"feature_counts[25,1,8]",2,NA,0,2,2,2,2,2,NA,NA
"feature_counts[25,2,1]",0,NA,0,0,0,0,0,0,NA,NA
"feature_counts[25,2,2]",2,NA,0,2,2,2,2,2,NA,NA
"feature_counts[25,2,3]",1,NA,0,1,1,1,1,1,NA,NA
"feature_counts[25,2,4]",3,NA,0,3,3,3,3,3,NA,NA
"feature_counts[25,2,5]",2,NA,0,2,2,2,2,2,NA,NA
"feature_counts[25,2,6]",1,NA,0,1,1,1,1,1,NA,NA
"feature_counts[25,2,7]",3,NA,0,3,3,3,3,3,NA,NA
"feature_counts[25,2,8]",0,NA,0,0,0,0,0,0,NA,NA
"feature_counts[25,3,1]",1,NA,0,1,1,1,1,1,NA,NA
"feature_counts[25,3,2]",2,NA,0,2,2,2,2,2,NA,NA
"feature_counts[25,3,3]",3,NA,0,3,3,3,3,3,NA,NA
"feature_counts[25,3,4]",1,NA,0,1,1,1,1,1,NA,NA
"feature_counts[25,3,5]",2,NA,0,2,2,2,2,2,NA,NA
"feature_counts[25,3,6]",3,NA,0,3,3,3,3,3,NA,NA
"feature_counts[25,3,7]",0,NA,0,0,0,0,0,0,NA,NA
"feature_counts[25,3,8]",0,NA,0,0,0,0,0,0,NA,NA
"feature_counts[25,4,1]",3,NA,0,3,3,3,3,3,NA,NA
"feature_counts[25,4,2]",0,NA,0,0,0,0,0,0,NA,NA
"feature_counts[25,4,3]",0,NA,0,0,0,0,0,0,NA,NA
"feature_counts[25,4,4]",2,NA,0,2,2,2,2,2,NA,NA
"feature_counts[25,4,5]",2,NA,0,2,2,2,2,2,NA,NA
"feature_counts[25,4,6]",3,NA,0,3,3,3,3,3,NA,NA
"feature_counts[25,4,7]",1,NA,0,1,1,1,1,1,NA,NA
"feature_counts[25,4,8]",1,NA,0,1,1,1,1,1,NA,NA
"feature_counts[25,5,1]",3,NA,0,3,3,3,3,3,NA,NA
"feature_counts[25,5,2]",1,NA,0,1,1,1,1,1,NA,NA
"feature_counts[25,5,3]",0,NA,0,0,0,0,0,0,NA,NA
"feature_counts[25,5,4]",2,NA,0,2,2,2,2,2,NA,NA
"feature_counts[25,5,5]",1,NA,0,1,1,1,1,1,NA,NA
"feature_counts[25,5,6]",0,NA,0,0,0,0,0,0,NA,NA
"feature_counts[25,5,7]",2,NA,0,2,2,2,2,2,NA,NA
"feature_counts[25,5,8]",3,NA,0,3,3,3,3,3,NA,NA
"feature_counts[26,1,1]",0,NA,0,0,0,0,0,0,NA,NA
"feature_counts[26,1,2]",0,NA,0,0,0,0,0,0,NA,NA
"feature_counts[26,1,3]",3,NA,0,3,3,3,3,3,NA,NA
"feature_counts[26,1,4]",3,NA,0,3,3,3,3,3,NA,NA
"feature_counts[26,1,5]",2,NA,0,2,2,2,2,2,NA,NA
"feature_counts[26,1,6]",1,NA,0,1,1,1,1,1,NA,NA
"feature_counts[26,1,7]",1,NA,0,1,1,1,1,1,NA,NA
"feature_counts[26,1,8]",2,NA,0,2,2,2,2,2,NA,NA
"feature_counts[26,2,1]",2,NA,0,2,2,2,2,2,NA,NA
"feature_counts[26,2,2]",1,NA,0,1,1,1,1,1,NA,NA
"feature_counts[26,2,3]",0,NA,0,0,0,0,0,0,NA,NA
"feature_counts[26,2,4]",2,NA,0,2,2,2,2,2,NA,NA
"feature_counts[26,2,5]",3,NA,0,3,3,3,3,3,NA,NA
"feature_counts[26,2,6]",3,NA,0,3,3,3,3,3,NA,NA
"feature_counts[26,2,7]",1,NA,0,1,1,1,1,1,NA,NA
"feature_counts[26,2,8]",0,NA,0,0,0,0,0,0,NA,NA
"feature_counts[26,3,1]",2,NA,0,2,2,2,2,2,NA,NA
"feature_counts[26,3,2]",3,NA,0,3,3,3,3,3,NA,NA
"feature_counts[26,3,3]",1,NA,0,1,1,1,1,1,NA,NA
"feature_counts[26,3,4]",1,NA,0,1,1,1,1,1,NA,NA
"feature_counts[26,3,5]",0,NA,0,0,0,0,0,0,NA,NA
"feature_counts[26,3,6]",0,NA,0,0,0,0,0,0,NA,NA
"feature_counts[26,3,7]",3,NA,0,3,3,3,3,3,NA,NA
"feature_counts[26,3,8]",2,NA,0,2,2,2,2,2,NA,NA
"feature_counts[26,4,1]",3,NA,0,3,3,3,3,3,NA,NA
"feature_counts[26,4,2]",0,NA,0,0,0,0,0,0,NA,NA
"feature_counts[26,4,3]",2,NA,0,2,2,2,2,2,NA,NA
"feature_counts[26,4,4]",2,NA,0,2,2,2,2,2,NA,NA
"feature_counts[26,4,5]",1,NA,0,1,1,1,1,1,NA,NA
"feature_counts[26,4,6]",1,NA,0,1,1,1,1,1,NA,NA
"feature_counts[26,4,7]",0,NA,0,0,0,0,0,0,NA,NA
"feature_counts[26,4,8]",3,NA,0,3,3,3,3,3,NA,NA
"feature_counts[26,5,1]",1,NA,0,1,1,1,1,1,NA,NA
"feature_counts[26,5,2]",3,NA,0,3,3,3,3,3,NA,NA
"feature_counts[26,5,3]",2,NA,0,2,2,2,2,2,NA,NA
"feature_counts[26,5,4]",0,NA,0,0,0,0,0,0,NA,NA
"feature_counts[26,5,5]",0,NA,0,0,0,0,0,0,NA,NA
"feature_counts[26,5,6]",2,NA,0,2,2,2,2,2,NA,NA
"feature_counts[26,5,7]",3,NA,0,3,3,3,3,3,NA,NA
"feature_counts[26,5,8]",1,NA,0,1,1,1,1,1,NA,NA
"feature_counts[27,1,1]",2,NA,0,2,2,2,2,2,NA,NA
"feature_counts[27,1,2]",1,NA,0,1,1,1,1,1,NA,NA
"feature_counts[27,1,3]",3,NA,0,3,3,3,3,3,NA,NA
"feature_counts[27,1,4]",2,NA,0,2,2,2,2,2,NA,NA
"feature_counts[27,1,5]",0,NA,0,0,0,0,0,0,NA,NA
"feature_counts[27,1,6]",3,NA,0,3,3,3,3,3,NA,NA
"feature_counts[27,1,7]",1,NA,0,1,1,1,1,1,NA,NA
"feature_counts[27,1,8]",0,NA,0,0,0,0,0,0,NA,NA
"feature_counts[27,2,1]",1,NA,0,1,1,1,1,1,NA,NA
"feature_counts[27,2,2]",3,NA,0,3,3,3,3,3,NA,NA
"feature_counts[27,2,3]",0,NA,0,0,0,0,0,0,NA,NA
"feature_counts[27,2,4]",1,NA,0,1,1,1,1,1,NA,NA
"feature_counts[27,2,5]",2,NA,0,2,2,2,2,2,NA,NA
"feature_counts[27,2,6]",0,NA,0,0,0,0,0,0,NA,NA
"feature_counts[27,2,7]",3,NA,0,3,3,3,3,3,NA,NA
"feature_counts[27,2,8]",2,NA,0,2,2,2,2,2,NA,NA
"feature_counts[27,3,1]",3,NA,0,3,3,3,3,3,NA,NA
"feature_counts[27,3,2]",1,NA,0,1,1,1,1,1,NA,NA
"feature_counts[27,3,3]",1,NA,0,1,1,1,1,1,NA,NA
"feature_counts[27,3,4]",0,NA,0,0,0,0,0,0,NA,NA
"feature_counts[27,3,5]",0,NA,0,0,0,0,0,0,NA,NA
"feature_counts[27,3,6]",2,NA,0,2,2,2,2,2,NA,NA
"feature_counts[27,3,7]",2,NA,0,2,2,2,2,2,NA,NA
"feature_counts[27,3,8]",3,NA,0,3,3,3,3,3,NA,NA
"feature_counts[27,4,1]",0,NA,0,0,0,0,0,0,NA,NA
"feature_counts[27,4,2]",2,NA,0,2,2,2,2,2,NA,NA
"feature_counts[27,4,3]",2,NA,0,2,2,2,2,2,NA,NA
"feature_counts[27,4,4]",3,NA,0,3,3,3,3,3,NA,NA
"feature_counts[27,4,5]",3,NA,0,3,3,3,3,3,NA,NA
"feature_counts[27,4,6]",1,NA,0,1,1,1,1,1,NA,NA
"feature_counts[27,4,7]",1,NA,0,1,1,1,1,1,NA,NA
"feature_counts[27,4,8]",0,NA,0,0,0,0,0,0,NA,NA
"feature_counts[27,5,1]",1,NA,0,1,1,1,1,1,NA,NA
"feature_counts[27,5,2]",0,NA,0,0,0,0,0,0,NA,NA
"feature_counts[27,5,3]",2,NA,0,2,2,2,2,2,NA,NA
"feature_counts[27,5,4]",1,NA,0,1,1,1,1,1,NA,NA
"feature_counts[27,5,5]",3,NA,0,3,3,3,3,3,NA,NA
"feature_counts[27,5,6]",2,NA,0,2,2,2,2,2,NA,NA
"feature_counts[27,5,7]",0,NA,0,0,0,0,0,0,NA,NA
"feature_counts[27,5,8]",3,NA,0,3,3,3,3,3,NA,NA
"feature_counts[28,1,1]",2,NA,0,2,2,2,2,2,NA,NA
"feature_counts[28,1,2]",0,NA,0,0,0,0,0,0,NA,NA
"feature_counts[28,1,3]",1,NA,0,1,1,1,1,1,NA,NA
"feature_counts[28,1,4]",3,NA,0,3,3,3,3,3,NA,NA
"feature_counts[28,1,5]",0,NA,0,0,0,0,0,0,NA,NA
"feature_counts[28,1,6]",1,NA,0,1,1,1,1,1,NA,NA
"feature_counts[28,1,7]",3,NA,0,3,3,3,3,3,NA,NA
"feature_counts[28,1,8]",2,NA,0,2,2,2,2,2,NA,NA
"feature_counts[28,2,1]",0,NA,0,0,0,0,0,0,NA,NA
"feature_counts[28,2,2]",3,NA,0,3,3,3,3,3,NA,NA
"feature_counts[28,2,3]",3,NA,0,3,3,3,3,3,NA,NA
"feature_counts[28,2,4]",0,NA,0,0,0,0,0,0,NA,NA
"feature_counts[28,2,5]",2,NA,0,2,2,2,2,2,NA,NA
"feature_counts[28,2,6]",2,NA,0,2,2,2,2,2,NA,NA
"feature_counts[28,2,7]",1,NA,0,1,1,1,1,1,NA,NA
"feature_counts[28,2,8]",1,NA,0,1,1,1,1,1,NA,NA
"feature_counts[28,3,1]",1,NA,0,1,1,1,1,1,NA,NA
"feature_counts[28,3,2]",0,NA,0,0,0,0,0,0,NA,NA
"feature_counts[28,3,3]",0,NA,0,0,0,0,0,0,NA,NA
"feature_counts[28,3,4]",1,NA,0,1,1,1,1,1,NA,NA
"feature_counts[28,3,5]",2,NA,0,2,2,2,2,2,NA,NA
"feature_counts[28,3,6]",3,NA,0,3,3,3,3,3,NA,NA
"feature_counts[28,3,7]",3,NA,0,3,3,3,3,3,NA,NA
"feature_counts[28,3,8]",2,NA,0,2,2,2,2,2,NA,NA
"feature_counts[28,4,1]",2,NA,0,2,2,2,2,2,NA,NA
"feature_counts[28,4,2]",2,NA,0,2,2,2,2,2,NA,NA
"feature_counts[28,4,3]",1,NA,0,1,1,1,1,1,NA,NA
"feature_counts[28,4,4]",1,NA,0,1,1,1,1,1,NA,NA
"feature_counts[28,4,5]",3,NA,0,3,3,3,3,3,NA,NA
"feature_counts[28,4,6]",0,NA,0,0,0,0,0,0,NA,NA
"feature_counts[28,4,7]",0,NA,0,0,0,0,0,0,NA,NA
"feature_counts[28,4,8]",3,NA,0,3,3,3,3,3,NA,NA
"feature_counts[28,5,1]",3,NA,0,3,3,3,3,3,NA,NA
"feature_counts[28,5,2]",3,NA,0,3,3,3,3,3,NA,NA
"feature_counts[28,5,3]",2,NA,0,2,2,2,2,2,NA,NA
"feature_counts[28,5,4]",1,NA,0,1,1,1,1,1,NA,NA
"feature_counts[28,5,5]",0,NA,0,0,0,0,0,0,NA,NA
"feature_counts[28,5,6]",2,NA,0,2,2,2,2,2,NA,NA
"feature_counts[28,5,7]",1,NA,0,1,1,1,1,1,NA,NA
"feature_counts[28,5,8]",0,NA,0,0,0,0,0,0,NA,NA
"feature_counts[29,1,1]",1,NA,0,1,1,1,1,1,NA,NA
"feature_counts[29,1,2]",3,NA,0,3,3,3,3,3,NA,NA
"feature_counts[29,1,3]",0,NA,0,0,0,0,0,0,NA,NA
"feature_counts[29,1,4]",2,NA,0,2,2,2,2,2,NA,NA
"feature_counts[29,1,5]",3,NA,0,3,3,3,3,3,NA,NA
"feature_counts[29,1,6]",1,NA,0,1,1,1,1,1,NA,NA
"feature_counts[29,1,7]",2,NA,0,2,2,2,2,2,NA,NA
"feature_counts[29,1,8]",0,NA,0,0,0,0,0,0,NA,NA
"feature_counts[29,2,1]",3,NA,0,3,3,3,3,3,NA,NA
"feature_counts[29,2,2]",3,NA,0,3,3,3,3,3,NA,NA
"feature_counts[29,2,3]",2,NA,0,2,2,2,2,2,NA,NA
"feature_counts[29,2,4]",1,NA,0,1,1,1,1,1,NA,NA
"feature_counts[29,2,5]",1,NA,0,1,1,1,1,1,NA,NA
"feature_counts[29,2,6]",0,NA,0,0,0,0,0,0,NA,NA
"feature_counts[29,2,7]",0,NA,0,0,0,0,0,0,NA,NA
"feature_counts[29,2,8]",2,NA,0,2,2,2,2,2,NA,NA
"feature_counts[29,3,1]",0,NA,0,0,0,0,0,0,NA,NA
"feature_counts[29,3,2]",0,NA,0,0,0,0,0,0,NA,NA
"feature_counts[29,3,3]",3,NA,0,3,3,3,3,3,NA,NA
"feature_counts[29,3,4]",1,NA,0,1,1,1,1,1,NA,NA
"feature_counts[29,3,5]",1,NA,0,1,1,1,1,1,NA,NA
"feature_counts[29,3,6]",2,NA,0,2,2,2,2,2,NA,NA
"feature_counts[29,3,7]",2,NA,0,2,2,2,2,2,NA,NA
"feature_counts[29,3,8]",3,NA,0,3,3,3,3,3,NA,NA
"feature_counts[29,4,1]",2,NA,0,2,2,2,2,2,NA,NA
"feature_counts[29,4,2]",1,NA,0,1,1,1,1,1,NA,NA
"feature_counts[29,4,3]",3,NA,0,3,3,3,3,3,NA,NA
"feature_counts[29,4,4]",3,NA,0,3,3,3,3,3,NA,NA
"feature_counts[29,4,5]",0,NA,0,0,0,0,0,0,NA,NA
"feature_counts[29,4,6]",2,NA,0,2,2,2,2,2,NA,NA
"feature_counts[29,4,7]",1,NA,0,1,1,1,1,1,NA,NA
"feature_counts[29,4,8]",0,NA,0,0,0,0,0,0,NA,NA
"feature_counts[29,5,1]",2,NA,0,2,2,2,2,2,NA,NA
"feature_counts[29,5,2]",1,NA,0,1,1,1,1,1,NA,NA
"feature_counts[29,5,3]",0,NA,0,0,0,0,0,0,NA,NA
"feature_counts[29,5,4]",0,NA,0,0,0,0,0,0,NA,NA
"feature_counts[29,5,5]",1,NA,0,1,1,1,1,1,NA,NA
"feature_counts[29,5,6]",3,NA,0,3,3,3,3,3,NA,NA
"feature_counts[29,5,7]",3,NA,0,3,3,3,3,3,NA,NA
"feature_counts[29,5,8]",2,NA,0,2,2,2,2,2,NA,NA
"feature_counts[30,1,1]",3,NA,0,3,3,3,3,3,NA,NA
"feature_counts[30,1,2]",0,NA,0,0,0,0,0,0,NA,NA
"feature_counts[30,1,3]",1,NA,0,1,1,1,1,1,NA,NA
"feature_counts[30,1,4]",1,NA,0,1,1,1,1,1,NA,NA
"feature_counts[30,1,5]",2,NA,0,2,2,2,2,2,NA,NA
"feature_counts[30,1,6]",3,NA,0,3,3,3,3,3,NA,NA
"feature_counts[30,1,7]",0,NA,0,0,0,0,0,0,NA,NA
"feature_counts[30,1,8]",2,NA,0,2,2,2,2,2,NA,NA
"feature_counts[30,2,1]",1,NA,0,1,1,1,1,1,NA,NA
"feature_counts[30,2,2]",3,NA,0,3,3,3,3,3,NA,NA
"feature_counts[30,2,3]",3,NA,0,3,3,3,3,3,NA,NA
"feature_counts[30,2,4]",2,NA,0,2,2,2,2,2,NA,NA
"feature_counts[30,2,5]",2,NA,0,2,2,2,2,2,NA,NA
"feature_counts[30,2,6]",0,NA,0,0,0,0,0,0,NA,NA
"feature_counts[30,2,7]",0,NA,0,0,0,0,0,0,NA,NA
"feature_counts[30,2,8]",1,NA,0,1,1,1,1,1,NA,NA
"feature_counts[30,3,1]",0,NA,0,0,0,0,0,0,NA,NA
"feature_counts[30,3,2]",3,NA,0,3,3,3,3,3,NA,NA
"feature_counts[30,3,3]",1,NA,0,1,1,1,1,1,NA,NA
"feature_counts[30,3,4]",1,NA,0,1,1,1,1,1,NA,NA
"feature_counts[30,3,5]",2,NA,0,2,2,2,2,2,NA,NA
"feature_counts[30,3,6]",2,NA,0,2,2,2,2,2,NA,NA
"feature_counts[30,3,7]",3,NA,0,3,3,3,3,3,NA,NA
"feature_counts[30,3,8]",0,NA,0,0,0,0,0,0,NA,NA
"feature_counts[30,4,1]",1,NA,0,1,1,1,1,1,NA,NA
"feature_counts[30,4,2]",1,NA,0,1,1,1,1,1,NA,NA
"feature_counts[30,4,3]",2,NA,0,2,2,2,2,2,NA,NA
"feature_counts[30,4,4]",0,NA,0,0,0,0,0,0,NA,NA
"feature_counts[30,4,5]",0,NA,0,0,0,0,0,0,NA,NA
"feature_counts[30,4,6]",3,NA,0,3,3,3,3,3,NA,NA
"feature_counts[30,4,7]",3,NA,0,3,3,3,3,3,NA,NA
"feature_counts[30,4,8]",2,NA,0,2,2,2,2,2,NA,NA
"feature_counts[30,5,1]",3,NA,0,3,3,3,3,3,NA,NA
"feature_counts[30,5,2]",1,NA,0,1,1,1,1,1,NA,NA
"feature_counts[30,5,3]",0,NA,0,0,0,0,0,0,NA,NA
"feature_counts[30,5,4]",3,NA,0,3,3,3,3,3,NA,NA
"feature_counts[30,5,5]",2,NA,0,2,2,2,2,2,NA,NA
"feature_counts[30,5,6]",0,NA,0,0,0,0,0,0,NA,NA
"feature_counts[30,5,7]",1,NA,0,1,1,1,1,1,NA,NA
"feature_counts[30,5,8]",2,NA,0,2,2,2,2,2,NA,NA
"feature_counts[31,1,1]",1,NA,0,1,1,1,1,1,NA,NA
"feature_counts[31,1,2]",3,NA,0,3,3,3,3,3,NA,NA
"feature_counts[31,1,3]",3,NA,0,3,3,3,3,3,NA,NA
"feature_counts[31,1,4]",0,NA,0,0,0,0,0,0,NA,NA
"feature_counts[31,1,5]",0,NA,0,0,0,0,0,0,NA,NA
"feature_counts[31,1,6]",2,NA,0,2,2,2,2,2,NA,NA
"feature_counts[31,1,7]",2,NA,0,2,2,2,2,2,NA,NA
"feature_counts[31,1,8]",1,NA,0,1,1,1,1,1,NA,NA
"feature_counts[31,2,1]",3,NA,0,3,3,3,3,3,NA,NA
"feature_counts[31,2,2]",0,NA,0,0,0,0,0,0,NA,NA
"feature_counts[31,2,3]",0,NA,0,0,0,0,0,0,NA,NA
"feature_counts[31,2,4]",2,NA,0,2,2,2,2,2,NA,NA
"feature_counts[31,2,5]",1,NA,0,1,1,1,1,1,NA,NA
"feature_counts[31,2,6]",3,NA,0,3,3,3,3,3,NA,NA
"feature_counts[31,2,7]",2,NA,0,2,2,2,2,2,NA,NA
"feature_counts[31,2,8]",1,NA,0,1,1,1,1,1,NA,NA
"feature_counts[31,3,1]",3,NA,0,3,3,3,3,3,NA,NA
"feature_counts[31,3,2]",3,NA,0,3,3,3,3,3,NA,NA
"feature_counts[31,3,3]",1,NA,0,1,1,1,1,1,NA,NA
"feature_counts[31,3,4]",0,NA,0,0,0,0,0,0,NA,NA
"feature_counts[31,3,5]",2,NA,0,2,2,2,2,2,NA,NA
"feature_counts[31,3,6]",1,NA,0,1,1,1,1,1,NA,NA
"feature_counts[31,3,7]",0,NA,0,0,0,0,0,0,NA,NA
"feature_counts[31,3,8]",2,NA,0,2,2,2,2,2,NA,NA
"feature_counts[31,4,1]",0,NA,0,0,0,0,0,0,NA,NA
"feature_counts[31,4,2]",1,NA,0,1,1,1,1,1,NA,NA
"feature_counts[31,4,3]",1,NA,0,1,1,1,1,1,NA,NA
"feature_counts[31,4,4]",3,NA,0,3,3,3,3,3,NA,NA
"feature_counts[31,4,5]",2,NA,0,2,2,2,2,2,NA,NA
"feature_counts[31,4,6]",0,NA,0,0,0,0,0,0,NA,NA
"feature_counts[31,4,7]",3,NA,0,3,3,3,3,3,NA,NA
"feature_counts[31,4,8]",2,NA,0,2,2,2,2,2,NA,NA
"feature_counts[31,5,1]",1,NA,0,1,1,1,1,1,NA,NA
"feature_counts[31,5,2]",1,NA,0,1,1,1,1,1,NA,NA
"feature_counts[31,5,3]",2,NA,0,2,2,2,2,2,NA,NA
"feature_counts[31,5,4]",3,NA,0,3,3,3,3,3,NA,NA
"feature_counts[31,5,5]",3,NA,0,3,3,3,3,3,NA,NA
"feature_counts[31,5,6]",2,NA,0,2,2,2,2,2,NA,NA
"feature_counts[31,5,7]",0,NA,0,0,0,0,0,0,NA,NA
"feature_counts[31,5,8]",0,NA,0,0,0,0,0,0,NA,NA
"feature_counts[32,1,1]",1,NA,0,1,1,1,1,1,NA,NA
"feature_counts[32,1,2]",0,NA,0,0,0,0,0,0,NA,NA
"feature_counts[32,1,3]",0,NA,0,0,0,0,0,0,NA,NA
"feature_counts[32,1,4]",1,NA,0,1,1,1,1,1,NA,NA
"feature_counts[32,1,5]",2,NA,0,2,2,2,2,2,NA,NA
"feature_counts[32,1,6]",3,NA,0,3,3,3,3,3,NA,NA
"feature_counts[32,1,7]",3,NA,0,3,3,3,3,3,NA,NA
"feature_counts[32,1,8]",2,NA,0,2,2,2,2,2,NA,NA
"feature_counts[32,2,1]",0,NA,0,0,0,0,0,0,NA,NA
"feature_counts[32,2,2]",2,NA,0,2,2,2,2,2,NA,NA
"feature_counts[32,2,3]",2,NA,0,2,2,2,2,2,NA,NA
"feature_counts[32,2,4]",0,NA,0,0,0,0,0,0,NA,NA
"feature_counts[32,2,5]",1,NA,0,1,1,1,1,1,NA,NA
"feature_counts[32,2,6]",3,NA,0,3,3,3,3,3,NA,NA
"feature_counts[32,2,7]",3,NA,0,3,3,3,3,3,NA,NA
"feature_counts[32,2,8]",1,NA,0,1,1,1,1,1,NA,NA
"feature_counts[32,3,1]",2,NA,0,2,2,2,2,2,NA,NA
"feature_counts[32,3,2]",1,NA,0,1,1,1,1,1,NA,NA
"feature_counts[32,3,3]",1,NA,0,1,1,1,1,1,NA,NA
"feature_counts[32,3,4]",2,NA,0,2,2,2,2,2,NA,NA
"feature_counts[32,3,5]",3,NA,0,3,3,3,3,3,NA,NA
"feature_counts[32,3,6]",0,NA,0,0,0,0,0,0,NA,NA
"feature_counts[32,3,7]",0,NA,0,0,0,0,0,0,NA,NA
"feature_counts[32,3,8]",3,NA,0,3,3,3,3,3,NA,NA
"feature_counts[32,4,1]",2,NA,0,2,2,2,2,2,NA,NA
"feature_counts[32,4,2]",3,NA,0,3,3,3,3,3,NA,NA
"feature_counts[32,4,3]",3,NA,0,3,3,3,3,3,NA,NA
"feature_counts[32,4,4]",1,NA,0,1,1,1,1,1,NA,NA
"feature_counts[32,4,5]",0,NA,0,0,0,0,0,0,NA,NA
"feature_counts[32,4,6]",2,NA,0,2,2,2,2,2,NA,NA
"feature_counts[32,4,7]",1,NA,0,1,1,1,1,1,NA,NA
"feature_counts[32,4,8]",0,NA,0,0,0,0,0,0,NA,NA
"feature_counts[32,5,1]",3,NA,0,3,3,3,3,3,NA,NA
"feature_counts[32,5,2]",2,NA,0,2,2,2,2,2,NA,NA
"feature_counts[32,5,3]",1,NA,0,1,1,1,1,1,NA,NA
"feature_counts[32,5,4]",3,NA,0,3,3,3,3,3,NA,NA
"feature_counts[32,5,5]",2,NA,0,2,2,2,2,2,NA,NA
"feature_counts[32,5,6]",0,NA,0,0,0,0,0,0,NA,NA
"feature_counts[32,5,7]",0,NA,0,0,0,0,0,0,NA,NA
"feature_counts[32,5,8]",1,NA,0,1,1,1,1,1,NA,NA
"feature_counts[33,1,1]",0,NA,0,0,0,0,0,0,NA,NA
"feature_counts[33,1,2]",0,NA,0,0,0,0,0,0,NA,NA
"feature_counts[33,1,3]",1,NA,0,1,1,1,1,1,NA,NA
"feature_counts[33,1,4]",1,NA,0,1,1,1,1,1,NA,NA
"feature_counts[33,1,5]",3,NA,0,3,3,3,3,3,NA,NA
"feature_counts[33,1,6]",3,NA,0,3,3,3,3,3,NA,NA
"feature_counts[33,1,7]",2,NA,0,2,2,2,2,2,NA,NA
"feature_counts[33,1,8]",2,NA,0,2,2,2,2,2,NA,NA
"feature_counts[33,2,1]",2,NA,0,2,2,2,2,2,NA,NA
"feature_counts[33,2,2]",3,NA,0,3,3,3,3,3,NA,NA
"feature_counts[33,2,3]",3,NA,0,3,3,3,3,3,NA,NA
"feature_counts[33,2,4]",0,NA,0,0,0,0,0,0,NA,NA
"feature_counts[33,2,5]",1,NA,0,1,1,1,1,1,NA,NA
"feature_counts[33,2,6]",2,NA,0,2,2,2,2,2,NA,NA
"feature_counts[33,2,7]",0,NA,0,0,0,0,0,0,NA,NA
"feature_counts[33,2,8]",1,NA,0,1,1,1,1,1,NA,NA
"feature_counts[33,3,1]",2,NA,0,2,2,2,2,2,NA,NA
"feature_counts[33,3,2]",1,NA,0,1,1,1,1,1,NA,NA
"feature_counts[33,3,3]",3,NA,0,3,3,3,3,3,NA,NA
"feature_counts[33,3,4]",3,NA,0,3,3,3,3,3,NA,NA
"feature_counts[33,3,5]",0,NA,0,0,0,0,0,0,NA,NA
"feature_counts[33,3,6]",0,NA,0,0,0,0,0,0,NA,NA
"feature_counts[33,3,7]",1,NA,0,1,1,1,1,1,NA,NA
"feature_counts[33,3,8]",2,NA,0,2,2,2,2,2,NA,NA
"feature_counts[33,4,1]",2,NA,0,2,2,2,2,2,NA,NA
"feature_counts[33,4,2]",1,NA,0,1,1,1,1,1,NA,NA
"feature_counts[33,4,3]",1,NA,0,1,1,1,1,1,NA,NA
"feature_counts[33,4,4]",3,NA,0,3,3,3,3,3,NA,NA
"feature_counts[33,4,5]",0,NA,0,0,0,0,0,0,NA,NA
"feature_counts[33,4,6]",0,NA,0,0,0,0,0,0,NA,NA
"feature_counts[33,4,7]",3,NA,0,3,3,3,3,3,NA,NA
"feature_counts[33,4,8]",2,NA,0,2,2,2,2,2,NA,NA
"feature_counts[33,5,1]",1,NA,0,1,1,1,1,1,NA,NA
"feature_counts[33,5,2]",3,NA,0,3,3,3,3,3,NA,NA
"feature_counts[33,5,3]",0,NA,0,0,0,0,0,0,NA,NA
"feature_counts[33,5,4]",1,NA,0,1,1,1,1,1,NA,NA
"feature_counts[33,5,5]",3,NA,0,3,3,3,3,3,NA,NA
"feature_counts[33,5,6]",2,NA,0,2,2,2,2,2,NA,NA
"feature_counts[33,5,7]",2,NA,0,2,2,2,2,2,NA,NA
"feature_counts[33,5,8]",0,NA,0,0,0,0,0,0,NA,NA
"feature_counts[34,1,1]",2,NA,0,2,2,2,2,2,NA,NA
"feature_counts[34,1,2]",3,NA,0,3,3,3,3,3,NA,NA
"feature_counts[34,1,3]",0,NA,0,0,0,0,0,0,NA,NA
"feature_counts[34,1,4]",2,NA,0,2,2,2,2,2,NA,NA
"feature_counts[34,1,5]",3,NA,0,3,3,3,3,3,NA,NA
"feature_counts[34,1,6]",1,NA,0,1,1,1,1,1,NA,NA
"feature_counts[34,1,7]",1,NA,0,1,1,1,1,1,NA,NA
"feature_counts[34,1,8]",0,NA,0,0,0,0,0,0,NA,NA
"feature_counts[34,2,1]",0,NA,0,0,0,0,0,0,NA,NA
"feature_counts[34,2,2]",2,NA,0,2,2,2,2,2,NA,NA
"feature_counts[34,2,3]",3,NA,0,3,3,3,3,3,NA,NA
"feature_counts[34,2,4]",3,NA,0,3,3,3,3,3,NA,NA
"feature_counts[34,2,5]",2,NA,0,2,2,2,2,2,NA,NA
"feature_counts[34,2,6]",0,NA,0,0,0,0,0,0,NA,NA
"feature_counts[34,2,7]",1,NA,0,1,1,1,1,1,NA,NA
"feature_counts[34,2,8]",1,NA,0,1,1,1,1,1,NA,NA
"feature_counts[34,3,1]",2,NA,0,2,2,2,2,2,NA,NA
"feature_counts[34,3,2]",2,NA,0,2,2,2,2,2,NA,NA
"feature_counts[34,3,3]",3,NA,0,3,3,3,3,3,NA,NA
"feature_counts[34,3,4]",1,NA,0,1,1,1,1,1,NA,NA
"feature_counts[34,3,5]",1,NA,0,1,1,1,1,1,NA,NA
"feature_counts[34,3,6]",3,NA,0,3,3,3,3,3,NA,NA
"feature_counts[34,3,7]",0,NA,0,0,0,0,0,0,NA,NA
"feature_counts[34,3,8]",0,NA,0,0,0,0,0,0,NA,NA
"feature_counts[34,4,1]",2,NA,0,2,2,2,2,2,NA,NA
"feature_counts[34,4,2]",1,NA,0,1,1,1,1,1,NA,NA
"feature_counts[34,4,3]",0,NA,0,0,0,0,0,0,NA,NA
"feature_counts[34,4,4]",0,NA,0,0,0,0,0,0,NA,NA
"feature_counts[34,4,5]",1,NA,0,1,1,1,1,1,NA,NA
"feature_counts[34,4,6]",2,NA,0,2,2,2,2,2,NA,NA
"feature_counts[34,4,7]",3,NA,0,3,3,3,3,3,NA,NA
"feature_counts[34,4,8]",3,NA,0,3,3,3,3,3,NA,NA
"feature_counts[34,5,1]",1,NA,0,1,1,1,1,1,NA,NA
"feature_counts[34,5,2]",0,NA,0,0,0,0,0,0,NA,NA
"feature_counts[34,5,3]",2,NA,0,2,2,2,2,2,NA,NA
"feature_counts[34,5,4]",1,NA,0,1,1,1,1,1,NA,NA
"feature_counts[34,5,5]",0,NA,0,0,0,0,0,0,NA,NA
"feature_counts[34,5,6]",2,NA,0,2,2,2,2,2,NA,NA
"feature_counts[34,5,7]",3,NA,0,3,3,3,3,3,NA,NA
"feature_counts[34,5,8]",3,NA,0,3,3,3,3,3,NA,NA
"feature_counts[35,1,1]",0,NA,0,0,0,0,0,0,NA,NA
"feature_counts[35,1,2]",3,NA,0,3,3,3,3,3,NA,NA
"feature_counts[35,1,3]",1,NA,0,1,1,1,1,1,NA,NA
"feature_counts[35,1,4]",1,NA,0,1,1,1,1,1,NA,NA
"feature_counts[35,1,5]",2,NA,0,2,2,2,2,2,NA,NA
"feature_counts[35,1,6]",2,NA,0,2,2,2,2,2,NA,NA
"feature_counts[35,1,7]",3,NA,0,3,3,3,3,3,NA,NA
"feature_counts[35,1,8]",0,NA,0,0,0,0,0,0,NA,NA
"feature_counts[35,2,1]",1,NA,0,1,1,1,1,1,NA,NA
"feature_counts[35,2,2]",3,NA,0,3,3,3,3,3,NA,NA
"feature_counts[35,2,3]",2,NA,0,2,2,2,2,2,NA,NA
"feature_counts[35,2,4]",2,NA,0,2,2,2,2,2,NA,NA
"feature_counts[35,2,5]",3,NA,0,3,3,3,3,3,NA,NA
"feature_counts[35,2,6]",0,NA,0,0,0,0,0,0,NA,NA
"feature_counts[35,2,7]",0,NA,0,0,0,0,0,0,NA,NA
"feature_counts[35,2,8]",1,NA,0,1,1,1,1,1,NA,NA
"feature_counts[35,3,1]",1,NA,0,1,1,1,1,1,NA,NA
"feature_counts[35,3,2]",0,NA,0,0,0,0,0,0,NA,NA
"feature_counts[35,3,3]",3,NA,0,3,3,3,3,3,NA,NA
"feature_counts[35,3,4]",1,NA,0,1,1,1,1,1,NA,NA
"feature_counts[35,3,5]",2,NA,0,2,2,2,2,2,NA,NA
"feature_counts[35,3,6]",3,NA,0,3,3,3,3,3,NA,NA
"feature_counts[35,3,7]",0,NA,0,0,0,0,0,0,NA,NA
"feature_counts[35,3,8]",2,NA,0,2,2,2,2,2,NA,NA
"feature_counts[35,4,1]",2,NA,0,2,2,2,2,2,NA,NA
"feature_counts[35,4,2]",1,NA,0,1,1,1,1,1,NA,NA
"feature_counts[35,4,3]",1,NA,0,1,1,1,1,1,NA,NA
"feature_counts[35,4,4]",0,NA,0,0,0,0,0,0,NA,NA
"feature_counts[35,4,5]",0,NA,0,0,0,0,0,0,NA,NA
"feature_counts[35,4,6]",3,NA,0,3,3,3,3,3,NA,NA
"feature_counts[35,4,7]",3,NA,0,3,3,3,3,3,NA,NA
"feature_counts[35,4,8]",2,NA,0,2,2,2,2,2,NA,NA
"feature_counts[35,5,1]",3,NA,0,3,3,3,3,3,NA,NA
"feature_counts[35,5,2]",1,NA,0,1,1,1,1,1,NA,NA
"feature_counts[35,5,3]",0,NA,0,0,0,0,0,0,NA,NA
"feature_counts[35,5,4]",3,NA,0,3,3,3,3,3,NA,NA
"feature_counts[35,5,5]",1,NA,0,1,1,1,1,1,NA,NA
"feature_counts[35,5,6]",0,NA,0,0,0,0,0,0,NA,NA
"feature_counts[35,5,7]",2,NA,0,2,2,2,2,2,NA,NA
"feature_counts[35,5,8]",2,NA,0,2,2,2,2,2,NA,NA
"feature_counts[36,1,1]",1,NA,0,1,1,1,1,1,NA,NA
"feature_counts[36,1,2]",2,NA,0,2,2,2,2,2,NA,NA
"feature_counts[36,1,3]",2,NA,0,2,2,2,2,2,NA,NA
"feature_counts[36,1,4]",1,NA,0,1,1,1,1,1,NA,NA
"feature_counts[36,1,5]",3,NA,0,3,3,3,3,3,NA,NA
"feature_counts[36,1,6]",3,NA,0,3,3,3,3,3,NA,NA
"feature_counts[36,1,7]",0,NA,0,0,0,0,0,0,NA,NA
"feature_counts[36,1,8]",0,NA,0,0,0,0,0,0,NA,NA
"feature_counts[36,2,1]",0,NA,0,0,0,0,0,0,NA,NA
"feature_counts[36,2,2]",2,NA,0,2,2,2,2,2,NA,NA
"feature_counts[36,2,3]",2,NA,0,2,2,2,2,2,NA,NA
"feature_counts[36,2,4]",0,NA,0,0,0,0,0,0,NA,NA
"feature_counts[36,2,5]",1,NA,0,1,1,1,1,1,NA,NA
"feature_counts[36,2,6]",1,NA,0,1,1,1,1,1,NA,NA
"feature_counts[36,2,7]",3,NA,0,3,3,3,3,3,NA,NA
"feature_counts[36,2,8]",3,NA,0,3,3,3,3,3,NA,NA
"feature_counts[36,3,1]",3,NA,0,3,3,3,3,3,NA,NA
"feature_counts[36,3,2]",2,NA,0,2,2,2,2,2,NA,NA
"feature_counts[36,3,3]",0,NA,0,0,0,0,0,0,NA,NA
"feature_counts[36,3,4]",1,NA,0,1,1,1,1,1,NA,NA
"feature_counts[36,3,5]",2,NA,0,2,2,2,2,2,NA,NA
"feature_counts[36,3,6]",0,NA,0,0,0,0,0,0,NA,NA
"feature_counts[36,3,7]",1,NA,0,1,1,1,1,1,NA,NA
"feature_counts[36,3,8]",3,NA,0,3,3,3,3,3,NA,NA
"feature_counts[36,4,1]",3,NA,0,3,3,3,3,3,NA,NA
"feature_counts[36,4,2]",2,NA,0,2,2,2,2,2,NA,NA
"feature_counts[36,4,3]",1,NA,0,1,1,1,1,1,NA,NA
"feature_counts[36,4,4]",3,NA,0,3,3,3,3,3,NA,NA
"feature_counts[36,4,5]",0,NA,0,0,0,0,0,0,NA,NA
"feature_counts[36,4,6]",0,NA,0,0,0,0,0,0,NA,NA
"feature_counts[36,4,7]",2,NA,0,2,2,2,2,2,NA,NA
"feature_counts[36,4,8]",1,NA,0,1,1,1,1,1,NA,NA
"feature_counts[36,5,1]",0,NA,0,0,0,0,0,0,NA,NA
"feature_counts[36,5,2]",0,NA,0,0,0,0,0,0,NA,NA
"feature_counts[36,5,3]",3,NA,0,3,3,3,3,3,NA,NA
"feature_counts[36,5,4]",2,NA,0,2,2,2,2,2,NA,NA
"feature_counts[36,5,5]",1,NA,0,1,1,1,1,1,NA,NA
"feature_counts[36,5,6]",3,NA,0,3,3,3,3,3,NA,NA
"feature_counts[36,5,7]",2,NA,0,2,2,2,2,2,NA,NA
"feature_counts[36,5,8]",1,NA,0,1,1,1,1,1,NA,NA
"feature_counts[37,1,1]",2,NA,0,2,2,2,2,2,NA,NA
"feature_counts[37,1,2]",0,NA,0,0,0,0,0,0,NA,NA
"feature_counts[37,1,3]",0,NA,0,0,0,0,0,0,NA,NA
"feature_counts[37,1,4]",2,NA,0,2,2,2,2,2,NA,NA
"feature_counts[37,1,5]",1,NA,0,1,1,1,1,1,NA,NA
"feature_counts[37,1,6]",1,NA,0,1,1,1,1,1,NA,NA
"feature_counts[37,1,7]",3,NA,0,3,3,3,3,3,NA,NA
"feature_counts[37,1,8]",3,NA,0,3,3,3,3,3,NA,NA
"feature_counts[37,2,1]",2,NA,0,2,2,2,2,2,NA,NA
"feature_counts[37,2,2]",3,NA,0,3,3,3,3,3,NA,NA
"feature_counts[37,2,3]",3,NA,0,3,3,3,3,3,NA,NA
"feature_counts[37,2,4]",0,NA,0,0,0,0,0,0,NA,NA
"feature_counts[37,2,5]",0,NA,0,0,0,0,0,0,NA,NA
"feature_counts[37,2,6]",2,NA,0,2,2,2,2,2,NA,NA
"feature_counts[37,2,7]",1,NA,0,1,1,1,1,1,NA,NA
"feature_counts[37,2,8]",1,NA,0,1,1,1,1,1,NA,NA
"feature_counts[37,3,1]",1,NA,0,1,1,1,1,1,NA,NA
"feature_counts[37,3,2]",2,NA,0,2,2,2,2,2,NA,NA
"feature_counts[37,3,3]",0,NA,0,0,0,0,0,0,NA,NA
"feature_counts[37,3,4]",0,NA,0,0,0,0,0,0,NA,NA
"feature_counts[37,3,5]",3,NA,0,3,3,3,3,3,NA,NA
"feature_counts[37,3,6]",1,NA,0,1,1,1,1,1,NA,NA
"feature_counts[37,3,7]",2,NA,0,2,2,2,2,2,NA,NA
"feature_counts[37,3,8]",3,NA,0,3,3,3,3,3,NA,NA
"feature_counts[37,4,1]",0,NA,0,0,0,0,0,0,NA,NA
"feature_counts[37,4,2]",1,NA,0,1,1,1,1,1,NA,NA
"feature_counts[37,4,3]",2,NA,0,2,2,2,2,2,NA,NA
"feature_counts[37,4,4]",3,NA,0,3,3,3,3,3,NA,NA
"feature_counts[37,4,5]",3,NA,0,3,3,3,3,3,NA,NA
"feature_counts[37,4,6]",2,NA,0,2,2,2,2,2,NA,NA
"feature_counts[37,4,7]",1,NA,0,1,1,1,1,1,NA,NA
"feature_counts[37,4,8]",0,NA,0,0,0,0,0,0,NA,NA
"feature_counts[37,5,1]",2,NA,0,2,2,2,2,2,NA,NA
"feature_counts[37,5,2]",2,NA,0,2,2,2,2,2,NA,NA
"feature_counts[37,5,3]",3,NA,0,3,3,3,3,3,NA,NA
"feature_counts[37,5,4]",3,NA,0,3,3,3,3,3,NA,NA
"feature_counts[37,5,5]",1,NA,0,1,1,1,1,1,NA,NA
"feature_counts[37,5,6]",0,NA,0,0,0,0,0,0,NA,NA
"feature_counts[37,5,7]",0,NA,0,0,0,0,0,0,NA,NA
"feature_counts[37,5,8]",1,NA,0,1,1,1,1,1,NA,NA
"feature_counts[38,1,1]",0,NA,0,0,0,0,0,0,NA,NA
"feature_counts[38,1,2]",0,NA,0,0,0,0,0,0,NA,NA
"feature_counts[38,1,3]",3,NA,0,3,3,3,3,3,NA,NA
"feature_counts[38,1,4]",1,NA,0,1,1,1,1,1,NA,NA
"feature_counts[38,1,5]",1,NA,0,1,1,1,1,1,NA,NA
"feature_counts[38,1,6]",2,NA,0,2,2,2,2,2,NA,NA
"feature_counts[38,1,7]",2,NA,0,2,2,2,2,2,NA,NA
"feature_counts[38,1,8]",3,NA,0,3,3,3,3,3,NA,NA
"feature_counts[38,2,1]",2,NA,0,2,2,2,2,2,NA,NA
"feature_counts[38,2,2]",2,NA,0,2,2,2,2,2,NA,NA
"feature_counts[38,2,3]",0,NA,0,0,0,0,0,0,NA,NA
"feature_counts[38,2,4]",3,NA,0,3,3,3,3,3,NA,NA
"feature_counts[38,2,5]",3,NA,0,3,3,3,3,3,NA,NA
"feature_counts[38,2,6]",0,NA,0,0,0,0,0,0,NA,NA
"feature_counts[38,2,7]",1,NA,0,1,1,1,1,1,NA,NA
"feature_counts[38,2,8]",1,NA,0,1,1,1,1,1,NA,NA
"feature_counts[38,3,1]",2,NA,0,2,2,2,2,2,NA,NA
"feature_counts[38,3,2]",1,NA,0,1,1,1,1,1,NA,NA
"feature_counts[38,3,3]",0,NA,0,0,0,0,0,0,NA,NA
"feature_counts[38,3,4]",0,NA,0,0,0,0,0,0,NA,NA
"feature_counts[38,3,5]",1,NA,0,1,1,1,1,1,NA,NA
"feature_counts[38,3,6]",3,NA,0,3,3,3,3,3,NA,NA
"feature_counts[38,3,7]",3,NA,0,3,3,3,3,3,NA,NA
"feature_counts[38,3,8]",2,NA,0,2,2,2,2,2,NA,NA
"feature_counts[38,4,1]",1,NA,0,1,1,1,1,1,NA,NA
"feature_counts[38,4,2]",2,NA,0,2,2,2,2,2,NA,NA
"feature_counts[38,4,3]",2,NA,0,2,2,2,2,2,NA,NA
"feature_counts[38,4,4]",3,NA,0,3,3,3,3,3,NA,NA
"feature_counts[38,4,5]",3,NA,0,3,3,3,3,3,NA,NA
"feature_counts[38,4,6]",1,NA,0,1,1,1,1,1,NA,NA
"feature_counts[38,4,7]",0,NA,0,0,0,0,0,0,NA,NA
"feature_counts[38,4,8]",0,NA,0,0,0,0,0,0,NA,NA
"feature_counts[38,5,1]",3,NA,0,3,3,3,3,3,NA,NA
"feature_counts[38,5,2]",3,NA,0,3,3,3,3,3,NA,NA
"feature_counts[38,5,3]",2,NA,0,2,2,2,2,2,NA,NA
"feature_counts[38,5,4]",0,NA,0,0,0,0,0,0,NA,NA
"feature_counts[38,5,5]",0,NA,0,0,0,0,0,0,NA,NA
"feature_counts[38,5,6]",2,NA,0,2,2,2,2,2,NA,NA
"feature_counts[38,5,7]",1,NA,0,1,1,1,1,1,NA,NA
"feature_counts[38,5,8]",1,NA,0,1,1,1,1,1,NA,NA
"feature_counts[39,1,1]",2,NA,0,2,2,2,2,2,NA,NA
"feature_counts[39,1,2]",2,NA,0,2,2,2,2,2,NA,NA
"feature_counts[39,1,3]",0,NA,0,0,0,0,0,0,NA,NA
"feature_counts[39,1,4]",1,NA,0,1,1,1,1,1,NA,NA
"feature_counts[39,1,5]",3,NA,0,3,3,3,3,3,NA,NA
"feature_counts[39,1,6]",0,NA,0,0,0,0,0,0,NA,NA
"feature_counts[39,1,7]",1,NA,0,1,1,1,1,1,NA,NA
"feature_counts[39,1,8]",3,NA,0,3,3,3,3,3,NA,NA
"feature_counts[39,2,1]",0,NA,0,0,0,0,0,0,NA,NA
"feature_counts[39,2,2]",2,NA,0,2,2,2,2,2,NA,NA
"feature_counts[39,2,3]",2,NA,0,2,2,2,2,2,NA,NA
"feature_counts[39,2,4]",1,NA,0,1,1,1,1,1,NA,NA
"feature_counts[39,2,5]",1,NA,0,1,1,1,1,1,NA,NA
"feature_counts[39,2,6]",3,NA,0,3,3,3,3,3,NA,NA
"feature_counts[39,2,7]",3,NA,0,3,3,3,3,3,NA,NA
"feature_counts[39,2,8]",0,NA,0,0,0,0,0,0,NA,NA
"feature_counts[39,3,1]",2,NA,0,2,2,2,2,2,NA,NA
"feature_counts[39,3,2]",2,NA,0,2,2,2,2,2,NA,NA
"feature_counts[39,3,3]",1,NA,0,1,1,1,1,1,NA,NA
"feature_counts[39,3,4]",0,NA,0,0,0,0,0,0,NA,NA
"feature_counts[39,3,5]",0,NA,0,0,0,0,0,0,NA,NA
"feature_counts[39,3,6]",3,NA,0,3,3,3,3,3,NA,NA
"feature_counts[39,3,7]",3,NA,0,3,3,3,3,3,NA,NA
"feature_counts[39,3,8]",1,NA,0,1,1,1,1,1,NA,NA
"feature_counts[39,4,1]",1,NA,0,1,1,1,1,1,NA,NA
"feature_counts[39,4,2]",0,NA,0,0,0,0,0,0,NA,NA
"feature_counts[39,4,3]",2,NA,0,2,2,2,2,2,NA,NA
"feature_counts[39,4,4]",3,NA,0,3,3,3,3,3,NA,NA
"feature_counts[39,4,5]",3,NA,0,3,3,3,3,3,NA,NA
"feature_counts[39,4,6]",1,NA,0,1,1,1,1,1,NA,NA
"feature_counts[39,4,7]",0,NA,0,0,0,0,0,0,NA,NA
"feature_counts[39,4,8]",2,NA,0,2,2,2,2,2,NA,NA
"feature_counts[39,5,1]",3,NA,0,3,3,3,3,3,NA,NA
"feature_counts[39,5,2]",0,NA,0,0,0,0,0,0,NA,NA
"feature_counts[39,5,3]",2,NA,0,2,2,2,2,2,NA,NA
"feature_counts[39,5,4]",3,NA,0,3,3,3,3,3,NA,NA
"feature_counts[39,5,5]",0,NA,0,0,0,0,0,0,NA,NA
"feature_counts[39,5,6]",1,NA,0,1,1,1,1,1,NA,NA
"feature_counts[39,5,7]",1,NA,0,1,1,1,1,1,NA,NA
"feature_counts[39,5,8]",2,NA,0,2,2,2,2,2,NA,NA
"feature_counts[40,1,1]",2,NA,0,2,2,2,2,2,NA,NA
"feature_counts[40,1,2]",1,NA,0,1,1,1,1,1,NA,NA
"feature_counts[40,1,3]",0,NA,0,0,0,0,0,0,NA,NA
"feature_counts[40,1,4]",2,NA,0,2,2,2,2,2,NA,NA
"feature_counts[40,1,5]",1,NA,0,1,1,1,1,1,NA,NA
"feature_counts[40,1,6]",0,NA,0,0,0,0,0,0,NA,NA
"feature_counts[40,1,7]",3,NA,0,3,3,3,3,3,NA,NA
"feature_counts[40,1,8]",3,NA,0,3,3,3,3,3,NA,NA
"feature_counts[40,2,1]",1,NA,0,1,1,1,1,1,NA,NA
"feature_counts[40,2,2]",3,NA,0,3,3,3,3,3,NA,NA
"feature_counts[40,2,3]",3,NA,0,3,3,3,3,3,NA,NA
"feature_counts[40,2,4]",0,NA,0,0,0,0,0,0,NA,NA
"feature_counts[40,2,5]",0,NA,0,0,0,0,0,0,NA,NA
"feature_counts[40,2,6]",2,NA,0,2,2,2,2,2,NA,NA
"feature_counts[40,2,7]",2,NA,0,2,2,2,2,2,NA,NA
"feature_counts[40,2,8]",1,NA,0,1,1,1,1,1,NA,NA
"feature_counts[40,3,1]",0,NA,0,0,0,0,0,0,NA,NA
"feature_counts[40,3,2]",1,NA,0,1,1,1,1,1,NA,NA
"feature_counts[40,3,3]",2,NA,0,2,2,2,2,2,NA,NA
"feature_counts[40,3,4]",3,NA,0,3,3,3,3,3,NA,NA
"feature_counts[40,3,5]",3,NA,0,3,3,3,3,3,NA,NA
"feature_counts[40,3,6]",0,NA,0,0,0,0,0,0,NA,NA
"feature_counts[40,3,7]",1,NA,0,1,1,1,1,1,NA,NA
"feature_counts[40,3,8]",2,NA,0,2,2,2,2,2,NA,NA
"feature_counts[40,4,1]",2,NA,0,2,2,2,2,2,NA,NA
"feature_counts[40,4,2]",2,NA,0,2,2,2,2,2,NA,NA
"feature_counts[40,4,3]",1,NA,0,1,1,1,1,1,NA,NA
"feature_counts[40,4,4]",1,NA,0,1,1,1,1,1,NA,NA
"feature_counts[40,4,5]",3,NA,0,3,3,3,3,3,NA,NA
"feature_counts[40,4,6]",3,NA,0,3,3,3,3,3,NA,NA
"feature_counts[40,4,7]",0,NA,0,0,0,0,0,0,NA,NA
"feature_counts[40,4,8]",0,NA,0,0,0,0,0,0,NA,NA
"feature_counts[40,5,1]",3,NA,0,3,3,3,3,3,NA,NA
"feature_counts[40,5,2]",0,NA,0,0,0,0,0,0,NA,NA
"feature_counts[40,5,3]",0,NA,0,0,0,0,0,0,NA,NA
"feature_counts[40,5,4]",1,NA,0,1,1,1,1,1,NA,NA
"feature_counts[40,5,5]",1,NA,0,1,1,1,1,1,NA,NA
"feature_counts[40,5,6]",3,NA,0,3,3,3,3,3,NA,NA
"feature_counts[40,5,7]",2,NA,0,2,2,2,2,2,NA,NA
"feature_counts[40,5,8]",2,NA,0,2,2,2,2,2,NA,NA
"feature_counts[41,1,1]",1,NA,0,1,1,1,1,1,NA,NA
"feature_counts[41,1,2]",0,NA,0,0,0,0,0,0,NA,NA
"feature_counts[41,1,3]",0,NA,0,0,0,0,0,0,NA,NA
"feature_counts[41,1,4]",1,NA,0,1,1,1,1,1,NA,NA
"feature_counts[41,1,5]",2,NA,0,2,2,2,2,2,NA,NA
"feature_counts[41,1,6]",2,NA,0,2,2,2,2,2,NA,NA
"feature_counts[41,1,7]",3,NA,0,3,3,3,3,3,NA,NA
"feature_counts[41,1,8]",3,NA,0,3,3,3,3,3,NA,NA
"feature_counts[41,2,1]",0,NA,0,0,0,0,0,0,NA,NA
"feature_counts[41,2,2]",2,NA,0,2,2,2,2,2,NA,NA
"feature_counts[41,2,3]",2,NA,0,2,2,2,2,2,NA,NA
"feature_counts[41,2,4]",0,NA,0,0,0,0,0,0,NA,NA
"feature_counts[41,2,5]",1,NA,0,1,1,1,1,1,NA,NA
"feature_counts[41,2,6]",1,NA,0,1,1,1,1,1,NA,NA
"feature_counts[41,2,7]",3,NA,0,3,3,3,3,3,NA,NA
"feature_counts[41,2,8]",3,NA,0,3,3,3,3,3,NA,NA
"feature_counts[41,3,1]",2,NA,0,2,2,2,2,2,NA,NA
"feature_counts[41,3,2]",3,NA,0,3,3,3,3,3,NA,NA
"feature_counts[41,3,3]",3,NA,0,3,3,3,3,3,NA,NA
"feature_counts[41,3,4]",1,NA,0,1,1,1,1,1,NA,NA
"feature_counts[41,3,5]",0,NA,0,0,0,0,0,0,NA,NA
"feature_counts[41,3,6]",2,NA,0,2,2,2,2,2,NA,NA
"feature_counts[41,3,7]",1,NA,0,1,1,1,1,1,NA,NA
"feature_counts[41,3,8]",0,NA,0,0,0,0,0,0,NA,NA
"feature_counts[41,4,1]",3,NA,0,3,3,3,3,3,NA,NA
"feature_counts[41,4,2]",2,NA,0,2,2,2,2,2,NA,NA
"feature_counts[41,4,3]",1,NA,0,1,1,1,1,1,NA,NA
"feature_counts[41,4,4]",3,NA,0,3,3,3,3,3,NA,NA
"feature_counts[41,4,5]",2,NA,0,2,2,2,2,2,NA,NA
"feature_counts[41,4,6]",0,NA,0,0,0,0,0,0,NA,NA
"feature_counts[41,4,7]",0,NA,0,0,0,0,0,0,NA,NA
"feature_counts[41,4,8]",1,NA,0,1,1,1,1,1,NA,NA
"feature_counts[41,5,1]",2,NA,0,2,2,2,2,2,NA,NA
"feature_counts[41,5,2]",1,NA,0,1,1,1,1,1,NA,NA
"feature_counts[41,5,3]",0,NA,0,0,0,0,0,0,NA,NA
"feature_counts[41,5,4]",3,NA,0,3,3,3,3,3,NA,NA
"feature_counts[41,5,5]",3,NA,0,3,3,3,3,3,NA,NA
"feature_counts[41,5,6]",2,NA,0,2,2,2,2,2,NA,NA
"feature_counts[41,5,7]",1,NA,0,1,1,1,1,1,NA,NA
"feature_counts[41,5,8]",0,NA,0,0,0,0,0,0,NA,NA
"feature_counts[42,1,1]",0,NA,0,0,0,0,0,0,NA,NA
"feature_counts[42,1,2]",2,NA,0,2,2,2,2,2,NA,NA
"feature_counts[42,1,3]",3,NA,0,3,3,3,3,3,NA,NA
"feature_counts[42,1,4]",1,NA,0,1,1,1,1,1,NA,NA
"feature_counts[42,1,5]",1,NA,0,1,1,1,1,1,NA,NA
"feature_counts[42,1,6]",3,NA,0,3,3,3,3,3,NA,NA
"feature_counts[42,1,7]",2,NA,0,2,2,2,2,2,NA,NA
"feature_counts[42,1,8]",0,NA,0,0,0,0,0,0,NA,NA
"feature_counts[42,2,1]",3,NA,0,3,3,3,3,3,NA,NA
"feature_counts[42,2,2]",2,NA,0,2,2,2,2,2,NA,NA
"feature_counts[42,2,3]",2,NA,0,2,2,2,2,2,NA,NA
"feature_counts[42,2,4]",0,NA,0,0,0,0,0,0,NA,NA
"feature_counts[42,2,5]",0,NA,0,0,0,0,0,0,NA,NA
"feature_counts[42,2,6]",1,NA,0,1,1,1,1,1,NA,NA
"feature_counts[42,2,7]",1,NA,0,1,1,1,1,1,NA,NA
"feature_counts[42,2,8]",3,NA,0,3,3,3,3,3,NA,NA
"feature_counts[42,3,1]",3,NA,0,3,3,3,3,3,NA,NA
"feature_counts[42,3,2]",3,NA,0,3,3,3,3,3,NA,NA
"feature_counts[42,3,3]",0,NA,0,0,0,0,0,0,NA,NA
"feature_counts[42,3,4]",0,NA,0,0,0,0,0,0,NA,NA
"feature_counts[42,3,5]",1,NA,0,1,1,1,1,1,NA,NA
"feature_counts[42,3,6]",2,NA,0,2,2,2,2,2,NA,NA
"feature_counts[42,3,7]",2,NA,0,2,2,2,2,2,NA,NA
"feature_counts[42,3,8]",1,NA,0,1,1,1,1,1,NA,NA
"feature_counts[42,4,1]",1,NA,0,1,1,1,1,1,NA,NA
"feature_counts[42,4,2]",0,NA,0,0,0,0,0,0,NA,NA
"feature_counts[42,4,3]",0,NA,0,0,0,0,0,0,NA,NA
"feature_counts[42,4,4]",3,NA,0,3,3,3,3,3,NA,NA
"feature_counts[42,4,5]",3,NA,0,3,3,3,3,3,NA,NA
"feature_counts[42,4,6]",1,NA,0,1,1,1,1,1,NA,NA
"feature_counts[42,4,7]",2,NA,0,2,2,2,2,2,NA,NA
"feature_counts[42,4,8]",2,NA,0,2,2,2,2,2,NA,NA
"feature_counts[42,5,1]",1,NA,0,1,1,1,1,1,NA,NA
"feature_counts[42,5,2]",1,NA,0,1,1,1,1,1,NA,NA
"feature_counts[42,5,3]",2,NA,0,2,2,2,2,2,NA,NA
"feature_counts[42,5,4]",3,NA,0,3,3,3,3,3,NA,NA
"feature_counts[42,5,5]",3,NA,0,3,3,3,3,3,NA,NA
"feature_counts[42,5,6]",0,NA,0,0,0,0,0,0,NA,NA
"feature_counts[42,5,7]",0,NA,0,0,0,0,0,0,NA,NA
"feature_counts[42,5,8]",2,NA,0,2,2,2,2,2,NA,NA
"feature_counts[43,1,1]",2,NA,0,2,2,2,2,2,NA,NA
"feature_counts[43,1,2]",2,NA,0,2,2,2,2,2,NA,NA
"feature_counts[43,1,3]",3,NA,0,3,3,3,3,3,NA,NA
"feature_counts[43,1,4]",0,NA,0,0,0,0,0,0,NA,NA
"feature_counts[43,1,5]",0,NA,0,0,0,0,0,0,NA,NA
"feature_counts[43,1,6]",3,NA,0,3,3,3,3,3,NA,NA
"feature_counts[43,1,7]",1,NA,0,1,1,1,1,1,NA,NA
"feature_counts[43,1,8]",1,NA,0,1,1,1,1,1,NA,NA
"feature_counts[43,2,1]",0,NA,0,0,0,0,0,0,NA,NA
"feature_counts[43,2,2]",3,NA,0,3,3,3,3,3,NA,NA
"feature_counts[43,2,3]",1,NA,0,1,1,1,1,1,NA,NA
"feature_counts[43,2,4]",2,NA,0,2,2,2,2,2,NA,NA
"feature_counts[43,2,5]",2,NA,0,2,2,2,2,2,NA,NA
"feature_counts[43,2,6]",1,NA,0,1,1,1,1,1,NA,NA
"feature_counts[43,2,7]",3,NA,0,3,3,3,3,3,NA,NA
"feature_counts[43,2,8]",0,NA,0,0,0,0,0,0,NA,NA
"feature_counts[43,3,1]",1,NA,0,1,1,1,1,1,NA,NA
"feature_counts[43,3,2]",0,NA,0,0,0,0,0,0,NA,NA
"feature_counts[43,3,3]",3,NA,0,3,3,3,3,3,NA,NA
"feature_counts[43,3,4]",1,NA,0,1,1,1,1,1,NA,NA
"feature_counts[43,3,5]",2,NA,0,2,2,2,2,2,NA,NA
"feature_counts[43,3,6]",2,NA,0,2,2,2,2,2,NA,NA
"feature_counts[43,3,7]",0,NA,0,0,0,0,0,0,NA,NA
"feature_counts[43,3,8]",3,NA,0,3,3,3,3,3,NA,NA
"feature_counts[43,4,1]",3,NA,0,3,3,3,3,3,NA,NA
"feature_counts[43,4,2]",2,NA,0,2,2,2,2,2,NA,NA
"feature_counts[43,4,3]",0,NA,0,0,0,0,0,0,NA,NA
"feature_counts[43,4,4]",1,NA,0,1,1,1,1,1,NA,NA
"feature_counts[43,4,5]",1,NA,0,1,1,1,1,1,NA,NA
"feature_counts[43,4,6]",0,NA,0,0,0,0,0,0,NA,NA
"feature_counts[43,4,7]",2,NA,0,2,2,2,2,2,NA,NA
"feature_counts[43,4,8]",3,NA,0,3,3,3,3,3,NA,NA
"feature_counts[43,5,1]",2,NA,0,2,2,2,2,2,NA,NA
"feature_counts[43,5,2]",1,NA,0,1,1,1,1,1,NA,NA
"feature_counts[43,5,3]",1,NA,0,1,1,1,1,1,NA,NA
"feature_counts[43,5,4]",3,NA,0,3,3,3,3,3,NA,NA
"feature_counts[43,5,5]",3,NA,0,3,3,3,3,3,NA,NA
"feature_counts[43,5,6]",2,NA,0,2,2,2,2,2,NA,NA
"feature_counts[43,5,7]",0,NA,0,0,0,0,0,0,NA,NA
"feature_counts[43,5,8]",0,NA,0,0,0,0,0,0,NA,NA
"feature_counts[44,1,1]",0,NA,0,0,0,0,0,0,NA,NA
"feature_counts[44,1,2]",1,NA,0,1,1,1,1,1,NA,NA
"feature_counts[44,1,3]",1,NA,0,1,1,1,1,1,NA,NA
"feature_counts[44,1,4]",2,NA,0,2,2,2,2,2,NA,NA
"feature_counts[44,1,5]",3,NA,0,3,3,3,3,3,NA,NA
"feature_counts[44,1,6]",0,NA,0,0,0,0,0,0,NA,NA
"feature_counts[44,1,7]",2,NA,0,2,2,2,2,2,NA,NA
"feature_counts[44,1,8]",3,NA,0,3,3,3,3,3,NA,NA
"feature_counts[44,2,1]",2,NA,0,2,2,2,2,2,NA,NA
"feature_counts[44,2,2]",3,NA,0,3,3,3,3,3,NA,NA
"feature_counts[44,2,3]",0,NA,0,0,0,0,0,0,NA,NA
"feature_counts[44,2,4]",0,NA,0,0,0,0,0,0,NA,NA
"feature_counts[44,2,5]",3,NA,0,3,3,3,3,3,NA,NA
"feature_counts[44,2,6]",1,NA,0,1,1,1,1,1,NA,NA
"feature_counts[44,2,7]",1,NA,0,1,1,1,1,1,NA,NA
"feature_counts[44,2,8]",2,NA,0,2,2,2,2,2,NA,NA
"feature_counts[44,3,1]",3,NA,0,3,3,3,3,3,NA,NA
"feature_counts[44,3,2]",2,NA,0,2,2,2,2,2,NA,NA
"feature_counts[44,3,3]",2,NA,0,2,2,2,2,2,NA,NA
"feature_counts[44,3,4]",1,NA,0,1,1,1,1,1,NA,NA
"feature_counts[44,3,5]",1,NA,0,1,1,1,1,1,NA,NA
"feature_counts[44,3,6]",3,NA,0,3,3,3,3,3,NA,NA
"feature_counts[44,3,7]",0,NA,0,0,0,0,0,0,NA,NA
"feature_counts[44,3,8]",0,NA,0,0,0,0,0,0,NA,NA
"feature_counts[44,4,1]",1,NA,0,1,1,1,1,1,NA,NA
"feature_counts[44,4,2]",0,NA,0,0,0,0,0,0,NA,NA
"feature_counts[44,4,3]",2,NA,0,2,2,2,2,2,NA,NA
"feature_counts[44,4,4]",2,NA,0,2,2,2,2,2,NA,NA
"feature_counts[44,4,5]",0,NA,0,0,0,0,0,0,NA,NA
"feature_counts[44,4,6]",1,NA,0,1,1,1,1,1,NA,NA
"feature_counts[44,4,7]",3,NA,0,3,3,3,3,3,NA,NA
"feature_counts[44,4,8]",3,NA,0,3,3,3,3,3,NA,NA
"feature_counts[44,5,1]",1,NA,0,1,1,1,1,1,NA,NA
"feature_counts[44,5,2]",2,NA,0,2,2,2,2,2,NA,NA
"feature_counts[44,5,3]",3,NA,0,3,3,3,3,3,NA,NA
"feature_counts[44,5,4]",1,NA,0,1,1,1,1,1,NA,NA
"feature_counts[44,5,5]",0,NA,0,0,0,0,0,0,NA,NA
"feature_counts[44,5,6]",3,NA,0,3,3,3,3,3,NA,NA
"feature_counts[44,5,7]",2,NA,0,2,2,2,2,2,NA,NA
"feature_counts[44,5,8]",0,NA,0,0,0,0,0,0,NA,NA
"feature_counts[45,1,1]",2,NA,0,2,2,2,2,2,NA,NA
"feature_counts[45,1,2]",1,NA,0,1,1,1,1,1,NA,NA
"feature_counts[45,1,3]",0,NA,0,0,0,0,0,0,NA,NA
"feature_counts[45,1,4]",2,NA,0,2,2,2,2,2,NA,NA
"feature_counts[45,1,5]",3,NA,0,3,3,3,3,3,NA,NA
"feature_counts[45,1,6]",3,NA,0,3,3,3,3,3,NA,NA
"feature_counts[45,1,7]",1,NA,0,1,1,1,1,1,NA,NA
"feature_counts[45,1,8]",0,NA,0,0,0,0,0,0,NA,NA
"feature_counts[45,2,1]",2,NA,0,2,2,2,2,2,NA,NA
"feature_counts[45,2,2]",0,NA,0,0,0,0,0,0,NA,NA
"feature_counts[45,2,3]",1,NA,0,1,1,1,1,1,NA,NA
"feature_counts[45,2,4]",1,NA,0,1,1,1,1,1,NA,NA
"feature_counts[45,2,5]",0,NA,0,0,0,0,0,0,NA,NA
"feature_counts[45,2,6]",3,NA,0,3,3,3,3,3,NA,NA
"feature_counts[45,2,7]",3,NA,0,3,3,3,3,3,NA,NA
"feature_counts[45,2,8]",2,NA,0,2,2,2,2,2,NA,NA
"feature_counts[45,3,1]",2,NA,0,2,2,2,2,2,NA,NA
"feature_counts[45,3,2]",2,NA,0,2,2,2,2,2,NA,NA
"feature_counts[45,3,3]",3,NA,0,3,3,3,3,3,NA,NA
"feature_counts[45,3,4]",3,NA,0,3,3,3,3,3,NA,NA
"feature_counts[45,3,5]",1,NA,0,1,1,1,1,1,NA,NA
"feature_counts[45,3,6]",0,NA,0,0,0,0,0,0,NA,NA
"feature_counts[45,3,7]",0,NA,0,0,0,0,0,0,NA,NA
"feature_counts[45,3,8]",1,NA,0,1,1,1,1,1,NA,NA
"feature_counts[45,4,1]",0,NA,0,0,0,0,0,0,NA,NA
"feature_counts[45,4,2]",2,NA,0,2,2,2,2,2,NA,NA
"feature_counts[45,4,3]",1,NA,0,1,1,1,1,1,NA,NA
"feature_counts[45,4,4]",0,NA,0,0,0,0,0,0,NA,NA
"feature_counts[45,4,5]",3,NA,0,3,3,3,3,3,NA,NA
"feature_counts[45,4,6]",1,NA,0,1,1,1,1,1,NA,NA
"feature_counts[45,4,7]",2,NA,0,2,2,2,2,2,NA,NA
"feature_counts[45,4,8]",3,NA,0,3,3,3,3,3,NA,NA
"feature_counts[45,5,1]",1,NA,0,1,1,1,1,1,NA,NA
"feature_counts[45,5,2]",3,NA,0,3,3,3,3,3,NA,NA
"feature_counts[45,5,3]",3,NA,0,3,3,3,3,3,NA,NA
"feature_counts[45,5,4]",2,NA,0,2,2,2,2,2,NA,NA
"feature_counts[45,5,5]",0,NA,0,0,0,0,0,0,NA,NA
"feature_counts[45,5,6]",1,NA,0,1,1,1,1,1,NA,NA
"feature_counts[45,5,7]",2,NA,0,2,2,2,2,2,NA,NA
"feature_counts[45,5,8]",0,NA,0,0,0,0,0,0,NA,NA
"feature_counts[46,1,1]",2,NA,0,2,2,2,2,2,NA,NA
"feature_counts[46,1,2]",1,NA,0,1,1,1,1,1,NA,NA
"feature_counts[46,1,3]",1,NA,0,1,1,1,1,1,NA,NA
"feature_counts[46,1,4]",2,NA,0,2,2,2,2,2,NA,NA
"feature_counts[46,1,5]",0,NA,0,0,0,0,0,0,NA,NA
"feature_counts[46,1,6]",0,NA,0,0,0,0,0,0,NA,NA
"feature_counts[46,1,7]",3,NA,0,3,3,3,3,3,NA,NA
"feature_counts[46,1,8]",3,NA,0,3,3,3,3,3,NA,NA
"feature_counts[46,2,1]",3,NA,0,3,3,3,3,3,NA,NA
"feature_counts[46,2,2]",0,NA,0,0,0,0,0,0,NA,NA
"feature_counts[46,2,3]",2,NA,0,2,2,2,2,2,NA,NA
"feature_counts[46,2,4]",3,NA,0,3,3,3,3,3,NA,NA
"feature_counts[46,2,5]",1,NA,0,1,1,1,1,1,NA,NA
"feature_counts[46,2,6]",2,NA,0,2,2,2,2,2,NA,NA
"feature_counts[46,2,7]",0,NA,0,0,0,0,0,0,NA,NA
"feature_counts[46,2,8]",1,NA,0,1,1,1,1,1,NA,NA
"feature_counts[46,3,1]",0,NA,0,0,0,0,0,0,NA,NA
"feature_counts[46,3,2]",1,NA,0,1,1,1,1,1,NA,NA
"feature_counts[46,3,3]",3,NA,0,3,3,3,3,3,NA,NA
"feature_counts[46,3,4]",2,NA,0,2,2,2,2,2,NA,NA
"feature_counts[46,3,5]",2,NA,0,2,2,2,2,2,NA,NA
"feature_counts[46,3,6]",3,NA,0,3,3,3,3,3,NA,NA
"feature_counts[46,3,7]",1,NA,0,1,1,1,1,1,NA,NA
"feature_counts[46,3,8]",0,NA,0,0,0,0,0,0,NA,NA
"feature_counts[46,4,1]",1,NA,0,1,1,1,1,1,NA,NA
"feature_counts[46,4,2]",3,NA,0,3,3,3,3,3,NA,NA
"feature_counts[46,4,3]",2,NA,0,2,2,2,2,2,NA,NA
"feature_counts[46,4,4]",1,NA,0,1,1,1,1,1,NA,NA
"feature_counts[46,4,5]",0,NA,0,0,0,0,0,0,NA,NA
"feature_counts[46,4,6]",0,NA,0,0,0,0,0,0,NA,NA
"feature_counts[46,4,7]",3,NA,0,3,3,3,3,3,NA,NA
"feature_counts[46,4,8]",2,NA,0,2,2,2,2,2,NA,NA
"feature_counts[46,5,1]",2,NA,0,2,2,2,2,2,NA,NA
"feature_counts[46,5,2]",2,NA,0,2,2,2,2,2,NA,NA
"feature_counts[46,5,3]",0,NA,0,0,0,0,0,0,NA,NA
"feature_counts[46,5,4]",0,NA,0,0,0,0,0,0,NA,NA
"feature_counts[46,5,5]",3,NA,0,3,3,3,3,3,NA,NA
"feature_counts[46,5,6]",3,NA,0,3,3,3,3,3,NA,NA
"feature_counts[46,5,7]",1,NA,0,1,1,1,1,1,NA,NA
"feature_counts[46,5,8]",1,NA,0,1,1,1,1,1,NA,NA
"feature_counts[47,1,1]",3,NA,0,3,3,3,3,3,NA,NA
"feature_counts[47,1,2]",0,NA,0,0,0,0,0,0,NA,NA
"feature_counts[47,1,3]",2,NA,0,2,2,2,2,2,NA,NA
"feature_counts[47,1,4]",3,NA,0,3,3,3,3,3,NA,NA
"feature_counts[47,1,5]",1,NA,0,1,1,1,1,1,NA,NA
"feature_counts[47,1,6]",1,NA,0,1,1,1,1,1,NA,NA
"feature_counts[47,1,7]",0,NA,0,0,0,0,0,0,NA,NA
"feature_counts[47,1,8]",2,NA,0,2,2,2,2,2,NA,NA
"feature_counts[47,2,1]",0,NA,0,0,0,0,0,0,NA,NA
"feature_counts[47,2,2]",1,NA,0,1,1,1,1,1,NA,NA
"feature_counts[47,2,3]",1,NA,0,1,1,1,1,1,NA,NA
"feature_counts[47,2,4]",0,NA,0,0,0,0,0,0,NA,NA
"feature_counts[47,2,5]",3,NA,0,3,3,3,3,3,NA,NA
"feature_counts[47,2,6]",2,NA,0,2,2,2,2,2,NA,NA
"feature_counts[47,2,7]",2,NA,0,2,2,2,2,2,NA,NA
"feature_counts[47,2,8]",3,NA,0,3,3,3,3,3,NA,NA
"feature_counts[47,3,1]",2,NA,0,2,2,2,2,2,NA,NA
"feature_counts[47,3,2]",3,NA,0,3,3,3,3,3,NA,NA
"feature_counts[47,3,3]",1,NA,0,1,1,1,1,1,NA,NA
"feature_counts[47,3,4]",2,NA,0,2,2,2,2,2,NA,NA
"feature_counts[47,3,5]",3,NA,0,3,3,3,3,3,NA,NA
"feature_counts[47,3,6]",1,NA,0,1,1,1,1,1,NA,NA
"feature_counts[47,3,7]",0,NA,0,0,0,0,0,0,NA,NA
"feature_counts[47,3,8]",0,NA,0,0,0,0,0,0,NA,NA
"feature_counts[47,4,1]",1,NA,0,1,1,1,1,1,NA,NA
"feature_counts[47,4,2]",2,NA,0,2,2,2,2,2,NA,NA
"feature_counts[47,4,3]",2,NA,0,2,2,2,2,2,NA,NA
"feature_counts[47,4,4]",1,NA,0,1,1,1,1,1,NA,NA
"feature_counts[47,4,5]",0,NA,0,0,0,0,0,0,NA,NA
"feature_counts[47,4,6]",3,NA,0,3,3,3,3,3,NA,NA
"feature_counts[47,4,7]",3,NA,0,3,3,3,3,3,NA,NA
"feature_counts[47,4,8]",0,NA,0,0,0,0,0,0,NA,NA
"feature_counts[47,5,1]",2,NA,0,2,2,2,2,2,NA,NA
"feature_counts[47,5,2]",2,NA,0,2,2,2,2,2,NA,NA
"feature_counts[47,5,3]",0,NA,0,0,0,0,0,0,NA,NA
"feature_counts[47,5,4]",1,NA,0,1,1,1,1,1,NA,NA
"feature_counts[47,5,5]",1,NA,0,1,1,1,1,1,NA,NA
"feature_counts[47,5,6]",0,NA,0,0,0,0,0,0,NA,NA
"feature_counts[47,5,7]",3,NA,0,3,3,3,3,3,NA,NA
"feature_counts[47,5,8]",3,NA,0,3,3,3,3,3,NA,NA
"feature_counts[48,1,1]",0,NA,0,0,0,0,0,0,NA,NA
"feature_counts[48,1,2]",0,NA,0,0,0,0,0,0,NA,NA
"feature_counts[48,1,3]",1,NA,0,1,1,1,1,1,NA,NA
"feature_counts[48,1,4]",2,NA,0,2,2,2,2,2,NA,NA
"feature_counts[48,1,5]",2,NA,0,2,2,2,2,2,NA,NA
"feature_counts[48,1,6]",3,NA,0,3,3,3,3,3,NA,NA
"feature_counts[48,1,7]",3,NA,0,3,3,3,3,3,NA,NA
"feature_counts[48,1,8]",1,NA,0,1,1,1,1,1,NA,NA
"feature_counts[48,2,1]",3,NA,0,3,3,3,3,3,NA,NA
"feature_counts[48,2,2]",2,NA,0,2,2,2,2,2,NA,NA
"feature_counts[48,2,3]",0,NA,0,0,0,0,0,0,NA,NA
"feature_counts[48,2,4]",0,NA,0,0,0,0,0,0,NA,NA
"feature_counts[48,2,5]",2,NA,0,2,2,2,2,2,NA,NA
"feature_counts[48,2,6]",1,NA,0,1,1,1,1,1,NA,NA
"feature_counts[48,2,7]",1,NA,0,1,1,1,1,1,NA,NA
"feature_counts[48,2,8]",3,NA,0,3,3,3,3,3,NA,NA
"feature_counts[48,3,1]",0,NA,0,0,0,0,0,0,NA,NA
"feature_counts[48,3,2]",3,NA,0,3,3,3,3,3,NA,NA
"feature_counts[48,3,3]",3,NA,0,3,3,3,3,3,NA,NA
"feature_counts[48,3,4]",2,NA,0,2,2,2,2,2,NA,NA
"feature_counts[48,3,5]",1,NA,0,1,1,1,1,1,NA,NA
"feature_counts[48,3,6]",0,NA,0,0,0,0,0,0,NA,NA
"feature_counts[48,3,7]",2,NA,0,2,2,2,2,2,NA,NA
"feature_counts[48,3,8]",1,NA,0,1,1,1,1,1,NA,NA
"feature_counts[48,4,1]",3,NA,0,3,3,3,3,3,NA,NA
"feature_counts[48,4,2]",1,NA,0,1,1,1,1,1,NA,NA
"feature_counts[48,4,3]",2,NA,0,2,2,2,2,2,NA,NA
"feature_counts[48,4,4]",2,NA,0,2,2,2,2,2,NA,NA
"feature_counts[48,4,5]",0,NA,0,0,0,0,0,0,NA,NA
"feature_counts[48,4,6]",3,NA,0,3,3,3,3,3,NA,NA
"feature_counts[48,4,7]",1,NA,0,1,1,1,1,1,NA,NA
"feature_counts[48,4,8]",0,NA,0,0,0,0,0,0,NA,NA
"feature_counts[48,5,1]",2,NA,0,2,2,2,2,2,NA,NA
"feature_counts[48,5,2]",0,NA,0,0,0,0,0,0,NA,NA
"feature_counts[48,5,3]",1,NA,0,1,1,1,1,1,NA,NA
"feature_counts[48,5,4]",2,NA,0,2,2,2,2,2,NA,NA
"feature_counts[48,5,5]",3,NA,0,3,3,3,3,3,NA,NA
"feature_counts[48,5,6]",1,NA,0,1,1,1,1,1,NA,NA
"feature_counts[48,5,7]",0,NA,0,0,0,0,0,0,NA,NA
"feature_counts[48,5,8]",3,NA,0,3,3,3,3,3,NA,NA
"feature_counts[49,1,1]",0,NA,0,0,0,0,0,0,NA,NA
"feature_counts[49,1,2]",3,NA,0,3,3,3,3,3,NA,NA
"feature_counts[49,1,3]",3,NA,0,3,3,3,3,3,NA,NA
"feature_counts[49,1,4]",2,NA,0,2,2,2,2,2,NA,NA
"feature_counts[49,1,5]",2,NA,0,2,2,2,2,2,NA,NA
"feature_counts[49,1,6]",0,NA,0,0,0,0,0,0,NA,NA
"feature_counts[49,1,7]",1,NA,0,1,1,1,1,1,NA,NA
"feature_counts[49,1,8]",1,NA,0,1,1,1,1,1,NA,NA
"feature_counts[49,2,1]",1,NA,0,1,1,1,1,1,NA,NA
"feature_counts[49,2,2]",0,NA,0,0,0,0,0,0,NA,NA
"feature_counts[49,2,3]",0,NA,0,0,0,0,0,0,NA,NA
"feature_counts[49,2,4]",2,NA,0,2,2,2,2,2,NA,NA
"feature_counts[49,2,5]",3,NA,0,3,3,3,3,3,NA,NA
"feature_counts[49,2,6]",1,NA,0,1,1,1,1,1,NA,NA
"feature_counts[49,2,7]",2,NA,0,2,2,2,2,2,NA,NA
"feature_counts[49,2,8]",3,NA,0,3,3,3,3,3,NA,NA
"feature_counts[49,3,1]",0,NA,0,0,0,0,0,0,NA,NA
"feature_counts[49,3,2]",2,NA,0,2,2,2,2,2,NA,NA
"feature_counts[49,3,3]",2,NA,0,2,2,2,2,2,NA,NA
"feature_counts[49,3,4]",0,NA,0,0,0,0,0,0,NA,NA
"feature_counts[49,3,5]",1,NA,0,1,1,1,1,1,NA,NA
"feature_counts[49,3,6]",1,NA,0,1,1,1,1,1,NA,NA
"feature_counts[49,3,7]",3,NA,0,3,3,3,3,3,NA,NA
"feature_counts[49,3,8]",3,NA,0,3,3,3,3,3,NA,NA
"feature_counts[49,4,1]",3,NA,0,3,3,3,3,3,NA,NA
"feature_counts[49,4,2]",0,NA,0,0,0,0,0,0,NA,NA
"feature_counts[49,4,3]",2,NA,0,2,2,2,2,2,NA,NA
"feature_counts[49,4,4]",2,NA,0,2,2,2,2,2,NA,NA
"feature_counts[49,4,5]",0,NA,0,0,0,0,0,0,NA,NA
"feature_counts[49,4,6]",3,NA,0,3,3,3,3,3,NA,NA
"feature_counts[49,4,7]",1,NA,0,1,1,1,1,1,NA,NA
"feature_counts[49,4,8]",1,NA,0,1,1,1,1,1,NA,NA
"feature_counts[49,5,1]",3,NA,0,3,3,3,3,3,NA,NA
"feature_counts[49,5,2]",2,NA,0,2,2,2,2,2,NA,NA
"feature_counts[49,5,3]",1,NA,0,1,1,1,1,1,NA,NA
"feature_counts[49,5,4]",1,NA,0,1,1,1,1,1,NA,NA
"feature_counts[49,5,5]",2,NA,0,2,2,2,2,2,NA,NA
"feature_counts[49,5,6]",3,NA,0,3,3,3,3,3,NA,NA
"feature_counts[49,5,7]",0,NA,0,0,0,0,0,0,NA,NA
"feature_counts[49,5,8]",0,NA,0,0,0,0,0,0,NA,NA
"feature_counts[50,1,1]",1,NA,0,1,1,1,1,1,NA,NA
"feature_counts[50,1,2]",0,NA,0,0,0,0,0,0,NA,NA
"feature_counts[50,1,3]",0,NA,0,0,0,0,0,0,NA,NA
"feature_counts[50,1,4]",3,NA,0,3,3,3,3,3,NA,NA
"feature_counts[50,1,5]",2,NA,0,2,2,2,2,2,NA,NA
"feature_counts[50,1,6]",1,NA,0,1,1,1,1,1,NA,NA
"feature_counts[50,1,7]",3,NA,0,3,3,3,3,3,NA,NA
"feature_counts[50,1,8]",2,NA,0,2,2,2,2,2,NA,NA
"feature_counts[50,2,1]",0,NA,0,0,0,0,0,0,NA,NA
"feature_counts[50,2,2]",3,NA,0,3,3,3,3,3,NA,NA
"feature_counts[50,2,3]",3,NA,0,3,3,3,3,3,NA,NA
"feature_counts[50,2,4]",0,NA,0,0,0,0,0,0,NA,NA
"feature_counts[50,2,5]",1,NA,0,1,1,1,1,1,NA,NA
"feature_counts[50,2,6]",2,NA,0,2,2,2,2,2,NA,NA
"feature_counts[50,2,7]",2,NA,0,2,2,2,2,2,NA,NA
"feature_counts[50,2,8]",1,NA,0,1,1,1,1,1,NA,NA
"feature_counts[50,3,1]",1,NA,0,1,1,1,1,1,NA,NA
"feature_counts[50,3,2]",1,NA,0,1,1,1,1,1,NA,NA
"feature_counts[50,3,3]",3,NA,0,3,3,3,3,3,NA,NA
"feature_counts[50,3,4]",2,NA,0,2,2,2,2,2,NA,NA
"feature_counts[50,3,5]",0,NA,0,0,0,0,0,0,NA,NA
"feature_counts[50,3,6]",0,NA,0,0,0,0,0,0,NA,NA
"feature_counts[50,3,7]",2,NA,0,2,2,2,2,2,NA,NA
"feature_counts[50,3,8]",3,NA,0,3,3,3,3,3,NA,NA
"feature_counts[50,4,1]",2,NA,0,2,2,2,2,2,NA,NA
"feature_counts[50,4,2]",3,NA,0,3,3,3,3,3,NA,NA
"feature_counts[50,4,3]",0,NA,0,0,0,0,0,0,NA,NA
"feature_counts[50,4,4]",0,NA,0,0,0,0,0,0,NA,NA
"feature_counts[50,4,5]",3,NA,0,3,3,3,3,3,NA,NA
"feature_counts[50,4,6]",2,NA,0,2,2,2,2,2,NA,NA
"feature_counts[50,4,7]",1,NA,0,1,1,1,1,1,NA,NA
"feature_counts[50,4,8]",1,NA,0,1,1,1,1,1,NA,NA
"feature_counts[50,5,1]",3,NA,0,3,3,3,3,3,NA,NA
"feature_counts[50,5,2]",1,NA,0,1,1,1,1,1,NA,NA
"feature_counts[50,5,3]",2,NA,0,2,2,2,2,2,NA,NA
"feature_counts[50,5,4]",3,NA,0,3,3,3,3,3,NA,NA
"feature_counts[50,5,5]",1,NA,0,1,1,1,1,1,NA,NA
"feature_counts[50,5,6]",2,NA,0,2,2,2,2,2,NA,NA
"feature_counts[50,5,7]",0,NA,0,0,0,0,0,0,NA,NA
"feature_counts[50,5,8]",0,NA,0,0,0,0,0,0,NA,NA
"log_lik[1]",-0.945741451882522,0.00257664778150338,0.144780147365408,-1.24806132209898,-1.030169064711,-0.943168428518764,-0.864200990805608,-0.645021114267328,3157.2423269736,1.00097158244406
"log_lik[2]",-0.708599239609176,0.00383217718871338,0.198444846766513,-1.04144454793943,-0.853720114363046,-0.728109516127525,-0.57203810570117,-0.298368202792831,2681.56598716433,1.00430153214389
"log_lik[3]",-1.04602652918783,0.00456712978770907,0.230440640819016,-1.5939470586656,-1.16579315464657,-1.01530198982479,-0.902192893444721,-0.652690830356764,2545.84196837301,1.00254828028619
"log_lik[4]",-0.435664122544435,0.00298843759616684,0.139834760858521,-0.72669602514574,-0.514843891055465,-0.437991307755321,-0.344428024738538,-0.174741537912193,2189.48465203856,1.00338857823212
"log_lik[5]",-0.747246640058274,0.00322830380567629,0.181729432600326,-1.04770201576356,-0.878918066196997,-0.768047153831497,-0.626096861970508,-0.363012636764478,3168.85046025848,1.00398613257864
"log_lik[6]",-0.771174224959573,0.00594931493716345,0.358786981481377,-1.70955518022881,-0.873382733855386,-0.658120867550553,-0.549310076364128,-0.43137847165443,3636.96761061189,1.00306244670224
"log_lik[7]",-0.728343703091061,0.00359526714451136,0.19712253329989,-1.04551877428837,-0.871349417546339,-0.753404181351597,-0.598179201990281,-0.309421446100025,3006.14698640538,1.0043929603531
"log_lik[8]",-0.82550469898721,0.00209005859630627,0.130623365357134,-1.05974129370245,-0.912012426841209,-0.833079754849444,-0.74268172660224,-0.553641416657344,3905.9332143472,1.00186770384131
"log_lik[9]",-0.531888834916248,0.00209156480752926,0.114591473901902,-0.811571280752276,-0.568816901351553,-0.512542306907086,-0.465922831107326,-0.374424952342851,3001.6631890084,1.00210424605598
"log_lik[10]",-0.8093010960563,0.00241126996243639,0.145908145046625,-1.06235704457045,-0.907757854881275,-0.823259189077952,-0.719897880088607,-0.494560973248375,3661.57049824433,1.00274286351504
"log_lik[11]",-0.86456941989182,0.00757374324241584,0.459756978644819,-2.1084236774156,-1.00279386408319,-0.709858535829554,-0.566860295657009,-0.430425340498231,3684.98313184033,1.00308928424874
"log_lik[12]",-0.462888308007051,0.00255341309769445,0.124240819090495,-0.735525921746151,-0.528336020682767,-0.460658767435549,-0.386143326613295,-0.231905218487201,2367.4807058743,1.00280182598317
"log_lik[13]",-0.38881040198863,0.00347902615614875,0.180850586000613,-0.71862300435537,-0.492759088707694,-0.401415125040781,-0.271655236945772,-0.0736457085743767,2702.2433258062,1.00002085959452
"log_lik[14]",-0.829107048726583,0.00343936155703585,0.187957479995418,-1.19986061109614,-0.939103932768339,-0.840064088533837,-0.718225916904801,-0.432891464026962,2986.50717149455,1.00127848833193
"log_lik[15]",-0.912614629554214,0.0020352292776147,0.13051973197021,-1.21533731966067,-0.979048061451282,-0.90561903349791,-0.833839611539997,-0.670066140063528,4112.6870485852,1.00088755919412
"log_lik[16]",-0.585565539820804,0.00262471666024871,0.151965718396897,-0.968706693805913,-0.648902841772704,-0.558029344188121,-0.492708270071476,-0.365028862125762,3352.17280998049,1.00097381555052
"log_lik[17]",-1.02431341541531,0.00381606457667706,0.202329409853184,-1.50988752588596,-1.10527335850641,-0.991881904912543,-0.904535674518315,-0.710670746250517,2811.16669458621,1.0000628718908
"log_lik[18]",-0.484118747801343,0.00127101201031762,0.0835178398162117,-0.666168903040814,-0.528865364285761,-0.481009261621044,-0.43651847756342,-0.31556891038547,4317.76694075306,1.00036714832352
"log_lik[19]",-0.460633531190409,0.00174726118751379,0.0990710500510992,-0.670694729066799,-0.516916115201141,-0.46138837055081,-0.402021877309798,-0.264132541096969,3214.97701536556,1.00001100586427
"log_lik[20]",-0.599675371734727,0.00300951168527478,0.17149994248611,-1.03380299161451,-0.667796228156707,-0.564817443245401,-0.49562170921855,-0.360785715036196,3247.40077208404,1.00088857815919
"log_lik[21]",-0.745937400735942,0.00701925470701032,0.387751038621072,-1.76943574697309,-0.853599325164399,-0.622465266538919,-0.513828863424072,-0.342229783504425,3051.57420933033,1.0004544980819
"log_lik[22]",-0.461537809467251,0.00188395295028485,0.102971039107018,-0.675925662881886,-0.518955651402839,-0.463990046067646,-0.403412266592242,-0.253904633244513,2987.37736159082,1.00000373585964
"log_lik[23]",-0.546241231612818,0.00171673541579247,0.105163522351971,-0.792123257736022,-0.600385359062095,-0.534842035934743,-0.480822885799289,-0.362449158689675,3752.52431234484,1.00118533172993
"log_lik[24]",-0.912796242424422,0.00204801695041434,0.130031607533936,-1.21758817179894,-0.979910351429695,-0.904262771262071,-0.834474090853527,-0.675438692364023,4031.16681033028,1.00084226931553
"log_lik[25]",-0.880211321017369,0.00308682642431865,0.15951799166847,-1.18057863527926,-0.954743278452463,-0.880440732433246,-0.796726703739188,-0.58656364021359,2670.51442294749,1.00071341407779
"log_lik[26]",-0.596241362386126,0.00279281083354381,0.166080098262311,-1.01180232787617,-0.669191377348719,-0.569181874126009,-0.50129288615204,-0.314719477578285,3536.32478842708,1.00104396841149
"log_lik[27]",-0.574023581271049,0.00243272462181919,0.142410829420474,-0.912737480624404,-0.635102129893528,-0.553355127314741,-0.493941204587349,-0.335567013114826,3426.88973239225,1.00068557904956
"log_lik[28]",-0.87303094512523,0.00228545852973364,0.137891034815914,-1.16594584081045,-0.95038372253599,-0.875961778291082,-0.793720104302612,-0.5930309827765,3640.20105349531,1.00024528887154
"log_lik[29]",-1.04134942441638,0.00773127064079304,0.375623006510863,-2.01563149761496,-1.17500881000364,-0.986134043976954,-0.860315782124478,-0.307797697715662,2360.49245214337,1.00144167213045
"log_lik[30]",-0.825819905483372,0.00317179542727512,0.193133052854258,-1.21343193196962,-0.924730877323567,-0.828275511317498,-0.713495805617675,-0.459674605386921,3707.6853722479,1.00135028019787
"log_lik[31]",-0.624599744459311,0.00327501208838339,0.200647048408922,-1.12139009691971,-0.70489943338125,-0.585401669384572,-0.507846730582466,-0.308604549465704,3753.52866004091,1.0012693703295
"log_lik[32]",-0.913490032649133,0.00262488445650774,0.147719227850288,-1.20015036669171,-1.00139372039159,-0.919757707029825,-0.832680606460203,-0.583429225911074,3167.04092473317,1.00063096059968
"log_lik[33]",-0.948020912069628,0.00384890044054678,0.184490348927213,-1.33349423465089,-1.04639053218028,-0.943717645309441,-0.847024413944295,-0.566869850561518,2297.59749882272,1.00059584476374
"log_lik[34]",-0.664874450994478,0.00522199711048649,0.284237767100548,-1.41854382962907,-0.737945090079557,-0.593250579820287,-0.514498547412715,-0.269287846598926,2962.71796705106,1.00041103101958
"log_lik[35]",-1.06045832577102,0.00752927872774141,0.363520003485639,-1.99226022430026,-1.1850375100436,-0.995120390411741,-0.868843877404908,-0.432399186866286,2331.04081816257,1.00099619380021
"log_lik[36]",-0.816005419981637,0.00349300618339456,0.203961925380669,-1.2290157576701,-0.916726508700174,-0.824569067054295,-0.701331686669403,-0.424918691199819,3409.5691051679,1.00031345118944
"log_lik[37]",-0.834147797562818,0.00306380026256391,0.18139071356177,-1.19020263528296,-0.925853526923784,-0.843384010504279,-0.73384209549533,-0.478702851667987,3505.170923295,1.00005962944625
"log_lik[38]",-0.272655014509004,0.00440949692541571,0.164631471209973,-0.57757331432656,-0.40565154600047,-0.25942398688708,-0.133478334259924,-0.0160047962478465,1393.95139301826,1.00186465081882
"log_lik[39]",-0.293489984887791,0.00420851824821075,0.154502990806477,-0.580673053428369,-0.414480578105991,-0.28609080607636,-0.171068011173456,-0.0306466152656906,1347.76865638117,1.00268043931825
"log_lik[40]",-0.31792665512496,0.00378660850647279,0.149459144011104,-0.588935871344045,-0.432676342701351,-0.317921307567372,-0.202814613769034,-0.0483233513146757,1557.91647087621,1.00182443277127
"log_lik[41]",-0.44051185639761,0.00292996127594916,0.102430547575073,-0.657251222173499,-0.496790897957966,-0.440370445866707,-0.377592093077617,-0.249937372198615,1222.18015532017,1.00793715816012
"log_lik[42]",-0.496947149630906,0.00863775746894868,0.30691550634238,-1.05515425193065,-0.74730263792212,-0.479448611716154,-0.235004238174915,-0.0194509764988355,1262.51239419898,1.00240621307793
"log_lik[43]",-0.452750342195899,0.00219842757564757,0.0914793732720325,-0.64662214236903,-0.50295476192876,-0.453326987669943,-0.39677961077697,-0.27889357457711,1731.49816374997,1.00471058662566
"log_lik[44]",-0.560591337774552,0.00372217234586322,0.219288542908774,-1.14098553087603,-0.599862464687354,-0.506287035262099,-0.445841392551339,-0.320898250019553,3470.87463268722,1.00231082628196
"log_lik[45]",-0.925666920148595,0.00594223559695983,0.206413962466676,-1.44470816387572,-1.00549388489581,-0.895944822563488,-0.810496945730841,-0.603182818826037,1206.64191857604,1.008091079157
"log_lik[46]",-0.82012227664094,0.00410272402730609,0.157564287360692,-1.13681646128011,-0.914161746865657,-0.824922318343962,-0.727764579524487,-0.492782848243556,1474.92850646757,1.00492027321968
"log_lik[47]",-0.573419571789181,0.0030547196532974,0.166445441274701,-1.02617534052244,-0.634238006352197,-0.541345302919301,-0.475934299814034,-0.319339474921507,2968.93774909501,1.00277621292503
"log_lik[48]",-0.696640428938903,0.00767636173395839,0.370057131052512,-1.78829813687426,-0.769950146708975,-0.579307793845524,-0.491622664058757,-0.312255233745745,2323.94952618388,1.00371672214719
"log_lik[49]",-0.907075180347978,0.00279690557350909,0.164156529401668,-1.29112782803842,-0.985675674195412,-0.898606899925582,-0.811581037280718,-0.598871012115945,3444.77384141099,1.00147627316335
"log_lik[50]",-0.460841745304143,0.00143474769562061,0.0813905483871356,-0.616431955927719,-0.510129506855205,-0.467011755228245,-0.414019819034819,-0.287096023097492,3218.08030570665,1.00043893041347
"log_lik[51]",-0.404839125544405,0.00273107101910061,0.135819605974132,-0.631959354253009,-0.48489265447059,-0.418732253838763,-0.325423737739525,-0.132045492386481,2473.19833207486,1.00288059026633
"log_lik[52]",-0.838023576782277,0.00515732510501695,0.243410313777342,-1.31491670999094,-0.963719110154396,-0.858905925564696,-0.716146170692197,-0.302476176388461,2227.55755568251,1.0036038027129
"log_lik[53]",-0.430846822365432,0.00196643882135982,0.101017523923794,-0.616502029800038,-0.493768595441931,-0.438856652447604,-0.367408589164955,-0.221889539630324,2638.95849281124,1.00182463758013
"log_lik[54]",-0.558345941065377,0.00227820984142591,0.139018170932089,-0.916377450055672,-0.621073049113329,-0.537975145092096,-0.475402047122389,-0.327916175629401,3723.53716698557,1.00202418732993
"log_lik[55]",-0.424042173980747,0.00210628912552075,0.10722276338009,-0.616958290045869,-0.490957074957933,-0.433749478416689,-0.357981748423826,-0.202941783039249,2591.42127859091,1.00207843192998
"log_lik[56]",-0.49215593031709,0.00143795032581612,0.0833572887192342,-0.649988502177202,-0.543633923926259,-0.497365382499449,-0.445793586136668,-0.307516797316261,3360.46513194486,1.00054012082028
"log_lik[57]",-0.556923008724488,0.00221457042843556,0.136815524007665,-0.900086224671453,-0.619869090446397,-0.537481122910524,-0.475163181127633,-0.32782988407398,3816.73285582258,1.00194976310733
"log_lik[58]",-1.07202184089811,0.00379172361839229,0.201614274176659,-1.5762935169964,-1.16854280624408,-1.03187366338931,-0.942029199984498,-0.77722217699701,2827.2825049176,1.00106703381465
"log_lik[59]",-0.424778540393529,0.00226445750548135,0.111858079364402,-0.620048681483233,-0.492689030703314,-0.435782705352582,-0.359263269751567,-0.189787061709983,2440.0929257004,1.00249125733207
"log_lik[60]",-0.568738831307856,0.00279221268960129,0.157183474777725,-0.984496301845851,-0.630221042938356,-0.540779616682027,-0.475795035832954,-0.32164953369879,3168.96014768073,1.00255719750313
"log_lik[61]",-0.256422692169522,0.00476581553702402,0.18290965016362,-0.58032895030457,-0.410583271241357,-0.245224313953665,-0.0865501151581006,-0.00275804968497624,1472.98654789448,1.00244808271358
"log_lik[62]",-0.88788956706562,0.00835232318617278,0.481142101962929,-2.16680142994766,-1.06213559196737,-0.736442041937753,-0.560347530327095,-0.384944357742478,3318.42602750465,1.00043342751109
"log_lik[63]",-0.3821386359544,0.00224822414247187,0.12193110579291,-0.59101863567838,-0.47091240760504,-0.39428420384611,-0.301045091653502,-0.125156431359137,2941.37102918553,1.00169485013671
"log_lik[64]",-0.31193317593708,0.00355553126468112,0.158191278112098,-0.584285648469832,-0.437561966147315,-0.319040935978264,-0.185383650462067,-0.0307953938915275,1979.50255305828,1.00188461349271
"log_lik[65]",-0.561125805271495,0.00759148142954557,0.320283063609339,-1.12860189747338,-0.826522027496568,-0.573796461177184,-0.287536770505625,-0.0289418260550996,1779.97900610855,1.00038426929906
"log_lik[66]",-0.380739270489614,0.00420654572539354,0.2048906146815,-0.755949446033374,-0.464785940592428,-0.367919443616093,-0.265673672384701,-0.104953285022421,2372.4272433899,1.00140595420357
"log_lik[67]",-0.635570093590971,0.00507491793106355,0.23861447723304,-1.01857649279188,-0.82677628431328,-0.659043432775379,-0.454108780544233,-0.159855791175148,2210.72912293972,1.00112997410378
"log_lik[68]",-0.708973437402937,0.00390705497187942,0.208857271258418,-1.20687426359046,-0.811389651795421,-0.664484116852533,-0.556887747937049,-0.442482978369825,2857.59156792008,0.999541837106718
"log_lik[69]",-0.779816580372151,0.00428447087822788,0.165285428909272,-1.08573265891919,-0.883019194042043,-0.785024415457668,-0.675928136055742,-0.455146863382243,1488.24608131697,1.00262928318343
"log_lik[70]",-0.371331045114062,0.00338073203534529,0.156368223409671,-0.687221494817719,-0.480207868007481,-0.369876888247408,-0.253644231375375,-0.099615399173268,2139.31879142619,0.999746664732878
"log_lik[71]",-0.952796835526621,0.00240240402094514,0.143588095239307,-1.24418602710893,-1.03956495139398,-0.956525986119344,-0.872129661657003,-0.640864512620011,3572.27411537018,0.999452060325255
"log_lik[72]",-0.678364723916507,0.00427571872776304,0.203199581272093,-1.01811401949982,-0.836248734293056,-0.687937578590981,-0.533716705557699,-0.2838209707852,2258.53778852243,1.00027212329502
"log_lik[73]",-0.777515856887337,0.00271224525585306,0.147242722367093,-1.04941653837105,-0.87917734475633,-0.785222965612648,-0.681325302378539,-0.471388172577184,2947.20103189377,0.999844801953963
"log_lik[74]",-1.05203285860527,0.00398621305119105,0.225840205641876,-1.56533141126251,-1.16880010204754,-1.01677194939133,-0.908514365331133,-0.672204814436757,3209.82612679482,0.999556876389518
"log_lik[75]",-0.386606617553685,0.00314051853914021,0.148827627943136,-0.692097705808007,-0.486275347178624,-0.386100421853751,-0.27712875928182,-0.123369805551456,2245.76545364594,0.99965054511321
"log_lik[76]",-1.00597071297655,0.00321084344056245,0.187625190711337,-1.41948773928542,-1.1092899801979,-0.988028909384025,-0.890554551563263,-0.664618602138765,3414.63300081127,0.999674660757036
"log_lik[77]",-0.324369701200889,0.00418194443906986,0.172854408474054,-0.676219101431402,-0.45365132049335,-0.313486175343175,-0.184906585085851,-0.0522738278829667,1708.45838042559,0.999925820632426
"log_lik[78]",-0.46243276576095,0.00202837435100647,0.111979423118219,-0.716471563022195,-0.520930330410847,-0.456451816873948,-0.389557437117488,-0.268203832591711,3047.75625468787,0.999467240337394
"log_lik[79]",-0.651247997816799,0.00478624917980467,0.213380161446932,-1.01369962154399,-0.818291435800273,-0.660545088888533,-0.492765108126201,-0.248471941964073,1987.54728188095,1.00020291380427
"log_lik[80]",-0.954815067789668,0.00889822230638404,0.49805666361208,-2.25377628093669,-1.16407634674735,-0.796791349024472,-0.596314216193226,-0.450784967831825,3132.93227465788,0.999426340522873
"log_lik[81]",-0.295065218730275,0.0056081381598405,0.184509205236483,-0.61045423408319,-0.444080729800066,-0.297375919520507,-0.131975244864815,-0.00905175761287814,1082.42712756567,1.0062601542124
"log_lik[82]",-0.353155135023236,0.00405802341413155,0.15108751427809,-0.607641509538549,-0.468023479373788,-0.368097398309875,-0.241876341875399,-0.0587327418688282,1386.20689688615,1.00459203219113
"log_lik[83]",-1.04306541192364,0.00402516652717934,0.226564021237393,-1.54035396067523,-1.1591118078178,-1.02287050199349,-0.91976003386229,-0.589174258744822,3168.21162794427,1.00008693355072
"log_lik[84]",-0.708679705496442,0.00492574431988834,0.291789003394631,-1.49513126698263,-0.806477203174802,-0.621564597050657,-0.520745275132564,-0.376575072181434,3509.08679984413,1.00058488976188
"log_lik[85]",-0.558335981264225,0.00188541135120266,0.123683630469506,-0.852299554363154,-0.610571441136149,-0.539583465055864,-0.485555964613473,-0.353664996186395,4303.40494149112,1.00028425833423
"log_lik[86]",-0.649001551862813,0.00397222555531571,0.215318463197629,-1.19120478423644,-0.744892832199182,-0.600605968566231,-0.50891695191237,-0.343516758723789,2938.29056553532,1.0005950888097
"log_lik[87]",-0.347010020823715,0.00467416195928381,0.162438347183702,-0.609593007051843,-0.470007302433136,-0.371172091150941,-0.230848670804886,-0.0272973060006346,1207.72932226403,1.00583564158519
"log_lik[88]",-0.769973159714686,0.00606488116553699,0.313718259635867,-1.33236110179104,-0.911913450719542,-0.769107285660669,-0.593066933269662,-0.274902143269777,2675.68511473834,1.00086916227327
"log_lik[89]",-0.715642607387834,0.00432448634996444,0.233496170453377,-1.28963853400637,-0.824720692897128,-0.660523951259677,-0.548120031279486,-0.413369240484007,2915.34840201421,1.00176468438173
"log_lik[90]",-0.670591250704472,0.00370361567438994,0.187088037866225,-1.13644699149319,-0.764144802974561,-0.633528764283238,-0.539652779163629,-0.402386026195516,2551.76228092604,1.00080531770205
"log_lik[91]",-0.760334151551963,0.00734061961872509,0.343667222926674,-1.6948044573774,-0.86903200205012,-0.659547307165327,-0.543925573362384,-0.409385274329126,2191.84978358788,1.00405373373637
"log_lik[92]",-1.0198036896633,0.00301085318661291,0.160934702594216,-1.39682999086787,-1.10121376252699,-1.00009484894715,-0.918202167234496,-0.752803765501999,2857.06581663606,1.00155788134474
"log_lik[93]",-0.585555779919219,0.00222765241310337,0.129699409137229,-0.900227035439937,-0.641746960471352,-0.562536907880714,-0.505414955362778,-0.394537372502536,3389.8551422969,1.00299180518625
"log_lik[94]",-0.351435759833825,0.00376772991040706,0.145016809690958,-0.623576016515404,-0.459002592397907,-0.35512029053962,-0.240190101029924,-0.0851283938019405,1481.41646584713,1.00382962326703
"log_lik[95]",-0.700096067860243,0.005138938022079,0.214095543765002,-1.08216325171435,-0.859052229903547,-0.714138519385636,-0.552244801720057,-0.273874458232183,1735.67535092285,1.00337522163278
"log_lik[96]",-0.739797500846091,0.00432562577703469,0.192884867023507,-1.08634357765603,-0.876867885587614,-0.751787307248613,-0.611894368873434,-0.340257722867871,1988.37558905077,1.00332560701404
"log_lik[97]",-0.535319446930361,0.00859877092952705,0.300891403456436,-1.0829015973458,-0.784709918170453,-0.522045153966868,-0.279547025653847,-0.0532959232323946,1224.46619868289,1.00438041268905
"log_lik[98]",-0.286153596383174,0.00508192411697517,0.176255935365769,-0.627416895236643,-0.426879416819674,-0.271035151464529,-0.13473223714025,-0.0215327842197128,1202.90449981117,1.00440405925697
"log_lik[99]",-0.562166267993179,0.00358328875759628,0.114785418779456,-0.812306147414714,-0.620497936621405,-0.551751053071535,-0.492723872468288,-0.357349914842033,1026.14759609678,1.00951602605761
"log_lik[100]",-0.486943165485121,0.00181922544381516,0.0952515661567159,-0.70654301595215,-0.532391105090973,-0.480133597827707,-0.431997791574653,-0.31582127568069,2741.3924193861,1.00123673969734
"log_lik[101]",-0.638977009934906,0.00548702964582654,0.217605446666235,-1.0292666996025,-0.802248941666146,-0.647219351706364,-0.482052568100245,-0.222846712720177,1572.76888914185,1.00094485058711
"log_lik[102]",-0.550486371425513,0.00235465396831072,0.0995336177147865,-0.781822152716806,-0.600120312435225,-0.54122959602148,-0.489758646090552,-0.375415305203477,1786.83887071772,1.00599212281962
"log_lik[103]",-0.59739287485502,0.0061353471894732,0.235985276595082,-1.01924632218694,-0.777354139880446,-0.599552830034672,-0.420632040378292,-0.162932714491501,1479.42014373861,1.00074801894613
"log_lik[104]",-0.23960266398989,0.00480468589277685,0.16884152028972,-0.571520384190864,-0.370823104403002,-0.209709950084603,-0.0921018045757245,-0.0113521634521311,1234.89066112498,0.999929027898864
"log_lik[105]",-0.337946945979816,0.00336307080406785,0.135321381110278,-0.597740571360803,-0.434474578082611,-0.337214513667248,-0.235723158475621,-0.0947447326010356,1619.05209021316,0.999880037156166
"log_lik[106]",-0.836113523955415,0.00668571157421552,0.369071847579527,-1.84253306845753,-0.979337108077833,-0.724837898237018,-0.581398211891529,-0.435133665687345,3047.37965657044,1.00040863927839
"log_lik[107]",-0.193625557575682,0.00520459382714378,0.170000513601311,-0.557695931858949,-0.310994130232131,-0.140651998629526,-0.0504365373954014,-0.00327065220834345,1066.90753498656,0.999611028574066
"log_lik[108]",-0.624824324194696,0.00750400186827005,0.229821807970999,-1.04269414566683,-0.794388425376052,-0.626307861149513,-0.459631572360589,-0.184747633671594,937.986540775511,1.00594197208227
"log_lik[109]",-0.724606747846939,0.00447739271535489,0.173446189227028,-1.04340648151804,-0.846435321648734,-0.732043145987447,-0.605925705572497,-0.372367289286673,1500.64908647465,1.00277003842628
"log_lik[110]",-1.31229363118766,0.00849987492501634,0.397727407082184,-2.33258030108305,-1.50931401610357,-1.21844973863689,-1.02649184937645,-0.787905698911741,2189.50513217276,1.00063803571805
"log_lik[111]",-0.876963211839523,0.00534674596794483,0.160302342388761,-1.23491545575397,-0.95807049149212,-0.867237202929416,-0.781396906140568,-0.59574537810786,898.877760914135,1.00867872475563
"log_lik[112]",-0.337946945979816,0.00336307080406785,0.135321381110278,-0.597740571360803,-0.434474578082611,-0.337214513667248,-0.235723158475621,-0.0947447326010356,1619.05209021316,0.999880037156166
"log_lik[113]",-0.441492057484915,0.00246318511754606,0.132442066647258,-0.704922753958594,-0.502253127145052,-0.440869414891285,-0.367804652463745,-0.213115567167431,2891.06458717511,1.0018140221751
"log_lik[114]",-0.553885961339508,0.00353002118392245,0.187836680547996,-1.0121456694999,-0.609282236965296,-0.530465657283674,-0.463014839853839,-0.2551617965402,2831.43232778282,1.00008434561809
"log_lik[115]",-0.559328648308744,0.00293930040313082,0.170376484991895,-0.993187068084982,-0.621970226892098,-0.537210385684375,-0.46694637960827,-0.276864933628798,3359.93874510208,0.99971741688792
"log_lik[116]",-0.454913460775665,0.00180629394915086,0.100527078967471,-0.654935511810642,-0.509767652490426,-0.45634271684052,-0.395058059459845,-0.257943569982649,3097.3427911475,1.00193962134313
"log_lik[117]",-0.952962679988417,0.00248635014282072,0.142676259093159,-1.30913967686542,-1.01240835374246,-0.93385312603009,-0.86400325224821,-0.730654140296796,3292.90233807383,0.999666137352546
"log_lik[118]",-0.441424449553911,0.00242061239539874,0.130158530363154,-0.703785774458657,-0.502128853456743,-0.44077494807129,-0.368105436374568,-0.213891687067532,2891.31072247809,1.00186252571697
"log_lik[119]",-0.511032945263763,0.00172375915769152,0.100380552481485,-0.720644714922843,-0.565366563467321,-0.510421718156599,-0.455724806432572,-0.308948726824616,3391.14211491272,0.999374902637505
"log_lik[120]",-0.458572774977634,0.00177625935331124,0.099633377379813,-0.655885345460949,-0.511149288902474,-0.459310491559346,-0.399729718197895,-0.266583492836598,3146.27695280933,1.00175176867717
"log_lik[121]",-1.06157226781127,0.00400640025064625,0.226026646879822,-1.60975650139042,-1.16623154361642,-1.02484718856716,-0.925897100503938,-0.690415015191075,3182.80928152304,1.0020194592824
"log_lik[122]",-0.582328258635087,0.00377451744506037,0.216942411508926,-1.15927359146897,-0.647243196944118,-0.544302478539533,-0.470063060165943,-0.249003505160686,3303.43718405688,1.00003818334911
"log_lik[123]",-0.528967292104565,0.00189852322220117,0.115220184677205,-0.792664789155039,-0.587231946190881,-0.523172790933213,-0.463190178378857,-0.311608793923731,3683.20003962277,0.999408188959807
"log_lik[124]",-0.82251358025256,0.00694365003882783,0.366950820224648,-1.71457459719491,-0.992434660601395,-0.736375570818721,-0.558562259447101,-0.38060500742437,2792.80155217405,1.00055609497857
"log_lik[125]",-0.7177967502194,0.00491944235579582,0.281129548967418,-1.41816427904056,-0.836285453353127,-0.651149614310751,-0.528548984361986,-0.365410211425146,3265.73724727586,0.999974208319594
"log_lik[126]",-0.208939174199655,0.00407880983860895,0.156024644994959,-0.524236718140977,-0.326949786882813,-0.17293629521775,-0.0753432230975732,-0.0100509634527143,1463.25322437708,1.00165425032718
"log_lik[127]",-0.228545422917753,0.00444098911447008,0.162756432195135,-0.544903383564742,-0.332666102693202,-0.199120054410278,-0.101265837882128,-0.019167748027659,1343.12645966214,1.00446095257397
"log_lik[128]",-0.312580764445315,0.00279520411820879,0.118445756723265,-0.538675782453163,-0.398807695447001,-0.306912109623787,-0.223269289803371,-0.10437887065802,1795.60976608056,1.00267117397178
"log_lik[129]",-0.573568396376234,0.00692948852496959,0.293848835247215,-1.12644921716397,-0.802634356506792,-0.55110194442865,-0.336433567500634,-0.0990528066040058,1798.2314434262,1.00063082225718
"log_lik[130]",-0.248634171057766,0.00362265579607172,0.150974747427199,-0.532868782595157,-0.369950348274031,-0.232582572098134,-0.119072622836811,-0.0199708729880897,1736.81867344735,1.00144058805142
"log_lik[131]",-0.258552738108592,0.00342612016818039,0.138593238486011,-0.529816674557409,-0.362417028225922,-0.242088220976739,-0.145364576410715,-0.0447249728927622,1636.36018202881,1.0019153138146
"log_lik[132]",-0.354033242162884,0.0020926598238535,0.106602739043337,-0.548323680960276,-0.431927822121235,-0.358025361992172,-0.27694555419985,-0.150916232116069,2595.01249935056,1.00169958645755
"log_lik[133]",-1.25439063615754,0.00495383551108865,0.284947203717001,-1.92641475501104,-1.40758462614655,-1.1968696682143,-1.04659932077333,-0.862555129372832,3308.61043297022,1.00136721534205
"log_lik[134]",-0.37150805564925,0.00189372310702244,0.103082295258692,-0.55256285922781,-0.445829577592951,-0.377510631234861,-0.299616408213719,-0.165334678129926,2963.02423303849,1.00195700436559
"log_lik[135]",-0.289521319221042,0.00316752116344203,0.145183701419831,-0.544417573948183,-0.405927837631876,-0.291097287082046,-0.171060734728715,-0.0334091716931773,2100.85790101609,1.00169704056366
"log_lik[136]",-0.299893793680996,0.00283221007123949,0.12763740231359,-0.537438813060004,-0.39731577759541,-0.294598288537951,-0.199535661092804,-0.0801401904294758,2030.97691972778,1.00151948944406
"log_lik[137]",-0.700892258472364,0.00509650838509157,0.317947073674462,-1.57434104064223,-0.796940496574642,-0.601896553981708,-0.510131622973641,-0.351558895775433,3891.92245189214,1.00051856257127
"log_lik[138]",-0.453410394334568,0.00202633958027049,0.125025414239605,-0.699272554022758,-0.519518404102678,-0.459841517385817,-0.380463639698298,-0.204032147828766,3806.90596362703,1.00116105012434
"log_lik[139]",-0.435946900682999,0.00250711983777804,0.151573262602455,-0.716819476053775,-0.514196607305606,-0.446531905309029,-0.348901317194748,-0.140575566738996,3655.06421308504,1.00128412272348
"log_lik[140]",-1.10097072951232,0.00665566191189412,0.370308634424911,-2.05138144977512,-1.19535213187786,-1.00575552025634,-0.905089979335541,-0.6655493304819,3095.60237485464,1.00305129293145
"log_lik[141]",-0.875725801499929,0.00211214922409425,0.141763139089277,-1.17206508621229,-0.953829206315999,-0.876625624656325,-0.790374187726229,-0.584055795865091,4504.82004310858,0.999600972280385
"log_lik[142]",-0.340614507627942,0.0027145655364568,0.128302920245947,-0.611929025304809,-0.424820602544601,-0.33117966996144,-0.245788597890879,-0.12392697076356,2233.94471118086,1.00094800709424
"log_lik[143]",-0.512754788023187,0.00515327686735364,0.230586579770278,-0.976949667197351,-0.681824571246809,-0.490131871945564,-0.336590515770689,-0.133998041188587,2002.1707055732,0.999931882393102
"log_lik[144]",-0.937929858269063,0.00654902958689404,0.368495994749215,-1.85219973824985,-1.11861904772152,-0.863300269646587,-0.659206911076013,-0.461147278820231,3166.00530802782,1.00000524443574
"log_lik[145]",-0.722494464052498,0.00290202996713457,0.15322194732925,-1.0242695317774,-0.821124096587302,-0.720786862373555,-0.620388747800383,-0.425437499160896,2787.64951273865,0.999529051280559
"log_lik[146]",-0.373272913629517,0.00738324865554988,0.285271399088551,-0.96371272688657,-0.589872049287058,-0.306561645187898,-0.128969494597685,-0.0115566288338073,1492.86822435283,1.00224524342029
"log_lik[147]",-0.17958382307471,0.00467803277782755,0.170621883782953,-0.580885997950758,-0.279797909235861,-0.120419833206291,-0.0407301777419516,-0.00264388223622842,1330.27963976338,1.00333148883602
"log_lik[148]",-0.560802469622112,0.00476402089365017,0.222748354714686,-0.9957663997574,-0.728280095339941,-0.547779822008957,-0.3956098564955,-0.170659900401337,2186.15874649763,1.00046610532526
"log_lik[149]",-0.580219761037651,0.00182246292217105,0.100490966673495,-0.816983629013622,-0.629249089844469,-0.570711475169132,-0.519056941072381,-0.402839230621494,3040.44145347084,1.00065387815376
"log_lik[150]",-2.1498823378496,0.0197505161227629,1.04077706766081,-4.70828430506595,-2.71943675184923,-1.94374941261692,-1.33920289921818,-0.813397415505289,2776.88906729159,1.00055678666603
"log_lik[151]",-0.243775666284334,0.0037603269841847,0.154502708061202,-0.588067419133679,-0.345604603618596,-0.211678069586401,-0.119454102929242,-0.0346106729998485,1688.18862431881,1.00137261284904
"log_lik[152]",-0.560802469622112,0.00476402089365017,0.222748354714686,-0.9957663997574,-0.728280095339941,-0.547779822008957,-0.3956098564955,-0.170659900401337,2186.15874649763,1.00046610532526
"log_lik[153]",-0.37298019189452,0.00245570366937191,0.120642159249391,-0.627119227160974,-0.450593303595209,-0.368526816766322,-0.287369209610328,-0.155446646142219,2413.49434094955,1.00143105185965
"log_lik[154]",-0.526464375223066,0.00518431475278225,0.234982498378803,-0.982956349786935,-0.706230227362296,-0.507627624422013,-0.345629234582877,-0.130072013430867,2054.41563910566,1.00058818721396
"log_lik[155]",-0.357187768499981,0.00314022094109578,0.137838973165557,-0.629226000493482,-0.449775697445162,-0.361194072683825,-0.257707076202882,-0.0916603769985878,1926.74236833348,1.0034076857012
"log_lik[156]",-1.45515984730071,0.0122747224088294,0.773824309947891,-3.45801282669698,-1.71358202734088,-1.19597370415689,-0.960734292482899,-0.649995931936385,3974.30670499456,1.00210247970724
"log_lik[157]",-0.546549621295768,0.00156032335367085,0.097916802096426,-0.769206467569854,-0.588898992776013,-0.536818752874091,-0.487952328278639,-0.386198338572815,3938.08626303748,0.999755958664838
"log_lik[158]",-0.471838783620456,0.00176783387730426,0.107145540492059,-0.707611177700887,-0.526103138631965,-0.470281574546953,-0.408908008392575,-0.266044604849007,3673.37525170182,1.00122769646524
"log_lik[159]",-0.41809410234588,0.00238205607619248,0.136322019871849,-0.696431076180547,-0.502979313775036,-0.42436267077014,-0.327951116233994,-0.164189731979123,3275.12637665188,1.00182985657236
"log_lik[160]",-0.651130688696929,0.00554323001228107,0.289489713721129,-1.16473305723498,-0.86558092988732,-0.682036660364649,-0.440342018015024,-0.11476738463869,2727.34748667607,1.0032899309516
"log_lik[161]",-0.783102171569813,0.00313813087927249,0.186187252009513,-1.13432506144096,-0.908022676721415,-0.802056901762117,-0.668793411900156,-0.399823082061007,3520.12251878368,1.0016233853332
"log_lik[162]",-0.689293614308134,0.00657611927199579,0.246820780037546,-1.34230487682373,-0.777051512874174,-0.615366353162586,-0.529154562457133,-0.422381861074085,1408.71804606522,1.00655133947339
"log_lik[163]",-1.3446924832531,0.0109266171682985,0.553337598474383,-2.70289815276306,-1.61523641522818,-1.18139524487701,-0.958237532714849,-0.664926295393106,2564.53663537014,1.00257211699726
"log_lik[164]",-0.634058656717673,0.00459045152171937,0.177941246455364,-1.08876557656226,-0.702881839750494,-0.58782077292235,-0.519161099522328,-0.420382061357953,1502.59675368027,1.00621328925926
"log_lik[165]",-0.474995771317269,0.00185246434371143,0.0997277818435777,-0.680892616116146,-0.529940649810279,-0.475889558259209,-0.417983489505695,-0.271412462792566,2898.22837583668,1.00377908250075
"log_lik[166]",-0.722706017694997,0.0063876951813746,0.215236807880374,-1.06387127618184,-0.88373088284575,-0.761785650059318,-0.581924356613997,-0.248184248248358,1135.38909293662,1.00811258822546
"log_lik[167]",-0.427511127611212,0.00468324777932053,0.144369823824528,-0.674214169198194,-0.517501661573736,-0.45052542941241,-0.356060438484021,-0.0732277630620461,950.295299909603,1.00790736968981
"log_lik[168]",-0.406515469792501,0.00441873946202063,0.142375232008681,-0.662832071509851,-0.501702135462574,-0.422599541726702,-0.312554238351176,-0.113994921667665,1038.17866272332,1.00700437323818
"log_lik[169]",-0.834883809421296,0.00235661174060509,0.128693433160392,-1.07808467340026,-0.918927678136769,-0.839014170197222,-0.752376073060615,-0.568240564014184,2982.19954391595,1.00386259870936
"log_lik[170]",-0.808423257462331,0.00315507518891838,0.143634799746039,-1.06892227326277,-0.907170638717389,-0.818811290378587,-0.712683079298001,-0.511872991153795,2072.52567609442,1.00494185191123
"log_lik[171]",-0.582758604618176,0.010281437721796,0.310494810625089,-1.07158529446273,-0.837607146610761,-0.622712495852337,-0.320108697882428,-0.0317910863173235,912.01292637858,1.00946711815239
"log_lik[172]",-0.684742731599007,0.00634715385467048,0.240687767697994,-1.31086440468315,-0.770990444445726,-0.614290401075426,-0.528804749360052,-0.422381576722829,1437.97053306921,1.00643455874998
"log_lik[173]",-0.419219149211433,0.00395777598968216,0.133600587510083,-0.665413924741198,-0.505991825417938,-0.433192408538142,-0.332969163320941,-0.14082788279899,1139.49996706435,1.00651062458327
"log_lik[174]",-1.10389631714967,0.00681460194192042,0.27885997452318,-1.79764243340606,-1.22925308962591,-1.03726410428898,-0.920847951670977,-0.721564490190493,1674.52401905213,1.00490582096046
"log_lik[175]",-0.767147274004872,0.00501257180143269,0.181244666474517,-1.06606736516596,-0.896998613820565,-0.795038431453405,-0.652942823353015,-0.366008790786502,1307.4023385735,1.00718887395645
"log_lik[176]",-0.79371743189815,0.00293283884519291,0.169999055833798,-1.09749204920184,-0.906759200079621,-0.813078624173284,-0.69294311508491,-0.424006056312052,3359.82470352266,1.00164736821556
"log_lik[177]",-0.824572654957752,0.00229272336351592,0.135763021201557,-1.09187989831363,-0.912916466349102,-0.827758925241976,-0.737842817606342,-0.554307710106565,3506.38560574385,1.00069190934518
"log_lik[178]",-1.32543405427559,0.0101045941398607,0.543491487920894,-2.75501787157489,-1.53266022928941,-1.15403174541962,-0.958768290416652,-0.714862333809113,2892.99540934135,1.00123570242134
"log_lik[179]",-0.632983617274292,0.00272582703664377,0.152648209781318,-1.0066742063447,-0.710791402206914,-0.60176711244699,-0.526787507230245,-0.414572745829644,3136.07789305539,1.00053496519371
"log_lik[180]",-0.859406311617576,0.00191978132274378,0.122080905825152,-1.11417658769001,-0.933299801022677,-0.859651258098923,-0.78384988258427,-0.611004243204076,4043.82135798357,1.00032597125859
"log_lik[181]",-0.450175303165606,0.00201687314050611,0.105429403371696,-0.675819792362488,-0.51147177653989,-0.447940129956497,-0.382755856428099,-0.246962369757712,2732.53877276852,0.999923461259055
"log_lik[182]",-0.635022457255489,0.00291015344722002,0.170376738178008,-1.05774070578211,-0.708334961473212,-0.59498625955627,-0.522161053115326,-0.410274812913584,3427.58963387365,1.00093784126895
"log_lik[183]",-0.695371046010628,0.00395818380214259,0.229393196056336,-1.27317671173115,-0.794069008267208,-0.631778586387581,-0.537669972611564,-0.413957697479163,3358.68403691606,1.00041322788876
"log_lik[184]",-0.493408896455524,0.00156880365353734,0.0892953886993761,-0.702542160698758,-0.53741507125176,-0.486148272287966,-0.440255887718211,-0.334924520015802,3239.81998463905,1.00037277017304
"log_lik[185]",-0.741547859369617,0.00358650533716772,0.198588937192995,-1.08312824493215,-0.882797626461241,-0.767037481768318,-0.613209275949668,-0.326817283649965,3065.96462880812,1.00140027382733
"log_lik[186]",-0.637369931234264,0.00541354743677579,0.268753016497168,-1.08274342203622,-0.842107846549728,-0.671191014614427,-0.436329410108075,-0.131903041852553,2464.57932894698,1.00170084329393
"log_lik[187]",-0.415723010518653,0.00248514617903398,0.129098484498583,-0.667750748525765,-0.498167608105632,-0.421143918672228,-0.329034325014247,-0.16849606751829,2698.5993357822,1.00053306323196
"log_lik[188]",-0.4301461229616,0.00224313300312694,0.119003240583768,-0.667652609747187,-0.503456620287242,-0.434066404234955,-0.35199985428567,-0.200849859858211,2814.54064912997,1.00038736242288
"log_lik[189]",-0.507448771189117,0.0024691450528924,0.120639392556757,-0.739363727022493,-0.566552614209577,-0.512491325886509,-0.457312681220252,-0.206795200471994,2387.17949776156,1.00060289661957
"log_lik[190]",-0.933485387018693,0.00347924613440286,0.188348417882667,-1.4150442328611,-0.993474525011609,-0.909779878971359,-0.834693609853811,-0.646163157999489,2930.58043741453,1.00055445304764
"log_lik[191]",-0.5371315890652,0.00455026376744205,0.191709540432063,-0.946772138110997,-0.62453132862154,-0.535511264202421,-0.463683393995768,-0.0794011205298837,1775.06519063359,1.00134597749888
"log_lik[192]",-0.520835649790602,0.00219740563333915,0.0998036031274347,-0.762347188520735,-0.559427718258183,-0.507188493614961,-0.462294166042532,-0.360819412234615,2062.87054128752,1.00306531166678
"log_lik[193]",-0.919964207055636,0.0095133304511858,0.321977717628176,-1.51393667678549,-1.06964835800979,-0.952488068195137,-0.834655442498193,-0.0658030463590356,1145.47725487752,1.00595351030973
"log_lik[194]",-0.528641299666422,0.00456517021979182,0.187668007073671,-0.919898635178239,-0.614022505846927,-0.531125212068103,-0.462317527985188,-0.0639624796008884,1689.92150675965,1.00169286710712
"log_lik[195]",-0.944154571120546,0.00420017496280787,0.21694435395937,-1.46435028151933,-0.998230179382658,-0.91371747555681,-0.839997573503655,-0.651504231145116,2667.85327224176,1.00125245942588
"log_lik[196]",-0.913374673888943,0.00734502857002062,0.253079847148409,-1.35042854165762,-1.04450949467405,-0.943424494267741,-0.83282098932229,-0.231825541071855,1187.21164592983,1.00623829469379
"log_lik[197]",-0.539685206796571,0.00487953750153657,0.202558657184713,-0.967041473299638,-0.630637018801632,-0.537016226301823,-0.463818542310932,-0.0604897025205327,1723.23417281473,1.00155307616566
"log_lik[198]",-0.963833292103107,0.00608952088119593,0.303202854808249,-1.73073609255125,-1.01077046915388,-0.904715488460093,-0.821211235581807,-0.632943555344724,2479.1358415793,1.0043110216461
"log_lik[199]",-0.332205319716086,0.00403572452654945,0.175326905516546,-0.654396814132312,-0.465695796588866,-0.340770327618102,-0.188885680586327,-0.0319099461479107,1887.35722054792,1.00164665038057
"log_lik[200]",-0.392999740827267,0.00264928108432925,0.134118568500949,-0.654510842105498,-0.484981276100442,-0.400153905315736,-0.29840787277117,-0.131317721279615,2562.84146196872,1.00010993011209
"log_lik[201]",-1.20611117264932,0.00637699558972785,0.384816610900609,-2.23256807088316,-1.36663584077745,-1.1028600228535,-0.950792466918339,-0.730390229321443,3641.45869039941,0.999660354945315
"log_lik[202]",-0.567170162701484,0.00173200088277035,0.107030642382634,-0.820287256869746,-0.619018953372439,-0.552411563080466,-0.500121380863244,-0.393137479395133,3818.73960987363,1.00013249765613
"log_lik[203]",-0.460319179648761,0.00165980698914202,0.098591944985537,-0.674482404821967,-0.517520164581934,-0.459112381679988,-0.398326544394216,-0.269743047861697,3528.31775898818,0.999395241375021
"log_lik[204]",-0.775533260354658,0.00318398606326988,0.186118068382376,-1.10685256580112,-0.899160428035112,-0.796460659614967,-0.663283845878464,-0.365402037700674,3416.91957611663,1.00212820944891
"log_lik[205]",-0.355880637649735,0.00338654736836381,0.157831244962002,-0.651531707466956,-0.473072102190851,-0.365560158494596,-0.234248901127468,-0.066422531460569,2172.05918720379,1.00079735506184
"log_lik[206]",-0.630311002801375,0.00580531946541308,0.281134588904291,-1.09545894798473,-0.848965203720666,-0.664796158138877,-0.414519802836267,-0.0907268063071719,2345.18072139583,1.00303835981049
"log_lik[207]",-1.06044102674245,0.00373143903818751,0.211745865933385,-1.58105624518188,-1.16847142218429,-1.02603158991203,-0.921724125279858,-0.722193289412207,3220.15797938763,1.00059873421157
"log_lik[208]",-0.563694623860552,0.00219997640908261,0.115027098395837,-0.833262298050778,-0.619042671169316,-0.550490023168931,-0.4949657263305,-0.365905772048266,2733.78453115255,1.001395484
"log_lik[209]",-0.786202202286057,0.0036069191918817,0.199122929000645,-1.13569427478539,-0.914537531258056,-0.811972926274243,-0.666221875696816,-0.348284246893937,3047.68248041875,1.00082039229303
"log_lik[210]",-0.711824754650638,0.00560067671211212,0.265240265667078,-1.14310307689031,-0.895230178115955,-0.762418154841478,-0.540137358942196,-0.132049857261544,2242.83796687309,1.00198351489784
"log_lik[211]",-0.564468054923519,0.00180246993703106,0.113320740292319,-0.829653262067867,-0.618872023137794,-0.547001419651969,-0.494795883060184,-0.3780200070369,3952.59890548084,0.999907093406719
"log_lik[212]",-0.608981974519942,0.00265222995422976,0.163303236638944,-1.02496915772139,-0.676281320623848,-0.571298515512383,-0.506801841699873,-0.386700130739275,3791.11740089395,1.00007446919945
"log_lik[213]",-0.605849532717126,0.00275504118784835,0.169235725818858,-1.05603841878023,-0.667968925715791,-0.56509273909491,-0.503618916276838,-0.383489105912947,3773.35707620791,1.00047955046454
"log_lik[214]",-0.562298570662021,0.00175300397941195,0.110290780534639,-0.822189435722222,-0.617273808785629,-0.546263499930394,-0.494485685392528,-0.377565890522379,3958.33563940027,0.999847190358807
"log_lik[215]",-0.589796293519852,0.00250597542261939,0.15295490891592,-0.985682557204913,-0.646025730981887,-0.555238704423921,-0.498411260953556,-0.380115577742809,3725.40269851241,1.00058005387234
"log_lik[216]",-1.02270958098171,0.00315578403950661,0.176430576695012,-1.43503768969037,-1.10954486151787,-0.996958955777687,-0.910669041320848,-0.733691643961997,3125.5982612843,1.00108801131984
"log_lik[217]",-0.846489968428292,0.00261555729910935,0.157097622608554,-1.15139380506299,-0.937663181260919,-0.857934061602028,-0.756312768096139,-0.518521633873324,3607.53662162242,1.00025465565284
"log_lik[218]",-0.385163748381086,0.00308944936645383,0.150468608128405,-0.652842145906758,-0.488763057084012,-0.403817966880532,-0.279876414983705,-0.0898695570057316,2372.08170275199,1.00234670184802
"log_lik[219]",-0.59518089878319,0.00243535414852074,0.150290122311155,-0.981014309098666,-0.656841688905944,-0.562236477240684,-0.501779431516002,-0.382966101760645,3808.3479908963,1.00021023601077
"log_lik[220]",-0.693140075281581,0.00602697998175088,0.275332125510225,-1.36466381395238,-0.833816027844086,-0.645721381010848,-0.521224812715279,-0.208344329133148,2086.96072916919,1.00277222682399
"log_lik[221]",-0.506843460545482,0.0102126154766122,0.316387849221786,-1.0551978626111,-0.789672919628582,-0.497403836498778,-0.21732734742646,-0.0211100500898855,959.766599011914,1.00697214259148
"log_lik[222]",-0.764183614092545,0.00576324049118326,0.297885461508964,-1.51733845561127,-0.893723207765289,-0.680984443552236,-0.551119813613319,-0.417902281629184,2671.56121961408,1.00188461617894
"log_lik[223]",-0.275225441595921,0.00546144383524766,0.173932860800572,-0.597904639427807,-0.420440481088528,-0.2531861427283,-0.122086019693789,-0.0202276723338258,1014.2577544821,1.00682558362105
"log_lik[224]",-0.541863405703014,0.00556961839732524,0.194229430089791,-0.931320311145559,-0.650246595080636,-0.54916632482791,-0.453881735262016,-0.0887304651969149,1216.12772838298,1.00799651775482
"log_lik[225]",-1.35042739788993,0.012096064909834,0.537474083861503,-2.83596701120158,-1.55145857005192,-1.18780866499536,-0.983406457050822,-0.781916092699338,1974.36225088485,1.00413097126078
"log_lik[226]",-0.506963606497529,0.00903439915144653,0.307995626388706,-1.04845740665754,-0.781856244289809,-0.486402056260113,-0.234248295306976,-0.0353448348402702,1162.22590227022,1.00621969563812
"log_lik[227]",-0.261861541643433,0.00577833671401371,0.178832395835075,-0.59578901137935,-0.412284072728282,-0.233753769015499,-0.10225152934061,-0.0127630853494948,957.826170524047,1.00715642583565
"log_lik[228]",-0.343792467212759,0.00432357069316331,0.147715587351038,-0.610126179706221,-0.459762736819089,-0.346861589182447,-0.226963169298754,-0.0716626856695412,1167.25978324732,1.00590373142229
"log_lik[229]",-0.626469082677086,0.00943885962945691,0.28637649882852,-1.07786932571366,-0.86021768944107,-0.677129832803886,-0.401861863762034,-0.068224983000244,920.525228165389,1.00685262106545
"log_lik[230]",-0.324635515066932,0.00312076517190368,0.136341497140077,-0.567371652653454,-0.431623008479713,-0.323417417208206,-0.21806723234915,-0.0809329086535563,1908.68357429028,1.00546274344116
"log_lik[231]",-0.835578691095094,0.00299470330724052,0.171332490766685,-1.1872899254203,-0.932879995970841,-0.838522153947807,-0.728027971696781,-0.504496122276004,3273.19480068812,1.00088712465816
"log_lik[232]",-0.397315912306759,0.00963920581868554,0.351342448249937,-1.08935198363507,-0.697340126640842,-0.293537917803689,-0.075443518808103,-0.00251690959237041,1328.5525565187,1.00752138534744
"log_lik[233]",-0.324635515066932,0.00312076517190368,0.136341497140077,-0.567371652653454,-0.431623008479713,-0.323417417208206,-0.21806723234915,-0.0809329086535563,1908.68357429028,1.00546274344116
"log_lik[234]",-0.717854979372752,0.00446444834092427,0.246475460149012,-1.33009484586916,-0.837061251921764,-0.662313573677061,-0.542412129529422,-0.385632462547573,3047.97757987881,1.00004775624658
"log_lik[235]",-0.261582073990547,0.00411796549157882,0.162426596594579,-0.560816835551086,-0.394781808498321,-0.243384823246614,-0.121757609967792,-0.0230401886865892,1555.78250324164,1.00685079107053
"log_lik[236]",-0.365900012072249,0.00251519187434013,0.117048856272476,-0.572490125934127,-0.454039721351113,-0.368598219972421,-0.280854713549785,-0.141205556176241,2165.66913069449,1.00467566945751
"log_lik[237]",-0.934427069061598,0.00932614928731426,0.545734124766557,-2.42726025363289,-1.14257786019723,-0.748660727704193,-0.560423233313618,-0.39357765734379,3424.18717213933,1.00345956176088
"log_lik[238]",-0.558561030947822,0.00196191601470868,0.10845309033536,-0.799454375452175,-0.618648301342771,-0.552004227892627,-0.490916353471522,-0.352446772157982,3055.78671661664,1.00010983137703
"log_lik[239]",-0.598199235943845,0.00251024910565753,0.152545927463236,-0.973519193274122,-0.671678036229152,-0.571137613223441,-0.501476953010473,-0.364771707720143,3692.90038985326,1.00139908613693
"log_lik[240]",-0.390355531614883,0.00218400586425161,0.105485622566435,-0.57797721843622,-0.466771492285965,-0.392907728236226,-0.317144205919531,-0.181147954055568,2332.80770177546,1.00409519690123
"log_lik[241]",-0.685104291936368,0.00691646514142982,0.272989433036624,-1.15082391183247,-0.887079016517383,-0.728821287285237,-0.490291694614577,-0.121420828704218,1557.84156877155,1.0071399492281
"log_lik[242]",-0.475343554817989,0.0030973004034614,0.163531407125947,-0.876293836008946,-0.527254253393323,-0.462045706391922,-0.392074698306974,-0.231796869006103,2787.6335914653,1.00127032041138
"log_lik[243]",-1.01320935198457,0.00445153956853553,0.243019228838431,-1.57302885761278,-1.11874226977126,-0.990780170905589,-0.890561573202109,-0.516962740501539,2980.30561276803,1.00012149251099
"log_lik[244]",-0.981698410763083,0.00316714229285801,0.17962068346599,-1.38401583984672,-1.07158920897385,-0.970588534153145,-0.882125832632297,-0.618467657272333,3216.45542908668,0.999902608975624
"log_lik[245]",-0.5738538788955,0.00352178457434656,0.195233840190647,-1.04467175506588,-0.636861070314342,-0.546214850893024,-0.479550169245826,-0.222994949384655,3073.15609413485,1.00100054780945
"log_lik[246]",-0.980166022232036,0.00287168641286683,0.166542917619902,-1.35891602814337,-1.0652467292727,-0.969156686882803,-0.883529146165581,-0.659680801166122,3363.3983797811,0.999942646019054
"log_lik[247]",-0.530194182272646,0.00172044362350167,0.104910976945193,-0.769638397974748,-0.582758214084544,-0.524860647423222,-0.470662508351013,-0.327856918093815,3718.44164707957,1.00072979726931
"log_lik[248]",-0.483383612139938,0.00151224531278747,0.0935374886174943,-0.691513898284823,-0.531407285706866,-0.47913129220743,-0.427918631773294,-0.306551223942876,3825.84099637295,1.00048671759028
"log_lik[249]",-0.528125440401679,0.00149630788334783,0.0941292775328809,-0.740206598244972,-0.577316515822991,-0.522900592571495,-0.471878665545502,-0.352074376619853,3957.37788682587,1.0003261778926
"log_lik[250]",-0.983808353834592,0.00338737857580495,0.190039659650359,-1.39978947825761,-1.07636640483226,-0.972477079425144,-0.882140626310055,-0.598062638389235,3147.46576570023,0.999876651998246
"log_lik[251]",-0.499165729011386,0.00243087191950733,0.135971726073683,-0.802453171192633,-0.540277522649258,-0.486356487047195,-0.432504777021028,-0.302061142158132,3128.76588549621,1.00040383989299
"log_lik[252]",-0.480302723472665,0.00266869188187506,0.14253345301102,-0.824312952829027,-0.530274888127365,-0.468040105696768,-0.404303689824174,-0.260947682309464,2852.57284685999,1.00099283403653
"log_lik[253]",-0.392807060108321,0.00392878348282884,0.167646044571116,-0.707472163829178,-0.499460484041594,-0.409930979531281,-0.284067403352684,-0.0685874112587646,1820.83432490778,1.00370749449888
"log_lik[254]",-0.797741453826385,0.00385675460508393,0.175106752787584,-1.11759802613008,-0.911272935306187,-0.817224385547925,-0.688816369072452,-0.421348744458493,2061.39764433927,1.00305164157632
"log_lik[255]",-0.776657248349634,0.00532894687446489,0.204544396960967,-1.1248781341727,-0.908581706522935,-0.808633421944969,-0.661018392860113,-0.306874928314576,1473.3040869099,1.00452096476999
"log_lik[256]",-0.73336254704733,0.00690930272965096,0.309164508995853,-1.56740722645196,-0.849125550649454,-0.63531607519227,-0.53091803899722,-0.396334252552177,2002.2155133072,1.00198065229193
"log_lik[257]",-0.418172383609278,0.00319223108444403,0.143526973578734,-0.695069811587672,-0.507775730040874,-0.429719614680518,-0.328524218310128,-0.125409258364422,2021.521712409,1.00311353094142
"log_lik[258]",-1.20833749926797,0.0123299325000039,0.490801668497111,-2.59538108699811,-1.32072868793936,-1.06251626051794,-0.923925653673469,-0.681182963501363,1584.49423275477,1.0041561075375
"log_lik[259]",-0.80731756054179,0.00301638617312113,0.163272311067274,-1.11832644362955,-0.912318188954593,-0.821937264862413,-0.700358289274744,-0.466946743747397,2929.88920401335,1.00215668158192
"log_lik[260]",-0.564422015261731,0.00212626763651771,0.117735291823518,-0.821983323155055,-0.624686368887713,-0.551436069141641,-0.49688419719478,-0.347616505615701,3066.03756377662,1.00016430853412
"log_lik[261]",-0.933044236681062,0.00196662943190908,0.130768551820911,-1.21529898829913,-1.00231229261191,-0.93525747218405,-0.861849193664914,-0.656627840926805,4421.4178445792,0.999745609115781
"log_lik[262]",-0.607526894614521,0.00318118941637139,0.150831670031765,-0.98574606137707,-0.67603919062265,-0.573555711849075,-0.510116417646013,-0.393258545235025,2248.05028528718,1.00184617133349
"log_lik[263]",-0.190284030572355,0.00608802171569154,0.183552275001018,-0.57831270238169,-0.330946262962519,-0.12400729237432,-0.0311993047796162,-0.000716920682486921,909.006853351951,1.00584361594463
"log_lik[264]",-0.351590297246643,0.00329001358510232,0.129244363040547,-0.610753635150242,-0.439648293096134,-0.348444288849695,-0.260431377594515,-0.112814834081725,1543.21998402443,1.00350341290824
"log_lik[265]",-1.46888008968153,0.0105486517739489,0.641952774578909,-3.17564702833073,-1.72178988811338,-1.27360216520524,-1.02317248922559,-0.78063308179787,3703.49914519119,1.00083843497135
"log_lik[266]",-0.371022174382158,0.00287149375447932,0.138522435485458,-0.627993858196405,-0.470211061479342,-0.383079049383476,-0.273383707790249,-0.097478367448504,2327.1505785499,1.00197502699604
"log_lik[267]",-0.559418918695675,0.00669306761808609,0.259927944034244,-1.02080311265265,-0.769303031973209,-0.545512575444725,-0.352946467254871,-0.100311774527122,1508.1881290564,1.00309684027881
"log_lik[268]",-0.396096053563823,0.00229807992620625,0.121494294527128,-0.633563121328578,-0.477794146165088,-0.403422654137042,-0.313058902434738,-0.159921760768647,2794.99804723827,1.0009771977037
"log_lik[269]",-0.702723684001521,0.00434576359026742,0.193196889734737,-1.04415931929116,-0.841203778618703,-0.706081847575615,-0.571984244480784,-0.306435286697525,1976.36915342814,1.00150248675708
"log_lik[270]",-0.426743012803772,0.00181123955993136,0.10195888287581,-0.639474391662994,-0.489039146971713,-0.426735832845216,-0.359501363627327,-0.232311787817233,3168.82566216388,1.00018391442551
"log_lik[271]",-0.54682925165163,0.00771620889638391,0.297286030173515,-1.03518129951003,-0.804167096194459,-0.560147381647847,-0.296527173271387,-0.0359860788407765,1484.36617831942,1.00460908711897
"log_lik[272]",-1.22157476460631,0.00589289019374317,0.310833377344173,-2.00003870006386,-1.37645878982036,-1.16520305060268,-1.00665777332134,-0.780850615452378,2782.26567061133,1.00123791206803
"log_lik[273]",-0.170891300880768,0.0063518664447914,0.183584588324454,-0.571205857726614,-0.299092105097087,-0.0918064581222496,-0.0183858355756337,-0.000238336639086731,835.352398616609,1.00614970384468
"log_lik[274]",-0.501942990671009,0.00724089711650004,0.279975448627709,-1.00201097065887,-0.729229910413255,-0.481020015627371,-0.265006757575269,-0.0623027345716309,1495.0480294402,1.00452274753715
"log_lik[275]",-0.704521850228823,0.00387579810571419,0.198703777656598,-1.1875474977221,-0.806093284793328,-0.66060513918185,-0.561443304626069,-0.437303932234488,2628.39090240014,0.999941765619913
"log_lik[276]",-0.324531255313306,0.00415630932014083,0.163451271346341,-0.641611214698954,-0.448806391209627,-0.312393701727868,-0.194118134028371,-0.0552437221415863,1546.53902623247,1.00598264552027
"log_lik[277]",-0.985375871960816,0.0102845729464647,0.510152166788777,-2.31984885213939,-1.20429088785325,-0.8298101613413,-0.619450517994554,-0.451954213604072,2460.52026008556,1.00111664123697
"log_lik[278]",-0.717553229946111,0.00433284953634207,0.187377969841292,-1.03608534257443,-0.854553106807454,-0.737151162025489,-0.591269543735344,-0.32220246245096,1870.20770866398,1.00278522577613
"log_lik[279]",-0.479030601404375,0.00730890761619277,0.285398850717115,-0.99984838909718,-0.71206192849651,-0.444584548023115,-0.234602698528329,-0.0494246728198266,1524.75299412734,1.0040086106177
"log_lik[280]",-0.764928898942588,0.00289010207685182,0.149823403523358,-1.04074427394405,-0.869940288640068,-0.771153907976992,-0.66405344814921,-0.46594447793274,2687.40396255871,0.999910561401095
"log_lik[281]",-0.596498647235818,0.00529397601740863,0.156548532995191,-0.944515862524918,-0.676851878893268,-0.584001031872811,-0.506110208674157,-0.290937383889565,874.448154200993,1.01103490066263
"log_lik[282]",-0.76784614983556,0.00285881965606636,0.14468350188274,-1.04204669058915,-0.866334868491165,-0.77038362689084,-0.671639857215987,-0.478192418746422,2561.32391551908,0.999693558113886
"log_lik[283]",-0.747492590320414,0.0046055716406345,0.237990160473351,-1.32388950466947,-0.867360323371923,-0.693549668396077,-0.574314433039698,-0.443792344524861,2670.24382374967,0.999851010198736
"log_lik[284]",-0.992171302363334,0.00503638695453951,0.232083731447937,-1.47493727170985,-1.11783502906213,-0.98836677925498,-0.872109529315147,-0.480080394269908,2123.49487040927,1.00581703003098
"log_lik[285]",-0.309615445418611,0.00443637499718047,0.169531262537377,-0.63728870920414,-0.440564488626107,-0.29268446237007,-0.170857717223323,-0.0419448964735643,1460.30339415469,1.00633826738062
"log_lik[286]",-0.824620634699833,0.00567877587096868,0.214226284839048,-1.31938584390406,-0.915382071042619,-0.807212583857206,-0.701578752048289,-0.482343818174651,1423.10208761972,1.01000724846442
"log_lik[287]",-0.184995104878733,0.00504461708201277,0.164250940296393,-0.556568379953743,-0.274138780738757,-0.134505495403683,-0.0570885839644165,-0.00590717242449368,1060.13046890895,1.00781941801708
"log_lik[288]",-0.174515574502575,0.00511451159242135,0.168456323704853,-0.554340300434465,-0.272570359716975,-0.117586146355825,-0.0385175820390499,-0.00289342994205175,1084.8415304281,1.00601516008525
"log_lik[289]",-0.551782796775127,0.00678855769480234,0.256220726653283,-1.04575200185094,-0.746079438665822,-0.529092600629738,-0.35250853881242,-0.127094585718338,1424.53620151342,1.00466844917303
"log_lik[290]",-0.441466528796617,0.00838258975239136,0.291106608464958,-1.03243885344664,-0.660764721171834,-0.382975144816128,-0.199725862455881,-0.0388392478836147,1206.00110260946,1.00536302129538
"log_lik[291]",-0.899654583326944,0.00696132649953676,0.409606943302073,-1.97283803077557,-1.08030556365392,-0.798618029983055,-0.604318659399997,-0.425865273093589,3462.18772812183,1.00166665050892
"log_lik[292]",-0.316539758475306,0.00313332291079073,0.123907154109103,-0.566206806891046,-0.401948851935487,-0.30655407596754,-0.227526066970944,-0.101487696903175,1563.8044907946,1.00522925325985
"log_lik[293]",-0.704538840998134,0.00453672247548838,0.212059199076587,-1.0830656460791,-0.857674204419537,-0.7144677979475,-0.560190252172661,-0.270707723512419,2184.89116003973,1.00218400556184
"log_lik[294]",-0.888623844928668,0.00700584746398947,0.365248568282466,-1.79014689304433,-1.06789794761782,-0.813994636824268,-0.615912176362052,-0.429043382246215,2718.03903672412,1.003153775192
"log_lik[295]",-0.242534366376075,0.00430003496658677,0.159393438110273,-0.563147507802235,-0.35818764924546,-0.219095566958404,-0.108043543325294,-0.0185543396612895,1374.03217534245,1.00514196194012
"log_lik[296]",-0.288555571143516,0.00364416810485775,0.147807583504563,-0.568302372213827,-0.399170784250632,-0.281968463224195,-0.169798763370106,-0.0432659517370755,1645.11638634759,1.00444779249571
"log_lik[297]",-0.476336635041906,0.00789064090438662,0.336804167594624,-1.09086127721288,-0.757051589764504,-0.458981781813922,-0.163547842465691,-0.00274077303681365,1821.92441027125,1.00122791211674
"log_lik[298]",-0.348869341183017,0.00304954871051979,0.15595644712635,-0.626030776436072,-0.46269658092191,-0.361113689993336,-0.234998700516204,-0.043785732272539,2615.38432354247,1.00011523574043
"log_lik[299]",-0.346856369179798,0.00453652486872861,0.190432981478264,-0.680320355103266,-0.453927470620727,-0.342709652802062,-0.221792461898885,-0.0504203994963025,1762.12917563512,1.00178463255178
"log_lik[300]",-1.10898689249313,0.00944617595565403,0.559662558771859,-2.5598138419639,-1.36921190303759,-0.970791592332609,-0.690497185859918,-0.474494448377621,3510.26937774733,0.999388902212633
"log_lik[301]",-0.640645295716167,0.0042556532184428,0.173817778845932,-0.977671247371755,-0.759864506541322,-0.639851383213752,-0.517818051116044,-0.319802999209276,1668.23000938948,1.00186026813489
"log_lik[302]",-0.314938026924673,0.00316121072821453,0.126525942176931,-0.581435137612088,-0.397888356752556,-0.302551523918658,-0.220650405625706,-0.10518905309594,1601.96220531474,1.00026334770639
"log_lik[303]",-0.207436215443912,0.00458821045382943,0.158785221863669,-0.566508685735789,-0.306707806388391,-0.165805817057232,-0.0777735059798744,-0.0137190731445937,1197.65987648649,1.00046879886047
"log_lik[304]",-0.663788533547795,0.00352885920827507,0.181121171335739,-0.99848532228927,-0.792251845257473,-0.665212976282701,-0.532096434226854,-0.311852487634155,2634.32754650993,0.99924977114716
"log_lik[305]",-0.539534026347445,0.00515163929608214,0.210905727095146,-0.959194639700821,-0.685206849197225,-0.529399202013275,-0.380182286356865,-0.175992567257912,1676.04568218568,1.00015590313324
"log_lik[306]",-0.168843582652941,0.00472287352593391,0.151578993953013,-0.551585139928045,-0.237115344074459,-0.120299520834524,-0.0544672444826748,-0.00845254890532642,1030.06684599248,1.00029627490509
"log_lik[307]",-0.351491778220259,0.00629338589095625,0.186184811560141,-0.806588075615669,-0.442571600631939,-0.324420597513518,-0.227047189876491,-0.0848213156262254,875.225121719672,1.00752272425218
"log_lik[308]",-1.33445387789983,0.0161350346581776,0.649629609745233,-2.90029381232133,-1.66443569170629,-1.19956498337113,-0.861892940894994,-0.500134744539446,1621.03285778036,1.00460679996259
"log_lik[309]",-0.548336248485294,0.00512790461624709,0.227511693590724,-0.976792037646656,-0.721257761588684,-0.53642645820106,-0.374559260454337,-0.144738416045285,1968.46442325645,0.999521679825464
"log_lik[310]",-0.742888926165929,0.00278426715949916,0.14051146904069,-1.01876816933755,-0.834966764803348,-0.741916767491471,-0.649267256584396,-0.473695863960075,2546.84044972861,1.00041858133571
"log_lik[311]",-0.461134983815787,0.00680166295908542,0.268879493198455,-0.971973111385531,-0.674887346523888,-0.431812880573037,-0.235773693076081,-0.0468000227858449,1562.73430712174,1.00025651524878
"log_lik[312]",-0.254593498749588,0.00385663173522364,0.142148733227559,-0.570253900979458,-0.345600022344938,-0.230022489202791,-0.144523902758729,-0.0496010667898394,1358.53129212215,1.00015651873078
"log_lik[313]",-0.224529836753906,0.0085751300152509,0.262527384009499,-0.918890627587536,-0.318495969537012,-0.114932954272319,-0.033347916513378,-0.00204170626807999,937.276644059557,1.00052658506069
"log_lik[314]",-0.337719326844974,0.00456815441091232,0.150255003649798,-0.63694478854101,-0.451251058564847,-0.330071866590003,-0.219614199697659,-0.0871717467444029,1081.87313384461,1.00216239171735
"log_lik[315]",-0.93146765113725,0.00992892395295497,0.427116013320623,-2.00479546116947,-1.14439046395654,-0.822267100525201,-0.609326683583341,-0.448274312604513,1850.49254410839,1.00141319217563
"log_lik[316]",-0.587774807083735,0.00838838718390599,0.262236539028637,-1.02228049452721,-0.803498097683491,-0.597487067602323,-0.381620844697476,-0.105823725746444,977.303542274984,1.00373894376659
"log_lik[317]",-0.511670879537639,0.00897112861335397,0.275978857461251,-1.01079027840116,-0.742033587786253,-0.484593055545262,-0.27830776500467,-0.0755549023654934,946.362360540871,1.00233435028144
"log_lik[318]",-1.22672052104204,0.00815427167790742,0.331967911259921,-2.01717227414048,-1.41391478251277,-1.1630244022818,-0.979945469029982,-0.747680880664115,1657.37910033187,1.00137747021947
"log_lik[319]",-0.320973274275307,0.00492663322073019,0.157873746475173,-0.635097668358874,-0.444009902559419,-0.309435009819901,-0.193897970468164,-0.0676204258512238,1026.87922701047,1.00234171383395
"log_lik[320]",-0.719751690473319,0.00614033984879529,0.230054776113047,-1.16647029173746,-0.854470878802365,-0.712726880000567,-0.570956815993128,-0.325745062625453,1403.71095933919,1.00071325383817
"log_lik[321]",-0.705612324943861,0.0048905439754729,0.188907606925891,-1.04030434117323,-0.846813649766082,-0.71321408156655,-0.575609710652184,-0.32684452491759,1492.05405070461,1.00179614117649
"log_lik[322]",-1.0933220002868,0.00494273957970232,0.217728703034837,-1.59442097405219,-1.22029722340967,-1.06314217543471,-0.940514904957027,-0.733564337266197,1940.42076172983,1.00102304346675
"log_lik[323]",-0.810948629239753,0.00693241361734239,0.303933147261929,-1.57646718333055,-0.960687638292255,-0.738962075808228,-0.583447667005216,-0.443966368091081,1922.14966904317,1.00137310269342
"log_lik[324]",-0.511952985642699,0.00407918887221902,0.120521735230831,-0.748875386345734,-0.580891399882474,-0.521045258443053,-0.452419507345312,-0.229646575660943,872.937445299515,1.00515477565857
"log_lik[325]",-0.376024580307464,0.0046345549710667,0.144303147553683,-0.648847976678322,-0.479246036091209,-0.383321786655444,-0.271815398233722,-0.0987958530192492,969.472585319684,1.00383516993052
"log_lik[326]",-0.290348385637686,0.00560830575397522,0.171331585012477,-0.63289636458932,-0.429380773419626,-0.270281082421137,-0.146357984068952,-0.0378837655298515,933.279013975218,1.00274503508067
"log_lik[327]",-0.686005592923716,0.00511107892317226,0.194507523147151,-1.03139015185829,-0.834140701926476,-0.690552458630165,-0.546424650366847,-0.308016420808118,1448.26365778332,1.00157813538679
"log_lik[328]",-0.549369318875784,0.00188197732936821,0.111049509517918,-0.792336642514495,-0.604854377492975,-0.539621624526748,-0.48737026164883,-0.335821703584435,3481.80555898749,1.00069278543929
"log_lik[329]",-0.545147608158607,0.00163506005606008,0.0993881636763041,-0.76915038417908,-0.594424379621638,-0.535657193045801,-0.485794269656526,-0.369769184380532,3694.8934153311,1.00054782856453
"log_lik[330]",-0.982870383598037,0.00563591439085355,0.293003572339606,-1.62293971815128,-1.10730319329051,-0.971058723721129,-0.861392822150793,-0.262904098392538,2702.81957465404,0.999594478656998
"log_lik[331]",-0.885012716414946,0.00191752014414991,0.120816232728007,-1.1332416766677,-0.955933880730731,-0.886858740381528,-0.815368568931781,-0.631551212520333,3969.81902684768,1.00053298620356
"log_lik[332]",-0.527001246687819,0.00179939333439175,0.10038682200798,-0.779254562895021,-0.566976850588378,-0.510620469130104,-0.466051184051336,-0.377550437052068,3112.44149620912,1.00062114490984
"log_lik[333]",-0.946004511560857,0.00381634013800991,0.202514738044482,-1.35422091190004,-1.05237037004379,-0.951243305532797,-0.851143329032578,-0.45439035778625,2815.91226276735,0.999613229070427
"log_lik[334]",-0.559244354922162,0.00227178384457244,0.12976493244365,-0.837773662585486,-0.623230182787633,-0.548155593704418,-0.489648084997939,-0.28803993900386,3262.72654528912,1.0007748873513
"log_lik[335]",-0.931878745960928,0.00307011310620137,0.168020433814023,-1.25704817552856,-1.02667374042711,-0.938910707987007,-0.847759388220263,-0.545512391718438,2995.1284477993,0.999661348515213
"log_lik[336]",-0.88788874650191,0.00215694271412334,0.132357292441626,-1.17400575521215,-0.958521352698204,-0.885612864215551,-0.811774746952093,-0.627908010802128,3765.46423641396,1.00066068890492
"log_lik[337]",-0.956275789627376,0.00457343052551161,0.238767910949467,-1.4466290165274,-1.0720280525606,-0.957891632179104,-0.85613665254632,-0.365192728599698,2725.63531157286,0.999580433592548
"log_lik[338]",-0.523347981087815,0.00332331196936345,0.167571336736595,-0.948245815001076,-0.560047415418957,-0.494897638112379,-0.440011501038894,-0.324085308480574,2542.47824033118,1.00160047522725
"log_lik[339]",-0.508558225128823,0.00160863847310425,0.0979500737617421,-0.746117523485595,-0.554126843726689,-0.496762505831398,-0.448574129639114,-0.350785907946757,3707.59793936915,0.999825633141943
"log_lik[340]",-0.528702078606128,0.00201367160833909,0.109177205628566,-0.795048555928543,-0.567776947449679,-0.509947535205173,-0.464743549726559,-0.37494183220055,2939.58928210217,1.00095636101643
"log_lik[341]",-0.881794323141824,0.0028162739930895,0.162636905366039,-1.25439122515043,-0.952538727792309,-0.87459422036533,-0.789997248158593,-0.602914526197063,3334.94283999656,1.00081672424468
"log_lik[342]",-1.04301854712523,0.00464521134695666,0.264499282857992,-1.68254630427572,-1.15889741034089,-1.00536443960005,-0.887869539494065,-0.595581009081173,3242.186859489,0.999584995660392
"log_lik[343]",-0.59939759189743,0.00305460594329857,0.176525207839355,-1.03185043746603,-0.664261985842757,-0.567752633336091,-0.500367168540967,-0.32407452474312,3339.66633042331,1.00110689586423
"log_lik[344]",-0.838600972256943,0.00322854780916524,0.189929166225237,-1.21882182285733,-0.931341620514158,-0.839604633135588,-0.73432791624752,-0.488115518548918,3460.73925836184,1.0004851911002
"log_lik[345]",-0.504233225151298,0.00186920673649213,0.105193442124161,-0.750758451415973,-0.55073435580305,-0.493583517428801,-0.441507541881425,-0.331911057594666,3167.10642620592,0.999540191872108
"log_lik[346]",-0.504343110935717,0.00190220345234738,0.106733996696686,-0.753226686199749,-0.550740516638369,-0.493581421427328,-0.441039709490889,-0.330375611390054,3148.4123914975,0.999601903208203
"log_lik[347]",-0.925536090532966,0.00208654046042414,0.128395151269588,-1.19021546178064,-0.996261405477432,-0.927119326954554,-0.852213001518449,-0.66123006299631,3786.54938520347,0.999346548137786
"log_lik[348]",-0.567542231926618,0.00272707857105213,0.155152633756881,-0.927951740870319,-0.621321983727203,-0.545527852418691,-0.489912584978032,-0.330853850233063,3236.85319646892,1.00059580024738
"log_lik[349]",-0.997668069990614,0.00435149762629571,0.23970730235149,-1.56247529522605,-1.09745122987735,-0.97506401855873,-0.8709023449227,-0.56226790808733,3034.48522279378,0.999509456335369
"log_lik[350]",-0.387953240090392,0.00786337473754012,0.286296345848234,-1.01943263618371,-0.573328313248687,-0.322851764914147,-0.15606530602684,-0.0208863480555415,1325.60356688895,1.0001501615533
"log_lik[351]",-0.146775887522597,0.00446649447137563,0.146717548094876,-0.504358432804252,-0.222636390438256,-0.0950971441437023,-0.0294219034050909,-0.00118077166706204,1079.02254684763,1.0016597566579
"log_lik[352]",-0.257002454884454,0.00344610532284543,0.124697060849678,-0.516905528496224,-0.340602205064296,-0.244709949830912,-0.164146086311785,-0.0531813982948408,1309.34875946349,1.00040834456022
"log_lik[353]",-0.901239019962061,0.00695385194960794,0.429288317709127,-1.99194561124996,-1.06634648883965,-0.79456469717492,-0.608856148128937,-0.4084552110585,3811.07293262926,0.999787606935023
"log_lik[354]",-0.596625893430836,0.0106210213572988,0.22045779927344,-1.09721505211989,-0.711773577219486,-0.577653873412125,-0.467019675557462,-0.187197414589961,430.842335263171,1.01421916088914
"log_lik[355]",-0.174531350961861,0.00415200760021001,0.140963097623371,-0.505883115875776,-0.254085930169146,-0.13779316931444,-0.0620861703914959,-0.00749280927559814,1152.64239636681,1.0006313804315
"log_lik[356]",-0.549673342279417,0.00483130193860756,0.246361709749381,-1.19024098110698,-0.598606221269676,-0.490452164368881,-0.422714604255052,-0.284697173156144,2600.26768370636,1.00319942974233
"log_lik[357]",-0.269636792803435,0.00345445325109823,0.121181514509371,-0.517401003281908,-0.352279089437895,-0.258816596292425,-0.1801940751154,-0.0644779676369785,1230.59207053035,1.00064257360291
"log_lik[358]",-0.123629802963379,0.00454607326771083,0.139214261335306,-0.495078741966013,-0.174988012844521,-0.0684274250084146,-0.0215378378999682,-0.00107052675097958,937.766238276022,1.00088609710405
"log_lik[359]",-0.209161760655899,0.00380768656558223,0.137201794190203,-0.513045047665383,-0.29640018094409,-0.184066358592529,-0.0992077043082859,-0.0184946316795212,1298.36619065237,1.00053131517642
"log_lik[360]",-0.343832615865663,0.00836264317852564,0.283673216111144,-0.99928814083592,-0.505020869035176,-0.264012423235379,-0.117309308664073,-0.0120912490681746,1150.66666572067,0.99999198017473
"log_lik[361]",-0.545462107071118,0.00216487566552054,0.129283994283194,-0.847794726609285,-0.602951889337618,-0.531261571829431,-0.471738467209873,-0.318859801107442,3566.3470669486,0.999178945427215
"log_lik[362]",-0.980523631922573,0.00242994663562992,0.151558083814849,-1.34095086731916,-1.05894626715289,-0.965230578896237,-0.888946287631094,-0.706195307381341,3890.13559391,0.999768419760347
"log_lik[363]",-0.568497428271848,0.00251197468507035,0.151322341337459,-0.939914449919836,-0.632743751248785,-0.54455890433193,-0.479048653283949,-0.323563365526867,3628.90490576097,0.999211650292366
"log_lik[364]",-0.9938731236554,0.00284103689317209,0.17201844559558,-1.40143979392569,-1.07761860090964,-0.974917078604835,-0.89211852346456,-0.691655627780737,3666.03233374674,0.999786547475378
"log_lik[365]",-0.530182619647421,0.00173361538147194,0.106488872603692,-0.770182783255776,-0.583505744336406,-0.523855715606746,-0.468326482960314,-0.327180874932702,3773.14030804626,0.999190437040947
"log_lik[366]",-0.571072352890496,0.00327795563538455,0.183841463259263,-1.02822328794368,-0.630734420772176,-0.540839408954772,-0.474902529015012,-0.284992630201989,3145.43556698455,0.999294083908944
"log_lik[367]",-0.472507237104773,0.00166218898904891,0.0994055529692186,-0.688926260445234,-0.52536220287543,-0.471112151794539,-0.412904826375762,-0.281657838073933,3576.51860799416,1.00028061558976
"log_lik[368]",-0.478876649966141,0.00136927915332319,0.085417375260015,-0.661385341059438,-0.527868395513494,-0.478273470088934,-0.425594652777394,-0.31409844923387,3891.423092022,1.00011311979464
"log_lik[369]",-0.457715149051237,0.0024306503050253,0.136976434212364,-0.758818692710686,-0.516386646328952,-0.455151830295939,-0.385685601464442,-0.222164966291068,3175.75323447335,1.00049141857508
"log_lik[370]",-0.896166226872316,0.00368182210863814,0.216459137169548,-1.35012536112304,-0.979731338855012,-0.887577949046704,-0.790700376769755,-0.503835002476604,3456.41788291839,0.999393127218344
"log_lik[371]",-1.07485512802426,0.0050293402650919,0.285820344205647,-1.78641249729596,-1.18544753243039,-1.02394556317408,-0.912509126978415,-0.579444362968669,3229.7152733913,0.999755126694559
"log_lik[372]",-0.509592704789487,0.00127969501219184,0.0837984835467126,-0.684233638410628,-0.556685792842833,-0.509182515509406,-0.45977652184285,-0.343819784484507,4288.04529895013,0.999370327948707
"log_lik[373]",-0.468104360989472,0.00193260984141208,0.112680618599195,-0.718132135855036,-0.522624065178473,-0.466512444984217,-0.404426423648194,-0.261356073986818,3399.4610657381,1.00038232619059
"log_lik[374]",-0.970675819121592,0.00219604773852191,0.14261252678792,-1.28707352922948,-1.04857597279415,-0.958312404568518,-0.881949582141639,-0.709172613106961,4217.27378177273,1.00074746583997
"log_lik[375]",-0.593836422555964,0.00243116412183277,0.162826618120252,-1.01085127926744,-0.661671556278588,-0.562716380358893,-0.495277136305123,-0.355450419244946,4485.61762525411,1.00020150222463
"log_lik[376]",-0.47396612818781,0.00152900932253899,0.0942950821662024,-0.673948801260486,-0.527872875173694,-0.472024608877498,-0.415124762381952,-0.301801115584679,3803.27579821755,0.999698866247927
"log_lik[377]",-0.534957255639856,0.00129388304566664,0.0897432633389351,-0.733869105058028,-0.585930795401306,-0.530024060681601,-0.479204029764534,-0.370664301406521,4810.75977772524,0.999462246177999
"log_lik[378]",-0.852340530362247,0.00264652034016601,0.17310153091051,-1.20073557256747,-0.948320977787491,-0.855985005034912,-0.753289000560793,-0.495323931996355,4278.10407158812,0.999740649419892
"log_lik[379]",-0.458707333889415,0.0018692901406895,0.112830913652181,-0.693842146618787,-0.522954585876367,-0.458927756749135,-0.390146295047952,-0.240281246790565,3643.36581435414,1.0001298448095
"log_lik[380]",-0.880991854257521,0.00226901689970493,0.150571145371635,-1.19891739913295,-0.961401329923762,-0.879479395860679,-0.796405234508336,-0.578602674223343,4403.60186499158,0.999602012593312
"log_lik[381]",-0.863060626259082,0.00225225225545288,0.150242386630033,-1.18157781600997,-0.951005124656378,-0.862104272491262,-0.769987749179434,-0.56641460364753,4449.90650855413,0.999655397412324
"log_lik[382]",-0.581965519589728,0.00203216548601748,0.136176004229087,-0.914716536723152,-0.647219728625138,-0.559521614613209,-0.494639609130864,-0.372083225013283,4490.37934068018,1.00009309379531
"log_lik[383]",-0.545770790328375,0.00145000392303997,0.0998278245561935,-0.778825627785779,-0.598849663619056,-0.537389362822644,-0.482914351782922,-0.367630513389791,4739.85285665439,0.999584600590463
"log_lik[384]",-0.557070254346049,0.00164845907678962,0.112528045059256,-0.824976321304881,-0.613599767939485,-0.544454679057188,-0.486321564692475,-0.365315203702839,4659.77779529214,0.999741450038668
"log_lik[385]",-0.630824142427792,0.00370331755057205,0.241323346243147,-1.28461676068285,-0.69464122740038,-0.571672136038552,-0.498794628316971,-0.336918292185868,4246.3596136953,1.00106609824699
"log_lik[386]",-0.991231829233888,0.00243981558506912,0.156469019026799,-1.34587967098347,-1.07837667473703,-0.973933780656874,-0.890568573495925,-0.715512422926262,4112.84854747662,1.00048734057244
"log_lik[387]",-0.146252808410912,0.00608069421003293,0.128968900827435,-0.491030151440557,-0.202106515295376,-0.106988543489445,-0.0514647121250286,-0.00767473191692343,449.845799110674,1.01241342435135
"log_lik[388]",-0.162492933373862,0.00605112711816193,0.127311446757712,-0.492933389581324,-0.221644010885209,-0.128904955575973,-0.0684721629407427,-0.0130211876025271,442.651921831863,1.0126943428328
"log_lik[389]",-0.940944367064814,0.0102470050950566,0.244782525810739,-1.56679896477022,-1.03719273188089,-0.900955313535937,-0.79070079155986,-0.587293726433034,570.646186423655,1.01286816095821
"log_lik[390]",-0.68635618952185,0.0072134436729,0.346955704627095,-1.59652166740919,-0.773838244349032,-0.58229462393475,-0.48064122332505,-0.336842557447476,2313.46415697997,1.00458846574163
"log_lik[391]",-0.294042307459044,0.0092491982368632,0.220533314337584,-0.846498179619308,-0.411895543278557,-0.241826301165404,-0.124140555698416,-0.0201879410440878,568.512781886983,1.0089105594665
"log_lik[392]",-1.04610435720606,0.0170366109042264,0.402769465794758,-2.05020344027541,-1.22200528266815,-0.957601697155552,-0.766782747492725,-0.522312317532146,558.916162427348,1.01086150792633
"log_lik[393]",-0.138089751788868,0.0103058916871189,0.206593662404832,-0.793300220001153,-0.168037249764479,-0.0501464716403844,-0.0120110810850093,-0.000249282749906091,401.848953622507,1.01183437055967
"log_lik[394]",-0.144902137119811,0.00618838042834886,0.126754557801504,-0.487668321695637,-0.198425993279404,-0.107527311267065,-0.0524728353333276,-0.00816619687818538,419.539794511895,1.01326774211705
"log_lik[395]",-0.51870492295957,0.00956655663402075,0.196027939076828,-0.904210498086924,-0.65259751864074,-0.514995320409275,-0.379436330115831,-0.158184605630511,419.879483495256,1.01364949965401
"log_lik[396]",-0.213536939365989,0.00941876252337725,0.226615780264398,-0.835835125870019,-0.301257329690106,-0.132146883872419,-0.0456383842937586,-0.00241632391607433,578.885408324681,1.00860240412628
"log_lik[397]",-0.126519951552224,0.00650342248562022,0.123039230342958,-0.468854189272155,-0.171534603525575,-0.0882913035888226,-0.0395435087749223,-0.00465664783666024,357.934264790356,1.0153041597936
"log_lik[398]",-0.477122733872943,0.00734382347875886,0.203484961497353,-0.902039956662735,-0.61198042342161,-0.464530548779453,-0.328824737995023,-0.131948852087051,767.750623878492,1.00688525733748
"log_lik[399]",-0.29977260442384,0.00425710347926294,0.114652814978309,-0.546628269296997,-0.370982284454714,-0.28927002641887,-0.219092350062128,-0.105796284740055,725.339001938614,1.00809437606332
"log_lik[400]",-0.796843604115857,0.00430330520185388,0.221918427586496,-1.23023297271798,-0.929925493495457,-0.815384711766301,-0.653363320887402,-0.349338189153342,2659.39247816887,1.00227764840148
"log_lik[401]",-0.544788311850748,0.00230116806794646,0.11887677005379,-0.828100719206379,-0.599747021969675,-0.532604820439683,-0.476119307483114,-0.335499619626624,2668.68500423738,1.0008165979882
"log_lik[402]",-0.378728317321336,0.00306148813872987,0.138498358656356,-0.614571527657675,-0.475429601199074,-0.392993467315156,-0.282879553435306,-0.105435991875421,2046.55815883159,1.0038578006316
"log_lik[403]",-0.508676367017758,0.00140067496833579,0.084958539047329,-0.676685602921705,-0.559901825334624,-0.510909704140439,-0.46020033405957,-0.321862071386348,3679.08088991691,1.00003103357536
"log_lik[404]",-0.396371011736714,0.00254316321519213,0.122645275327659,-0.609924498311972,-0.481223496885503,-0.409743663275865,-0.313291788398115,-0.144713948406248,2325.69724574737,1.00333050708056
"log_lik[405]",-1.1471594883104,0.00536919669274081,0.27992472829351,-1.88403673904864,-1.27282789356867,-1.07500853462053,-0.958281156151534,-0.786498733797594,2718.09043745053,1.0023792984092
"log_lik[406]",-0.526150256681341,0.00152792209183794,0.0934148824332751,-0.721316663562724,-0.580174866802003,-0.523954135034218,-0.472141069955438,-0.33348507778772,3737.91759246404,0.999868729001716
"log_lik[407]",-0.763759293309769,0.00819453096861427,0.401892209710928,-1.90795715400842,-0.891096951941051,-0.62195743243721,-0.513563787158132,-0.337372046105378,2405.30954167394,1.00162601086437
"log_lik[408]",-0.429946871260265,0.00221230119050872,0.104890805799297,-0.607045328783027,-0.499061386464328,-0.44213325274305,-0.369900994639215,-0.189315970280072,2247.94839684876,1.00326174852325
"log_lik[409]",-0.53150202673446,0.0020771795869515,0.107882446774815,-0.783982590939543,-0.581564869933877,-0.523300228873332,-0.470831271684764,-0.330070702571628,2697.45049715313,1.00063485615569
"log_lik[410]",-0.526150256681341,0.00152792209183794,0.0934148824332751,-0.721316663562724,-0.580174866802003,-0.523954135034218,-0.472141069955438,-0.33348507778772,3737.91759246404,0.999868729001716
"log_lik[411]",-0.857389478743048,0.00309426072139155,0.175163203846108,-1.23276446459219,-0.95208293745244,-0.858178188015989,-0.752854176197777,-0.519507939068416,3204.58615023329,1.00114862146703
"log_lik[412]",-0.405239565417061,0.00231270924539574,0.115423236316862,-0.607770931512418,-0.483780633886395,-0.41747925359767,-0.328557678979465,-0.164845660780986,2490.83191265708,1.00307174023617
"log_lik[413]",-0.377457687093479,0.00394294736961276,0.129910420728845,-0.615651609906779,-0.472088245009638,-0.387979827743277,-0.284808982229889,-0.115769979370813,1085.54046810242,1.00490328574725
"log_lik[414]",-0.577405338545614,0.00758329173291937,0.271915161325186,-1.05378509823742,-0.799855095427208,-0.582576001779139,-0.353564948438723,-0.092759737145121,1285.73456460678,1.00596567997929
"log_lik[415]",-0.444187164921605,0.00175491677214657,0.0890133938658104,-0.625307319994741,-0.499239790222886,-0.444323659029624,-0.38841210046765,-0.268591072540977,2572.75049607975,1.00076947786694
"log_lik[416]",-0.509251270345094,0.00876857793542746,0.291673026016855,-1.03898093122995,-0.755368545458529,-0.483471539606244,-0.261381620033602,-0.0531830649057894,1106.45613697633,1.00626815184727
"log_lik[417]",-0.400918551291491,0.00293194201328082,0.1109729749174,-0.616158582494366,-0.478170958882951,-0.405001853680626,-0.324751251871379,-0.183252551269008,1432.59589912141,1.00288516549408
"log_lik[418]",-0.558800821065992,0.00212029219086948,0.103350252912879,-0.793091902240293,-0.613749437751244,-0.550279872736666,-0.494885649276109,-0.37112318048198,2375.91916018096,1.00088056501749
"log_lik[419]",-0.312485665012037,0.00528321415967157,0.158253401531793,-0.600518996440569,-0.435948601700586,-0.314749382936837,-0.184814905203012,-0.041954842852742,897.242168081346,1.00654824980515
"log_lik[420]",-0.513467796767064,0.0086083044557132,0.289179092506433,-1.0389865242668,-0.756223198089004,-0.489160946448708,-0.270499992019099,-0.0570055704077823,1128.49215375845,1.00600734898714
"log_lik[421]",-1.39564467655048,0.0104715400773899,0.498189594952926,-2.65614006353964,-1.63816323422594,-1.26591108591005,-1.03119400888107,-0.79427914771803,2263.43583303446,1.00261267766905
"log_lik[422]",-0.829430440052769,0.00665380033355881,0.36539482293515,-1.80885321140255,-0.983839786439985,-0.72520015306194,-0.572657064929193,-0.42289165250881,3015.67996449278,1.00203114954075
"log_lik[423]",-0.513469657112666,0.00457862488990509,0.160490629925438,-0.819630873829511,-0.599888919013022,-0.524828762558215,-0.452440170968853,-0.124781325125716,1228.65296684588,1.00315256873322
"log_lik[424]",-1.00297573520402,0.0118343757846693,0.418084303384091,-2.27890086401318,-1.01529765943877,-0.904252154061121,-0.811667590281661,-0.59770093130435,1248.0644535002,1.00290946581866
"log_lik[425]",-0.905026155884532,0.0033710833824338,0.159883846043002,-1.20169217807505,-0.997514367438388,-0.915331365971106,-0.824049562061187,-0.537563889597094,2249.41809294758,1.00193620495682
"log_lik[426]",-0.53075345835346,0.00229548511525573,0.108920801403832,-0.778440954330492,-0.583977096106974,-0.524906323158066,-0.470920144706269,-0.322712347875522,2251.5038512621,1.00069097223634
"log_lik[427]",-0.865625314223375,0.00724876467035887,0.247678699550256,-1.26392060679198,-1.00825496523676,-0.912199203821943,-0.784736351367628,-0.225811579011125,1167.47964140365,1.00568058765879
"log_lik[428]",-0.51217500848363,0.00473547229640523,0.164977002590002,-0.828090317400267,-0.600879665973432,-0.524803625660817,-0.451516505308959,-0.108114179753367,1213.72477530532,1.00330181298573
"log_lik[429]",-0.873919176682054,0.0105288396597791,0.358520809849012,-1.50892633575433,-1.05309610052239,-0.926934912227579,-0.778509507812786,-0.0470995527515519,1159.49188511673,1.0052934540559
"log_lik[430]",-0.511114438347884,0.00364800341270134,0.134656180966856,-0.773443141384606,-0.584948877050618,-0.519264545855226,-0.455143050080857,-0.184957298382655,1362.51757956351,1.00240164229933
"log_lik[431]",-0.872570472845367,0.00572895243793278,0.204287059230216,-1.20778382762138,-0.99531903611435,-0.906956441811449,-0.793406563615165,-0.356288962177806,1271.5436691013,1.00524667944726
"log_lik[432]",-0.512706649252547,0.00323782267476075,0.12450242821343,-0.764610920172733,-0.579935204542676,-0.518011130445831,-0.456835545432606,-0.218234023264021,1478.59598689722,1.00191721399217
"log_lik[433]",-0.865473353538488,0.00768866296297334,0.261061769088499,-1.29355382179784,-1.01363384021596,-0.914038928906161,-0.783158359773476,-0.193793996128461,1152.88212546139,1.00568488855352
"log_lik[434]",-0.534435428594549,0.00169073414105654,0.0966874893066551,-0.774250465091699,-0.575251816586591,-0.521616322789224,-0.47730544117141,-0.374092453143814,3270.31752057283,1.00129139934768
"log_lik[435]",-0.383896411908166,0.00313225211134262,0.13334587898781,-0.658174300929207,-0.473822968239576,-0.383056185687777,-0.287817839454282,-0.14575436146022,1812.36545531985,1.00176426960316
"log_lik[436]",-0.401139412218058,0.00428972853900219,0.156175276436028,-0.722046097709573,-0.479942492625697,-0.390730146582424,-0.300459478528997,-0.154827369680825,1325.45487342554,1.00292791104012
"log_lik[437]",-0.734554931620904,0.00378454712824596,0.177678294676637,-1.03029558315836,-0.858473686675579,-0.752446419177321,-0.624382190648513,-0.339203076722636,2204.14884567078,1.00181734106521
"log_lik[438]",-0.358853735274125,0.0100970572325305,0.31317770259793,-0.970144673784084,-0.601017726719768,-0.273985634218697,-0.0795008571972369,-0.00299408224402102,962.037568289066,1.00417229089087
"log_lik[439]",-0.361983586739331,0.00354060152965211,0.142665923257013,-0.651194706817572,-0.463328941997157,-0.358478433932326,-0.255230908150401,-0.11336485757464,1623.62749512458,1.00201471676239
"log_lik[440]",-0.980393235392657,0.0025155247498633,0.148066689900814,-1.27971382884654,-1.0650761041875,-0.978277668815779,-0.891162507409523,-0.68219568688701,3464.63545995974,0.999806160061806
"log_lik[441]",-0.670488766535935,0.00301450421518342,0.16517896169816,-1.08216805026155,-0.753033238869119,-0.638493004430845,-0.555046400760241,-0.446386175642547,3002.46305900227,1.00015422430065
"log_lik[442]",-0.536068720756458,0.00653204043350628,0.249624356249409,-0.983642539485535,-0.729693500032518,-0.529554275334116,-0.33899838229225,-0.106761952608997,1460.41467071736,1.00168422500042
"log_lik[443]",-1.14145001747269,0.00525797340648023,0.269101110971948,-1.77136798925565,-1.28224655700456,-1.09570261704436,-0.952669501865676,-0.725671785111062,2619.3540885001,1.00095203248799
"log_lik[444]",-0.566077467489554,0.00646612285928078,0.239600801272843,-0.9934557744276,-0.747628360222367,-0.560314073173368,-0.38122183858589,-0.147695032487894,1373.05719384346,1.00171312618088
"log_lik[445]",-1.509729869272,0.0126372364374136,0.605899698881244,-3.01979222354069,-1.82916656062619,-1.36425173786394,-1.05002509674544,-0.753502051332669,2298.77915973751,1.00100541280643
"log_lik[446]",-0.596957874973387,0.00198424007844616,0.11139383283024,-0.87792592853622,-0.650650104147567,-0.579107785321769,-0.525526886080647,-0.430816150818585,3151.62008748901,1.00040251932733
"log_lik[447]",-0.734554931620904,0.00378454712824596,0.177678294676637,-1.03029558315836,-0.858473686675579,-0.752446419177321,-0.624382190648513,-0.339203076722636,2204.14884567078,1.00181734106521
"log_lik[448]",-0.365029166560948,0.00346002295022827,0.140844083215367,-0.651299255598351,-0.464104444349838,-0.361948390740229,-0.259526380042416,-0.118527110471251,1656.98758899896,1.00189907710021
"log_lik[449]",-0.430645942639664,0.0050983666562936,0.228389198486581,-0.922198174803548,-0.585793773872894,-0.393046290169142,-0.251494448139227,-0.0828123346497183,2006.73021797458,1.00078677386515
"log_lik[450]",-2.00199271446133,0.0192407884984526,1.16621627973124,-4.79846418007528,-2.64618557445393,-1.77987631704733,-1.0928131213623,-0.527785159072097,3673.77426753099,0.999937689695781
"log_lik[451]",-0.733529697647534,0.0027394854814102,0.143091509940513,-1.01111714347893,-0.827811329389437,-0.726199226377601,-0.638026637108219,-0.45982847021526,2728.28494632235,1.00209738195448
"log_lik[452]",-0.41061817761721,0.00571367217930494,0.266855157473568,-0.94377391582485,-0.613178576801304,-0.374288110306809,-0.18399892232719,-0.0236107916167187,2181.32593579794,1.00112614126584
"log_lik[453]",-0.352861006616382,0.00276794254678863,0.104968008737512,-0.57401137455425,-0.420109060862061,-0.348540358028056,-0.280537903894663,-0.163334722125789,1438.13539286742,1.00227694120787
"log_lik[454]",-0.344848139310564,0.00216300644289379,0.113139860006703,-0.571808020518492,-0.421692215929085,-0.339491182096751,-0.263067057394767,-0.141682994927521,2735.99719585677,1.00031255362191
"log_lik[455]",-0.431785065627718,0.00542236128003886,0.260264705321684,-0.947850484065027,-0.628543085834403,-0.403968964983372,-0.214137801278115,-0.0351407529960273,2303.84710465793,1.00094281737387
"log_lik[456]",-0.168973502201015,0.00354455083774306,0.135362422169216,-0.506397510509016,-0.237901216103245,-0.130366882056102,-0.0649500813895605,-0.0151598669090599,1458.39046025624,1.00066051999797
"log_lik[457]",-0.232790114686559,0.00312038677617822,0.129460292984263,-0.527823578976539,-0.311998198255522,-0.209911490145324,-0.132630484703193,-0.0496394385260607,1721.29898870182,1.0004170988393
"log_lik[458]",-0.421717165278975,0.00515107948166123,0.231624389017807,-0.921753740706097,-0.580555705794046,-0.383516918867816,-0.237530430574162,-0.0738057610046974,2021.95772528973,1.00069554511222
"log_lik[459]",-0.406485675816032,0.00583422754591155,0.219718524735774,-0.899007661557018,-0.550412599153335,-0.375601938808769,-0.233266890673524,-0.077714548036585,1418.29516335483,1.00319867876377
"log_lik[460]",-0.123275674365178,0.00374415451286281,0.135083747527901,-0.492814498095294,-0.173979828799351,-0.0714409698850139,-0.0266412142613966,-0.00321409706861428,1301.66334515682,1.00087682317575
"log_lik[461]",-0.208033130154311,0.00330054444718975,0.132663476728191,-0.518406548504158,-0.284583531853623,-0.179428134847614,-0.105062851327823,-0.0334227748848263,1615.59156936649,1.00050772150881
"log_lik[462]",-0.563573953954894,0.00161979495625148,0.10094214269555,-0.816682390606731,-0.609045445371527,-0.546160048013265,-0.500413252119188,-0.414740327642166,3883.51470417256,1.00100612636146
"log_lik[463]",-0.45481197003324,0.00273939134135889,0.146570784757859,-0.764590191771308,-0.529794385251239,-0.458787527954547,-0.36618819438058,-0.189643120787173,2862.77139338399,1.00229752519635
"log_lik[464]",-1.03608427198066,0.00514525347930805,0.265293180968131,-1.66642768662587,-1.14177276281482,-0.986767818309553,-0.882251478757334,-0.628374931108425,2658.51199547461,1.00396546565822
"log_lik[465]",-0.78071729034934,0.00310049826334142,0.1665537954717,-1.06906848076517,-0.895910263912048,-0.796738372973874,-0.678205040741245,-0.42968154575566,2885.66613687567,1.00355934395473
"log_lik[466]",-0.484442094746197,0.00237429657575654,0.128723796206598,-0.759813589120194,-0.545172956929093,-0.481934042950952,-0.415232770093843,-0.244345254405636,2939.32592979596,1.00225710184543
"log_lik[467]",-0.752161873194875,0.00684220924564942,0.343112149147605,-1.67594649908557,-0.844845353101402,-0.639304724218793,-0.535634662267555,-0.402590818027478,2514.66124873252,1.00434634316906
"log_lik[468]",-0.700205311487704,0.00557331376127282,0.249010076184093,-1.10258627650616,-0.875815391395303,-0.738147664283715,-0.540304063453911,-0.198528226969709,1996.21289099643,1.00557046765019
"log_lik[469]",-0.965186413725368,0.00276829393493189,0.167576731995105,-1.31805625889438,-1.05971249450418,-0.958613458034002,-0.86903467910304,-0.633054192669791,3664.40132122365,1.00190401321435
"log_lik[470]",-1.06991573775028,0.00485976841098001,0.279709368416951,-1.76387149318085,-1.20111478370153,-1.01090899363447,-0.894201769908849,-0.62939667579473,3312.70587365746,1.00336632318401
"log_lik[471]",-0.808430898667107,0.00345996388855662,0.166479093018003,-1.08613005727297,-0.915798743155248,-0.831469208478355,-0.718000164982048,-0.423768784720557,2315.13473059964,1.00462351047068
"log_lik[472]",-0.291885159837832,0.00395227068928187,0.141738291710784,-0.556690108065175,-0.402330080345081,-0.279262282153499,-0.178989413162206,-0.056215881173519,1286.11861799793,1.00313951535176
"log_lik[473]",-1.51419721210723,0.0160804834309411,0.562579189509834,-2.85208556033705,-1.79426424177836,-1.41897552784126,-1.10400273529152,-0.759524113344998,1223.96535289945,1.00308922482548
"log_lik[474]",-0.328853087208908,0.011379391430033,0.31596167083757,-0.997309655456405,-0.545658772939898,-0.207767791628286,-0.0606922530929636,-0.00252130163308592,770.958019441056,1.00712105973778
"log_lik[475]",-1.20818615850739,0.00571888541249198,0.274001617101563,-1.87654793097296,-1.35408029236975,-1.16049797198423,-1.00910093158311,-0.823338597407674,2295.53258672719,1.00086796550472
"log_lik[476]",-0.194105903968522,0.00560984182158191,0.162774920008194,-0.547288256628391,-0.30311408093989,-0.143916007077772,-0.0586804517512123,-0.00740093915771652,841.925666865682,1.00489814338916
"log_lik[477]",-0.238837582476367,0.00558871435370723,0.168704575920688,-0.554872626704521,-0.379805150595698,-0.215603091096761,-0.0887702043407785,-0.00703707598681157,911.233965428296,1.00728169873218
"log_lik[478]",-0.723731517911411,0.00476005578848673,0.262432833526512,-1.40911911137081,-0.830085434545453,-0.65318413959291,-0.547062413207608,-0.419499302237653,3039.5707298145,1.00111663870895
"log_lik[479]",-0.570945976689046,0.00688625609138654,0.254285362077922,-1.02635656880969,-0.77443318772356,-0.562526167189341,-0.371387120936714,-0.122952164371207,1363.56668666183,1.00222312658063
"log_lik[480]",-0.343641217527778,0.00304643984231922,0.122144581264338,-0.568535096492765,-0.43597230426989,-0.341386109749019,-0.25409628435914,-0.118235685837091,1607.54521420523,1.00218709807109
"log_lik[481]",-0.536802559337505,0.00748690356431736,0.265707157774103,-1.01990384744879,-0.750867172861575,-0.517113558699572,-0.323643471006042,-0.0910575390063375,1259.51118709478,1.00248478775693
"log_lik[482]",-0.392907478524009,0.00328861535102654,0.12498528356681,-0.657413761665406,-0.463618537497511,-0.387355207906741,-0.310130029565672,-0.183213896258772,1444.41370443187,1.00139276952231
"log_lik[483]",-0.506579020042281,0.00225510984867542,0.115814909507459,-0.792505932300225,-0.548026640216623,-0.488175214632217,-0.439875520455004,-0.336438397067119,2637.50651480418,1.00277424979186
"log_lik[484]",-0.375691475191587,0.00252645084375789,0.108822547042674,-0.577969638393026,-0.453416510915747,-0.375901618808585,-0.298654907807216,-0.166193640817953,1855.30821522536,1.00171323122824
"log_lik[485]",-0.542545392551543,0.00491067203752524,0.200743565512904,-1.07985568526929,-0.576731346581347,-0.494860139136395,-0.436486510609767,-0.325611850582462,1671.09602560123,1.00445695976128
"log_lik[486]",-0.385289573944168,0.00286664656065806,0.109235742386489,-0.585148584729709,-0.465085487099602,-0.389356076015684,-0.309751082821564,-0.170937670272408,1452.04885322406,1.00571557451469
"log_lik[487]",-0.497893221670168,0.00148432236190462,0.0866867080220599,-0.655233541201875,-0.553343031073275,-0.504362439829507,-0.449392321329,-0.304163785953686,3410.73957773676,1.00049174713346
"log_lik[488]",-0.389112745713558,0.0029677325695892,0.1094014277485,-0.585706528519771,-0.469436711682201,-0.396104578301613,-0.314150263807587,-0.168457010595912,1358.92802079988,1.00612339394447
"log_lik[489]",-0.314402382502907,0.00515623786156032,0.154738910541302,-0.582438129827607,-0.438494345557914,-0.321347507653388,-0.188026507464353,-0.0460277479417229,900.602571415785,1.00832868393649
"log_lik[490]",-0.345933359731006,0.00409738128956397,0.134662519535242,-0.582983510028749,-0.449342103596279,-0.354018815147732,-0.24434548017223,-0.0942986955424115,1080.14164792622,1.00728550587347
"log_lik[491]",-0.402957288125302,0.00254301470627339,0.101446463379117,-0.587966940156825,-0.475476455052063,-0.409013352227213,-0.335879403166693,-0.197974723233136,1591.38800088885,1.00557552926544
"log_lik[492]",-0.798879145499267,0.0089416111971778,0.429914340063802,-1.94619726351544,-0.951000629905828,-0.658147211395439,-0.517506157060299,-0.344793524118764,2311.70439940052,1.00168936072598
"log_lik[493]",-0.665848085007462,0.00840277848854075,0.310016012536762,-1.23552888941602,-0.895678935722209,-0.69366908110481,-0.425429013720854,-0.101704882239581,1361.20150977519,1.00452686790485
"log_lik[494]",-0.426646328709999,0.00176129806948026,0.0881208793739411,-0.591505026348231,-0.486123023532554,-0.430655937470894,-0.372651484319999,-0.240690739115594,2503.1791149168,1.003748733838
"log_lik[495]",-0.669883819827146,0.00529603110015537,0.262671335501596,-1.34095180699176,-0.768939298098819,-0.598054244689603,-0.500757115596165,-0.341280823978366,2459.93884672255,1.00127055122937
"log_lik[496]",-0.695904118172156,0.0054959196357223,0.27870594814424,-1.41629111511062,-0.817812597822598,-0.619133928149366,-0.507580450762411,-0.343653121625643,2571.64921110636,1.00106765321888
"log_lik[497]",-0.542801524450559,0.00221188641234084,0.121364750848721,-0.805380972932138,-0.610820931693025,-0.537126871223698,-0.467452578416881,-0.31736183715866,3010.64463320948,1.00123538509198
"log_lik[498]",-0.364356102795668,0.00363545207540203,0.124339714792827,-0.584847181391255,-0.457520258194894,-0.372501998477004,-0.273740248770435,-0.121404887416426,1169.77648243634,1.00691615118616
"log_lik[499]",-0.892837393667081,0.00299666629306757,0.168817568622919,-1.28612471055262,-0.979593285006986,-0.87931873236159,-0.785325017910893,-0.605706829648033,3173.64624934758,1.00002016622802
"log_lik[500]",-0.708035828177654,0.00524649179441655,0.299636118748058,-1.54967427421948,-0.797579521804796,-0.614921069869665,-0.519396641963084,-0.388845348669569,3261.74743802081,1.00165579011112
"log_lik[501]",-0.402689771531394,0.00281602029882598,0.137971073545002,-0.658811285033149,-0.494284623121222,-0.418952619702906,-0.3071819041199,-0.121391205341148,2400.51555791936,1.00159194413158
"log_lik[502]",-0.726540888880487,0.0047508709695326,0.240327919900997,-1.1335702089156,-0.897896377813344,-0.761643282757877,-0.568586058679858,-0.226060561917453,2558.95108443949,1.00142532015603
"log_lik[503]",-0.556248210528016,0.00151838603294056,0.101503507140149,-0.788472220279194,-0.608403303746963,-0.542652541588959,-0.492092322939448,-0.383225772354372,4468.86974153706,1.00025001587824
"log_lik[504]",-0.874626354768535,0.00210706611686722,0.134107244062582,-1.14896094095415,-0.952944315063787,-0.877863198652927,-0.797379862808307,-0.600475498774228,4050.8685320245,1.00048928593181
"log_lik[505]",-0.625482845426192,0.00328574917006641,0.189585107150456,-1.1290325342467,-0.691605864006322,-0.57970363746798,-0.506582128578215,-0.39105939230356,3329.19798397763,1.00160568138419
"log_lik[506]",-0.847326524126663,0.0026269255145639,0.155179640605685,-1.14220419092119,-0.939422665911714,-0.8603763103669,-0.761962010390347,-0.497966251421114,3489.58648310159,1.00120280153109
"log_lik[507]",-1.06228163000055,0.00411679232616597,0.218739742008312,-1.6232759688328,-1.16493881230831,-1.01869676185887,-0.922129207022532,-0.734903545704775,2823.17287350697,1.00106301971555
"log_lik[508]",-0.440292585385779,0.00189212269592356,0.104961941094075,-0.65432938882589,-0.505271937841687,-0.444837070811377,-0.372925796260342,-0.231956255599439,3077.26655752108,1.00056617529825
"log_lik[509]",-0.594086120194192,0.0022167723331798,0.14187809719356,-0.950921968309767,-0.657385294022947,-0.566625957191946,-0.501735366440849,-0.389759684919679,4096.26953475867,1.00097113902886
"log_lik[510]",-0.894380504533567,0.00175249559166227,0.119431438402122,-1.15476932781863,-0.961452153937001,-0.891114518346325,-0.82170261812922,-0.671329485436959,4644.33413504837,0.999584463924148
"log_lik[511]",-0.41608305238854,0.00289582127557902,0.13409008573232,-0.661471382875971,-0.500904402061959,-0.43560736226801,-0.332628843670973,-0.122376551047858,2144.12365308279,1.00206742548464
"log_lik[512]",-0.574694535976211,0.00183463268576298,0.119752310800033,-0.870673449813568,-0.632101482800481,-0.554188341862733,-0.497664383167043,-0.387159820419978,4260.58811756341,1.00066101321546
"log_lik[513]",-1.00570740925494,0.00241388882720679,0.154406647123055,-1.36249770009595,-1.08506605251148,-0.991198503506036,-0.908202076429138,-0.730090641690001,4091.64037958959,0.999820608799057
"log_lik[514]",-0.471175063377125,0.00137561596372971,0.0859367845192501,-0.655987905177375,-0.519361267720527,-0.469114922883932,-0.420176765811387,-0.30436223688541,3902.68757120289,0.999975504100908
"log_lik[515]",-0.5691174725983,0.00702237058047556,0.263972569893956,-1.02100118607972,-0.783976708258445,-0.569500954514349,-0.364280451905689,-0.0997914207788758,1413.02586924062,1.00428773141643
"log_lik[516]",-1.28107917687723,0.00831035037628047,0.44722725593691,-2.3742635882294,-1.48978096830588,-1.16419123876701,-0.96963447420953,-0.723137398106802,2896.12870122854,1.00105916478853
"log_lik[517]",-0.607472586496025,0.00217625446502336,0.130974061312371,-0.932434907441562,-0.668147180438231,-0.583167434781467,-0.520710201407965,-0.420547164820356,3622.02329186345,1.0015465356784
"log_lik[518]",-0.301587733425956,0.00524156971737439,0.194797665664103,-0.65769874288133,-0.445407357807304,-0.286947354289666,-0.143603079545303,-0.0236776356937103,1381.16245197504,1.00256675608757
"log_lik[519]",-0.839087068985567,0.00271480204654607,0.130641198139844,-1.08799149658894,-0.918394653709054,-0.84378137819707,-0.763627093914007,-0.563230122841302,2315.70894752302,1.00100335428016
"log_lik[520]",-0.329487049125075,0.00450462320628051,0.169775286994922,-0.65841014020627,-0.457101347539558,-0.324812917112729,-0.193770060703269,-0.0534862711028837,1420.46980684663,1.0022893542651
"log_lik[521]",-0.509559779812947,0.00184582725508287,0.101583939303656,-0.757387277403948,-0.55235186838826,-0.494614864526094,-0.447130478451528,-0.345613449454999,3028.78183307564,1.00215166085227
"log_lik[522]",-0.645594597970916,0.00547998892583165,0.235857730590309,-1.04052186023006,-0.826216156748826,-0.661177882360625,-0.469892896796557,-0.189422316995762,1852.42600542359,1.00386087408366
"log_lik[523]",-1.13952430340314,0.00540299743910746,0.287694073386811,-1.8275649765127,-1.2873806677168,-1.08043004073469,-0.942582920814377,-0.709146104422333,2835.25619012584,1.00040518891996
"log_lik[524]",-0.399430063060682,0.00315879383220287,0.131426701478635,-0.664589834694192,-0.486664715684865,-0.4008208173137,-0.308481733643661,-0.156054903336431,1731.10995437952,1.00159558180814
"log_lik[525]",-0.843842924728652,0.00230421563967204,0.124088516585504,-1.08053184387738,-0.92166796804667,-0.849440256857806,-0.772736370219518,-0.579720493126283,2900.12652583059,1.00058248084606
"log_lik[526]",-0.966201610405707,0.00201887908912933,0.135634751456579,-1.24907380725149,-1.04361611871272,-0.95988182374536,-0.884319434109725,-0.707669731948148,4513.58195198099,0.999906200428068
"log_lik[527]",-0.450237418621403,0.00227007853437274,0.136074274474772,-0.713873900214408,-0.51658096575271,-0.451226973973016,-0.374070693252634,-0.205070042324303,3593.10816106359,1.00098644978579
"log_lik[528]",-0.686822140511771,0.00496883662078977,0.294017024874635,-1.49978094772799,-0.77077694724373,-0.602546749090277,-0.513328749814053,-0.356975780436989,3501.34998122002,1.00378440320437
"log_lik[529]",-0.998756455338218,0.00270835008461536,0.171165063392646,-1.39064939031404,-1.08719036698183,-0.982704470961669,-0.894654709072953,-0.690712566995347,3994.11576624482,1.00118936085869
"log_lik[530]",-0.420076915663883,0.00311260959411491,0.181031942247355,-0.755838310762907,-0.505555957480871,-0.42531717283186,-0.31858729841533,-0.119771865706444,3382.6815777873,1.00105762756051
"log_lik[531]",-1.0257784484081,0.00332799336436771,0.20417390882164,-1.51637865041704,-1.12537233793078,-0.996229632418329,-0.901854828355639,-0.686647384743559,3763.87839067331,1.0018716102614
"log_lik[532]",-0.885757095056389,0.00191623538832661,0.126610666844052,-1.15854437529835,-0.957333921856154,-0.880669066342909,-0.807966986323932,-0.644745677067143,4365.58933451546,1.00103674226852
"log_lik[533]",-0.528867923573072,0.00121342629171043,0.0835684120994816,-0.709764880520364,-0.572917383195986,-0.52369000666876,-0.477510370694657,-0.373623190267213,4743.04777133173,1.00055346594399
"log_lik[534]",-0.55688039508857,0.00241263950573132,0.132632794266894,-0.847436321471996,-0.604378256634782,-0.539490243711744,-0.484341151078074,-0.363582376172483,3022.15662969591,1.00377063691845
"log_lik[535]",-0.461511908916572,0.00188537341879121,0.115175233147638,-0.699689502630167,-0.52056665177728,-0.460875975706836,-0.39234891770692,-0.247827495526594,3731.84365256385,1.00079657468649
"log_lik[536]",-0.359244446254561,0.00307108929742043,0.140856080729553,-0.62435012267004,-0.46492937297434,-0.3606012770177,-0.251933846817732,-0.098655194003658,2103.61525338388,1.00165716368789
"log_lik[537]",-0.424165526023571,0.00211309303005982,0.111198632698549,-0.641712294620939,-0.497120512847135,-0.431021998024716,-0.351766440398304,-0.199206709664151,2769.24677949612,1.00233685149923
"log_lik[538]",-0.358417227745083,0.00327917094071659,0.147456912231979,-0.623607252360092,-0.470056294997659,-0.366095817491746,-0.245470355429328,-0.0853192180028459,2022.09780401139,1.00254157858975
"log_lik[539]",-0.742377129460966,0.003587265131989,0.193625387132017,-1.09136688025793,-0.880106990140991,-0.760430016574956,-0.612688845388914,-0.339912883289714,2913.38342927358,1.0003015763337
"log_lik[540]",-0.789625235893003,0.00292201629401717,0.173522616724586,-1.10456534994218,-0.903298204572924,-0.809643743614591,-0.685011687980075,-0.400847018125593,3526.5245353007,1.0001758042011
"log_lik[541]",-0.432986238896957,0.00189313834288629,0.103668661091315,-0.642121528245211,-0.499270406680032,-0.437576560047414,-0.364601429714779,-0.230663692409833,2998.68105486953,1.0019756610039
"log_lik[542]",-0.354809686354106,0.0032728724391128,0.147105982368711,-0.622216501071557,-0.467648001441195,-0.359626904709662,-0.241642461341089,-0.087838603948992,2020.23788610843,1.00235933151509
"log_lik[543]",-0.755569912674791,0.00338733199286486,0.188237370624511,-1.09219257585473,-0.887004166062749,-0.775490406220355,-0.632301916300096,-0.354919251106544,3088.1342183129,1.00027800929612
"log_lik[544]",-1.40803467694654,0.0100501387202847,0.555453906522582,-2.84444536466223,-1.66648275372681,-1.25189937823785,-0.999812775519951,-0.770466555795,3054.58305672162,1.00143387613873
"log_lik[545]",-1.269520410453,0.00784908882699471,0.453449467181375,-2.51700147145112,-1.43665047539217,-1.13148961132169,-0.962417119591085,-0.758589597450965,3337.48485741511,1.00218091097183
"log_lik[546]",-0.430711700772635,0.00194690334400534,0.105535909978724,-0.641801160777439,-0.498774273667686,-0.436350440984092,-0.361587970804667,-0.223407446925046,2938.40555408982,1.00207279046707
"log_lik[547]",-0.515646020173299,0.00182892194853521,0.110127278509651,-0.77942794322559,-0.554092087300521,-0.49989521217648,-0.452791486358583,-0.359759578852714,3625.76348005204,1.00035269443239
"log_lik[548]",-0.36293754343229,0.00260517619229156,0.135562538932303,-0.599054510479303,-0.460668842752996,-0.371960188729748,-0.263097764243156,-0.10720323545815,2707.72894085655,1.00292417697878
"log_lik[549]",-0.323735938120228,0.00338432655924024,0.166489680444385,-0.599670033869306,-0.44749826909452,-0.33285040413034,-0.195314397863502,-0.0429490164439402,2420.08218733384,1.00403518794012
"log_lik[550]",-0.715310890146464,0.00483112656233016,0.241804718530675,-1.16234466505574,-0.886741050398491,-0.738694597682056,-0.550912025206088,-0.232465179358115,2505.14410293098,1.00150529176185
"log_lik[551]",-0.36432387129562,0.00262760065657171,0.138276516737069,-0.600417860265439,-0.463546935129713,-0.3761418961607,-0.264022635616408,-0.101640373767432,2769.35185876897,1.00342603151852
"log_lik[552]",-0.681874140060966,0.00405849156082166,0.258388086204429,-1.3485508870672,-0.770391480625839,-0.607941154211746,-0.516260296229342,-0.369694619109611,4053.36465409739,1.00100879665191
"log_lik[553]",-0.733200340682021,0.00617802164677213,0.369742239496573,-1.77275264533669,-0.815308026314675,-0.613722757149252,-0.516854224943059,-0.366394815298817,3581.78310362327,1.00228799521549
"lp__",-500.677122476111,3.4789067529733,24.021831608366,-549.939854441349,-516.669903906859,-499.430653803129,-484.139797458743,-456.460372918147,47.6789475090695,1.10715161434112
