"model","parameter","estimate","error","ci_50_lower","ci_50_upper","ci_80_lower","ci_80_upper","ci_95_lower","ci_95_upper"
"recall","b_Intercept",0.230939374087972,0.0245369271438072,0.214391608597082,0.24780108502655,0.199762658320655,0.262358942866799,0.182242625236667,0.279136557073988
"recall","sigma",0.211539897052406,0.0177202693278122,0.199409267924423,0.222635582387422,0.189857981477235,0.234229435761042,0.179696391432714,0.250076566177714
"recall","Intercept",0.230939374087972,0.0245369271438072,0.214391608597082,0.24780108502655,0.199762658320655,0.262358942866799,0.182242625236667,0.279136557073988
"recall","lprior",-3.14617907071986,0.000839463393664906,-3.14669144607928,-3.14559339024073,-3.1472745342599,-3.14519010602299,-3.14809225653781,-3.14479826758014
"recall","lp__",6.0083019319891,1.015799283055,5.64558088646194,6.72667211670362,4.62934707064388,6.92199010799988,3.27283628203575,6.99332343964044
