"","mean","se_mean","sd","2.5%","25%","50%","75%","97.5%","n_eff","Rhat"
"decay_rate_mu",0.0240901927900188,0.000327936344876609,0.0208871800400933,0.000718035567837137,0.00804290017980033,0.0184584912764057,0.034876308445333,0.0756225533730798,4056.77122315848,0.999665850233318
"decay_rate_sigma",0.0352748204583652,0.000532606395079697,0.0329930676615378,0.000961507407824768,0.0110036286519235,0.0261618213651436,0.0497159717038725,0.11868526863293,3837.36086228037,1.00032245721379
"decay_rate_raw[1]",0.788282642027203,0.00907232790223619,0.601924421532187,0.0305206409852321,0.310259021214264,0.671266307422296,1.13139529471668,2.26945041879761,4401.96363961186,0.999972175875255
"decay_rate_raw[2]",0.820261009628238,0.00929953980186361,0.624455826393274,0.0284044893554516,0.314524465307383,0.687825463792727,1.19839730861094,2.31210090946668,4509.00305016618,0.999544997517369
"decay_rate_raw[3]",0.735322001988145,0.00830568184805883,0.577943811105666,0.0286392129852928,0.278616250637116,0.593455321346968,1.06937469983418,2.13551571612894,4841.95392348238,1.00062234694749
"decay_rate_raw[4]",0.789659090360397,0.00825650156189961,0.60160901173286,0.0345271097613311,0.308174032184898,0.662541433615014,1.13348264352192,2.21819844772123,5309.29102344166,0.999680257722026
"decay_rate_raw[5]",0.766630260184782,0.00803715525901713,0.564906704699804,0.0302080222890613,0.316701973977112,0.65312793316833,1.10732102244125,2.114300749643,4940.24790451517,1.00020059930164
"decay_rate_raw[6]",0.716339246885946,0.00825135760320641,0.571828575865892,0.0293444382539302,0.268137325965824,0.578733086527093,1.03008813245646,2.12193857255302,4802.64947367137,0.999776080221078
"decay_rate_raw[7]",0.706970781285185,0.00794024637820514,0.569738252844228,0.0263046475073537,0.261806602653944,0.569806645537599,1.01333619973879,2.13622960550557,5148.52471799062,0.999521890748839
"decay_rate_raw[8]",0.814265550610026,0.00900598937434728,0.602204232159733,0.0427691749310025,0.333683116922862,0.693689168366759,1.17353062052302,2.23087053456208,4471.20668747932,1.00017379666745
"decay_rate_raw[9]",0.735864872977846,0.0077801163327796,0.566985929736888,0.0276723779660368,0.286473052115028,0.608342039604935,1.08099233641317,2.09606400333541,5310.95206368108,0.999711118227034
"decay_rate_raw[10]",0.725616415057733,0.00807509650338155,0.583010800806657,0.0252520074857772,0.262415284580893,0.593136085702837,1.05814177915019,2.17062322377487,5212.64031675771,0.999303193044428
"decay_rate_raw[11]",0.789953543395818,0.0090088619336602,0.593336187266443,0.0334562548750808,0.314199968957122,0.659354898334622,1.14310520582438,2.18415492179628,4337.72295588188,0.999748437709873
"decay_rate_raw[12]",0.807818692107056,0.0084185416033895,0.591819442537996,0.0357433116910332,0.340193637989614,0.702410784919044,1.13944144863781,2.23706594200615,4942.02265785884,1.00035679063483
"decay_rate_raw[13]",0.79485956582447,0.00810076860134656,0.59209746512991,0.0363726385341481,0.33076469147254,0.681419071057104,1.12376116261503,2.25449000177348,5342.36984277183,0.999756103769903
"decay_rate_raw[14]",0.784430342224864,0.00802423484256511,0.580641493036663,0.0277617828651473,0.326380311683472,0.671041329015615,1.12666517296403,2.15041604012488,5236.11135583388,0.999644558894797
"decay_rate_raw[15]",0.787649973378808,0.00828679093927643,0.610070877177716,0.0312155752206046,0.301418670477576,0.656383961236702,1.14466230691138,2.23249386618751,5419.85692796608,0.999883319905637
"decay_rate_raw[16]",0.804069127922904,0.00842897422880174,0.597589222797587,0.0399827736910925,0.323906011748653,0.681540420509642,1.15678859631411,2.25523764520545,5026.38859415327,1.00001314477278
"decay_rate_raw[17]",0.768829055576421,0.00822726794876691,0.584478238656474,0.02720708747856,0.300820575473954,0.646922374448407,1.12354267728285,2.1653011647501,5046.90823885921,0.999269553121115
"decay_rate_raw[18]",0.80636888094088,0.00839588301424037,0.597974168893136,0.0301284625450118,0.32232596344647,0.691745924825058,1.15680584409717,2.23383045396801,5072.61720640355,0.999250230609033
"decay_rate_raw[19]",0.801614811381228,0.00844445304214888,0.608444173934871,0.0301711661773047,0.320144654130729,0.67135178324565,1.16242225804755,2.2840857465897,5191.56652959636,0.99950066828196
"decay_rate_raw[20]",0.809524024388133,0.00839161787262425,0.608320698828424,0.0292579648458743,0.328667453968528,0.687153370430008,1.16685276457395,2.26328458185934,5255.01293878768,0.999385543406915
"decay_rate_raw[21]",0.837831773789394,0.00886520564733757,0.604787794825748,0.0341759351832099,0.346217535036856,0.731297101542078,1.22812492252821,2.24437085670765,4654.0217369419,1.00095813836911
"decay_rate_raw[22]",0.77319837575591,0.00864206308679745,0.57619263569302,0.0332879929939158,0.306184153366694,0.665688311512925,1.11678130329203,2.13831757671536,4445.29453787089,1.00009552613154
"decay_rate_raw[23]",0.825882568100076,0.00904203176108771,0.63708619106129,0.0245193836010359,0.320784894965123,0.687365509921793,1.19256543012733,2.36297237299998,4964.37211103187,0.999746537786213
"decay_rate_raw[24]",0.772117788308036,0.00851724833788251,0.588021399858539,0.0343588632788036,0.314341578402489,0.639594555714503,1.10532198119232,2.16438793698406,4766.36879862412,0.999804306744207
"decay_rate_raw[25]",0.770955807279559,0.00814066790115407,0.590501657134472,0.0284295621468321,0.3107125218501,0.644010610015598,1.10434246799724,2.21499646932371,5261.65253814801,0.999625902203463
"decay_rate_raw[26]",0.834855282763824,0.00811512527221838,0.612127416510119,0.039373569948314,0.357955765506146,0.718055863840524,1.18066603000724,2.30172963401392,5689.75028535445,1.00011848363971
"decay_rate_raw[27]",0.806438167775618,0.00841724087137292,0.581914352801207,0.0408167467851699,0.343724404444706,0.688906420008942,1.16401668431547,2.16880586411563,4779.45775846355,0.999785314742778
"decay_rate_raw[28]",0.764955713844371,0.009169189902137,0.577611758209719,0.0237526766008124,0.310685357677099,0.649602768282869,1.09512263259932,2.17460907095646,3968.35134229149,1.00007724290724
"decay_rate_raw[29]",0.832377272187296,0.0100628575415767,0.627525369884108,0.0366918331063852,0.330548053900194,0.706227867017055,1.19613458064192,2.34959560784518,3888.83867992104,0.999416713376256
"decay_rate_raw[30]",0.757026590827937,0.00812230132916362,0.575704055672734,0.0248208292602473,0.300730531341044,0.62960794771737,1.09292013008087,2.07028217281585,5023.89302420046,0.999987778527989
"decay_rate_raw[31]",0.803046060868911,0.00853611996200018,0.592478253229828,0.0332662011609021,0.328655789844094,0.693562785303606,1.15205762037521,2.22256229854438,4817.52313586841,0.999613661654165
"decay_rate_raw[32]",0.806144748354564,0.00911792921539262,0.614371119991848,0.0296597203854083,0.318914295350487,0.676443961565698,1.167669632011,2.25380295005048,4540.13902964823,0.999685886111504
"decay_rate_raw[33]",0.720871346871022,0.0077222414097454,0.568365941436068,0.0278283671052555,0.269255147767528,0.595294633148453,1.03309571971408,2.1246860131946,5417.1310560287,0.999874458536079
"decay_rate_raw[34]",0.667123923926887,0.00731059673914156,0.550312095520941,0.0197711603368484,0.230579448620228,0.537051043296388,0.968193358001094,2.0170379861874,5666.46825537588,0.999490704530702
"decay_rate_raw[35]",0.782879202125502,0.00870119869744737,0.576640149543467,0.0429135581681128,0.324779698807919,0.664534850317855,1.13076507592099,2.14642554567905,4391.89130141614,0.999628457772296
"decay_rate_raw[36]",0.81056771059471,0.00891738202129759,0.627543485275189,0.0278937775336219,0.310272513451711,0.678980138935521,1.19343635332382,2.31378964891327,4952.36797225349,1.00005592665948
"decay_rate_raw[37]",0.750307438488989,0.0080266387036581,0.586400254419315,0.0242903639951197,0.28161293735052,0.619011869797764,1.08895226524246,2.13677860496746,5337.2908559481,1.00040877848
"decay_rate_raw[38]",0.862730944687171,0.0093071714312468,0.627001875395918,0.0374260623959388,0.371062326072687,0.757651329954616,1.23130717373133,2.32952693144183,4538.39459065907,1.00006243638245
"decay_rate_raw[39]",0.81453945331138,0.00863529107837704,0.61116260130157,0.0299600533601187,0.332802381185562,0.706487553744654,1.1741191834016,2.25896346730584,5009.09857975665,0.999966230009834
"decay_rate_raw[40]",0.777409104266652,0.00836786505067404,0.592425108616916,0.0298861611346428,0.312876643880221,0.656569402031599,1.12263734501872,2.21576310494897,5012.30601893119,0.999188747331305
"decay_rate_raw[41]",0.828681649141526,0.00897289857225567,0.612256783896739,0.0342099297261938,0.343912619980037,0.711523097170716,1.19384675027504,2.27459268742556,4655.87910150757,0.999926994623343
"decay_rate_raw[42]",0.778650458922662,0.00882429236160306,0.599975831454073,0.0254025121097991,0.299754347858047,0.650489481074387,1.13893694293861,2.25090715225514,4622.82800495224,0.999861506017765
"decay_rate_raw[43]",0.806310767177661,0.00916877664293225,0.609128707625487,0.035050972558962,0.307107288514793,0.687208124669405,1.16841165375671,2.25050436454586,4413.62417093,0.999857732451937
"decay_rate_raw[44]",0.791222003532434,0.00890771492727828,0.619862882212731,0.0283887170605534,0.286633491004406,0.660997740791973,1.15212499651197,2.25483895420226,4842.37749804056,0.999339875021003
"decay_rate_raw[45]",0.803708864545036,0.00850271836570612,0.595068854781048,0.0263129653011093,0.331822503912079,0.698968789637211,1.15124520477465,2.20257288291505,4898.00080637289,0.999716947527963
"decay_rate_raw[46]",0.767846910123357,0.0084841458852738,0.597683589221798,0.0266988332470891,0.294432768761151,0.63947660533068,1.11602191530313,2.22587608861358,4962.79581860578,1.00017090658686
"decay_rate_raw[47]",0.826175875575041,0.00912609092686338,0.630458867207019,0.0237512713465939,0.326040070058783,0.697103494639043,1.174312432605,2.35358948071525,4772.47796211916,1.00020918168618
"decay_rate_raw[48]",0.779519612311692,0.00859095420868928,0.602701959216573,0.0366566093961468,0.304646480522416,0.632180318743395,1.11775454475754,2.2391122950922,4921.78227766719,0.999509818733208
"decay_rate_raw[49]",0.810856316509932,0.00969912922446844,0.628487630057132,0.032136749396673,0.307615907304947,0.672735981257161,1.17318602665726,2.33529069133196,4198.82696275067,0.999826133914969
"decay_rate_raw[50]",0.830202424066006,0.00904299551313704,0.622316515222344,0.0328253605358733,0.32055683114999,0.71028337907836,1.20850350537828,2.27447049615744,4735.85091644677,1.00026542287111
"beta_mu[1]",0.426533594463134,0.00132633779034975,0.101963595458349,0.230671607662024,0.357660894364605,0.425184279676352,0.494730207454156,0.627998421973781,5909.92534453688,0.999297852667105
"beta_mu[2]",0.15307952747668,0.000603308784098794,0.0374134393128458,0.0830057328990053,0.127179935894255,0.152258820577823,0.176934648124099,0.228394453012226,3845.7050252037,0.99967810212152
"tau_unif[1]",0.0708489900196078,0.0012273815865509,0.0500894731936549,0.0025475293515632,0.0306699531839623,0.0628724983542469,0.101742673559828,0.188225434749769,1665.45813797186,1.00150319222674
"tau_unif[2]",0.0656904840531577,0.00053650521177659,0.0198601560850538,0.0266072028140524,0.0529469076782619,0.0651640543809815,0.0782948896084742,0.105079243585276,1370.30557421182,0.999745561935166
"Lcorr[1,1]",1,NA,0,1,1,1,1,1,NA,NA
"Lcorr[1,2]",0,NA,0,0,0,0,0,0,NA,NA
"Lcorr[2,1]",0.17480955018727,0.0148856661332953,0.408951144507439,-0.680099340179047,-0.113781264300363,0.211260345750394,0.490793725382254,0.845933924455509,754.755536988757,1.0024914288252
"Lcorr[2,2]",0.885267258015681,0.0038812900797134,0.13619439027512,0.515584933069892,0.832121214516156,0.938667969321306,0.98510660039615,0.999886337640276,1231.30667838712,1.00397550396861
"z[1,1]",-0.0794925202395627,0.0169478738830594,0.989887022526115,-1.95675086040069,-0.763742704203654,-0.0929759541747195,0.583439822040297,1.87668607872326,3411.46416918498,1.00022345905466
"z[1,2]",-0.151156505073951,0.0161451293002818,0.97433309184221,-2.01500504421774,-0.818718770757035,-0.164840481847935,0.498394668736903,1.78350852999054,3641.93215439386,0.999771972279561
"z[1,3]",0.426456232834563,0.0188037122932454,1.00550782516499,-1.60208909617361,-0.234299519488915,0.469823930571594,1.10729639088449,2.34692080886811,2859.45794917303,0.999560493866174
"z[1,4]",-0.121259262628959,0.0111061937000533,0.888798413252551,-1.85550981034753,-0.706361539049622,-0.111515139258124,0.460101491843225,1.60294370060956,6404.36468361606,0.999190441532415
"z[1,5]",-0.0770437375005374,0.01214970165178,0.933736061347592,-1.95462881822972,-0.69716815867455,-0.0772481049277555,0.55293771217065,1.74458765613808,5906.32086399343,0.999625162096109
"z[1,6]",-0.428285480759455,0.0283581103964075,1.14281019065889,-2.60063620182099,-1.20595604903014,-0.463952724988872,0.335589824334247,1.92099780974322,1624.02844287469,1.00136222225054
"z[1,7]",0.156913007790881,0.0186876629571748,1.03232366926712,-1.90771433400163,-0.523034649259936,0.163863352585364,0.87261814294902,2.19780040910832,3051.55909383514,0.999772049284299
"z[1,8]",0.0414752912266034,0.0178672043422192,1.00206264440958,-1.9444452165462,-0.617647868445661,0.0426591234644329,0.723908238768843,2.0034030698006,3145.40473569468,1.00002337237652
"z[1,9]",0.055828202703605,0.016905077441639,0.998581053995496,-1.90001526252584,-0.620966394066544,0.076216269361214,0.719940826139784,1.99106577285977,3489.25182827338,0.999944330390085
"z[1,10]",-0.260907454940925,0.0118095339119967,0.940189138053624,-2.08691115643934,-0.893297872290721,-0.261753893031221,0.359938677936066,1.54143111065959,6338.18547415922,0.999530370630237
"z[1,11]",0.347492333338258,0.0138765400124598,0.976221468080418,-1.58702659529234,-0.312472666445623,0.359338462798807,0.998255120778185,2.21295219812584,4949.19224121019,1.00026544277603
"z[1,12]",-0.411045368366636,0.0171338865740821,1.03252209227807,-2.37796207708288,-1.13144731928505,-0.445329128252176,0.276108495758372,1.68640070418495,3631.50737467526,0.99948172660802
"z[1,13]",-0.393628976539999,0.0151066374286206,0.988793322620215,-2.31580881403916,-1.05902485488696,-0.406518255169401,0.244333435075638,1.58541306792727,4284.25624084352,0.999752826350597
"z[1,14]",0.154579097724766,0.0113198399938499,0.915836089939966,-1.66410272800306,-0.459218606327037,0.165033457469011,0.766596397238753,1.89825110733356,6545.68242408729,0.999634087299256
"z[1,15]",0.108979826754008,0.0126171866021526,0.951688486624484,-1.71493672484766,-0.548815566375274,0.116929694898521,0.748432987190236,1.96887046427838,5689.37524014541,0.999388742982788
"z[1,16]",-0.0259673130731251,0.0109039820708092,0.94734241281688,-1.88826188742275,-0.644551499017236,-0.0134422203820724,0.574805361252406,1.81522406765833,7548.20532102283,0.999269766523709
"z[1,17]",0.401681500543084,0.013018694765244,0.968074397720405,-1.51038476233064,-0.23713557894451,0.412277036841297,1.04695664271088,2.21835310958628,5529.45820714238,0.999369205402205
"z[1,18]",0.323178804998613,0.0133595451919797,1.00593621340997,-1.68489853759109,-0.334743615915017,0.330871787647399,0.970980985484875,2.27820135191403,5669.66683064222,1.00000142763584
"z[1,19]",0.234477745376403,0.0133660873939792,0.955084203599005,-1.68969485515076,-0.403567587030803,0.237372548044133,0.886488830623207,2.12766506546785,5105.92853084261,0.999500223599188
"z[1,20]",0.0237870734023143,0.0153561254515916,0.951362105883682,-1.81648814105098,-0.643253967216736,0.00370480395982874,0.667345822230198,1.95160812615239,3838.2070151767,0.999732970518349
"z[1,21]",-0.124330542290982,0.0122881539869353,0.938555615881991,-1.90827292007761,-0.741093063900786,-0.125397994812409,0.489366143879849,1.73863925837397,5833.73551154306,1.00001709290832
"z[1,22]",0.109855601714801,0.0139336722348653,0.936018955523467,-1.71878247880385,-0.528273646956768,0.123133212667314,0.746259086216519,1.92335040478981,4512.71708297193,1.00010898411722
"z[1,23]",0.135007280286708,0.0109369249442008,0.927352944213629,-1.73292338149597,-0.490536428152488,0.135267670472058,0.74388050060065,2.0062705102097,7189.51587145425,0.999667654751762
"z[1,24]",-0.111191123051138,0.0116650333078574,0.944894892370238,-1.91600275161514,-0.741595433351971,-0.11465700571512,0.500501238943171,1.82199570769491,6561.37767244681,0.99943334196538
"z[1,25]",-0.204656409502973,0.0115961284313018,0.927314699774409,-1.99193687943524,-0.838086950304504,-0.191805552520788,0.40229517553186,1.67377038945425,6394.81897833218,0.999710782577215
"z[1,26]",-0.298983114982431,0.0224866430738359,1.06154820088957,-2.31982614904756,-1.03363767551192,-0.348544369195006,0.4448561328487,1.82316532504503,2228.59003511993,1.00068929761875
"z[1,27]",-0.243368784669294,0.0155725836720845,1.01766881695488,-2.16592271569313,-0.923082735445956,-0.233921435247775,0.418611079757477,1.71996097499229,4270.62647812883,0.999780067116148
"z[1,28]",-0.0698514192365534,0.0100006614508602,0.94437108284594,-1.95044258500561,-0.698483846672471,-0.0799282848939296,0.560286116151519,1.84524284369645,8917.18772584362,0.999156190299601
"z[1,29]",0.188923245923863,0.0107652136851114,0.968613353887154,-1.75364707728534,-0.469504161807457,0.183360362793095,0.853197854983573,2.05354473295402,8095.72215484804,0.999423149522572
"z[1,30]",-0.240522559750009,0.0128511290370498,0.919472602480305,-2.07191419996878,-0.848563765987797,-0.248999644314702,0.376347407682254,1.54157383032627,5119.11655049839,0.999874173008544
"z[1,31]",-0.325242888449494,0.0175046960840349,0.954186183099305,-2.12248068922452,-0.976965995343519,-0.329244368181275,0.288257729531545,1.66038262477376,2971.37248316257,0.99977618614464
"z[1,32]",-0.0588552872180236,0.0129606849819532,0.92088342319772,-1.84687414752737,-0.705129971768521,-0.0503918425467614,0.566933043619845,1.79249036138531,5048.39584664118,0.999430282544396
"z[1,33]",0.167226395142453,0.0145112657886627,0.976656507254639,-1.76737224494816,-0.468558385039039,0.152298522459482,0.816424859023439,2.1105210851734,4529.73820276878,1.0000713651183
"z[1,34]",0.0455673810162011,0.0156255918145272,0.980726958440932,-1.90011453154911,-0.611611922998721,0.0430966081376714,0.713928000381109,2.00625488969899,3939.33828385719,1.00050224948482
"z[1,35]",-0.0416727072765426,0.011101538545164,0.939675517746978,-1.85954146014524,-0.68121763845829,-0.0598261576122235,0.580838092950888,1.80069990340232,7164.55929824474,0.99955458368178
"z[1,36]",-0.0282184602618288,0.0144204830480234,0.965306623742652,-1.91059613483058,-0.70955412681928,-0.0354048571138218,0.638692165528865,1.83546936247172,4480.95885130084,1.00017658910994
"z[1,37]",0.213990624691078,0.011483414535439,0.950513997266094,-1.67981426647264,-0.435391351797112,0.22539764501754,0.849036801311799,2.08476848605367,6851.33097932232,0.999614137330649
"z[1,38]",0.492967115480751,0.012773976692772,0.94252557680445,-1.39483726751823,-0.130982628938365,0.49192477606114,1.12215460519079,2.32353197396661,5444.19972994528,1.00010812170084
"z[1,39]",-0.149218546662728,0.0127054740420107,0.957177903061059,-2.00881662462377,-0.783571560804762,-0.167424826700653,0.500654745556751,1.75809858484042,5675.49286209901,0.999793118790582
"z[1,40]",-0.0107963896858957,0.011853064685985,0.906734633160382,-1.83653142819838,-0.607687064415164,-0.0194483302937693,0.588976047577984,1.73603647036383,5851.92968692308,1.00005843728536
"z[1,41]",0.273267621918253,0.0136677490332598,0.966202290266599,-1.55978263745709,-0.390029297081677,0.27518025156469,0.930320456233374,2.16477098887019,4997.37723152391,0.999607639497006
"z[1,42]",0.223572995988103,0.011762611502897,0.906566139907567,-1.5213699649162,-0.386080013036151,0.197504814430848,0.839177183340464,1.99095050228749,5940.06889019477,0.999566941528741
"z[1,43]",-0.321497016695281,0.0137674857810179,0.93348722278173,-2.11564141596191,-0.958975180350223,-0.334354825528801,0.300752529655441,1.55593078413332,4597.34909280982,1.00011492762351
"z[1,44]",0.0818220259986597,0.0120516078422912,0.982023372584617,-1.90207540814194,-0.549304058355133,0.0847823672048199,0.721460002184843,2.02900806820778,6639.77963410919,0.999164185627338
"z[1,45]",0.270238779256526,0.0150547378769251,0.96446691711635,-1.6003156651467,-0.394896616165252,0.272928059147255,0.927285351814015,2.14111663479615,4104.19771108806,0.999310145204917
"z[1,46]",0.107639003312886,0.0133253333565843,1.01770364413273,-1.86654690976024,-0.581029082592924,0.112575666192998,0.799544604815781,2.06751753507706,5832.9263699153,0.99964706790433
"z[1,47]",-0.0903671362553798,0.0109410521563151,0.911143831446368,-1.89551237748325,-0.695873525553912,-0.103868631664247,0.509526914850766,1.72466832678682,6935.14749410395,0.99956731971708
"z[1,48]",-0.344943945977271,0.0113704718272661,0.909706024138628,-2.09857753661398,-0.956949645776272,-0.367500542841524,0.287169320278515,1.45117402528601,6400.96081177102,0.999504313345099
"z[1,49]",-0.0500567532179767,0.0147935399896843,0.964021627840069,-1.93417436421809,-0.691314658970179,-0.0508149516553811,0.587215195421426,1.86310399248661,4246.4824617302,0.999651500621013
"z[1,50]",0.0648135681479249,0.012464771164595,0.937132160305106,-1.76756956261783,-0.580730845353038,0.0783006420458827,0.700672841886815,1.85427438341357,5652.40230146852,0.999422495115736
"z[2,1]",-0.886850293641429,0.0106720394705272,0.863353194335532,-2.53784309460671,-1.47863797343222,-0.902525669185565,-0.311106772570006,0.826548844729883,6544.58563518216,0.999572798849804
"z[2,2]",-0.623188178160097,0.0086129514484808,0.798409977612739,-2.17161101884482,-1.1481035099347,-0.649620442386907,-0.109753390935051,0.984909498081469,8593.06136258781,0.999397747398731
"z[2,3]",0.75369109744413,0.0103019373476134,0.862222614432801,-0.959810056467691,0.196248148592963,0.760077072260421,1.32274363663563,2.44806029005323,7004.88500390761,0.999432446739327
"z[2,4]",0.2747037900578,0.0102170047637678,0.801508221211141,-1.28669953241349,-0.248184542605322,0.275352995262341,0.800820456196929,1.87054845939373,6154.15982723269,0.999732191619094
"z[2,5]",0.390262768039658,0.0104598787455952,0.830509847784635,-1.24051273304898,-0.165815471714303,0.409074835953987,0.938995143174055,2.02938768122678,6304.29130828555,0.999448193750681
"z[2,6]",-1.52277546848862,0.0132458245520381,0.821848984456202,-3.08811175061448,-2.08206649689904,-1.55333732465266,-0.984991297390252,0.157656922336672,3849.69257214013,0.999996900855059
"z[2,7]",1.00359195347885,0.00992225954101332,0.827783242464776,-0.628810635585885,0.469240522595471,0.988959520753381,1.53938023464393,2.65630055770638,6960.04575957718,0.999905033541599
"z[2,8]",0.890289083836052,0.0106951020107307,0.844902639331214,-0.793764425462293,0.351736491955662,0.90008606669642,1.43602790465136,2.60345409680006,6240.8460722061,0.999403949608792
"z[2,9]",0.866953136579074,0.00967617442431649,0.853724481393164,-0.873455137739825,0.30273173267289,0.876175564477184,1.44577313952632,2.55970995215139,7784.45287706957,0.999686765080073
"z[2,10]",0.0171318148348615,0.0100417574014771,0.828067686246888,-1.55489240903335,-0.537046059099115,0.0103641190582651,0.54888735693097,1.70355262099377,6800.05185976452,0.999584060988717
"z[2,11]",0.551051878427724,0.00996395257722898,0.838915749069486,-1.11806698621303,0.0126913118021613,0.548281842914756,1.09798683419714,2.19710652315633,7088.81089986659,0.999245731078982
"z[2,12]",-0.717554432561573,0.0103809578928433,0.867848134433395,-2.34970583427527,-1.29606513630678,-0.743009563737391,-0.149676383957835,1.00080271650024,6988.96087927638,0.999381436304719
"z[2,13]",-0.442247847425713,0.0102072895393748,0.882457060146502,-2.15000377929988,-1.03561926614623,-0.44471539232468,0.14244836056684,1.29808070123438,7474.22720973923,0.999205683958785
"z[2,14]",0.213684984034032,0.00908097346690943,0.815756766282699,-1.39086937372107,-0.335182759218096,0.209782768027834,0.758574555607383,1.84411076186226,8069.68450923782,0.999346540773347
"z[2,15]",0.336576620181407,0.0103185229088193,0.824597322279562,-1.28055237401406,-0.197602373847339,0.333004123734409,0.873869424438584,1.97434535725645,6386.29204503354,0.99937174966397
"z[2,16]",-0.00693941635269078,0.0105149980928417,0.915806080423177,-1.74868289754398,-0.610590129200044,-0.0172471784243327,0.593749174437877,1.83294289970935,7585.57748314518,0.999473592275499
"z[2,17]",0.259184063842539,0.0102251365900002,0.850133092336788,-1.42994602350146,-0.296890752760278,0.266732843065308,0.822291738754186,1.92827407408905,6912.50737227785,0.999641605878529
"z[2,18]",0.382228332278828,0.00984856504959348,0.894578022572801,-1.34112502900822,-0.225922768496991,0.386624954706157,0.971092286962077,2.19135013134788,8250.69500830299,0.999254123480268
"z[2,19]",-0.576987875343956,0.00979984332918118,0.783876308200274,-2.132399011576,-1.09673434115277,-0.599128286280057,-0.0881140171144016,1.02783478149197,6398.1852729653,1.00016901788403
"z[2,20]",-0.730411701846606,0.00985162107092713,0.788224661052807,-2.29737536708615,-1.26625440661245,-0.733979262436952,-0.208699046393809,0.835630520060376,6401.54258635107,0.999793446616048
"z[2,21]",0.2450553449964,0.00916925082190427,0.820225327030571,-1.34109715457642,-0.307055268343179,0.235935185303043,0.797284108500827,1.85964355774992,8002.00180435218,0.999651960053026
"z[2,22]",0.505242087705841,0.00911718735771972,0.788011758530564,-1.02433781622275,-0.010026776891763,0.488333526923446,1.01975427994538,2.10434276448316,7470.39621803767,0.999386843720039
"z[2,23]",0.301429247881352,0.00934242720503488,0.82439357953183,-1.31198997140777,-0.259943217867398,0.289283206539283,0.850254312146328,1.9585944311509,7786.63390449114,0.999476603467709
"z[2,24]",0.176230946804594,0.00981799733426322,0.85531547373105,-1.47285833109935,-0.378026574531677,0.156034445475066,0.727686460557309,1.904390844181,7589.38943472575,0.999541444949154
"z[2,25]",0.0859441349541763,0.00912456903878027,0.772382859949867,-1.39997128918628,-0.418361981836013,0.0716224170112411,0.590302469321648,1.65147280055696,7165.40153514019,0.999259042285834
"z[2,26]",-1.17134821083403,0.0106301749639107,0.803766997178325,-2.72645351193868,-1.70780031491655,-1.16649860753215,-0.673766590359315,0.465261731900911,5717.14904843891,0.99988408870757
"z[2,27]",-0.64335747385368,0.0108240655321323,0.869626433995862,-2.31846239935042,-1.20851330823464,-0.641789392992887,-0.0786271295377079,1.08950683167845,6454.82747820163,0.999120687086127
"z[2,28]",0.0722203932288832,0.00950151976552483,0.84278253488316,-1.54732210168855,-0.493337056515131,0.0609622332699449,0.614666033748636,1.75812227666494,7867.64764896143,0.999415623187774
"z[2,29]",0.140986367888225,0.0101946004481412,0.893416711982104,-1.60776942678918,-0.480363061988042,0.150376131362317,0.731389038858612,1.92090511811275,7680.11503839217,0.999395311165211
"z[2,30]",0.344204743073864,0.00945427812149385,0.842682469466554,-1.3175739723267,-0.19218111293611,0.332052706895728,0.881673725078273,2.06732580328771,7944.5841684388,0.999463243812962
"z[2,31]",-0.799963259969802,0.010319425422982,0.804453277406662,-2.36084437609608,-1.33467155401637,-0.812073014858827,-0.291491865243382,0.846172833254372,6077.01932101878,0.999732953879444
"z[2,32]",-0.480965532763008,0.010279281408912,0.801193419577821,-2.02086626171284,-0.997748542214344,-0.507392314990158,0.0231935249993404,1.16015171829089,6075.04131887261,0.999790303233546
"z[2,33]",0.552430496779228,0.0114007380389267,0.943628536112131,-1.28009403717096,-0.0768553419334444,0.546348858702864,1.17987540581707,2.41834536515837,6850.71969377859,0.999694893100657
"z[2,34]",0.647730111082092,0.0103160519639011,0.858948466890478,-1.09093851278993,0.0825197800574217,0.659948795343841,1.23544057447755,2.26439602859399,6932.77611644534,0.999600153175848
"z[2,35]",0.0228079767396366,0.00967944271048596,0.823521445198248,-1.58133827002833,-0.506979279084911,0.00296548783641531,0.55644049892664,1.70963092552908,7238.50899904037,0.999330506299667
"z[2,36]",0.704175759262192,0.0105833798182562,0.870263984280298,-1.02455918555679,0.132489105651581,0.725629532020827,1.27206112536564,2.42305017704037,6761.65886921043,0.999363258423476
"z[2,37]",-0.105202203787859,0.00977745855077925,0.806041103879839,-1.68632402049661,-0.619541876053119,-0.103350847567743,0.403911892507758,1.51349878032118,6796.14147770087,0.999795988363032
"z[2,38]",0.0212650185609969,0.0102781209946047,0.789686447987237,-1.55969240355271,-0.486400282821898,0.0143419278347949,0.542047484583115,1.60012465470868,5903.12416593284,1.0008540974488
"z[2,39]",-0.159055254976013,0.00917777855459244,0.826610074819313,-1.7695657197251,-0.706513878328712,-0.176556058494239,0.386387099087528,1.46967961588729,8111.96819324609,0.999709922030076
"z[2,40]",0.340901449142782,0.00916746045507231,0.740850208442373,-1.12005761199819,-0.138921904143628,0.331940189195011,0.817707015319189,1.83488380571883,6530.74496557642,0.999292682946523
"z[2,41]",-0.446847229210658,0.0094294617265989,0.755927207058596,-1.90236723044993,-0.940714993606161,-0.470354868432518,0.0229282543580364,1.07181539998161,6426.67220355388,0.999197474396169
"z[2,42]",-0.314926150461883,0.00951100003983703,0.765574650704879,-1.79300984420046,-0.833266523710141,-0.322722685382047,0.191372395031042,1.23096074770243,6479.21994391338,0.999658000045045
"z[2,43]",-0.313078819866714,0.0108196510411045,0.827468363958745,-1.91317375500589,-0.877606513166041,-0.321663011811074,0.214352675493446,1.35574914006598,5848.92819015409,1.0001151121045
"z[2,44]",-0.194247558455704,0.00907508788651278,0.808727394633554,-1.77579755085019,-0.729707076197724,-0.207179469571437,0.352968815231374,1.40104780408787,7941.50163951603,0.999592693719221
"z[2,45]",0.479943434458733,0.00939666017566035,0.836247623078291,-1.15469350293739,-0.0913596143730349,0.4731816822205,1.03105627145941,2.15535263554249,7919.95566390445,0.999739967553784
"z[2,46]",0.423253023301828,0.0110187957350482,0.979613273177985,-1.4341837008101,-0.252356980018578,0.421590343446592,1.10353162366307,2.35871048085122,7903.8930920075,0.999567235236888
"z[2,47]",0.203363492095638,0.0083990772146473,0.781084274441023,-1.31828914561444,-0.311252577334412,0.194573024511656,0.729864729920201,1.75984341630664,8648.3377240965,0.999513951373677
"z[2,48]",0.0655671871877368,0.0093990288112234,0.777549079416821,-1.41861301619338,-0.456091227739504,0.0459200435914926,0.564581549427056,1.64598260735187,6843.67947867024,0.999335024266726
"z[2,49]",-0.673240177619138,0.0101012619723901,0.779097720771415,-2.13899871211305,-1.20649687324488,-0.683307844480798,-0.158694350305025,0.895503098628868,5948.84425093467,0.99961716814294
"z[2,50]",-0.544380240413236,0.00925925935435251,0.799701249585897,-2.10129855741233,-1.07357934802644,-0.54991826310106,-0.0253592859158589,1.05225544233608,7459.38548808811,0.999712608649859
"tau[1]",0.177954213126107,0.00309904461150102,0.126565540035962,0.00636883715670046,0.0766989333180984,0.157388683813935,0.255237997090337,0.47620065743542,1667.9203096602,1.00150470481604
"tau[2]",0.164528539843381,0.00134733848772078,0.0498932248298107,0.0665337084817911,0.132491099768943,0.163141119664152,0.196138169437375,0.263669273344829,1371.29129406921,0.99974501075606
"u[1,1]",-0.0174611839566027,0.00343481428900104,0.199621748084398,-0.472655840950465,-0.100849531545283,-0.00492559385135074,0.0687132904702076,0.395009757464526,3377.60755136341,0.999925793500505
"u[1,2]",-0.164644150129237,0.00218828309278378,0.141649214678595,-0.479088619830301,-0.254378724023051,-0.155616866051324,-0.0618193172913434,0.0810339366778272,4190.0705203451,0.999756429086732
"u[2,1]",-0.0310522471688204,0.0035018515394542,0.198598534784915,-0.474059250514516,-0.120557034236636,-0.0114788430020169,0.0551371125043158,0.371036750230221,3216.30050951588,1.00049016394681
"u[2,2]",-0.11795067906972,0.00177363045884194,0.118096653617133,-0.35913102673508,-0.194064363359203,-0.112843261508048,-0.0388533539932416,0.101215841474365,4433.52239454406,0.999157787146518
"u[3,1]",0.102982202790656,0.00459221748820781,0.230503092003587,-0.270226946757848,-0.0157739942791602,0.0482773723205412,0.193427128922235,0.707315959691762,2519.46665367259,1.00000016493167
"u[3,2]",0.153483517082738,0.00243627663027505,0.143422136793207,-0.0891622402999681,0.0551402489134523,0.137692633857093,0.238514240150987,0.472629197534218,3465.60593425303,1.00058869313528
"u[4,1]",-0.030985095377739,0.00254383002796864,0.180196581414533,-0.458228821941085,-0.0996154403099297,-0.00637440288202612,0.0512736186809788,0.307664290655124,5017.84123427819,0.999962089158526
"u[4,2]",0.0454813715659714,0.00164161579048299,0.12238417931351,-0.180911705366667,-0.0349533503491349,0.0399358488177934,0.118924499394416,0.311480354076744,5557.85891408844,0.999367162407595
"u[5,1]",-0.0198996377643171,0.00262293248946565,0.192037354572463,-0.455277480423784,-0.0983478602839855,-0.00435137602098751,0.0647014893890654,0.365443284051183,5360.40006916412,1.00004442672951
"u[5,2]",0.0692148295566405,0.00181956325083681,0.131054767275259,-0.169361286010741,-0.0162424988710708,0.059395408363499,0.152715828532814,0.353875081533876,5187.65795290714,0.999677131274594
"u[6,1]",-0.103978164659498,0.00567349209298129,0.238157409575818,-0.698402291414435,-0.207096665282528,-0.0485460094774872,0.0246053025679684,0.291446004960613,1762.08675950932,1.00130544294075
"u[6,2]",-0.287616582922341,0.00286633660394765,0.14687049441361,-0.599099228715194,-0.380357445935172,-0.279893865957874,-0.185498950689284,-0.0234529718300806,2625.51639236787,0.99975097082622
"u[7,1]",0.0332420011521779,0.00374588164820569,0.205563559289901,-0.365613641584927,-0.0627515231425026,0.0111312286709298,0.120612496640207,0.494365337655812,3011.50892295756,1.00022995076585
"u[7,2]",0.186261201506803,0.00233367264124769,0.143492063247828,-0.0446660863385359,0.0882346158853212,0.169737136541269,0.267905048439325,0.518359265820293,3780.73198087139,0.99933932455493
"u[8,1]",0.00796181753635386,0.00357313961469874,0.206962379519684,-0.443401994577907,-0.0789491341409,0.00220704648948276,0.0897940246636544,0.461970922726208,3354.92523394781,1.00106528701153
"u[8,2]",0.161547912023917,0.00227213946447886,0.142595603726086,-0.0771417144910586,0.0642708856698578,0.147883271559443,0.246505922686214,0.485255152820188,3938.60386382369,0.999350857115981
"u[9,1]",0.00807675779108135,0.00325316449259643,0.200556720970654,-0.431953038782488,-0.0746427975440949,0.00386821564126497,0.0960419139283137,0.434642314724713,3800.68952579578,1.00083427090432
"u[9,2]",0.159112535876669,0.00203842808054119,0.141416348665778,-0.0770971559487731,0.0567455562381749,0.143768124067898,0.246833445347858,0.467100312512755,4812.91789125926,0.999804669098604
"u[10,1]",-0.061515248339214,0.00328859309491249,0.20294251622954,-0.557397939213783,-0.135464319223669,-0.0225132346135798,0.0340741447190579,0.29380241816844,3808.25306608629,1.00093066737832
"u[10,2]",-0.00725720368666628,0.00160845312461711,0.121258806466132,-0.239806130433342,-0.0868382190695512,-0.00665163465844248,0.0682627292491758,0.242833443148818,5683.4201279351,0.999314749913012
"u[11,1]",0.084272161817461,0.00373460819954515,0.215821845537389,-0.277067103843676,-0.0279228880853692,0.0330558334570697,0.164604151505155,0.618564798586254,3339.64812837439,1.00137091277513
"u[11,2]",0.113251772746899,0.00190387259801742,0.136160046506131,-0.124910667852846,0.0219170740089341,0.0995515398362998,0.195210789367396,0.415727048061694,5114.74063375168,0.999424050276228
"u[12,1]",-0.101729114320323,0.00442733630297584,0.23539187495393,-0.688447277333864,-0.19413281737705,-0.043615474218516,0.0202917603235804,0.274222801511547,2826.81841217501,1.00034938353375
"u[12,2]",-0.147890319240425,0.00233210360627472,0.146339983816349,-0.453320845764592,-0.238197789483044,-0.139949698572421,-0.0506807298802391,0.117917947130013,3937.58846655108,0.999780431101354
"u[13,1]",-0.097224130807456,0.00424405400535484,0.234742840814686,-0.686912591210939,-0.18400159315624,-0.0382532612673238,0.0195339840986796,0.265176557170136,3059.30593186404,1.00037348031337
"u[13,2]",-0.0986163390337886,0.0021004243198139,0.147489273585274,-0.406027587208682,-0.194781620216792,-0.0896891792584901,0.0022758599195285,0.174446582481481,4930.67976359488,1.00046734484966
"u[14,1]",0.0368804980760675,0.00273518667899722,0.186924484130884,-0.323702080545097,-0.0459841820129754,0.0124583876495304,0.111214995244018,0.496406788299993,4670.44687187941,0.999482896786929
"u[14,2]",0.0439660822019227,0.00161990885131976,0.125196121508432,-0.191811997330748,-0.0368371029270628,0.0378478574828964,0.121277192351283,0.305938331142371,5973.11110371804,0.999404132076208
"u[15,1]",0.0220263228870239,0.00300150677748417,0.196008967182711,-0.385678653342248,-0.0629403847125153,0.00721180794739429,0.103176728817576,0.458372444129426,4264.55012946658,0.999571370997517
"u[15,2]",0.0647730671161594,0.00171397301360006,0.125034147089519,-0.171037929565906,-0.0160454987414677,0.0588163614867345,0.137917879412184,0.330710734278228,5321.68681571838,0.99948895295459
"u[16,1]",-0.00948080843798788,0.00273283286515729,0.1984107957107,-0.476015258522452,-0.0850659315339607,-0.000410060063604428,0.0711183788057281,0.408096758613108,5271.13881975683,0.999814043107969
"u[16,2]",-0.0023147598742777,0.00172867937646534,0.142218067025972,-0.277910264664108,-0.0924052675805475,-0.00356881887940312,0.0849210879621868,0.292646600588681,6768.31622853831,0.999543475718665
"u[17,1]",0.099920279822353,0.00380965372985791,0.220419822126419,-0.222712586425168,-0.0170662169816558,0.0413607576446147,0.188998562670576,0.678512641393231,3347.57479100247,1.00015536782007
"u[17,2]",0.0641592009764722,0.00178096321344417,0.128773482589788,-0.173231376300799,-0.0195736442832339,0.058706655877079,0.141624466203065,0.337801693974233,5228.08914332615,1.00009851774338
"u[18,1]",0.0804579421634705,0.00370942056979275,0.228111739620284,-0.291868361513468,-0.0290976957806812,0.0293621088818354,0.157291313342966,0.664715326256352,3781.66558442517,1.00122319076261
"u[18,2]",0.0808581327321024,0.0020159333799591,0.148650768713655,-0.183869605257078,-0.0176846108580793,0.0672804072884956,0.170362594298015,0.413304598458444,5437.28336369906,0.999621381979818
"u[19,1]",0.0616336595889775,0.00324552424778032,0.210212543433119,-0.295519860512258,-0.038253501332766,0.0185588912890006,0.136979091819612,0.577689637069716,4195.15042155158,0.999981886207068
"u[19,2]",-0.0940491416904868,0.00165449669277752,0.118048312100231,-0.343412210189939,-0.16881095192376,-0.0912063147174948,-0.0172619177226063,0.129564427798037,5090.82017734119,0.99965692354507
"u[20,1]",0.0119256338430243,0.00338855575595887,0.195090611795072,-0.374191990449713,-0.0727013357323176,0.000147085744446324,0.0833839284101748,0.477468445521491,3314.69420716234,1.00047941772969
"u[20,2]",-0.127410892182871,0.00170424525952032,0.117546236689344,-0.373448924605856,-0.203935653336392,-0.120719446915758,-0.0445213177141447,0.0862975910885215,4757.22036848189,0.999521645969465
"u[21,1]",-0.0348892766095862,0.00276062668694697,0.1938059765407,-0.523257201792117,-0.112264001143402,-0.00910880118038928,0.0505088365845302,0.338155585345273,4928.54773461621,1.00008377060844
"u[21,2]",0.0391466125381086,0.00148049516472624,0.121514292052982,-0.189432215043795,-0.0429427563260902,0.0326700550305814,0.117021236614298,0.289180868820572,6736.59960325438,0.999616438298943
"u[22,1]",0.0193131275825446,0.00282421906453399,0.189877949838782,-0.385145515861798,-0.0658039529889407,0.00807039554697437,0.098169053675047,0.438268581941249,4520.14438033376,1.00017590611104
"u[22,2]",0.0931427494722,0.00163941853768226,0.120789403829654,-0.122933920854302,0.00748205273171947,0.0809098909010044,0.167585094906037,0.354084624244057,5428.47687899195,0.999250040500947
"u[23,1]",0.0329226895132958,0.00279052301226373,0.190457068765712,-0.333619807554409,-0.0510609696640125,0.00984398979852912,0.108824852747943,0.493490190527342,4658.25196063792,0.999630111120639
"u[23,2]",0.0600030949911927,0.00152639745915815,0.127210749384082,-0.17223401383932,-0.0258447723211601,0.0516407151519032,0.139875742817936,0.336863621867701,6945.64133597827,0.999274659517062
"u[24,1]",-0.0325043877855584,0.00276114323139046,0.194492823553377,-0.501967028644711,-0.10756767670182,-0.00888811353811281,0.0537226542519891,0.327920698395821,4961.68616457827,0.999558549040668
"u[24,2]",0.0268805032239815,0.00160453968382412,0.127306278275651,-0.214082798635978,-0.0554400227302199,0.0209010842731223,0.10346991214671,0.302351576586519,6295.04325633526,1.00008662980301
"u[25,1]",-0.0538208587367928,0.00299944846553374,0.197709578308054,-0.53738949857794,-0.127431312646816,-0.0166227173503227,0.0388369740051527,0.304281409416081,4344.8282186855,1.00080406179236
"u[25,2]",0.0071732335377375,0.00142097250471528,0.118701627856226,-0.228074857230261,-0.0701057023383213,0.00407537815081613,0.0837581914059318,0.242787492229389,6978.17731334545,0.999542156703834
"u[26,1]",-0.0704652353836221,0.00464681213490632,0.218772094101653,-0.598178280395032,-0.167494465408116,-0.0307603123102423,0.0379631954417382,0.33372273431627,2216.5300228919,1.00120827497146
"u[26,2]",-0.221681553477041,0.00239600584714248,0.133402144452621,-0.50312730694926,-0.30579625862771,-0.212418860003566,-0.126671725644017,0.00806769678356104,3099.91563679184,0.999746746028779
"u[27,1]",-0.060586358263955,0.00350665230604708,0.210460581767018,-0.584039142789144,-0.145996568536432,-0.019166265566811,0.042627249640036,0.321166427273964,3602.10294162868,0.999589352170064
"u[27,2]",-0.127803785801501,0.00225478162940181,0.142302441851136,-0.431675322306474,-0.217472183703249,-0.11735929392275,-0.0313137798452234,0.133300100628907,3983.04973504761,0.999633752000876
"u[28,1]",-0.0160208503641184,0.00258463970140048,0.197518484330181,-0.46851504594726,-0.0931561462905869,-0.00456220921068462,0.0661230199743647,0.376648976658803,5840.03522526379,0.999810116754146
"u[28,2]",0.00971788029513884,0.00163993976954289,0.131521533499326,-0.254541789161472,-0.0715152019156571,0.0067151781227184,0.0915300289204445,0.277090942504852,6431.87998457615,0.999479515368368
"u[29,1]",0.0431716368741839,0.0026819246317879,0.203633868716093,-0.356549496757354,-0.0475380479526704,0.0141034621013744,0.123949565002769,0.520343394961773,5765.10055187118,1.00029296177952
"u[29,2]",0.0325692361542594,0.00177859734912308,0.14378592004666,-0.242019218415107,-0.0586902302914396,0.0270226470387128,0.11760813862793,0.338417576050824,6535.47924828218,0.999501005893829
"u[30,1]",-0.0608179318731131,0.00308450810614373,0.19401902993484,-0.52292065590419,-0.140314367973926,-0.0208279471909677,0.0343905613469688,0.277778336316722,3956.55152572646,1.0003784720505
"u[30,2]",0.0510662402647578,0.00166776174564867,0.123556768413955,-0.181303470188753,-0.0298892480303393,0.0461346586256457,0.128745861617567,0.307324839183913,5488.64403954154,1.0000575548209
"u[31,1]",-0.0792101440835068,0.00388133959779005,0.203540407457467,-0.585706237430712,-0.161868365150429,-0.0311767457682354,0.0239988240114478,0.254610368339195,2750.03355612248,1.00050855223818
"u[31,2]",-0.15534742483954,0.00207419783044763,0.127953256788641,-0.422688166490309,-0.238219693755488,-0.148865623922153,-0.0651489986078082,0.0761167686551457,3805.41773229584,0.999531262579759
"u[32,1]",-0.012760177981803,0.00271938543736416,0.181838017341847,-0.411730005894778,-0.092336086169545,-0.00347320245759899,0.0690976350549979,0.373109103565679,4471.23853799375,1.00007209200481
"u[32,2]",-0.088352605857879,0.00166825324016503,0.119786200446145,-0.328601755711634,-0.165023089306324,-0.0840196791314995,-0.00939751377948569,0.148935108539936,5155.72358085458,0.999296751857636
"u[33,1]",0.0412095691641858,0.00304454924964539,0.197907185175244,-0.323826300036728,-0.0486660035650379,0.0115027327880598,0.121568936296644,0.51636284850972,4225.49037032182,1.00013461917334
"u[33,2]",0.109859343137512,0.00243320309508068,0.165612384942274,-0.189771735796586,0.00263262273804797,0.0941371873176285,0.208134173812061,0.467856676367965,4632.64372914978,0.999713737894534
"u[34,1]",0.00955963912748899,0.00338650403425899,0.201563952659101,-0.412354339343085,-0.0744471767900409,0.00237706029727188,0.0883181034223265,0.453989529932723,3542.60342283924,1.00141594806833
"u[34,2]",0.118947397904187,0.00202792791267291,0.138466603740157,-0.128119861507462,0.0250643951109114,0.106932401721151,0.199609747339009,0.416838607617464,4662.13724613146,0.999546236631352
"u[35,1]",-0.00919294509030094,0.00266512483518383,0.188186224095982,-0.429564884817811,-0.0901185442039392,-0.0030071275953638,0.0723489394314516,0.395616252473777,4985.86533219669,1.00023509023848
"u[35,2]",0.00191210181672637,0.00155780560368492,0.1237525401354,-0.242482522282781,-0.0755285463225933,3.79229906501116e-05,0.0809751977699618,0.255175401189871,6310.76081910649,0.999505737245035
"u[36,1]",-0.0113618938182625,0.00298223809048079,0.198389141013377,-0.46051070448933,-0.0929928751978214,-0.00158613747825369,0.0747968702894276,0.397364665698714,4425.38610811406,0.999634697916531
"u[36,2]",0.128916090875243,0.00209480019165166,0.142547955663915,-0.120199210709964,0.0287954242684449,0.116312137010947,0.218884286157147,0.438479748811645,4630.59476741307,0.999539608707636
"u[37,1]",0.0540399015015298,0.00311758050936888,0.203285512073184,-0.323343943867126,-0.0412404151409149,0.0175820423464663,0.127829203738902,0.577970779689866,4251.84575185204,0.99977692992286
"u[37,2]",-0.0107598287397909,0.00146192289673895,0.119788244292384,-0.250505889691928,-0.0864836589870661,-0.0116371098396257,0.0664187945091095,0.228019898582091,6713.97103038604,0.999449536359924
"u[38,1]",0.122552090553139,0.00417538522746732,0.226617837908061,-0.180362486321432,-0.00694050143491127,0.0514587827306787,0.208007942927635,0.731579199766133,2945.74454981836,1.00069959522188
"u[38,2]",0.0219939124238512,0.00156656885698415,0.11410968646057,-0.198297414818149,-0.051387897033465,0.0181108307824803,0.0934417915142846,0.25924585330292,5305.74100998329,0.999604892362171
"u[39,1]",-0.0372947126794195,0.00324388464465723,0.20288303673091,-0.502504281820461,-0.112799156790907,-0.0126317337850547,0.0490328404017068,0.359352720776659,3911.65613194643,0.999998387751382
"u[39,2]",-0.0342275580905353,0.00154199954196748,0.124386756371473,-0.277813574579416,-0.113403530670283,-0.0340516043964395,0.0453408793844822,0.212479042493089,6506.98486149226,1.00061411022475
"u[40,1]",-0.00689687534150585,0.00245968212971285,0.178248987618902,-0.414331791904832,-0.0825397686797457,-0.00117068368993119,0.0734510164692312,0.364722392646923,5251.65480765996,0.999872208801865
"u[40,2]",0.0584754284088565,0.00143030303806435,0.108539605102353,-0.140909400436233,-0.0134372858924141,0.052603329472161,0.126273397158025,0.278446971955852,5758.64560268503,0.999239529836297
"u[41,1]",0.0720007688904954,0.00358983758778163,0.213702476958054,-0.279279545256098,-0.0377306625197573,0.0226591417170618,0.155381077518431,0.645537209667292,3543.80250483335,1.00043120864162
"u[41,2]",-0.0683677651460083,0.00147964763817119,0.107430445496903,-0.287047586238936,-0.138283377690581,-0.0668939582586499,0.00331146371488354,0.138000358769842,5271.54772738287,0.999563877156015
"u[42,1]",0.0546826350128709,0.00301540063140381,0.195307908823979,-0.285680253881783,-0.0390687925178312,0.0170474400983093,0.126701773195519,0.520421329167889,4195.1705103044,1.00001720648802
"u[42,2]",-0.0470980131582261,0.00157146928243076,0.111408291804847,-0.268439328875716,-0.119959787596022,-0.0452277384580275,0.0247166454236254,0.173994994631826,5026.00872495381,0.999615185951107
"u[43,1]",-0.0834083308225037,0.00356216939793746,0.203613927584673,-0.608323265332835,-0.165062291982256,-0.0343649416401106,0.0250607437845888,0.233271767019858,3267.2760237047,1.00015124509418
"u[43,2]",-0.0688576473804844,0.00175210314399505,0.124930410489987,-0.319951076783642,-0.149377931203325,-0.0621022757321045,0.012348930971295,0.168709650185583,5084.13408839419,1.000409847744
"u[44,1]",0.0218942720703573,0.00286392383779277,0.200844138347355,-0.369221230076727,-0.0656699785878232,0.0045101912240525,0.0997582558032283,0.488033421092903,4918.07779320245,0.99967737560281
"u[44,2]",-0.033668945121969,0.00157779938918323,0.123479938278525,-0.279499079677365,-0.11432950504983,-0.0327160066969337,0.0457968124712088,0.206675201702695,6124.76232436083,1.00001709195854
"u[45,1]",0.0641598986001086,0.00363793362900333,0.210840178104841,-0.294772251267138,-0.0381301065553043,0.0209216591144094,0.147157364918526,0.605343453182927,3358.90101713436,0.999704678238394
"u[45,2]",0.0964301992744858,0.00189563539237728,0.129974675319397,-0.13574378325561,0.00541500593164199,0.0859375598878205,0.177650364487124,0.379023055335804,4701.19066692543,0.999619699053232
"u[46,1]",0.0258775123235887,0.00332996350122571,0.214013722301132,-0.411922279845412,-0.0710000035601981,0.00755069108705808,0.113400326722272,0.513532263123379,4130.51586551116,0.999756548387993
"u[46,2]",0.0854242818818942,0.00229111703746526,0.169314826456792,-0.224205711996439,-0.0257709954483537,0.0749481275459945,0.183723148225619,0.457899939349149,5461.29240464005,0.999712079538879
"u[47,1]",-0.0238906080992286,0.00262121220304082,0.189244232663194,-0.466812573635377,-0.0976585504099949,-0.00729269088878902,0.0566643507653167,0.350225746304189,5212.43849715088,0.999523602095251
"u[47,2]",0.02963650633055,0.00138630304394615,0.117267081424884,-0.195631516613776,-0.0438032834995898,0.0249985008792872,0.101020099924632,0.267292564881739,7155.43233562966,1.0005446504774
"u[48,1]",-0.0843608119832735,0.00330702215217765,0.197301555330702,-0.596477859072178,-0.166955186795745,-0.0350268238674744,0.0219520212856351,0.234180699991157,3559.48206907332,0.999511641395443
"u[48,2]",-0.000545736857941307,0.00160366192855015,0.112459375437978,-0.213819712875111,-0.0736930044490321,-0.00482358612625746,0.0685108710452202,0.232384884367498,4917.74150029411,0.999666225061307
"u[49,1]",-0.0130407134879398,0.00298126031972548,0.192061555770502,-0.438972296903465,-0.0943503283829313,-0.00332817270076571,0.071751596543598,0.389082705986123,4150.31524442034,0.999587046268344
"u[49,2]",-0.123173027399141,0.00193855908563941,0.124211042020737,-0.392661666094394,-0.202756393028961,-0.116857872161382,-0.0351270023417506,0.103328016799258,4105.46472886059,1.000223817475
"u[50,1]",0.0169042410902237,0.00273232207888843,0.191548344594537,-0.355871938123063,-0.0695449457292227,0.00485531227870328,0.0971708466771312,0.458502857259956,4914.65484791522,0.99935424519462
"u[50,2]",-0.0952411918389899,0.00177277798619988,0.121904647959053,-0.345998148953708,-0.173346003735709,-0.0900451586357281,-0.0109940875759887,0.135004273543858,4728.59184584799,0.999480691077253
"decay_rate[1]",0.0518251964069845,0.000669554199977583,0.0413490286409847,0.00568843496840924,0.0243535177914689,0.0423455601665063,0.0665251316081482,0.157118261534261,3813.81081647306,0.9998160106021
"decay_rate[2]",0.053411549267313,0.000706764880595753,0.0432659431549257,0.00593416623819528,0.0244689509816559,0.0426679547445934,0.0691924683959402,0.164804197851195,3747.50679039127,0.999573071010825
"decay_rate[3]",0.0482828449061609,0.00060407894179366,0.0363233700915329,0.00600952744483798,0.0236361482167397,0.0406863469597517,0.0633225090344664,0.135290319210539,3615.6374692634,0.999629850835576
"decay_rate[4]",0.0510858659612129,0.000632142674868259,0.0404397188650872,0.00558698492209799,0.0240575239403381,0.0419734655350346,0.0659572659562957,0.148212121895387,4092.47500753094,0.999845418184207
"decay_rate[5]",0.0501970782263605,0.00059283278369841,0.0378755854779829,0.00572113405900468,0.0241355085439974,0.041820981967619,0.0657603881793614,0.144187199855492,4081.82409885131,0.999719606818998
"decay_rate[6]",0.0488819209463677,0.000712839925543863,0.0427014244985377,0.00522918173703277,0.0220595107437834,0.0393313918775385,0.0629950010556839,0.15788480447769,3588.39872672321,0.999643997609516
"decay_rate[7]",0.0469473947979225,0.000555941688704183,0.0342760555655247,0.00564080248950935,0.0221386177247657,0.0401881684980895,0.0619510269866348,0.129453246337924,3801.22163588554,1.0002137038554
"decay_rate[8]",0.0526944857913918,0.000651413975458479,0.0397754725246942,0.00653744761803187,0.0246772799835771,0.0432998424876247,0.0697519998702373,0.155645941794375,3728.34894271753,0.999882449641114
"decay_rate[9]",0.0483249694072911,0.000579619214357562,0.0364924536546606,0.00504042776829064,0.0233343773243489,0.040431957467068,0.0640297138868544,0.13580051494495,3963.8807672115,0.99957136596136
"decay_rate[10]",0.0479490942040953,0.000604193669199149,0.0368613535663443,0.00527727168350097,0.0221771596643898,0.0392908451472218,0.063294670777181,0.140286197662424,3722.11868055119,1.00023951894456
"decay_rate[11]",0.0516637489696912,0.00067499260539912,0.041751645756027,0.00591611304838214,0.0239681566295563,0.0430566103181542,0.068161408066312,0.15262146286905,3826.0370202472,0.999895255540361
"decay_rate[12]",0.0537181312145174,0.00073141462180056,0.0465639677304723,0.0061382864768113,0.0244432659531942,0.0427754383778358,0.0691166001627147,0.16505595593708,4052.96340968036,1.00042953815357
"decay_rate[13]",0.0519015568044937,0.000634718820036111,0.0401528220993832,0.00583022505910669,0.0244251054507533,0.0432837455737586,0.0680057401291347,0.156693373691611,4001.92916923208,0.999804060949889
"decay_rate[14]",0.0514522985574492,0.000645544831526467,0.0412545522009788,0.00591650851820409,0.0240177634707282,0.0420319890789424,0.0665882604132528,0.160853455715702,4084.04894409764,1.00057660592291
"decay_rate[15]",0.0519478637201403,0.000655954828418073,0.0414381606425666,0.00586303170869629,0.0244452238449749,0.0419951392810468,0.0675528424163242,0.159634103325207,3990.73668195669,1.00065495587117
"decay_rate[16]",0.0521272376454135,0.000650663550523899,0.0411924265724546,0.00594285301421205,0.0246017074771647,0.0426172243469564,0.0669077837683396,0.156755466419806,4007.94538625436,0.999757667539664
"decay_rate[17]",0.0504360371434091,0.00065603453524332,0.0394311736928601,0.00527343460183608,0.0238400542152984,0.0414323591554457,0.065962150313157,0.146591508672935,3612.65096205845,0.999313391368295
"decay_rate[18]",0.052936743387162,0.000682874783560789,0.0428690926777286,0.00607088121485095,0.024318084023077,0.0425676998004901,0.0697085590199102,0.16039716721347,3940.99997244428,0.999509571274239
"decay_rate[19]",0.0522333570100862,0.000661493502434965,0.042159668212574,0.00568935259173265,0.0245479101834629,0.0424093000284273,0.0665193009051985,0.160756967808254,4062.03071987116,0.999628008016999
"decay_rate[20]",0.0530689276089554,0.000667651812919375,0.0428943516885232,0.00578446136900122,0.0242356855108687,0.0420845210192872,0.0695824419394553,0.165019445550925,4127.6242113734,0.99968115006901
"decay_rate[21]",0.0539833552698223,0.00068237515614564,0.0428314214225584,0.00616634212552973,0.0252070993927101,0.0440448873263854,0.0691072106509407,0.16390025902409,3939.8397833881,0.999475200822309
"decay_rate[22]",0.0504033068850349,0.000586892305741338,0.0376726917402807,0.00573109888778594,0.0238611588151214,0.0423403389675545,0.0662010168541974,0.144076269585866,4120.37242602414,0.999532125205733
"decay_rate[23]",0.0543347059585259,0.000753000569495133,0.0459120763380935,0.00577054741969268,0.0244873032576162,0.0431921920615557,0.0697478503432187,0.173312596735672,3717.60512660951,1.00003001956369
"decay_rate[24]",0.0503210461899445,0.000620397540573982,0.0390044662188724,0.00525616137383551,0.0237308483147181,0.0414104546902274,0.0654549120044039,0.156025038736578,3952.65166357503,1.00011784685484
"decay_rate[25]",0.0499489565172228,0.00058830450552622,0.0381627394494632,0.00571585265464144,0.0235603600464613,0.0411356267423758,0.0645010511367799,0.150979386436059,4207.99035436197,0.999426683147558
"decay_rate[26]",0.0536206299615468,0.000703762103054949,0.0444710229855766,0.00623639587602847,0.0248134545621433,0.0430609721823448,0.0690478456007433,0.168343560494813,3993.02920014983,1.00017796836553
"decay_rate[27]",0.0526741967814181,0.000692286588776298,0.0429081112602009,0.00681979675188272,0.0240217693900866,0.0422314279304313,0.0674490150182651,0.158591785812586,3841.55415048005,0.999662794643603
"decay_rate[28]",0.0501153579480216,0.000671089673744538,0.0396647303063177,0.00601610863176533,0.0239599872373237,0.0414751790810161,0.0645594325528172,0.150611151437473,3493.39664594077,1.00035733816331
"decay_rate[29]",0.0534714487096508,0.000674750680973005,0.0418164148202474,0.00564361667191175,0.0244305018075596,0.0438656101103635,0.0700368338631833,0.158434506345016,3840.66942075856,0.999564634017442
"decay_rate[30]",0.0488697944539003,0.000621147685657496,0.0372070549522243,0.00612702843597866,0.0231553878500993,0.0406935496444101,0.0639063835824223,0.141455515462082,3588.06951595525,1.00044121082471
"decay_rate[31]",0.0530192289460771,0.000700323925292107,0.0428134737718165,0.00559263298418389,0.0241250329139558,0.0424086475400937,0.0687817338723524,0.164068978204168,3737.34342076852,0.999635511849648
"decay_rate[32]",0.0528642362319566,0.000700673800445263,0.0427268027778868,0.00567997138082641,0.0243854229983132,0.0420494105517389,0.0681082414802909,0.166941318797372,3718.5106929908,1.00098596691431
"decay_rate[33]",0.0478058562666667,0.000573372714467662,0.0362153632763948,0.00535168361792372,0.0227595988413297,0.0399763027333163,0.0629563100627834,0.13927126218086,3989.43733743533,0.999515186560222
"decay_rate[34]",0.0446609956160009,0.000513192657752021,0.0329308696939716,0.0051020230259186,0.021419614013497,0.0380023252438171,0.0597972414765398,0.125859466294748,4117.61305606219,0.999285937403876
"decay_rate[35]",0.0514514802611776,0.000611090739426214,0.0399259700523924,0.00596429332278205,0.0244474804637038,0.0426740428061682,0.0668867069260036,0.149870003229972,4268.73847567636,1.00049210633357
"decay_rate[36]",0.0522319619930461,0.000644075682665028,0.0407478263677254,0.00536061151221379,0.0239789086741662,0.0425689557628557,0.068266151893887,0.158444890207018,4002.53454393299,1.0002191448175
"decay_rate[37]",0.0495849801438448,0.000569015934842007,0.0384456201512388,0.0056871716870777,0.0231188825214826,0.0404122691145951,0.0650585103716462,0.146924996484532,4565.04312083931,1.0001032686599
"decay_rate[38]",0.0555416086290035,0.000720084357571248,0.0463022692491307,0.00574526548981646,0.0252642400547912,0.0453332212087603,0.0721133382992596,0.166652131766426,4134.64092031827,1.00056992031616
"decay_rate[39]",0.0530514895742972,0.000667841003835788,0.0424780874143846,0.00581943522807213,0.0243788824807317,0.0425245729525412,0.0693258483587451,0.163847994713626,4045.60752337931,1.00024830537299
"decay_rate[40]",0.0506456972969581,0.00062650601560039,0.0404501114820054,0.00553864968117352,0.0239284079199046,0.0410982974026335,0.0657516071384267,0.152267152052901,4168.5878178482,0.999569503794375
"decay_rate[41]",0.0536725723887375,0.00071789882079175,0.0448361251177732,0.00621129466480424,0.0252847994030182,0.0437191742393085,0.0686457478247917,0.166636232998196,3900.58426877056,1.00042220863191
"decay_rate[42]",0.0508938689642962,0.000607799575876894,0.039916302613678,0.00570498341954297,0.0239105186056615,0.0413223837362572,0.0660866751114383,0.151471600884346,4313.00366805395,1.00055319879082
"decay_rate[43]",0.0516669768990323,0.000657770940823087,0.0403773322689453,0.00610741719717675,0.0245929208344375,0.04211643967908,0.0672973459885445,0.150398684015148,3768.1299960927,0.999709818332571
"decay_rate[44]",0.0518460983616404,0.000682197058255584,0.042381794172289,0.00573212563096734,0.023880018113056,0.0420905381474132,0.0678694987087952,0.159958571216268,3859.57061601346,0.999727953173235
"decay_rate[45]",0.0518929513457103,0.000642408774164772,0.0407917418228767,0.00556725031901903,0.0240636401829772,0.0425011171539272,0.0676700771986494,0.151031944705465,4032.00973950942,0.999382200876704
"decay_rate[46]",0.0507174607973795,0.00067952961397073,0.0416449615208371,0.00582049004011131,0.0238080385101581,0.041566878025725,0.0656940278832893,0.151468604398889,3755.84926408132,1.00075412139988
"decay_rate[47]",0.054090434241978,0.000749362588025073,0.0453659394432845,0.00514318594245852,0.0242470085558944,0.0438059709890261,0.0699279139146606,0.173793356087569,3665.01539475424,1.00024462510053
"decay_rate[48]",0.0514798870842093,0.00067804278512476,0.0419839675369412,0.00607272197612697,0.0238287810502683,0.0421347311407559,0.0660342380591114,0.163657958527265,3834.00572357578,1.0002437670683
"decay_rate[49]",0.053410340529845,0.000711987357714039,0.0445416517034842,0.00564382812298406,0.023762199532806,0.043028337643654,0.0679489130127013,0.174022615078755,3913.70485255073,0.999735702833018
"decay_rate[50]",0.0542049011143669,0.000727575883754925,0.0457465548440336,0.0062994275376089,0.0241102131271107,0.0429535567075474,0.0695157161941169,0.172638519885201,3953.30384788559,1.00020900193216
"feature_sums[1,1,1]",0,NA,0,0,0,0,0,0,NA,NA
"feature_sums[1,1,2]",3.57565531270634,0.0143558204185414,0.874852637930497,1.45576180773316,3.11004533849784,3.717091302476,4.22545251805026,4.80960516426172,3713.75951421054,0.999732128247272
"feature_sums[1,1,3]",3.28668153613794,0.00333949670718663,0.205520742384428,3.03393719419831,3.14261962204848,3.24361188602794,3.37373672236068,3.80896120757944,3787.47069204324,0.999774569175078
"feature_sums[1,1,4]",0,NA,0,0,0,0,0,0,NA,NA
"feature_sums[1,1,5]",-6.6519658077678,0.00425693257467188,0.262493862389273,-6.96029399482732,-6.83158445513036,-6.70976943430556,-6.54947581572076,-5.98222090357551,3802.28585145602,0.999792712802802
"feature_sums[1,1,6]",2.63884543765049,0.00342989907358481,0.207623538373305,2.1517190536819,2.5159725625505,2.66697520340468,2.79713671297708,2.94971870215097,3664.29554381511,0.99970662224967
"feature_sums[1,1,7]",1.8214528568684,0.0114849642929276,0.697560026760134,0.163018377236358,1.43005075926093,1.92391174720909,2.34565318820181,2.83796532313389,3688.95937656635,0.999722411521605
"feature_sums[1,1,8]",-7.7583321651183,0.0138414419184855,0.849868829949482,-8.84771534390782,-8.36590087590742,-7.92631230694921,-7.37170623514749,-5.61740488597223,3769.9981151838,0.999760329799413
"feature_sums[1,2,1]",-6.33107641567815,0.0077921589834355,0.479548398896998,-6.92081321353729,-6.66722088188688,-6.4315722659348,-6.12794764782508,-5.11242384898131,3787.47069204322,0.999774569175078
"feature_sums[1,2,2]",0,NA,0,0,0,0,0,0,NA,NA
"feature_sums[1,2,3]",1.53940709701272,0.00460291774359159,0.280258093441375,0.86060773192951,1.38725136704215,1.58405218463484,1.74901798587147,1.93837412924449,3707.23313923049,0.999724508425851
"feature_sums[1,2,4]",-4.75140414840557,0.00304066612476563,0.187495615992338,-4.9716385677338,-4.87970318223597,-4.7926924530754,-4.67819701122911,-4.27301493112536,3802.28585145602,0.999792712802802
"feature_sums[1,2,5]",-2.17956492545663,0.00141621081262884,0.0793841193633843,-2.28903094240624,-2.24545941320487,-2.18753293813361,-2.12287602222884,-2.0305736191558,3142.03812939348,0.999697625614658
"feature_sums[1,2,6]",1.38565391674816,0.00560387717381407,0.337478797717722,0.624527119288157,1.17428381427779,1.42353729640124,1.64490379011445,1.91093776401028,3626.73456030603,0.999700458461062
"feature_sums[1,2,7]",0,NA,0,0,0,0,0,0,NA,NA
"feature_sums[1,2,8]",-3.60548401246464,0.00472579895424466,0.291226650135428,-3.9546231642731,-3.80763516603249,-3.66886630180017,-3.48717938630429,-2.859626124476,3797.62209709675,0.999779601220351
"feature_sums[1,3,1]",2.08728165238834,0.0195347390773378,1.19185996084488,-0.823733854358477,1.46461232909386,2.28691982635232,2.96950751261158,3.74769299262756,3722.50449819658,0.999734161223723
"feature_sums[1,3,2]",0.156085527669383,0.00901138672677911,0.551770113169841,-1.21941900382834,-0.113408982819085,0.258004382028568,0.558375784329866,0.893093635533735,3749.15236242821,0.999744547127848
"feature_sums[1,3,3]",0,NA,0,0,0,0,0,0,NA,NA
"feature_sums[1,3,4]",-3.66771724824212,0.00666445198452097,0.40573681096463,-4.6482379244951,-3.88799189330393,-3.60347311195119,-3.36449871171502,-3.08960339189137,3706.46527856763,0.999726142146311
"feature_sums[1,3,5]",2.33169523739417,0.00717612768795798,0.439562614424064,1.23532730113111,2.11917967986885,2.4135360790051,2.65114012000437,2.91558973230443,3751.98574970122,0.999747817549449
"feature_sums[1,3,6]",0,NA,0,0,0,0,0,0,NA,NA
"feature_sums[1,3,7]",-4,NA,0,-4,-4,-4,-4,-4,NA,NA
"feature_sums[1,3,8]",3.93060861035526,0.0110390254156139,0.674134279735273,2.27925037509608,3.58519288508573,4.04592463528004,4.42677056000111,4.85979248128963,3729.33465318181,0.999739532742529
"feature_sums[1,4,1]",-3,NA,0,-3,-3,-3,-3,-3,NA,NA
"feature_sums[1,4,2]",5.1722214434122,0.00922762794565698,0.566579219966321,3.74493659064816,4.91447082343166,5.28420820463281,5.57726725060494,5.89847689593855,3769.9981151838,0.999760329799413
"feature_sums[1,4,3]",1.14578010859887,0.00874775944131279,0.533838424022894,-0.161151457794941,0.867491463352779,1.23597465985444,1.54102757688468,1.88780434975633,3724.13997669591,0.999733577795621
"feature_sums[1,4,4]",-1.48798958381839,0.00577108174800901,0.354585319699525,-1.93789442257776,-1.74055667872421,-1.55939490761061,-1.3293140171972,-0.590895473686181,3775.08774255692,0.999761918677971
"feature_sums[1,4,5]",0,NA,0,0,0,0,0,0,NA,NA
"feature_sums[1,4,6]",0,NA,0,0,0,0,0,0,NA,NA
"feature_sums[1,4,7]",3.5074789194836,0.0047007415596441,0.283671996412044,3.07246000979562,3.29016800712946,3.47302972608153,3.68132150765218,4.15843085391868,3641.66657871735,0.999702643843761
"feature_sums[1,4,8]",-2.03097283151134,0.000751291017965057,0.0466716420614614,-2.15637197125827,-2.0363438352295,-2.01580891108623,-2.00551498786659,-2.00031811380884,3859.13320027295,0.999869946507623
"feature_sums[1,5,1]",1.75137810163741,0.00755786901425605,0.4605028188325,1.10075854518616,1.40941620407924,1.67744891594664,1.99685482160058,2.86511654717586,3712.49488661915,0.99973264667645
"feature_sums[1,5,2]",1.97910812049868,0.000370986997709237,0.0217567099850786,1.96743383511465,1.96931730191275,1.97442833335313,1.98327816970529,2.00835664322548,3439.29214442879,1.00007367722835
"feature_sums[1,5,3]",0,NA,0,0,0,0,0,0,NA,NA
"feature_sums[1,5,4]",-4.71673033242631,0.0132468304987366,0.808961135682328,-5.83175097754756,-5.31212467200134,-4.85510956233604,-4.30223146210287,-2.73510045011529,3729.33465318181,0.999739532742529
"feature_sums[1,5,5]",-6.33107641567815,0.0077921589834355,0.479548398896998,-6.92081321353729,-6.66722088188688,-6.4315722659348,-6.12794764782508,-5.11242384898131,3787.47069204322,0.999774569175078
"feature_sums[1,5,6]",1.5178276043826,0.00509480590679287,0.311705933145237,0.745614011066082,1.36344688145762,1.5740199876676,1.74560023963339,1.93818180918696,3743.12948252223,0.999744228529122
"feature_sums[1,5,7]",3.35990370649572,0.00708464390415948,0.434816900825618,2.26617750598172,3.1597529506139,3.44496834657893,3.67178207239026,3.92106969973536,3766.83658835806,0.999757735306557
"feature_sums[1,5,8]",0,NA,0,0,0,0,0,0,NA,NA
"feature_sums[2,1,1]",1.08023379896155,0.00934463331923122,0.555252102051307,-0.244835610068763,0.762181100502182,1.17447436590301,1.50009853368834,1.87178288613756,3530.65997131005,0.999571879525889
"feature_sums[2,1,2]",-2.16136296669338,0.00154950503176949,0.0914825547494088,-2.3700944291446,-2.21965104985297,-2.14825383917298,-2.09033152010271,-2.02328234397753,3485.70465765223,0.999583737160719
"feature_sums[2,1,3]",-2.84654783264044,0.00193018919728529,0.117565746921475,-2.98225021846107,-2.92748396092242,-2.87468853846125,-2.79944118646296,-2.54417923064246,3709.89701011471,0.999578562713483
"feature_sums[2,1,4]",5.72908454427989,0.014072227698665,0.845521411054328,3.62079432739212,5.30760282064604,5.90168751920491,6.34733059346746,6.8357998373965,3610.13557694599,0.999579415103824
"feature_sums[2,1,5]",2.02167066041939,0.0222135714032703,1.33685022661859,-1.32956015799392,1.37035456589009,2.30093741551904,2.99344407513057,3.74757498547038,3621.83558711663,0.999580188444575
"feature_sums[2,1,6]",0,NA,0,0,0,0,0,0,NA,NA
"feature_sums[2,1,7]",0,NA,0,0,0,0,0,0,NA,NA
"feature_sums[2,1,8]",-3.31236495084601,0.0140126733554323,0.838303094509606,-5.36801426982272,-3.75476513599932,-3.15271043707114,-2.69094042546826,-2.17540984027211,3578.98717187088,0.999575637514419
"feature_sums[2,2,1]",3.04569010632629,0.0095945152437897,0.569129149985407,1.69556752534487,2.71320542892045,3.13968297318594,3.47826366571276,3.86600631665206,3518.64607963602,0.999573269924685
"feature_sums[2,2,2]",4.68763504915399,0.0140126733554323,0.838303094509606,2.63198573017728,4.24523486400068,4.84728956292886,5.30905957453174,5.82459015972789,3578.98717187088,0.999575637514419
"feature_sums[2,2,3]",0,NA,0,0,0,0,0,0,NA,NA
"feature_sums[2,2,4]",1.5659311070884,0.00651615233460738,0.393242868028407,1.0705798815409,1.28310921466951,1.4806000829487,1.74979860380476,2.56028358830883,3641.99422119831,0.999581430997885
"feature_sums[2,2,5]",-6.54752519346273,0.0160825459413315,0.966310184062089,-7.81234267131029,-7.25409210681995,-6.74478573623419,-6.06583179502404,-4.13805065987671,3610.13557694597,0.999579415103824
"feature_sums[2,2,6]",-5.07281732335743,0.00997873272516283,0.597541930466852,-5.87711014880787,-5.51472567374127,-5.18855813266894,-4.76099026223265,-3.60162084915553,3585.79940448738,0.999576698489472
"feature_sums[2,2,7]",4.68258392002139,0.00410900772029351,0.250850576942291,4.03313160386243,4.58666957167639,4.74443427625686,4.85327155656717,4.96439624711915,3726.9734069343,0.999580735191672
"feature_sums[2,2,8]",0,NA,0,0,0,0,0,0,NA,NA
"feature_sums[2,3,1]",6.54752519346273,0.0160825459413315,0.966310184062089,4.13805065987671,6.06583179502404,6.74478573623419,7.25409210681995,7.81234267131029,3610.13557694597,0.999579415103824
"feature_sums[2,3,2]",0,NA,0,0,0,0,0,0,NA,NA
"feature_sums[2,3,3]",-0.942688493828777,0.000441113032143337,0.0246719900803481,-0.990627041855083,-0.960291598108747,-0.939440006166322,-0.921541667238021,-0.911068863664314,3128.30137948093,0.999430152638446
"feature_sums[2,3,4]",-0.693095665280885,0.00386037839457057,0.23513149384295,-0.964500436922137,-0.854967921844838,-0.749377076922498,-0.598882372925916,-0.088358461284921,3709.89701011472,0.999578562713483
"feature_sums[2,3,5]",-2.7266550090511,0.0146613427528666,0.884796453063917,-3.84119526653297,-3.3630042669936,-2.91864981336542,-2.3129531414393,-0.489361926305125,3641.99422119831,0.999581430997885
"feature_sums[2,3,6]",5.1338223722484,0.00965867171010971,0.580902047595234,3.68312607900216,4.84822273970712,5.253562517664,5.55676966130231,5.8885601335604,3617.1873599747,0.999578110288159
"feature_sums[2,3,7]",0,NA,0,0,0,0,0,0,NA,NA
"feature_sums[2,3,8]",-1.56254501638466,0.00467089111847741,0.279434364836535,-1.94153005324263,-1.76968652484391,-1.61576318764295,-1.41507828800023,-0.877328576725759,3578.9871718709,0.999575637514419
"feature_sums[2,4,1]",1.62035069844233,0.0140169499788468,0.83287815307696,-0.367253415103144,1.14327165075327,1.76171154885451,2.25014780053251,2.80767432920634,3530.65997131006,0.999571879525889
"feature_sums[2,4,2]",0,NA,0,0,0,0,0,0,NA,NA
"feature_sums[2,4,3]",-1.7170344464558,0.00325807616730369,0.196621434014204,-1.96471005922955,-1.85844539266524,-1.75969995852565,-1.62510069809762,-1.21985820584558,3641.99422119831,0.999581430997885
"feature_sums[2,4,4]",-2.27637609309933,0.0127343687023887,0.754553605298202,-4.05635755895956,-2.72242489933115,-2.1546017166957,-1.70147992666075,-1.18049206886723,3510.95575958248,0.999571733610456
"feature_sums[2,4,5]",0,NA,0,0,0,0,0,0,NA,NA
"feature_sums[2,4,6]",4.0922032459142,0.0100515912133322,0.603943865038805,2.58628166242295,3.79114487189003,4.21549108514637,4.53380756676247,4.88271416956893,3610.13557694598,0.999579415103824
"feature_sums[2,4,7]",0.501409025539691,0.00498677549191925,0.29544335117166,-0.196302895726961,0.325968374655472,0.549654982583037,0.727183670969352,0.930046920339414,3510.01367744129,0.999579200939595
"feature_sums[2,4,8]",-1.41110187528866,0.00707365572414837,0.428819119547072,-1.9292109103855,-1.7134415612651,-1.50922279553877,-1.22458064524775,-0.315232010369062,3675.02623674683,0.999581272098016
"feature_sums[2,5,1]",0,NA,0,0,0,0,0,0,NA,NA
"feature_sums[2,5,2]",2.69578139181888,0.00375499627006312,0.228176305980235,2.10780562008298,2.60061517115885,2.74980522448913,2.85505163793825,2.96450167594729,3692.51331432212,0.999584046364633
"feature_sums[2,5,3]",-0.915678449627195,0.000788172259972279,0.0455417625018484,-0.988700054012537,-0.940893597345134,-0.909173976809677,-0.882260858954733,-0.867394131289428,3338.69984529943,0.999549474569268
"feature_sums[2,5,4]",0,NA,0,0,0,0,0,0,NA,NA
"feature_sums[2,5,5]",7.21480250038488,0.00943154096553114,0.571758826062763,5.75364268049208,6.966107526997,7.3456303940517,7.6179220816868,7.90561454718067,3675.02623674685,0.999581272098016
"feature_sums[2,5,6]",8.53964349792133,0.00579056759185585,0.352697240764425,7.63253769192738,8.39832355938887,8.62406561538375,8.78245188276726,8.94675065538321,3709.89701011472,0.999578562713483
"feature_sums[2,5,7]",2.02601330659807,0.000853072883844121,0.0522216746761994,1.90491746408523,2.02509930265141,2.03946784465944,2.04680740550106,2.04913302237481,3747.39363554136,0.999542682847651
"feature_sums[2,5,8]",-2.91028753238445,0.00111820298734722,0.0659048699580606,-3.00101447295944,-2.93017758491051,-2.89551147470957,-2.87257310902023,-2.86357860686029,3473.71127684337,0.999502699870387
"feature_sums[3,1,1]",0,NA,0,0,0,0,0,0,NA,NA
"feature_sums[3,1,2]",-6.08929648530526,0.00983197395398033,0.595370499182069,-6.87493072554668,-6.52083025599638,-6.19567277080565,-5.78890191718838,-4.66477313036858,3666.85033274877,0.999633491311422
"feature_sums[3,1,3]",2.16455087533239,0.00817839301169673,0.494819050046224,1.01621664558545,1.88097228043497,2.23592938992484,2.5350219774487,2.87589076196478,3660.63871913631,0.999651140284143
"feature_sums[3,1,4]",1.99346450724865,0.000199569089503767,0.0121294385915179,1.96797641417737,1.99247007376153,1.99682080295512,1.99890871265503,1.99992820348635,3693.98262467038,0.999616579013653
"feature_sums[3,1,5]",-7.49016366447973,0.0156860617682363,0.949911089532931,-8.78623654766737,-8.18808452141502,-7.64826778995211,-6.98618439708186,-5.23864730554094,3667.22936802741,0.999639603064661
"feature_sums[3,1,6]",2.49482198159193,0.00552028373510242,0.33465235913447,2.0657599856215,2.25459273555851,2.43136171898376,2.65688062865368,3.30344209748398,3675.06462912798,0.999625466948172
"feature_sums[3,1,7]",3.72460279268266,0.00764232755539495,0.463190728309231,3.10110324926377,3.38573373618349,3.64484815116049,3.96566090187372,4.82907604124826,3673.40167124529,0.999635104204799
"feature_sums[3,1,8]",0,NA,0,0,0,0,0,0,NA,NA
"feature_sums[3,2,1]",9,NA,0,9,9,9,9,9,NA,NA
"feature_sums[3,2,2]",6.65792325731531,0.0139431660162101,0.844365412918161,4.65657538270306,6.20994168629499,6.79846025773521,7.27829735236891,7.809988042371,3667.22936802741,0.999639603064661
"feature_sums[3,2,3]",-4.81063153161225,0.00229242952092798,0.138207626625106,-4.97599807655363,-4.90601834850739,-4.83893132344371,-4.75079785594287,-4.47783737870552,3634.72897648111,0.999627144052767
"feature_sums[3,2,4]",-2.81014540228715,0.0131239790633201,0.794073290566252,-3.83898168776235,-3.3806762442662,-2.95645415375488,-2.42074614578153,-0.905546887793836,3660.91899120907,0.999632070389409
"feature_sums[3,2,5]",-1.02536748641861,0.000245943381946641,0.0143280390536632,-1.03781720391993,-1.03463673786972,-1.02806628181506,-1.01881278258001,-1.00437934512704,3393.93274362748,0.99963558486102
"feature_sums[3,2,6]",0,NA,0,0,0,0,0,0,NA,NA
"feature_sums[3,2,7]",0,NA,0,0,0,0,0,0,NA,NA
"feature_sums[3,2,8]",-0.683776873059028,0.00307134237899898,0.18581609020625,-0.9527457276535,-0.823243263026995,-0.710001744068832,-0.576179637643932,-0.253899382490235,3660.24512574669,0.999652486392471
"feature_sums[3,3,1]",-4.3871565802401,0.00668620409498829,0.404864828696604,-4.91654925945792,-4.67949590752221,-4.46076912847366,-4.18567321823174,-3.41630504604947,3666.57727648347,0.999631877742182
"feature_sums[3,3,2]",-4.74673949733591,0.0125164264460323,0.757276167818571,-5.81654664130805,-5.30996099071684,-4.86167378029331,-4.32404832524288,-2.97685324139701,3660.56291611777,0.99964801703244
"feature_sums[3,3,3]",-0.638576070506049,0.0133960717198234,0.811128404223883,-1.79893024592912,-1.24528973640792,-0.757709476108447,-0.176710183741166,1.25048995702407,3666.2687049749,0.999648521034389
"feature_sums[3,3,4]",0,NA,0,0,0,0,0,0,NA,NA
"feature_sums[3,3,5]",0,NA,0,0,0,0,0,0,NA,NA
"feature_sums[3,3,6]",8.58127337547283,0.00495372167183768,0.298961226240958,7.86116063613789,8.44776634288973,8.64117207442383,8.78976898240472,8.94607644332351,3642.22296814769,0.999627798352441
"feature_sums[3,3,7]",8,NA,0,8,8,8,8,8,NA,NA
"feature_sums[3,3,8]",-0.860266528883057,0.0124719296872044,0.754978199160873,-1.8450093074025,-1.40459363561801,-0.997976898712624,-0.486101419619746,0.949877516233717,3664.38852597827,0.9996321382373
"feature_sums[3,4,1]",-3.15167225160858,0.0112496307394701,0.680629378985058,-4.72988397192431,-3.5428480819211,-3.05406886600633,-2.64173475952431,-2.17136351038173,3660.53739542099,0.9996515090925
"feature_sums[3,4,2]",-0.0989989683764257,0.0115219765047368,0.697744380896601,-1.75684806284814,-0.464814469726095,0.0192298813146938,0.412030204086679,0.84550844806664,3667.23486442155,0.999638126020829
"feature_sums[3,4,3]",0,NA,0,0,0,0,0,0,NA,NA
"feature_sums[3,4,4]",0,NA,0,0,0,0,0,0,NA,NA
"feature_sums[3,4,5]",1.7397989958015,0.00280913541542295,0.170105856909162,1.33279232296245,1.65397197633954,1.77019222023019,1.86309435885611,1.96426592158476,3666.85033274877,0.999633491311422
"feature_sums[3,4,6]",-2.73065215610891,0.00303533309762718,0.183605268282583,-2.96415865698615,-2.86148291928726,-2.76555017851655,-2.64313911795085,-2.2888091361592,3658.95915864805,0.999629301434083
"feature_sums[3,4,7]",0.347302757834148,0.00653805680996943,0.396286584968451,-0.583489557427426,0.126650734872267,0.408516739118359,0.642371853050693,0.905208551671424,3673.84950558539,0.9996433789234
"feature_sums[3,4,8]",1.7650806265124,0.0120923354801484,0.731892455090226,0.0650759926180499,1.34572821696766,1.87096039054407,2.31318416758308,2.81676117179398,3663.31416696719,0.999650233072964
"feature_sums[3,5,1]",6.08929648530526,0.00983197395398033,0.595370499182069,4.66477313036858,5.78890191718838,6.19567277080565,6.52083025599638,6.87493072554668,3666.85033274877,0.999633491311422
"feature_sums[3,5,2]",0,NA,0,0,0,0,0,0,NA,NA
"feature_sums[3,5,3]",0,NA,0,0,0,0,0,0,NA,NA
"feature_sums[3,5,4]",4.80755740234816,0.0017846464638183,0.108167756877936,4.56264161304639,4.74053093598611,4.82087229476153,4.89020913789702,4.97050764025027,3673.59483453808,0.999651375898267
"feature_sums[3,5,5]",-0.481706867564905,0.0154107996664085,0.932770945328798,-1.780742049178,-1.17203876411188,-0.629052105586573,0.0282068419038399,1.71169482846143,3663.52930685887,0.999644516570276
"feature_sums[3,5,6]",-0.589771582499281,0.00413980922532563,0.250878472882907,-0.940728528483899,-0.776079511048404,-0.62916213566763,-0.45144672282957,0.00070881729477193,3672.53665277052,0.999642594997476
"feature_sums[3,5,7]",-5.37478944396313,0.00699490266827054,0.423266924010973,-5.91640609789118,-5.67733912200943,-5.45454001506105,-5.17108957167122,-4.35656644394944,3661.55289634601,0.999629539751747
"feature_sums[3,5,8]",-3.98498564607166,0.0101843228372199,0.61625258758067,-4.85199653328888,-4.44267725697354,-4.07962950893587,-3.64306502573554,-2.54208940302492,3661.45074454978,0.999647003663714
"feature_sums[4,1,1]",0.416951774651358,0.0140279784162222,0.901164724627558,-0.817995664803666,-0.248680920515456,0.259163544443586,0.877023207565022,2.55360645945958,4126.84529481078,0.999818240140063
"feature_sums[4,1,2]",0,NA,0,0,0,0,0,0,NA,NA
"feature_sums[4,1,3]",0,NA,0,0,0,0,0,0,NA,NA
"feature_sums[4,1,4]",8,NA,0,8,8,8,8,8,NA,NA
"feature_sums[4,1,5]",-5.14008950537676,0.0090258112544692,0.579719406679552,-5.89476287291514,-5.55956814648616,-5.25231515829639,-4.8669093374961,-3.74392948402495,4125.37263334381,0.999810488898637
"feature_sums[4,1,6]",-3.35378780758044,0.00643951945690104,0.41366228945584,-3.9172616535997,-3.65828949193408,-3.42695390903547,-3.14484598160886,-2.37229550824399,4126.5293942608,0.999817992269381
"feature_sums[4,1,7]",7.4221508948914,0.0159468965787728,1.02450037371779,4.9747548828448,6.91294343643314,7.60899208349953,8.17429505771477,8.801099331443,4127.35559060377,0.999813702339974
"feature_sums[4,1,8]",-1.94719902825357,0.000676092261592893,0.0432081698046108,-1.9943975526761,-1.97566451735277,-1.95720562131781,-1.93209671188908,-1.84327263347659,4084.32047736199,0.999850279845209
"feature_sums[4,2,1]",0,NA,0,0,0,0,0,0,NA,NA
"feature_sums[4,2,2]",-2.47405029829713,0.00531563219292428,0.341500124572597,-2.93369977714767,-2.72476501923826,-2.53633069449984,-2.30431447881105,-1.65825162761493,4127.35559060378,0.999813702339974
"feature_sums[4,2,3]",-4.24015597928534,0.00213565769883384,0.136879734501991,-4.55377857757184,-4.32316266085095,-4.22163186742653,-4.13421433283611,-4.03296369644739,4107.85416461329,0.99985219891536
"feature_sums[4,2,4]",0.0288131824671384,0.00937453334464547,0.602194752457821,-1.39296941336602,-0.290732987254024,0.129590477842229,0.478740370573669,0.873278613276855,4126.43128192142,0.999820332192135
"feature_sums[4,2,5]",-1.3205824914236,0.00292241047617307,0.187526324921674,-1.75181898929272,-1.42800502360405,-1.29356350566551,-1.17810350870794,-1.04389318712551,4117.58006832567,0.999839136774179
"feature_sums[4,2,6]",0,NA,0,0,0,0,0,0,NA,NA
"feature_sums[4,2,7]",5.4338849207086,0.00626286580892259,0.401918689189093,4.46083169748306,5.25849538641243,5.51688030592264,5.71814482420331,5.933329362566,4118.41578547391,0.999813162704578
"feature_sums[4,2,8]",2.31838356582966,0.00719159998730376,0.461880219781767,1.20528673828962,2.1023751680225,2.40842514948821,2.65185163132384,2.91689364286391,4124.84545594441,0.999810540478144
"feature_sums[4,3,1]",-2.7169424603543,0.00313143290446129,0.200959344594547,-2.966664681283,-2.85907241210166,-2.75844015296132,-2.62924769320621,-2.23041584874153,4118.41578547391,0.999813162704578
"feature_sums[4,3,2]",-5.52025321819918,0.0148160241263175,0.95187873836595,-6.81224214492938,-6.22183595456812,-5.69120163529625,-5.04060169668349,-3.25025849414006,4127.62181931854,0.999814379500663
"feature_sums[4,3,3]",1.56538929365913,0.00476745153500078,0.304752908232622,1.08196802541154,1.32802341730722,1.53305804712905,1.76165039476441,2.23242967394612,4086.23316118743,0.999881978399705
"feature_sums[4,3,4]",0,NA,0,0,0,0,0,0,NA,NA
"feature_sums[4,3,5]",0,NA,0,0,0,0,0,0,NA,NA
"feature_sums[4,3,6]",5.1820602789956,0.00862991998476451,0.554256263738121,3.84634408594754,4.922850201627,5.29011017938586,5.58222195758861,5.90027237143669,4124.84545594441,0.999810540478144
"feature_sums[4,3,7]",0.577849105108598,0.0159468965787728,1.02450037371779,-0.801099331442999,-0.174295057714774,0.391007916500473,1.08705656356686,3.0252451171552,4127.35559060377,0.999813702339974
"feature_sums[4,3,8]",-0.235511122382993,0.0175029036840455,1.12441525007557,-1.77382621382177,-1.0657300555297,-0.433282733421404,0.337210760181542,2.43332703419459,4126.98840275247,0.999817486518171
"feature_sums[4,4,1]",-1.49339374393054,0.0048904227866733,0.314145586767269,-1.93388464000421,-1.72804873341744,-1.54592126940911,-1.32672882320409,-0.752273864598172,4126.3789869769,0.999821156325067
"feature_sums[4,4,2]",-5.54529314733627,0.00575327998984301,0.369504175825414,-6.43577060936831,-5.718099865582,-5.47325988040943,-5.27851869494092,-5.06648508570887,4124.8454559444,0.999810540478144
"feature_sums[4,4,3]",-3.94183475859192,0.0102818200638414,0.66047369536683,-4.86225823752769,-4.43332688816289,-4.05345898604292,-3.59538681900875,-2.38304079790277,4126.39741608373,0.999820791210771
"feature_sums[4,4,4]",-1.64475546090806,0.0126469819735218,0.81201550964174,-2.81855197506836,-2.25866382770166,-1.77027996714574,-1.19268859474761,0.248231543511449,4122.44480640723,0.999829962243126
"feature_sums[4,4,5]",0,NA,0,0,0,0,0,0,NA,NA
"feature_sums[4,4,6]",0,NA,0,0,0,0,0,0,NA,NA
"feature_sums[4,4,7]",1.09802640931647,0.010064551810282,0.645767915609459,-0.465479820298817,0.81983979150772,1.23252608020177,1.55288175365773,1.8943915965251,4116.84056002738,0.999814631933992
"feature_sums[4,4,8]",2.85284651503833,0.00171610129630491,0.10998712192017,2.5867445830571,2.80851260962448,2.87668567230492,2.92868865471999,2.98328577977043,4107.69166638421,0.999823881897626
"feature_sums[4,5,1]",8,NA,0,8,8,8,8,8,NA,NA
"feature_sums[4,5,2]",-0.402807449257999,0.016380836084237,1.0523107444497,-1.80091446858646,-1.17101134353559,-0.599401508590256,0.109470907959902,2.11926735413844,4126.82336113022,0.999812258355576
"feature_sums[4,5,3]",-2.58299974143911,0.00447449385068764,0.287349473903786,-2.95004461177872,-2.78953390557878,-2.64058599737394,-2.45139686621685,-1.8866787764882,4124.13602982885,0.999807479909816
"feature_sums[4,5,4]",8.1508273810629,0.00939429871338389,0.602878033783639,6.69124754622459,7.88774307961864,8.27532045888396,8.57721723630497,8.899994043849,4118.41578547391,0.999813162704578
"feature_sums[4,5,5]",-1.96052134002361,0.000357396669177745,0.0229260964508117,-1.9945210232398,-1.97787092976741,-1.96368622941808,-1.94735314392315,-1.90871920487366,4114.89946412512,0.999852202901922
"feature_sums[4,5,6]",-4.29154101326762,0.00235551874987292,0.149760593363277,-4.59915399867519,-4.39573450765142,-4.27999505266484,-4.17335574120289,-4.04364521028106,4042.23886232528,0.999939596280737
"feature_sums[4,5,7]",0,NA,0,0,0,0,0,0,NA,NA
"feature_sums[4,5,8]",0,NA,0,0,0,0,0,0,NA,NA
"feature_sums[5,1,1]",-1.81390427652698,0.00200641064837319,0.128044372851619,-1.97724589133832,-1.90575101349521,-1.83952101571838,-1.753522119378,-1.49896188565125,4072.68992844047,0.999781293091368
"feature_sums[5,1,2]",1.7978035003971,0.00232421341216154,0.148538744493975,1.42514256263182,1.73311747743945,1.830515847741,1.90255153059148,1.97705357867129,4084.39270206766,0.99974832577657
"feature_sums[5,1,3]",2.28682935867245,0.0173511566940501,1.10533377093369,-0.385445320909198,1.71705862867154,2.48619866650117,3.09859383308345,3.77916722205287,4058.16793063646,0.999840419206239
"feature_sums[5,1,4]",0,NA,0,0,0,0,0,0,NA,NA
"feature_sums[5,1,5]",0,NA,0,0,0,0,0,0,NA,NA
"feature_sums[5,1,6]",-1.20024842329397,0.00234778530878476,0.150000296270236,-1.57315651250377,-1.26268052450167,-1.16718940152763,-1.09652362373129,-1.02288428762367,4081.94804088406,0.999725335505384
"feature_sums[5,1,7]",4.45149937315792,0.00384310944622127,0.241980431651906,4.06716321009923,4.26394852976568,4.42709107485412,4.61169933083208,4.98024181844815,3964.55994401596,1.00016214573671
"feature_sums[5,1,8]",4.32686937820026,0.0069726010274659,0.444519795362962,3.24422450013015,4.10479888718784,4.41044227942353,4.65076344249373,4.91491524976615,4064.36385402104,0.999817690879826
"feature_sums[5,2,1]",-1.90202979673726,0.0080758918751511,0.510919280265517,-3.06456867909451,-2.21490092971349,-1.83629508852072,-1.51193003438671,-1.1290761320091,4002.42858875609,1.0000252922679
"feature_sums[5,2,2]",0,NA,0,0,0,0,0,0,NA,NA
"feature_sums[5,2,3]",0,NA,0,0,0,0,0,0,NA,NA
"feature_sums[5,2,4]",-2.39968784871797,0.00592140052398244,0.376820199907719,-2.92087836918865,-2.67901142031221,-2.4640770835259,-2.1980787679668,-1.49740584314814,4049.66851619358,0.999871492024345
"feature_sums[5,2,5]",6.92299100512041,0.0111561616439454,0.711231672580739,5.19075920020824,6.56767821950055,7.05670764707765,7.44122150798997,7.86386439962584,4064.36385402105,0.999817690879826
"feature_sums[5,2,6]",-3.78725088480435,0.00790925587496784,0.503734848068933,-5.00359482965236,-4.0504529766567,-3.69754106356542,-3.41569903433297,-3.10190680316015,4056.3249676077,0.999853293071326
"feature_sums[5,2,7]",-4.09304786173651,0.0010032053241866,0.0640221864258097,-4.25051905717437,-4.123238940311,-4.08023949214081,-4.04712449325239,-4.01137705433084,4072.68992844046,0.999781293091368
"feature_sums[5,2,8]",7.11485208016895,0.0181803953601803,1.15565604191971,4.37667213673986,6.47807009409955,7.30179121350744,7.97687743499604,8.7461963856347,4040.64356177281,0.999897534682087
"feature_sums[5,3,1]",4.28529111557682,0.00736484608195486,0.46945232054985,3.14358845733056,4.04899760493641,4.37277022744904,4.62804062424487,4.90927535405022,4063.08240422349,0.999823084381683
"feature_sums[5,3,2]",5.70632783569943,0.0128421455926065,0.817453830192142,3.74429262912191,5.2729185956226,5.847914674911,6.31089834737202,6.83037968404647,4051.83067153874,0.999863430371851
"feature_sums[5,3,3]",0,NA,0,0,0,0,0,0,NA,NA
"feature_sums[5,3,4]",-1.58107824003755,0.00404008785781784,0.256812453759936,-1.94359919680771,-1.77263942999912,-1.62262026966832,-1.43957113202212,-0.972593808164413,4040.64356177281,0.999897534682087
"feature_sums[5,3,5]",3.8068279266165,0.00217535188269528,0.138925067543961,3.46290268657374,3.74542079743816,3.83616580709538,3.90461369488196,3.97718080185733,4078.51625190507,0.999748283725023
"feature_sums[5,3,6]",0,NA,0,0,0,0,0,0,NA,NA
"feature_sums[5,3,7]",-1.96779826607463,0.00980555491550719,0.624673082620431,-3.47882023621688,-2.28989147671053,-1.85494508689813,-1.50886557587949,-1.12459656709209,4058.45964878884,0.999841072732224
"feature_sums[5,3,8]",1.99907118045681,0.0105364299423395,0.672015341968325,0.355972086729922,1.67117946206358,2.12869654240361,2.48552982587444,2.8750791015767,4067.91067909182,0.99980138571196
"feature_sums[5,4,1]",0,NA,0,0,0,0,0,0,NA,NA
"feature_sums[5,4,2]",2.72085641479046,0.00300961597255978,0.192066559277429,2.24844282847688,2.630283179067,2.75928152357757,2.85862652024282,2.96586883700748,4072.68992844048,0.999781293091368
"feature_sums[5,4,3]",4.42089899684193,0.0150869417271865,0.958560832264622,2.15892388937078,3.88557412936941,4.57239817512559,5.1382508725555,5.78580638630219,4036.79720845732,0.999911450816504
"feature_sums[5,4,4]",4.09658603669175,0.00108767594134764,0.0694625337719804,4.01140959907134,4.04769315255902,4.08191709645231,4.12728960128092,4.26854865671313,4078.51625190508,0.999748283725023
"feature_sums[5,4,5]",2.66323928531011,0.00675557539688182,0.430454914141612,2.08498748733487,2.34755770075159,2.58466233238464,2.88356473700401,3.70652852829467,4060.04315283189,0.999835715162369
"feature_sums[5,4,6]",0,NA,0,0,0,0,0,0,NA,NA
"feature_sums[5,4,7]",-4.13329998372682,0.0086512804334175,0.550810963725842,-4.88687664357227,-4.53985865882477,-4.22979698923137,-3.84354978456975,-2.80860848246721,4053.63249132413,0.999856668146241
"feature_sums[5,4,8]",-3.866604153057,0.00244460633508771,0.155918689812311,-3.99336120601403,-3.96036975831951,-3.91393510175103,-3.83198369854424,-3.46014754999177,4067.97698992742,0.999707251416482
"feature_sums[5,5,1]",-9,NA,0,-9,-9,-9,-9,-9,NA,NA
"feature_sums[5,5,2]",-0.0967916678588695,0.0115949498587627,0.73962011824725,-1.90773474294212,-0.455594532115732,0.0469168706939724,0.437863794480629,0.863669873827871,4068.92497120104,0.999798090549853
"feature_sums[5,5,3]",2.67095638254143,0.00356652406372016,0.22765723895487,2.10908269602192,2.56405354373921,2.71704368870466,2.83429103899543,2.96013260140906,4074.48395175693,0.999780723648967
"feature_sums[5,5,4]",-5.78661997721755,0.0121117926067845,0.77113534921618,-6.84162730100117,-6.35580212235467,-5.92171578492392,-5.38096969839765,-3.93205187545409,4053.63249132413,0.999856668146241
"feature_sums[5,5,5]",2.51021379732575,0.00454074689352688,0.287156059465375,2.07299597440677,2.28991118929244,2.47397161755276,2.68866225781497,3.16201079642997,3999.27603842241,1.00005373605207
"feature_sums[5,5,6]",2.0645818249436,0.000481279858075016,0.0293971132910488,2.01083740385935,2.04194911695715,2.06540883092972,2.08871605861326,2.11153355566942,3730.90335406577,1.00095412604214
"feature_sums[5,5,7]",0,NA,0,0,0,0,0,0,NA,NA
"feature_sums[5,5,8]",0,NA,0,0,0,0,0,0,NA,NA
"feature_sums[6,1,1]",0,NA,0,0,0,0,0,0,NA,NA
"feature_sums[6,1,2]",-3.82840894475531,0.0137217740932382,0.843574899346035,-4.85991377267672,-4.42367375852568,-3.99831105891626,-3.45019028930652,-1.6045019879963,3779.43401471902,0.999667541375612
"feature_sums[6,1,3]",3.61931658041361,0.0140505910374344,0.875180028832559,1.37431748021845,3.14673464356106,3.76592996457396,4.27407527420099,4.81964793489041,3879.76669878732,0.999760572576948
"feature_sums[6,1,4]",6.66063681505307,0.0148664513687948,0.918794395143388,4.25418153597372,6.21808223963445,6.83540672253362,7.32434331544836,7.83440408748701,3819.63659372076,0.999695963260609
"feature_sums[6,1,5]",1.270356901163,0.00336742450862702,0.205610162178157,1.03121159451623,1.1294797997673,1.22694526514661,1.3551290165566,1.812317648876,3728.15031579225,0.999646537324249
"feature_sums[6,1,6]",0,NA,0,0,0,0,0,0,NA,NA
"feature_sums[6,1,7]",-4.76560294014447,0.00313709549030778,0.189903808261425,-4.97392233330061,-4.89091010563425,-4.80716022791451,-4.69474083717932,-4.26974075422556,3664.47591123951,0.999636905367664
"feature_sums[6,1,8]",-2.70815732886562,0.00657854837860014,0.413237375714145,-3.72557521857586,-2.96076912738958,-2.6513806618113,-2.38802458858865,-2.09755311870426,3945.83612060224,0.999865565737593
"feature_sums[6,2,1]",0.194406476720257,0.0195320970427807,1.20959194936284,-2.95308841638671,-0.407953428125832,0.416410370754785,1.07686458966659,1.77265514765238,3835.12945871872,0.999713432491408
"feature_sums[6,2,2]",-4.66968159247346,0.00743322568439742,0.459397197571694,-5.87290923201314,-4.89095888018278,-4.58229663873319,-4.33782834227582,-4.0827979562565,3819.63659372076,0.999695963260609
"feature_sums[6,2,3]",-1.81976206589134,0.00224494967241801,0.137073441452105,-1.97919227032251,-1.91368013348847,-1.84870315656893,-1.7632473222956,-1.45845490074934,3728.15031579226,0.999646537324249
"feature_sums[6,2,4]",0,NA,0,0,0,0,0,0,NA,NA
"feature_sums[6,2,5]",0,NA,0,0,0,0,0,0,NA,NA
"feature_sums[6,2,6]",-1.95354876559621,0.00917540943614463,0.574748950057532,-3.40187255907091,-2.28828651813878,-1.86698874561697,-1.51379892342488,-1.12854851352311,3923.78739072628,0.999818684969017
"feature_sums[6,2,7]",-2.38840512064683,0.00379332070382026,0.237815775489301,-2.99594001694832,-2.52464788479796,-2.3508889122306,-2.20692046903692,-2.05150475621723,3930.44929002092,0.999804332341774
"feature_sums[6,2,8]",2.60946964825177,0.00457392469774608,0.281191633115345,1.8681673293321,2.48339676310217,2.66610368630542,2.80789125284189,2.95330459089224,3779.43401471901,0.999667541375612
"feature_sums[6,3,1]",0,NA,0,0,0,0,0,0,NA,NA
"feature_sums[6,3,2]",0,NA,0,0,0,0,0,0,NA,NA
"feature_sums[6,3,3]",4.54940516472834,0.00561237418104503,0.342683603630262,3.64613725187334,4.40811830573899,4.62175789142232,4.78420033372117,4.94798067580628,3728.15031579226,0.999646537324249
"feature_sums[6,3,4]",-4.12565439520588,0.00962771196832653,0.595491171885988,-4.89136820198451,-4.55729373563897,-4.23785381313174,-3.83576275869178,-2.56791370886959,3825.64332283649,0.999700838888316
"feature_sums[6,3,5]",-0.186870084700368,0.019702059176074,1.21984505271852,-1.77257481233534,-1.07552796477181,-0.412444575871281,0.41720985811874,2.99293855985903,3833.41731388989,0.999709975378316
"feature_sums[6,3,6]",8,NA,0,8,8,8,8,8,NA,NA
"feature_sums[6,3,7]",-1.03641795997386,0.00032386428843558,0.0204765024994699,-1.08205168401454,-1.05002972761867,-1.03413713768167,-1.02035790945972,-1.00504804418635,3997.47202264064,1.00002748873177
"feature_sums[6,3,8]",-0.548228484740013,0.00428440120807595,0.268424531128958,-0.93836000423404,-0.754434186718064,-0.586995733714543,-0.389006491288157,0.121815662022434,3925.2212395075,0.999834571544087
"feature_sums[6,4,1]",3.81248235211557,0.00250967639224622,0.15192304660914,3.41579260338045,3.75579266974345,3.84572818233161,3.9127280845074,3.97913786664049,3664.47591123952,0.999636905367664
"feature_sums[6,4,2]",7.39108117815837,0.00799790941440632,0.485865309317502,6.10894073133184,7.20480583479134,7.49769182106742,7.71599298115173,7.93217227977129,3690.44571486333,0.999631520033975
"feature_sums[6,4,3]",0,NA,0,0,0,0,0,0,NA,NA
"feature_sums[6,4,4]",1.88661784893628,0.00110946324339631,0.0690435380115651,1.71559896158913,1.84750162227658,1.8969487825358,1.93869640003154,1.98459637590464,3872.75692006616,0.999799355709431
"feature_sums[6,4,5]",3.36504989105553,0.0071552656568741,0.44164768354119,2.2047571379434,3.15649428423267,3.45065681809075,3.68214695260884,3.92230961799936,3809.78430634046,0.999686641947892
"feature_sums[6,4,6]",-6,NA,0,-6,-6,-6,-6,-6,NA,NA
"feature_sums[6,4,7]",-3.89983321607646,0.000852991174972733,0.0528361942256491,-3.98541655764694,-3.94057979090303,-3.90207896584403,-3.86073306047386,-3.80061817995711,3836.84257000896,1.00031589992585
"feature_sums[6,4,8]",0,NA,0,0,0,0,0,0,NA,NA
"feature_sums[6,5,1]",2.67987470508022,0.00333536644893212,0.207212596156507,2.14618752043486,2.57136449639781,2.71583458677296,2.83338331727563,2.95873589757544,3859.62572551278,0.999741020846878
"feature_sums[6,5,2]",-1.46190953700041,0.0156126964287697,0.973077517480396,-2.79902963015945,-2.19101644915636,-1.62465917793749,-0.934575035234528,1.03673200670914,3884.53506529978,0.999762703329763
"feature_sums[6,5,3]",0.819366934826231,0.0192549237133568,1.19479741459015,-0.76773643012018,-0.0601085759174604,0.606748548565103,1.43173596015029,3.91304310163847,3850.3919766567,0.999729034679081
"feature_sums[6,5,4]",3.33031840752654,0.00743322568439742,0.459397197571694,2.12709076798686,3.10904111981722,3.41770336126681,3.66217165772418,3.9172020437435,3819.63659372076,0.999695963260609
"feature_sums[6,5,5]",-4.34911608041962,0.00762320782957681,0.468652721858908,-4.92217431815373,-4.67981875473649,-4.44350614384237,-4.13899460517029,-3.1136122155535,3779.43401471901,0.999667541375612
"feature_sums[6,5,6]",-2.71828331103929,0.0154734671334398,0.948044030559431,-3.84934726428253,-3.37769922194613,-2.91396719183362,-2.31036023320488,-0.218204368176176,3753.89172913251,0.999656104789602
"feature_sums[6,5,7]",0,NA,0,0,0,0,0,0,NA,NA
"feature_sums[6,5,8]",0,NA,0,0,0,0,0,0,NA,NA
"feature_sums[7,1,1]",6.41104296131162,0.0157258555290299,0.966218101350993,4.18779938118926,5.86901260361367,6.54368655540356,7.16170766579577,7.77752006180311,3775.04189453918,1.00016373942497
"feature_sums[7,1,2]",-1.7724885894615,0.00704816515246341,0.430307796377911,-2.71734506106084,-2.04268100217237,-1.73084764241491,-1.42941916795707,-1.11608010710709,3727.40244472462,1.00014397104524
"feature_sums[7,1,3]",0,NA,0,0,0,0,0,0,NA,NA
"feature_sums[7,1,4]",5.70385606883713,0.00361825334716039,0.223503812165849,5.15959018730925,5.60965884377691,5.75041314850469,5.86443846991978,5.96596783660073,3815.67981808005,1.00021021614659
"feature_sums[7,1,5]",-0.326783320429918,0.00706726840732388,0.43542349450277,-0.910568614499026,-0.658178336739007,-0.396942596567327,-0.101254144771275,0.698230654762836,3795.95055246763,1.00017718150879
"feature_sums[7,1,6]",0,NA,0,0,0,0,0,0,NA,NA
"feature_sums[7,1,7]",3.84710783849393,0.00193143929584203,0.119234048331527,3.55621509029632,3.79921938276214,3.87282154725355,3.93148997290594,3.98293628218956,3810.99565277203,1.00022080193702
"feature_sums[7,1,8]",6,NA,0,6,6,6,6,6,NA,NA
"feature_sums[7,2,1]",-7.63749083846538,0.00411448688809753,0.253850853847224,-7.95500061572824,-7.82483714419852,-7.68486932713258,-7.51943133521969,-7.02860533480381,3806.50050474528,1.00019773919643
"feature_sums[7,2,2]",-7.85661503677276,0.0120525099573522,0.742915018703459,-8.84897974988293,-8.42167487097645,-7.97777916165393,-7.47356028871715,-6.10351519472675,3799.47226189264,1.00017650741901
"feature_sums[7,2,3]",-2.98341689430941,0.00989414078295945,0.607287217474473,-3.85557645896664,-3.45790336388916,-3.06222689844029,-2.63482671472395,-1.59705912141539,3767.31650822303,1.00015974809643
"feature_sums[7,2,4]",-1.80828222098371,0.0117943916467724,0.724663576013245,-2.83314004635233,-2.37128074934683,-1.90776491655267,-1.40175945271025,-0.140849535891943,3775.04189453918,1.00016373942497
"feature_sums[7,2,5]",0,NA,0,0,0,0,0,0,NA,NA
"feature_sums[7,2,6]",0.0394629243357771,0.00953555762658063,0.586334916884538,-1.31405933871164,-0.28890881719005,0.121187201315551,0.495313025418558,0.866389020472231,3780.93599178839,1.00016154753411
"feature_sums[7,2,7]",0.995473399354099,0.000536100829075241,0.0315834123276561,0.982575454636581,0.983594896892778,0.986796554806827,0.993479202105034,1.06724038688886,3470.76446701542,1.00034782279014
"feature_sums[7,2,8]",0,NA,0,0,0,0,0,0,NA,NA
"feature_sums[7,3,1]",0,NA,0,0,0,0,0,0,NA,NA
"feature_sums[7,3,2]",2.59585888950814,0.0058971958233862,0.362331788006622,2.08342997682383,2.31435962532659,2.54611754172366,2.79912027364488,3.42957523205403,3775.04189453918,1.00016373942497
"feature_sums[7,3,3]",-1.98365781046468,0.0107133421843131,0.660368905514186,-2.86575977767372,-2.48593321864573,-2.09135925480349,-1.64316470108191,-0.425346839757108,3799.47226189264,1.00017650741901
"feature_sums[7,3,4]",0,NA,0,0,0,0,0,0,NA,NA
"feature_sums[7,3,5]",-1.19593260685755,0.00804134727006717,0.494507252957988,-1.88863524657104,-1.57904002987272,-1.26623585137248,-0.92217552199679,-0.0517663434223113,3781.70542049095,1.00016477082178
"feature_sums[7,3,6]",6.68280448365721,0.00360017602708534,0.222119497116321,6.15002966795333,6.57950241831723,6.72426066124101,6.84673250117371,6.96062553876221,3806.50050474529,1.00019773919643
"feature_sums[7,3,7]",7.52411370359168,0.0150573910375094,0.926857545235978,5.36240003350578,7.02461543148429,7.66352379900311,8.23727929391924,8.79920491990472,3789.01671619492,1.00016940262133
"feature_sums[7,3,8]",-4.9341400868959,0.00157944640877292,0.0965985723831503,-4.99924561992609,-4.98878608109951,-4.96444951013754,-4.91934748355651,-4.694318049681,3740.51694720823,1.00029433992933
"feature_sums[7,4,1]",2.23774335784851,0.00803500663823482,0.49527667913564,1.06901012981783,1.98237352581143,2.31851944110262,2.6144499139843,2.89931983325529,3799.47226189264,1.00017650741901
"feature_sums[7,4,2]",4.21242333147557,0.0176915874701586,1.08699536401987,1.71127430383792,3.60263917906537,4.36164737482901,5.05692112402024,5.7497100695285,3775.04189453918,1.00016373942497
"feature_sums[7,4,3]",-3.35466848054653,0.0028744983268042,0.169672887632891,-3.66427745971671,-3.48372243619174,-3.35515986402371,-3.21605153210599,-3.06012349648773,3484.18159107772,1.00011023397909
"feature_sums[7,4,4]",2.66946013372114,0.00339795170059302,0.209234329096604,2.18004634655178,2.55782461046924,2.70157104127556,2.83004763698171,2.95534758526948,3791.67826230885,1.00017102190074
"feature_sums[7,4,5]",3.81874541923269,0.00205724344404876,0.126925426923612,3.51430266740191,3.75971566760984,3.84243466356629,3.91241857209926,3.97750030786412,3806.50050474528,1.00019773919643
"feature_sums[7,4,6]",0,NA,0,0,0,0,0,0,NA,NA
"feature_sums[7,4,7]",0,NA,0,0,0,0,0,0,NA,NA
"feature_sums[7,4,8]",-4.18006316866204,0.00836521724306076,0.514920858464432,-4.88844717772484,-4.57626627439958,-4.25751322166839,-3.90256412860239,-2.97911112972543,3789.01671619492,1.00016940262133
"feature_sums[7,5,1]",0.898593493423952,0.000848822193092906,0.0506789007722222,0.800772947623345,0.861524346877751,0.899988038771137,0.940015710983898,0.983527206232365,3564.6830485622,1.00011671000062
"feature_sums[7,5,2]",0,NA,0,0,0,0,0,0,NA,NA
"feature_sums[7,5,3]",0,NA,0,0,0,0,0,0,NA,NA
"feature_sums[7,5,4]",-4.77343177404087,0.00257155430506096,0.158656783654515,-4.97187538483015,-4.89052321512408,-4.80304332945786,-4.6996445845123,-4.39287833425238,3806.50050474528,1.00019773919643
"feature_sums[7,5,5]",-8.21189397003436,0.00860655228445668,0.530934299180213,-8.89903614323563,-8.61019823455953,-8.30492108150573,-7.95119732093834,-6.94705686514451,3805.60003016217,1.00018568213315
"feature_sums[7,5,6]",1.39776862111331,0.00527617451853851,0.320618117593068,0.717691113625393,1.18418870722362,1.42080465447239,1.65629597301177,1.90629391084209,3692.64719170511,1.00013313329217
"feature_sums[7,5,7]",0.371919233299156,0.00576813862459951,0.352290164727266,-0.40468567127723,0.153012502350523,0.407206294875499,0.652044293587,0.906010220822431,3730.17888189346,1.00014679558246
"feature_sums[7,5,8]",-3.56571809038369,0.00469234863632373,0.289476956655598,-3.94394096216535,-3.78394340422447,-3.61551415243526,-3.42134787437048,-2.87736567792766,3805.81305710493,1.00018169168077
"feature_sums[8,1,1]",-2.96076529295718,0.0102806220538873,0.632630901079785,-3.84572221303182,-3.44398553177117,-3.06904163887595,-2.59518722724773,-1.44022910675606,3786.70973145483,1.00011635403128
"feature_sums[8,1,2]",7.37400337529765,0.0168208674770383,1.03432074883959,4.82900685576017,6.80880476498308,7.56872941034027,8.1540558805858,8.76770239849988,3781.06109871348,1.00006674465299
"feature_sums[8,1,3]",8,NA,0,8,8,8,8,8,NA,NA
"feature_sums[8,1,4]",-1.92631631772657,0.0214405488156283,1.31821852024163,-3.70325718782527,-2.92010512523409,-2.17395147030001,-1.20612517644932,1.31547521645552,3780.09767826851,1.00006620163412
"feature_sums[8,1,5]",-1.35021073255464,0.00304245221030899,0.18744132781065,-1.75263093450423,-1.47868892812701,-1.32968859697835,-1.20196975079967,-1.05737933162981,3795.62390983478,1.00030014076125
"feature_sums[8,1,6]",-1.75866308308289,0.00268280179034351,0.164629869516793,-1.96754675533624,-1.87990603792255,-1.79350817589457,-1.67674355942687,-1.34163796616674,3765.6512234053,0.999991098823549
"feature_sums[8,1,7]",0,NA,0,0,0,0,0,0,NA,NA
"feature_sums[8,1,8]",0,NA,0,0,0,0,0,0,NA,NA
"feature_sums[8,2,1]",3.61075286815055,0.00436906823747067,0.267994429529037,2.93000017173415,3.47915819023969,3.66817651535807,3.80737433704399,3.94804084053306,3762.47721454689,0.999980603016528
"feature_sums[8,2,2]",2.43376887472516,0.00348588088866578,0.2138178338636,2.07525105305963,2.26304863623484,2.42163599692804,2.59544006677428,2.84411693682317,3762.38092870188,1.00042427107712
"feature_sums[8,2,3]",0,NA,0,0,0,0,0,0,NA,NA
"feature_sums[8,2,4]",3.30359059181986,0.00356803078845949,0.218420682744176,3.03909674961867,3.14625171083737,3.25425473625609,3.40424950048257,3.86482702419678,3747.40243042339,0.999933334454927
"feature_sums[8,2,5]",1.0677652695187,0.0208199589364013,1.28075482839313,-0.697455989500147,0.094527027853812,0.839758007253332,1.79146117697141,4.17580327093405,3784.18418560909,1.00009574052458
"feature_sums[8,2,6]",-2.45800112509922,0.00560695582567945,0.344773582946531,-2.92256746616663,-2.71801862686193,-2.52290980344676,-2.26960158832769,-1.60966895192006,3781.06109871347,1.00006674465299
"feature_sums[8,2,7]",-1.39915979622345,0.00401579921855366,0.247304039778196,-2.00057760854997,-1.53981273812552,-1.35482696317243,-1.21053766158943,-1.05800960771712,3792.43756503872,1.0001060153657
"feature_sums[8,2,8]",0,NA,0,0,0,0,0,0,NA,NA
"feature_sums[8,3,1]",4.8758860361735,0.0115717964679922,0.711636176792057,3.12897514769615,4.4845494871529,5.00860588126147,5.41340133716321,5.83874535918929,3781.93850450356,1.00007221036013
"feature_sums[8,3,2]",8.14055007760866,0.00151222070550766,0.0928953237652766,8.01942127146716,8.07135787448536,8.1218163398857,8.18881244772162,8.37308092654935,3773.61287549328,1.00002491267434
"feature_sums[8,3,3]",-2.50537940522739,0.0155875521032923,0.957822766970973,-3.78707708860381,-3.22460796551512,-2.68765953449182,-1.98881297652388,-0.142988570460889,3775.84775797802,1.00005374704723
"feature_sums[8,3,4]",-3.9101668609872,0.0108680960986753,0.668645739090525,-4.83920608809537,-4.41961024663161,-4.02666584949994,-3.52781231050064,-2.29609126938993,3785.1685504083,1.00010641951879
"feature_sums[8,3,5]",3.61075286815055,0.00436906823747067,0.267994429529037,2.93000017173415,3.47915819023969,3.66817651535807,3.80737433704399,3.94804084053306,3762.47721454689,0.999980603016528
"feature_sums[8,3,6]",0,NA,0,0,0,0,0,0,NA,NA
"feature_sums[8,3,7]",0,NA,0,0,0,0,0,0,NA,NA
"feature_sums[8,3,8]",1.7508762824752,0.0127174692512039,0.78249361285448,-0.161002908190019,1.31389456364774,1.89397237174195,2.34442008083833,2.81949392774675,3785.82216918104,1.00008692550508
"feature_sums[8,4,1]",-2.681803142113,0.00381203918929841,0.233682910353987,-2.96065509278543,-2.85052358462787,-2.73673039094034,-2.57542999238231,-2.07369733249225,3757.84785075091,0.999931936661255
"feature_sums[8,4,2]",0,NA,0,0,0,0,0,0,NA,NA
"feature_sums[8,4,3]",-1.89880313606005,0.00118934359615316,0.0728068942480586,-1.98696775012711,-1.95124942972088,-1.91524842124797,-1.86525016650581,-1.71172432526774,3747.40243042341,0.999933334454927
"feature_sums[8,4,4]",2.57834976717401,0.00453666211652301,0.27868597129583,1.88075722035195,2.43356265683515,2.63455098034289,2.78592637654392,2.94173618559853,3773.61287549323,1.00002491267434
"feature_sums[8,4,5]",0,NA,0,0,0,0,0,0,NA,NA
"feature_sums[8,4,6]",-1.7200439880636,0.00648323364509553,0.399503586078093,-2.61698670837644,-1.98082313170466,-1.66847004604563,-1.40693505506793,-1.11497149507898,3797.1523103355,1.00024147675531
"feature_sums[8,4,7]",2.06490868198582,0.000945063664282188,0.0574276473702432,2.00668513493221,2.02670845523893,2.0493303361453,2.08461491903553,2.21825700568427,3692.49502111335,0.99977417044757
"feature_sums[8,4,8]",-3.37400337529765,0.0168208674770384,1.03432074883959,-4.76770239849988,-4.1540558805858,-3.56872941034027,-2.80880476498308,-0.829006855760167,3781.06109871347,1.00006674465299
"feature_sums[8,5,1]",0,NA,0,0,0,0,0,0,NA,NA
"feature_sums[8,5,2]",-1.63866741673281,0.00373797055045297,0.229849055297687,-1.94837831077775,-1.81201241790796,-1.6819398689645,-1.5130677255518,-1.07311263461337,3781.06109871346,1.00006674465299
"feature_sums[8,5,3]",-7.64192589523257,0.00426104922536361,0.260703449760585,-7.95434466543873,-7.82877884948295,-7.70157376677635,-7.52383620171622,-6.9702594207713,3743.35015601855,0.999921270939545
"feature_sums[8,5,4]",0,NA,0,0,0,0,0,0,NA,NA
"feature_sums[8,5,5]",6,NA,0,6,6,6,6,6,NA,NA
"feature_sums[8,5,6]",-5.11346123970173,0.00949421488803913,0.58331964201694,-5.87704088959663,-5.54865129434148,-5.23024149196055,-4.80852331838875,-3.65593347122102,3774.80991347227,1.00003001369535
"feature_sums[8,5,7]",-1.39854989589265,0.00321978854203132,0.197464476638315,-1.78247298457686,-1.54668728617128,-1.38644395524264,-1.24105577519574,-1.06969966955505,3761.17253293125,1.00040789836938
"feature_sums[8,5,8]",3.71165286530931,0.0121250779420539,0.746955311900012,1.97098656731905,3.25087394752488,3.82404746358403,4.29075396086663,4.8013748653806,3795.07324411508,1.00018165694446
"feature_sums[9,1,1]",0.274070872462918,0.00743283210767836,0.471466493489957,-0.842098540906511,0.0237998342560839,0.358660939353777,0.618944731186257,0.915057762584972,4023.39823122465,0.999701134376706
"feature_sums[9,1,2]",-2.85144239241942,0.00180308898734581,0.113584984183279,-2.98484130816793,-2.92924822267697,-2.87659964445171,-2.80310665018117,-2.57681879986526,3968.32764099868,0.999573578805817
"feature_sums[9,1,3]",-7.6275367691298,0.00424260484118434,0.26793947369824,-7.95977803106398,-7.81548611193283,-7.68299606908281,-7.50381702540032,-6.98413417069462,3988.48748390344,0.999610195141081
"feature_sums[9,1,4]",-4.45417488809785,0.0135110716139123,0.858322774419272,-6.42003084125286,-4.9694465707686,-4.33031667021807,-3.80659197799797,-3.18376297317159,4035.72607056455,0.999805516493258
"feature_sums[9,1,5]",0,NA,0,0,0,0,0,0,NA,NA
"feature_sums[9,1,6]",0,NA,0,0,0,0,0,0,NA,NA
"feature_sums[9,1,7]",1.71232212058485,0.0118792670440783,0.754568256835542,-0.00884639410777784,1.25556389670241,1.81876421746576,2.28247321206996,2.83619634177713,4034.76060793241,0.999811972576491
"feature_sums[9,1,8]",1.66447350443523,0.00336484141857773,0.213539285519482,1.16177053540922,1.54809992650793,1.7013454024065,1.82177203199832,1.96008035463765,4027.41486010988,0.99972073801328
"feature_sums[9,2,1]",0,NA,0,0,0,0,0,0,NA,NA
"feature_sums[9,2,2]",1.51395735593545,0.0046778541392827,0.297087169993765,0.823803707981967,1.34336656919293,1.56094882462314,1.73575249707771,1.94027118664984,4033.4292343348,0.999763801634342
"feature_sums[9,2,3]",4.36588374417589,0.00591280498551766,0.37581196928518,3.50117743553304,4.14048275412348,4.4210401381367,4.64982998406212,4.92046303284896,4039.7464210327,0.999810614848353
"feature_sums[9,2,4]",0,NA,0,0,0,0,0,0,NA,NA
"feature_sums[9,2,5]",3.6938987236617,0.0122741627299419,0.779501854578343,1.90259543119606,3.23343724430086,3.80959201626837,4.27933053501761,4.83604518062929,4033.20736821372,0.999787004809329
"feature_sums[9,2,6]",7,NA,0,7,7,7,7,7,NA,NA
"feature_sums[9,2,7]",-1.8203465868157,0.00195341178729384,0.123649241900824,-1.97993957203842,-1.90880697395497,-1.84463839379966,-1.75960218597644,-1.52431657451651,4006.77825366224,0.999648366926684
"feature_sums[9,2,8]",-2.27452147491355,0.0115910570857123,0.736373735372472,-3.94434741576937,-2.72904875674504,-2.17495506401773,-1.71539895195294,-1.16370254521001,4035.99379939319,0.999834433797026
"feature_sums[9,3,1]",1.3593068263686,0.00390682357458767,0.247298483801648,1.04012085592316,1.18238605209006,1.31072321240068,1.48079562804712,1.95136685096698,4006.77825366224,0.999648366926684
"feature_sums[9,3,2]",0,NA,0,0,0,0,0,0,NA,NA
"feature_sums[9,3,3]",-1.25843651875971,0.00264095480962082,0.167689646527023,-1.65774063464341,-1.3481462381504,-1.22809039022913,-1.1351454341126,-1.03001430072825,4031.72181694762,0.99971591783584
"feature_sums[9,3,4]",-2.1879838694468,0.0107059642794953,0.680092647330574,-3.72263044761223,-2.61269668637139,-2.09884444054669,-1.6703343979247,-1.15369760948244,4035.38131857822,0.999846634176195
"feature_sums[9,3,5]",7.17336188103195,0.0176771663801617,1.12234390958676,4.56410332944175,6.53437045463173,7.35267939886474,8.00889413393486,8.77601505789239,4031.12819261127,0.999754630380333
"feature_sums[9,3,6]",6.9589263147405,0.0108518550563598,0.688003631947071,5.32301579649139,6.60186642066174,7.08617476519273,7.4591271978345,7.8799397545262,4019.51351132746,0.999685300220311
"feature_sums[9,3,7]",0,NA,0,0,0,0,0,0,NA,NA
"feature_sums[9,3,8]",2.50328974334715,0.0050472621278666,0.320308928279223,2.05987946804353,2.26734195200252,2.44798189639025,2.6778501102381,3.25734419688617,4027.41486010987,0.99972073801328
"feature_sums[9,4,1]",4.9934205133057,0.0100945242557332,0.640617856558446,3.48531160622766,4.6442997795238,5.10403620721951,5.46531609599496,5.88024106391294,4027.41486010987,0.99972073801328
"feature_sums[9,4,2]",0,NA,0,0,0,0,0,0,NA,NA
"feature_sums[9,4,3]",0,NA,0,0,0,0,0,0,NA,NA
"feature_sums[9,4,4]",8.19155964067065,0.00879035304282227,0.556421588553707,6.85942458532429,7.91820983689398,8.30087277209848,8.58963138279736,8.90972807417289,4006.77825366224,0.999648366926684
"feature_sums[9,4,5]",0.327834547590524,0.00629290182609991,0.399743700325756,-0.590559945369702,0.0902332619778681,0.386733984700497,0.628701211996238,0.915534375192069,4035.16542444896,0.999795420979441
"feature_sums[9,4,6]",-2.86690577511798,0.00851932701379779,0.540954124850948,-4.13373870778282,-3.16963160500132,-2.77708731868655,-2.46549119597986,-2.10467569773605,4031.90504507082,0.999743360557149
"feature_sums[9,4,7]",-2.89750088472728,0.000807315456614766,0.050833234508566,-2.98536333673153,-2.93719878492443,-2.89985491758963,-2.85883198930344,-2.80088919865026,3964.68743513789,1.00019157295678
"feature_sums[9,4,8]",-2.90089968938373,0.0017672376040402,0.109782056933083,-2.99449614836936,-2.96722779413414,-2.93254540893709,-2.87246847157603,-2.62914845328918,3858.98276777787,0.999468735556929
"feature_sums[9,5,1]",-0.39112062701065,0.00589238879338723,0.374114636528921,-0.925338352630796,-0.669631377978288,-0.450893132954913,-0.178123484877241,0.478632223519417,4031.12819261127,0.999754630380333
"feature_sums[9,5,2]",1.71331903611402,0.00666980253849001,0.423808760832809,1.08946708358388,1.39373628084911,1.6508527686728,1.96620794488581,2.68802586917091,4037.51274949687,0.999801991555082
"feature_sums[9,5,3]",6.37121305385495,0.00683694125552844,0.432772346652883,5.33510801080778,6.15860765091754,6.45623437829881,6.68082440884239,6.92978850213447,4006.77825366223,0.999648366926684
"feature_sums[9,5,4]",-3.8137683845649,0.00212130242059217,0.13396973684912,-3.97988901553199,-3.90774305596642,-3.84149803454141,-3.75190851270016,-3.49206708534731,3988.48748390344,0.999610195141081
"feature_sums[9,5,5]",-2.64287029822277,0.00337098283008796,0.214037634793397,-2.9552782102406,-2.80331308639588,-2.6749330333256,-2.51720849548744,-2.15075645593138,4031.5050248383,0.999778573006293
"feature_sums[9,5,6]",5.43767147707241,0.00634924134155662,0.401580149784948,4.46702499457222,5.24897623836721,5.52105347788691,5.72188671958553,5.93959387121118,4000.37591592025,0.999626718017685
"feature_sums[9,5,7]",0,NA,0,0,0,0,0,0,NA,NA
"feature_sums[9,5,8]",0,NA,0,0,0,0,0,0,NA,NA
"feature_sums[10,1,1]",-3.60205649721223,0.0157060682106455,0.959341084998669,-4.83226381921824,-4.31010543346518,-3.80384180415196,-3.12999833341435,-1.22635637233803,3730.87870334153,1.00009432162887
"feature_sums[10,1,2]",0,NA,0,0,0,0,0,0,NA,NA
"feature_sums[10,1,3]",0,NA,0,0,0,0,0,0,NA,NA
"feature_sums[10,1,4]",-3.97998356414393,0.00122817915031876,0.0730762751332375,-4.01117671130694,-4.00981152885267,-4.00470755390531,-3.98152470664401,-3.79983319210876,3540.21276369255,1.00120848665286
"feature_sums[10,1,5]",8.58432180895223,0.00499314271687265,0.304814885877179,7.82198516550195,8.44800151732491,8.65323926369451,8.80260251190876,8.95262965789852,3726.69959025689,1.00017606783361
"feature_sums[10,1,6]",8,NA,0,8,8,8,8,8,NA,NA
"feature_sums[10,1,7]",-0.938278688327704,0.000909402996247261,0.0553487728389256,-0.994572443081315,-0.975325776678912,-0.953340891589168,-0.9191733239053,-0.794596480077176,3704.2750910264,1.00036206226076
"feature_sums[10,1,8]",0.0239701875562163,0.0106458636746825,0.650258100262242,-0.869576041152065,-0.471646924501512,-0.0978744721266267,0.380354566649274,1.60086550519551,3730.86677158874,1.00000708538836
"feature_sums[10,2,1]",3.11887960107989,0.00117352502279895,0.0716228910063141,3.01562389552602,3.06291280857656,3.1066800225345,3.16142895151012,3.28987761383839,3724.93745743754,0.999940031931922
"feature_sums[10,2,2]",2.88931383770643,0.00100840929991088,0.0614089363626405,2.75114525932713,2.84870271748835,2.8974874445055,2.93847761298247,2.98445848466943,3708.42470789284,0.999888665300926
"feature_sums[10,2,3]",-0.0636878617245433,0.00971629418657198,0.593493941204887,-0.880100460819086,-0.515347208570088,-0.174045677944613,0.261198407837488,1.37126333271331,3731.05170867605,1.00001116282628
"feature_sums[10,2,4]",6.91699962560148,0.00154211930009045,0.0933718045215865,6.68087411638067,6.89534321196897,6.94411040718325,6.97237818349243,6.99440535659839,3666.02615637013,1.00063437288591
"feature_sums[10,2,5]",4.35475604557876,0.00711797388497254,0.434804761087036,3.28241463505322,4.13527528330314,4.44404668566551,4.67816731631467,4.92146424704193,3731.43431687777,1.0000731899471
"feature_sums[10,2,6]",0,NA,0,0,0,0,0,0,NA,NA
"feature_sums[10,2,7]",0,NA,0,0,0,0,0,0,NA,NA
"feature_sums[10,2,8]",-2.39636567837379,0.00618510100149215,0.37777141113868,-2.92187615951895,-2.68512288015375,-2.46491682143335,-2.18614328680657,-1.4876256181654,3730.4788743833,0.999999438543129
"feature_sums[10,3,1]",1.95053356833869,0.00064277499410982,0.0391960668463549,1.85197712989006,1.93490507813917,1.95998654770483,1.97758588674755,1.99470892557076,3718.493556019,1.00027317196327
"feature_sums[10,3,2]",5.18575142916487,0.00894211406111217,0.546239791011655,3.84002923046392,4.90828996898859,5.29723881973838,5.59281929228517,5.90054898546328,3731.52414538645,1.00006803651889
"feature_sums[10,3,3]",0,NA,0,0,0,0,0,0,NA,NA
"feature_sums[10,3,4]",0,NA,0,0,0,0,0,0,NA,NA
"feature_sums[10,3,5]",-6,NA,0,-6,-6,-6,-6,-6,NA,NA
"feature_sums[10,3,6]",-6.39030847566345,0.0164936026706457,1.00739042970315,-7.79166975871721,-7.16032768041001,-6.57311152382227,-5.8297154314842,-3.96700164844108,3730.4788743833,0.999999438543129
"feature_sums[10,3,7]",3.04099435484831,0.00110278045579865,0.0625518940620127,2.91060093887602,3.037023112251,3.05621842496956,3.0660993986993,3.06944247418549,3217.38333441205,1.00190827687285
"feature_sums[10,3,8]",0.196084969685574,0.00872012279254671,0.532694851233986,-1.11044951325677,-0.0786828835131552,0.30267080092069,0.594649494135587,0.90065848856644,3731.74360505328,1.00005710115967
"feature_sums[10,4,1]",-6.96760967292601,0.0113887582159561,0.695687617739257,-7.87434279526709,-7.48506770610348,-7.11047469706482,-6.61644045328502,-5.25186341608516,3731.43431687776,1.0000731899471
"feature_sums[10,4,2]",3.10290653779146,0.00930396103224819,0.568299847702371,1.72783489609273,2.79101778583839,3.2086713772094,3.53594029779106,3.88528217336422,3730.94901083251,1.00000796154014
"feature_sums[10,4,3]",1.2513058327754,0.00742866506318471,0.453532698849182,0.171903506422559,0.98630255142087,1.3287117340949,1.6031826375484,1.90115539665195,3727.31119077497,0.999960570163903
"feature_sums[10,4,4]",0,NA,0,0,0,0,0,0,NA,NA
"feature_sums[10,4,5]",0,NA,0,0,0,0,0,0,NA,NA
"feature_sums[10,4,6]",1.82512168382157,0.0013266865247873,0.0767349153280312,1.71125550328168,1.75851902835643,1.82211510522746,1.88646120336924,1.97098282865234,3345.41038283406,1.00023354543049
"feature_sums[10,4,7]",2.06001025281142,0.00932342227814772,0.569257117211551,0.709197460499023,1.72900029070576,2.1565540222867,2.50040090864141,2.87524943785165,3727.91695023203,0.999968202886423
"feature_sums[10,4,8]",-8.58432180895223,0.00499314271687265,0.304814885877179,-8.95262965789852,-8.80260251190876,-8.65323926369451,-8.44800151732491,-7.82198516550195,3726.69959025689,1.00017606783361
"feature_sums[10,5,1]",0,NA,0,0,0,0,0,0,NA,NA
"feature_sums[10,5,2]",-7.50294982507837,0.0158964621851605,0.971068800345887,-8.8120093558506,-8.2360094778735,-7.69107985430067,-6.98696237410172,-5.1349997210458,3731.63398004749,1.00003297495033
"feature_sums[10,5,3]",-0.539501908266659,0.00490937821984001,0.299895307666525,-0.942517732420366,-0.765899533244111,-0.598162568467954,-0.380607942269842,0.194023216280978,3731.52502130486,1.00003283649495
"feature_sums[10,5,4]",1.60798549405969,0.0145675483534873,0.889862894323392,-0.54831091233499,1.12695391464644,1.77571776006427,2.28251354337807,2.82269883365947,3731.41247459117,1.00002168134039
"feature_sums[10,5,5]",4.57703780883233,0.00463824406763401,0.283332756929284,3.88306158416976,4.43408762059781,4.63416611011272,4.78715588687695,4.94775064635064,3731.52520447752,1.00007978942199
"feature_sums[10,5,6]",2.93250023158435,0.00111455480921002,0.0676518995721982,2.76039543383153,2.91348813778325,2.95136563588117,2.97475228812827,2.99454343612141,3684.31819357675,1.00052038106638
"feature_sums[10,5,7]",-7,NA,0,-7,-7,-7,-7,-7,NA,NA
"feature_sums[10,5,8]",0,NA,0,0,0,0,0,0,NA,NA
"feature_sums[11,1,1]",0.645962332644334,0.0141414903526616,0.832961459648174,-1.35201406650226,0.162995815423391,0.764670639746995,1.2784458185693,1.81352863531679,3469.44056325257,0.999862098731131
"feature_sums[11,1,2]",-1.25903410421162,0.00237413253681686,0.135433373589939,-1.54390756940477,-1.35629956834495,-1.25085945560981,-1.15148622190075,-1.0403445030582,3254.17926498386,0.99985757860142
"feature_sums[11,1,3]",-8,NA,0,-8,-8,-8,-8,-8,NA,NA
"feature_sums[11,1,4]",4.93912194950297,0.0116000136140737,0.69022466715989,3.25852173306644,4.56817525357246,5.05073123522412,5.45147842599969,5.85968013156877,3540.49474511309,0.999868355794941
"feature_sums[11,1,5]",0,NA,0,0,0,0,0,0,NA,NA
"feature_sums[11,1,6]",0,NA,0,0,0,0,0,0,NA,NA
"feature_sums[11,1,7]",4.14306511967578,0.00955095614703552,0.57006911527291,2.74592209045371,3.84536476080376,4.23946093889187,4.56280018003055,4.88872411689333,3562.55291395419,0.999874523550664
"feature_sums[11,1,8]",-6.89106039297124,0.0097872309459946,0.581915842768366,-8.31548290403925,-7.20315941799618,-6.79557782070208,-6.45863944535023,-6.11703535425343,3535.09174625189,0.999875251409238
"feature_sums[11,2,1]",5.17469212322678,0.00936459606145125,0.561097988820964,3.79579961587663,4.89040560136968,5.27294821897828,5.58371876267612,5.89444940971237,3590.04031937227,0.999877284465081
"feature_sums[11,2,2]",6.65309857781142,0.00424978453525151,0.262138401084051,6.00918232785419,6.5387678200507,6.7050001491695,6.83421758936441,6.95870946882198,3804.76176490403,0.999890826668771
"feature_sums[11,2,3]",5.14268939661989,0.0100693978776786,0.612249475964896,3.63249900006276,4.85304819281422,5.257413126545,5.57875041896316,5.89413749476923,3697.00332124118,0.999884915515579
"feature_sums[11,2,4]",4.84994143028458,0.00256138297007322,0.16035364683313,4.46015117801847,4.80759802376592,4.89025896972892,4.9444314682967,4.98768407372338,3919.30126063311,0.999974624299933
"feature_sums[11,2,5]",-0.572880990111861,0.0147910214763905,0.870052385261536,-1.80200723984052,-1.23540966452541,-0.693719930467199,-0.0626629855003249,1.50575695866743,3460.14635469908,0.999859837639405
"feature_sums[11,2,6]",-1.75853947836118,0.00208029920846322,0.117369768277027,-1.96009488593397,-1.85177950091582,-1.75900128253506,-1.66698934895915,-1.54162129791961,3183.17772193397,0.999862269964348
"feature_sums[11,2,7]",0,NA,0,0,0,0,0,0,NA,NA
"feature_sums[11,2,8]",0,NA,0,0,0,0,0,0,NA,NA
"feature_sums[11,3,1]",0,NA,0,0,0,0,0,0,NA,NA
"feature_sums[11,3,2]",0.41450406732937,0.0154666848187649,0.920299556213186,-0.8129068420917,-0.268637901332926,0.265691686367837,0.909099661903387,2.65530435591141,3540.49474511311,0.999868355794941
"feature_sums[11,3,3]",-2.35700701173148,0.00316999052563728,0.179870347156702,-2.71553215079191,-2.49130037064921,-2.35084007272419,-2.2138846036679,-2.05713371310962,3219.60962689995,0.999852092056052
"feature_sums[11,3,4]",0,NA,0,0,0,0,0,0,NA,NA
"feature_sums[11,3,5]",5.27510262559107,0.00312153202048376,0.187032662940321,5.03518353009588,5.13876041244129,5.24235059367391,5.36986479954344,5.73473346137446,3590.04031937226,0.999877284465081
"feature_sums[11,3,6]",7.07981688285833,0.0202916221756359,1.20025541073344,4.19593958485644,6.40076514570489,7.25681866107711,7.98355494580205,8.73767391770996,3498.75724126996,0.999858655230372
"feature_sums[11,3,7]",3.6189730651644,0.00447528794563491,0.27211087820662,2.94777733336123,3.49024364125077,3.66996138957555,3.81277796398363,3.95294999767521,3697.00332124119,0.999884915515579
"feature_sums[11,3,8]",-0.957252271163709,0.000454316739379431,0.0269673522066256,-0.994170530295469,-0.977412019016973,-0.961259509251752,-0.942220624941808,-0.892853060058967,3523.37717861847,0.999845607782701
"feature_sums[11,4,1]",-0.45871585625627,0.0051803383047524,0.300127153629779,-0.919006986351165,-0.693436953486248,-0.487241005663106,-0.260447219987359,0.21928794001364,3356.5593747662,0.999836757149991
"feature_sums[11,4,2]",0,NA,0,0,0,0,0,0,NA,NA
"feature_sums[11,4,3]",0,NA,0,0,0,0,0,0,NA,NA
"feature_sums[11,4,4]",3.48887964795052,0.00454843312892044,0.260581806601062,3.07509293451567,3.28274131577039,3.46979731524675,3.67105005344629,4.05128351401635,3282.196312405,0.999856604181319
"feature_sums[11,4,5]",5.70265592383836,0.003642672458787,0.224690058072044,5.1507277095893,5.60465813147203,5.74714298500243,5.85790079088378,5.96460811613312,3804.76176490404,0.999890826668772
"feature_sums[11,4,6]",2.76203818484018,0.0140468940921769,0.841646983231445,0.693699423814941,2.33560840205452,2.90942232846742,3.37557814401418,3.84167411456855,3590.04031937229,0.999877284465081
"feature_sums[11,4,7]",-1.70725203366468,0.00773334240938243,0.460149778106593,-2.8276521779557,-1.95454983095169,-1.63284584318392,-1.36568104933354,-1.09354657895415,3540.49474511311,0.999868355794941
"feature_sums[11,4,8]",-2.7142297988733,0.00335646595922618,0.204083158654965,-2.96471249825641,-2.85958347298772,-2.75247104218167,-2.61768273093807,-2.21083300002092,3697.0033212412,0.999884915515579
"feature_sums[11,5,1]",-1.90088530794612,0.001214224152929,0.0748966860240146,-1.98820270537771,-1.95263359696126,-1.91571432833414,-1.86821937715734,-1.71690923652977,3804.76176490403,0.999890826668771
"feature_sums[11,5,2]",-2.00129581031041,0.0112666072851765,0.673761107582548,-3.6558430820276,-2.3476785753311,-1.88511670302977,-1.50767524672644,-1.12893682576122,3576.230994803,0.999876546038574
"feature_sums[11,5,3]",3.6068415313004,0.00472044564526762,0.289155503858965,2.88871833245787,3.47509063277793,3.66344346848829,3.81063939956836,3.95281245857064,3752.29456205473,0.999894995338665
"feature_sums[11,5,4]",1.23096836512018,0.00219230991154538,0.125838971395922,1.03473407604817,1.13163151264687,1.22015094774864,1.31702102826395,1.50972232253119,3294.78002818666,0.999867421252266
"feature_sums[11,5,5]",0,NA,0,0,0,0,0,0,NA,NA
"feature_sums[11,5,6]",2.35993896095278,0.00676387405854528,0.400085136911147,1.39864652828548,2.13358838190163,2.41893955369237,2.66118498193402,2.91255797256999,3498.75724126996,0.999858655230372
"feature_sums[11,5,7]",-0.116344707591726,0.0123675591114117,0.738562923947056,-1.91663180501299,-0.503607066534911,0.00639129066181221,0.42715743691355,0.853745469664006,3566.21083185565,0.999868725844626
"feature_sums[11,5,8]",0,NA,0,0,0,0,0,0,NA,NA
"feature_sums[12,1,1]",-1.41064166428273,0.0051123351904788,0.326678263620663,-2.21722981334122,-1.53425711443015,-1.33498780493116,-1.19317558797707,-1.04895588545353,4083.21112365309,1.00041020201581
"feature_sums[12,1,2]",2.1795097148262,0.00182135346483343,0.115998789575968,2.02425325406606,2.09308934252925,2.15697357440107,2.24036942889118,2.46953845906588,4056.19142355102,1.00029575505888
"feature_sums[12,1,3]",-1.24405391223436,0.00221513191025016,0.139731379789075,-1.56988998631287,-1.33103320816091,-1.22374172918844,-1.13553071538262,-1.0360295842623,3979.13531715811,1.00021125373742
"feature_sums[12,1,4]",-0.696808947648883,0.0180434650634646,1.15018157507991,-3.55444348361627,-1.25258033154588,-0.462150322753936,0.13586565854337,0.77548178914965,4063.43134605813,1.0003429745201
"feature_sums[12,1,5]",2.57501629581506,0.00468333782341242,0.298906658604072,1.82840601010504,2.43820592259751,2.63869895018617,2.78788290223352,2.94526097436613,4073.42953190145,1.0003610056837
"feature_sums[12,1,6]",-1.56238004787935,0.00440890794833079,0.280287346002603,-1.93954953612718,-1.76991381336966,-1.61489508119371,-1.41561517352233,-0.876225125920415,4041.52174378751,1.00031238783024
"feature_sums[12,1,7]",0,NA,0,0,0,0,0,0,NA,NA
"feature_sums[12,1,8]",0,NA,0,0,0,0,0,0,NA,NA
"feature_sums[12,2,1]",5.69201875178795,0.0038342513928591,0.245008697715497,5.08707763999409,5.59930716417739,5.74875914630163,5.8551183090172,5.96328308590985,4083.21112365309,1.00041020201581
"feature_sums[12,2,2]",-1.56828749529539,0.00517162918572391,0.326334658694599,-2.33156562057146,-1.76936878205459,-1.52007579304019,-1.31545070693289,-1.08421964525374,3981.72852502523,1.00022523703571
"feature_sums[12,2,3]",-1.80545599267961,0.00226202246452908,0.144443419612058,-1.97563326557819,-1.90509338948335,-1.83742029368033,-1.74489706060347,-1.4467320862358,4077.57253883374,1.00038445203631
"feature_sums[12,2,4]",0,NA,0,0,0,0,0,0,NA,NA
"feature_sums[12,2,5]",0,NA,0,0,0,0,0,0,NA,NA
"feature_sums[12,2,6]",3.68364739488615,0.00715236278763648,0.455858868571414,3.09100747905554,3.35005820380565,3.59179492920056,3.91016001144986,4.82079694974899,4062.20416017244,1.00032997080776
"feature_sums[12,2,7]",-4.1147729313366,0.0103082879119402,0.658584653784644,-4.89018629072062,-4.57060260424052,-4.26205793100166,-3.838060185018,-2.46958992104708,4081.78507526175,1.00038589011145
"feature_sums[12,2,8]",-2.34357007181903,0.00661336192249618,0.420431019003905,-2.90932430419077,-2.65487072005449,-2.42234262179057,-2.1234227602835,-1.31433768888062,4041.52174378751,1.00031238783024
"feature_sums[12,3,1]",0,NA,0,0,0,0,0,0,NA,NA
"feature_sums[12,3,2]",0,NA,0,0,0,0,0,0,NA,NA
"feature_sums[12,3,3]",-6.31149005770624,0.00801755726484238,0.512232508499168,-6.91458933722715,-6.66602424774262,-6.42604505744574,-6.09626903279178,-5.03190327192551,4081.78507526174,1.00038589011145
"feature_sums[12,3,4]",-2.46060207366237,0.0155516050975649,0.989022249140167,-3.7883133167439,-3.19308822432581,-2.64759158157443,-1.94415380709269,-0.0299621896956268,4044.47061064122,1.00031210997026
"feature_sums[12,3,5]",1.97942954970276,0.00133490460739281,0.0835292908812422,1.7834095654,1.98365593478524,2.00611086640157,2.01096499003713,2.012430174301,3915.40891152103,1.0005371535008
"feature_sums[12,3,6]",2.57501629581506,0.00468333782341242,0.298906658604072,1.82840601010504,2.43820592259751,2.63869895018617,2.78788290223352,2.94526097436613,4073.42953190145,1.0003610056837
"feature_sums[12,3,7]",7.53802812768192,0.00575137708928864,0.367513046573246,6.63061645999113,7.39896074626608,7.62313871945244,7.7826774635258,7.94492462886478,4083.2111236531,1.00041020201581
"feature_sums[12,3,8]",3.09155339752576,0.00954637437668372,0.608244776435641,1.5836789330562,2.79229553275472,3.21367909075707,3.53427339736418,3.8787291534168,4059.5682945969,1.00033652445368
"feature_sums[12,4,1]",4.44647473015617,0.00405449723670847,0.255756675082543,4.06603059709009,4.24815641795504,4.40938428188964,4.60531104272354,5.04278520713327,3979.05495388585,1.00020696172028
"feature_sums[12,4,2]",-3.36224351047755,0.0166825668782948,1.06138277772477,-4.77611179349064,-4.14537740257476,-3.56559801835239,-2.81504938320581,-0.748805514256414,4047.79326665521,1.00031747976653
"feature_sums[12,4,3]",0,NA,0,0,0,0,0,0,NA,NA
"feature_sums[12,4,4]",2.90844660247424,0.00954637437668372,0.608244776435641,2.1212708465832,2.46572660263582,2.78632090924293,3.20770446724528,4.4163210669438,4059.5682945969,1.00033652445368
"feature_sums[12,4,5]",-4.68714014363805,0.0132267238449924,0.84086203800781,-5.81864860838153,-5.30974144010899,-4.84468524358113,-4.24684552056699,-2.62867537776125,4041.52174378751,1.00031238783024
"feature_sums[12,4,6]",0,NA,0,0,0,0,0,0,NA,NA
"feature_sums[12,4,7]",1.50354603602195,0.006050055058671,0.386671324277686,1.0611195022702,1.24027517549744,1.41508113923375,1.65830600616012,2.46819074358373,4084.74808296119,1.00039788140995
"feature_sums[12,4,8]",1.71667753054337,0.00312222521560828,0.199271105736048,1.21893734007003,1.62547061506501,1.75913263345745,1.85858860148901,1.96350731624409,4073.42953190145,1.0003610056837
"feature_sums[12,5,1]",-2.29169382635843,0.00780556303902069,0.498177764340121,-2.90876829061022,-2.64647150372253,-2.39783158364362,-2.06367653766252,-1.04734335017507,4073.42953190146,1.0003610056837
"feature_sums[12,5,2]",-5.72817475653606,0.0133649241273572,0.851542687009898,-6.83022081478352,-6.34798275630985,-5.89915072705989,-5.30921374585661,-3.61715050627868,4059.5682945969,1.00033652445368
"feature_sums[12,5,3]",2.70492431044553,0.00343609597064673,0.219528217928215,2.15652997368236,2.61268672833933,2.75401931033389,2.85686753474684,2.96339543024021,4081.78507526175,1.00038589011145
"feature_sums[12,5,4]",0,NA,0,0,0,0,0,0,NA,NA
"feature_sums[12,5,5]",-2.49214370893762,0.00418047614713892,0.261293898351176,-3.05869192692824,-2.6704401071275,-2.46431910399491,-2.28650408420712,-2.07757741350132,3906.67278490134,1.00016088106299
"feature_sums[12,5,6]",2.73901638909865,0.0120962533432778,0.766548975585747,0.895669716466799,2.30659174318797,2.86919628172808,3.31814065644095,3.81920462196208,4015.85540308013,1.00027960808685
"feature_sums[12,5,7]",0,NA,0,0,0,0,0,0,NA,NA
"feature_sums[12,5,8]",0.9102451425869,0.000910676732416713,0.0579993947879841,0.765230770467058,0.87981528555441,0.921513212799467,0.953455328735374,0.987873372966972,4056.19142355102,1.00029575505888
"feature_sums[13,1,1]",2,NA,0,2,2,2,2,2,NA,NA
"feature_sums[13,1,2]",-4.93212179638554,0.0108613041767615,0.688190470769021,-5.86169358246349,-5.44152334078403,-5.04614452444094,-4.57102069510828,-3.20587792825559,4014.70238903034,0.999817369998434
"feature_sums[13,1,3]",0,NA,0,0,0,0,0,0,NA,NA
"feature_sums[13,1,4]",4.59244658393249,0.0136724655168434,0.86561766475439,2.46676956335266,4.10941678843473,4.72071230495073,5.24293709104576,5.81048042117464,4008.28457708588,0.999814834382747
"feature_sums[13,1,5]",-4.18635029977942,0.0013304756924706,0.0809863579392263,-4.30475764996554,-4.25427720943191,-4.19468235558963,-4.12370796452376,-4.03292671916348,3705.18458266339,0.999763120613559
"feature_sums[13,1,6]",0,NA,0,0,0,0,0,0,NA,NA
"feature_sums[13,1,7]",2.54208736247129,0.00480583526442443,0.304591536279009,1.76884162311895,2.38896073210535,2.59583063107463,2.76505595727034,2.94223832577641,4016.96366148107,0.999818198218085
"feature_sums[13,1,8]",0.695412275144915,0.00299378584381197,0.189717458207775,0.224977912369237,0.590517788773042,0.724706155579758,0.838025856079841,0.95971190662489,4015.80978786923,0.999822390201764
"feature_sums[13,2,1]",-1.26094710044739,0.00215423548299659,0.135433385077099,-1.54926482234969,-1.35608071938039,-1.25210063116483,-1.15418327084864,-1.03982006765057,3952.43846403193,0.999806096389967
"feature_sums[13,2,2]",-2.47828492723488,0.00518005665611477,0.328070344448862,-2.93098040028747,-2.72297951656692,-2.52965465633899,-2.30060124549298,-1.66444198766602,4011.11330113927,0.999815385607215
"feature_sums[13,2,3]",-5.75414209578313,0.0126715215395551,0.802888882563858,-6.83864251287407,-6.34844389758137,-5.88716861184777,-5.33285747762633,-3.74019091629818,4014.70238903034,0.999817369998434
"feature_sums[13,2,4]",6,NA,0,6,6,6,6,6,NA,NA
"feature_sums[13,2,5]",4.34099132339454,0.00655862514319499,0.415659475068721,3.30492199864899,4.11529068942028,4.40705193692254,4.6519224857504,4.91361055097671,4016.51830352436,0.999821693636412
"feature_sums[13,2,6]",-6.1958129456011,0.00143691319503231,0.0883700613799357,-6.33485011412251,-6.26869801691312,-6.20134084223625,-6.12654695588477,-6.03312035959983,3782.24143018321,0.999783406159405
"feature_sums[13,2,7]",0,NA,0,0,0,0,0,0,NA,NA
"feature_sums[13,2,8]",0,NA,0,0,0,0,0,0,NA,NA
"feature_sums[13,3,1]",0,NA,0,0,0,0,0,0,NA,NA
"feature_sums[13,3,2]",-4.11010149698795,0.00905108681396795,0.573492058974184,-4.88474465205291,-4.5346027839867,-4.20512043703412,-3.80918391259023,-2.67156494021299,4014.70238903034,0.999817369998434
"feature_sums[13,3,3]",3.14091734978838,0.00841452486161434,0.532808270058593,1.82727812694601,2.84699965969909,3.22159197615484,3.54014906160507,3.88507868037586,4009.43076520555,0.999815013665886
"feature_sums[13,3,4]",0,NA,0,0,0,0,0,0,NA,NA
"feature_sums[13,3,5]",-5.27687692966577,0.0029327251886921,0.185874592049945,-5.75009560903909,-5.36910332592799,-5.24354785780256,-5.14131013798328,-5.03467720237023,4016.95825200474,0.99981784843567
"feature_sums[13,3,6]",-0.989353264257277,0.000280454556896018,0.017455143481412,-0.999899010819585,-0.998281438272611,-0.994768817763287,-0.98760117404402,-0.94299708544769,3873.66307938837,0.999777299109312
"feature_sums[13,3,7]",-1.1215771929512,0.0087806135898235,0.556340027058413,-1.88484603414069,-1.5363494427317,-1.21050364241671,-0.822151089461083,0.265330626841508,4014.49465123309,0.999818731577606
"feature_sums[13,3,8]",1.84191798841664,0.0118537788066702,0.750896029998442,-0.0429248295908945,1.45253033094428,1.96742973073298,2.3953737031494,2.85019910673743,4012.78580446526,0.999814517281811
"feature_sums[13,4,1]",1.88522683724427,0.00801121691903186,0.506272080091255,1.12580985684159,1.49568818872621,1.82572606448893,2.19704169940114,3.07817975369886,3993.65893465765,0.999812986765211
"feature_sums[13,4,2]",-2.81979325235759,0.00184248135550642,0.116819666746918,-2.97691592105401,-2.90639419227123,-2.83953051202307,-2.75863240894821,-2.52503875055124,4019.99693831944,0.99982330432501
"feature_sums[13,4,3]",3.23325992551819,0.00790123005303447,0.500759785029475,1.96973396530975,2.97487195313068,3.31866637328726,3.6024855452597,3.90191624191836,4016.70072580831,0.999818858108327
"feature_sums[13,4,4]",1.47221911692728,0.00380180197076943,0.238400408998215,1.07379522858223,1.28380625586512,1.46085068757878,1.64477137590969,1.95899537579666,3932.19466229218,0.999798683322437
"feature_sums[13,4,5]",0,NA,0,0,0,0,0,0,NA,NA
"feature_sums[13,4,6]",0,NA,0,0,0,0,0,0,NA,NA
"feature_sums[13,4,7]",-4,NA,0,-4,-4,-4,-4,-4,NA,NA
"feature_sums[13,4,8]",2.46606089819277,0.00543065208838077,0.344095235384511,1.60293896412779,2.28551034755414,2.52307226222047,2.72076167039202,2.93084679123174,4014.70238903034,0.999817369998434
"feature_sums[13,5,1]",6.32911144738019,0.007425053469649,0.470529814889169,5.11677011162006,6.10982831227075,6.41951557324169,6.66626636734178,6.91885088638182,4015.8281902851,0.999816047410267
"feature_sums[13,5,2]",0,NA,0,0,0,0,0,0,NA,NA
"feature_sums[13,5,3]",-1.67813652315297,0.0132524476186258,0.839742198325639,-2.82721914312678,-2.3037061813111,-1.81335985752225,-1.2278330398127,0.418451278188414,4015.13140089217,0.999819206187753
"feature_sums[13,5,4]",4.93044563221786,0.01205011826975,0.763464878887883,2.95649950290418,4.58386920726433,5.08063257934587,5.47323255606755,5.87234478819724,4014.16766001373,0.999814377324161
"feature_sums[13,5,5]",0,NA,0,0,0,0,0,0,NA,NA
"feature_sums[13,5,6]",-2.81368119866141,0.00255000496869133,0.161391678385895,-2.9821593826074,-2.92095778984637,-2.85316244447618,-2.75744027744173,-2.37925457767321,4005.71662375284,0.999820910598298
"feature_sums[13,5,7]",-6.64431198765872,0.00631089364621076,0.399606202543945,-7.62954140479049,-6.86475025522568,-6.58380601788387,-6.3448882037962,-6.0861909897181,4009.43076520554,0.999815013665886
"feature_sums[13,5,8]",-4.11010149698795,0.00905108681396795,0.573492058974184,-4.88474465205291,-4.5346027839867,-4.20512043703412,-3.80918391259023,-2.67156494021299,4014.70238903034,0.999817369998434
"feature_sums[14,1,1]",7.76643108451425,0.013120320319462,0.842460911026308,5.55481027273945,7.37031020962344,7.93377221703962,8.37433178089062,8.84166362477125,4122.97444224311,1.00059735488285
"feature_sums[14,1,2]",8,NA,0,8,8,8,8,8,NA,NA
"feature_sums[14,1,3]",0,NA,0,0,0,0,0,0,NA,NA
"feature_sums[14,1,4]",-2.82493619428649,0.00137609995620857,0.0871376607731416,-2.9712967812129,-2.89375512761804,-2.8303745947464,-2.76281349533319,-2.64410574684159,4009.699551944,1.00049419864694
"feature_sums[14,1,5]",-2.27476111126778,0.00831342072257015,0.532981985298709,-2.91165358800663,-2.64627827743563,-2.38936349616484,-2.0503046344142,-0.859560427690955,4110.22447538124,1.00059421857939
"feature_sums[14,1,6]",0,NA,0,0,0,0,0,0,NA,NA
"feature_sums[14,1,7]",-3.11315032433172,0.00860097563247454,0.552085375401456,-3.87764187873096,-3.52580886562961,-3.20702738045803,-2.81789275193823,-1.7115830833956,4120.18817513399,1.0005857514704
"feature_sums[14,1,8]",-2.79654415679876,0.00246004953097152,0.157609474548257,-2.97633506075344,-2.90400023455658,-2.83224406483684,-2.73507368139579,-2.37414709924865,4104.65764153586,1.00059043638485
"feature_sums[14,2,1]",-5.70377871938707,0.0034939821730359,0.223817541059689,-5.96460575731425,-5.85761020629699,-5.75303464739785,-5.61348202507781,-5.10850102634924,4103.42850140591,1.00059040642576
"feature_sums[14,2,2]",-2.85639183150141,0.00746964202567918,0.478464395249911,-3.99602923352865,-3.15467730379174,-2.79551874236715,-2.48480210705556,-2.12742813240233,4102.98257387145,1.00054538656752
"feature_sums[14,2,3]",1.3584291539851,0.00371510181155145,0.23862957878684,1.04684515789389,1.18427461575985,1.31262388508273,1.4749277094124,1.98101671614644,4125.78990885931,1.00059607793579
"feature_sums[14,2,4]",3,NA,0,3,3,3,3,3,NA,NA
"feature_sums[14,2,5]",0,NA,0,0,0,0,0,0,NA,NA
"feature_sums[14,2,6]",0.986367854140661,0.00037298668548643,0.0234671970780302,0.924325817440231,0.984452545484078,0.99349919440317,0.997800382845345,0.999861625183441,3958.54679302372,1.00042317202695
"feature_sums[14,2,7]",5.47532558804122,0.0148362319167675,0.952365583660601,3.05383021205388,4.96832955735774,5.63839121435115,6.18633386632692,6.79019409220147,4120.59715339804,1.00058644923762
"feature_sums[14,2,8]",0,NA,0,0,0,0,0,0,NA,NA
"feature_sums[14,3,1]",-1.2663122757163,0.00224450039860001,0.1436086967049,-1.59331905992437,-1.36093812407677,-1.25060642369754,-1.15344681719065,-1.04049721707773,4093.75745284958,1.0005168376498
"feature_sums[14,3,2]",-3.62035260531621,0.00424002213184623,0.272030677739928,-3.95294687114,-3.81239970342248,-3.67748974086734,-3.50124227182342,-2.89964256361684,4116.22892398238,1.00059666478079
"feature_sums[14,3,3]",-2.25653404252194,0.0115165940885747,0.738970401248544,-4.08342586310178,-2.68572488983134,-2.14591508071513,-1.69168197425267,-1.18010273338335,4117.23794726736,1.00056872493076
"feature_sums[14,3,4]",0,NA,0,0,0,0,0,0,NA,NA
"feature_sums[14,3,5]",5,NA,0,5,5,5,5,5,NA,NA
"feature_sums[14,3,6]",1.38718261202405,0.0056237413099462,0.361198172214007,0.490221246685293,1.17678850494907,1.44192208508623,1.66398150374989,1.91276222634798,4125.15638913807,1.00056695123342
"feature_sums[14,3,7]",0,NA,0,0,0,0,0,0,NA,NA
"feature_sums[14,3,8]",3.71032367505391,0.0122754853342343,0.78777080711707,1.72772225217559,3.27772807791089,3.83904615136844,4.30328940822927,4.81958469433095,4118.34212542903,1.00058146075437
"feature_sums[14,4,1]",0,NA,0,0,0,0,0,0,NA,NA
"feature_sums[14,4,2]",1.94789922705251,0.00991109913561998,0.63657334179569,1.12304591999147,1.48492978090425,1.8241527496186,2.25491949157083,3.61278794934456,4125.27832080607,1.00059691697233
"feature_sums[14,4,3]",-3.06835364426481,0.000848428595602097,0.0502743028105354,-3.10233932758539,-3.0962932112346,-3.07897318266232,-3.0527687014013,-3.00396232906882,3511.24810648778,0.999774794369786
"feature_sums[14,4,4]",-1.97878175930131,0.000604641958785704,0.0379736516359861,-1.99979202903389,-1.99667431918233,-1.99011362595007,-1.97616998123582,-1.88065927976329,3944.28384540524,1.00039300588944
"feature_sums[14,4,5]",2.84670885615691,0.00128528751742565,0.0824276311849004,2.66439501370016,2.79124941007793,2.85557861036219,2.91182404691186,2.97685523803599,4112.87072398472,1.00047826405638
"feature_sums[14,4,6]",0,NA,0,0,0,0,0,0,NA,NA
"feature_sums[14,4,7]",-7.41427603665698,0.0161381021982557,1.03640840361957,-8.78950629347904,-8.17559521979305,-7.60721108427452,-6.89551731384868,-4.72945917931372,4124.36344253061,1.00059391911866
"feature_sums[14,4,8]",-7.60503829251609,0.00465864289738119,0.298423388079585,-7.952807676419,-7.81014694172932,-7.67071286319714,-7.48464270010375,-6.81133470179898,4103.42850140592,1.00059040642576
"feature_sums[14,5,1]",2.56052860166673,0.00449385465211106,0.288444284979561,1.81440143612667,2.41760908064823,2.61428019100373,2.77145823946222,2.94156269510226,4119.89202351375,1.00059309598855
"feature_sums[14,5,2]",0,NA,0,0,0,0,0,0,NA,NA
"feature_sums[14,5,3]",-8,NA,0,-8,-8,-8,-8,-8,NA,NA
"feature_sums[14,5,4]",4.27253257168045,0.00768827277632075,0.493711878106726,2.97829620758876,4.03822957179311,4.36980904280958,4.62978792807146,4.90620569872917,4123.7239481754,1.0005971573353
"feature_sums[14,5,5]",0,NA,0,0,0,0,0,0,NA,NA
"feature_sums[14,5,6]",3.14956701827933,0.00831384786434893,0.533716276927006,1.78966283821104,2.86724907389269,3.24181844519082,3.54736666759641,3.88340295129402,4121.13412873375,1.00058738473822
"feature_sums[14,5,7]",7.65057992775155,0.00418283002006724,0.267826882588329,6.93784089861964,7.54491246966086,7.71017953587994,7.83331538358986,7.95867191818638,4099.84936227088,1.00058803264934
"feature_sums[14,5,8]",-5.2109910605415,0.0074044982582451,0.475657333954298,-5.88937403673454,-5.57238097261578,-5.28716776111673,-4.94295709537671,-4.01571671105348,4126.64513614135,1.00057606809458
"feature_sums[15,1,1]",0,NA,0,0,0,0,0,0,NA,NA
"feature_sums[15,1,2]",0.819275431436518,0.00191419503159663,0.12081496725449,0.512245392020957,0.759490475242737,0.843815211182219,0.906292235400467,0.976786961155053,3983.53935162325,1.00052513420105
"feature_sums[15,1,3]",-6.28582865833987,0.0171736730645542,1.08125301635725,-7.76888290007044,-7.07958594677381,-6.48483157147432,-5.70690778602761,-3.60121427423975,3963.95104326776,1.00049310151858
"feature_sums[15,1,4]",-6.65117690422267,0.00416449472224287,0.263232041857129,-6.95907885624395,-6.83095798618996,-6.71212108969995,-6.54274830153677,-5.96718951295441,3995.33199388617,1.00061239375375
"feature_sums[15,1,5]",1.07233175162912,0.00121116216007497,0.0763527031277909,1.00605052383827,1.02761969848585,1.05113431583534,1.09036575228157,1.27173650886233,3974.14992098512,1.00079627545735
"feature_sums[15,1,6]",3.82596522467371,0.00794353184044886,0.498966501549127,3.11522078518744,3.4546519398326,3.74201978367537,4.10918300380345,5.03910946668459,3945.62220048543,1.00046880047952
"feature_sums[15,1,7]",3.20756065859831,0.00816223358794237,0.514600142114043,1.91364311112856,2.94246721125546,3.30741116079662,3.58195243733107,3.89576126633072,3974.85934261799,1.00050825301621
"feature_sums[15,1,8]",0,NA,0,0,0,0,0,0,NA,NA
"feature_sums[15,2,1]",-4.56232000248808,0.0141854778100046,0.892430965399574,-5.80375351998822,-5.221008262098,-4.72157616593904,-4.07379373220927,-2.36228825242301,3957.86816929997,1.00048341517864
"feature_sums[15,2,2]",-2.07716386084688,0.000669022620002818,0.0417407251489159,-2.16879252267061,-2.10549999669338,-2.07221057362336,-2.04479082795616,-2.01147921547166,3892.58742967451,1.00034930235287
"feature_sums[15,2,3]",0,NA,0,0,0,0,0,0,NA,NA
"feature_sums[15,2,4]",3.18124767146828,0.0116327637061571,0.731731369997233,2.16157931108429,2.64095678519003,3.05127924161549,3.58274668787102,4.98297997031486,3956.74019809699,1.00048288074655
"feature_sums[15,2,5]",-1.32183863877503,0.00781435898023909,0.493899561786901,-1.9183285839181,-1.66483180991383,-1.43269873730815,-1.10683120804187,-0.0432257278100014,3994.75882887179,1.00058623127284
"feature_sums[15,2,6]",0,NA,0,0,0,0,0,0,NA,NA
"feature_sums[15,2,7]",2.46707632980815,0.00554697837870241,0.349842060326246,1.5841942445546,2.28965447389863,2.53611081308981,2.72054273196385,2.93046221115473,3977.69150604721,1.00051568220425
"feature_sums[15,2,8]",-4.52116612207636,0.00543664440968439,0.343592528459651,-4.94171209463584,-4.76142724637671,-4.59720097176533,-4.36811789287801,-3.63340314897891,3994.16099272653,1.00057491080224
"feature_sums[15,3,1]",2.37802816373879,0.0156510080040533,0.983608833209563,-0.0220588074821352,1.82064647400041,2.5455574253652,3.11059199583076,3.77513687140218,3949.66456228743,1.0004655194246
"feature_sums[15,3,2]",0.329574108492015,0.00609879904042983,0.381585829984344,-0.565715575490436,0.0942021513191433,0.384461408434177,0.618904649399661,0.902384397314973,3914.67607322112,1.00043206032362
"feature_sums[15,3,3]",3.38098719501663,0.00370299346724533,0.23307939531498,3.05199896063842,3.20692721393109,3.34010375586551,3.51276279766368,3.95532273691974,3961.88507646664,1.00045195788938
"feature_sums[15,3,4]",0,NA,0,0,0,0,0,0,NA,NA
"feature_sums[15,3,5]",0,NA,0,0,0,0,0,0,NA,NA
"feature_sums[15,3,6]",4.11179388301358,0.00924496396450402,0.583070100543744,2.64032374092434,3.81609078983106,4.22685135514969,4.53423788660641,4.88410368525789,3977.6915060472,1.00051568220425
"feature_sums[15,3,7]",-2,NA,0,-2,-2,-2,-2,-2,NA,NA
"feature_sums[15,3,8]",-0.682352632750178,0.00336103688071935,0.212241221363053,-0.959352250532259,-0.835623326244219,-0.725651582353165,-0.576883669486111,-0.141344235996294,3987.61220246491,1.00051730620399
"feature_sums[15,4,1]",-3.61693289766109,0.00434931552774751,0.274874022767721,-3.95336967570867,-3.80914179710137,-3.67776077741226,-3.49449431430241,-2.90672251918313,3994.16099272655,1.00057491080224
"feature_sums[15,4,2]",0,NA,0,0,0,0,0,0,NA,NA
"feature_sums[15,4,3]",0.244211048666942,0.013499091610806,0.852477194557975,-0.843082210369996,-0.363599581041139,0.0653506750912194,0.650986757817475,2.42483290182468,3988.01193941468,1.00054276822959
"feature_sums[15,4,4]",-4.90528456380906,0.011723392118937,0.740164399036659,-5.8606198434083,-5.4360461583883,-5.05802600075166,-4.54497825580962,-3.017800164052,3986.11479671991,1.00053260466718
"feature_sums[15,4,5]",0,NA,0,0,0,0,0,0,NA,NA
"feature_sums[15,4,6]",-1.37344433388011,0.017280109037041,1.09051571693957,-2.79111483506971,-2.15707483835034,-1.59535267462183,-0.837021420065887,1.3968242435228,3982.63862427779,1.00053002637499
"feature_sums[15,4,7]",1.0226358627674,0.00048330814618415,0.0307249250182329,1.00026902014468,1.0043615981375,1.012051159119,1.02832524687668,1.11167261822909,4041.41484958984,1.00076349230179
"feature_sums[15,4,8]",3.92864291146242,0.0107335456653464,0.675783135223284,2.25075892139984,3.56681736626726,4.05301973217145,4.42474121673363,4.85555181254403,3963.95104326776,1.00049310151858
"feature_sums[15,5,1]",-4.17764122339728,0.0018489927929008,0.116614020108749,-4.47193525181513,-4.23678184203379,-4.15462972897006,-4.09315242267872,-4.02317926294842,3977.69150604722,1.00051568220425
"feature_sums[15,5,2]",4.7143714937549,0.0128802547984156,0.81093976226794,2.70091070567981,4.28018083952071,4.86362367860574,5.30968946008036,5.82666217505283,3963.95104326776,1.00049310151858
"feature_sums[15,5,3]",3.44265903126448,0.0157449473510876,0.991858718634165,0.968029956588097,2.91811925922218,3.62870950799155,4.16887847793352,4.79182612897849,3968.41611828258,1.00049689735635
"feature_sums[15,5,4]",-6.77898625679462,0.00293794346113104,0.185721260544009,-6.97641224151294,-6.89996154975295,-6.82562526005572,-6.71420847236152,-6.29158040947732,3996.10027698397,1.00067779853096
"feature_sums[15,5,5]",-3.44701731170358,0.00599959627146935,0.378878753136878,-3.93025876016444,-3.71715536935162,-3.52651081107057,-3.26622810763668,-2.47785204363348,3988.01193941468,1.00054276822959
"feature_sums[15,5,6]",0,NA,0,0,0,0,0,0,NA,NA
"feature_sums[15,5,7]",0,NA,0,0,0,0,0,0,NA,NA
"feature_sums[15,5,8]",-2.11738474079667,0.00164013756549543,0.103696529788,-2.39108763506301,-2.15086305760747,-2.09042945059911,-2.05115722442423,-2.01186182767427,3997.31059214313,1.00070170482938
"feature_sums[16,1,1]",0,NA,0,0,0,0,0,0,NA,NA
"feature_sums[16,1,2]",2.38449374630489,0.00432826274898773,0.27329516766033,2.04726140016892,2.19205015294695,2.32681213658787,2.50099447065623,3.07649442665113,3986.91219795417,0.999703889990222
"feature_sums[16,1,3]",4.9343924024504,0.0010192503191275,0.0647010497373808,4.77071223358949,4.91852748020867,4.95131526577575,4.97333618591481,4.9939343374407,4029.59075635853,0.999879729494193
"feature_sums[16,1,4]",0,NA,0,0,0,0,0,0,NA,NA
"feature_sums[16,1,5]",5.45529114145868,0.00430428085868168,0.26964534968649,5.06423478664692,5.25172780250574,5.41373272372788,5.60545131369234,6.10040812227119,3924.50300704547,0.999667503268576
"feature_sums[16,1,6]",-0.37797695040823,0.0158847365833079,0.997187904272055,-1.77756687214392,-1.12172333383044,-0.545911038705028,0.149009186742848,2.05074209551668,3940.88688258741,0.999668635274815
"feature_sums[16,1,7]",-2.35459708324734,0.00641124549513665,0.40279916493061,-2.91216859009179,-2.6527683441912,-2.42425962476891,-2.14700397482345,-1.37003323507738,3947.22887562652,0.999670705955458
"feature_sums[16,1,8]",6.02856966476509,0.0104531697845145,0.659026775924708,4.37385059861549,5.72697116167848,6.15988726685188,6.50196882511285,6.87630600597082,3974.7526847875,0.999687867792926
"feature_sums[16,2,1]",4.51938281711889,0.00541032843623465,0.341618959575412,3.65438196668609,4.37375691167971,4.59148482926516,4.75993730881631,4.94092324978885,3986.91219795418,0.999703889990222
"feature_sums[16,2,2]",5.15003378128483,0.00177420125900487,0.11218185766273,5.01777568757607,5.07290465567738,5.12516562360404,5.19415566348252,5.43526073102055,3997.96961012688,0.999726648664037
"feature_sums[16,2,3]",0.436673042938031,0.00560960838609292,0.352460658580955,-0.428018030807303,0.254915587475593,0.498242895166038,0.698025166980934,0.923811297238026,3947.80969667214,0.999670322835157
"feature_sums[16,2,4]",-6.02856966476509,0.0104531697845145,0.659026775924708,-6.87630600597082,-6.50196882511285,-6.15988726685188,-5.72697116167848,-4.37385059861549,3974.7526847875,0.999687867792926
"feature_sums[16,2,5]",0,NA,0,0,0,0,0,0,NA,NA
"feature_sums[16,2,6]",0,NA,0,0,0,0,0,0,NA,NA
"feature_sums[16,2,7]",-2.73776383125976,0.02325794238174,1.46362344509032,-4.70064318615441,-3.80750551349525,-3.00840651638971,-2.02097911132538,0.886082931229737,3960.19102043178,0.9996766924533
"feature_sums[16,2,8]",3.09682791227742,0.00094081093136845,0.056135949519555,3.01058338587211,3.07371035872839,3.10935159736694,3.13321431246859,3.14326269252286,3560.2249240072,1.00096011072409
"feature_sums[16,3,1]",0,NA,0,0,0,0,0,0,NA,NA
"feature_sums[16,3,2]",0,NA,0,0,0,0,0,0,NA,NA
"feature_sums[16,3,3]",-1.03183354022436,0.000244237797043233,0.014734567104443,-1.05333127150763,-1.04373874755084,-1.03285569486039,-1.02088520099859,-1.00522396730095,3639.56109306296,1.00032553543994
"feature_sums[16,3,4]",2.53198644300799,0.00493457381369148,0.308714086253835,2.07587459621264,2.29678786176953,2.48673521335209,2.709775018195,3.26472377056428,3913.93485715974,0.999670172862997
"feature_sums[16,3,5]",0.67864990327534,0.0171587900065401,1.07951361324279,-0.777008043636279,-0.11247312424202,0.480941691587228,1.21233414979649,3.34738234314715,3958.06505701303,0.99967529129377
"feature_sums[16,3,6]",-1.56973138883156,0.00427416366342443,0.268532776620406,-1.94144572672786,-1.7685122294608,-1.61617308317927,-1.43133598321563,-0.91335549005159,3947.22887562652,0.999670705955458
"feature_sums[16,3,7]",5.69993243743034,0.00354840251800977,0.22436371532546,5.12947853795891,5.61168867303496,5.74966875279192,5.85419068864524,5.96444862484785,3997.96961012684,0.999726648664038
"feature_sums[16,3,8]",4.38449374630489,0.00432826274898773,0.27329516766033,4.04726140016892,4.19205015294695,4.32681213658787,4.50099447065623,5.07649442665113,3986.91219795416,0.999703889990222
"feature_sums[16,4,1]",-1.54795248188398,0.0158601285081966,1.00045118583426,-2.81722925575967,-2.26190613392916,-1.75137209611704,-1.10072807335819,0.971767434698419,3979.04089648971,0.999692820005193
"feature_sums[16,4,2]",-6.02856966476509,0.0104531697845145,0.659026775924708,-6.87630600597082,-6.50196882511285,-6.15988726685188,-5.72697116167848,-4.37385059861549,3974.7526847875,0.999687867792926
"feature_sums[16,4,3]",-6.03017852774223,0.000882987977685004,0.0547901501009389,-6.05272660946424,-6.05040337096018,-6.04267396670618,-6.02793404544925,-5.92594922722695,3850.30735969658,1.00076236097705
"feature_sums[16,4,4]",0.336987833365867,0.00627406191397786,0.393066193706111,-0.604305238462346,0.118338995528995,0.397765525476115,0.633695431948041,0.906558086600963,3924.94690561483,0.999667542007109
"feature_sums[16,4,5]",3.2866392616532,0.00736396234614859,0.463491607463471,2.13672123817215,3.06075992399307,3.373077271562,3.62512051130356,3.90603560966195,3961.50885507266,0.999677204043466
"feature_sums[16,4,6]",1.40009008342621,0.00473120335734635,0.299151620433947,1.0474018335362,1.19441241513968,1.33377499627744,1.51774843595339,2.16069528272146,3997.96961012685,0.999726648664037
"feature_sums[16,4,7]",0,NA,0,0,0,0,0,0,NA,NA
"feature_sums[16,4,8]",0,NA,0,0,0,0,0,0,NA,NA
"feature_sums[16,5,1]",-1.06780239475325,0.00904352191675911,0.56741495880973,-1.871287572035,-1.49260891809016,-1.16134510004328,-0.763450152632821,0.308511967473183,3936.64607364569,0.999667988133405
"feature_sums[16,5,2]",-1.72739357671123,0.00241353093889163,0.150483025273684,-1.95932466523525,-1.8430468004936,-1.74584961658961,-1.63543297150681,-1.38337701967577,3887.49001357888,0.999674053342514
"feature_sums[16,5,3]",0,NA,0,0,0,0,0,0,NA,NA
"feature_sums[16,5,4]",0,NA,0,0,0,0,0,0,NA,NA
"feature_sums[16,5,5]",-2.35459708324734,0.00641124549513665,0.40279916493061,-2.91216859009179,-2.6527683441912,-2.42425962476891,-2.14700397482345,-1.37003323507738,3947.22887562652,0.999670705955458
"feature_sums[16,5,6]",-5.3949383387197,0.0165689152788343,1.04285611679281,-6.78858012173939,-6.156521150433,-5.5894238610145,-4.88670982898442,-2.80762278588734,3961.50885507266,0.999677204043466
"feature_sums[16,5,7]",0.606188751687579,0.00394547717513554,0.247966079935764,-0.00529953894784067,0.479005013878242,0.650250723530851,0.790072757863937,0.947198522274164,3949.89437434682,0.999670419672171
"feature_sums[16,5,8]",4.30612118911792,0.00746654984608183,0.470733411374791,3.12417899901107,4.0906936869132,4.39991947632277,4.64426344650918,4.91164714712202,3974.75268478749,0.999687867792926
"feature_sums[17,1,1]",4.79817120137568,0.001566673470102,0.0971113305789855,4.6292892325457,4.72251780873573,4.80019192547578,4.87374321500533,4.97016227248158,3842.22533193469,0.99943231130968
"feature_sums[17,1,2]",0,NA,0,0,0,0,0,0,NA,NA
"feature_sums[17,1,3]",4.47502436169274,0.00614103052120166,0.375843292279429,3.54829991499346,4.30512147160645,4.5560458983536,4.74158251348918,4.94217444785162,3745.68365432998,0.999328357153373
"feature_sums[17,1,4]",-1.37988664007809,0.00377452769032887,0.23478540260653,-1.94113298810227,-1.51041217689499,-1.33919470929513,-1.20319687287765,-1.04689396803863,3869.16234249954,0.999349928283614
"feature_sums[17,1,5]",-4.75765419845719,0.0029538782563979,0.179198256021482,-4.97370222778409,-4.88220937553593,-4.79707114368078,-4.68083148612075,-4.31823349206906,3680.2928127958,0.999320275140675
"feature_sums[17,1,6]",8,NA,0,8,8,8,8,8,NA,NA
"feature_sums[17,1,7]",0,NA,0,0,0,0,0,0,NA,NA
"feature_sums[17,1,8]",-2.10457199531068,0.000832891634180205,0.0519255196188922,-2.20056906129219,-2.14388431942371,-2.10208154766137,-2.06392732976624,-2.01524255636126,3886.73295430297,0.999436801068468
"feature_sums[17,2,1]",0.110529841801108,0.00899141749636012,0.55621826945226,-1.21946526715051,-0.192266413492523,0.208581319569873,0.526031952980225,0.890596773052528,3826.78595893108,0.999342984958991
"feature_sums[17,2,2]",0,NA,0,0,0,0,0,0,NA,NA
"feature_sums[17,2,3]",-9,NA,0,-9,-9,-9,-9,-9,NA,NA
"feature_sums[17,2,4]",-2.95281596355466,0.00121294288381015,0.076082109230782,-2.9995879582086,-2.99193364189535,-2.97660207651856,-2.9439170772408,-2.76845642410473,3934.45322367148,0.999316743797337
"feature_sums[17,2,5]",0,NA,0,0,0,0,0,0,NA,NA
"feature_sums[17,2,6]",2.80182230689874,0.0234192274973126,1.4407714718036,-0.684147145727259,2.06749661373387,3.07690824490226,3.85822842766409,4.73884250895809,3784.81860898079,0.999335235614645
"feature_sums[17,2,7]",2.0777606237029,0.00921739616946842,0.570134730168365,0.721334808421832,1.76268186941654,2.17582524766074,2.50516970703822,2.88547465879924,3825.94291690245,0.99934359284418
"feature_sums[17,2,8]",-6.66071587784007,0.00413542955895704,0.250877558430075,-6.96318311889772,-6.8350931257503,-6.71589960115309,-6.55316408056905,-6.04552688889669,3680.29281279585,0.999320275140676
"feature_sums[17,3,1]",-4.53347549181095,0.00537209375961476,0.328237354776262,-4.94754277025029,-4.76719367806293,-4.60237831151388,-4.38203668030981,-3.72942810581723,3733.26518632125,0.999326934228143
"feature_sums[17,3,2]",2.32111702726336,0.00360281448668213,0.220911642199967,2.03667856642016,2.16213194725863,2.27586437469459,2.42646221136264,2.86151198942421,3759.70186232415,0.999330615867375
"feature_sums[17,3,3]",0,NA,0,0,0,0,0,0,NA,NA
"feature_sums[17,3,4]",0,NA,0,0,0,0,0,0,NA,NA
"feature_sums[17,3,5]",2.68629469481984,0.00252584833298631,0.15604941972243,2.38191742340519,2.57227923532385,2.69592797744215,2.80910603237733,2.95373517623176,3816.89117155497,0.999379068253191
"feature_sums[17,3,6]",-6.05568388994904,0.0103444786235246,0.635214120430035,-6.89012925989331,-6.51684254965676,-6.18182213334892,-5.74324107467545,-4.50927159670596,3770.70949268191,0.99933259791892
"feature_sums[17,3,7]",1.20178349019585,0.00189811926046722,0.118420715545675,1.02596697940807,1.11123477904627,1.18369179641481,1.27231925424086,1.47824936668167,3892.31849421767,0.999357265916473
"feature_sums[17,3,8]",3.08916955589041,0.00904527426801755,0.557954345330929,1.77022431657773,2.77817917177542,3.1827778151923,3.50768926222746,3.8856100788627,3804.99288073069,0.999340996774209
"feature_sums[17,4,1]",-6,NA,0,-6,-6,-6,-6,-6,NA,NA
"feature_sums[17,4,2]",-2.9587523692216,0.000650553283368689,0.0395469626503179,-3.00418210897541,-2.9666733765161,-2.95072368562812,-2.94085980266839,-2.93754918771293,3695.39205909072,0.999442695624707
"feature_sums[17,4,3]",-1.439013598542,0.00579658645028703,0.358186538644849,-1.93217774151242,-1.70472641455631,-1.50472739247204,-1.24931574357756,-0.576435561906401,3818.33374583369,0.999340875553773
"feature_sums[17,4,4]",-6.20521975882104,0.0090934898228397,0.557165061070254,-6.91078280782114,-6.60353752767683,-6.32228079359615,-5.94604749294229,-4.83666322833802,3754.10641601458,0.999329667623434
"feature_sums[17,4,5]",0,NA,0,0,0,0,0,0,NA,NA
"feature_sums[17,4,6]",2.85459251907432,0.00177232695383874,0.107518953612889,2.59094009524144,2.80849889167245,2.87824268620847,2.92932562532156,2.98422133667045,3680.29281279582,0.999320275140676
"feature_sums[17,4,7]",1.12963398957368,0.00130100609531292,0.0814113873756272,1.01566743418738,1.06840396893857,1.11491714161648,1.17425921987828,1.32653031983441,3915.72017914461,0.999356030982274
"feature_sums[17,4,8]",0,NA,0,0,0,0,0,0,NA,NA
"feature_sums[17,5,1]",0,NA,0,0,0,0,0,0,NA,NA
"feature_sums[17,5,2]",1.43513406638132,0.00403360761696101,0.250759138308216,1.05702956416473,1.24287744617737,1.39899256245165,1.5874857842931,2.0131292710865,3864.79302505821,0.999354641482186
"feature_sums[17,5,3]",5.06665133756865,0.0100446289940751,0.618106796772704,3.5656507559502,4.75562896383864,5.18681465157846,5.51851875398742,5.89021238961818,3786.68550794721,0.999335211729493
"feature_sums[17,5,4]",4.53347549181095,0.00537209375961476,0.328237354776262,3.72942810581723,4.38203668030981,4.60237831151388,4.76719367806293,4.94754277025029,3733.26518632125,0.999326934228143
"feature_sums[17,5,5]",1.41881726206352,0.00412849088767196,0.256805161470775,1.05207111259949,1.22514112174109,1.37509564548831,1.56299778386304,2.03056164609424,3869.23257840216,0.999350370877018
"feature_sums[17,5,6]",0,NA,0,0,0,0,0,0,NA,NA
"feature_sums[17,5,7]",-2,NA,0,-2,-2,-2,-2,-2,NA,NA
"feature_sums[17,5,8]",-1.4831409585601,0.00459213417532575,0.284707911449544,-2.1463449748593,-1.65089571690123,-1.43946057689875,-1.2664112485118,-1.06228883219735,3843.88098868414,0.999349607198291
"feature_sums[18,1,1]",0,NA,0,0,0,0,0,0,NA,NA
"feature_sums[18,1,2]",3.38136728273929,0.00426981406985635,0.267565244835205,3.04820012926788,3.18873511297027,3.32297477795391,3.51147169104359,4.05378659799747,3926.8243280098,0.999395348719024
"feature_sums[18,1,3]",5,NA,0,5,5,5,5,5,NA,NA
"feature_sums[18,1,4]",0,NA,0,0,0,0,0,0,NA,NA
"feature_sums[18,1,5]",-1.8578806635172,0.00161184519450803,0.101003567181026,-1.98195132144387,-1.92958889035563,-1.87983418328736,-1.81013378196288,-1.60647518422549,3926.69135985079,0.999425083186794
"feature_sums[18,1,6]",-0.244226932587328,0.00694672066166149,0.428947537063487,-0.887147872228856,-0.576584346590669,-0.305490808261116,0.0333271723286999,0.738824361851595,3812.84091973427,0.999264712713444
"feature_sums[18,1,7]",-2.46399824196923,0.0152231574459549,0.948136219546525,-3.78502326486811,-3.18018698221699,-2.63299100232412,-1.91506331656577,-0.180280561201785,3879.10911824755,0.999316665439076
"feature_sums[18,1,8]",-2.45901925563839,0.00570006358067654,0.356237570789784,-2.928026843351,-2.72192663895222,-2.53030915530427,-2.26999596190094,-1.57936670527634,3905.89029732637,0.999357722068864
"feature_sums[18,2,1]",0.84851586698102,0.00131465932120238,0.0801397620375009,0.681288274977948,0.790633202343303,0.856896562583856,0.911846214970106,0.976370989443149,3715.94816339419,0.999191596456801
"feature_sums[18,2,2]",1.21735992403818,0.00220432547352827,0.137475449559989,1.02989833721462,1.11448901809105,1.19171333222522,1.294284286791,1.55156221482695,3889.54551740691,0.999335090632887
"feature_sums[18,2,3]",4.3746973598444,0.00706416736364463,0.442812761624134,3.25984219474351,4.16204389650586,4.47240121845703,4.69234916838899,4.92161156297537,3929.32812789468,0.999401158951596
"feature_sums[18,2,4]",0.97139255142525,0.0106925671518346,0.66789432660525,-0.67499132512666,0.609096390679946,1.10271794675639,1.46796026140459,1.86210750363557,3901.67899841772,0.999342335014479
"feature_sums[18,2,5]",0,NA,0,0,0,0,0,0,NA,NA
"feature_sums[18,2,6]",0,NA,0,0,0,0,0,0,NA,NA
"feature_sums[18,2,7]",-6.64496414001936,0.00430622502348986,0.270437373531802,-6.95763256547618,-6.83182652784557,-6.70827909477969,-6.52865918093585,-5.96263801031956,3944.02789820473,0.999459251985759
"feature_sums[18,2,8]",-3.61050338865737,0.00448307001093486,0.281166156392026,-3.95172660543139,-3.8101105067229,-3.6735517079468,-3.47946046537507,-2.90229008145676,3933.46278572335,0.999418361742406
"feature_sums[18,3,1]",3.9324599021609,0.0110700768963216,0.691302040988335,2.23404393824975,3.55692701174799,4.06727884173656,4.44610690419373,4.85619933176996,3899.72877389064,0.999345922634974
"feature_sums[18,3,2]",2.19474830567131,0.00224153500546743,0.140583078196013,2.0241366972843,2.09494474663855,2.1632241460266,2.26026976731246,2.54885495927162,3933.46278572334,0.999418361742406
"feature_sums[18,3,3]",0,NA,0,0,0,0,0,0,NA,NA
"feature_sums[18,3,4]",0,NA,0,0,0,0,0,0,NA,NA
"feature_sums[18,3,5]",-3.91320037980912,0.0110216273676413,0.687377247799944,-4.85050831392692,-4.42755490954475,-4.04143333887389,-3.52857856604498,-2.24218892586524,3889.54551740692,0.999335090632887
"feature_sums[18,3,6]",2.57866871790311,0.00462925314028559,0.289861036223706,1.85413998995828,2.43387980485743,2.64034394311591,2.78893007514897,2.94585661288038,3920.64771601509,0.999385052083988
"feature_sums[18,3,7]",0.882985169315084,0.00104030272935079,0.0636377257892514,0.74738294596326,0.838213489903089,0.890499304455692,0.933138787119578,0.982224942903913,3742.05206766072,0.999180047031309
"feature_sums[18,3,8]",-3.87117233190756,0.0013750934512686,0.0856256245489194,-3.98213073556371,-3.93224406157149,-3.8873321529751,-3.82791490526875,-3.66783252716103,3877.42206043065,0.999441118405486
"feature_sums[18,4,1]",-0.671541048208899,0.00313244682894591,0.19437906115887,-0.952379807790541,-0.82011728868358,-0.702837515794846,-0.552866890935042,-0.214384435415856,3850.62782334348,0.999295909709174
"feature_sums[18,4,2]",-8.54352532288204,0.00553657503020125,0.347705194540889,-8.94552758418367,-8.78377696437288,-8.62493026471675,-8.39399037548895,-7.66624887041086,3944.02789820474,0.999459251985759
"feature_sums[18,4,3]",-6.01689367510726,0.0108015906606664,0.676342417855315,-6.87366543005422,-6.50750350868093,-6.16080253393711,-5.67905287800067,-4.32632664323598,3920.64771601509,0.999385052083988
"feature_sums[18,4,4]",1.86943969615271,0.00881730189411307,0.549901798239955,1.11959334885846,1.4579560723642,1.76685332890088,2.17713714716402,3.20624885930781,3889.54551740691,0.999335090632887
"feature_sums[18,4,5]",1.87222976010402,0.0012348580482609,0.0768482029273874,1.68801433562117,1.82520572963498,1.88539729720346,1.93138879571147,1.98206232396342,3872.87392041471,0.999255711354329
"feature_sums[18,4,6]",1.8578806635172,0.00161184519450803,0.101003567181026,1.60647518422549,1.81013378196288,1.87983418328736,1.92958889035563,1.98195132144387,3926.69135985079,0.999425083186794
"feature_sums[18,4,7]",0,NA,0,0,0,0,0,0,NA,NA
"feature_sums[18,4,8]",0,NA,0,0,0,0,0,0,NA,NA
"feature_sums[18,5,1]",0,NA,0,0,0,0,0,0,NA,NA
"feature_sums[18,5,2]",0,NA,0,0,0,0,0,0,NA,NA
"feature_sums[18,5,3]",2.75577306741267,0.0069467206616615,0.428947537063487,2.11285212777114,2.42341565340933,2.69450919173888,3.0333271723287,3.7388243618516,3812.84091973427,0.999264712713444
"feature_sums[18,5,4]",1.57173377828921,0.0148186575610671,0.925521769107141,-0.707644385047642,1.06838910567995,1.75305419472748,2.26027094256175,2.80818258478888,3900.81677899899,0.999341472096059
"feature_sums[18,5,5]",-8.54352532288204,0.00553657503020125,0.347705194540889,-8.94552758418367,-8.78377696437288,-8.62493026471675,-8.39399037548895,-7.66624887041086,3944.02789820474,0.999459251985759
"feature_sums[18,5,6]",-6.26112060769459,0.0176346037882261,1.09980359647991,-7.76081330228307,-7.0840878552716,-6.46629334219823,-5.64572570567197,-3.58750228138439,3889.54551740691,0.999335090632887
"feature_sums[18,5,7]",3.19573957889965,0.00838474273382043,0.523750751997618,1.90670532176304,2.91346148682447,3.29879399852041,3.58401677157298,3.89211308756048,3901.84340299956,0.999349912394842
"feature_sums[18,5,8]",2.09737415283566,0.00112076750273371,0.0702915390980064,2.01206834864215,2.04747237331928,2.0816120730133,2.13013488365623,2.27442747963581,3933.46278572337,0.999418361742406
"feature_sums[19,1,1]",5.16537254484316,0.0182600996679781,1.1504204470682,2.32568723001417,4.58224548401581,5.36338894252774,6.00894418369167,6.75893272858361,3969.23577254212,0.99948463328483
"feature_sums[19,1,2]",2.46515761123927,0.00557613031514669,0.353019334244656,1.57709513709969,2.29913987451831,2.5319128609271,2.71942552596372,2.9324987589013,4008.03175450858,0.999505543486651
"feature_sums[19,1,3]",0,NA,0,0,0,0,0,0,NA,NA
"feature_sums[19,1,4]",-4.37960285560917,0.0134383858544623,0.844284018383348,-6.44083422790475,-4.82283596977006,-4.24178817135972,-3.75556439063118,-3.18472077457121,3947.14357126584,0.999475700100081
"feature_sums[19,1,5]",0.791839834154796,0.0132157627775243,0.839558103087966,-1.34755090633529,0.427158962609638,0.962665284094241,1.38405480665959,1.85329927099457,4035.68300846958,0.999532087151169
"feature_sums[19,1,6]",0,NA,0,0,0,0,0,0,NA,NA
"feature_sums[19,1,7]",-3.44482261590378,0.00603038068881181,0.382987504864246,-3.93230710540852,-3.71601045388465,-3.52213190479209,-3.27637116760482,-2.46951945625459,4033.4785488178,0.999526456902796
"feature_sums[19,1,8]",4.42683500746409,0.00645826686775849,0.410978952486263,3.37235595822934,4.25672937427239,4.51379763226251,4.71312740113406,4.93214690983957,4049.55393783809,0.999547379091365
"feature_sums[19,2,1]",3,NA,0,3,3,3,3,3,NA,NA
"feature_sums[19,2,2]",5.5049630191691,0.0058064894990727,0.370078934372755,4.54965557753179,5.36163912991856,5.58678146952477,5.75815410537463,5.94330092579284,4062.20129117182,0.999570359614584
"feature_sums[19,2,3]",-3.59016973956873,0.00438034837001235,0.277836567528925,-3.94929415165376,-3.78814109903563,-3.64483241128256,-3.46476194786326,-2.88642022365606,4023.10629307168,0.999519414561224
"feature_sums[19,2,4]",-5.16723392385566,0.00904557103321772,0.57448125729637,-5.89846065811278,-5.57401568082698,-5.28319785718813,-4.91455675140723,-3.70427918438189,4033.47854881781,0.999526456902796
"feature_sums[19,2,5]",0,NA,0,0,0,0,0,0,NA,NA
"feature_sums[19,2,6]",0,NA,0,0,0,0,0,0,NA,NA
"feature_sums[19,2,7]",2.31837846749562,0.00678120603272942,0.427168151954366,1.26482838912226,2.10185790753157,2.39173737232757,2.63150085279142,2.91031656073837,3968.11136688762,0.999485620231293
"feature_sums[19,2,8]",1.39047963261345,0.00572494636178219,0.357823826850564,0.533031772316302,1.19001358115697,1.44332134870838,1.65922132920814,1.91618214140455,3906.57051698305,0.999454570519837
"feature_sums[19,3,1]",-1.1730876628276,0.00226980188234121,0.145383178498919,-1.55826980696175,-1.22063762492104,-1.13683873196585,-1.07714380789214,-1.01727307969547,4102.53613939014,0.999602332075782
"feature_sums[19,3,2]",-3.92512208905256,0.0107972464480815,0.68092638793003,-4.8597701837985,-4.42247003514082,-4.04463540746243,-3.58529733213042,-2.23815846019436,3977.17133690037,0.999489669905619
"feature_sums[19,3,3]",5.42287047678474,0.00656070920924768,0.417625106489167,4.35030339134144,5.25258778979257,5.51207350557183,5.7125393834536,5.93211472465138,4052.02037919559,0.999553292259734
"feature_sums[19,3,4]",3.4240540172262,0.00598796867052721,0.378879366066215,2.47377326800122,3.2454123698911,3.49507339528622,3.69684208946182,3.92692084158525,4003.52799111863,0.999507753217359
"feature_sums[19,3,5]",0,NA,0,0,0,0,0,0,NA,NA
"feature_sums[19,3,6]",4.59938886180575,0.00479163516995346,0.305391544467309,3.8119919933427,4.48515885527578,4.66781916361851,4.80600751824723,4.95461440901481,4062.06182262352,0.999586903757526
"feature_sums[19,3,7]",-0.151462023977746,0.00881554157443142,0.558204252392882,-0.893076578154352,-0.555016002993237,-0.256977622163687,0.113323728164933,1.25557321676986,4009.48215942374,0.999498309788245
"feature_sums[19,3,8]",0,NA,0,0,0,0,0,0,NA,NA
"feature_sums[19,4,1]",5,NA,0,5,5,5,5,5,NA,NA
"feature_sums[19,4,2]",0,NA,0,0,0,0,0,0,NA,NA
"feature_sums[19,4,3]",-6.7381832078298,0.00329557289921969,0.210197399517926,-6.97153763266268,-6.87700490477607,-6.78728618742048,-6.66606606337457,-6.19461212927905,4068.11135255368,0.999617819801871
"feature_sums[19,4,4]",-3.28687681498569,0.00743484042019557,0.470692445659541,-3.90999834520173,-3.62590070128496,-3.37588381456947,-3.06551983269107,-2.10279351613292,4008.0317545086,0.999505543486651
"feature_sums[19,4,5]",-1.28816554651499,0.0024247717774766,0.145536986808728,-1.58336969435303,-1.38919260573318,-1.27835807840048,-1.17520635084278,-1.04433148696922,3602.50855710977,0.999430262326482
"feature_sums[19,4,6]",2.11075764505732,0.00830252377609735,0.518274547579215,0.873798158890534,1.81719794328072,2.18574332533641,2.50095652392175,2.8771098115434,3896.7227447163,0.999451625677626
"feature_sums[19,4,7]",0,NA,0,0,0,0,0,0,NA,NA
"feature_sums[19,4,8]",-1.85022958441642,0.00177614799995513,0.113227062913846,-1.98298058597356,-1.92726707825564,-1.87550377658789,-1.80720110299508,-1.55777183160707,4063.89222283171,0.999577906102367
"feature_sums[19,5,1]",0,NA,0,0,0,0,0,0,NA,NA
"feature_sums[19,5,2]",-2.19017406351633,0.00805041920086502,0.507122155241674,-2.89348934591195,-2.56222508833175,-2.27723093051763,-1.93259300879486,-0.93902776898765,3968.15089013295,0.999483971223672
"feature_sums[19,5,3]",6.57375362997138,0.0148696808403911,0.941384891319082,4.20558703226584,6.13103966538215,6.75176762913895,7.25180140256992,7.81999669040347,4008.0317545086,0.999505543486651
"feature_sums[19,5,4]",0,NA,0,0,0,0,0,0,NA,NA
"feature_sums[19,5,5]",-7.18438210745139,0.00924301437342261,0.588307520427075,-7.90384528585021,-7.5930581353995,-7.30963286290543,-6.94323682777938,-5.67395608784433,4051.18003178088,0.999551214784191
"feature_sums[19,5,6]",5.43944791479428,0.00516685696806761,0.321198860803219,4.68013194525367,5.25215798069329,5.4836573707812,5.68299232738951,5.9218246034264,3864.51603766958,0.999442090307325
"feature_sums[19,5,7]",-1.30733159509771,0.0176662962574793,1.11841618071732,-2.78627680515158,-2.11199170893963,-1.51890618315807,-0.782794617111569,1.50519404746262,4007.89066023209,0.999507558887291
"feature_sums[19,5,8]",-5.16723392385566,0.00904557103321772,0.57448125729637,-5.89846065811278,-5.57401568082698,-5.28319785718813,-4.91455675140723,-3.70427918438189,4033.47854881781,0.999526456902796
"feature_sums[20,1,1]",2.34716441570903,0.00657043298136833,0.417585467600228,1.31457715840558,2.11848261512346,2.43072531245009,2.65762764492767,2.91447581944058,4039.26896800495,0.999649389100836
"feature_sums[20,1,2]",6.47221899993037,0.0158674654713651,1.01145313118544,3.93240443506234,5.94333964653027,6.68633694957539,7.21578714319944,7.80565229670658,4063.27674403831,0.999644925606069
"feature_sums[20,1,3]",-6.49976649112936,0.00478568165070231,0.301897345072109,-7.22498257551644,-6.67937805403139,-6.44551787311408,-6.27051376909186,-6.06822051267633,3979.52261151201,0.99966373134358
"feature_sums[20,1,4]",0,NA,0,0,0,0,0,0,NA,NA
"feature_sums[20,1,5]",4.79254356935459,0.00253018378657271,0.162513243341782,4.36836752472968,4.7266148253181,4.83345659035413,4.90364922962142,4.97689567856867,4125.46948089798,0.99966744811109
"feature_sums[20,1,6]",-7,NA,0,-7,-7,-7,-7,-7,NA,NA
"feature_sums[20,1,7]",0,NA,0,0,0,0,0,0,NA,NA
"feature_sums[20,1,8]",1.16772249400389,0.0020818229318791,0.133748174591342,1.01749868862634,1.0749759622578,1.13232708011476,1.2223797398799,1.52555767255649,4127.51015715245,0.999644526904909
"feature_sums[20,2,1]",-4.29650274064315,0.00764167708954555,0.48897639991014,-4.91398159332062,-4.64936595358419,-4.40695666944517,-4.05800140943222,-3.04767674054475,4094.47697739176,0.999643986801844
"feature_sums[20,2,2]",-1.04150064161503,0.0005457529894346,0.0301286965285215,-1.06232452868589,-1.05879851969897,-1.04891021104544,-1.03246541120636,-0.988523623798412,3047.67350429656,1.00084168201045
"feature_sums[20,2,3]",0,NA,0,0,0,0,0,0,NA,NA
"feature_sums[20,2,4]",0,NA,0,0,0,0,0,0,NA,NA
"feature_sums[20,2,5]",3.26417052696691,0.0131981704065514,0.84175042349706,2.16010552706037,2.64674418927778,3.08452337933474,3.7006700658421,5.38232205939043,4067.60923164166,0.999644602087515
"feature_sums[20,2,6]",-2.51585389239764,0.0164983269864706,1.05701605878798,-3.82196351276131,-3.27084286113151,-2.76116345682763,-2.01867784567131,0.20115706511262,4104.71829668227,0.999646031184202
"feature_sums[20,2,7]",0.322458911325514,0.00620676752465817,0.388588435526546,-0.578380228020209,0.0746384839318237,0.383610056906198,0.621945303840444,0.903666428689846,3919.66350431835,0.999686783743252
"feature_sums[20,2,8]",2.84748123166195,0.00181789957874418,0.116722264707768,2.54363164951126,2.79834968992399,2.87636621938847,2.92816692153242,2.98269670924938,4122.56614773469,0.999660640423639
"feature_sums[20,3,1]",0,NA,0,0,0,0,0,0,NA,NA
"feature_sums[20,3,2]",4.09702105216649,0.00942726457610812,0.6012503024979,2.58405567186398,3.78523566725564,4.22534044333233,4.53803986480158,4.88563890924259,4067.60923164166,0.999644602087515
"feature_sums[20,3,3]",3.07063164193982,0.00135914171394548,0.0773061137014469,2.9070716334099,3.05902971729354,3.08959275220664,3.10666435553425,3.11262754368177,3235.17813523218,1.00067335918604
"feature_sums[20,3,4]",-3.67985862642349,0.00709901458648013,0.45241143853237,-4.82051586225986,-3.91549740664288,-3.5829931015537,-3.34722150804697,-3.08581918784988,4061.35560008285,0.999643063268504
"feature_sums[20,3,5]",-4,NA,0,-4,-4,-4,-4,-4,NA,NA
"feature_sums[20,3,6]",0.17785790462741,0.0110007364927644,0.691166303629947,-0.835445538881047,-0.351406027235698,0.0620308500321762,0.60522859086871,1.80743471912589,3947.49501238816,0.999675176902383
"feature_sums[20,3,7]",1.52438868843059,0.00523500052071864,0.335207768293999,0.663902895320113,1.3639770563911,1.60147434860552,1.76514306448248,1.94258850094193,4100.10228236387,0.999643737681859
"feature_sums[20,3,8]",0,NA,0,0,0,0,0,0,NA,NA
"feature_sums[20,4,1]",-3.19605116913139,0.00175380173601125,0.108118199714409,-3.43254929030744,-3.27026558575573,-3.18107071249823,-3.11121790768584,-3.02834115459748,3800.46397323061,0.999733335018067
"feature_sums[20,4,2]",0,NA,0,0,0,0,0,0,NA,NA
"feature_sums[20,4,3]",7.04149324712708,0.0197112989441049,1.25275640280069,3.94373147521674,6.35544784537038,7.29217593735028,7.97288293478302,8.74342745832174,4039.26896800496,0.999649389100836
"feature_sums[20,4,4]",-1.33842901091604,0.00328255572226546,0.207178643404697,-1.84107546289662,-1.45999151954528,-1.29995069318523,-1.18139864316227,-1.04554560012028,3983.50856998389,0.9996591907739
"feature_sums[20,4,5]",-2.54178736870011,0.00565635874566487,0.36075018149874,-3.44956659688161,-2.72885859964662,-2.4647957340006,-2.27717608111905,-2.06861665445445,4067.60923164166,0.999644602087515
"feature_sums[20,4,6]",6.01510383690041,0.0106983479253638,0.684566959874196,4.26674743676265,5.68120197320511,6.16973933722324,6.50911233501787,6.87957423064887,4094.47697739176,0.999643986801844
"feature_sums[20,4,7]",0,NA,0,0,0,0,0,0,NA,NA
"feature_sums[20,4,8]",-3.37302011668879,0.0131604642891905,0.830713823120615,-5.36964317054023,-3.86505948180894,-3.22347915318656,-2.74322474587747,-2.18755898125878,3984.37725544254,0.999662826791702
"feature_sums[20,5,1]",3.80089247725751,0.0118718701048711,0.753139078073029,1.95510568596316,3.37814557330918,3.94672990053419,4.36418313425951,4.84055217296266,4024.50148947249,0.99965279649603
"feature_sums[20,5,2]",3.54178736870011,0.00565635874566487,0.36075018149874,3.06861665445445,3.27717608111905,3.4647957340006,3.72885859964662,4.44956659688161,4067.60923164166,0.999644602087515
"feature_sums[20,5,3]",-1.89832082110797,0.00121193305249612,0.0778148431385121,-1.98846447283292,-1.95211128102161,-1.91757747959231,-1.86556645994933,-1.6957544330075,4122.56614773465,0.999660640423639
"feature_sums[20,5,4]",-1.95614797033574,0.00874659673005051,0.547005704476461,-3.22248576397575,-2.30687136799597,-1.87057425201838,-1.53389652198506,-1.13601313383531,3911.15929103972,0.999689001707212
"feature_sums[20,5,5]",0,NA,0,0,0,0,0,0,NA,NA
"feature_sums[20,5,6]",0,NA,0,0,0,0,0,0,NA,NA
"feature_sums[20,5,7]",3.97957048285797,0.000387599245744737,0.0218000451680282,3.96743259398348,3.96944707789805,3.97488383781569,3.98378556940336,4.01540632049496,3163.36234239265,1.00083729116059
"feature_sums[20,5,8]",4.29650274064315,0.00764167708954555,0.48897639991014,3.04767674054475,4.05800140943222,4.40695666944517,4.64936595358419,4.91398159332062,4094.47697739176,0.999643986801844
"feature_sums[21,1,1]",-4.14306827374767,0.00156491366184083,0.0974866222880743,-4.38841466108935,-4.18724180058765,-4.12377700673099,-4.07283273989469,-4.01832896944697,3880.69295741056,0.99949648111911
"feature_sums[21,1,2]",8.53461510849888,0.00558008520482681,0.349449151144274,7.6394401242741,8.39903960647396,8.61219903005464,8.77597152176464,8.94467367688486,3921.80791662684,0.999478833360729
"feature_sums[21,1,3]",0.258820989486507,0.0124487703768747,0.768406437542139,-0.824130968464871,-0.316871828046953,0.1354521345399,0.668347011791058,2.11350506084316,3810.03597821562,0.999536931325262
"feature_sums[21,1,4]",-3.81581354185755,0.0118735548613098,0.734409955503413,-4.83616140791839,-4.36233405748309,-3.93780922894459,-3.43428667575082,-2.03232279047265,3825.74116881773,0.999528171514082
"feature_sums[21,1,5]",0,NA,0,0,0,0,0,0,NA,NA
"feature_sums[21,1,6]",-2.8883141438162,0.00898824674634623,0.556560269823973,-4.2481172622737,-3.17423458951283,-2.79344270757944,-2.47472488800771,-2.12151785219949,3834.19705585808,0.999525224785749
"feature_sums[21,1,7]",5.71473470708629,0.0135011517269743,0.838625833893727,3.63390967177394,5.30941313000691,5.8692719657217,6.32861714421548,6.82945435467882,3858.28973582559,0.999509232566233
"feature_sums[21,1,8]",0,NA,0,0,0,0,0,0,NA,NA
"feature_sums[21,2,1]",0,NA,0,0,0,0,0,0,NA,NA
"feature_sums[21,2,2]",0,NA,0,0,0,0,0,0,NA,NA
"feature_sums[21,2,3]",-3.60787479255568,0.00345777041930776,0.209077122420807,-3.93976688920262,-3.7710975717133,-3.62816395079413,-3.4712057610875,-3.15312575745916,3656.12233568331,0.999644920847067
"feature_sums[21,2,4]",7.15856934691963,0.00958830096001564,0.598840684807466,5.63573392113228,6.90498074597786,7.28419701158816,7.58241162563945,7.89583483471122,3900.67064519201,0.999486741991694
"feature_sums[21,2,5]",3.89395439009157,0.0111904811068379,0.693002837832111,2.20325677448608,3.53920406263597,4.01169351851134,4.407917764657,4.84819369872618,3835.06305958897,0.999523845022044
"feature_sums[21,2,6]",-5.71473470708629,0.0135011517269743,0.838625833893727,-6.82945435467882,-6.32861714421548,-5.8692719657217,-5.30941313000691,-3.63390967177394,3858.28973582559,0.999509232566233
"feature_sums[21,2,7]",2.47943633739833,0.00564229479661553,0.351276409579431,1.59751467516769,2.31780617470784,2.54798096973664,2.73356109355849,2.93283149144713,3876.0236990309,0.999499241957855
"feature_sums[21,2,8]",1.32168129510088,0.0174386992029253,1.08228653314286,-1.35040186987132,0.790236860285359,1.51658549158739,2.11658680507822,2.7748778209383,3851.7344310138,0.999512912159106
"feature_sums[21,3,1]",-1.73997492182123,0.0140451345537306,0.875992073444578,-2.84096036769612,-2.36571055505083,-1.91811596958011,-1.35544051059418,0.474769225250967,3889.99053418154,0.999491426373176
"feature_sums[21,3,2]",-3.6907684166067,0.0134784302696261,0.835928368207658,-4.82357081841071,-4.30801573704689,-3.83893614832798,-3.27293749685287,-1.63182322294263,3846.444719571,0.999517644581284
"feature_sums[21,3,3]",7.20609770180499,0.00907344114235669,0.56677972623665,5.76405386809527,6.96729543903947,7.32542934660228,7.60668406444639,7.90194441375662,3901.97570874462,0.999486143442988
"feature_sums[21,3,4]",0,NA,0,0,0,0,0,0,NA,NA
"feature_sums[21,3,5]",-2.56197140059045,0.00486873265895141,0.303627954012169,-2.94490179906043,-2.77977832196193,-2.62378843094037,-2.42740310242434,-1.79282565397172,3889.12274202597,0.999492760241078
"feature_sums[21,3,6]",-2.40508020399999,0.00371063259310683,0.226152079023229,-2.92086167852512,-2.54261067712617,-2.37753890559022,-2.23078907551949,-2.06034693458921,3714.54188008222,0.999596293508973
"feature_sums[21,3,7]",0,NA,0,0,0,0,0,0,NA,NA
"feature_sums[21,3,8]",9,NA,0,9,9,9,9,9,NA,NA
"feature_sums[21,4,1]",-4.50381106362812,0.00567090071397294,0.354237328897906,-4.93871525859789,-4.75417754027899,-4.57839334162642,-4.35455964939967,-3.60253366755955,3901.97570874461,0.999486143442988
"feature_sums[21,4,2]",-0.296973334072065,0.0081491369634219,0.5094405174629,-0.914125781657824,-0.654609327729941,-0.406037354984043,-0.0874661411658746,1.00215961054085,3908.08257531513,0.999483531758969
"feature_sums[21,4,3]",0,NA,0,0,0,0,0,0,NA,NA
"feature_sums[21,4,4]",2.33637263405494,0.00671428866410275,0.415801702699266,1.32195406469165,2.12352243758158,2.4070161111068,2.6447506587942,2.90891621923571,3835.06305958896,0.999523845022044
"feature_sums[21,4,5]",2.62398709778398,0.00740638892812944,0.463671810190177,2.07387694425845,2.30024531784644,2.52100917168569,2.80869864287046,3.81768601449582,3919.29864588209,0.999480151733673
"feature_sums[21,4,6]",-6.89599486383006,0.0121571950000432,0.757675124787472,-7.85940293859457,-7.44041717748841,-7.04753951574658,-6.55633620471014,-4.98513809708527,3884.17950869482,0.999494702540978
"feature_sums[21,4,7]",-2.97677159800305,0.0006169448220357,0.0392770231218813,-2.99977418667725,-2.99634362399159,-2.98917658968309,-2.97441890176522,-2.87617676878904,4053.07351975949,0.999564085877102
"feature_sums[21,4,8]",0,NA,0,0,0,0,0,0,NA,NA
"feature_sums[21,5,1]",3,NA,0,3,3,3,3,3,NA,NA
"feature_sums[21,5,2]",-4.74145283805493,0.00310004733601489,0.194138417302374,-4.96926315382492,-4.87553973431369,-4.78455501669702,-4.66613311470775,-4.2441334023745,3921.80791662684,0.999478833360729
"feature_sums[21,5,3]",0,NA,0,0,0,0,0,0,NA,NA
"feature_sums[21,5,4]",6.93359465825264,0.011853702925492,0.739215974452873,5.06361669529861,6.60698298218393,7.08366823571884,7.46292178801636,7.86540053523202,3888.97014461093,0.999492415659472
"feature_sums[21,5,5]",4.62578239833543,0.00458991710351996,0.28780896093173,3.88238904617424,4.51763076675241,4.69173330624944,4.82342949540339,4.95681957057223,3931.86808856273,0.999476480696663
"feature_sums[21,5,6]",0,NA,0,0,0,0,0,0,NA,NA
"feature_sums[21,5,7]",-3.56019268131117,0.00443470054055322,0.274512911091413,-3.93931456990917,-3.76373970104076,-3.60628746667214,-3.41921004000452,-2.89290497706317,3831.74812032018,0.999524054787297
"feature_sums[21,5,8]",1.87344789682655,0.0086746050613722,0.535705731305665,1.12136761925595,1.47230774065995,1.78633262055548,2.15757085927171,3.17000077618696,3813.75827437292,0.999535362570075
"feature_sums[22,1,1]",0,NA,0,0,0,0,0,0,NA,NA
"feature_sums[22,1,2]",-3.45924689480007,0.00558222888797246,0.355948348993802,-3.93181466102912,-3.72367425855001,-3.52286067423001,-3.27950111326042,-2.59624339570421,4065.91865811978,0.999571575587094
"feature_sums[22,1,3]",-2.67762394776878,0.00658139617301942,0.417151847558601,-3.66244657820686,-2.90800710958077,-2.61343407007849,-2.36089346230895,-2.09046004927507,4017.46659347477,0.999598209295783
"feature_sums[22,1,4]",-4.21030645047923,0.00203269628675718,0.128783790096065,-4.5134333305351,-4.28179848119371,-4.19079393262552,-4.1124636439426,-4.02824881772037,4014.0004491937,0.999600103713298
"feature_sums[22,1,5]",-7.77385132681092,0.0028770909771897,0.184974924759723,-7.97681645115627,-7.9002550545008,-7.81768539735526,-7.70528282790789,-7.30582871768584,4133.50558349215,0.999514561853238
"feature_sums[22,1,6]",0,NA,0,0,0,0,0,0,NA,NA
"feature_sums[22,1,7]",5.43936765261176,0.00600443208897186,0.383897453079763,4.49788339781462,5.25593248516015,5.51283381170511,5.72039095381971,5.93161945940393,4087.77127199061,0.999558003495848
"feature_sums[22,1,8]",2.65744572331135,0.0133141194996591,0.845772723649242,0.639284828161226,2.20394214212563,2.79536895112688,3.29538033950258,3.82440643772207,4035.36152286789,0.999588590984507
"feature_sums[22,2,1]",0,NA,0,0,0,0,0,0,NA,NA
"feature_sums[22,2,2]",-4.88403317855454,0.000906727889291094,0.0481031876476073,-4.97940312645424,-4.92065561082665,-4.87769858690916,-4.84228475235388,-4.8194097299207,2814.45147511922,0.999997174819138
"feature_sums[22,2,3]",5.70389177021162,0.0128403815994401,0.815673637894925,3.75961706750162,5.26645601952934,5.83640386822266,6.31888103732065,6.83012002745493,4035.31081709717,0.999588789185099
"feature_sums[22,2,4]",2.71968382630588,0.00300221604448593,0.191948726539881,2.24894169890731,2.62796624258008,2.75641690585255,2.86019547690986,2.96580972970196,4087.77127199061,0.999558003495848
"feature_sums[22,2,5]",-6,NA,0,-6,-6,-6,-6,-6,NA,NA
"feature_sums[22,2,6]",0,NA,0,0,0,0,0,0,NA,NA
"feature_sums[22,2,7]",3.06267033395323,0.0095924516890334,0.601237870395844,2.15179731969285,2.59485350332925,2.9925728394243,3.43395302846303,4.41716031097203,3928.56021754213,0.999641092365084
"feature_sums[22,2,8]",4.93091145641351,0.00103133412025623,0.0662432799565376,4.76263026993181,4.91184837970304,4.94837413545257,4.97311174560359,4.99408971771336,4125.57877167468,0.999490153209175
"feature_sums[22,3,1]",0.278137372321539,0.00747005694836856,0.476444381608511,-0.8774691202672,0.0386675625866697,0.363630142322886,0.631531339567732,0.909085719151394,4067.95925689901,0.999570405997061
"feature_sums[22,3,2]",3.62624510174117,0.00400295472598123,0.255931635386509,2.99858893187642,3.50395499010677,3.67522254113674,3.81359396921314,3.95441297293595,4087.77127199063,0.999558003495848
"feature_sums[22,3,3]",-2.36908064856232,0.00609808886027153,0.386351370288196,-2.91525354683889,-2.6626090681722,-2.42761820212344,-2.15460455641886,-1.4597000083947,4014.00044919373,0.999600103713298
"feature_sums[22,3,4]",0,NA,0,0,0,0,0,0,NA,NA
"feature_sums[22,3,5]",-1.47166456161343,0.00461471687275597,0.292624978990005,-2.1663868742276,-1.63234726644261,-1.42551346122256,-1.24943748705358,-1.06227505668424,4020.98700286118,0.999595707116472
"feature_sums[22,3,6]",-2.18021030636221,0.00233809483261383,0.150352668836077,-2.56533491483839,-2.23535288652822,-2.14332719077842,-2.07709768034718,-2.0175315552952,4135.21446912974,0.999514422440401
"feature_sums[22,3,7]",0,NA,0,0,0,0,0,0,NA,NA
"feature_sums[22,3,8]",-5.00864263323317,0.000549068735559273,0.0326216527736894,-5.02143359119059,-5.02040146619591,-5.01697005982384,-5.009863201956,-4.93681001992753,3529.86820897376,0.999542865254971
"feature_sums[22,4,1]",2.59443517110006,0.00418667166597935,0.266961261745351,1.94718254677816,2.45962583494532,2.64214550567251,2.79275569391251,2.94886099577184,4065.91865811977,0.999571575587094
"feature_sums[22,4,2]",-6.66053490381354,0.00378392878642013,0.242470594935158,-6.95999704822793,-6.8349488748786,-6.70980447256758,-6.55159893633325,-6.06075196778391,4106.12576772297,0.999544886609884
"feature_sums[22,4,3]",0,NA,0,0,0,0,0,0,NA,NA
"feature_sums[22,4,4]",0.898219712260793,0.0111308902044052,0.708441781242391,-0.804933557509076,0.529050979905121,1.01896070804481,1.42863043462169,1.85820648820273,4050.87213451264,0.999580237236108
"feature_sums[22,4,5]",-3.50148342489591,0.00522912887691741,0.333673758804251,-4.31392687106197,-3.66770020859302,-3.44055375500992,-3.25436244414903,-3.06256785912204,4071.7904194788,0.999567951331722
"feature_sums[22,4,6]",3.42089018179299,0.00349108353226052,0.207492129768419,3.06692209542811,3.25526735354625,3.41368689489777,3.57443819397414,3.81832502192489,3532.50492515314,0.999745002586184
"feature_sums[22,4,7]",-1.43437675596391,0.00526073923968853,0.33161804354328,-1.9211616012469,-1.68934339563523,-1.47842120187458,-1.23978396787792,-0.671516121076628,3973.58725847419,0.999620541092585
"feature_sums[22,4,8]",0,NA,0,0,0,0,0,0,NA,NA
"feature_sums[22,5,1]",0.152882396966196,0.0078334918938441,0.49308284238447,-0.977975752748071,-0.140535245068233,0.216997758099518,0.533663047935676,0.881712709739583,3962.13240863358,0.999625475719493
"feature_sums[22,5,2]",0,NA,0,0,0,0,0,0,NA,NA
"feature_sums[22,5,3]",-0.216694486699832,0.012560014997938,0.800883785236053,-2.15845235966553,-0.621122495164046,-0.0735634829824727,0.37826708173753,0.846582987315531,4065.91865811978,0.999571575587094
"feature_sums[22,5,4]",-3.87026932354908,0.00868273911099953,0.551962050104793,-5.19014513035904,-4.16321856880025,-3.77898099703463,-3.45515657411353,-3.11331813446139,4041.14965626901,0.999585621904731
"feature_sums[22,5,5]",0,NA,0,0,0,0,0,0,NA,NA
"feature_sums[22,5,6]",-4.27165333230135,0.00239768206764653,0.149211448957644,-4.60064046647743,-4.36869995899368,-4.25646390645826,-4.15404997142427,-4.03935147094632,3872.76464643607,0.999662502425196
"feature_sums[22,5,7]",-5.70902991755447,0.00324336753121727,0.20783193851585,-5.96571175562394,-5.8585276070388,-5.75126097648649,-5.61565623114278,-5.1949302581005,4106.12576772293,0.999544886609885
"feature_sums[22,5,8]",2.36908064856232,0.00609808886027153,0.386351370288196,1.4597000083947,2.15460455641886,2.42761820212344,2.6626090681722,2.91525354683889,4014.00044919373,0.999600103713298
"feature_sums[23,1,1]",1.62598750756697,0.00799589471443882,0.487479036947399,1.06914249641185,1.29174237568262,1.51109442891918,1.81595243028212,2.91016409939173,3716.87328188741,1.00005667971049
"feature_sums[23,1,2]",-2.19550094486799,0.0100208423971868,0.609934848236089,-2.90813577014969,-2.61647217048016,-2.334358761319,-1.94929644447545,-0.605920639354787,3704.74594003521,1.00006455612615
"feature_sums[23,1,3]",-1.32081139907857,0.00300854646398864,0.181149841974954,-1.73870572093601,-1.43604843937363,-1.29678886664167,-1.17975709811944,-1.0452406567574,3625.45461478656,1.00010262922853
"feature_sums[23,1,4]",-3.62899665427999,0.00483664196913914,0.295011949311623,-3.95962525838352,-3.82906908303406,-3.69954517020139,-3.51804676220285,-2.85127581138839,3720.4145510571,1.0000507625045
"feature_sums[23,1,5]",-3.79229792820203,0.0026984340629408,0.164391476877403,-3.97698428091677,-3.90324031401009,-3.83090921918182,-3.73051581823771,-3.3634988769402,3711.37615760841,1.00005176547561
"feature_sums[23,1,6]",0,NA,0,0,0,0,0,0,NA,NA
"feature_sums[23,1,7]",0,NA,0,0,0,0,0,0,NA,NA
"feature_sums[23,1,8]",2.33737577943436,0.00708586210746199,0.428781305249395,1.26118191625814,2.11673137934908,2.41730027461609,2.65428621706731,2.91467858727089,3661.72976871315,1.00010251803821
"feature_sums[23,2,1]",-0.98458934870451,0.000445046208814177,0.0275163552272247,-0.999868329915871,-0.997715667153231,-0.993151045613292,-0.983047104706425,-0.914192186375927,3822.71220583341,0.999833787599993
"feature_sums[23,2,2]",0,NA,0,0,0,0,0,0,NA,NA
"feature_sums[23,2,3]",0,NA,0,0,0,0,0,0,NA,NA
"feature_sums[23,2,4]",9,NA,0,9,9,9,9,9,NA,NA
"feature_sums[23,2,5]",-1.06380505073905,0.0113908042831652,0.692781004294915,-1.89107186531948,-1.54735670124418,-1.21796039832236,-0.773193325945754,0.735646824525144,3698.99004342199,1.00007128554643
"feature_sums[23,2,6]",-2.20458696808392,0.0118893343619515,0.717035067890336,-3.93711184542851,-2.62337921239771,-2.09244024863767,-1.65698458949486,-1.16429675529294,3637.18767390436,1.00011047597571
"feature_sums[23,2,7]",6.23300207849162,0.0188956322865653,1.14341681399839,3.36315177668836,5.64461701159753,6.4461340656429,7.07809657884615,7.77247623272238,3661.72976871316,1.00010251803821
"feature_sums[23,2,8]",-2.61080535286802,0.00463943318662076,0.282095092625988,-2.95416720722003,-2.8099912000564,-2.67253712965508,-2.48824420665694,-1.87828173973391,3697.10012943383,1.00007665186178
"feature_sums[23,3,1]",5.14092551457825,0.0100236538741474,0.608972942714832,3.56734521124427,4.86718596604464,5.27080389713127,5.57502922758979,5.8970240605727,3690.99851536613,1.00008232502962
"feature_sums[23,3,2]",-5,NA,0,-5,-5,-5,-5,-5,NA,NA
"feature_sums[23,3,3]",-2.04388482482107,0.000650232113254639,0.0399547553587227,-2.06820296080047,-2.06380280218607,-2.05267217925109,-2.03523117278847,-1.98749323077097,3775.72297845803,0.999383274255113
"feature_sums[23,3,4]",0,NA,0,0,0,0,0,0,NA,NA
"feature_sums[23,3,5]",0,NA,0,0,0,0,0,0,NA,NA
"feature_sums[23,3,6]",0.983827769578807,0.000482417459820647,0.0298432588012865,0.908494347747134,0.982515157334268,0.993012467848272,0.997688710610444,0.999867953287564,3826.89419550801,0.99982585178792
"feature_sums[23,3,7]",-3.1307524082183,0.00901197138644205,0.54521817776527,-3.88630660363219,-3.54038403367072,-3.22750650733009,-2.83479342513433,-1.77264105378884,3660.16821759049,1.00010440771343
"feature_sums[23,3,8]",3.98246051196008,0.000580351982300474,0.0358950972756239,3.89871657893733,3.98184455231693,3.99285207693884,3.99765939037346,3.99986756901159,3825.49223553408,0.999791745006353
"feature_sums[23,4,1]",0,NA,0,0,0,0,0,0,NA,NA
"feature_sums[23,4,2]",0,NA,0,0,0,0,0,0,NA,NA
"feature_sums[23,4,3]",2.61410846694199,0.00397387360475941,0.239980505422055,2.02223239650147,2.4829639294235,2.65557749585791,2.79429752316318,2.94890609023048,3646.89977563771,1.00010801562058
"feature_sums[23,4,4]",4.9228795361608,0.00143722102827159,0.0882457751202679,4.69700796423058,4.90600735990112,4.94715650119109,4.97232747365439,4.99404780474678,3769.99451758354,0.99993535400217
"feature_sums[23,4,5]",-6.23300207849162,0.0188956322865653,1.14341681399839,-7.77247623272238,-7.07809657884615,-6.4461340656429,-5.64461701159753,-3.36315177668836,3661.72976871316,1.00010251803821
"feature_sums[23,4,6]",-8.10480452499895,0.0109877204024287,0.668580261721754,-8.89672723384939,-8.56984778470511,-8.25517431320578,-7.82817093935661,-6.36363264362189,3702.47301987584,1.00006878037503
"feature_sums[23,4,7]",2.28635816180725,0.00334121795804913,0.202990980904944,2.03432531314243,2.14165692413674,2.24306536762291,2.37760467798512,2.81088492958524,3690.99851536611,1.00008232502962
"feature_sums[23,4,8]",1.84938953909578,0.0086844548486738,0.524201245541876,1.11343459975314,1.45537817950448,1.76052660985262,2.13811517526657,3.13659022878966,3643.43456321564,1.00011037699824
"feature_sums[23,5,1]",-3.4272836763855,0.00668243591609825,0.405981961809888,-3.93134937371513,-3.71668615172653,-3.51386926475418,-3.24479064402976,-2.37823014082952,3690.99851536612,1.00008232502962
"feature_sums[23,5,2]",-1.37263718143215,0.00364170932595338,0.219676171386743,-1.90115182071948,-1.50339888347111,-1.33905836854592,-1.20394667721333,-1.05099458543208,3638.77619716419,1.00010777967627
"feature_sums[23,5,3]",0,NA,0,0,0,0,0,0,NA,NA
"feature_sums[23,5,4]",-5.21105966608108,0.0188393563020508,1.1392219718483,-6.76698526540171,-6.05844803237857,-5.41741764313587,-4.61060059596798,-2.36940516130288,3656.66003531028,1.0001051164818
"feature_sums[23,5,5]",4.8867426028018,0.00900598419681924,0.543395212905203,4.11905723715794,4.47731105881884,4.79609198674636,5.1890844861897,6.21614465779922,3640.56890348084,1.00011131555036
"feature_sums[23,5,6]",7,NA,0,7,7,7,7,7,NA,NA
"feature_sums[23,5,7]",-1.04315577392953,0.000433999485715785,0.0263247882888763,-1.10834526724322,-1.05829332159904,-1.03869873367397,-1.02301961668421,-1.0056877142766,3679.18261608613,1.00009658399588
"feature_sums[23,5,8]",0,NA,0,0,0,0,0,0,NA,NA
"feature_sums[24,1,1]",-0.799855938746053,0.0122964361274256,0.769757929128515,-1.8544469864598,-1.36781170926339,-0.936709914117185,-0.400815093443189,1.17342128516764,3918.77046234487,1.00011319527207
"feature_sums[24,1,2]",0,NA,0,0,0,0,0,0,NA,NA
"feature_sums[24,1,3]",-1.23322447721749,0.00738361619401136,0.460305586522819,-1.90167942458861,-1.57963310622591,-1.30333779435554,-0.972538308039694,-0.0959085474873326,3886.4605547396,1.00010547384553
"feature_sums[24,1,4]",8.56466196492865,0.00511836694795304,0.321692926673641,7.69983992313525,8.42977149447656,8.63491719981862,8.78893662686255,8.95281865266716,3950.21002725852,1.00011856396978
"feature_sums[24,1,5]",0,NA,0,0,0,0,0,0,NA,NA
"feature_sums[24,1,6]",0.739142780100321,0.0177027241381662,1.10746000753188,-0.787086966697025,-0.0783445141619077,0.545715502317773,1.31697176486921,3.5652836056726,3913.59517916494,1.00011120028868
"feature_sums[24,1,7]",8,NA,0,8,8,8,8,8,NA,NA
"feature_sums[24,1,8]",-3.33688516099251,0.00703980630181084,0.441343568670429,-3.92185809701855,-3.65803692818995,-3.42068041060912,-3.12009666082865,-2.18761079112754,3930.35867709223,1.0001153434007
"feature_sums[24,2,1]",4.32679350232223,0.00727122026857356,0.45612482699625,3.13103244185234,4.10856236252395,4.41587741096956,4.6564128067887,4.92177593776192,3935.07325234213,1.00011621381437
"feature_sums[24,2,2]",1.70261142716185,0.00305051495436916,0.190851867955558,1.21422384790972,1.60455678564373,1.73633822574035,1.84277388123272,1.96365822915584,3914.23155014909,1.00011041073978
"feature_sums[24,2,3]",0,NA,0,0,0,0,0,0,NA,NA
"feature_sums[24,2,4]",2.44125148451723,0.00628657498319352,0.394821804255513,1.39166925493148,2.26378129340976,2.52309592949652,2.72188200262847,2.93725643169627,3944.33740115282,1.0001179815385
"feature_sums[24,2,5]",-1.74017803884771,0.00727711131469708,0.45432994761334,-2.87768099851204,-1.98973939053246,-1.66696188156554,-1.40063774215956,-1.09326914379886,3897.84614798891,1.0001079178169
"feature_sums[24,2,6]",-1.90325821442859,0.00113741487732289,0.0714873170385868,-1.98951525614826,-1.95309702819168,-1.91887048884858,-1.87328255432812,-1.7110755384745,3950.21002725854,1.00011856396978
"feature_sums[24,2,7]",-0.346010766224038,0.00635930359267237,0.396840613895472,-0.917107389259211,-0.644216208959622,-0.408351863015726,-0.123767447266116,0.641466121026399,3894.15387386523,1.00010790929881
"feature_sums[24,2,8]",0,NA,0,0,0,0,0,0,NA,NA
"feature_sums[24,3,1]",-4.75814553607147,0.00284353719330723,0.178718292596467,-4.97378814037065,-4.8827425704792,-4.79717622212146,-4.68320638582031,-4.27768884618625,3950.21002725855,1.00011856396978
"feature_sums[24,3,2]",2,NA,0,2,2,2,2,2,NA,NA
"feature_sums[24,3,3]",0.76099237693973,0.00224084727639781,0.139529383610043,0.422148024566532,0.678027839923673,0.780759963306509,0.867437486919216,0.968956852874665,3877.09849800236,1.00010607061824
"feature_sums[24,3,4]",-5.68162197645815,0.00406133327385538,0.255625263684148,-5.9683001528492,-5.85449519897638,-5.74259484031096,-5.58672247982498,-4.98027396786647,3961.59694575681,1.00012249467973
"feature_sums[24,3,5]",0,NA,0,0,0,0,0,0,NA,NA
"feature_sums[24,3,6]",0,NA,0,0,0,0,0,0,NA,NA
"feature_sums[24,3,7]",-0.682824925263194,0.00300460829710094,0.187030452900163,-0.958661617654194,-0.824131481065789,-0.70985955334922,-0.574593703505998,-0.226164625431709,3874.79674861753,1.0001023660227
"feature_sums[24,3,8]",-0.998356107936782,0.00056988908705856,0.0349470831061996,-1.10143147918496,-0.995295441219827,-0.987509018250269,-0.984191133583391,-0.98326928679607,3760.46182516877,1.00013309046915
"feature_sums[24,4,1]",0,NA,0,0,0,0,0,0,NA,NA
"feature_sums[24,4,2]",2.17037360790062,0.00123826859580986,0.0713146046526846,2.02858391781108,2.11785211066467,2.18014686123691,2.23118125532868,2.26678085848655,3316.86075938119,1.00000174231003
"feature_sums[24,4,3]",-7.11693039505698,0.0188991053823429,1.18131794172246,-8.76655375278615,-7.99303339357226,-7.31679436638684,-6.48797211854024,-4.12513771491553,3907.0692307057,1.0001096501263
"feature_sums[24,4,4]",0,NA,0,0,0,0,0,0,NA,NA
"feature_sums[24,4,5]",0.0681033851796277,0.00942834317511139,0.589810362340159,-1.43400769737076,-0.243340650028287,0.170164117221571,0.505208498480169,0.885736180645514,3913.39813190883,1.00011198380185
"feature_sums[24,4,6]",1.72062574225861,0.00314328749159676,0.197410902127757,1.19583462746574,1.63189064670488,1.76154796474826,1.86094100131423,1.96862821584814,3944.33740115282,1.0001179815385
"feature_sums[24,4,7]",3.32679350232223,0.00727122026857356,0.45612482699625,2.13103244185234,3.10856236252395,3.41587741096956,3.6564128067887,3.92177593776192,3935.07325234212,1.00011621381437
"feature_sums[24,4,8]",-7.61303285771436,0.00454965950929158,0.285949268154347,-7.95806102459303,-7.81238811276671,-7.67548195539433,-7.49313021731249,-6.844302153898,3950.21002725854,1.00011856396978
"feature_sums[24,5,1]",-0.622078611926977,0.00378676249333803,0.236756495415839,-0.953284271323109,-0.79814488563179,-0.662161862873267,-0.495249528767636,-0.0223265715109188,3909.01801199388,1.0001110272914
"feature_sums[24,5,2]",3.62750098967815,0.00419104998879567,0.263214536170342,2.92777950328765,3.50918752893984,3.68206395299768,3.81458800175231,3.95817095446418,3944.33740115283,1.0001179815385
"feature_sums[24,5,3]",1.66140375050006,0.00398095207063014,0.250205609635054,0.988764384660749,1.55648894014843,1.71604671097004,1.83583959867087,1.9633033965189,3950.21002725852,1.00011856396978
"feature_sums[24,5,4]",-2.85145583802202,0.00825402225275482,0.514764347973408,-4.12852765516772,-3.13982267182088,-2.77166353565717,-2.46515875502505,-2.10869639413305,3889.42722849555,1.00010581458749
"feature_sums[24,5,5]",4.74462026337132,0.0125994035882286,0.787545294481639,2.75009180994369,4.32531474569349,4.87786291092456,5.32868892904817,5.8443691685241,3907.06923070571,1.0001096501263
"feature_sums[24,5,6]",5.00790025028827,0.000578569833159771,0.0352417289136231,4.91727777497358,5.01005954412601,5.01702896436349,5.02040287411635,5.02143403181007,3710.24715818618,1.00008983415637
"feature_sums[24,5,7]",0,NA,0,0,0,0,0,0,NA,NA
"feature_sums[24,5,8]",0,NA,0,0,0,0,0,0,NA,NA
"feature_sums[25,1,1]",-4.33048372702968,0.00694691654208373,0.447751272824307,-4.91499312343201,-4.65879500717065,-4.41951974876581,-4.12033619613221,-3.17878835291655,4154.22002917615,0.999359250984855
"feature_sums[25,1,2]",-2.63246309432304,0.0135400415035132,0.869364748369947,-3.81926582086443,-3.28216794073653,-2.79131724858344,-2.19314221195875,-0.439727278122164,4122.5322438949,0.999338633288828
"feature_sums[25,1,3]",2.33004857051019,0.0124038543899206,0.791506006044807,1.18550107330777,1.72602744810546,2.20513214409796,2.76808887108767,4.25858206481073,4071.88131229373,0.999317626067599
"feature_sums[25,1,4]",0,NA,0,0,0,0,0,0,NA,NA
"feature_sums[25,1,5]",0,NA,0,0,0,0,0,0,NA,NA
"feature_sums[25,1,6]",2,NA,0,2,2,2,2,2,NA,NA
"feature_sums[25,1,7]",-2.24333234539584,0.00736996974155383,0.472504333902466,-2.89847569461736,-2.59846138064748,-2.32662393683045,-1.99863556331167,-1.06189113898609,4110.36305116464,0.999333349824712
"feature_sums[25,1,8]",-3.61130440759229,0.0131547141285796,0.841081987526377,-4.80870192387717,-4.24906099897615,-3.74969429291485,-3.15774067639746,-1.54237014896975,4088.02775085194,0.999325402375827
"feature_sums[25,2,1]",0,NA,0,0,0,0,0,0,NA,NA
"feature_sums[25,2,2]",-3.12293919519264,0.00115029401202094,0.0733060467866393,-3.30257714335588,-3.16398345000319,-3.11115807058528,-3.06660180239784,-3.01690373559435,4061.2701710699,0.999300816364949
"feature_sums[25,2,3]",-5.54192178304369,0.0141100314070729,0.904228261791874,-6.80277682785572,-6.2221054703203,-5.69866550812872,-5.07032490288294,-3.29041661644182,4106.76822214053,0.999334030218153
"feature_sums[25,2,4]",-0.921051339429522,0.000607119642962743,0.0331307700504182,-0.986454362393538,-0.943781900388535,-0.91526933837463,-0.893544828223062,-0.882106648200444,2977.93004573455,0.999444255855907
"feature_sums[25,2,5]",3.44464097462956,0.0059907736506367,0.38709057522366,2.43621196821325,3.27383271093753,3.52613257560736,3.72383336277982,3.9318003302016,4175.02781132848,0.99937703850841
"feature_sums[25,2,6]",3.46438698162374,0.00555753323366699,0.358201018259446,2.54303068233324,3.29626895690577,3.53561579901265,3.72703600573652,3.93199449874561,4154.22002917615,0.999359250984855
"feature_sums[25,2,7]",1.51767725541571,0.0145330530807633,0.932247453244787,-0.822428931778933,1.03918868767229,1.68457878566551,2.21710492327538,2.8024582459072,4114.79962573712,0.999334342423513
"feature_sums[25,2,8]",0,NA,0,0,0,0,0,0,NA,NA
"feature_sums[25,3,1]",7.44847924906594,0.0155281875378617,0.998077600311408,4.91999568463907,6.95332787817066,7.63453533695119,8.19056709305609,8.79656378957724,4131.30332749635,0.999345128805168
"feature_sums[25,3,2]",-3.8936700156064,0.00132366609087176,0.085979531341963,-3.98850363408913,-3.95181609033124,-3.91459085368719,-3.86360840574063,-3.66356961362176,4219.23058081423,0.999446141519026
"feature_sums[25,3,3]",-3.87078284073482,0.0075883321734393,0.47923085219599,-4.97506311934195,-4.16685132403838,-3.81186679832918,-3.49643077417913,-3.12870049999916,3988.38314264767,0.999291140728474
"feature_sums[25,3,4]",6.33362489490707,0.0161257501795119,1.03340372776214,3.76047613307637,5.79465703186622,6.51276058071854,7.11097768036606,7.77460208897797,4106.76822214052,0.999334030218153
"feature_sums[25,3,5]",-3.13390325459407,0.00138938330841675,0.0895502545648614,-3.36424232941669,-3.17593276077356,-3.11609605024684,-3.06824099856587,-3.0170013753136,4154.22002917615,0.999359250984855
"feature_sums[25,3,6]",-1.99616172556362,0.00956801099360811,0.612525795058563,-3.51621628357417,-2.32050483276687,-1.89159723865617,-1.53326626972373,-1.13523654062436,4098.31592952904,0.999327287017669
"feature_sums[25,3,7]",0,NA,0,0,0,0,0,0,NA,NA
"feature_sums[25,3,8]",0,NA,0,0,0,0,0,0,NA,NA
"feature_sums[25,4,1]",-1.31243211774861,0.00372237716586856,0.241489989397284,-1.95987485582047,-1.40452571236474,-1.25495756949732,-1.14430362009836,-1.03448541056193,4208.79249129208,0.999405949948676
"feature_sums[25,4,2]",0,NA,0,0,0,0,0,0,NA,NA
"feature_sums[25,4,3]",0,NA,0,0,0,0,0,0,NA,NA
"feature_sums[25,4,4]",-4.17239119454823,0.00172535417087353,0.110897511145712,-4.45333381281788,-4.22740801353659,-4.15171829589431,-4.08993698966044,-4.02260402338031,4131.30332749635,0.999345128805168
"feature_sums[25,4,5]",-6.78801801216796,0.00262076761177345,0.17020820691543,-6.97700763742115,-6.90365713648502,-6.82930998139888,-6.7276890454839,-6.332257467546,4217.97466885004,0.999439735526769
"feature_sums[25,4,6]",0.261930725098334,0.00741739772419147,0.476822598168261,-0.949882637907194,0.0261338796169595,0.351780154636684,0.616537317474266,0.903853535497833,4132.47777239324,0.99934270395681
"feature_sums[25,4,7]",1.81488032487652,0.00199692455021223,0.12903019174122,1.47873732273775,1.75794423697918,1.84204419186912,1.90794445425994,1.97726677673387,4175.02781132848,0.99937703850841
"feature_sums[25,4,8]",-2.37510933559015,0.00604715631731697,0.387526397910803,-2.91547578336674,-2.66661663013727,-2.44228521776945,-2.17299638694983,-1.41017854990364,4106.76822214052,0.999334030218153
"feature_sums[25,5,1]",-1.28785501441072,0.00274099569653193,0.175327426659641,-1.72060826302145,-1.3818337718257,-1.25858503283673,-1.15502496294413,-1.03941196758043,4091.50427956219,0.999325381808747
"feature_sums[25,5,2]",-2.59829023621781,0.00416814992525024,0.268650763694584,-2.9489958740592,-2.79527700430239,-2.65171184925948,-2.47220171767932,-1.90727301174993,4154.22002917615,0.999359250984855
"feature_sums[25,5,3]",0,NA,0,0,0,0,0,0,NA,NA
"feature_sums[25,5,4]",-1.20829688813662,0.00201571877243899,0.129175465970268,-1.52994048336545,-1.27566787101672,-1.18590492741018,-1.11112778995424,-1.02817473887775,4106.76822214052,0.999334030218153
"feature_sums[25,5,5]",4.75976676101233,0.00270282289213167,0.175020283806207,4.29932728420507,4.68767564496707,4.79849480344035,4.88357509176537,4.97150225877553,4193.16150607885,0.99939923703308
"feature_sums[25,5,6]",0,NA,0,0,0,0,0,0,NA,NA
"feature_sums[25,5,7]",-6.4678181876427,0.00598981583557495,0.38783016391845,-6.93724184581323,-6.742905606994,-6.55408169488667,-6.30744481893343,-5.44488977431645,4192.33740748029,0.999393101852764
"feature_sums[25,5,8]",0.810680683313336,0.00164898532151545,0.104134918832265,0.571042741982552,0.746266642903985,0.823444852386623,0.892049316083868,0.972019058318832,3988.03706632576,0.999291373697897
"feature_sums[26,1,1]",0,NA,0,0,0,0,0,0,NA,NA
"feature_sums[26,1,2]",0,NA,0,0,0,0,0,0,NA,NA
"feature_sums[26,1,3]",-3.4280598161175,0.00471776359481281,0.297840884968694,-4.20238620751901,-3.56485146354898,-3.36511216038436,-3.21576799310607,-3.05564370139963,3985.62356247046,1.00014284732905
"feature_sums[26,1,4]",-0.961112631355061,0.00150497009154334,0.0895056809323383,-1.15443390132251,-0.961676974343429,-0.940020585023992,-0.92947034469113,-0.926302012254289,3537.08472980259,0.999948936258519
"feature_sums[26,1,5]",-3.04875605666409,0.00945176424765104,0.592445786745348,-3.86506901538957,-3.48889681213735,-3.15422587078931,-2.73097024855997,-1.56584778915152,3928.90447087348,1.00010786083275
"feature_sums[26,1,6]",7.21277963043167,0.00910600662895598,0.575439773685578,5.71305798634965,6.96812271588072,7.33985874095395,7.61267508757791,7.90083736920283,3993.40933421789,1.00015620058836
"feature_sums[26,1,7]",7.72374461742078,0.0140249778618153,0.885206568563908,5.43138364207157,7.31612664547243,7.90931881273387,8.35436547948626,8.83318268609946,3983.68405183892,1.0001434295831
"feature_sums[26,1,8]",-5.00473825443742,0.000899282268729651,0.0543195956478434,-5.02143329649518,-5.02039359196156,-5.01685722043074,-5.00927046042911,-4.89547443962611,3648.5558278166,1.00002698367589
"feature_sums[26,2,1]",-5.91685942153367,0.0118419658130806,0.747307228828028,-6.85793493311345,-6.45061077976309,-6.07265262541352,-5.56994165923156,-3.98283311446333,3982.45393129688,1.00014184570083
"feature_sums[26,2,2]",-3.60638981521584,0.00455300331447799,0.287719886842789,-3.95041868460141,-3.80633754378896,-3.66992937047697,-3.48406135794036,-2.85652899317482,3993.40933421789,1.00015620058836
"feature_sums[26,2,3]",0,NA,0,0,0,0,0,0,NA,NA
"feature_sums[26,2,4]",-0.687409842604728,0.00320185354490689,0.201454568166758,-0.956942962985536,-0.835533819307368,-0.725694712213032,-0.584053418410748,-0.174906297975604,3958.688354706,1.00011944926581
"feature_sums[26,2,5]",-1.33844330001438,0.00290948218676848,0.175170345860618,-1.71048699933833,-1.46056920962209,-1.32197497748285,-1.20054885347323,-1.05464883395538,3624.84774657906,0.999977909827384
"feature_sums[26,2,6]",4.03849693627251,0.00180575083552858,0.111873916919928,3.990086732826,3.99216202993275,4.00097236277085,4.03703105897189,4.32695138209812,3838.32759839922,1.0001255763505
"feature_sums[26,2,7]",7,NA,0,7,7,7,7,7,NA,NA
"feature_sums[26,2,8]",0,NA,0,0,0,0,0,0,NA,NA
"feature_sums[26,3,1]",-4.23921719865232,0.00837663799741272,0.528799854785547,-4.9010702198481,-4.61633392915172,-4.35078226226139,-3.99580570312701,-2.86598553182878,3985.13611355299,1.00014334659975
"feature_sums[26,3,2]",4.64087490916697,0.00580240498944931,0.355779549537967,4.09766387974666,4.36442631775123,4.59352967223427,4.86815860220745,5.46273409883821,3759.63674904597,1.00002978714458
"feature_sums[26,3,3]",6.31118217662771,0.00796775580033649,0.503509801974881,4.99892573805594,6.09710737639563,6.4223763983347,6.66109070163068,6.91323269805247,3993.40933421789,1.00015620058836
"feature_sums[26,3,4]",-4.29096923190044,0.00779165436767517,0.491781426979949,-4.9073237144997,-4.64131415527015,-4.39406600707437,-4.06451480304024,-3.01743535670643,3983.6840518389,1.0001434295831
"feature_sums[26,3,5]",0,NA,0,0,0,0,0,0,NA,NA
"feature_sums[26,3,6]",0,NA,0,0,0,0,0,0,NA,NA
"feature_sums[26,3,7]",-1.59882113485829,0.00406634919828911,0.255718924422694,-1.9446256539833,-1.7883629432553,-1.64694809164154,-1.46482264924335,-0.947054619104716,3954.72597296389,1.00011165069731
"feature_sums[26,3,8]",0.123238165850563,0.00883608957268232,0.555245537145973,-1.27612163773728,-0.167796204930982,0.225182379271877,0.53328166674257,0.877196658974112,3948.6617572931,1.00011444030891
"feature_sums[26,4,1]",5.89297984042498,0.000905426130891156,0.0529670085352354,5.79892791154052,5.85274463398188,5.89484246488563,5.93396193459978,5.98255046510895,3422.19571167612,0.999831055559686
"feature_sums[26,4,2]",0,NA,0,0,0,0,0,0,NA,NA
"feature_sums[26,4,3]",0.892532705242346,0.00133304751616551,0.0843824808264389,0.668015450232474,0.859901268530833,0.912730357541818,0.949897698593478,0.987490630120348,4006.94442324882,1.00016614826177
"feature_sums[26,4,4]",-5.660225296068,0.00458438410746579,0.289940348078659,-5.96235308074578,-5.84772094156039,-5.73201953639544,-5.56313488930047,-4.89723560327952,3999.95693232358,1.00017637574851
"feature_sums[26,4,5]",-5.69214809704214,0.0037754997316139,0.238689382749587,-5.9626980605164,-5.85295121201485,-5.74711791543283,-5.59969215379688,-5.07038073760171,3996.84508208744,1.00016770416135
"feature_sums[26,4,6]",8,NA,0,8,8,8,8,8,NA,NA
"feature_sums[26,4,7]",0,NA,0,0,0,0,0,0,NA,NA
"feature_sums[26,4,8]",-1.24641025530682,0.0027625796038089,0.174610976719677,-1.70791041934407,-1.32547332707506,-1.20801669516465,-1.12175222800793,-1.03104318970387,3994.96962095601,1.00014281259432
"feature_sums[26,5,1]",8.11437708423563,0.0102442574575754,0.647369745396275,6.42719023464336,7.83913805536581,8.25734108357319,8.56425947352515,8.88844204035318,3993.40933421792,1.00015620058836
"feature_sums[26,5,2]",-1.01054639832686,0.000276831776320241,0.0173314553240459,-1.0571387883235,-1.01216594086326,-1.00502963751914,-1.00174306270581,-1.00011499176297,3919.56783554635,1.00014979609603
"feature_sums[26,5,3]",-2.43277538552035,0.00623332349414012,0.393425141583959,-2.92585897159976,-2.71305132421612,-2.5152528056595,-2.25161184243219,-1.41394828536514,3983.68405183892,1.0001434295831
"feature_sums[26,5,4]",0,NA,0,0,0,0,0,0,NA,NA
"feature_sums[26,5,5]",0,NA,0,0,0,0,0,0,NA,NA
"feature_sums[26,5,6]",-4.46566679023849,0.0154631567521941,0.971679690005453,-5.7850941532047,-5.1832429167995,-4.64406916372578,-3.95635664137078,-2.01678713395976,3948.66175729309,1.00011444030891
"feature_sums[26,5,7]",-4.61341011883362,0.00389221938342384,0.244226288401898,-4.94488832143468,-4.79209137690831,-4.6569962866846,-4.48670701899342,-4.00728885459125,3937.22465952616,1.00012004351734
"feature_sums[26,5,8]",6.54440476844701,0.0152826261103199,0.962780751945874,4.07987901697023,6.06934177617425,6.73419079247402,7.24410275190604,7.80290389228641,3968.79641727678,1.00012946097761
"feature_sums[27,1,1]",-3.08367227110957,0.00956492872498736,0.583969216032414,-3.85906335262252,-3.52311358154333,-3.19612994619785,-2.78775970313494,-1.66542399986851,3727.48952297894,0.999633945418553
"feature_sums[27,1,2]",-8,NA,0,-8,-8,-8,-8,-8,NA,NA
"feature_sums[27,1,3]",0.55331017882853,0.0157912586206717,0.967520320776129,-1.8208012922966,0.0977656557561493,0.752622062512916,1.26584935176864,1.78462136467374,3753.93456399495,0.999630004589053
"feature_sums[27,1,4]",-4.25021856873446,0.00845682903655205,0.519021984996246,-4.89190242920534,-4.62816860061191,-4.36255746956156,-4.01688114427445,-2.96242354752735,3766.65988344777,0.999638397812971
"feature_sums[27,1,5]",0,NA,0,0,0,0,0,0,NA,NA
"feature_sums[27,1,6]",3.07313447004999,0.0103441233759359,0.63446241553996,1.50278573545229,2.78345944444734,3.20851430668845,3.53705317292163,3.86503660418197,3762.04873333006,0.999636855190696
"feature_sums[27,1,7]",-6.64672200640343,0.00438386869316711,0.270769252549919,-6.95242383707459,-6.83385119791558,-6.71053527918818,-6.54342765244832,-5.97341251990995,3814.90403023027,0.99964947437392
"feature_sums[27,1,8]",0,NA,0,0,0,0,0,0,NA,NA
"feature_sums[27,2,1]",-6,NA,0,-6,-6,-6,-6,-6,NA,NA
"feature_sums[27,2,2]",-2.5594132010419,0.0156644019475737,0.953527489049472,-4.84025219523744,-3.07161493317431,-2.3892016935564,-1.83095402826349,-1.24752950490337,3705.43157858559,0.999636897588766
"feature_sums[27,2,3]",0,NA,0,0,0,0,0,0,NA,NA
"feature_sums[27,2,4]",2.84859514560147,0.00187880086850019,0.116043965378537,2.56003393710427,2.80432613676357,2.87594369108065,2.92879337053525,2.97961021588911,3814.90403023026,0.99964947437392
"feature_sums[27,2,5]",0.488664945163138,0.00475627746436603,0.28756053910255,-0.169632357627394,0.315323551398833,0.530248322845197,0.714335829038918,0.913566274094395,3655.30999943323,0.999655073166108
"feature_sums[27,2,6]",0,NA,0,0,0,0,0,0,NA,NA
"feature_sums[27,2,7]",0.956657104080038,0.000452187710046536,0.0276268885180201,0.890051785509244,0.942728917510166,0.961926466062902,0.977364464792721,0.993295164809823,3732.72883227365,0.999621566983261
"feature_sums[27,2,8]",-4.84385989531639,0.0123376004497059,0.75451596613449,-5.82521927208152,-5.40613904844012,-4.99456720861615,-4.47465873468026,-2.99936231398498,3740.03326703787,0.999632692590625
"feature_sums[27,3,1]",1.63545161802617,0.00345334006124216,0.208773154758656,1.1521743633332,1.51071312339376,1.66775129366365,1.79968845283241,1.93993428204588,3654.85889114055,0.999690318274265
"feature_sums[27,3,2]",5,NA,0,5,5,5,5,5,NA,NA
"feature_sums[27,3,3]",-1.80621269753213,0.00228411373004112,0.140620977340317,-1.97290600861935,-1.90618457939919,-1.83801158105262,-1.74761001812864,-1.45639420429372,3790.22310975728,0.999640796145168
"feature_sums[27,3,4]",0,NA,0,0,0,0,0,0,NA,NA
"feature_sums[27,3,5]",0,NA,0,0,0,0,0,0,NA,NA
"feature_sums[27,3,6]",-1.41983450491863,0.00573082689753997,0.348433990480891,-1.90649688910308,-1.68740376960861,-1.47959440618074,-1.22826262621325,-0.593939856744637,3696.63395505143,0.999635856474384
"feature_sums[27,3,7]",2.17994128482304,0.00148100232597506,0.080241779323578,2.034099772901,2.12068402246258,2.18683694153253,2.24644907936238,2.28870612878277,2935.55093047057,1.00047871752123
"feature_sums[27,3,8]",-1.57098528976429,0.00595799192359554,0.363492619610632,-2.45858169623397,-1.75654640256141,-1.50052311189079,-1.29627476509135,-1.0873419810563,3722.12860288864,0.99964532545687
"feature_sums[27,4,1]",0,NA,0,0,0,0,0,0,NA,NA
"feature_sums[27,4,2]",-2.95192185379496,0.0109361222693927,0.667593594282008,-3.83890422100223,-3.45471014269759,-3.0805499835984,-2.61306151542686,-1.32938016238995,3726.46981270435,0.999635674660479
"feature_sums[27,4,3]",-1.86233911951098,0.00209987924354305,0.130422500841415,-1.98586123001738,-1.94613588113938,-1.89869216667108,-1.82587814962883,-1.52714442874406,3857.5930050758,0.999732201955518
"feature_sums[27,4,4]",1.0552861229448,0.00917567020232585,0.556664359542751,-0.258388377676614,0.738975749607003,1.14734569984439,1.48709222244102,1.84643117114896,3680.53745739622,0.999653634547048
"feature_sums[27,4,5]",2.31120701120721,0.00330513468142279,0.201984452248526,2.04706960184017,2.16001852615874,2.27100831938649,2.41116299374757,2.80577276610638,3734.71580201401,0.999638112985946
"feature_sums[27,4,6]",-4.30121838385704,0.00786152500786913,0.482522835703739,-4.89874241539852,-4.65235063263964,-4.40501484271876,-4.08405704250972,-3.10701564248107,3767.23005558767,0.999635534526523
"feature_sums[27,4,7]",-6.64672200640343,0.00438386869316711,0.270769252549919,-6.95242383707459,-6.83385119791558,-6.71053527918818,-6.54342765244832,-5.97341251990995,3814.90403023027,0.99964947437392
"feature_sums[27,4,8]",0,NA,0,0,0,0,0,0,NA,NA
"feature_sums[27,5,1]",9,NA,0,9,9,9,9,9,NA,NA
"feature_sums[27,5,2]",0,NA,0,0,0,0,0,0,NA,NA
"feature_sums[27,5,3]",-1.63476200955351,0.0040090047377136,0.245628420369684,-1.94608792369947,-1.81569592671252,-1.68600029312238,-1.51963561587913,-1.02921830969113,3753.91203500105,0.999635197260521
"feature_sums[27,5,4]",7.59625372160392,0.00501013564933384,0.309450574342765,6.82675716561138,7.47820303136951,7.66918317621506,7.81011565476066,7.94562724237096,3814.90403023027,0.99964947437392
"feature_sums[27,5,5]",-2.06589022893808,0.0198203626229591,1.20821006939394,-3.69837863960948,-2.98269825101215,-2.29105247546944,-1.43521282806689,0.852339547478365,3715.88025285954,0.999637801502686
"feature_sums[27,5,6]",-2.11212741025807,0.00895286943576356,0.545163433910858,-2.85947316490028,-2.52793493756464,-2.21022256814118,-1.82105948358412,-0.806125914234058,3707.90787106529,0.999635985300074
"feature_sums[27,5,7]",0,NA,0,0,0,0,0,0,NA,NA
"feature_sums[27,5,8]",-0.184778549837444,0.0198291244662368,1.2146914963857,-1.73062064077963,-1.08057489492069,-0.436013376665698,0.388008008268589,2.80248998640992,3752.53632259618,0.999633035382287
"feature_sums[28,1,1]",-5.95974812432859,0.00125823021356638,0.0728194309198259,-5.99957000405107,-5.99337933876886,-5.9807245080965,-5.95501997896805,-5.78651361824088,3349.45650141798,1.00054300103167
"feature_sums[28,1,2]",0,NA,0,0,0,0,0,0,NA,NA
"feature_sums[28,1,3]",7.12460424179476,0.0197890898907298,1.16717740371207,4.2383278892882,6.51708662997514,7.31442687361827,7.98388105640536,8.73330637212942,3478.74103171376,1.00021817601643
"feature_sums[28,1,4]",-3.95397435066117,0.00904329350180127,0.528327498706055,-5.18067917930827,-4.27844825240591,-3.89257434626084,-3.54928754642877,-3.14716352326436,3413.13274231643,1.00016429266502
"feature_sums[28,1,5]",0,NA,0,0,0,0,0,0,NA,NA
"feature_sums[28,1,6]",4.53647890552753,0.00554306375430753,0.328340467134739,3.69956635138039,4.39434748011645,4.60198418138363,4.76605032581089,4.94019940263731,3508.72293783803,1.00026764539807
"feature_sums[28,1,7]",-1.92735785293669,0.000649347237337219,0.0374356012461958,-1.98858866803352,-1.95653519753362,-1.93014519591432,-1.90145867374545,-1.84936955337619,3323.65265733771,1.00006527565377
"feature_sums[28,1,8]",-1.34500629033689,0.0037794745618141,0.223391021414499,-1.9050567029842,-1.45517680525856,-1.30573932754344,-1.18278114334484,-1.04755438850219,3493.56296076244,1.00022595446203
"feature_sums[28,2,1]",0,NA,0,0,0,0,0,0,NA,NA
"feature_sums[28,2,2]",-0.849632658813392,0.00142573303831923,0.0831934667510665,-0.976506536951854,-0.912845798311656,-0.859098403769125,-0.79924919993294,-0.657121181372268,3404.88162051994,1.00023317851246
"feature_sums[28,2,3]",6.61424263382838,0.00632429977039595,0.372509138824664,6.08878973798847,6.33701335801947,6.55685504276606,6.81575611383876,7.5279762965331,3469.35682265114,1.00020068022127
"feature_sums[28,2,4]",0,NA,0,0,0,0,0,0,NA,NA
"feature_sums[28,2,5]",-0.471182622100326,0.00541006482677904,0.318491010582215,-0.923098220155923,-0.708644136612447,-0.519395996067826,-0.297401416564342,0.307588265718104,3465.68765599938,1.00020017120404
"feature_sums[28,2,6]",-5.54378623498608,0.0158089188015519,0.934102413800357,-6.79800134785292,-6.22483530609221,-5.70542673091627,-5.0767435829091,-3.20688060775692,3491.27976270857,1.00022011033714
"feature_sums[28,2,7]",-4.53647890552753,0.00554306375430753,0.328340467134739,-4.94019940263731,-4.76605032581089,-4.60198418138363,-4.39434748011645,-3.69956635138039,3508.72293783803,1.00026764539807
"feature_sums[28,2,8]",8,NA,0,8,8,8,8,8,NA,NA
"feature_sums[28,3,1]",7,NA,0,7,7,7,7,7,NA,NA
"feature_sums[28,3,2]",0,NA,0,0,0,0,0,0,NA,NA
"feature_sums[28,3,3]",0,NA,0,0,0,0,0,0,NA,NA
"feature_sums[28,3,4]",-2.72188734331652,0.00332583825258453,0.197004280280843,-2.96411964158239,-2.85963019548653,-2.76119050883018,-2.63660848806987,-2.21973981082824,3508.72293783802,1.00026764539807
"feature_sums[28,3,5]",-1.44922622691859,0.00458269077308457,0.269869122388242,-2.11102397800383,-1.59775559408555,-1.40834439293254,-1.2471861588297,-1.06511853672243,3467.88978856841,1.00017717296053
"feature_sums[28,3,6]",3.97700587106422,0.010042526733213,0.59123922297756,3.14195222554724,3.53765455206111,3.88680856836355,4.29668049617164,5.42248402577542,3466.0951618934,1.00021269752082
"feature_sums[28,3,7]",-1.26123618503402,0.00720021782942794,0.42191221765296,-1.88803650937971,-1.580629940063,-1.31586719689613,-1.0142680368701,-0.259000922236166,3433.62555629568,1.00019871657991
"feature_sums[28,3,8]",3.03441906029968,0.010761651831716,0.63672093709957,1.42723088481282,2.72790436094258,3.15017035063795,3.49415954453272,3.86901236993301,3500.58306182074,1.00022431700723
"feature_sums[28,4,1]",0.0617143273123875,0.0107130771534921,0.634157986691465,-1.54477886689581,-0.232539509824771,0.181028068820591,0.514498212967687,0.874794989728602,3504.01912222183,1.00024179632529
"feature_sums[28,4,2]",-1.38575736617162,0.00632429977039596,0.372509138824664,-1.91121026201153,-1.66298664198053,-1.44314495723394,-1.18424388616124,-0.472023703466898,3469.35682265113,1.00020068022127
"feature_sums[28,4,3]",-4.53647890552753,0.00554306375430753,0.328340467134739,-4.94019940263731,-4.76605032581089,-4.60198418138363,-4.39434748011645,-3.69956635138039,3508.72293783803,1.00026764539807
"feature_sums[28,4,4]",1.5832453870655,0.00439757553127329,0.25937275638046,0.941850642064044,1.44824147332781,1.62542819413739,1.7741957903123,1.94073474936209,3478.74103171375,1.00021817601643
"feature_sums[28,4,5]",1.7505155275732,0.00783463027122846,0.462189202263028,1.10674511317083,1.40730913078811,1.67624034863592,1.99638027070083,2.89606272074963,3480.18698023197,1.00018404847509
"feature_sums[28,4,6]",0,NA,0,0,0,0,0,0,NA,NA
"feature_sums[28,4,7]",0,NA,0,0,0,0,0,0,NA,NA
"feature_sums[28,4,8]",-2.92173707153582,0.000748084308496633,0.0437494457504315,-2.98828344395764,-2.95546803985561,-2.92712347174165,-2.89459583329856,-2.81978863322883,3420.14107516511,1.00004690518429
"feature_sums[28,5,1]",-5.02156067817369,0.0106021754593415,0.626107190832533,-5.86347493071703,-5.47734122596505,-5.12885773207845,-4.70852419765398,-3.46091370562928,3487.44533501389,1.00023220698199
"feature_sums[28,5,2]",3.51610116970459,0.00561042865956305,0.331623928715384,3.07133072347495,3.27411957615286,3.45834893900825,3.68183355879663,4.34779832668025,3493.81279772634,1.00021207223424
"feature_sums[28,5,3]",1.19262908300415,0.00242772429037865,0.143751049364146,1.02399219222556,1.09470090228799,1.16250740972347,1.25007841314526,1.55927154237166,3506.0920988863,1.00030555271839
"feature_sums[28,5,4]",-5.54135885472926,0.0153915143594565,0.907804647331611,-6.79257162276733,-6.20968526609306,-5.68899867948088,-5.06884515664733,-3.29647724722415,3478.74103171375,1.00021817601643
"feature_sums[28,5,5]",0,NA,0,0,0,0,0,0,NA,NA
"feature_sums[28,5,6]",3.64010077648815,0.0146127028506913,0.863064287841605,1.48651637894275,3.20178278948173,3.786680435778,4.27218575723621,4.8099974439657,3488.39123977581,1.00021336701629
"feature_sums[28,5,7]",5.44377468663303,0.00665167650516906,0.394008560561687,4.43947962165647,5.27321697613974,5.52238101766035,5.71926039097307,5.92823928316478,3508.72293783802,1.00026764539807
"feature_sums[28,5,8]",0,NA,0,0,0,0,0,0,NA,NA
"feature_sums[29,1,1]",4.68127218747644,0.0135355856737185,0.824250535161712,2.71716210540519,4.22734994888725,4.81834939511031,5.31008032164931,5.83305796920802,3708.2104327133,0.999464498433249
"feature_sums[29,1,2]",2.2815795675785,0.00713161047699545,0.430216283978822,1.27899127957857,2.03106395414906,2.3455169208302,2.61402507283748,2.9056811836393,3639.1374632862,0.999450310683279
"feature_sums[29,1,3]",0,NA,0,0,0,0,0,0,NA,NA
"feature_sums[29,1,4]",6.35885394124727,0.0173753364897115,1.06621824439454,3.77544530540522,5.80105159458534,6.55162021244003,7.16210883317579,7.79910587007442,3765.52704768439,0.999478195548346
"feature_sums[29,1,5]",-6.23695803664449,0.00194157974441981,0.109664430622806,-6.41171223409224,-6.32782066078483,-6.23999232377241,-6.14892816496063,-6.03796600289943,3190.22350932984,0.999359131634815
"feature_sums[29,1,6]",-7.58990838144904,0.0049225116479274,0.304449598974441,-7.95497822893038,-7.80692406005332,-7.65666056890108,-7.45887581712304,-6.82783116397311,3825.22783846806,0.999537723243528
"feature_sums[29,1,7]",2.60621097654478,0.00451555788252115,0.278691256615453,1.91370514633243,2.47717678045534,2.66402819217634,2.80925395540281,2.95510491392228,3809.11303353332,0.999514475707335
"feature_sums[29,1,8]",0,NA,0,0,0,0,0,0,NA,NA
"feature_sums[29,2,1]",0.560532891981682,0.0155164802956673,0.954468928118369,-1.76909702700788,0.0751630084460033,0.739747554585093,1.2742533574378,1.82677207681236,3783.87831262159,0.99948642175204
"feature_sums[29,2,2]",-1.21319710682335,0.00266886687534976,0.165339614664634,-1.62902140919311,-1.27971257310463,-1.17535352718709,-1.09770291764809,-1.02257422803076,3837.95624625553,0.999557695942117
"feature_sums[29,2,3]",0.568000100234375,0.0155421299611178,0.936616181219476,-0.794608724881653,-0.158196422420652,0.429136476235618,1.11785089379216,2.75208800586533,3631.63539899113,0.99944375228514
"feature_sums[29,2,4]",3.27060175166545,0.00772237177320511,0.473874775286461,2.12242013573565,3.02268959759348,3.35627564997335,3.62760392585591,3.91071372003308,3765.52704768439,0.999478195548346
"feature_sums[29,2,5]",-1.80310548827239,0.00225777894126057,0.139345628307727,-1.97755245696114,-1.90462697770141,-1.83201409608817,-1.73858839022767,-1.45685257316621,3809.11303353332,0.999514475707335
"feature_sums[29,2,6]",0,NA,0,0,0,0,0,0,NA,NA
"feature_sums[29,2,7]",0,NA,0,0,0,0,0,0,NA,NA
"feature_sums[29,2,8]",-2.73197714089843,0.0125676338108559,0.757587688119596,-3.83352859703274,-3.31847105089208,-2.84405218805372,-2.28855151247836,-0.967260320851313,3633.78125576679,0.999447125759929
"feature_sums[29,3,1]",0,NA,0,0,0,0,0,0,NA,NA
"feature_sums[29,3,2]",0,NA,0,0,0,0,0,0,NA,NA
"feature_sums[29,3,3]",-1.26876549336377,0.0183403998653191,1.12570115573952,-2.78797534094049,-2.11603286566448,-1.47239921560763,-0.681201392281192,1.45837919168879,3767.28627802662,0.999479576626943
"feature_sums[29,3,4]",7,NA,0,7,7,7,7,7,NA,NA
"feature_sums[29,3,5]",7.35885394124727,0.0173753364897115,1.06621824439454,4.77544530540522,6.80105159458534,7.55162021244003,8.16210883317579,8.79910587007442,3765.52704768439,0.999478195548345
"feature_sums[29,3,6]",4.46906025646474,0.0043221158159933,0.252872948268772,4.06627291612503,4.26687051228711,4.44442763882754,4.64064251786487,5.0109780952585,3423.03976175906,0.999396967784712
"feature_sums[29,3,7]",3.08214466076806,0.000780414747947553,0.0460776350506257,3.01109708652753,3.0453566157998,3.07662532868066,3.1123785137276,3.18439232003671,3486.01639694468,0.999383337171402
"feature_sums[29,3,8]",-2.29682714781318,0.00261375971491471,0.15010969419005,-2.58918721912495,-2.40800207488007,-2.28839838262742,-2.17531168575001,-2.04404530046357,3298.26966386891,0.999374754029372
"feature_sums[29,4,1]",-1.41067043581099,0.00582658783682851,0.351024860364984,-1.92234424917494,-1.68247639579341,-1.46207374513696,-1.20466035129377,-0.594741969669532,3629.50295823693,0.999447350847807
"feature_sums[29,4,2]",-4.50776372068097,0.00564444735315143,0.348364070769317,-4.94388114240285,-4.76156744425352,-4.58003524022042,-4.34647097556917,-3.64213143291553,3809.11303353332,0.999514475707335
"feature_sums[29,4,3]",-2.37165354518694,0.0181318697200929,1.11738387011039,-3.8095745132497,-3.19620653478454,-2.59359028759921,-1.8304284329332,0.384296027474127,3797.6909166508,0.99950080532544
"feature_sums[29,4,4]",3.04788176092739,0.000502254364606735,0.0305730280737192,3.0056262995003,3.02402338787154,3.04229860038301,3.0652306745653,3.12209995289654,3705.35200000484,0.999397081844623
"feature_sums[29,4,5]",0,NA,0,0,0,0,0,0,NA,NA
"feature_sums[29,4,6]",4.31872781252356,0.0135355856737185,0.824250535161712,3.16694203079198,3.68991967835069,4.18165060488969,4.77265005111275,6.28283789459482,3708.2104327133,0.999464498433249
"feature_sums[29,4,7]",6.64116983376791,0.00430719769193648,0.266393399102636,5.97435226847647,6.52651633998266,6.69957799778845,6.83105855254665,6.96060595031408,3825.22783846806,0.999537723243528
"feature_sums[29,4,8]",0,NA,0,0,0,0,0,0,NA,NA
"feature_sums[29,5,1]",2.2603918338467,0.00207198475720727,0.115902221373396,2.04323056297156,2.16755344848085,2.26670600554842,2.35867478567597,2.43705457375433,3129.03489987749,0.999382448596756
"feature_sums[29,5,2]",4.74369273840565,0.00307656977995463,0.190280999359026,4.26739447748319,4.6617973857019,4.78541285556318,4.87932753753332,4.97186139308149,3825.22783846806,0.999537723243528
"feature_sums[29,5,3]",0,NA,0,0,0,0,0,0,NA,NA
"feature_sums[29,5,4]",0,NA,0,0,0,0,0,0,NA,NA
"feature_sums[29,5,5]",-3.27060175166545,0.00772237177320511,0.473874775286461,-3.91071372003308,-3.62760392585591,-3.35627564997335,-3.02268959759348,-2.12242013573565,3765.52704768439,0.999478195548346
"feature_sums[29,5,6]",-3.54872569909624,0.00635212984209723,0.392186848431112,-4.52715102867402,-3.72823745805895,-3.46602622167221,-3.26363494900851,-3.06180867783036,3811.95107808771,0.999515735310907
"feature_sums[29,5,7]",2.15300920322281,0.0098478076937191,0.608197868808706,0.637952196981836,1.87756255638491,2.28145514382768,2.59320847063754,2.9045187639649,3814.26330334957,0.999521684673054
"feature_sums[29,5,8]",-0.0521677539053481,0.00916874419784338,0.54805498316426,-0.872576926525941,-0.481212775486646,-0.125365339364191,0.283856896981212,1.20053526319259,3572.9632486989,0.999431886674911
"feature_sums[30,1,1]",0.331278437569384,0.00642737921350381,0.390545019168218,-0.587030639630899,0.102463330604905,0.387796355208568,0.632899401674479,0.897753574983499,3692.10768204955,1.0002495265705
"feature_sums[30,1,2]",0,NA,0,0,0,0,0,0,NA,NA
"feature_sums[30,1,3]",-5,NA,0,-5,-5,-5,-5,-5,NA,NA
"feature_sums[30,1,4]",3.18102956552525,0.00827745191735538,0.50334813268568,1.9719381999781,2.90595605903643,3.26358607975479,3.56269553195793,3.87931743537347,3697.80146589275,1.00029231864616
"feature_sums[30,1,5]",5.57038364551706,0.0148642439499751,0.903621588919682,3.37485084736175,5.09370158600861,5.72780082214245,6.24962441079447,6.79432453992819,3695.62203662071,1.00030691192029
"feature_sums[30,1,6]",-2.97931964809553,0.0098109157150056,0.596669860474991,-4.41048264160798,-3.31022157424743,-2.88297322980804,-2.5246255413511,-2.14481636348371,3698.7000433111,1.00027900013453
"feature_sums[30,1,7]",0,NA,0,0,0,0,0,0,NA,NA
"feature_sums[30,1,8]",0.699952165656722,0.00318331789760736,0.19343340602029,0.226364649360734,0.600430431824508,0.734984327404259,0.844453821862112,0.957577043021937,3692.35063552236,1.0003160026195
"feature_sums[30,2,1]",8.57651593773247,0.00508618405057725,0.306496544550106,7.81284416493316,8.44283534713637,8.64110983581845,8.79399577063929,8.94502533191464,3631.34090644368,1.00040147764377
"feature_sums[30,2,2]",-0.383955069923603,0.0160127063309201,0.97372488355254,-1.75886009364909,-1.12860410641397,-0.537071065424591,0.163798794203784,1.94056245524779,3697.7969454052,1.00027161168246
"feature_sums[30,2,3]",-0.710056418456446,0.00253769417959904,0.152058368470714,-0.952172884008155,-0.831268816092698,-0.724004058706403,-0.607008601005739,-0.38170383141007,3590.39380203126,1.00013264063785
"feature_sums[30,2,4]",0.474459461685252,0.00573953751144847,0.348292206791378,-0.383263677909195,0.302154752695306,0.540307943448181,0.731566805635198,0.927147266818773,3682.4233591158,1.00033844143991
"feature_sums[30,2,5]",-0.501827495221309,0.00465980344078737,0.282782244303405,-0.921999527398064,-0.721802609312219,-0.539174656245308,-0.330290321100232,0.151813572118181,3682.72320585043,1.00023327748367
"feature_sums[30,2,6]",0,NA,0,0,0,0,0,0,NA,NA
"feature_sums[30,2,7]",0,NA,0,0,0,0,0,0,NA,NA
"feature_sums[30,2,8]",7.27412763229307,0.008291311437936,0.501756917015454,6.0286947749028,7.04014505727067,7.37469424284315,7.63796164601314,7.90256574733874,3662.18500116421,1.0003674642079
"feature_sums[30,3,1]",0,NA,0,0,0,0,0,0,NA,NA
"feature_sums[30,3,2]",1.22788801663508,0.00255189008802168,0.154860274274416,1.03050122203031,1.11376970321023,1.19699402938871,1.30276411039234,1.61524331295225,3682.61330713226,1.00032730206084
"feature_sums[30,3,3]",5.71767729182165,0.00339078936705159,0.204331029700071,5.20856277662211,5.62855689809092,5.76073989054563,5.86266384709286,5.96335022127643,3631.34090644349,1.00040147764377
"feature_sums[30,3,4]",-3,NA,0,-3,-3,-3,-3,-3,NA,NA
"feature_sums[30,3,5]",-2.56297192619531,0.00474629248567173,0.288145959923511,-2.93929014176901,-2.7763442857759,-2.6171222114139,-2.41918153642933,-1.85349669977157,3685.66683004254,1.00033175525319
"feature_sums[30,3,6]",3.12064092333514,0.00101440883029748,0.0548058768588117,3.02247558011571,3.07909144424786,3.12453249087504,3.1653857019124,3.1993025927555,2918.96050687922,0.999904428888115
"feature_sums[30,3,7]",-1.80617642565612,0.00181501036466906,0.109995451725625,-1.96994196959412,-1.89228026384846,-1.82084465819117,-1.73862575994611,-1.55059378875611,3672.74889157492,1.00020392745697
"feature_sums[30,3,8]",0,NA,0,0,0,0,0,0,NA,NA
"feature_sums[30,4,1]",6.67062350712526,0.00395592092822679,0.238386201316749,6.07665657272579,6.5666497144394,6.72086320563657,6.839774488275,6.9572419248225,3631.3409064436,1.00040147764377
"feature_sums[30,4,2]",-2.38577217414394,0.00620808893801656,0.37751109951426,-2.9094880765301,-2.67202164896845,-2.44768955981609,-2.17946704427732,-1.47895364998357,3697.80146589272,1.00029231864616
"feature_sums[30,4,3]",1.05820248356995,0.000481800288289598,0.0258140018826744,1.01110381259569,1.03906129754622,1.06065680229282,1.07961218772076,1.0932479053442,2870.62566740504,0.99988241724337
"feature_sums[30,4,4]",0,NA,0,0,0,0,0,0,NA,NA
"feature_sums[30,4,5]",0,NA,0,0,0,0,0,0,NA,NA
"feature_sums[30,4,6]",3.88231269965314,0.0125494068478568,0.760247099224384,2.001761055862,3.51988184348236,4.03132512080884,4.4371246967278,4.84796282505066,3669.97533129058,1.00035834934243
"feature_sums[30,4,7]",-2.20237858781423,0.00330120143905602,0.193673876389918,-2.69667202821792,-2.25930385484782,-2.15115853661755,-2.07931479720367,-2.01910161077403,3441.89833815182,1.00049356360401
"feature_sums[30,4,8]",4.02990687737177,0.000947404141652542,0.0489144211581185,3.94281582200503,4.02710293563156,4.040578485361,4.04771743255647,4.04998070418827,2665.65094079143,1.0005319122616
"feature_sums[30,5,1]",-2.89184177276558,0.00210495332948661,0.122597217158997,-2.99308038626209,-2.96608008681465,-2.92773060542685,-2.8633231285186,-2.57320343184188,3392.15963551842,1.00049390626983
"feature_sums[30,5,2]",-3.47445946168525,0.00573953751144846,0.348292206791378,-3.92714726681877,-3.7315668056352,-3.54030794344818,-3.30215475269531,-2.6167363220908,3682.42335911581,1.00033844143991
"feature_sums[30,5,3]",0,NA,0,0,0,0,0,0,NA,NA
"feature_sums[30,5,4]",-0.705400398220913,0.0175689954112125,1.06808875722484,-3.28834760944978,-1.27452250020974,-0.523214019362936,0.0989527981813114,0.752267667155599,3695.90524690494,1.00030582836681
"feature_sums[30,5,5]",-7.09410756939278,0.00113026312235049,0.0681103432333569,-7.26381240779263,-7.12381436730303,-7.07975336981812,-7.04577871763571,-7.01221659290786,3631.34090644373,1.00040147764377
"feature_sums[30,5,6]",0,NA,0,0,0,0,0,0,NA,NA
"feature_sums[30,5,7]",2.7277978621099,0.00310924178922601,0.188158843880795,2.26076054058855,2.6400543964765,2.76551034106618,2.86423561725493,2.96346215525203,3662.18500116418,1.0003674642079
"feature_sums[30,5,8]",-3.0782916201423,0.00953818023868792,0.579907758723505,-3.86695522425475,-3.51500917974155,-3.17845167136767,-2.77040584644008,-1.67117136750538,3696.46662154875,1.00030315562306
"feature_sums[31,1,1]",-3.91247780218715,0.0113411761985462,0.694401785707926,-4.86212092732774,-4.43183070027212,-4.04464860278277,-3.54496843555741,-2.20139896310382,3748.91386715775,0.999827930072377
"feature_sums[31,1,2]",0.0244694824269165,0.0104127934704131,0.637670079238439,-0.867791260221303,-0.457371565807553,-0.0913428061960757,0.375307361497643,1.57859444453878,3750.22711738494,0.999855774002218
"feature_sums[31,1,3]",4.42521775414618,0.00379290371459337,0.232391841791702,4.0602327369535,4.24214906179434,4.39679593753629,4.58042881415279,4.93074460677822,3754.03329260239,1.0000206581426
"feature_sums[31,1,4]",0,NA,0,0,0,0,0,0,NA,NA
"feature_sums[31,1,5]",0,NA,0,0,0,0,0,0,NA,NA
"feature_sums[31,1,6]",-6.37557477803742,0.0176310911787806,1.07939658325878,-7.80090049653811,-7.17208801009908,-6.59575840722435,-5.83528147076744,-3.6690175891175,3748.03549600427,0.999792535060791
"feature_sums[31,1,7]",-1.70747934659314,0.00347251343064036,0.212465647156959,-1.96663116961507,-1.85868641272471,-1.7560403493423,-1.61443711771124,-1.16079095368542,3743.60115574486,0.999717127021907
"feature_sums[31,1,8]",5.1563659009764,0.00955898919430186,0.585070404954866,3.66765519019506,4.88131315237762,5.28320819883164,5.58109152470415,5.90017239677011,3746.21173124403,0.999755631693859
"feature_sums[31,2,1]",2.50957058567875,0.00466408121837219,0.285650663448502,2.07120326942525,2.28665074436549,2.47073124997045,2.69211711622951,3.15692984352191,3750.92400502153,0.999975860557606
"feature_sums[31,2,2]",0,NA,0,0,0,0,0,0,NA,NA
"feature_sums[31,2,3]",0,NA,0,0,0,0,0,0,NA,NA
"feature_sums[31,2,4]",1.13604656016668,0.00146858252759306,0.0899354716675758,1.01660665721908,1.06923636435939,1.11766963844527,1.1817359250276,1.36236279603469,3750.29403837584,0.999805535990621
"feature_sums[31,2,5]",-2,NA,0,-2,-2,-2,-2,-2,NA,NA
"feature_sums[31,2,6]",-0.679213144818782,0.00262760584396473,0.160718011476649,-0.951010649894832,-0.807106417852282,-0.689882862857976,-0.559547221058013,-0.373138407602955,3741.18050430272,1.00012951812343
"feature_sums[31,2,7]",2.40578775568161,0.00652928218576305,0.399724491299839,1.39787645031368,2.20894918749223,2.48902243284719,2.69969156185523,2.92802623674503,3747.9228274556,0.999783209275918
"feature_sums[31,2,8]",2.45852492601247,0.00587703039292687,0.359798861086261,1.5563391963725,2.27842715692248,2.53191946907478,2.72402933669969,2.93363349884604,3748.03549600427,0.999792535060791
"feature_sums[31,3,1]",2.20768840440426,0.00959172997975535,0.586772869041359,0.693419137280655,1.95857769455651,2.34426870731915,2.62145925213198,2.91092314273878,3742.36515901285,0.999701120824406
"feature_sums[31,3,2]",1.62668760159915,0.00370359175448488,0.226747263440833,1.08350637139785,1.49850460019077,1.66537656582646,1.7986684692707,1.95054756165552,3748.33062856511,0.999872722587291
"feature_sums[31,3,3]",-6.0157602178058,0.0111521540600188,0.682582139114011,-6.88353446289846,-6.51127344548817,-6.16374289863692,-5.69486534444056,-4.27893105522757,3746.21173124403,0.999755631693859
"feature_sums[31,3,4]",0,NA,0,0,0,0,0,0,NA,NA
"feature_sums[31,3,5]",1.49096562440807,0.00515948703750998,0.315922237310482,0.723559706234721,1.31702331049761,1.5477725695097,1.7294450024179,1.93394107596483,3749.2753910958,0.999854998791422
"feature_sums[31,3,6]",-8,NA,0,-8,-8,-8,-8,-8,NA,NA
"feature_sums[31,3,7]",0,NA,0,0,0,0,0,0,NA,NA
"feature_sums[31,3,8]",4.05620620940738,0.000505724485576253,0.0307713119615468,4.00748421182979,4.0388936575147,4.06056441764387,4.07855333032312,4.08838728091477,3702.23569486653,1.00009765198712
"feature_sums[31,4,1]",0,NA,0,0,0,0,0,0,NA,NA
"feature_sums[31,4,2]",-2.45852492601247,0.00587703039292687,0.359798861086261,-2.93363349884604,-2.72402933669969,-2.53191946907478,-2.27842715692248,-1.5563391963725,3748.03549600427,0.999792535060791
"feature_sums[31,4,3]",3.79681521783269,0.00253778506980341,0.155209769824633,3.39473392075886,3.73412166558074,3.833912083388,3.90465459839387,3.977691906698,3740.48944563321,0.999677020406756
"feature_sums[31,4,4]",3.85430254305057,0.00771780843801048,0.472687703827708,3.12043781874211,3.48399377431614,3.79323513406758,4.16252544334845,4.90708340056803,3751.11708657209,0.999994244282196
"feature_sums[31,4,5]",1.16108590774092,0.00150371814362502,0.0921563499245599,1.02196699899839,1.0891767716535,1.14755261630038,1.21904012228194,1.37257827237053,3755.93139116648,0.999965371583145
"feature_sums[31,4,6]",0,NA,0,0,0,0,0,0,NA,NA
"feature_sums[31,4,7]",0.281510590488089,0.0240199712440993,1.47066991677847,-1.71302698257042,-0.814958457135077,-0.00335723352722006,1.04962334618567,3.92142246266139,3748.74113154137,0.999819239572926
"feature_sums[31,4,8]",3.8436340990236,0.00955898919430185,0.585070404954866,3.09982760322989,3.41890847529585,3.71679180116836,4.11868684762238,5.33234480980494,3746.21173124403,0.999755631693859
"feature_sums[31,5,1]",-3.91247780218715,0.0113411761985462,0.694401785707926,-4.86212092732774,-4.43183070027212,-4.04464860278277,-3.54496843555741,-2.20139896310382,3748.91386715775,0.999827930072377
"feature_sums[31,5,2]",2.70747934659314,0.00347251343064035,0.212465647156959,2.16079095368542,2.61443711771124,2.7560403493423,2.85868641272471,2.96663116961507,3743.60115574487,0.999717127021907
"feature_sums[31,5,3]",4.7219667653167,0.0078360405239025,0.479731814781681,4.08848866820528,4.36796088440041,4.62410737456696,4.96209712410336,5.92488107150333,3748.03549600427,0.999792535060791
"feature_sums[31,5,4]",-2.03414513589405,0.00965020307314026,0.590948668351811,-2.87345986235235,-2.48277829116756,-2.13733302938417,-1.70155815907643,-0.608862701405429,3749.95979716155,0.999871324917039
"feature_sums[31,5,5]",1.21941861636233,0.00860827754747902,0.527007740590446,-0.112338217447535,0.961037355322568,1.32990240224495,1.60663239023959,1.90584272966367,3748.01625820634,0.999781141468354
"feature_sums[31,5,6]",1.3555733687928,0.00444112387215596,0.271617097193108,1.03903916327849,1.16685445281073,1.29065385407101,1.46528708523371,2.05921563867199,3740.48944563321,0.999677020406756
"feature_sums[31,5,7]",0,NA,0,0,0,0,0,0,NA,NA
"feature_sums[31,5,8]",0,NA,0,0,0,0,0,0,NA,NA
"feature_sums[32,1,1]",7.7380380804033,0.0145431339472525,0.877732697226889,5.45427999658675,7.33677853030061,7.9333575682168,8.36510017189134,8.84794000682353,3642.5753611521,1.00088890133355
"feature_sums[32,1,2]",0,NA,0,0,0,0,0,0,NA,NA
"feature_sums[32,1,3]",0,NA,0,0,0,0,0,0,NA,NA
"feature_sums[32,1,4]",7.22212505201313,0.00935409431650063,0.566566489915327,5.72910259963152,6.98122958235201,7.35472321471396,7.61919481043294,7.90963470601259,3668.58240940083,1.00092368603447
"feature_sums[32,1,5]",-5.17999988117166,0.00199446148004918,0.119935998616635,-5.48714661566892,-5.23847552300892,-5.15481322468893,-5.09293547471043,-5.02246373053102,3616.16139143278,1.00085314049656
"feature_sums[32,1,6]",-3.74352987186472,0.00210080291466707,0.115496033832914,-3.95831366634975,-3.83287008273838,-3.74094109543607,-3.64690163388695,-3.5626764665254,3022.48057775067,1.00005582458281
"feature_sums[32,1,7]",-3.00618471025028,0.0101009566384094,0.601411896578059,-3.86604336024681,-3.4568429007235,-3.11207691657906,-2.6692636807516,-1.54015635486422,3545.02266193106,1.0007552578001
"feature_sums[32,1,8]",-3.92674169116704,0.00124121130953947,0.076235250664303,-3.99414437695455,-3.97248297181838,-3.94892524258693,-3.90927229012595,-3.71839295969533,3772.42154953481,1.00104262986959
"feature_sums[32,2,1]",0,NA,0,0,0,0,0,0,NA,NA
"feature_sums[32,2,2]",2.17819310698276,0.0019324474907792,0.115801457146154,2.02246300476821,2.09287988754801,2.15453681760133,2.23735264062324,2.47316720071863,3590.97717417,1.00081318294997
"feature_sums[32,2,3]",-1.11768374434134,0.00111436150779208,0.065350351510966,-1.26267042228278,-1.15993411437478,-1.10862153980392,-1.06711823455174,-1.01670380349637,3439.0908705644,1.00058167307034
"feature_sums[32,2,4]",0,NA,0,0,0,0,0,0,NA,NA
"feature_sums[32,2,5]",3.13232454415316,0.00926983851974946,0.555381395270665,1.73600720598247,2.84554085484947,3.24153606479715,3.54085155088486,3.8879985256205,3589.53602903589,1.00081715228715
"feature_sums[32,2,6]",0.43123458882166,0.0173358949419377,1.04233040248637,-2.23383724035822,-0.0784710727613041,0.648956936028706,1.18812942415782,1.80352075163357,3615.08304162384,1.00085197605019
"feature_sums[32,2,7]",-1.86521346049242,0.0011540720175682,0.0640725262220291,-1.97963517100964,-1.91469108410907,-1.86585309659058,-1.81328654679748,-1.76020558287126,3082.32105623277,1.00002182588252
"feature_sums[32,2,8]",-2.46000035648502,0.00598338444014755,0.359807995849905,-2.93260880840694,-2.72119357586871,-2.53556032593322,-2.28457343097323,-1.53856015299326,3616.16139143278,1.00085314049656
"feature_sums[32,3,1]",2.04243991653323,0.00979203991607675,0.583518281484931,0.613888167541879,1.71890603807519,2.14675141640978,2.47866791543012,2.87157963902541,3551.0973934954,1.00076380623527
"feature_sums[32,3,2]",-1.64000023765668,0.00398892296009837,0.23987199723327,-1.95507253893796,-1.81412905057914,-1.69037355062215,-1.52304895398215,-1.02570676866217,3616.16139143278,1.00085314049656
"feature_sums[32,3,3]",5,NA,0,5,5,5,5,5,NA,NA
"feature_sums[32,3,4]",4.68576264777997,0.00407593348711208,0.248104631276693,4.02111598165802,4.59309282223463,4.74812691956797,4.85377186311868,4.9659212634537,3705.23335998264,1.00097045223423
"feature_sums[32,3,5]",-1.10989645013451,0.00145383470590975,0.088483190652659,-1.35046049451898,-1.1424405012234,-1.08688916270574,-1.0498108842148,-1.01142252895144,3704.17490427929,1.00096941673159
"feature_sums[32,3,6]",0,NA,0,0,0,0,0,0,NA,NA
"feature_sums[32,3,7]",0,NA,0,0,0,0,0,0,NA,NA
"feature_sums[32,3,8]",2.88678105627543,0.0112250223072155,0.667219618976504,1.26801846002705,2.50642166859932,3.00210888475821,3.38921421867578,3.84930838555822,3533.15906607585,1.00073577260362
"feature_sums[32,4,1]",-5.36188345680468,0.0173798203901341,1.04042166682269,-6.78729271298942,-6.12930375046559,-5.56373172775506,-4.81842801190494,-2.755876587011,3583.67162233191,1.00080898874888
"feature_sums[32,4,2]",3.43144108368813,0.0147810167054456,0.881672204809275,2.19001972446724,2.77375389475982,3.2698622918833,3.9138744108415,5.60548120086676,3557.99786884625,1.00077212140312
"feature_sums[32,4,3]",-0.24282011033073,0.00826887694878206,0.496311387594919,-0.904577989242792,-0.605949927322571,-0.344860000376092,0.00591909416905723,1.02163329051023,3602.59483183282,1.00083312196083
"feature_sums[32,4,4]",-4.2989100446685,0.00807951885958475,0.48762927623716,-4.91552222601307,-4.64727787327297,-4.40742087123155,-4.07598807238923,-3.03015555365931,3642.57536115209,1.00088890133355
"feature_sums[32,4,5]",0,NA,0,0,0,0,0,0,NA,NA
"feature_sums[32,4,6]",-0.737234606155038,0.00282560764154609,0.169355615658209,-0.966368200686384,-0.861729699275021,-0.7710331487829,-0.650395256188154,-0.309568943708231,3592.32392861845,1.00081986722977
"feature_sums[32,4,7]",4,NA,0,4,4,4,4,4,NA,NA
"feature_sums[32,4,8]",0,NA,0,0,0,0,0,0,NA,NA
"feature_sums[32,5,1]",-2.72110382435524,0.00322110813129511,0.194555747230346,-2.96623988401601,-2.85940896305035,-2.76425652014853,-2.63309287669956,-2.21612942614703,3648.19060595839,1.0008975933368
"feature_sums[32,5,2]",1.18216589947515,0.00912182674230901,0.548714410995156,-0.229246726976814,0.916624795282323,1.29893897249288,1.58018760070721,1.89881878591268,3618.50431133019,1.00085527820146
"feature_sums[32,5,3]",3,NA,0,3,3,3,3,3,NA,NA
"feature_sums[32,5,4]",0.596046259679963,0.0036285494973694,0.209190470447465,0.16823289692278,0.448821594714943,0.616680246606903,0.759268979477248,0.939067789264608,3323.66841358404,1.00047862790768
"feature_sums[32,5,5]",-1.780684491803,0.00784124730205592,0.465801021968754,-2.90748660535361,-2.0480300519786,-1.70101434048117,-1.42939255792347,-1.10601861868262,3528.82865892684,1.00072935674925
"feature_sums[32,5,6]",0,NA,0,0,0,0,0,0,NA,NA
"feature_sums[32,5,7]",0,NA,0,0,0,0,0,0,NA,NA
"feature_sums[32,5,8]",-3.28000047531336,0.00797784592019673,0.47974399446654,-3.91014507787591,-3.62825810115828,-3.38074710124429,-3.04609790796431,-2.05141353732434,3616.16139143278,1.00085314049656
"feature_sums[33,1,1]",0,NA,0,0,0,0,0,0,NA,NA
"feature_sums[33,1,2]",0,NA,0,0,0,0,0,0,NA,NA
"feature_sums[33,1,3]",-7,NA,0,-7,-7,-7,-7,-7,NA,NA
"feature_sums[33,1,4]",2.50165634715873,0.00510717378962751,0.319954380602351,1.718629625553,2.33214174334594,2.55667370372447,2.73894796813221,2.93646229095538,3924.77575646465,0.999519373240477
"feature_sums[33,1,5]",1.96152920742747,0.00037698657320429,0.0235375549419452,1.90617344236955,1.94860467285832,1.96500507193093,1.97893754946038,1.99474701246041,3898.26113723361,0.999524020140559
"feature_sums[33,1,6]",-3.15602368245698,0.00200280240682846,0.126764250578131,-3.48044945061633,-3.20424808827677,-3.12647657640447,-3.07048887574041,-3.01618233279497,4006.05933274873,0.999516837350673
"feature_sums[33,1,7]",3.40581522832721,0.00344844875452944,0.203515638582053,3.06260488997559,3.244882037865,3.39528222336527,3.55515385490965,3.81117794204493,3482.95626255643,0.999597977150509
"feature_sums[33,1,8]",-0.978288228947066,0.0098809733337041,0.615930726363712,-1.8629280557244,-1.44463950506641,-1.06971778382213,-0.623751895828444,0.489579944056213,3885.6554248087,0.999528707500662
"feature_sums[33,2,1]",-1.38149751711201,0.00588806332721444,0.366458709701109,-1.91576264973933,-1.66019095360484,-1.4331883678598,-1.16605653473912,-0.51653553739739,3873.51419375574,0.999531751612275
"feature_sums[33,2,2]",0.636912496597035,0.0035995386119229,0.22488462106809,0.0936632684851102,0.511678654990376,0.672759219442281,0.805960400156774,0.95244612102233,3903.24525616872,0.999524295824016
"feature_sums[33,2,3]",-2.96686189240852,0.000287079698215036,0.0161812679712611,-2.99491883178792,-2.97967189823856,-2.9671154074668,-2.95440219706665,-2.93828213586735,3177.02138540085,0.999705804808249
"feature_sums[33,2,4]",0,NA,0,0,0,0,0,0,NA,NA
"feature_sums[33,2,5]",1.66777089810582,0.00340478252641834,0.213302920401567,1.145753083702,1.55476116223063,1.70444913581631,1.82596531208814,1.95764152730359,3924.77575646466,0.999519373240477
"feature_sums[33,2,6]",2.68249899198826,0.00633857007219756,0.393345932127638,2.09465619441743,2.38029105165126,2.63154660797879,2.92314990904341,3.59795395608162,3850.93984674055,0.99953914511467
"feature_sums[33,2,7]",0,NA,0,0,0,0,0,0,NA,NA
"feature_sums[33,2,8]",-6,NA,0,-6,-6,-6,-6,-6,NA,NA
"feature_sums[33,3,1]",-6.91758891416618,0.00143244266145534,0.0908865651926342,-6.99432197297546,-6.97151171141898,-6.94286073249509,-6.89609931052502,-6.68417492292881,4025.73226058817,0.999548074336147
"feature_sums[33,3,2]",-5.59300431791261,0.0139602177059093,0.872303394073402,-6.81517491700834,-6.24706750884043,-5.73179438321321,-5.10963819767315,-3.48878606870595,3904.36798043407,0.99952390432343
"feature_sums[33,3,3]",-2.82001545213519,0.0221490747973713,1.38669405724128,-4.71961378468445,-3.85106775711709,-3.0536953377982,-2.07700826772798,0.560304907937468,3919.67563396724,0.99952048881292
"feature_sums[33,3,4]",3.9700951485031,0.000257406214032483,0.0143707011511835,3.95023053751207,3.95863571722964,3.96899588126241,3.98039583699573,3.99532547653332,3116.86406619294,0.999900745276126
"feature_sums[33,3,5]",0,NA,0,0,0,0,0,0,NA,NA
"feature_sums[33,3,6]",0,NA,0,0,0,0,0,0,NA,NA
"feature_sums[33,3,7]",4.55545496077509,0.00489692815394896,0.308204597939256,3.78443040861898,4.40845942783458,4.61580049208316,4.77750629508711,4.94676855014914,3961.2364112584,0.999513772296703
"feature_sums[33,3,8]",-3.55924023611676,0.00480084812119479,0.30197181377551,-3.94679734037253,-3.77803493618852,-3.61745181876868,-3.4126089078242,-2.80515593965458,3956.36982857633,0.999514068338184
"feature_sums[33,4,1]",-0.205996298932047,0.0119659008907794,0.747688623491488,-2.00961194110918,-0.620310116280155,-0.0870333858172456,0.3546292932918,0.841578500292861,3904.36798043407,0.99952390432343
"feature_sums[33,4,2]",-3.81571547212089,0.00211426679007953,0.133325744836212,-3.97865044456847,-3.90998978822539,-3.84324883036062,-3.7559379878914,-3.47996800294703,3976.56843501327,0.999513407959602
"feature_sums[33,4,3]",-6.96934817896344,0.010935670564913,0.686760613666715,-7.87258515690149,-7.47200033103554,-7.09586793944665,-6.62316009340643,-5.26787869780877,3943.84576783187,0.999515884345602
"feature_sums[33,4,4]",0.326311869263246,0.00619062478727677,0.383716791621246,-0.558861013364957,0.088671533659354,0.373772378460572,0.621576930388464,0.905455634346753,3841.95827962709,0.999541024571857
"feature_sums[33,4,5]",0,NA,0,0,0,0,0,0,NA,NA
"feature_sums[33,4,6]",0,NA,0,0,0,0,0,0,NA,NA
"feature_sums[33,4,7]",0.50812285934788,0.0049616587573319,0.310446461464132,-0.247566213946438,0.339587526588375,0.559745070197113,0.739960697941665,0.93651926644657,3914.89072398743,0.999521579237647
"feature_sums[33,4,8]",-3.17781801568996,0.00195877126157957,0.123281839175702,-3.48622783655241,-3.23661622886617,-3.15367980316674,-3.08899748196515,-3.02129257994034,3961.23641125844,0.999513772296703
"feature_sums[33,5,1]",5.00331269431746,0.010214347579255,0.639908761204702,3.437259251106,4.66428348669189,5.11334740744894,5.47789593626441,5.87292458191076,3924.77575646465,0.999519373240477
"feature_sums[33,5,2]",-3.35252991753469,0.00339329136513253,0.211413826759694,-3.85516493502448,-3.47519157168713,-3.32157005470522,-3.1921042706328,-3.04744114115267,3881.72237370673,0.999529706963715
"feature_sums[33,5,3]",0,NA,0,0,0,0,0,0,NA,NA
"feature_sums[33,5,4]",6.67750207621155,0.0036999668826392,0.233320053463371,6.0899440051573,6.57289147880995,6.72568545313109,6.84248212939443,6.96263827799481,3976.56843501323,0.999513407959602
"feature_sums[33,5,5]",-0.0753423861745719,0.00914343235183309,0.571128297345108,-0.878516695215046,-0.504832724148687,-0.165715316114448,0.243571478571007,1.30232578958141,3901.65482007175,0.999524760316194
"feature_sums[33,5,6]",-0.574819866223939,0.00404163403752377,0.251492064979105,-0.942081830086774,-0.766312128611055,-0.610163110258113,-0.426461170726089,0.0185781340021823,3871.99333344443,0.999532337015513
"feature_sums[33,5,7]",-2.17781801568996,0.00195877126157959,0.123281839175702,-2.48622783655241,-2.23661622886617,-2.15367980316674,-2.08899748196515,-2.02129257994034,3961.23641125839,0.999513772296703
"feature_sums[33,5,8]",0,NA,0,0,0,0,0,0,NA,NA
"feature_sums[34,1,1]",5.53064259242689,0.0142770875984603,0.894598774336648,3.42565666385514,5.00256985731767,5.65804221678093,6.21041356180119,6.80369172022231,3926.24457455117,0.999336819919348
"feature_sums[34,1,2]",-0.541410060588809,0.00491029337683472,0.312244485727224,-0.944175797814825,-0.769565255934868,-0.598056975748721,-0.381334399543671,0.2202673187414,4043.66038356866,0.999306866422328
"feature_sums[34,1,3]",0,NA,0,0,0,0,0,0,NA,NA
"feature_sums[34,1,4]",-0.043747189804121,0.00969846834385841,0.601713423981392,-1.42301024793454,-0.424114629901216,0.0280505085915066,0.421414771142403,0.854529958306951,3849.22321059455,0.9993553214039
"feature_sums[34,1,5]",2.04088095063531,0.000957208809997943,0.0626058313445347,2.00041226553199,2.00703404070053,2.02142599461174,2.05082303942467,2.19809046951042,4277.75787615346,0.999234447959969
"feature_sums[34,1,6]",3.3725334053211,0.00632738350905708,0.398818146405646,2.41779629953297,3.14906440752885,3.43592116668018,3.67155730336082,3.91919497432626,3972.84393299986,0.999325475710312
"feature_sums[34,1,7]",-4.78414738813403,0.00239242159301048,0.152818611057075,-4.97455485093592,-4.89404078393336,-4.8135535118697,-4.70977751865838,-4.40869376302573,4080.15882860932,0.999296995226564
"feature_sums[34,1,8]",0,NA,0,0,0,0,0,0,NA,NA
"feature_sums[34,2,1]",0,NA,0,0,0,0,0,0,NA,NA
"feature_sums[34,2,2]",-2.81231178588525,0.0113676613052781,0.710281501093059,-3.83910879413728,-3.35523884316114,-2.9083485745524,-2.38343641657276,-1.15387649128918,3904.08043453324,0.999342692008928
"feature_sums[34,2,3]",3.39403820997855,0.00398569592215553,0.251276655844384,3.05052851376042,3.20568821532563,3.35373719439716,3.53445004139623,3.99673616031267,3974.62319340724,0.999325551366399
"feature_sums[34,2,4]",2.29046816067067,0.00680470087921997,0.424965025757264,1.29549475073638,2.03326317959039,2.34846572032486,2.61595186980139,2.90439247338629,3900.21277448137,0.999345367912823
"feature_sums[34,2,5]",-0.576204553916227,0.00387978824855191,0.239965724448014,-0.939908943463462,-0.762275193609849,-0.602734118896299,-0.421694387449369,-0.0325858821177552,3825.44868490869,0.999358962521947
"feature_sums[34,2,6]",0,NA,0,0,0,0,0,0,NA,NA
"feature_sums[34,2,7]",-8.61146529864125,0.00430635886741888,0.275073499902734,-8.95419873168466,-8.80927341108005,-8.66439632136546,-8.47759953358509,-7.93564877344632,4080.1588286093,0.999296995226564
"feature_sums[34,2,8]",-5.27178801736434,0.00756302342531626,0.478790467666184,-5.90886284063671,-5.62657341600452,-5.35351039163706,-5.01467064265586,-4.1131167546986,4007.74517205216,0.999316684105898
"feature_sums[34,3,1]",6.37144870804594,0.0159012828974255,0.997182961953606,4.01923235333519,5.78684656718993,6.51573378415139,7.12787262597016,7.78346482850193,3932.65067116852,0.999335260346805
"feature_sums[34,3,2]",4.35533146052862,0.00666827909594795,0.421889321912715,3.33565352594579,4.12739047164284,4.4266984951285,4.66850800817198,4.91901500203742,4002.85196986151,0.999317987688789
"feature_sums[34,3,3]",3.31086859485618,0.00277360598166953,0.169502142639,3.04502774292012,3.17749959321624,3.29522157014639,3.42631934625655,3.6862179186584,3734.74413783997,0.999381471990205
"feature_sums[34,3,4]",4.78414738813403,0.00239242159301048,0.152818611057075,4.40869376302573,4.70977751865838,4.8135535118697,4.89404078393336,4.97455485093592,4080.15882860932,0.999296995226564
"feature_sums[34,3,5]",-2,NA,0,-2,-2,-2,-2,-2,NA,NA
"feature_sums[34,3,6]",-1.45716154576053,0.00416921685633214,0.257580723855871,-2.03889701697793,-1.62400207685474,-1.42929665270042,-1.25717657291895,-1.0650772815513,3816.96122992981,0.999360665222784
"feature_sums[34,3,7]",0,NA,0,0,0,0,0,0,NA,NA
"feature_sums[34,3,8]",0,NA,0,0,0,0,0,0,NA,NA
"feature_sums[34,4,1]",-0.765155674402391,0.00235940859851072,0.148579766959204,-0.969698377959956,-0.876852720505402,-0.788571238232372,-0.681273248731509,-0.409688150207279,3965.6376585766,0.999327974853839
"feature_sums[34,4,2]",8,NA,0,8,8,8,8,8,NA,NA
"feature_sums[34,4,3]",0,NA,0,0,0,0,0,0,NA,NA
"feature_sums[34,4,4]",0,NA,0,0,0,0,0,0,NA,NA
"feature_sums[34,4,5]",6.69780634338764,0.00334939023021468,0.213946055479904,6.17217126823603,6.59368852612174,6.73897491661758,6.85165709750671,6.96437679131029,4080.1588286093,0.999296995226564
"feature_sums[34,4,6]",-1.29946658776042,0.00666110841437783,0.415678681363809,-1.90451907703616,-1.61799157305944,-1.35431191084097,-1.04600767485147,-0.332441192679325,3894.23807851388,0.999345272918385
"feature_sums[34,4,7]",-1.10763636624924,0.0188177290122009,1.18358717126254,-2.75285505432339,-1.99952375159829,-1.28862935038691,-0.4314447991838,1.70847467176276,3956.08922722564,0.999329494055409
"feature_sums[34,4,8]",-1.87551910950357,0.0112006686783191,0.704407888128214,-2.8536575639369,-2.40672780153754,-1.98391376116073,-1.4730218469421,-0.196601017529165,3955.12778718992,0.999330544416385
"feature_sums[34,5,1]",4.78414738813403,0.00239242159301048,0.152818611057075,4.40869376302573,4.70977751865838,4.8135535118697,4.89404078393336,4.97455485093592,4080.15882860932,0.999296995226564
"feature_sums[34,5,2]",0,NA,0,0,0,0,0,0,NA,NA
"feature_sums[34,5,3]",2.03271901075027,0.000491020500404898,0.029843482956904,1.98125205154838,2.02699546538263,2.04035453275404,2.04692075247942,2.04913223156798,3694.02444643764,0.999381337689352
"feature_sums[34,5,4]",9,NA,0,9,9,9,9,9,NA,NA
"feature_sums[34,5,5]",0,NA,0,0,0,0,0,0,NA,NA
"feature_sums[34,5,6]",-1.47327879327785,0.00510184836313139,0.319397680939228,-1.92952710801581,-1.71654119071713,-1.51833194172331,-1.28345817240183,-0.722475844367334,3919.29924872406,0.999339205585748
"feature_sums[34,5,7]",0.422020075686358,0.0144419059953722,0.911310786089563,-0.818085625851078,-0.259245422386719,0.274533873622524,0.927310842916266,2.60948094342842,3981.84172791234,0.999323124989866
"feature_sums[34,5,8]",-0.287834732151493,0.00687612670862745,0.430245680985551,-0.904390900529848,-0.615840268977357,-0.347868361440717,-0.031061373680084,0.721902602369868,3915.1219731706,0.999340247184771
"feature_sums[35,1,1]",0,NA,0,0,0,0,0,0,NA,NA
"feature_sums[35,1,2]",-1.41841689621681,0.00433803193071023,0.284387334546505,-2.11702334967139,-1.55298799303803,-1.36377006071142,-1.21327663447454,-1.05327135030302,4297.68927715068,1.00046624158859
"feature_sums[35,1,3]",6.33450423858088,0.00710788263222703,0.465668478223516,5.18707602541331,6.12351779935169,6.4273483348027,6.66596805924467,6.91699593858261,4292.13314729419,1.00047385868919
"feature_sums[35,1,4]",6.90099488465673,0.0112130448294279,0.73521334126643,5.10301506132931,6.54552376193679,7.03867127898401,7.43426040835899,7.85812997769206,4299.12073151017,1.00046158510251
"feature_sums[35,1,5]",-1.4596364924771,0.00418289775633416,0.274382423456683,-2.10771094988695,-1.61548781369693,-1.41880765033526,-1.25188712796165,-1.06456665063471,4302.86853181189,1.00041437562458
"feature_sums[35,1,6]",-1.42703957882093,0.00515277046719705,0.337321146005206,-1.91801219900445,-1.68227198235814,-1.47483127016123,-1.23344251369809,-0.639653843603103,4285.53987323806,1.00040904403942
"feature_sums[35,1,7]",-0.819329336484786,0.00131093426390394,0.0785285277755897,-0.968542773065818,-0.876430743179641,-0.810322937137859,-0.753396015692064,-0.711155729246643,3588.33582926869,0.999913065635675
"feature_sums[35,1,8]",0,NA,0,0,0,0,0,0,NA,NA
"feature_sums[35,2,1]",7.60467381567629,0.00444032660211994,0.290559094647257,6.88655900013552,7.48240926782356,7.66578943282259,7.80679150995074,7.952427662217,4281.9255980644,1.00048414036835
"feature_sums[35,2,2]",3.84105457043747,0.00820397720537674,0.538294514662624,3.11203143731344,3.44324855054687,3.74728424396557,4.11869503564467,5.14566705614005,4305.17707037848,1.00044619243742
"feature_sums[35,2,3]",-2.33404418359807,0.00653395142279598,0.428650764540506,-2.91154256326133,-2.64985605147986,-2.40934947331184,-2.11498468987744,-1.29482677935549,4303.83291490196,1.00044842572638
"feature_sums[35,2,4]",3.06941295106999,0.00075582723883627,0.045969065165968,3.00758229168895,3.05377478873317,3.07985740713821,3.09560456219697,3.10230721572503,3699.0164748565,0.999866722439461
"feature_sums[35,2,5]",-0.00680443173105219,0.00947902394272102,0.621818381829879,-0.864706737753138,-0.468493556936632,-0.109726380259471,0.322260764458163,1.48378465300071,4303.28264510302,1.00043807949932
"feature_sums[35,2,6]",0,NA,0,0,0,0,0,0,NA,NA
"feature_sums[35,2,7]",0,NA,0,0,0,0,0,0,NA,NA
"feature_sums[35,2,8]",-1.64664232116029,0.00345736777239817,0.226788446652074,-1.95285031912546,-1.81367878287878,-1.68615537258943,-1.5305089893464,-1.09819421259887,4302.79538281241,1.00044763049696
"feature_sums[35,3,1]",2.85175268087861,0.00166512247579498,0.108959660492721,2.58245962505082,2.80590347543383,2.87467103730847,2.92754681623153,2.98216037333138,4281.92559806439,1.00048414036835
"feature_sums[35,3,2]",0,NA,0,0,0,0,0,0,NA,NA
"feature_sums[35,3,3]",-3.94345251766326,0.00849113568782456,0.555987431555232,-5.242791550397,-4.26255797317903,-3.86433662159523,-3.52256239804451,-3.13473334538144,4287.44326867499,1.00040916609686
"feature_sums[35,3,4]",-3.45049744232837,0.00560652241471393,0.367606670633215,-3.92906498884603,-3.71713020417949,-3.51933563949201,-3.2727618809684,-2.55150753066465,4299.12073151017,1.00046158510251
"feature_sums[35,3,5]",-4.02775678956039,0.000910404829069659,0.0565326793389262,-4.04998371896106,-4.04781736392577,-4.04073836060117,-4.02610609950378,-3.92361221546279,3855.93791694114,1.00020712801912
"feature_sums[35,3,6]",0.968358483779344,0.0102959685476637,0.675201402138365,-0.672054843452001,0.632175948799822,1.09005946878204,1.46174377342848,1.86428617114502,4300.63174725587,1.00045468085673
"feature_sums[35,3,7]",0,NA,0,0,0,0,0,0,NA,NA
"feature_sums[35,3,8]",-2.63731766779602,0.00515601956732343,0.334388869130011,-3.35472889551339,-2.86289040566281,-2.60873455542099,-2.37596255575102,-2.09894884899876,4206.0507776804,1.00032083295633
"feature_sums[35,4,1]",-3.83493382149431,0.00720378181849032,0.470538936449169,-4.91133660635161,-4.12324993391062,-3.77687109658532,-3.47301090057888,-3.12276828273876,4266.48311656229,1.0003799480683
"feature_sums[35,4,2]",-5,NA,0,-5,-5,-5,-5,-5,NA,NA
"feature_sums[35,4,3]",-5.76324812406103,0.0121007872033936,0.793759563282259,-6.8349761169391,-6.34787574007573,-5.90154380406299,-5.35678146271238,-3.84367974409605,4302.79538281241,1.00044763049696
"feature_sums[35,4,4]",0,NA,0,0,0,0,0,0,NA,NA
"feature_sums[35,4,5]",0,NA,0,0,0,0,0,0,NA,NA
"feature_sums[35,4,6]",0.76693445096074,0.00199240165976491,0.129760971735381,0.474384246251454,0.687255543778984,0.781983449792152,0.866316110681303,0.96502127419701,4241.64569092976,1.00037696438141
"feature_sums[35,4,7]",0.260355796208616,0.00763585837324089,0.500568595064184,-0.966470747788687,0.0223383950688794,0.355720878007062,0.621692506820829,0.905349542726774,4297.45629777722,1.00046503789934
"feature_sums[35,4,8]",-5.10476060030747,0.000801882393557334,0.0509226113703519,-5.19415238965127,-5.14381628440059,-5.10405552181091,-5.06508767244915,-5.01652216973942,4032.73771867309,1.00016388267058
"feature_sums[35,5,1]",-3.03221474719202,0.000778738035560992,0.0480643172224682,-3.05306368252587,-3.05074685215256,-3.04297706076575,-3.02849103786962,-2.94762499499425,3809.45440672061,1.00014422497958
"feature_sums[35,5,2]",-3.6197167077605,0.00406164721841546,0.26609627327058,-3.95256910776149,-3.80912460528267,-3.67277047703011,-3.49915302820097,-2.96404344309332,4292.13314729417,1.00047385868919
"feature_sums[35,5,3]",0,NA,0,0,0,0,0,0,NA,NA
"feature_sums[35,5,4]",2.18441594707821,0.00245318380387094,0.16001218515838,2.01825893535864,2.07911946778861,2.14456754843204,2.23808742474285,2.59075983840344,4254.47459409965,1.00050133476497
"feature_sums[35,5,5]",5,NA,0,5,5,5,5,5,NA,NA
"feature_sums[35,5,6]",0,NA,0,0,0,0,0,0,NA,NA
"feature_sums[35,5,7]",-6.19509593206507,0.00144960829782618,0.0894937691952409,-6.33493780565312,-6.2672931868421,-6.19913594994274,-6.12696574728751,-6.03232421818659,3811.39769084057,1.00005483379854
"feature_sums[35,5,8]",-2.7920099185748,0.00718586256719623,0.471292374347021,-3.9036991310564,-3.06092896358912,-2.72246930786241,-2.43476470861884,-2.11150500305503,4301.53055191175,1.00041261273814
"feature_sums[36,1,1]",-3.79950507732476,0.00235467420089247,0.148988426093113,-3.97861492370556,-3.90522520454538,-3.83329752562978,-3.7360474059153,-3.41388000341384,4003.53300992806,1.00018958712686
"feature_sums[36,1,2]",0.489748855916705,0.00459440118016491,0.289528772569258,-0.16913369010115,0.309064884412565,0.527077149158125,0.714800462554392,0.931690138163433,3971.23537754728,1.00005122718504
"feature_sums[36,1,3]",1.89447705203572,0.0104161135295557,0.657376344786241,0.345465772413579,1.50854469680804,1.99386634616426,2.39958710340362,2.85769588240659,3983.05895732847,1.00007684403934
"feature_sums[36,1,4]",4.5182596357308,0.00540814609990676,0.342173162041653,3.64205524423485,4.36189069359807,4.59192810147268,4.76586996820511,4.94668022223126,4003.08724470949,1.00016478496578
"feature_sums[36,1,5]",4.94810816754597,0.00941696266222926,0.595060069572934,4.116393751492,4.49754467090056,4.84447091230548,5.27354175780433,6.39739384438271,3993.00561093715,1.00010137067328
"feature_sums[36,1,6]",-1.96492834939057,0.0113330169311123,0.716947756829086,-2.88289565020166,-2.4887638610007,-2.11396551779085,-1.62491652931355,-0.143941940751242,4002.06322489613,1.00015349494056
"feature_sums[36,1,7]",0,NA,0,0,0,0,0,0,NA,NA
"feature_sums[36,1,8]",0,NA,0,0,0,0,0,0,NA,NA
"feature_sums[36,2,1]",0,NA,0,0,0,0,0,0,NA,NA
"feature_sums[36,2,2]",2.27341946922379,0.0119957152878386,0.757093973384185,1.16345992597955,1.69064492368583,2.15866668748895,2.71951660090382,4.0585387101247,3983.33910056379,1.0000700093253
"feature_sums[36,2,3]",-1.97094756136874,0.00975379676452534,0.615675396125434,-2.86818971361119,-2.44316290616185,-2.06569608504384,-1.61253245957372,-0.514306349775258,3984.33817623491,1.00008054356513
"feature_sums[36,2,4]",0,NA,0,0,0,0,0,0,NA,NA
"feature_sums[36,2,5]",3,NA,0,3,3,3,3,3,NA,NA
"feature_sums[36,2,6]",-5.42191156287696,0.00648977531988811,0.410607794449983,-5.93601626667752,-5.71904396184613,-5.51031372176721,-5.23426883231768,-4.37046629308182,4003.08724470948,1.00016478496578
"feature_sums[36,2,7]",-2.62190767355797,0.0141608325146766,0.895311473197199,-3.83563335023687,-3.2920718867605,-2.7894193296215,-2.15546748782778,-0.403315010271303,3997.33666689812,1.00011895807102
"feature_sums[36,2,8]",1.55563685872645,0.00547580607861248,0.345960957529544,1.0687332768499,1.29316424523795,1.49653161961292,1.74675228401237,2.39430622291055,3991.70154232696,1.0000990833456
"feature_sums[36,3,1]",0.391919213702155,0.00663254884855195,0.419565816998976,-0.671484645769672,0.192146491342553,0.47848620432903,0.698612830007861,0.930840272316761,4001.65166440458,1.00015484064987
"feature_sums[36,3,2]",1.13477363807131,0.0013910159093819,0.0879584699148821,1.01592447684693,1.06883553111764,1.11807942585909,1.18054670251567,1.35370580887942,3998.44510229465,1.00011010420975
"feature_sums[36,3,3]",0,NA,0,0,0,0,0,0,NA,NA
"feature_sums[36,3,4]",1.64253786704621,0.00370028365923318,0.233966183960278,1.06116534996303,1.52208723394843,1.6868642972918,1.81708132432614,1.95757161768482,3997.93885525582,1.00012546748209
"feature_sums[36,3,5]",2.66085924617228,0.0129155984102702,0.815614138665102,0.709047102168554,2.19707750752714,2.79271026399993,3.28341581197719,3.83107947457294,3987.86479563051,1.00008905925658
"feature_sums[36,3,6]",0,NA,0,0,0,0,0,0,NA,NA
"feature_sums[36,3,7]",-2.5827116360329,0.00449215616228151,0.284151989045373,-2.95214036324805,-2.79176932822766,-2.64033399608053,-2.44443456169913,-1.8650309686687,4001.2133587653,1.00014370481994
"feature_sums[36,3,8]",-2.30724468127599,0.0127306961473295,0.804101181678797,-4.24233967111227,-2.75784449929353,-2.17408125090247,-1.69565754168638,-1.1637167108901,3989.48737803885,1.00009635526953
"feature_sums[36,4,1]",-2.38371519060901,0.0133907403468362,0.845673545291756,-4.41118024847395,-2.86183226205921,-2.24591098978205,-1.73923334444461,-1.17421054209471,3988.37800154364,1.00009280568927
"feature_sums[36,4,2]",6.11002405477034,0.018776817772449,1.1864662214791,3.22205770889753,5.46340196872747,6.31620995691788,7.00681945872259,7.76732287797631,3992.700864901,1.00010662345609
"feature_sums[36,4,3]",1.80730385429232,0.0021632584399627,0.136869264816661,1.45682209769394,1.74475627743923,1.83677124058907,1.90634798728204,1.97867208889251,4003.08724470948,1.00016478496578
"feature_sums[36,4,4]",0.82749514015109,0.00172292868215996,0.108877190200607,0.561862164413551,0.768641046096371,0.846622358419393,0.909610869467704,0.978842364422325,3993.36683833408,1.00011151312535
"feature_sums[36,4,5]",0,NA,0,0,0,0,0,0,NA,NA
"feature_sums[36,4,6]",0,NA,0,0,0,0,0,0,NA,NA
"feature_sums[36,4,7]",1.51393053123812,0.00496620099545859,0.313957407052306,0.738278024091092,1.34911899944383,1.57197206453025,1.74931568535286,1.94170369560083,3996.62022660113,1.00011740123609
"feature_sums[36,4,8]",-6,NA,0,-6,-6,-6,-6,-6,NA,NA
"feature_sums[36,5,1]",0,NA,0,0,0,0,0,0,NA,NA
"feature_sums[36,5,2]",0,NA,0,0,0,0,0,0,NA,NA
"feature_sums[36,5,3]",1.09274940002887,0.0101024094704652,0.639148082667992,-0.53900203580085,0.797329042617274,1.2287159979595,1.55650321225796,1.89876326748213,4002.70004619106,1.00016280307198
"feature_sums[36,5,4]",-0.478551332012534,0.00479890111059842,0.302653734699308,-0.931577631726315,-0.712710762284755,-0.520962637628914,-0.294872706737993,0.222525897252169,3977.48429477546,1.0000615273047
"feature_sums[36,5,5]",-6.57015146818482,0.0148011346369327,0.935864735841111,-7.83028647073926,-7.26832529730454,-6.7474571891672,-6.08834893579373,-4.24466139985213,3997.93885525582,1.00012546748209
"feature_sums[36,5,6]",5.50089398001046,0.00434520913254655,0.273403393013462,5.06830591242298,5.284862772496,5.47112720245213,5.68400285687572,6.09722728671881,3959.00848625472,0.99998940703638
"feature_sums[36,5,7]",1.49974471615389,0.00436156819079234,0.274510403403872,1.0682514839538,1.28397409525783,1.46890575603092,1.68015004331418,2.10446366737772,3961.25027504167,1.00001379798086
"feature_sums[36,5,8]",-9,NA,0,-9,-9,-9,-9,-9,NA,NA
"feature_sums[37,1,1]",3.1443441765678,0.00835812765930148,0.555736716931972,1.77801891122704,2.85435574433616,3.25369848909904,3.5583575960879,3.88754056830046,4420.99661063286,1.00026559741073
"feature_sums[37,1,2]",0,NA,0,0,0,0,0,0,NA,NA
"feature_sums[37,1,3]",0,NA,0,0,0,0,0,0,NA,NA
"feature_sums[37,1,4]",2.80923096621079,0.00208728431578157,0.140534242786046,2.45343494677875,2.7480505472656,2.84157366822334,2.90858524500316,2.97731587864183,4533.16050623449,1.0001633874736
"feature_sums[37,1,5]",-7.13891876014574,0.0176137971482346,1.16595301309864,-8.74768171946054,-8.01752815869296,-7.3534032533489,-6.50084407064296,-4.31716868613185,4381.83598215777,1.00028211632144
"feature_sums[37,1,6]",-7.26499274493314,0.0077129204028707,0.517255028325203,-7.90952079925888,-7.63851930873063,-7.37884412535272,-7.02394145243734,-5.96310655924481,4497.50591781904,1.00020855586173
"feature_sums[37,1,7]",2.61381397135865,0.00377990365903825,0.251379402589669,1.99509115618385,2.48294075838527,2.66349870285509,2.80102303147775,2.94937753788216,4422.80628353875,1.00026572598862
"feature_sums[37,1,8]",3.07500116650307,0.00102186566309169,0.0633286845015918,2.96561299374509,3.06035515244873,3.09065125616899,3.1070398221636,3.11264520241123,3840.72596205282,0.999268076551224
"feature_sums[37,2,1]",6.18375181376671,0.00192823010071766,0.129313757081301,6.02261980018528,6.09037017281734,6.15528896866182,6.24401463689066,6.5092233601888,4497.50591781913,1.00020855586173
"feature_sums[37,2,2]",-3.00156544092675,0.0103595381771247,0.693948668565291,-3.87571882940835,-3.50499353247354,-3.15187474795118,-2.6725396459698,-1.26119884875561,4487.18425651398,1.0002153068587
"feature_sums[37,2,3]",1.47991160329947,0.0142541004462142,0.941858807875275,-0.791146825109551,0.955402466885473,1.64986349123862,2.19335078485793,2.79260443631981,4366.08289690101,1.0002963904101
"feature_sums[37,2,4]",0,NA,0,0,0,0,0,0,NA,NA
"feature_sums[37,2,5]",0,NA,0,0,0,0,0,0,NA,NA
"feature_sums[37,2,6]",1.35660459605371,0.00591854264214632,0.389904454005458,0.427964998469621,1.13327866828753,1.42346819237244,1.65371602112533,1.91047834216774,4339.97103107676,1.00030169754456
"feature_sums[37,2,7]",-4.33541125005786,0.00671751343929882,0.448605711495844,-4.91541604178514,-4.66496935371801,-4.42912082856033,-4.11345118825501,-3.21768769189279,4459.77048695246,1.00024176866852
"feature_sums[37,2,8]",4.97321301188136,0.0100297531911618,0.666884060318366,3.33362269347244,4.6252268932034,5.10443818691885,5.47002911530547,5.86504868196055,4420.99661063286,1.00026559741073
"feature_sums[37,3,1]",-5.44874455869986,0.00578469030215301,0.387941271243902,-5.93214059944416,-5.72888948154797,-5.53413309401454,-5.26795608932801,-4.47232991943361,4497.50591781907,1.00020855586173
"feature_sums[37,3,2]",-5.68452465874576,0.00668650212744118,0.444589373545578,-6.77758487101837,-5.91651540453107,-5.59704120872077,-5.35331392312968,-5.08996754535963,4420.99661063285,1.00026559741073
"feature_sums[37,3,3]",0,NA,0,0,0,0,0,0,NA,NA
"feature_sums[37,3,4]",0,NA,0,0,0,0,0,0,NA,NA
"feature_sums[37,3,5]",4.01185975544287,0.0192666067876205,1.27997689553869,0.880994433424468,3.33761652050853,4.2591123668121,4.96671587537149,5.73601987158813,4413.60835331813,1.00026252187974
"feature_sums[37,3,6]",6.34570556457399,0.0156567085762085,1.0364026783099,3.83748327656165,5.77852806279374,6.53635844742124,7.12669169661597,7.77571708396492,4381.83598215777,1.00028211632144
"feature_sums[37,3,7]",0.714228591219523,0.00266402574217064,0.175868184957462,0.291802513845954,0.615413882515925,0.745486294143032,0.847704464639507,0.960782829569284,4358.10539488166,1.00029745654921
"feature_sums[37,3,8]",-1.38383711786569,0.00617392861169979,0.411808585325387,-1.92108743689204,-1.68784691502326,-1.46885167175989,-1.17693834456622,-0.359431377706466,4449.05306781064,1.00025491946902
"feature_sums[37,4,1]",0,NA,0,0,0,0,0,0,NA,NA
"feature_sums[37,4,2]",1.73416450002315,0.00268700537571953,0.179442284598338,1.28707507675712,1.645380475302,1.77164833142413,1.86598774148721,1.96616641671406,4459.77048695245,1.00024176866852
"feature_sums[37,4,3]",3.77402745785039,0.0118235822149639,0.784666975212994,1.85475404787919,3.35593128048866,3.92473733139095,4.36193321998826,4.83707800029937,4404.25643930819,1.00027740668299
"feature_sums[37,4,4]",-3.90966978307473,0.00857913467330168,0.567370379542208,-5.28211134156475,-4.22299421683548,-3.80585999578699,-3.48070241421601,-3.12338559025606,4373.67337997773,1.00029346623837
"feature_sums[37,4,5]",0.366396816726925,0.00573405106343583,0.376537947101425,-0.521124884490066,0.144681098925535,0.428049976789304,0.655259021838545,0.910574459159722,4312.15525360745,1.00031535589002
"feature_sums[37,4,6]",0.315929557628902,0.00629110572430388,0.414367674977082,-0.671334571803242,0.0782261209476721,0.386998972543113,0.631906914555615,0.904871633001088,4338.28190732359,1.00030553569657
"feature_sums[37,4,7]",-6,NA,0,-6,-6,-6,-6,-6,NA,NA
"feature_sums[37,4,8]",0,NA,0,0,0,0,0,0,NA,NA
"feature_sums[37,5,1]",-7.37990364247804,0.00673814329500517,0.453345249368027,-7.92624626367062,-7.70249776024496,-7.48415483509415,-7.17961812614279,-6.22880946958021,4526.65768042337,1.00018394612046
"feature_sums[37,5,2]",-2.06371002908634,0.000503771604265354,0.0301206345145741,-2.11168509394753,-2.08795257035426,-2.06395886086718,-2.04045013514785,-2.01092929446208,3574.87502825255,1.00029959540214
"feature_sums[37,5,3]",-3.22597254214961,0.0118235822149639,0.784666975212994,-5.14524595212081,-3.64406871951134,-3.07526266860905,-2.63806678001174,-2.16292199970063,4404.25643930819,1.00027740668299
"feature_sums[37,5,4]",0.191998344481839,0.00743781851958516,0.489754720868399,-0.976589544430038,-0.0895844677521447,0.276366272960785,0.566025672905877,0.888020426828561,4335.76871043825,1.00031346076583
"feature_sums[37,5,5]",1.73416450002315,0.00268700537571953,0.179442284598338,1.28707507675712,1.645380475302,1.77164833142413,1.86598774148721,1.96616641671406,4459.77048695245,1.00024176866852
"feature_sums[37,5,6]",0,NA,0,0,0,0,0,0,NA,NA
"feature_sums[37,5,7]",0,NA,0,0,0,0,0,0,NA,NA
"feature_sums[37,5,8]",-7,NA,0,-7,-7,-7,-7,-7,NA,NA
"feature_sums[38,1,1]",0,NA,0,0,0,0,0,0,NA,NA
"feature_sums[38,1,2]",0,NA,0,0,0,0,0,0,NA,NA
"feature_sums[38,1,3]",1.87858281816977,0.00106661301178331,0.0658874581071515,1.73650499736684,1.83348582366115,1.8844996797725,1.93072928796849,1.98312066566557,3815.85401525466,0.999978490284503
"feature_sums[38,1,4]",4.26902245378161,0.00790188705872838,0.507346511750599,3.03278554407926,4.0273069630331,4.36421463232056,4.63504168574806,4.91455945077617,4122.37714236528,1.00035818678131
"feature_sums[38,1,5]",-1.62533143836506,0.00387729987669127,0.247855953149619,-1.95456198277364,-1.80776309353156,-1.66831526936448,-1.49884354533122,-1.02689394235867,4086.39106806122,1.00031127238602
"feature_sums[38,1,6]",-0.0983958777851187,0.00897037381406614,0.570932502070899,-0.886729403488493,-0.525326873187955,-0.188747658796709,0.210875657324809,1.26148081707569,4050.87135866925,1.00027334303746
"feature_sums[38,1,7]",3.53021776176178,0.004709973438324,0.293285161268468,3.07316904541848,3.30003873802403,3.50100517538369,3.7230214456273,4.17928834917393,3877.42374004627,1.00006694008656
"feature_sums[38,1,8]",-0.387157434430005,0.00636311926174656,0.406724083835872,-0.926114932124716,-0.686758592215951,-0.458496270288514,-0.180014461363232,0.59925141346257,4085.63582356049,1.00030166654148
"feature_sums[38,2,1]",2.94283509078398,0.0015332071246941,0.0976373565252414,2.71350111249612,2.93389531246567,2.97223769985534,2.990970821653,2.99951146347079,4055.36891423969,1.00073226193499
"feature_sums[38,2,2]",6.0263605063039,0.0012284697009307,0.0753019728365207,5.90269263776204,6.02688784453778,6.04216639341123,6.05023467814903,6.05272319218849,3757.3686711275,1.00078408253985
"feature_sums[38,2,3]",0,NA,0,0,0,0,0,0,NA,NA
"feature_sums[38,2,4]",2.61986896186872,0.00402140811001659,0.257804222310338,1.99720593578051,2.49337621882598,2.66618450919798,2.80711042241243,2.95452878983092,4109.82900654663,1.00035231457149
"feature_sums[38,2,5]",-4.54726849934148,0.0044639464176545,0.283128768404533,-4.94330168503772,-4.76163218151255,-4.59162574829278,-4.38936485331755,-3.86739042367092,4022.81493353243,1.00020809548975
"feature_sums[38,2,6]",0,NA,0,0,0,0,0,0,NA,NA
"feature_sums[38,2,7]",3.25066287673012,0.00775459975338253,0.495711906299238,2.05378788471734,2.99768709066244,3.33663053872895,3.61552618706313,3.90912396554728,4086.39106806122,1.00031127238602
"feature_sums[38,2,8]",-7,NA,0,-7,-7,-7,-7,-7,NA,NA
"feature_sums[38,3,1]",-3.14619550924368,0.00158037741174568,0.10146930235012,-3.39344289118415,-3.19453860739338,-3.12715707353589,-3.07299166285039,-3.01708810984477,4122.37714236528,1.00035818678131
"feature_sums[38,3,2]",8.08565945341777,0.0103945637736445,0.66943744574393,6.4489692671249,7.79122347084587,8.21990075265665,8.55654166484455,8.89717709738706,4147.70124185783,1.00041592463888
"feature_sums[38,3,3]",0,NA,0,0,0,0,0,0,NA,NA
"feature_sums[38,3,4]",0,NA,0,0,0,0,0,0,NA,NA
"feature_sums[38,3,5]",4.87599431509518,0.0116318996300738,0.743567859448857,3.08068182707602,4.49653063599366,5.00494580809343,5.42328928059469,5.86368594832093,4086.39106806124,1.00031127238602
"feature_sums[38,3,6]",-2.99700053213622,0.000679195639435659,0.042526130451733,-3.09246715157937,-2.99334465221414,-2.98555297104558,-2.98193947182542,-2.98079506505434,3920.32395369294,1.00063905855562
"feature_sums[38,3,7]",-3.36289383901009,0.00595085328144305,0.375459348059143,-3.91540431286723,-3.65053476802551,-3.41146563133112,-3.13858545982029,-2.49613194075469,3980.77249310078,1.00020394255227
"feature_sums[38,3,8]",-6.72175395444013,0.00356495740451008,0.229529461292651,-6.97125776573845,-6.87340950423551,-6.77258888402777,-6.63794210971555,-6.16539512040835,4145.41662304536,1.00054073258799
"feature_sums[38,4,1]",-7.57555844519646,0.00512511018254448,0.330097355848877,-7.95416965589368,-7.80041784138512,-7.64543181049189,-7.44340350232217,-6.7719522292242,4148.37184483002,1.00048618299052
"feature_sums[38,4,2]",-3.42219278612396,0.0156981541746157,0.999131878624074,-4.80177645610486,-4.16932202807892,-3.58030840289424,-2.88096759968158,-1.04240857011754,4050.87135866925,1.00027334303746
"feature_sums[38,4,3]",-0.0317531505121108,0.00891817857042679,0.560612875776833,-0.870325057846818,-0.464960918182552,-0.100374567789805,0.313181380882328,1.25690427463239,3951.60756440842,1.00015863173263
"feature_sums[38,4,4]",1.06554406714551,0.00961323206385543,0.613871438825391,-0.418851499756923,0.74843256890418,1.1711325633415,1.51946945557438,1.88640570791165,4077.70686934205,1.00029307713915
"feature_sums[38,4,5]",0.981640422948505,0.000433735472928242,0.0259457996770395,0.970047345400878,0.971419638936089,0.976031111390623,0.984195086863886,1.02100234063808,3578.36169976696,1.00060806113298
"feature_sums[38,4,6]",-4.26902245378161,0.00790188705872838,0.507346511750599,-4.91455945077617,-4.63504168574806,-4.36421463232056,-4.0273069630331,-3.03278554407926,4122.37714236528,1.00035818678131
"feature_sums[38,4,7]",0,NA,0,0,0,0,0,0,NA,NA
"feature_sums[38,4,8]",0,NA,0,0,0,0,0,0,NA,NA
"feature_sums[38,5,1]",-0.446623852876773,0.0161921510500416,1.03604918610044,-1.81251839354777,-1.20604517778864,-0.628618302882199,0.0753883873538879,2.05676795991165,4094.0359763288,1.00032352025604
"feature_sums[38,5,2]",-0.797931376071594,0.0122074150545072,0.778202843856428,-1.85242565058501,-1.37715836857568,-0.928256287021736,-0.387051943979987,1.07882169161174,4063.85501414968,1.00027338271948
"feature_sums[38,5,3]",-1.4538496648595,0.00546630271649396,0.347970457364436,-1.93197349946127,-1.71407248376434,-1.50998592702748,-1.26630409714114,-0.620683603134034,4052.26082073094,1.00026605245328
"feature_sums[38,5,4]",0,NA,0,0,0,0,0,0,NA,NA
"feature_sums[38,5,5]",0,NA,0,0,0,0,0,0,NA,NA
"feature_sums[38,5,6]",-0.526983696468223,0.00446091814400429,0.281639041040485,-0.937896586530355,-0.742541451592176,-0.564916132396053,-0.360460263485089,0.129214894390078,3985.99918380058,1.00019704662721
"feature_sums[38,5,7]",7.57555844519646,0.00512511018254448,0.330097355848877,6.7719522292242,7.44340350232217,7.64543181049189,7.80041784138512,7.95416965589368,4148.37184483002,1.00048618299052
"feature_sums[38,5,8]",7,NA,0,7,7,7,7,7,NA,NA
"feature_sums[39,1,1]",6.65321323020311,0.00665408533028453,0.416811695714758,6.08603378811206,6.34427449428982,6.57461704216389,6.87879770001303,7.67770039861222,3923.76565800045,1.00014024142998
"feature_sums[39,1,2]",4.08410212280813,0.0114456903431348,0.719496348932091,3.13805342556108,3.55747046901351,3.93850859960286,4.45305272983067,5.88456899101667,3951.60207360776,1.00016060561685
"feature_sums[39,1,3]",0,NA,0,0,0,0,0,0,NA,NA
"feature_sums[39,1,4]",7.59329661785327,0.00487022941941659,0.309001030562224,6.7909683672973,7.46418085434166,7.66693532530546,7.80732705856234,7.95357971911531,4025.51098544592,1.00022561544204
"feature_sums[39,1,5]",-0.932201965162423,0.0110700907873162,0.694603687036347,-1.86208125211946,-1.44484971026668,-1.0684246578212,-0.564891156001099,0.793209141498073,3937.05791430629,1.00014752732611
"feature_sums[39,1,6]",0,NA,0,0,0,0,0,0,NA,NA
"feature_sums[39,1,7]",4.29624882249455,0.00772224395662714,0.487057602384209,3.0584062238038,4.06112638021625,4.40114263390578,4.64736905774352,4.91346603780287,3978.08096643424,1.0001816289198
"feature_sums[39,1,8]",-1.66013865312616,0.00339015565524774,0.211898219365616,-1.9542145708809,-1.81800368580918,-1.69810890665986,-1.54220065994415,-1.14622159439987,3906.74744552663,1.00013066782857
"feature_sums[39,2,1]",0,NA,0,0,0,0,0,0,NA,NA
"feature_sums[39,2,2]",-5.59329661785327,0.00487022941941659,0.309001030562224,-5.95357971911531,-5.80732705856234,-5.66693532530546,-5.46418085434166,-4.7909683672973,4025.51098544592,1.00022561544204
"feature_sums[39,2,3]",-0.577749293496731,0.00463334637397628,0.292234561430525,-0.948079622681725,-0.788421434646112,-0.640685580343468,-0.43667582812975,0.16495626571772,3978.08096643424,1.0001816289198
"feature_sums[39,2,4]",7.3738468157878,0.0171685355147021,1.07924452339814,4.67314651347499,6.82042090525399,7.5922371005957,8.16379429647974,8.79291986165838,3951.60207360776,1.00016060561685
"feature_sums[39,2,5]",3.91131128299482,0.0110901422171409,0.694686159524596,2.20383266897963,3.53533716664495,4.04230492972685,4.42620917618363,4.85661035314656,3923.76565800044,1.00014024142998
"feature_sums[39,2,6]",-2.27603871632573,0.00222341070545765,0.132761811328614,-2.50975330573777,-2.38223324725095,-2.27158299669702,-2.17147423134188,-2.04505844915704,3565.38927117287,0.999862166858164
"feature_sums[39,2,7]",-3.82905050788929,0.00794941713231125,0.494015221668661,-5.0001500706382,-4.1258846892611,-3.74856680743929,-3.45317999992512,-3.11437425425277,3861.98060528091,1.0000865664235
"feature_sums[39,2,8]",0,NA,0,0,0,0,0,0,NA,NA
"feature_sums[39,3,1]",7.76019643848596,0.00331242039363157,0.211346741181958,7.19907287941353,7.69013602780538,7.81684125502328,7.89800110564591,7.97645511337541,4070.9916517836,1.00026951283539
"feature_sums[39,3,2]",5.21773774340104,0.00221802844342818,0.138937231904919,5.02867792937069,5.11475816476328,5.19153901405463,5.29293256667101,5.55923346620407,3923.76565800043,1.00014024142998
"feature_sums[39,3,3]",-4.51200088227978,0.00558341645336916,0.353252114931312,-4.9421429959948,-4.76205904730316,-4.59233572841191,-4.35265592521679,-3.60291027101987,4002.85167121796,1.00020332119899
"feature_sums[39,3,4]",0,NA,0,0,0,0,0,0,NA,NA
"feature_sums[39,3,5]",0,NA,0,0,0,0,0,0,NA,NA
"feature_sums[39,3,6]",-1.70475637725203,0.0134860292819318,0.846568351612256,-2.83330348216882,-2.32843389257143,-1.87210678790659,-1.26022427927997,0.40225963170904,3940.54109149942,1.00015045790441
"feature_sums[39,3,7]",3.70178486793846,0.00718469075793246,0.450253409364667,3.09183516006356,3.36827746004391,3.6158408066613,3.94412928897545,4.81205546856249,3927.33420385666,1.00014153301011
"feature_sums[39,3,8]",3.43699905799564,0.00617779516530171,0.389646081907367,2.44672497904304,3.248901104173,3.52091410712462,3.71789524619482,3.9307728302423,3978.08096643424,1.0001816289198
"feature_sums[39,4,1]",8,NA,0,8,8,8,8,8,NA,NA
"feature_sums[39,4,2]",0,NA,0,0,0,0,0,0,NA,NA
"feature_sums[39,4,3]",-1.53867490353232,0.00496620590020982,0.312717647554165,-1.94237790046347,-1.76606348155423,-1.60418027579826,-1.38285589058758,-0.748982887218715,3965.11089214272,1.00017000246203
"feature_sums[39,4,4]",-0.130572597589425,0.0194733290719967,1.222604481022,-1.75870525401817,-1.02934625761517,-0.371680022796849,0.508694295853061,2.90867581818141,3941.77254864709,1.00015389108677
"feature_sums[39,4,5]",-0.668553515816736,0.0128896955208578,0.802362529747563,-1.81703050968433,-1.27518600209675,-0.802471104861732,-0.19674665972483,1.2444467775741,3874.85950755961,1.00010086779828
"feature_sums[39,4,6]",8.1216015881036,0.0100501496160645,0.635853806876363,6.48523848783577,7.83478066539022,8.26620431114144,8.57170628514568,8.89585739279065,4002.85167121797,1.00020332119899
"feature_sums[39,4,7]",0,NA,0,0,0,0,0,0,NA,NA
"feature_sums[39,4,8]",-2.19825740986324,0.00833203588356131,0.522948818556351,-2.89656054892027,-2.58360951118149,-2.30117566900458,-1.92307751155569,-0.898450415661783,3939.27326906333,1.00015012709787
"feature_sums[39,5,1]",0.781100984570097,0.00221835187175002,0.138825183512914,0.439559550633632,0.704585400958919,0.807217917690735,0.884757905364942,0.971289763124071,3916.29721332967,1.00012718732965
"feature_sums[39,5,2]",0,NA,0,0,0,0,0,0,NA,NA
"feature_sums[39,5,3]",-0.0587031823999802,0.0100275534365838,0.622306576799911,-1.51794210906041,-0.437178828671583,0.0384178677862907,0.415052015669384,0.851576370641772,3851.40164555625,1.00008375819168
"feature_sums[39,5,4]",-1.63513182046148,0.00586035940882518,0.362218554999579,-2.46554442076735,-1.86467368568002,-1.58368927542071,-1.35717012320945,-1.09116877322226,3820.25967459771,1.00006060072851
"feature_sums[39,5,5]",0,NA,0,0,0,0,0,0,NA,NA
"feature_sums[39,5,6]",2.57774929349673,0.00463334637397628,0.292234561430525,1.83504373428228,2.43667582812975,2.64068558034347,2.78842143464611,2.94807962268173,3978.08096643424,1.0001816289198
"feature_sums[39,5,7]",-4.09658156432656,0.00953807528594565,0.599580290776743,-4.8849554786991,-4.53544127582208,-4.21790950033095,-3.78912272514111,-2.59619250748611,3951.60207360775,1.00016060561685
"feature_sums[39,5,8]",-4.31680123519169,0.00781678303471682,0.494552960903837,-4.91900019439272,-4.66688266622442,-4.42927001977668,-4.0937182953035,-3.04407437942782,4002.85167121796,1.00020332119899
"feature_sums[40,1,1]",-3.62938900755934,0.0136491050167942,0.877261894663713,-4.82489446758441,-4.27309545309249,-3.79673620863607,-3.17317891637031,-1.4596792792264,4130.95230178426,0.999321345889571
"feature_sums[40,1,2]",-5.18878328822313,0.00858103279213111,0.552862413564816,-5.90112800675625,-5.58438463988599,-5.30401763678927,-4.92588841936191,-3.79983640262163,4151.02173616511,0.999384413206861
"feature_sums[40,1,3]",0,NA,0,0,0,0,0,0,NA,NA
"feature_sums[40,1,4]",-4.43485532691083,0.0158884948504056,1.02203727269197,-5.80280110904273,-5.17851787948334,-4.63567535257882,-3.91863260206849,-1.89471460316514,4137.78531205129,0.999341580404149
"feature_sums[40,1,5]",-6.34506587613989,0.00725233601927448,0.467814621322384,-6.9228867961291,-6.6728918939222,-6.44763601751338,-6.13743519922936,-5.16226710947077,4160.94281282173,0.999435899941323
"feature_sums[40,1,6]",0,NA,0,0,0,0,0,0,NA,NA
"feature_sums[40,1,7]",1.7613917043322,0.00188869697763092,0.116152711870955,1.54282249446212,1.6739631752127,1.76779064456288,1.85211542235864,1.96256839679778,3782.10983738409,0.999240332426705
"feature_sums[40,1,8]",1.41057543576694,0.00533336342787958,0.340523037909218,0.607978988682482,1.20710431777779,1.46253826929969,1.6687204136623,1.91845331703886,4076.52998704037,0.999239265188719
"feature_sums[40,2,1]",7.61093263870297,0.00453652289065354,0.292842407891012,6.87007064787748,7.49090737139637,7.67787828788551,7.81084485278169,7.95581328291664,4166.98296602731,0.999497303854483
"feature_sums[40,2,2]",-0.737990643564425,0.0123068119245968,0.790131293280302,-1.83606150120733,-1.32249169205923,-0.883127463200012,-0.314249713012728,1.20206562588424,4121.99440121947,0.99930119671061
"feature_sums[40,2,3]",-4.09899383745219,0.00110717963084242,0.0634473673606415,-4.14927397250065,-4.13750850411576,-4.1103519271699,-4.07328286988396,-4.01149690706596,3283.90842853011,1.00091509923807
"feature_sums[40,2,4]",0,NA,0,0,0,0,0,0,NA,NA
"feature_sums[40,2,5]",0,NA,0,0,0,0,0,0,NA,NA
"feature_sums[40,2,6]",-4.34506587613989,0.00725233601927448,0.467814621322384,-4.9228867961291,-4.6728918939222,-4.44763601751338,-4.13743519922936,-3.16226710947077,4160.94281282174,0.999435899941323
"feature_sums[40,2,7]",-1.16013999404427,0.00821234629304139,0.527240453844359,-1.89074677736771,-1.54895190495493,-1.25698811429626,-0.879268665047181,0.131831380628393,4121.76229520376,0.999306073795672
"feature_sums[40,2,8]",7.43485532691083,0.0158884948504056,1.02203727269197,4.89471460316514,6.91863260206849,7.63567535257882,8.17851787948334,8.80280110904273,4137.78531205129,0.999341580404149
"feature_sums[40,3,1]",0,NA,0,0,0,0,0,0,NA,NA
"feature_sums[40,3,2]",-6.34506587613989,0.00725233601927448,0.467814621322384,-6.9228867961291,-6.6728918939222,-6.44763601751338,-6.13743519922936,-5.16226710947077,4160.94281282173,0.999435899941323
"feature_sums[40,3,3]",-4.1103149865996,0.0184777791593431,1.18629102114981,-5.75418024907735,-4.98514178614858,-4.32822325716657,-3.47835449635616,-1.20337939358612,4121.76229520376,0.999306073795672
"feature_sums[40,3,4]",4.68722859221093,0.00437920970153707,0.283318032670846,3.94731443407119,4.59742956928886,4.76306135969275,4.86903652438927,4.97165985460577,4185.59256168654,0.999662033309238
"feature_sums[40,3,5]",-3.54177190490397,0.00476684065972002,0.303601009613896,-4.24338604917208,-3.73299323864445,-3.49930818138608,-3.3085206496612,-3.07608134066055,4056.44089804998,0.999222564137647
"feature_sums[40,3,6]",0,NA,0,0,0,0,0,0,NA,NA
"feature_sums[40,3,7]",5.18878328822313,0.00858103279213111,0.552862413564816,3.79983640262163,4.92588841936191,5.30401763678927,5.58438463988599,5.90112800675625,4151.02173616511,0.999384413206861
"feature_sums[40,3,8]",-0.805466319351487,0.00226826144532677,0.146421203945506,-0.977906641458319,-0.905422426390847,-0.838939143942755,-0.745453685698183,-0.435035323938741,4166.9829660273,0.999497303854483
"feature_sums[40,4,1]",2.51434514678263,0.00501081244236332,0.32255580471374,1.70838655767494,2.35513065687976,2.57938646146097,2.7476588590872,2.93966935412151,4143.74889011754,0.99935739041541
"feature_sums[40,4,2]",6.46146885993452,0.00625944307809151,0.404172140296772,5.43269168455226,6.29439449000034,6.55447984858409,6.73892418824379,6.93918392980562,4169.28285223536,0.999488109585781
"feature_sums[40,4,3]",-6.05358050292699,0.010011204924153,0.645006149158952,-6.88464934121563,-6.51511541320033,-6.18802057625414,-5.7468698225889,-4.43314246972524,4151.02173616511,0.999384413206861
"feature_sums[40,4,4]",-8.56229921854085,0.00510358825198525,0.329447708877388,-8.95028994328122,-8.78720045937941,-8.6376130738712,-8.42727079282091,-7.72882947886217,4166.98296602728,0.999497303854483
"feature_sums[40,4,5]",3.68920463990474,0.00320483906967738,0.206364106846264,3.170904360533,3.58694086344122,3.73111380328695,3.83896170510311,3.96158068086633,4146.25369491411,0.999353283865216
"feature_sums[40,4,6]",2.25079964236671,0.00297300249203689,0.192057568402245,2.0277067072478,2.1197814221256,2.20561291378089,2.32807800055265,2.7422862427926,4173.22985500429,0.999506172920737
"feature_sums[40,4,7]",0,NA,0,0,0,0,0,0,NA,NA
"feature_sums[40,4,8]",0,NA,0,0,0,0,0,0,NA,NA
"feature_sums[40,5,1]",-6.07846830162353,0.00995364176336748,0.636568733265544,-7.59645700903552,-6.44753392300576,-5.97579437962269,-5.59924285373741,-5.1469477576789,4090.03094792995,0.999254868466723
"feature_sums[40,5,2]",0,NA,0,0,0,0,0,0,NA,NA
"feature_sums[40,5,3]",0,NA,0,0,0,0,0,0,NA,NA
"feature_sums[40,5,4]",-8,NA,0,-8,-8,-8,-8,-8,NA,NA
"feature_sums[40,5,5]",3.62575192922279,0.00414419201101399,0.267322640755648,2.94986691969758,3.50710582813107,3.68436343857908,3.81308108224126,3.95593531207377,4160.94281282174,0.999435899941323
"feature_sums[40,5,6]",1.29106838051328,0.00277594624443411,0.17803692323141,1.03823728641126,1.1577632621484,1.25955015974688,1.39030767304279,1.72630701003,4113.37265870911,0.999277111025201
"feature_sums[40,5,7]",2.02800470319019,0.000277214427124127,0.0159507677577144,2.00449447008794,2.01955832565331,2.02989981202679,2.03899642015353,2.04420705844337,3310.78917347035,1.00052916444685
"feature_sums[40,5,8]",6.28421995027618,0.0167139728588603,1.07281731311108,3.65952221545666,5.70961754057077,6.47981488465782,7.0764175773171,7.7760912369615,4119.95205329193,0.999302586988766
"feature_sums[41,1,1]",6.54351966138484,0.0153457137385666,0.960909102524445,4.10783840654639,6.0791115484132,6.71648430164518,7.23045773102309,7.80368738092559,3920.94210482649,1.0005405041009
"feature_sums[41,1,2]",0,NA,0,0,0,0,0,0,NA,NA
"feature_sums[41,1,3]",0,NA,0,0,0,0,0,0,NA,NA
"feature_sums[41,1,4]",7.72297512146788,0.0141122600500664,0.884131819287078,5.45927541277351,7.32495739401751,7.89371644751332,8.34256046263694,8.83384788186741,3925.01119862534,1.00051782096092
"feature_sums[41,1,5]",-4.65798846635013,0.00664256160530551,0.41548716257579,-5.69600625982304,-4.87157224904611,-4.5890606991446,-4.35627662788699,-4.09173752414818,3912.4070952049,1.00055964693161
"feature_sums[41,1,6]",-1.2641274170543,0.00220519262545794,0.136642513067359,-1.55125605599053,-1.35778034712755,-1.25372510690168,-1.15898920364577,-1.04219605535236,3839.53489203433,1.00053448133938
"feature_sums[41,1,7]",-1.57508345426814,0.00576954337575711,0.361498895595343,-2.48606956661818,-1.76385119629361,-1.51472139088819,-1.31038367937722,-1.07961686162977,3925.82615567421,1.00054955444178
"feature_sums[41,1,8]",-6.14839996364702,0.0115908381607298,0.72564145566132,-7.97120662417225,-6.52283268432549,-6.02685209481893,-5.61973537238654,-5.15916035241047,3919.35396982991,1.00055403049248
"feature_sums[41,2,1]",0,NA,0,0,0,0,0,0,NA,NA
"feature_sums[41,2,2]",0.855209404129586,0.00162732945979569,0.102011166388856,0.592295021577612,0.810301970118669,0.875474641792829,0.926373308718103,0.981501019947457,3929.56478649611,1.00050727794614
"feature_sums[41,2,3]",6.43160739019172,0.00700650748345105,0.438879386199607,5.29793531728709,6.26425279816021,6.52655645025633,6.7242609531714,6.93181319503832,3923.62222005437,1.00045959085684
"feature_sums[41,2,4]",0,NA,0,0,0,0,0,0,NA,NA
"feature_sums[41,2,5]",-7.72297512146788,0.0141122600500664,0.884131819287078,-8.83384788186741,-8.34256046263694,-7.89371644751332,-7.32495739401751,-5.45927541277351,3925.01119862534,1.00051782096092
"feature_sums[41,2,6]",-5,NA,0,-5,-5,-5,-5,-5,NA,NA
"feature_sums[41,2,7]",0.430492998700779,0.00636557946219046,0.398581615575559,-0.587010377884303,0.254407375595761,0.50801200638737,0.707743168362184,0.92615366745543,3920.65509560316,1.00051513148287
"feature_sums[41,2,8]",3.28391586329502,0.00253793457848555,0.158612717208174,3.04245748635181,3.16302980844587,3.2652409743834,3.38263304297998,3.65624518020036,3905.84643682291,1.00053259520617
"feature_sums[41,3,1]",-3.00675842780835,0.0109762022611628,0.687658081667728,-3.87077057478576,-3.48865813760651,-3.1395572369548,-2.69718908423584,-1.24610309882384,3925.01119862534,1.00051782096092
"feature_sums[41,3,2]",0.31841357932949,0.00653490830881962,0.408864919644046,-0.691181236048401,0.0900746843249758,0.37958136428174,0.622585827054487,0.902301891246121,3914.53971128572,1.00056145743837
"feature_sums[41,3,3]",-4.1693305164637,0.0105404292155983,0.657143584843935,-5.71505015209849,-4.57084008169567,-4.09006540132334,-3.67183839347834,-3.17629322705374,3886.90524029104,1.00057101791852
"feature_sums[41,3,4]",-3.60613895070417,0.00459442106337487,0.287787936609622,-3.95061701016113,-3.80275103860453,-3.6651014419374,-3.48686435757242,-2.86629994867304,3923.58966694696,1.00049097002811
"feature_sums[41,3,5]",0,NA,0,0,0,0,0,0,NA,NA
"feature_sums[41,3,6]",1.01927617314125,0.00905665007381317,0.564683027725368,-0.334121878292957,0.688094168625834,1.0932606656114,1.44251197873251,1.85401685276969,3887.53483174411,1.00058283003688
"feature_sums[41,3,7]",4.90763974603863,0.011509285303925,0.720681826893334,3.0808788049098,4.5593336613099,5.03736322623389,5.42284329826731,5.85276553569419,3920.94210482648,1.0005405041009
"feature_sums[41,3,8]",0,NA,0,0,0,0,0,0,NA,NA
"feature_sums[41,4,1]",-0.976208841284416,0.00947069197038651,0.590606641855193,-1.8479014882512,-1.41879017879807,-1.05413663455136,-0.630516772514484,0.441519369846715,3888.95779564001,1.00058171818989
"feature_sums[41,4,2]",-2.45075100637842,0.0152286516888071,0.952146790823774,-3.78013478004748,-3.14980025669494,-2.60028053797166,-1.94117784738458,-0.0912866199927952,3909.17316484094,1.00056678322088
"feature_sums[41,4,3]",7,NA,0,7,7,7,7,7,NA,NA
"feature_sums[41,4,4]",0.0385064386004742,0.0114820309391728,0.719180689066641,-0.864654030548508,-0.464860447389326,-0.100058415538694,0.361752722379523,1.8766856617038,3923.18338723682,1.0005187017612
"feature_sums[41,4,5]",-0.713060605025643,0.00320170083801701,0.200687602737776,-0.963039440477379,-0.853310062649255,-0.752485871445676,-0.623950958473066,-0.1968449153622,3928.97794670991,1.00051044901353
"feature_sums[41,4,6]",0,NA,0,0,0,0,0,0,NA,NA
"feature_sums[41,4,7]",0,NA,0,0,0,0,0,0,NA,NA
"feature_sums[41,4,8]",7.72297512146788,0.0141122600500664,0.884131819287078,5.45927541277351,7.32495739401751,7.89371644751332,8.34256046263694,8.83384788186741,3925.01119862534,1.00051782096092
"feature_sums[41,5,1]",3.90763974603863,0.011509285303925,0.720681826893334,2.0808788049098,3.5593336613099,4.03736322623389,4.42284329826731,4.85276553569419,3920.94210482649,1.0005405041009
"feature_sums[41,5,2]",-3.90335255608312,0.0110709360088425,0.692478604292983,-4.8471041264197,-4.40620562018834,-4.01823216809234,-3.54737958492315,-2.17332290029493,3912.4070952049,1.00055964693161
"feature_sums[41,5,3]",0,NA,0,0,0,0,0,0,NA,NA
"feature_sums[41,5,4]",0.269686885119585,0.00710607337153533,0.444503945413253,-0.83196262151178,0.0272574108375583,0.338399158196862,0.59819470860389,0.896147475994396,3912.83798199465,1.00056399375459
"feature_sums[41,5,5]",2.46558556776075,0.00401178690259273,0.249327692638149,2.07274365642681,2.27477660296372,2.44167773035472,2.62861150967297,3.02790582490786,3862.47181664691,1.00055870740341
"feature_sums[41,5,6]",2.79461308335457,0.0025506057937845,0.159604883636836,2.3860300204791,2.73462948849246,2.82889093097607,2.90012873560641,2.97523182222403,3915.66625201333,1.00045931746248
"feature_sums[41,5,7]",-7.21227790140834,0.00918884212674975,0.575575873219245,-7.90123402032226,-7.60550207720907,-7.3302028838748,-6.97372871514484,-5.73259989734608,3923.58966694696,1.00049097002811
"feature_sums[41,5,8]",0,NA,0,0,0,0,0,0,NA,NA
"feature_sums[42,1,1]",0,NA,0,0,0,0,0,0,NA,NA
"feature_sums[42,1,2]",-2.34153728911601,0.00712673174457016,0.465590497779807,-2.9205841602977,-2.67313064617495,-2.44474700795609,-2.13332366316357,-1.17048734244599,4268.02930382782,1.00034930778539
"feature_sums[42,1,3]",-1.3181995251571,0.00285350411954462,0.182753633854424,-1.73913661281965,-1.42888949768565,-1.29023150712621,-1.17745142792026,-1.04483254029525,4101.80523127354,0.999917753661568
"feature_sums[42,1,4]",-1.57777497191763,0.00407868014120456,0.263975450510665,-1.94375615588043,-1.77463468213048,-1.62667045827664,-1.43722447800882,-0.937807268416282,4188.78223280016,1.00014338421613
"feature_sums[42,1,5]",2.85334029939534,0.00166216629839274,0.10889070735989,2.57832686818851,2.80814918600219,2.87855923958419,2.92911921937511,2.98293377734631,4291.73297662065,1.00044283465885
"feature_sums[42,1,6]",1.67794284006619,0.00295667181102181,0.190235438405903,1.22967747522313,1.56839874661556,1.7090654641775,1.8224065912165,1.95516544508334,4139.77374337893,1.00004362039954
"feature_sums[42,1,7]",-3.77651019520568,0.0127058936876464,0.827609580350636,-4.84727610814585,-4.37702652854378,-3.9506797345132,-3.38140908287337,-1.71337418896917,4242.68300506218,1.00026987379744
"feature_sums[42,1,8]",0,NA,0,0,0,0,0,0,NA,NA
"feature_sums[42,2,1]",-0.382228704444749,0.00627278788843577,0.407925845322912,-0.92100119234218,-0.680126974630627,-0.46474944438889,-0.181423392678405,0.624423573999038,4229.03461335245,1.00024987658545
"feature_sums[42,2,2]",4.47062184657568,0.00582529439980012,0.380899156492805,3.50592821189307,4.30387147533713,4.55719155745585,4.74083039562579,4.93745859489968,4275.47394740887,1.00035650789027
"feature_sums[42,2,3]",-2.10500826751299,0.000841411112963477,0.0522452124867275,-2.20085561357537,-2.14393152545782,-2.10215307455148,-2.064181723775,-2.01653752597042,3855.4627573567,0.999472846812295
"feature_sums[42,2,4]",0,NA,0,0,0,0,0,0,NA,NA
"feature_sums[42,2,5]",0,NA,0,0,0,0,0,0,NA,NA
"feature_sums[42,2,6]",-3.80445373252712,0.00221622173119032,0.145187609813187,-3.97724503646175,-3.90549229250015,-3.83807898611225,-3.74419891466958,-3.43776915758468,4291.73297662063,1.00044283465885
"feature_sums[42,2,7]",6.60111273587654,0.0139904056041739,0.908425354528175,4.36472479600379,6.14165864348674,6.78118595910651,7.27031390038517,7.81950777588288,4216.16775993457,1.00020195686813
"feature_sums[42,2,8]",3.44770764987024,0.0049270025191189,0.315446756000102,2.72455295539681,3.25595679084786,3.49508266316297,3.69057449816023,3.92161385550012,4099.08158681719,0.999927365899141
"feature_sums[42,3,1]",4.34192708685316,0.00613334462759165,0.395095652802444,3.39800528183348,4.11784615327589,4.40973149710539,4.64175084028858,4.91014075898866,4149.63374186269,1.00002734879431
"feature_sums[42,3,2]",-0.922517087263285,0.000704003333316169,0.0453299035488132,-0.988846119976289,-0.956447073047063,-0.929485879204577,-0.896772257615547,-0.81799408659229,4145.91275836189,1.00016472785987
"feature_sums[42,3,3]",0,NA,0,0,0,0,0,0,NA,NA
"feature_sums[42,3,4]",0,NA,0,0,0,0,0,0,NA,NA
"feature_sums[42,3,5]",-2.71780169533543,0.00305431360481579,0.199538784762774,-2.96596464012759,-2.85991313407498,-2.76203443198118,-2.62856728421296,-2.21592314676257,4268.02930382781,1.00034930778539
"feature_sums[42,3,6]",-6.74485077669806,0.00303050202419218,0.198971839507649,-6.97145939424063,-6.88020385960654,-6.79274911283414,-6.66824126457546,-6.24071896083945,4310.76227194755,1.00052144928608
"feature_sums[42,3,7]",-2.29149325547907,0.00675091497296337,0.436287833879004,-2.90448163307799,-2.61848863886721,-2.36993205716293,-2.05429239125394,-1.24079518250266,4176.58119724537,1.00011674744734
"feature_sums[42,3,8]",7,NA,0,7,7,7,7,7,NA,NA
"feature_sums[42,4,1]",1.81186779689029,0.00203620906987719,0.133025856508516,1.47728209784171,1.75237818947531,1.84135628798745,1.90660875604998,1.97730976008506,4268.02930382782,1.00034930778539
"feature_sums[42,4,2]",0,NA,0,0,0,0,0,0,NA,NA
"feature_sums[42,4,3]",0,NA,0,0,0,0,0,0,NA,NA
"feature_sums[42,4,4]",1.83411004679631,0.00752404533532087,0.482752423721551,1.11759758802096,1.46457007528373,1.75894364579784,2.12095339878582,2.96107173957371,4116.67060556953,0.999977227291956
"feature_sums[42,4,5]",-2.13221217987635,0.00182258893129819,0.12014340282562,-2.44869700924506,-2.17001479053972,-2.09882541572341,-2.05359014600627,-2.01176069175841,4345.32635628934,1.0005711346054
"feature_sums[42,4,6]",-4,NA,0,-4,-4,-4,-4,-4,NA,NA
"feature_sums[42,4,7]",-3.02094302954678,0.00995243107434782,0.647081349244554,-3.87571981256866,-3.49516116291859,-3.15308100187289,-2.70116043953639,-1.41616274198832,4227.26435551802,1.00022136266851
"feature_sums[42,4,8]",-1.17539745932915,0.00139760267609952,0.0873036218884329,-1.34321929863951,-1.23958833680917,-1.16944973851871,-1.10658804945956,-1.02753276602082,3902.08814417435,0.9996018718914
"feature_sums[42,5,1]",6.34153728911601,0.00712673174457017,0.465590497779807,5.17048734244599,6.13332366316357,6.44474700795609,6.67313064617495,6.9205841602977,4268.02930382781,1.00034930778539
"feature_sums[42,5,2]",4.9508345519074,0.0104928042031304,0.681319015896131,3.27354359700284,4.60624398261506,5.08588946932989,5.45273542528887,5.86463083191216,4216.16775993457,1.00020195686813
"feature_sums[42,5,3]",-2.7555671656589,0.0027702771639879,0.181484512266484,-2.97155629557719,-2.88186536562518,-2.79759873264031,-2.68024864333698,-2.29721144698085,4291.73297662065,1.00044283465885
"feature_sums[42,5,4]",-1.00619994161145,0.000140168150386428,0.00925373052632723,-1.03118216752459,-1.00739467446453,-1.00307830285529,-1.0010768956315,-1.0000641713281,4358.47954155407,1.00077579770529
"feature_sums[42,5,5]",-0.796885456996413,0.00189522108223274,0.122239060018868,-0.971973515897319,-0.888876115153345,-0.817678025394464,-0.72867466769371,-0.506529002819447,4160.06623862206,1.00010182630568
"feature_sums[42,5,6]",0,NA,0,0,0,0,0,0,NA,NA
"feature_sums[42,5,7]",0,NA,0,0,0,0,0,0,NA,NA
"feature_sums[42,5,8]",-1.15554994383525,0.00815736028240913,0.527950901021331,-1.88751231176086,-1.54926936426096,-1.25334091655328,-0.874448956017644,0.124385463167436,4188.78223280016,1.00014338421613
"feature_sums[43,1,1]",3.82893135363007,0.00292138198158951,0.179380657080326,3.37466438212222,3.78327151816898,3.88120010789516,3.93841974924683,3.98697891741531,3770.28802272614,0.99967908035703
"feature_sums[43,1,2]",2.40144344745763,0.00343580595291078,0.203964536501214,2.06539393831261,2.24255452406573,2.38384333111221,2.54681252399937,2.81563453469279,3524.13121296118,0.99972589751505
"feature_sums[43,1,3]",2.7497512906226,0.00726302501043584,0.447580649119582,2.1080856791778,2.41353349503871,2.67483858438974,3.00650231918733,3.79809707243528,3797.58518328176,0.999681709193659
"feature_sums[43,1,4]",0,NA,0,0,0,0,0,0,NA,NA
"feature_sums[43,1,5]",0,NA,0,0,0,0,0,0,NA,NA
"feature_sums[43,1,6]",-0.723551980605719,0.0025332097812244,0.155267522190924,-0.958151732151658,-0.842015322231763,-0.745435416825985,-0.627174428678496,-0.372433120510046,3756.80741470028,0.999701735074475
"feature_sums[43,1,7]",-1.90079117740076,0.00119043901533693,0.0733780931649407,-1.98782239043216,-1.95141404245157,-1.91751627324264,-1.86983433253471,-1.72072979544822,3799.43080591793,0.999690983436385
"feature_sums[43,1,8]",3,NA,0,3,3,3,3,3,NA,NA
"feature_sums[43,2,1]",0,NA,0,0,0,0,0,0,NA,NA
"feature_sums[43,2,2]",2.04585028407153,0.0097718179355412,0.600464624525499,1.15565717160769,1.59023042275726,1.95517537477019,2.40793754686111,3.42353254818546,3775.93161073275,0.999692293227785
"feature_sums[43,2,3]",2.46841176819321,0.00555220501535089,0.342917599285132,1.64381147600384,2.29199566388772,2.53488058795799,2.71893594159786,2.92759896351251,3814.59610601665,0.999679089942317
"feature_sums[43,2,4]",1.07424514379653,0.000641016144546446,0.038117286618134,1.01174186886957,1.04438551565785,1.07082836393692,1.10149458641559,1.15173938101257,3535.9492251412,0.999696331332941
"feature_sums[43,2,5]",-2.55234298183065,0.0139946594860022,0.861621696634239,-3.79002283802845,-3.19863371077848,-2.69492634648151,-2.05812774074005,-0.541694396330832,3790.60543815273,0.999689224728444
"feature_sums[43,2,6]",-6,NA,0,-6,-6,-6,-6,-6,NA,NA
"feature_sums[43,2,7]",-2.7959733584945,0.00190355705990454,0.11724622236739,-2.9699999568862,-2.88555954674428,-2.81392078778616,-2.7243124320797,-2.52532974316429,3793.72562969686,0.999665062643638
"feature_sums[43,2,8]",0,NA,0,0,0,0,0,0,NA,NA
"feature_sums[43,3,1]",-5,NA,0,-5,-5,-5,-5,-5,NA,NA
"feature_sums[43,3,2]",0,NA,0,0,0,0,0,0,NA,NA
"feature_sums[43,3,3]",1.55747040883332,0.0138636746363533,0.85346648967566,-0.430092083194985,1.06336090607372,1.69689071002841,2.19927913282981,2.7900608063857,3789.799486124,0.999688042679228
"feature_sums[43,3,4]",3.29121569092427,0.00740294002046785,0.457223465713509,2.19174863467179,3.05599421851696,3.37984078394398,3.62524792213049,3.90346528468334,3814.59610601665,0.999679089942317
"feature_sums[43,3,5]",-4.84018791235298,0.00208496320970576,0.128075450353556,-4.98162259044678,-4.92536495352353,-4.87124188369406,-4.79231984861633,-4.52532339253558,3773.41864733685,0.99970384675408
"feature_sums[43,3,6]",-6.37459457726059,0.00719858750116317,0.444559727665623,-6.92103113177257,-6.68715635679701,-6.47243038085496,-6.17537771526507,-5.28495611108104,3813.86801435985,0.999681578815015
"feature_sums[43,3,7]",0,NA,0,0,0,0,0,0,NA,NA
"feature_sums[43,3,8]",-5.19933861718335,0.0115699708902112,0.712491877423037,-6.86220799932132,-5.6095754457945,-5.08176157675467,-4.66417738602719,-4.17399593697185,3792.23552882335,0.99968666838164
"feature_sums[43,4,1]",0.520344598193073,0.00487364066427647,0.301249662451415,-0.201358321214273,0.358678730055281,0.576534659853853,0.743313894406678,0.933689118585572,3820.72805472137,0.999669448484702
"feature_sums[43,4,2]",1.55472362054078,0.0046612476827317,0.288064218610808,0.860284910409444,1.40681846180033,1.61097295775867,1.76524627767308,1.93962962878699,3819.2164485531,0.999674954063949
"feature_sums[43,4,3]",0,NA,0,0,0,0,0,0,NA,NA
"feature_sums[43,4,4]",2,NA,0,2,2,2,2,2,NA,NA
"feature_sums[43,4,5]",-2.46841176819321,0.00555220501535089,0.342917599285132,-2.92759896351251,-2.71893594159786,-2.53488058795799,-2.29199566388772,-1.64381147600384,3814.59610601665,0.999679089942317
"feature_sums[43,4,6]",0,NA,0,0,0,0,0,0,NA,NA
"feature_sums[43,4,7]",3.45694050646939,0.0150647897287163,0.927961031523064,1.2819221594421,2.93219784877165,3.61414351109262,4.15063790210701,4.77788230210623,3794.31453473854,0.99968808614116
"feature_sums[43,4,8]",-2.04585028407153,0.0097718179355412,0.600464624525499,-3.42353254818546,-2.40793754686111,-1.95517537477019,-1.59023042275726,-1.15565717160769,3775.93161073275,0.999692293227785
"feature_sums[43,5,1]",-1.21502549525365,0.00214532496802845,0.132565392646162,-1.53086160946919,-1.28811921810604,-1.19111173838373,-1.11619656340955,-1.03011103831525,3818.33607355827,0.99966786619325
"feature_sums[43,5,2]",-8.14137772174862,0.00978341447430856,0.604299451835525,-8.89073517670004,-8.56803772195673,-8.27295448149991,-7.86663097228447,-6.66204986800138,3815.25433952149,0.999680711558486
"feature_sums[43,5,3]",-7,NA,0,-7,-7,-7,-7,-7,NA,NA
"feature_sums[43,5,4]",-0.299423526796796,0.0137505164399999,0.849478619364293,-2.34971622523301,-0.728457779890419,-0.131278211968482,0.318191424156702,0.824865348403234,3816.5142279535,0.999678373121779
"feature_sums[43,5,5]",0.689528961922945,0.0124916317292988,0.768688572246279,-1.09380860007021,0.239013988127124,0.812521278121414,1.26929195898712,1.80814320143238,3786.71399757553,0.999688419688126
"feature_sums[43,5,6]",0.915304715214705,0.0105786770206492,0.651754740248866,-0.612904116305005,0.545983522195976,1.02564223320608,1.40294169337759,1.84390199141393,3795.82062598375,0.999686135255226
"feature_sums[43,5,7]",0,NA,0,0,0,0,0,0,NA,NA
"feature_sums[43,5,8]",0,NA,0,0,0,0,0,0,NA,NA
"feature_sums[44,1,1]",0,NA,0,0,0,0,0,0,NA,NA
"feature_sums[44,1,2]",4.11519136975922,0.00964426129119283,0.588775857820713,2.63689906305451,3.81126029574034,4.22523871574931,4.54450064168338,4.88666179094797,3727.02281591884,0.999698676529187
"feature_sums[44,1,3]",6.03568808866458,0.0109430933502599,0.670845675018734,4.33202212499274,5.71047184261338,6.16962794030898,6.51606131982864,6.88065445868427,3758.07151557804,0.999693985747008
"feature_sums[44,1,4]",0.550728586410366,0.0044899855800845,0.271045741920553,-0.104152261177586,0.390563783414572,0.592122587636482,0.755632984092839,0.938036150197904,3644.141948478,0.999739012013758
"feature_sums[44,1,5]",-1.49506796217177,0.00497261463193263,0.299903953570382,-2.22423572296091,-1.67241027408388,-1.44842273310717,-1.26783584457019,-1.06767772148831,3637.43109353447,0.999747317826691
"feature_sums[44,1,6]",0,NA,0,0,0,0,0,0,NA,NA
"feature_sums[44,1,7]",-3.64020608550837,0.0067242568406026,0.408868471459695,-4.65173384747599,-3.86329526241607,-3.56934784437534,-3.3376419460805,-3.0847614240187,3697.24864472533,0.999708219459471
"feature_sums[44,1,8]",-3.76550591518514,0.00848342754556951,0.51858925638449,-5.07669424732108,-4.02705777304149,-3.66550394055931,-3.38955009659826,-3.09648262796862,3736.83842860205,0.999697426323692
"feature_sums[44,2,1]",-3.97193473379279,0.00154847403907066,0.0964464405867955,-4.01117394927615,-4.00955374019825,-4.00367435864861,-3.97478860200882,-3.73519829543158,3879.39991168047,1.00033468092457
"feature_sums[44,2,2]",0.792123129731279,0.0021310945893745,0.129288385189646,0.476467509221187,0.719259884595477,0.813212023113498,0.888489346238123,0.971810417132712,3680.55718185491,0.999714309259252
"feature_sums[44,2,3]",0,NA,0,0,0,0,0,0,NA,NA
"feature_sums[44,2,4]",0,NA,0,0,0,0,0,0,NA,NA
"feature_sums[44,2,5]",-0.68976508810793,0.00290721539069011,0.17256824745518,-0.955055259452607,-0.824377680492891,-0.709927210862857,-0.574111669697283,-0.298578795789477,3523.44388256995,0.999870981857878
"feature_sums[44,2,6]",-5,NA,0,-5,-5,-5,-5,-5,NA,NA
"feature_sums[44,2,7]",1.72448231104702,0.00312659810007427,0.191670192862496,1.23772060714078,1.63156338360382,1.76275084008828,1.86173180566533,1.96590127390979,3758.07151557804,0.999693985747008
"feature_sums[44,2,8]",1.27065935941502,0.00299254975656741,0.182728332092523,1.0340656830639,1.1376850884605,1.23541027377795,1.36356589171698,1.73396829667206,3728.45598058463,0.999701032416923
"feature_sums[44,3,1]",-1.42898592794548,0.00407164265488807,0.243428581689944,-1.99575114145544,-1.58577094523307,-1.39823020990662,-1.24112962942617,-1.06176932092439,3574.40555684369,0.999800923204003
"feature_sums[44,3,2]",3.21374733266404,0.00845075109625468,0.515082471654703,1.92655826852463,2.94194897128459,3.30753561881089,3.59166896435473,3.89809287522777,3715.03509839108,0.999702212246845
"feature_sums[44,3,3]",-3.06177035628894,0.0115731135494314,0.706531029384855,-4.83572112433459,-3.42648764511159,-2.92971354110083,-2.54659922997994,-2.13600585086244,3727.02281591884,0.999698676529187
"feature_sums[44,3,4]",-2.85089550288729,0.00185729077878361,0.114856893607686,-2.98285281498966,-2.92920856232018,-2.87634891065122,-2.80314721174115,-2.55653727923537,3824.32090522531,0.999706487623489
"feature_sums[44,3,5]",6.33172864828442,0.00792639003805916,0.488003365721871,5.08346444795559,6.11149333959275,6.43485348795863,6.67353774439331,6.92020849024187,3790.48477393574,0.999695905716582
"feature_sums[44,3,6]",1.47812053427326,0.0168544277823255,1.03119811373616,-1.11884734867906,0.960432989704654,1.67572302879152,2.22334848295265,2.80719325821693,3743.31345044845,0.999694483917517
"feature_sums[44,3,7]",0,NA,0,0,0,0,0,0,NA,NA
"feature_sums[44,3,8]",0,NA,0,0,0,0,0,0,NA,NA
"feature_sums[44,4,1]",-4.75149250481215,0.00309548463130601,0.19142815601281,-4.9714213583161,-4.88201427053363,-4.79391485108537,-4.67191201956858,-4.26089546539228,3824.3209052253,0.999706487623489
"feature_sums[44,4,2]",0,NA,0,0,0,0,0,0,NA,NA
"feature_sums[44,4,3]",7.13775884447649,0.00156329905003714,0.0958350964312478,7.0170493630451,7.06913409716734,7.11862457995586,7.18421830819809,7.38113969642961,3758.07151557804,0.999693985747008
"feature_sums[44,4,4]",1.85135683659838,0.00183716098420187,0.113488325209364,1.559767316982,1.80342973945212,1.87641893193813,1.92922170190733,1.98285300172019,3815.9963142484,0.999704139703243
"feature_sums[44,4,5]",0,NA,0,0,0,0,0,0,NA,NA
"feature_sums[44,4,6]",3.14639188598884,0.00896567578747014,0.54515796194626,1.79768820336535,2.84893965011191,3.24086954083288,3.54981073855933,3.88698476797506,3697.24864472532,0.999708219459471
"feature_sums[44,4,7]",0.921760234399674,0.000769837326807742,0.0467337475298688,0.812036948252331,0.89463872647753,0.928377433915987,0.956497573279269,0.988794257512586,3685.21887265166,0.999699151814136
"feature_sums[44,4,8]",-1.68972214852321,0.0146423775043988,0.896578971266011,-2.83541550745367,-2.33541504055369,-1.86420130998454,-1.24542437445699,0.574825658942308,3749.33199633735,0.999693904185955
"feature_sums[44,5,1]",6.03568808866458,0.0109430933502599,0.670845675018734,4.33202212499274,5.71047184261338,6.16962794030898,6.51606131982864,6.88065445868427,3758.07151557804,0.999693985747008
"feature_sums[44,5,2]",-2.16286940571153,0.00136968518696279,0.0762008870749504,-2.28766618659443,-2.22597270067598,-2.16374857069925,-2.10307475076158,-2.02662741996546,3095.12744589084,1.00052840150676
"feature_sums[44,5,3]",-1.96997681154129,0.000317184838320266,0.017658352432543,-1.99557209415288,-1.9799623533456,-1.9681000467567,-1.95744804187484,-1.95014001411227,3099.38496333661,1.00161258864636
"feature_sums[44,5,4]",8.55268650866187,0.00557187233635083,0.344570680823057,7.66961183770611,8.40944163522345,8.62904673195366,8.78762568696054,8.94855844496899,3824.3209052253,0.999706487623489
"feature_sums[44,5,5]",0,NA,0,0,0,0,0,0,NA,NA
"feature_sums[44,5,6]",-1.6103884592391,0.00709127881050697,0.435641100085629,-2.72273750022906,-1.81403227568276,-1.52046754599074,-1.30173893684471,-1.07401025769492,3774.05799914177,0.999694379153997
"feature_sums[44,5,7]",0.713717366587942,0.00287407023462189,0.1737515042255,0.293506527302207,0.612200619287792,0.74055666932494,0.844557797246148,0.960573859602108,3654.78970054001,0.999730267292404
"feature_sums[44,5,8]",0,NA,0,0,0,0,0,0,NA,NA
"feature_sums[45,1,1]",-3.02293089546102,0.00956892980728736,0.599975136728555,-3.87381078804323,-3.48017884045041,-3.12426876768525,-2.69130842822345,-1.61038749309907,3931.33243135681,0.999567773812831
"feature_sums[45,1,2]",6.89344569592976,0.0118176767716284,0.744942687462282,5.08525817961169,6.53015911846966,7.04232372477521,7.44282604642733,7.86749560752264,3973.5758557425,0.999486559308786
"feature_sums[45,1,3]",0,NA,0,0,0,0,0,0,NA,NA
"feature_sums[45,1,4]",-8.09576930309846,0.00106786774072582,0.0674650781222226,-8.26070913876635,-8.12658123599977,-8.08148976782272,-8.0469875201903,-8.01107274110996,3991.38040613875,0.999451720574561
"feature_sums[45,1,5]",4.54480243740754,0.0158814921538939,1.00241436499464,2.10399986274669,4.07214042645549,4.75104948876159,5.27639111197396,5.82863313494093,3983.93234406745,0.999466068008873
"feature_sums[45,1,6]",0.25764449281256,0.0121021054801163,0.757367822308456,-0.835531892059718,-0.324324616043295,0.134963624210541,0.68867310341664,2.02941026023489,3916.44319287864,0.999599668342801
"feature_sums[45,1,7]",-2.46655065630266,0.00547813522530625,0.344561151256085,-2.93393137254473,-2.72469836132981,-2.53098313991331,-2.28858101234552,-1.63965306856739,3956.09874226634,0.999520687226225
"feature_sums[45,1,8]",0,NA,0,0,0,0,0,0,NA,NA
"feature_sums[45,2,1]",3.86306422200811,0.00208017266062304,0.132199610363686,3.53538296006819,3.82535033565606,3.89858848532766,3.94638899733807,3.98855943968555,4038.88587662924,0.999366362007523
"feature_sums[45,2,2]",0,NA,0,0,0,0,0,0,NA,NA
"feature_sums[45,2,3]",1.90038764042222,0.001165843989109,0.0738306608275368,1.71964048089572,1.86913751656738,1.91677878971039,1.95244716158475,1.98889643640523,4010.4456532284,0.9994165044855
"feature_sums[45,2,4]",-4.71259391083507,0.0127522453539892,0.80028076966948,-5.83528565631993,-5.31982958431213,-4.85133479983503,-4.27767263066841,-2.81961402519927,3938.3240027297,0.999554107507282
"feature_sums[45,2,5]",0,NA,0,0,0,0,0,0,NA,NA
"feature_sums[45,2,6]",0.230002518732993,0.00863930341634447,0.545994363902945,-1.10532349046871,-0.01693113543104,0.346350414951356,0.623534520252632,0.91138724863551,3994.09936975305,0.999446514805933
"feature_sums[45,2,7]",-4.95746750291409,0.00119137759463635,0.0721468755172948,-5.09869857313612,-4.96057866075056,-4.94019719048297,-4.92966355351216,-4.92630020870414,3667.21353378885,0.999993719757037
"feature_sums[45,2,8]",5.28857575161831,0.00782528390035179,0.493958924845115,4.08126238349576,5.05784799593285,5.39163105045881,5.64848094090094,5.91700118591824,3984.57006615215,0.999465121166412
"feature_sums[45,3,1]",0.251693563841549,0.00674950584162054,0.419907435507367,-0.688926784726979,-0.0103257211030778,0.306413140601736,0.580633321792263,0.896322218510924,3870.46526985239,0.999683852049584
"feature_sums[45,3,2]",-1.9208472234341,0.00127972771223463,0.0812601967979712,-1.99417303567442,-1.97130885507424,-1.94372802598947,-1.89958754141843,-1.71684579288125,4032.00062113894,0.999368675655182
"feature_sums[45,3,3]",1.40975483923777,0.00569348122018864,0.356180882023641,0.573833671591834,1.20688913754039,1.46796886405766,1.68382245079543,1.92319631169221,3913.68101112843,0.999608888996638
"feature_sums[45,3,4]",1.14538227566624,0.00757714202540459,0.46987888738588,0.107065620992419,0.843716283558615,1.20185431018452,1.5159937941289,1.88003554508287,3845.57254052548,0.999734405280332
"feature_sums[45,3,5]",-8.13807627211385,0.00961080966653237,0.607185703100004,-8.90034533001037,-8.57711231828728,-8.26659208959552,-7.86076887600203,-6.65361775110288,3991.38040613873,0.999451720574561
"feature_sums[45,3,6]",0,NA,0,0,0,0,0,0,NA,NA
"feature_sums[45,3,7]",0,NA,0,0,0,0,0,0,NA,NA
"feature_sums[45,3,8]",-5.70116292126667,0.00349753196732699,0.22149198248261,-5.96668930921567,-5.85734148475425,-5.75033636913118,-5.60741254970214,-5.15892144268715,4010.44565322841,0.9994165044855
"feature_sums[45,4,1]",0,NA,0,0,0,0,0,0,NA,NA
"feature_sums[45,4,2]",-1.04269095387115,0.000511141677550207,0.0287411600788167,-1.06234234473308,-1.05912705131606,-1.04973143553269,-1.03375655986167,-1.00242641665264,3161.73887565755,1.00055395396823
"feature_sums[45,4,3]",-4.3084035599561,0.00738604798226779,0.465589179663926,-4.91718475470165,-4.65176627901708,-4.40145232798451,-4.08134944904354,-3.1782863622573,3973.57585574249,0.999486559308786
"feature_sums[45,4,4]",0,NA,0,0,0,0,0,0,NA,NA
"feature_sums[45,4,5]",0.478748335622757,0.00448649528808252,0.272221275321311,-0.0887780363862686,0.290856536495629,0.503319062383619,0.696004922798787,0.925067268944467,3681.54146768268,0.99984935962714
"feature_sums[45,4,6]",-7.23384557521231,0.00854294192580654,0.539720624977781,-7.91141807112033,-7.62409983847758,-7.34808185741824,-6.98735011200181,-5.91432688986923,3991.38040613874,0.999451720574561
"feature_sums[45,4,7]",-1.95450958386177,0.0104813267969158,0.658028549983944,-2.86804699646059,-2.45273518660005,-2.07206974704359,-1.60174732900478,-0.386576198199141,3941.45842156305,0.999550576550085
"feature_sums[45,4,8]",2.49237172088835,0.00507300701501466,0.318980187577077,2.0606081181088,2.25312804415242,2.43210525143628,2.65692558409122,3.26099459953413,3953.63426942038,0.999527402138026
"feature_sums[45,5,1]",2.58504213597366,0.00443162878936067,0.279353507798356,1.90697181735438,2.44880966942612,2.6408713967907,2.79105976741025,2.95031085282099,3973.57585574249,0.999486559308786
"feature_sums[45,5,2]",2.51240008807531,0.00435994742972256,0.262547783133046,2.07484435180541,2.30239472089472,2.49197749317096,2.69819089398776,3.04420035853455,3626.22047407659,0.999888275115324
"feature_sums[45,5,3]",-2.86335002699432,0.00114566535771798,0.0657417042351487,-2.97890476943305,-2.9152935227493,-2.86407447408609,-2.81170187944233,-2.75238224408884,3292.80758840907,1.00026076351323
"feature_sums[45,5,4]",3.5517443819,0.00524629795099048,0.332237973723915,2.73838216403072,3.41111882455321,3.62550455369677,3.78601222713137,3.95003396382351,4010.44565322841,0.9994165044855
"feature_sums[45,5,5]",0,NA,0,0,0,0,0,0,NA,NA
"feature_sums[45,5,6]",-3.28873420840355,0.00730418030040833,0.459414868341447,-3.91190849672631,-3.63293114843974,-3.37464418655107,-3.05144134979402,-2.18620409142318,3956.09874226634,0.999520687226225
"feature_sums[45,5,7]",3.05371815259243,0.00976833751180183,0.609030161870684,2.14220069811693,2.57954437876722,2.96561395388923,3.42050075544007,4.44693246181589,3887.19465745275,0.999658720881516
"feature_sums[45,5,8]",0,NA,0,0,0,0,0,0,NA,NA
"feature_sums[46,1,1]",-3.75372847712858,0.0129317764989344,0.795199342274143,-4.83330654075394,-4.34387534400707,-3.89670199530743,-3.34206021914461,-1.78644301651641,3781.25219623022,1.00072212328438
"feature_sums[46,1,2]",4.73911854742126,0.012823292538511,0.786832282819719,2.81346447915615,4.32014657079549,4.8740495457449,5.32663270938356,5.82790168783122,3765.00225365265,1.00072561787551
"feature_sums[46,1,3]",8.15740206446333,0.00971874115332599,0.59995855065887,6.64780947767821,7.8918968795106,8.28205253107128,8.58149808566881,8.89583862610081,3810.85534516815,1.00073754621687
"feature_sums[46,1,4]",1.12456667715231,0.00123664673135497,0.0754106009669656,1.01720905271944,1.06727171572965,1.11218885625987,1.16699815793791,1.30757575248859,3718.54888978485,1.00067405780126
"feature_sums[46,1,5]",0,NA,0,0,0,0,0,0,NA,NA
"feature_sums[46,1,6]",0,NA,0,0,0,0,0,0,NA,NA
"feature_sums[46,1,7]",-1.99029678879204,0.00987454597201367,0.604271519207993,-3.45618572771504,-2.32209988888745,-1.89147274381304,-1.53550114749353,-1.13747850806208,3744.81164508211,1.00072160088349
"feature_sums[46,1,8]",-3.45030842603086,0.00519844680222865,0.312705904442001,-3.92005716326587,-3.69185880617946,-3.49313387627382,-3.25944616793328,-2.72072442628842,3618.46982307557,1.00067060115796
"feature_sums[46,2,1]",-1.51099741320883,0.00446499756140754,0.265384913784782,-1.92636323293011,-1.7179178698068,-1.54089275832824,-1.33888367749496,-0.920006069422997,3532.72645124213,1.0006550923566
"feature_sums[46,2,2]",0,NA,0,0,0,0,0,0,NA,NA
"feature_sums[46,2,3]",2.00062233377744,0.000843573232324091,0.050173809650266,1.89424550486392,2.0052506883595,2.01298652516404,2.01642430126388,2.01742762246316,3537.59877290145,1.00036671981789
"feature_sums[46,2,4]",1.55917603937021,0.00537003834203327,0.324726523908346,1.08004310077985,1.30981208714389,1.51155913243154,1.75166915162436,2.32735021195483,3656.62777721949,1.00068114080952
"feature_sums[46,2,5]",1.90265467557708,0.00119332323118584,0.0736109285178673,1.71888974217493,1.87283467613789,1.91857035936925,1.95294627401322,1.9883928324085,3805.12038174899,1.00074649804769
"feature_sums[46,2,6]",4.78236901295986,0.0133821752434376,0.825234510791277,2.71342593092037,4.39010906857324,4.94485030301076,5.37960235594688,5.84421088151984,3802.78119496936,1.00073139649931
"feature_sums[46,2,7]",0,NA,0,0,0,0,0,0,NA,NA
"feature_sums[46,2,8]",-3.94926545618439,0.0106860771154258,0.655693569016433,-4.85658473985935,-4.43886059115296,-4.06170795478742,-3.60012214232957,-2.34455373263012,3765.00225365265,1.00072561787551
"feature_sums[46,3,1]",0,NA,0,0,0,0,0,0,NA,NA
"feature_sums[46,3,2]",3,NA,0,3,3,3,3,3,NA,NA
"feature_sums[46,3,3]",2.02959330838864,0.00073806506483541,0.0453051324933635,2.00033292353331,2.00527925103055,2.01526790485412,2.03552756801901,2.14765696749235,3767.95329842671,1.00055736387417
"feature_sums[46,3,4]",-2.89354131179905,0.00206350169815135,0.126814417863178,-2.99356289373906,-2.96638002614743,-2.92996164962288,-2.86776489502664,-2.56813273794507,3776.83144811997,1.00063264522311
"feature_sums[46,3,5]",-0.344989650015329,0.0068826283469227,0.42401726130242,-0.913652188401058,-0.658629677030133,-0.423616935345054,-0.129358580476634,0.712893502475609,3795.40771075634,1.00071562848729
"feature_sums[46,3,6]",-0.234611044152829,0.00782142761988898,0.48073424176958,-0.896609399151091,-0.59396997444522,-0.318843498883902,0.0201790204555476,0.951392212873433,3777.79209095078,1.00071347380987
"feature_sums[46,3,7]",-1.81275601432519,0.00215972025629466,0.133324122368638,-1.9768530280224,-1.90699957459307,-1.84045611801584,-1.75375486211347,-1.4772909950396,3810.85534516815,1.00073754621687
"feature_sums[46,3,8]",0,NA,0,0,0,0,0,0,NA,NA
"feature_sums[46,4,1]",2.59412300431995,0.00446072508114584,0.275078170263759,1.90447531030679,2.46336968952441,2.64828343433692,2.79320078531563,2.94807029383995,3802.78119496938,1.00073139649931
"feature_sums[46,4,2]",1.08663826199599,0.000732118315977811,0.039988502704916,1.01455580499999,1.05937700879971,1.09079689463103,1.11862542726578,1.13697159107141,2983.37428495121,1.0001400624468
"feature_sums[46,4,3]",-2.87996241318941,0.00180370513591257,0.110935752203662,-2.98815862271433,-2.94917524772595,-2.90750091144927,-2.84655909694581,-2.60203308015431,3782.78781236297,1.00071343497142
"feature_sums[46,4,4]",-6,NA,0,-6,-6,-6,-6,-6,NA,NA
"feature_sums[46,4,5]",0,NA,0,0,0,0,0,0,NA,NA
"feature_sums[46,4,6]",0,NA,0,0,0,0,0,0,NA,NA
"feature_sums[46,4,7]",-0.597466324850669,0.00362821003381101,0.212718888345933,-0.937784815642126,-0.762876944849325,-0.616254250628911,-0.452374114932295,-0.154852020397913,3437.37781281683,1.00058182407135
"feature_sums[46,4,8]",4.03005600428388,0.000442687736229258,0.0259326787510413,4.00444088932847,4.02016494655468,4.03172003413666,4.04229643950632,4.04988057011,3431.62464741122,1.00019555135533
"feature_sums[46,5,1]",-4.61268058391245,0.00568398311743377,0.339288908715967,-5.38025257209754,-4.82760046154647,-4.5711616810824,-4.34932781794201,-4.09076625812358,3563.14722399036,1.00064998511077
"feature_sums[46,5,2]",-1.56194604009684,0.00536995454033628,0.331249178330403,-1.94776774583823,-1.7882582330595,-1.63356661716164,-1.4277560426205,-0.735003839787176,3805.12038174901,1.00074649804769
"feature_sums[46,5,3]",0,NA,0,0,0,0,0,0,NA,NA
"feature_sums[46,5,4]",0,NA,0,0,0,0,0,0,NA,NA
"feature_sums[46,5,5]",-0.907380030127682,0.0121566412728409,0.749906802686465,-1.8614201297135,-1.44690093252086,-1.0572510456976,-0.557371672219027,0.975112886827019,3805.28670466578,1.00073342886668
"feature_sums[46,5,6]",2.06487469279158,0.00918169088348647,0.559651191851535,0.717991926905947,1.74903887995647,2.15241985329424,2.48910639803516,2.8683920468628,3715.26273128422,1.00071507868868
"feature_sums[46,5,7]",3.3038552452471,0.00734272748058524,0.451822398919286,2.1823888148894,3.07565611667572,3.38727876718066,3.63664737751345,3.90794789468334,3786.34945653993,1.00072772650016
"feature_sums[46,5,8]",-2.71913402148778,0.003239580384442,0.199986183552957,-2.9652795420336,-2.8604993618896,-2.76068417702376,-2.6306322931702,-2.2159364925594,3810.85534516814,1.00073754621687
"feature_sums[47,1,1]",3.87554405578779,0.0238091087973491,1.41615734053271,0.238371054483434,3.16676425896406,4.12635947895622,4.91891794629879,5.76098539317559,3537.82817682066,1.00027928390045
"feature_sums[47,1,2]",0,NA,0,0,0,0,0,0,NA,NA
"feature_sums[47,1,3]",-1.75483549334682,0.00298627695616361,0.178771126241122,-1.97442917251069,-1.88195794608838,-1.79128465187113,-1.67627698268197,-1.28211400225996,3583.72425712345,1.00027475218683
"feature_sums[47,1,4]",-1.33920412038706,0.00770290626567317,0.459368702015612,-1.92857459238394,-1.67319092547352,-1.42727407581346,-1.12195292744925,-0.136152555864634,3556.42437638215,1.00027992124289
"feature_sums[47,1,5]",-5.40534650235964,0.0073567945069988,0.440989158631846,-5.93859811159678,-5.71597823385913,-5.4966978881254,-5.21690149048799,-4.23834455431174,3593.17670130504,1.0002716411387
"feature_sums[47,1,6]",6.23756080183665,0.0191660926003324,1.13582189993246,3.35507714865637,5.63953701422744,6.42638191154702,7.08660582597134,7.79689526997802,3511.99033488034,1.00028110427396
"feature_sums[47,1,7]",0,NA,0,0,0,0,0,0,NA,NA
"feature_sums[47,1,8]",-8.18299462136825,0.00206847922480455,0.123062948528789,-8.50101209488,-8.24399830098409,-8.16073089677387,-8.09243313414654,-8.02036256852596,3539.58467466258,1.00028031582655
"feature_sums[47,2,1]",0,NA,0,0,0,0,0,0,NA,NA
"feature_sums[47,2,2]",-9,NA,0,-9,-9,-9,-9,-9,NA,NA
"feature_sums[47,2,3]",-5.71903765042224,0.0144793545736316,0.861440639701524,-6.85746202031827,-6.35296806097421,-5.8748837225829,-5.2920118931114,-3.49291533584,3539.58467466269,1.00028031582655
"feature_sums[47,2,4]",0,NA,0,0,0,0,0,0,NA,NA
"feature_sums[47,2,5]",3.0907219945772,0.011528244317932,0.69220554319795,1.25571825906215,2.80710618843899,3.23769879333407,3.57167190382827,3.9077919004612,3605.31986772869,1.00026710724362
"feature_sums[47,2,6]",6.02687637548501,0.00123181557232571,0.0703300550629239,5.88499517663827,6.02618695958336,6.04220562005747,6.05028022681289,6.05271868052442,3259.79684276273,0.999977149856098
"feature_sums[47,2,7]",1.01245067151941,0.000525599353826847,0.0302459419311052,0.942332620215871,1.01214123372419,1.01980147630253,1.02350392656726,1.02456495203362,3311.49865348411,1.00002858060117
"feature_sums[47,2,8]",1.35725864018937,0.00343362419280606,0.199958341763762,1.04543634333044,1.19987194585024,1.3362516059522,1.48747349594805,1.8150377477429,3391.35718116054,1.00027179617468
"feature_sums[47,3,1]",-2.65528101291341,0.00423068679925941,0.253443519199637,-2.96419539013153,-2.83460756728788,-2.70732560626324,-2.54547329202962,-1.98509247823253,3588.72871714776,1.00027306033143
"feature_sums[47,3,2]",-0.92868652859818,0.000639990757174835,0.0371575994874222,-0.989999976948353,-0.957504732703462,-0.930829763375379,-0.903571796519349,-0.850979751620096,3370.9157228127,1.00025695884267
"feature_sums[47,3,3]",7.35304840768573,0.0186163130232407,1.1075665367591,4.49089114608001,6.80401529114323,7.55342192903515,8.16810179268113,8.81673688326635,3539.5846746627,1.00028031582655
"feature_sums[47,3,4]",-1.62355754998555,0.00438053890555736,0.261268561082652,-1.95919658638507,-1.81348022332363,-1.67341410261023,-1.49981764673551,-0.940631349404667,3557.28960401245,1.00027922337773
"feature_sums[47,3,5]",-0.250011473356055,0.0194091538400781,1.15271470729705,-1.80173805646824,-1.10447918142034,-0.45034018875752,0.33806855763154,2.70259023112776,3527.20307071648,1.0002806391245
"feature_sums[47,3,6]",7,NA,0,7,7,7,7,7,NA,NA
"feature_sums[47,3,7]",0,NA,0,0,0,0,0,0,NA,NA
"feature_sums[47,3,8]",0,NA,0,0,0,0,0,0,NA,NA
"feature_sums[47,4,1]",-4,NA,0,-4,-4,-4,-4,-4,NA,NA
"feature_sums[47,4,2]",-6.93582751570613,0.0127680049643337,0.763509764068516,-7.88758790320693,-7.48274870757909,-7.08836352634839,-6.59189391831521,-4.92392107855784,3575.88138945221,1.00027629191986
"feature_sums[47,4,3]",-1.67132103566566,0.00381343041698474,0.227394146928104,-1.96430038567486,-1.83687486931396,-1.71450957073501,-1.56306297026931,-1.07757907177796,3555.71473210302,1.00027928015097
"feature_sums[47,4,4]",5.40534650235964,0.0073567945069988,0.440989158631846,4.23834455431174,5.21690149048799,5.4966978881254,5.71597823385913,5.93859811159678,3593.17670130504,1.0002716411387
"feature_sums[47,4,5]",0,NA,0,0,0,0,0,0,NA,NA
"feature_sums[47,4,6]",-1.70959952593014,0.00291372171703611,0.171007288016523,-1.96456220642386,-1.84247765446934,-1.73210904724324,-1.60569992223587,-1.29810917946733,3444.55479181957,1.00028005447807
"feature_sums[47,4,7]",2.43124049638904,0.00450864040194778,0.265972014860192,2.05074838764086,2.22762674112466,2.39073488526878,2.58237062020623,3.09739162204833,3480.01158485241,1.00028400958557
"feature_sums[47,4,8]",0,NA,0,0,0,0,0,0,NA,NA
"feature_sums[47,5,1]",-2.68969993195813,0.00404895717472947,0.243738693217103,-2.96922010559791,-2.85626753170924,-2.74283791492217,-2.59476620977425,-2.04282334785177,3623.78639452461,1.00026131659773
"feature_sums[47,5,2]",1.51742873785473,0.00577043389848297,0.344898691770464,0.608302724563881,1.36110244420974,1.58609260257836,1.76503678010293,1.94891070986446,3572.44995125419,1.00027739966093
"feature_sums[47,5,3]",0,NA,0,0,0,0,0,0,NA,NA
"feature_sums[47,5,4]",-7.35304840768573,0.0186163130232407,1.1075665367591,-8.81673688326635,-8.16810179268113,-7.55342192903515,-6.80401529114323,-4.49089114608,3539.5846746627,1.00028031582655
"feature_sums[47,5,5]",-4.28640145329762,0.00841734539326245,0.5027197599573,-4.92344433997455,-4.64920801990306,-4.38425625849543,-4.0537978028298,-2.9685031789666,3566.98773178265,1.00027750102475
"feature_sums[47,5,6]",0,NA,0,0,0,0,0,0,NA,NA
"feature_sums[47,5,7]",2.97286066304545,0.000937000696630023,0.0558306879282503,2.83777350066383,2.97162186995448,2.98869954423889,2.99650543211671,2.99984156718503,3550.30881462357,1.00010495422163
"feature_sums[47,5,8]",1.83237894762071,0.0014177988826394,0.0791060455925132,1.70322588724569,1.76824654303289,1.82976988458037,1.89489574272138,1.97568965657979,3113.07863555611,1.00018712687252
"feature_sums[48,1,1]",0,NA,0,0,0,0,0,0,NA,NA
"feature_sums[48,1,2]",0,NA,0,0,0,0,0,0,NA,NA
"feature_sums[48,1,3]",-6,NA,0,-6,-6,-6,-6,-6,NA,NA
"feature_sums[48,1,4]",-1.96305380032362,0.00960681905487466,0.598845022010921,-3.48422451886625,-2.28194235245646,-1.86947839244614,-1.5153846302468,-1.13749700345276,3885.70356605636,0.999864776567086
"feature_sums[48,1,5]",4.86646244890856,0.0119707929292108,0.745952301988032,2.93300673503818,4.5023757816663,4.99666985267455,5.41067332956021,5.84412054906478,3883.0794821128,0.999951228809159
"feature_sums[48,1,6]",-2.21154801148911,0.012178591555734,0.758305361700902,-4.13576124604573,-2.60896648923849,-2.09224852486258,-1.64825763563999,-1.17324439400105,3876.98501740008,0.999895221761074
"feature_sums[48,1,7]",1.48465640716603,0.0153258086468137,0.95474970727786,-0.948712578856722,0.988120320170965,1.63752091727247,2.19298556511119,2.78477812873616,3880.89837255054,0.999896318904133
"feature_sums[48,1,8]",4.52572066788732,0.00556321142782692,0.346215010662045,3.60427992109343,4.38140494353221,4.59591768725574,4.76730116055818,4.93964007525475,3872.93899257264,1.00008264719775
"feature_sums[48,2,1]",0.533733677059265,0.0158507304236733,0.987697595677689,-2.04610959887514,0.0680670085977702,0.713165981133133,1.24754546199526,1.80185093724259,3882.83944909384,0.99998017222622
"feature_sums[48,2,2]",0.7789696264303,0.00236533269469632,0.147456687832149,0.39437826479345,0.708294804152478,0.805408652849187,0.886106512326798,0.969984320194106,3886.37299255495,0.999960932596952
"feature_sums[48,2,3]",0,NA,0,0,0,0,0,0,NA,NA
"feature_sums[48,2,4]",0,NA,0,0,0,0,0,0,NA,NA
"feature_sums[48,2,5]",5.27994248400355,0.0173677170729543,1.08157538125247,2.5289580579874,4.71664406347937,5.4519783026328,6.08219998413966,6.7549786207219,3878.18136591436,0.999899487129904
"feature_sums[48,2,6]",4.94447578347403,0.0112681618071968,0.702167534213914,3.11780016789404,4.60721022703241,5.06939025338165,5.45451848544519,5.85601058694659,3883.07108763391,0.999964721733052
"feature_sums[48,2,7]",-7.60505615847911,0.0048934794581193,0.303921811414605,-7.95156543945026,-7.81162306148776,-7.66992479729334,-7.488790508296,-6.79225903057034,3857.34246929089,1.00015732118053
"feature_sums[48,2,8]",-7.51482540732063,0.0147895198271611,0.920610951530844,-9.82158900414557,-8.01958446740375,-7.37957941975825,-6.82250261312482,-6.22073078862646,3874.7539170251,0.999848878078301
"feature_sums[48,3,1]",0,NA,0,0,0,0,0,0,NA,NA
"feature_sums[48,3,2]",-1.04771079580737,0.000536305988531991,0.0335795635345856,-1.1382435481208,-1.06289080753465,-1.04098424644358,-1.02349550780621,-1.00605343504804,3920.3496330604,0.999948167175452
"feature_sums[48,3,3]",-1.56439947838843,0.00498529769238731,0.307259660892138,-2.27213621851092,-1.76181797611104,-1.53462934886236,-1.32517387242482,-1.08892244642494,3798.64667292923,0.999708013586306
"feature_sums[48,3,4]",-4.43086480146479,0.00667585371339228,0.415458012794454,-4.9275680903057,-4.72076139266982,-4.51510122470688,-4.25768593223866,-3.32513590531211,3872.93899257267,1.00008264719775
"feature_sums[48,3,5]",3.45234385811364,0.00611432920517924,0.380921679348421,2.44812031097443,3.28114237542048,3.52503430366864,3.72403596873343,3.92778713372801,3881.26900758217,1.00001884371684
"feature_sums[48,3,6]",0,NA,0,0,0,0,0,0,NA,NA
"feature_sums[48,3,7]",-1.85189605942967,0.00183505479679473,0.113970679280477,-1.98183703979385,-1.92935864805791,-1.876221798985,-1.808296440611,-1.54709713646388,3857.3424692909,1.00015732118053
"feature_sums[48,3,8]",5.51462391756771,0.0152218663401742,0.948066488558243,3.08829890944149,5.03160469847175,5.67026862697174,6.21376034872673,6.79064917286295,3879.19653513159,0.999919018119615
"feature_sums[48,4,1]",-2.46641909607692,0.0151982574303341,0.946544772236219,-3.7790519259322,-3.17432329188348,-2.61101220574447,-1.95883404460419,-0.0765134479184376,3878.77626740259,0.999868888881861
"feature_sums[48,4,2]",7.24115306861972,0.00890113828452305,0.553944017059272,5.76684787374948,7.01024790965154,7.35346829960918,7.62768185689309,7.9034241204076,3872.93899257265,1.00008264719775
"feature_sums[48,4,3]",-0.687993853965452,0.00337046904437632,0.210133275914625,-0.957948990433441,-0.840121211178132,-0.726294528428146,-0.588659154491363,-0.138025475588234,3886.95020173595,0.999971036227238
"feature_sums[48,4,4]",-2.03775304435716,0.00967248896732659,0.602394005335624,-2.86257233503955,-2.48549448371858,-2.13271067708505,-1.72180572897725,-0.507863034815619,3878.68755482804,0.999891632543982
"feature_sums[48,4,5]",0,NA,0,0,0,0,0,0,NA,NA
"feature_sums[48,4,6]",0.642187025695062,0.0177286204213596,1.10471857212439,-0.777852701733692,-0.156631876236127,0.441935643303259,1.16406462023016,3.52647623755946,3882.87515690205,0.999978527461234
"feature_sums[48,4,7]",9,NA,0,9,9,9,9,9,NA,NA
"feature_sums[48,4,8]",0,NA,0,0,0,0,0,0,NA,NA
"feature_sums[48,5,1]",-2.09531228377272,0.0122286584103585,0.761843358696843,-4.10375937805114,-2.43771524915903,-1.94993139266272,-1.55192806253314,-1.14442573254398,3881.26900758217,1.00001884371684
"feature_sums[48,5,2]",0,NA,0,0,0,0,0,0,NA,NA
"feature_sums[48,5,3]",-5.51462391756771,0.0152218663401742,0.948066488558243,-6.79064917286295,-6.21376034872673,-5.67026862697174,-5.03160469847175,-3.08829890944149,3879.19653513159,0.999919018119615
"feature_sums[48,5,4]",-6.52776210826298,0.00563408090359841,0.351083767106957,-7.44109991605298,-6.6963948864838,-6.46530487330917,-6.2727407572774,-6.07199470652671,3883.07108763391,0.999964721733052
"feature_sums[48,5,5]",1.74904530308925,0.00252131696012104,0.157001387719269,1.35074967813877,1.66659542413199,1.77373983808176,1.86576961290829,1.96414793794367,3877.50254770195,0.999892864956193
"feature_sums[48,5,6]",3.80252807923956,0.00244673972905965,0.151960905707303,3.39612951528517,3.744395254148,3.83496239864667,3.90581153074388,3.97578271972513,3857.34246929089,1.00015732118053
"feature_sums[48,5,7]",0,NA,0,0,0,0,0,0,NA,NA
"feature_sums[48,5,8]",-3.13565686922775,0.00855752419105556,0.532469622665715,-3.87471498066169,-3.53298957181806,-3.21611770689019,-2.850724891163,-1.79633820858606,3871.62603566858,0.999882682304194
"feature_sums[49,1,1]",0,NA,0,0,0,0,0,0,NA,NA
"feature_sums[49,1,2]",1.20348132643546,0.00969311868986203,0.604990053181989,-0.427997831783673,0.970508314357816,1.33501661192407,1.62704342254322,1.91011146194688,3895.55560202481,0.999663120295476
"feature_sums[49,1,3]",0.915126680154893,0.000875098042808661,0.0542214543726495,0.778117278715995,0.888000061155307,0.924052141367177,0.955690472864212,0.988901082826191,3839.09535989782,0.999544960858612
"feature_sums[49,1,4]",0.92988935826837,0.0010825154817794,0.0679051598260013,0.737409561065438,0.912183370431008,0.948253446446783,0.9733873962623,0.994184511169917,3934.93279180595,0.999776432050024
"feature_sums[49,1,5]",3.34749311953652,0.00312162775390176,0.19128458033993,3.04970650854721,3.19518054799615,3.32802396035345,3.46999274905204,3.77756984389206,3754.89414600548,0.999352961702712
"feature_sums[49,1,6]",0,NA,0,0,0,0,0,0,NA,NA
"feature_sums[49,1,7]",-9,NA,0,-9,-9,-9,-9,-9,NA,NA
"feature_sums[49,1,8]",-6.87075088501242,0.0128387044696563,0.79937091350724,-7.86568838174339,-7.44955979794516,-7.03119395665023,-6.52469887458148,-4.74633975949409,3876.62934709532,0.99960533755438
"feature_sums[49,2,1]",7.21614521302973,0.00934734385239265,0.58302843617366,5.64853563932721,6.98345455080625,7.34033782226375,7.62869764983198,7.91020648283425,3890.47865091119,0.999645660665758
"feature_sums[49,2,2]",0,NA,0,0,0,0,0,0,NA,NA
"feature_sums[49,2,3]",0,NA,0,0,0,0,0,0,NA,NA
"feature_sums[49,2,4]",2.25801512578567,0.00261035234969066,0.161551691443973,2.03338821930378,2.13432749242566,2.23170849468411,2.34349978281317,2.66849751388978,3830.22911070944,0.999479620398304
"feature_sums[49,2,5]",-1.98238646651507,0.00120646899989832,0.0739373031615201,-2.01305750332872,-2.01168336620352,-2.00692588830245,-1.98861853331645,-1.77424040652808,3755.73444389534,1.00001855378473
"feature_sums[49,2,6]",-2.4568401052678,0.00591179535485126,0.367365922365517,-2.93303280959863,-2.72798567974829,-2.52565121932692,-2.28602988111216,-1.49559169772293,3861.52589643474,0.999568536843224
"feature_sums[49,2,7]",-3.30660943170812,0.00385403180347702,0.240773313442243,-3.95833260636318,-3.39415077989609,-3.25269452699077,-3.14089260860177,-3.03376758982453,3902.88819704028,0.999689299650936
"feature_sums[49,2,8]",2.12597429428866,0.0207036423322282,1.28745148855647,-1.25694318973089,1.5432153358927,2.37247367669005,3.06857572216878,3.77108298554801,3866.94713353793,0.999585060230158
"feature_sums[49,3,1]",0,NA,0,0,0,0,0,0,NA,NA
"feature_sums[49,3,2]",-3.02680441899013,0.000325282158939555,0.0187907584729519,-3.04282505242866,-3.03827117438145,-3.02974023088681,-3.01878776029833,-3.00299786491706,3337.09164170865,0.99956169332026
"feature_sums[49,3,3]",-5.49845749177663,0.00614290986929896,0.383487951244791,-5.9437843873984,-5.76630770034569,-5.58253933310119,-5.35227983216088,-4.46195069945369,3897.22213372016,0.999666516462696
"feature_sums[49,3,4]",0,NA,0,0,0,0,0,0,NA,NA
"feature_sums[49,3,5]",4.69179489751072,0.0136778794128364,0.848178398031325,2.51342540513028,4.27171294210374,4.83856302531156,5.32785368680417,5.83305180325652,3845.35884165052,0.999535257978109
"feature_sums[49,3,6]",-3,NA,0,-3,-3,-3,-3,-3,NA,NA
"feature_sums[49,3,7]",-2.01186522795171,0.0106230068906485,0.658894754786464,-3.71167553334384,-2.33747129415822,-1.8962350490782,-1.51728957341919,-1.12811711941609,3847.13276610572,0.999531774789965
"feature_sums[49,3,8]",3.20827659677251,0.0182020794757538,1.1267868834182,0.354603727156587,2.62232811389252,3.3914113814773,4.06445595638486,4.76658854281907,3832.1416437967,0.999504054275711
"feature_sums[49,4,1]",-2.06953361002749,0.00937559196299878,0.580087220640994,-2.87782293186119,-2.51137540899106,-2.16173191493158,-1.76433427398665,-0.608514946671177,3828.1522332514,0.999498691759061
"feature_sums[49,4,2]",0,NA,0,0,0,0,0,0,NA,NA
"feature_sums[49,4,3]",-6.22036650856115,0.00923297666449977,0.575760228150828,-6.91023815646337,-6.62924905892823,-6.34211155904364,-5.98776996295573,-4.67404679636417,3888.65887963089,0.999639521057697
"feature_sums[49,4,4]",-2.19693665268237,0.00858262579630694,0.532848902551336,-2.89964387927256,-2.59360700244773,-2.29365020787513,-1.94143339515229,-0.812097031659283,3854.49774578646,0.999550323867606
"feature_sums[49,4,5]",0,NA,0,0,0,0,0,0,NA,NA
"feature_sums[49,4,6]",5.03489979910087,0.00102366117534935,0.0629335504417079,5.00028399311901,5.0048849923979,5.01551541744096,5.03713778627908,5.20515222537746,3779.65363277578,0.999972093750126
"feature_sums[49,4,7]",8,NA,0,8,8,8,8,8,NA,NA
"feature_sums[49,4,8]",-3.12786326500715,0.00911858627522427,0.565452265354216,-3.88870120217101,-3.55190245786945,-3.22570868354104,-2.84780862806916,-1.67561693675352,3845.35884165052,0.999535257978109
"feature_sums[49,5,1]",0.0649127117826628,0.0105751896006115,0.65829027389836,-1.68014048261346,-0.222242843484716,0.195820130458798,0.542334504664276,0.888136051015756,3874.88262795126,0.999602691242903
"feature_sums[49,5,2]",1.71027575041757,0.00339128468773598,0.211390855152172,1.14371202178466,1.62311086870182,1.7544004201288,1.86131302778324,1.96635910469197,3885.47298136701,0.999628912593384
"feature_sums[49,5,3]",-4.29421930313276,0.00802419029353516,0.499606820942025,-4.91605523858962,-4.65597487371572,-4.39449622290639,-4.07793679661342,-2.96646234968381,3876.62934709534,0.99960533755438
"feature_sums[49,5,4]",2.4568401052678,0.00591179535485126,0.367365922365517,1.49559169772293,2.28602988111216,2.52565121932692,2.72798567974829,2.93303280959863,3861.52589643474,0.999568536843224
"feature_sums[49,5,5]",4.357929673917,0.0169743692414279,1.0519087483957,1.6706780756281,3.82700084943702,4.53564887607901,5.15076911860615,5.78865826761686,3840.33264297216,0.999523622777809
"feature_sums[49,5,6]",-4.03849277311847,0.0102606523100599,0.634013662173896,-5.61522847617676,-4.38231954047511,-3.94307885582431,-3.55216995797683,-3.1386528342476,3818.09992243145,0.999481205748665
"feature_sums[49,5,7]",0,NA,0,0,0,0,0,0,NA,NA
"feature_sums[49,5,8]",0,NA,0,0,0,0,0,0,NA,NA
"feature_sums[50,1,1]",-2,NA,0,-2,-2,-2,-2,-2,NA,NA
"feature_sums[50,1,2]",0,NA,0,0,0,0,0,0,NA,NA
"feature_sums[50,1,3]",0,NA,0,0,0,0,0,0,NA,NA
"feature_sums[50,1,4]",-0.596164600026131,0.00415305808400361,0.26284999492325,-0.944073618236524,-0.794047685499452,-0.647746930708887,-0.461740969757402,0.0698449093017595,4005.71397582203,1.00036448820811
"feature_sums[50,1,5]",-3.46854596345812,0.00603332608003104,0.381221761604695,-3.93127874932003,-3.74305277690413,-3.55334660345868,-3.30156458834157,-2.47750720073234,3992.47101306694,1.00028840793346
"feature_sums[50,1,6]",7.20578775723514,0.0093448305673185,0.59009575139062,5.66419342582812,6.96160540704913,7.34143574037556,7.62338971622188,7.8998414260867,3987.51300543584,1.00026627955615
"feature_sums[50,1,7]",5.88026331305141,0.0075613268524831,0.475400128803845,5.1407809748927,5.50211230949807,5.82751579503231,6.2006735289607,6.8984481652466,3952.96133855563,1.0005251432434
"feature_sums[50,1,8]",-6.19790580761572,0.0183859894128549,1.16031035509427,-7.74582646868344,-7.06982277451571,-6.41842319024095,-5.60031932038364,-3.29502109878771,3982.67001897523,1.00035279021099
"feature_sums[50,2,1]",0,NA,0,0,0,0,0,0,NA,NA
"feature_sums[50,2,2]",1.49800669043474,0.00429885181324205,0.269912139341759,1.07979608787566,1.28369792764273,1.46712654831144,1.67782104553374,2.08530427927958,3942.21118232113,1.00050249612136
"feature_sums[50,2,3]",1.43990529483079,0.00441605760142857,0.27944224630841,1.0620490174512,1.22754482518721,1.38744932225632,1.58828318134882,2.13979908514971,4004.18992354935,1.00038487115656
"feature_sums[50,2,4]",0,NA,0,0,0,0,0,0,NA,NA
"feature_sums[50,2,5]",-5.45583736775347,0.0158206112297203,0.998515852708163,-6.78295611091763,-6.20502274018554,-5.64710128555772,-4.94477552899268,-2.95269281976032,3983.4870674376,1.00035018835174
"feature_sums[50,2,6]",1.79274906671383,0.00258864997207877,0.163207507744946,1.36576690062548,1.73138189031789,1.83182351881727,1.90471246475167,1.97488148905325,3974.96770526807,1.00023497231868
"feature_sums[50,2,7]",0.450226709916254,0.00586981277871846,0.370793925445101,-0.496105277287611,0.271747650678003,0.526406816428359,0.724190817168508,0.92535130748911,3990.40267185332,1.00032578387763
"feature_sums[50,2,8]",-6.85646112015499,0.0127795814817244,0.807460701716369,-7.85023336290624,-7.44178621220314,-7.03277153429567,-6.49410208837478,-4.76608870661835,3992.1745986286,1.00029743754995
"feature_sums[50,3,1]",-6.85646112015499,0.0127795814817244,0.807460701716369,-7.85023336290624,-7.44178621220314,-7.03277153429567,-6.49410208837478,-4.76608870661835,3992.1745986286,1.00029743754995
"feature_sums[50,3,2]",1.89637453335691,0.00129432498603939,0.0816037538724732,1.68288345031274,1.86569094515894,1.91591175940864,1.95235623237584,1.98744074452663,3974.96770526805,1.00023497231868
"feature_sums[50,3,3]",-0.203172046810579,0.0130192603600822,0.82230139770675,-2.30932710426248,-0.590813753485049,-0.0312746077346451,0.400737866712852,0.838143359504844,3989.23327229259,1.00031605167229
"feature_sums[50,3,4]",1.78283206683052,0.0027319143000165,0.172847177724974,1.32053640556174,1.71790928478876,1.82589861253802,1.90265435423099,1.97472769445386,4003.04472649218,1.00024689585696
"feature_sums[50,3,5]",0,NA,0,0,0,0,0,0,NA,NA
"feature_sums[50,3,6]",0,NA,0,0,0,0,0,0,NA,NA
"feature_sums[50,3,7]",4.98888987388754,0.00199399378901515,0.123993029482867,4.68496456419359,5.00517551135794,5.02375012914862,5.03144116652064,5.03369001686443,3866.75752872539,1.00007883741763
"feature_sums[50,3,8]",-5.74994989326547,0.00234623154189118,0.148396679650013,-5.96291175855871,-5.86547278145353,-5.77379567792777,-5.66235223510543,-5.3961352494352,4000.42957735734,1.00045382781843
"feature_sums[50,4,1]",4.09927653034561,0.00116810382091481,0.0737619689238275,4.01251982173916,4.04707628547227,4.08232053245306,4.12979932411886,4.29197582177149,3987.51300543583,1.00026627955615
"feature_sums[50,4,2]",2.21994250385394,0.0122942843427836,0.775944260524063,1.17347836374008,1.63376531221681,2.07553922893059,2.62731192030808,4.15200389051818,3983.40572897901,1.00036332614885
"feature_sums[50,4,3]",0,NA,0,0,0,0,0,0,NA,NA
"feature_sums[50,4,4]",0,NA,0,0,0,0,0,0,NA,NA
"feature_sums[50,4,5]",0.91837068319567,0.00077047631884009,0.0483826561274745,0.803733819715957,0.890387551649559,0.925932808689159,0.955653943442774,0.987675370562615,3943.30912422587,1.00039692448376
"feature_sums[50,4,6]",1.54950324026186,0.00470865098144024,0.297443984640577,0.795870544483874,1.40154697479686,1.60872734888141,1.77126710264077,1.93787112922827,3990.40871040471,1.00034118675603
"feature_sums[50,4,7]",-4.67643202950298,0.0135605239111888,0.855870730892711,-5.81396238078654,-5.31859092015903,-4.84037253047805,-4.23837902485087,-2.53087955979456,3983.48706743758,1.00035018835174
"feature_sums[50,4,8]",-3.4282305600775,0.00638979074086219,0.403730350858184,-3.92511668145312,-3.72089310610157,-3.51638576714784,-3.24705104418739,-2.38304435330917,3992.1745986286,1.00029743754995
"feature_sums[50,5,1]",0.292017478688308,0.00855130418185315,0.539602986745721,-1.11925293614771,0.0778755390014014,0.418453148413688,0.668763555238449,0.912242946623225,3981.84159848486,1.00025157942224
"feature_sums[50,5,2]",5.68912360007074,0.00388297495811817,0.24481126161742,5.04865035093823,5.59707283547684,5.74773527822591,5.85706869712751,5.96232223357988,3974.96770526805,1.00023497231868
"feature_sums[50,5,3]",4.60175823272647,0.0141716600472052,0.894200881697846,2.37190959791782,4.13667359934916,4.76955882968516,5.27532734876637,5.80171563605598,3981.33512863051,1.00035694047492
"feature_sums[50,5,4]",-0.601763514718057,0.00405741408784053,0.256398944028977,-0.944151003039232,-0.79510218291091,-0.650842666125339,-0.468984013401311,0.0422169661239193,3993.31710902465,1.00036372294726
"feature_sums[50,5,5]",-2.57117292005812,0.00479234305564665,0.302797763143638,-2.94383751108984,-2.79066982957618,-2.63728932536088,-2.43528828314054,-1.78728326498188,3992.17459862859,1.00029743754995
"feature_sums[50,5,6]",-2.76475729399603,0.0180806985482518,1.14116097452362,-5.62549392027392,-3.34882796686551,-2.54616995936261,-1.90854543978796,-1.24805015895128,3983.48706743757,1.00035018835174
"feature_sums[50,5,7]",0,NA,0,0,0,0,0,0,NA,NA
"feature_sums[50,5,8]",0,NA,0,0,0,0,0,0,NA,NA
"log_lik[1]",-1.11192549858588,0.00299886487654189,0.228964524044421,-1.59419667403557,-1.25213378286692,-1.1012030897293,-0.96227511543876,-0.6848165095184,5829.38313076951,0.999547364963833
"log_lik[2]",-0.685973613713613,0.00253131819538292,0.179669830366258,-1.05111554293253,-0.802602665735493,-0.683950959786848,-0.565464581999684,-0.344250502161663,5037.98457821703,0.999651251345402
"log_lik[3]",-1.06267621496357,0.00342644852709709,0.231899841457556,-1.57793268561565,-1.19080173639533,-1.03888646279062,-0.909143126789981,-0.662795046051335,4580.49569379365,0.999581324185952
"log_lik[4]",-0.358776836213107,0.00201870835810406,0.150314727979236,-0.732802381262473,-0.436282283482368,-0.337749325937146,-0.25347284134967,-0.135962115995531,5544.41727775445,0.999295834037906
"log_lik[5]",-0.51739652357342,0.00343291240527098,0.254479019572068,-1.11709322531733,-0.657273585698476,-0.486556777463893,-0.332668083761154,-0.125186845769048,5495.13696675613,0.999523928697169
"log_lik[6]",-0.851017260133354,0.00354594340486882,0.273826911098384,-1.49460969619751,-0.99984172292573,-0.812064150635966,-0.664428882108282,-0.417899667962113,5963.32742112709,1.00012151774972
"log_lik[7]",-0.601418413090206,0.00269275057010239,0.205677903156247,-1.07333493320383,-0.717847667032011,-0.581581923085275,-0.457211899092892,-0.260458475178185,5834.22292181895,0.999849076266407
"log_lik[8]",-0.7019547170029,0.00216844509121414,0.15903618596076,-1.03432354446778,-0.80289560349412,-0.699000536156235,-0.595104645501228,-0.394319935272514,5378.91949813695,0.99996519275847
"log_lik[9]",-0.513645033395879,0.00151403929295898,0.0988986233778846,-0.745419681484269,-0.560430471997979,-0.502819729481162,-0.451216325774142,-0.3522009455118,4266.83845314282,1.00047336569865
"log_lik[10]",-0.786842678106476,0.00175342939786497,0.125795262129037,-1.04117750785634,-0.864927429828089,-0.78785443715659,-0.708579005065609,-0.531107072636273,5146.97432231884,1.00043667538825
"log_lik[11]",-1.13983787245032,0.00666671885204563,0.502916205099024,-2.35958390216869,-1.4271048052231,-1.05804910989952,-0.788625466019708,-0.376160849158804,5690.71686838847,0.999801664796406
"log_lik[12]",-0.315421014841456,0.00232302114360565,0.173766994103433,-0.772683419777459,-0.396966836584773,-0.282012956041366,-0.193570839475,-0.0853679262368383,5595.36280810396,0.999213264813513
"log_lik[13]",-0.438175357713555,0.00397370585385999,0.280860006076744,-1.14199898785443,-0.562770190463951,-0.369260679394611,-0.243810951312282,-0.0902219539859118,4995.60819719998,1.00000369640443
"log_lik[14]",-0.846770204491707,0.00373674253347776,0.24736896508724,-1.41282884216626,-0.99123530925868,-0.816497374803555,-0.672229556215009,-0.446485128413575,4382.31986429428,0.999263672082672
"log_lik[15]",-0.880409608619964,0.00259237352815744,0.170421368435728,-1.25375383305141,-0.985378418063666,-0.863728540510313,-0.762496008127161,-0.595469825395262,4321.68332504693,0.999215423994156
"log_lik[16]",-0.676717362074815,0.00458197626553477,0.311282495738112,-1.40139355112065,-0.847389725217019,-0.634320318894862,-0.451948946139994,-0.194428060951666,4615.34031116805,0.999433565554602
"log_lik[17]",-1.00367025869158,0.00266759694666549,0.194799183186566,-1.43900008502063,-1.10693728212438,-0.988739219897972,-0.87955155550978,-0.663792193199532,5332.53653589736,0.999708466707568
"log_lik[18]",-0.494132342284811,0.00124667179620216,0.091467128422359,-0.687276154567606,-0.544741705406337,-0.49115263943228,-0.439724807965263,-0.319147214401401,5383.01785963154,0.999516749990555
"log_lik[19]",-0.470347620319651,0.00167696185069301,0.125065397293842,-0.74406159696687,-0.540292190050447,-0.458696665420661,-0.390212965379931,-0.25462051208849,5561.96137100863,0.999991019255199
"log_lik[20]",-0.742191233559451,0.00597034314531397,0.402080887077753,-1.69533996190099,-0.972777774037071,-0.682051374547084,-0.443062768127111,-0.157317914860427,4535.53239227235,0.999544870599803
"log_lik[21]",-0.693593554458808,0.00484555120027248,0.326284089271718,-1.46490207969007,-0.885784263753222,-0.649814896270881,-0.450197143438926,-0.200135517336044,4534.24955946063,0.999639169205703
"log_lik[22]",-0.461462457994102,0.00195780437537633,0.142398517817424,-0.779372296778533,-0.540942337812983,-0.448455763244422,-0.369598061481834,-0.212869674704012,5290.20313171075,1.00006667916691
"log_lik[23]",-0.597816839905096,0.00275424121936976,0.186900388012306,-1.01235990810544,-0.711250921337925,-0.582477390196675,-0.464304660319205,-0.279503932626797,4604.86029520092,0.999385082356285
"log_lik[24]",-0.925481972144716,0.00190666023711126,0.131028906315109,-1.22896695419465,-0.993923012464241,-0.913173660442707,-0.843485063611471,-0.700923928495722,4722.67014049886,0.999334061064142
"log_lik[25]",-0.871689824480321,0.00246023063351529,0.167693645808708,-1.20804614682389,-0.972306211026709,-0.868072333425196,-0.764294434944563,-0.555747242064478,4646.02529481265,0.999468325507401
"log_lik[26]",-0.589110797778998,0.0035409586653511,0.252084921196387,-1.17738400021313,-0.729998452798851,-0.561087571514474,-0.411112256206643,-0.190932313933757,5068.17990698433,0.999499378405263
"log_lik[27]",-0.559047754448716,0.00197790095364895,0.136931907676696,-0.855633132224812,-0.635791162269832,-0.547435848868414,-0.466677804219609,-0.324586140625172,4792.92063313764,0.999574788572796
"log_lik[28]",-0.882542418288476,0.00304786309057614,0.221251478331471,-1.38039975555536,-1.00494980572666,-0.862149427467653,-0.734293996456982,-0.513125129873158,5269.64613977678,0.99927552167835
"log_lik[29]",-1.03169541695924,0.0106119811510677,0.644141898265644,-2.48476971485624,-1.43206465564897,-0.923948546662704,-0.537192580060735,-0.113000702675021,3684.42870980062,0.999835655239021
"log_lik[30]",-0.890277199355805,0.00342115981185193,0.24071424056836,-1.4343963854082,-1.01201712482157,-0.866270016193792,-0.733641067246001,-0.479270943360342,4950.58867457905,0.999311312196014
"log_lik[31]",-0.574197025240469,0.00299795652204938,0.215248203810924,-1.08246047654305,-0.690373695122603,-0.552634200216552,-0.430843420362339,-0.224299388630427,5154.99693922965,0.999469626057908
"log_lik[32]",-0.881989629721943,0.00291215705162092,0.166424377128546,-1.18928807268542,-0.987297959006366,-0.892492347246671,-0.784811644940407,-0.524262608716642,3265.91062136344,1.0002160517511
"log_lik[33]",-0.981075539301836,0.00447538315175649,0.292222619819763,-1.59235656520535,-1.15992506576124,-0.975133267012829,-0.793258007758287,-0.418332649237399,4263.50930107181,1.00017614219648
"log_lik[34]",-0.687830015584269,0.00384964853742879,0.288536958650487,-1.33912409695751,-0.851781790835019,-0.657100050980854,-0.479762112321687,-0.226389424511568,5617.72837625473,1.00041844488887
"log_lik[35]",-1.07361167352767,0.00660004706498879,0.449116527178344,-2.06591573593143,-1.33310218477131,-1.0483046007137,-0.757283965616455,-0.300641243538353,4630.45863787172,1.00006202285463
"log_lik[36]",-0.807802127738415,0.00332614873745774,0.23850098549892,-1.35415615746641,-0.940807564161786,-0.777250409814593,-0.645069975376843,-0.417634476126133,5141.58504795004,1.00055760155724
"log_lik[37]",-0.808130940044822,0.00332975906788902,0.238353022791679,-1.35016467897686,-0.94035405748323,-0.777493441285772,-0.646128284983468,-0.417181884902109,5124.07770940761,1.00055402205261
"log_lik[38]",-0.261727713091337,0.0021082021170944,0.140706744810537,-0.589952792334736,-0.335589610121913,-0.239973822650915,-0.160971715525354,-0.0590575721482528,4454.56542251116,0.999879989195796
"log_lik[39]",-0.335611994742569,0.00177414233170946,0.11658710755933,-0.583643144789432,-0.406063440309224,-0.327274497090108,-0.25524155008693,-0.131637796421733,4318.41264520447,0.999774800905606
"log_lik[40]",-0.297194840509254,0.00192694045903612,0.129522071688627,-0.586026433799521,-0.370394701938238,-0.283501690600844,-0.20499627157788,-0.0896994607532736,4518.04938351579,0.999905904426825
"log_lik[41]",-0.431573264530638,0.00146038565819185,0.0924635994741769,-0.614374008505846,-0.489101268157934,-0.4334322515551,-0.375003042224219,-0.240815936641964,4008.72692636059,0.999840235891393
"log_lik[42]",-0.525587763248245,0.0032678978221631,0.231839915685709,-1.03346008773742,-0.661365264668655,-0.508090336760922,-0.358784157711049,-0.147503035262771,5033.14546756581,0.9995727459134
"log_lik[43]",-0.51039393194808,0.00202183359797183,0.122092030411859,-0.78219035339924,-0.57443244861829,-0.50381378509367,-0.434386242360654,-0.290397738825446,3646.56378025709,1.00022000100208
"log_lik[44]",-0.458714503867763,0.00154069679444187,0.0946656513281553,-0.645283510072077,-0.516993901426357,-0.46058681725955,-0.401014976789846,-0.262937641802219,3775.29155578661,0.999925690070214
"log_lik[45]",-0.940649994045298,0.00254344185621486,0.165664134067459,-1.334111404758,-1.02449835437564,-0.921469365873573,-0.832520551049504,-0.66512751326591,4242.41706989056,1.00015902924782
"log_lik[46]",-0.866686824337809,0.00198467164565218,0.137866465661429,-1.17181020476032,-0.93940465922436,-0.858588488771949,-0.778341315599491,-0.614074130754656,4825.47371301017,0.999963982795942
"log_lik[47]",-0.675699244914829,0.00365634245451919,0.244243050574619,-1.2416697586098,-0.818676179370715,-0.647501061439589,-0.499882852577817,-0.283311992114188,4462.21714884961,1.0001250848833
"log_lik[48]",-0.75965650271065,0.00513158768958433,0.343381113556997,-1.58535246716981,-0.944446956141515,-0.709585558588234,-0.510846973652126,-0.24506275609838,4477.64130459193,1.00013215157895
"log_lik[49]",-0.765571462406117,0.00427479872744456,0.285061164716156,-1.4330841132494,-0.927071126127035,-0.724417840290585,-0.560524958673303,-0.327049795626915,4446.7710302697,0.999724132896708
"log_lik[50]",-0.456106007624568,0.00134846216511799,0.090762474421244,-0.627765227776831,-0.511523915141457,-0.458105103971477,-0.404804069819812,-0.264128564410504,4530.38513392199,1.00016895968014
"log_lik[51]",-0.399233878853451,0.00186626505099719,0.142269962434702,-0.728283584029694,-0.482123772177024,-0.383742763930953,-0.300022909281662,-0.16242274213349,5811.3868617235,0.999554067973704
"log_lik[52]",-0.791457795143172,0.00398891157782603,0.254324595137008,-1.36705227308643,-0.942467936907685,-0.765081467420424,-0.61460379985505,-0.370057909257565,4065.06884216668,0.999838466020449
"log_lik[53]",-0.375412614262933,0.00247148871353736,0.184287511209298,-0.839235378856156,-0.469477946427543,-0.34379469177251,-0.245091401982271,-0.108734795646412,5559.99686715262,0.999492495665707
"log_lik[54]",-0.591548123790157,0.00232131890598791,0.158904090885907,-0.939348760368508,-0.688952037825746,-0.58211171452107,-0.482272613787827,-0.312225615770398,4685.98116798204,1.00012216291285
"log_lik[55]",-0.349091455552193,0.00321665557536991,0.234061463685139,-0.977360348010275,-0.45084340480215,-0.292378106728407,-0.182392051549044,-0.0604659713375534,5294.81402767196,0.999360028015846
"log_lik[56]",-0.47812865026558,0.00135558108940854,0.0897359263446167,-0.643616451654603,-0.534581307497702,-0.48537766749211,-0.429523695515519,-0.275434664153958,4382.09408070544,1.00012831866551
"log_lik[57]",-0.567407666341299,0.00209360011011112,0.142336529541893,-0.87083396752607,-0.650251875036193,-0.558441474780368,-0.471975361631926,-0.312482997143215,4622.16325063909,1.00011692081207
"log_lik[58]",-1.14342712628464,0.0039917302824303,0.281468535384065,-1.78537841391223,-1.29307595813244,-1.11389442989088,-0.953298927940617,-0.683582040817948,4972.07108556432,0.999996793474872
"log_lik[59]",-0.415560900065555,0.00162409362786718,0.123122110948835,-0.683951861178684,-0.490381133349965,-0.40699989361011,-0.33253868625831,-0.194144695382035,5747.11623865198,0.999666580335041
"log_lik[60]",-0.813511458766984,0.00562629629981677,0.396650956704064,-1.74943198923598,-1.04494036391125,-0.75686724864067,-0.523344099719795,-0.213913395853148,4970.17651088653,1.00018602957815
"log_lik[61]",-0.272404085175793,0.00190340662753271,0.134118967645094,-0.588672516133738,-0.349685020642015,-0.256736448078832,-0.176568282065368,-0.0593822240778312,4964.97709637307,1.00022687871594
"log_lik[62]",-0.751892236577445,0.00388430116960534,0.254835864660209,-1.37409872934631,-0.874469960450913,-0.708635784186263,-0.58087883840333,-0.373207286768753,4304.22838042476,0.99965495568337
"log_lik[63]",-0.409115875729164,0.00149149306272739,0.0955378936541284,-0.597150515053445,-0.469785303090337,-0.413038755461589,-0.351264261388398,-0.211349857759774,4103.06926741101,1.00087725734011
"log_lik[64]",-0.346322614871415,0.00166090612332887,0.111637956195552,-0.583723955124402,-0.418193408881895,-0.344177553681718,-0.26941110007035,-0.1395360230922,4517.86845599704,1.0004643408045
"log_lik[65]",-0.315076818329987,0.00457251567364878,0.313427175621066,-1.17208642421762,-0.418897597276237,-0.21980840865885,-0.101044056055855,-0.013671620466372,4698.53961249593,0.999239530048108
"log_lik[66]",-0.36989464408265,0.00198247012841232,0.125455196587047,-0.6266154416924,-0.453083881244819,-0.366093578870226,-0.284195957084379,-0.142683070364067,4004.64484431492,0.999646731129131
"log_lik[67]",-0.60220188669787,0.00243327193492721,0.17894173572766,-0.97287299849749,-0.716831628756718,-0.595265270335794,-0.479747259351033,-0.275278644434673,5408.06617614086,0.999719509467971
"log_lik[68]",-1.11600984507224,0.00584177332306165,0.423499652485828,-2.08395850840188,-1.35339676754298,-1.05636065519184,-0.808687528278202,-0.46963232972273,5255.53235744462,0.999506281798063
"log_lik[69]",-0.854322737943031,0.00289209430502476,0.171943283089846,-1.22794610729643,-0.949640016909926,-0.846025094716376,-0.746041866066274,-0.528894020588124,3534.64277870315,0.999585671409949
"log_lik[70]",-0.199384269840422,0.00259015125004113,0.169680149385133,-0.65196536655798,-0.26212363330098,-0.151841878476201,-0.0826577943978209,-0.0205307881381791,4291.52676500634,1.00002567566807
"log_lik[71]",-0.959248129684081,0.00232142932375183,0.145382416379625,-1.26048540235274,-1.04657389600953,-0.958442764781986,-0.872517723349127,-0.666221763280377,3922.04736134112,1.00015612827132
"log_lik[72]",-0.632915569773201,0.00238202469262264,0.165101557332064,-0.974098155793408,-0.740855241527808,-0.624392279179429,-0.515303504025706,-0.331700598245202,4804.07546875545,0.999659014068216
"log_lik[73]",-0.597057538447913,0.00245396424468973,0.175053928020399,-0.975679595441431,-0.709666192369682,-0.586736198589396,-0.471238102385208,-0.292884492463301,5088.70481915788,0.999687406037994
"log_lik[74]",-1.05580675362315,0.0027150519190315,0.175955997593193,-1.42634845352983,-1.15815436503803,-1.05133935826523,-0.947690553198661,-0.716277785543122,4200.02496263842,0.999925186714985
"log_lik[75]",-0.212474135026547,0.00248829103855677,0.165182868362864,-0.646104769850116,-0.276822965842662,-0.169858686136992,-0.0974446692501851,-0.0277058187861247,4406.84378287662,1.00000899427525
"log_lik[76]",-1.03338264435833,0.00256518684439554,0.164745600819513,-1.37839528763265,-1.13032994278506,-1.03142150611964,-0.935010353588401,-0.707815049454783,4124.67415185692,0.99998388966565
"log_lik[77]",-0.301415376395495,0.00214888639184415,0.143772579998158,-0.641733625385619,-0.380744517639607,-0.285622572428088,-0.196992300865045,-0.0857914299704077,4476.36221438821,1.00007365192099
"log_lik[78]",-0.35213351655126,0.0018236538758992,0.123651834861261,-0.638311321825369,-0.418969395719359,-0.340065786013198,-0.26657642266852,-0.1552436262364,4597.44245939222,1.00007168884341
"log_lik[79]",-0.591424398117314,0.00272512567800461,0.184477252640959,-0.976577735412518,-0.712026141882557,-0.580673765268073,-0.459026906246446,-0.262676317603806,4582.60655979138,0.999731453865246
"log_lik[80]",-0.831091187598372,0.00313425465661101,0.226653081905256,-1.34916454451778,-0.961507327904609,-0.801553585428094,-0.669865400145922,-0.472997218262365,5229.43414121309,0.999501297295955
"log_lik[81]",-0.243973828438905,0.00320228308178954,0.212824622531846,-0.797170399275328,-0.319380944396001,-0.189053401937469,-0.100663441221986,-0.0233739689222254,4416.96849710545,1.00030447100074
"log_lik[82]",-0.364079569254348,0.00164784219421351,0.126785672112765,-0.650358307297451,-0.435334906147475,-0.354390888706181,-0.276130959645236,-0.151956680998539,5919.82837883997,1.00002223004388
"log_lik[83]",-1.022623061015,0.00330918470924586,0.213632468743366,-1.49661165050186,-1.13274345755954,-1.00279606695723,-0.888347299320547,-0.655894768227912,4167.66210059784,0.999839370399932
"log_lik[84]",-0.72869984618099,0.0032004740795204,0.232941498847635,-1.28131474965707,-0.841602447930356,-0.693983109961836,-0.568646525078313,-0.368565846311189,5297.42848825125,0.999444301503086
"log_lik[85]",-0.639072243234046,0.00203365345361065,0.149453190506913,-0.977130652401385,-0.72302288088224,-0.624624465217152,-0.537485321621362,-0.388173046333251,5400.7799699841,0.999748837794005
"log_lik[86]",-0.590125217526502,0.002460507651946,0.160036407218446,-0.962780544849592,-0.674511740354163,-0.571932922034624,-0.487359485117287,-0.313297711021083,4230.46538659888,0.999740714446715
"log_lik[87]",-0.283302854157104,0.00238158076421442,0.173317821894464,-0.72554103511638,-0.362275898003072,-0.25111857581958,-0.1622317991191,-0.0547725211088887,5296.09561665186,0.999940259881754
"log_lik[88]",-0.741227819792075,0.00318797245553234,0.223081568534887,-1.21263553252129,-0.880149053864608,-0.726709919954837,-0.595938987053697,-0.342849769653507,4896.64092660984,1.00010218777362
"log_lik[89]",-0.792743182344471,0.00348327191759489,0.23318630388965,-1.33794336012286,-0.921892442357369,-0.757182908627066,-0.628741568033958,-0.43135015309151,4481.58172449739,1.00026976634732
"log_lik[90]",-0.700100017054624,0.00260647552543323,0.171250290001214,-1.09676368390521,-0.795353382183554,-0.678265931876226,-0.582085717373728,-0.420931599729001,4316.73440422165,1.00045199778995
"log_lik[91]",-0.761600854955247,0.00301084173819239,0.209779309265171,-1.27358984771481,-0.868124179966464,-0.730625871473977,-0.62058038674467,-0.432875341016076,4854.55523047751,0.999407083860594
"log_lik[92]",-1.08313310960799,0.00264551886134886,0.181639840239176,-1.50085957736882,-1.17053413209645,-1.06168768119357,-0.967743082416433,-0.787020545610729,4714.11853031752,0.99939959020735
"log_lik[93]",-0.698099870287792,0.00270619486870268,0.184661245779329,-1.1548706755242,-0.786651451220516,-0.666883112620015,-0.578869524180871,-0.426871152012809,4656.21890454512,0.999371441040882
"log_lik[94]",-0.326322779983628,0.0016013051385456,0.120420374995028,-0.595478646785273,-0.395252243214981,-0.315491607584774,-0.243304675986351,-0.125529416822922,5655.24931737734,0.999276688166761
"log_lik[95]",-0.381840583337017,0.00394348130761385,0.277024918049017,-1.09118448895761,-0.500788062780241,-0.320133138946437,-0.183364491864728,-0.0484962336224727,4934.89704975291,0.999696771117634
"log_lik[96]",-0.643778360337788,0.00249681777224176,0.18120651528182,-1.03809474234109,-0.753428870246281,-0.631633601989609,-0.520588322414637,-0.327376032980293,5267.12861713176,0.999762433606485
"log_lik[97]",-0.496157152553849,0.00332492307789015,0.238677529553419,-1.05574714688834,-0.626374083789137,-0.467200539218123,-0.323116007199903,-0.129969922387343,5152.99668775774,0.999843159089106
"log_lik[98]",-0.187285891885476,0.00246761123606787,0.170875712696288,-0.632026957668675,-0.243102476968278,-0.14173339487503,-0.0724837844680935,-0.0147970287529799,4795.20523477825,0.999475206378933
"log_lik[99]",-0.569323081995054,0.00178141710586733,0.105124465775451,-0.801757777461909,-0.623670906806704,-0.560931073753511,-0.504754637424963,-0.381740529591848,3482.38166105596,1.00029156770777
"log_lik[100]",-0.507416876096768,0.00188410134735127,0.112242195558714,-0.747423662250855,-0.567832562407525,-0.501620145147755,-0.438566901421728,-0.305357526765681,3548.98191538684,1.00027201128115
"log_lik[101]",-0.397398962406266,0.00320619790245691,0.20925996695771,-0.896179186982866,-0.516396689833616,-0.37009732977197,-0.243695827001,-0.0872178438955651,4259.82397500094,0.999574428499354
"log_lik[102]",-0.572396182235364,0.00175970192991972,0.103808366043065,-0.804381243080565,-0.626448750268063,-0.563820407071391,-0.508762363808858,-0.384289694585903,3480.0580615691,1.00032835706178
"log_lik[103]",-0.366656083461804,0.00333603012454924,0.216654824523595,-0.889504474904352,-0.486139702655799,-0.333494699769032,-0.205707562279739,-0.0620703568421995,4217.71083705291,0.999587035173518
"log_lik[104]",-0.252988072832307,0.00173882908509571,0.114399299793656,-0.506364885032469,-0.319708018822818,-0.238955806199863,-0.17084068634956,-0.0738994846940211,4328.45533715235,0.999630766759723
"log_lik[105]",-0.195277004058648,0.00188185071021536,0.122483629415969,-0.492406559191291,-0.259616874332969,-0.172540444316828,-0.106590493919212,-0.0326308889448321,4236.29074637994,0.999549955064886
"log_lik[106]",-0.680721992706248,0.00233330493548628,0.144009971607593,-1.00847560565101,-0.753745870679814,-0.662320147503101,-0.590309211705122,-0.436643783159504,3809.27327818055,0.999959996497326
"log_lik[107]",-0.152446695890005,0.00203860383431045,0.129985603390823,-0.48227911512571,-0.209457434445723,-0.119148360847067,-0.0593440839194812,-0.010531215220575,4065.60175867738,0.999560069239192
"log_lik[108]",-0.770588433902326,0.00340794618253322,0.22302757208696,-1.25481026691589,-0.899796608164754,-0.762111305173278,-0.625090177928696,-0.363416971153085,4282.83809985933,0.999686491722057
"log_lik[109]",-0.741607421968514,0.00234611891918364,0.153758840983592,-1.04844633082991,-0.834547159013417,-0.742935858379261,-0.642223872848989,-0.444548062861587,4295.16794655283,1.00001182217401
"log_lik[110]",-1.31956969494178,0.00476549009183679,0.286034903899919,-1.99091397947674,-1.47459340774227,-1.28119230859633,-1.12490156771205,-0.86680588967013,3602.6570493368,1.00006986071434
"log_lik[111]",-0.889463409595202,0.00244073063994093,0.146322686637941,-1.21182534142602,-0.965152714856223,-0.881057552796966,-0.800043060129428,-0.621578876981869,3594.0459643051,1.00029980680761
"log_lik[112]",-0.195277004058648,0.00188185071021536,0.122483629415969,-0.492406559191291,-0.259616874332969,-0.172540444316828,-0.106590493919212,-0.0326308889448321,4236.29074637994,0.999549955064886
"log_lik[113]",-0.424814809386016,0.00265416091968307,0.202889693660479,-0.92691705755947,-0.524552118339559,-0.389104127575828,-0.287180565665396,-0.135013172627928,5843.39806369727,1.00031090198669
"log_lik[114]",-0.625646188478401,0.00390565159453636,0.258135133154039,-1.20594845824014,-0.752445317047908,-0.589787657700978,-0.44860854933485,-0.227966312932235,4368.24749819448,0.999815513546621
"log_lik[115]",-0.587489093242802,0.00281582767535176,0.193915106645156,-1.01815042557099,-0.702167388626699,-0.572406884329349,-0.451710849607122,-0.252129410597487,4742.54150827586,1.00020882900112
"log_lik[116]",-0.445861348617907,0.00167075121734824,0.131006023950249,-0.736929819755436,-0.519757149935528,-0.432864035588537,-0.360458766925912,-0.221426305473838,6148.35534173799,1.00022600222652
"log_lik[117]",-0.930991451048356,0.00252354024941686,0.158834755399313,-1.30637608503574,-1.00770475749671,-0.909243032744003,-0.825234669734917,-0.677410478142475,3961.59983795317,0.999554071704542
"log_lik[118]",-0.423306005116193,0.00273896380420053,0.208794699476356,-0.946886307018831,-0.525169422758733,-0.385879633576858,-0.28057859779495,-0.12974884180622,5811.20709348418,1.00032397568074
"log_lik[119]",-0.598212117057106,0.0030801326432104,0.213508734653146,-1.0873997425828,-0.721489529893229,-0.578070468257408,-0.450405866204055,-0.23937030647128,4804.98962907589,1.00045081335491
"log_lik[120]",-0.420130375815092,0.00294771308043659,0.222817304049351,-0.990814848688847,-0.525999804520514,-0.376042019787683,-0.266827775272146,-0.116364254670565,5713.83129314778,1.00034144517132
"log_lik[121]",-1.05626039732122,0.00321722111757082,0.236234542025434,-1.59453613366549,-1.17920883269154,-1.03497455931852,-0.901288400132979,-0.66448802649548,5391.6908032355,1.0002647937448
"log_lik[122]",-0.720162249469456,0.00550268176511205,0.38275384492766,-1.63106768827548,-0.920347272767897,-0.660430153694869,-0.440243571613904,-0.161256325701053,4838.27255519854,1.00032231383116
"log_lik[123]",-0.514044425308197,0.00184995406966736,0.115158845889893,-0.766088254770634,-0.580123989768409,-0.511702278875449,-0.442414766241805,-0.297922326741046,3875.00900107858,1.00085525597965
"log_lik[124]",-1.02605347766377,0.00570358443028153,0.415330424935507,-1.99756874385948,-1.24107601441809,-0.962232938061188,-0.74195483125877,-0.390133286113985,5302.63511213342,0.999977568032543
"log_lik[125]",-0.596727803375871,0.00192244920287543,0.129873348739362,-0.87162903194465,-0.669066473864149,-0.594448174872527,-0.515907437667709,-0.347235801978227,4563.83916747728,1.00011617114739
"log_lik[126]",-0.232787193994966,0.00194821919270546,0.131721359734506,-0.548520206437322,-0.29954923515695,-0.211188309079239,-0.140673434727255,-0.0505195497562205,4571.26896913807,0.999645499175997
"log_lik[127]",-0.306470958275221,0.00213702712239619,0.138693857991178,-0.594934232076647,-0.392931354232646,-0.29388387720555,-0.205307348712274,-0.0814551530424516,4212.05845420242,0.999332994227936
"log_lik[128]",-0.334481430292231,0.00163505698359094,0.106020922300276,-0.547375144422159,-0.402839641116225,-0.333209356619614,-0.260891358817379,-0.141224546100683,4204.52917175365,0.999535115914663
"log_lik[129]",-0.410162288126934,0.00405459000933709,0.28697441392007,-1.12636121422233,-0.532941648960143,-0.348237034466571,-0.207714420345924,-0.0601405403884554,5009.47788124625,0.999990264472064
"log_lik[130]",-0.320771846077241,0.00159586336105655,0.105562736107602,-0.541842437863961,-0.385398445637688,-0.314496949091482,-0.247558440981467,-0.134202318091465,4375.52196725109,0.999861493023153
"log_lik[131]",-0.285496544544334,0.0017599025050798,0.117699271704281,-0.541904106898608,-0.355240355106783,-0.275969406278192,-0.201423521958356,-0.0912642954884018,4472.70579476264,0.999565720332428
"log_lik[132]",-0.389054134957771,0.00142612785447043,0.0886798298432584,-0.558142698667128,-0.444815062405257,-0.392141809292031,-0.33332098367056,-0.21023442152264,3866.63143585836,0.999881485302479
"log_lik[133]",-1.44155234319782,0.00551773244145205,0.356092466478099,-2.28639528792417,-1.63548290874062,-1.39966915140884,-1.19625375598112,-0.873008059400067,4164.89729922906,0.999942607859272
"log_lik[134]",-0.370234410498748,0.00148142361811474,0.0938507146562624,-0.553073242881813,-0.430870753955814,-0.370912729813496,-0.30891531132446,-0.189396984828981,4013.4387506126,0.99992449725422
"log_lik[135]",-0.371277073802342,0.00147860378677858,0.0936901789618818,-0.552917747535769,-0.431974572101501,-0.371866416624041,-0.310474415883642,-0.189498153459684,4014.9903778689,0.9999288199358
"log_lik[136]",-0.23082741660092,0.00195386109417897,0.132181963215991,-0.548520072084973,-0.296620545041488,-0.208572122894504,-0.138725931509581,-0.0487100643017363,4576.74826312893,0.999662157702323
"log_lik[137]",-0.716089066105401,0.00400157363733237,0.271421050169557,-1.41602559620914,-0.834657822525295,-0.664793051271494,-0.536947817379656,-0.332260468355732,4600.71601340242,1.0000621763932
"log_lik[138]",-0.306960592969309,0.00314468989072435,0.228191888596221,-0.887264077229044,-0.391776040211896,-0.251660146594548,-0.153336636495057,-0.0461958337756297,5265.56231067399,0.999422587115359
"log_lik[139]",-0.334907188522432,0.00256229437043977,0.193419446178462,-0.817689431025017,-0.419194105441846,-0.296463847022939,-0.201664144091535,-0.0790741583517595,5698.2595370762,0.999382402482804
"log_lik[140]",-1.19283607778364,0.00410589318058316,0.310534616941382,-1.89179835711052,-1.36658369577895,-1.16107422537057,-0.986329398888764,-0.663638522576676,5720.11483464657,0.999611929525551
"log_lik[141]",-0.841153791908727,0.00213227776472805,0.152715193717269,-1.16156285711905,-0.928867852716614,-0.836738214867715,-0.748920092413729,-0.534257993608854,5129.52249280852,1.0003306291992
"log_lik[142]",-0.406281653366654,0.00127031482806141,0.0930590571683824,-0.605204025408711,-0.459411776131215,-0.400902715816652,-0.345560081430115,-0.236654901070605,5366.54235372001,0.999368483958872
"log_lik[143]",-0.558929477770837,0.00255290447795466,0.181582959630018,-0.94885890237363,-0.678526912483492,-0.549719274607021,-0.429611838246367,-0.244042664874152,5059.1907079611,0.999588919930454
"log_lik[144]",-1.30184183793875,0.00697212366757269,0.498578869162035,-2.42446603760492,-1.58540167550952,-1.22402745629114,-0.947750857481358,-0.54781532812337,5113.72739708214,0.99939040699624
"log_lik[145]",-0.792337374889881,0.00190084920064023,0.133116035569364,-1.07209139378314,-0.873674695004025,-0.788427317876872,-0.707169653361689,-0.536976210087331,4904.16892526786,0.999599653015208
"log_lik[146]",-0.518463355254099,0.0023752956780739,0.177779086677418,-0.905218780996107,-0.627993266760506,-0.501060719461804,-0.391331947154692,-0.220837014743699,5601.77917066985,0.9998758900836
"log_lik[147]",-0.243733433713577,0.0016170031165685,0.120254119318281,-0.52800373985237,-0.309883593051453,-0.223686273803397,-0.157571762766013,-0.0704318024891869,5530.67591188691,0.999721224267564
"log_lik[148]",-0.380519404510798,0.00281600026199923,0.205565286260355,-0.86325159479351,-0.490388957979527,-0.348201702744208,-0.229243986104797,-0.092691526186109,5328.85831119082,1.00006312968144
"log_lik[149]",-0.581359328045715,0.0012991715794347,0.0924276111674376,-0.788238289741159,-0.629228174205766,-0.574632780502231,-0.522739176477143,-0.418071453784218,5061.39736290412,0.999811805371406
"log_lik[150]",-1.97519681571745,0.00882421427238495,0.646477452923876,-3.40834679014565,-2.36268507089016,-1.9094429636583,-1.50637107054495,-0.909698601801918,5367.28522444206,0.999210827432362
"log_lik[151]",-0.282943587112111,0.00150998879895895,0.113323368152123,-0.539150596268906,-0.34575056933194,-0.268171285962556,-0.202234165059577,-0.104353959250782,5632.37414839972,0.999519846146821
"log_lik[152]",-0.396564573684211,0.00280529028169369,0.204179607819568,-0.869322198441123,-0.511051487966631,-0.365232005881857,-0.245695613787317,-0.103087664284137,5297.47744386977,0.999993787546397
"log_lik[153]",-0.366823288301574,0.00128061830612228,0.0963961617200786,-0.576917171876085,-0.421391153311365,-0.360718382817186,-0.302350599717079,-0.194061333500698,5666.04568501937,0.999290255550289
"log_lik[154]",-0.306441531135707,0.00299125082722565,0.215075205902654,-0.843603089798992,-0.404923700734684,-0.259412511796771,-0.150310573829777,-0.0444993261087315,5169.81534454267,1.00031359517512
"log_lik[155]",-0.413137638685257,0.00119110643376165,0.0885215621912071,-0.604540666165024,-0.460763682114665,-0.409424047293081,-0.356676902087994,-0.252421478361691,5523.27921179386,0.999266538026866
"log_lik[156]",-1.75350102505159,0.00999135436646524,0.75002625217414,-3.49658577470736,-2.18361997712573,-1.65173227009701,-1.23512276304013,-0.546588429609943,5635.13343713524,0.999532844975956
"log_lik[157]",-0.547596965918564,0.00132024987821517,0.0971764253966662,-0.768587945835546,-0.595421457360467,-0.540827775666695,-0.489574607090952,-0.374969190450729,5417.63281610229,0.999363660941169
"log_lik[158]",-0.419622692017744,0.00152666166427978,0.119313485763396,-0.688191869995151,-0.483440504643176,-0.410076893844735,-0.344730898513896,-0.214668845238977,6107.92178795289,0.999608543698799
"log_lik[159]",-0.342838114973642,0.00211397941878058,0.163507207246094,-0.726950022810738,-0.427306084857523,-0.321487162369588,-0.228841225098083,-0.096756304708458,5982.35652660421,0.999454307751788
"log_lik[160]",-0.561301957136277,0.00372451047449712,0.280363715887492,-1.24256126887497,-0.710663486950876,-0.519313492226084,-0.359251486007505,-0.145639971497511,5666.3737233462,0.999221923442634
"log_lik[161]",-0.538013632440689,0.00398620049817272,0.297429137296667,-1.27136242388166,-0.694339822873352,-0.491459834042036,-0.321843475457059,-0.111404550739546,5567.35281913262,0.999230877120898
"log_lik[162]",-1.06503643277055,0.00534660947931432,0.402214601943369,-1.98003086829724,-1.28773483023372,-1.00289332857535,-0.781695273921752,-0.4319013634164,5659.2481578424,1.00044525291046
"log_lik[163]",-1.40789944094552,0.00623381106022505,0.44203045658826,-2.42897447116203,-1.65647292653652,-1.34809711606207,-1.09801232645662,-0.698841186350233,5028.02140146086,0.999923034320889
"log_lik[164]",-0.659916199878501,0.00176839494203423,0.127810885682727,-0.947890585736328,-0.730057516962384,-0.647951606421364,-0.574305934802484,-0.442661445151796,5223.68717066433,0.999904986162732
"log_lik[165]",-0.449591220865034,0.00126514983925087,0.0940105018207086,-0.659529856894891,-0.49838100355894,-0.442607112551645,-0.390375794657221,-0.284264219702433,5521.64921080706,0.999567849314009
"log_lik[166]",-0.474658389427666,0.00303195503021485,0.238343932345067,-1.05066701569862,-0.604521361192871,-0.441110238839148,-0.303181451941037,-0.12818059949811,6179.63308256763,0.999511841485824
"log_lik[167]",-0.428344193921651,0.00137298326041751,0.101685273487809,-0.649568124455426,-0.482822498472463,-0.421753956984112,-0.365010901839277,-0.243520537862709,5485.11373831328,0.99961188826805
"log_lik[168]",-0.221762993890562,0.00236907552622235,0.177852560583913,-0.699998885037813,-0.285508383724867,-0.178051560894498,-0.103099877853578,-0.0285076247274912,5635.88901125852,1.00013026976943
"log_lik[169]",-0.822367036756073,0.00162755704300714,0.118490730775387,-1.06626278807252,-0.89238999610983,-0.819120883171454,-0.750980547925659,-0.582959032827563,5300.24955624543,0.999604982559249
"log_lik[170]",-0.757923801365562,0.00179796157701076,0.132606384071492,-1.03761389195923,-0.840172223779292,-0.754260400653911,-0.674171013894353,-0.50490352626239,5439.61362174655,0.999543444328888
"log_lik[171]",-0.416926234595551,0.00330125240163072,0.258988381547938,-1.0521568766166,-0.543604934754836,-0.36954239785279,-0.232434437201056,-0.0811632934877286,6154.6463484833,0.999519317027109
"log_lik[172]",-0.655824297463045,0.00174618309845226,0.125677772413596,-0.939996268527266,-0.724785768073339,-0.643759513782957,-0.571421542589521,-0.439742969944645,5180.09098842357,0.999904827557557
"log_lik[173]",-0.26173391113736,0.00205630321735272,0.16032197389116,-0.665540873707054,-0.332318717428144,-0.228340972858284,-0.151515860021103,-0.0569397259938562,6078.71514674774,1.00008696219665
"log_lik[174]",-1.13903506775153,0.00285708585507284,0.221114913852556,-1.62650419752905,-1.26157464631825,-1.12373880134791,-0.995697985945994,-0.755288019400238,5989.48511493377,0.999624846403484
"log_lik[175]",-0.553594923116614,0.00257205781156482,0.205685938629005,-1.03296569110971,-0.672999280349176,-0.536013910825172,-0.40883291116736,-0.220416538957843,6395.1060974979,0.999560619379419
"log_lik[176]",-0.805091769367223,0.00177952243106546,0.137930511785574,-1.09249873204528,-0.886524355378154,-0.802379577131722,-0.717254960604722,-0.542467870597351,6007.77641860512,0.999957823408898
"log_lik[177]",-0.803554491643963,0.00175747544189982,0.13907473077958,-1.09293671898939,-0.888206624653159,-0.799831679328732,-0.713996707969448,-0.535083766277888,6262.07010890106,0.999621707725887
"log_lik[178]",-1.35141120927682,0.00582671897148194,0.415564707311717,-2.33458858340489,-1.58132375175117,-1.30772322407832,-1.06592404327411,-0.665347095749836,5086.6185406121,0.999981254224795
"log_lik[179]",-0.680144162194598,0.00215871980599552,0.167633550334922,-1.0742171786535,-0.770262043944532,-0.660270364381809,-0.565293917533295,-0.403349729691607,6030.16691957038,0.999388374229977
"log_lik[180]",-0.785930673202679,0.00178438539578368,0.143562902163146,-1.08518219652464,-0.873102756143798,-0.780158202935155,-0.692075286551615,-0.514407314263111,6473.0228190425,0.999635091749889
"log_lik[181]",-0.457994703624382,0.00149405303927159,0.104718299635105,-0.69463348825585,-0.518559450152084,-0.450630256158296,-0.391639813392317,-0.266574265629804,4912.61955725632,1.00010708367314
"log_lik[182]",-0.704625978229924,0.00251663222380789,0.186096724533831,-1.12987134450093,-0.801390445568912,-0.68195734910556,-0.579857377886084,-0.40002033178073,5468.11893473215,0.999865543889955
"log_lik[183]",-1.01906815830685,0.00617157177548274,0.460961209611486,-2.16130912709123,-1.26384974047961,-0.935190229129889,-0.693231688594888,-0.342487214955089,5578.75376218361,0.999558722465429
"log_lik[184]",-0.496282780669866,0.00133728357351545,0.0926481694442922,-0.714203606083322,-0.544339765494809,-0.488278299641974,-0.440190298425121,-0.327810758593887,4799.83895152461,1.00022515453905
"log_lik[185]",-0.638406233579461,0.00282852829253629,0.224462976513485,-1.15063428932983,-0.771138901609132,-0.617448460542295,-0.487184406191798,-0.264199312335281,6297.50296922189,0.999589188214187
"log_lik[186]",-0.521723979507169,0.00380630250742442,0.297524584186062,-1.25947929139962,-0.673552888651374,-0.467721154342331,-0.308309130875006,-0.111444665270598,6109.97047622488,0.999485809392259
"log_lik[187]",-0.399803333255308,0.00161490136697983,0.120399597014029,-0.675751153282464,-0.468746994311751,-0.385904859960036,-0.318762686347955,-0.192186500368016,5558.50578907674,0.99995715343722
"log_lik[188]",-0.306468967741379,0.0024242896826501,0.179777585057689,-0.770262365739264,-0.390241665398748,-0.269887786413545,-0.18060082386583,-0.0689086746242923,5499.23220486893,0.999669421937153
"log_lik[189]",-0.502731974547923,0.00176005891361433,0.104125146855682,-0.735972379950418,-0.560931484627484,-0.496145698012798,-0.43310423455479,-0.321413289521711,3499.9097361053,1.00068311520434
"log_lik[190]",-1.06666564992981,0.00530138771207898,0.316847813326898,-1.7874340510755,-1.24750507838462,-1.02209462581356,-0.841718190084935,-0.573942961694055,3572.08919185214,1.00075521998487
"log_lik[191]",-0.438941508566088,0.00432152166373793,0.246979625429567,-1.01208914415997,-0.582979238154491,-0.397228403780137,-0.251593806623653,-0.0913147231902184,3266.2458156576,1.00038134018269
"log_lik[192]",-0.543660460638829,0.00209189312857051,0.107736688243623,-0.80655784675307,-0.592925770148484,-0.526757996198102,-0.478638150582921,-0.370443240837831,2652.45641446063,1.00011001924867
"log_lik[193]",-0.768486488340697,0.00620481239090323,0.335692387513029,-1.49444278269418,-0.975059300101648,-0.740736119006796,-0.524207520756787,-0.214010561364917,2927.01990878378,0.999748347876195
"log_lik[194]",-0.441284081177769,0.00418812381886187,0.238919527377401,-1.00179407339321,-0.582048996889345,-0.400323809218789,-0.260908046658659,-0.0991737414294603,3254.35007169031,1.00029792329988
"log_lik[195]",-0.945042133240538,0.00267410574111268,0.156540545992713,-1.27614886828913,-1.0394904966946,-0.935176851166802,-0.844181142105236,-0.651617598692327,3426.8613686217,1.00098542916969
"log_lik[196]",-0.728396430150917,0.00916725547070178,0.495911323397172,-1.91192641679393,-1.01942105168415,-0.634833941822368,-0.347220724663377,-0.0710618417190727,2926.37097810154,0.999812306504537
"log_lik[197]",-0.449496557130729,0.00349608304308859,0.202832093221705,-0.910731989830544,-0.573494369219862,-0.422615168998462,-0.298119716462694,-0.1379775053028,3365.96708853325,1.00037738182679
"log_lik[198]",-1.00135697889337,0.00359425512948594,0.222800610210827,-1.56401409779893,-1.08995718163809,-0.96422363868069,-0.868235147658061,-0.674925589107148,3842.50949647816,0.999591397418546
"log_lik[199]",-0.205162008146565,0.00304170577776548,0.208353198822756,-0.755125814789761,-0.260370189386709,-0.142940841014439,-0.0710913322228231,-0.0125915256035898,4692.08574073679,0.999670642024893
"log_lik[200]",-0.376866159054343,0.00157547654781422,0.122099610007236,-0.655142962472362,-0.442336195710035,-0.366512880777383,-0.294027540295286,-0.168579464947605,6006.26746806283,0.999809827876544
"log_lik[201]",-1.47608746804793,0.0062794244838068,0.47150750216509,-2.58058149413086,-1.7342575565069,-1.41732336467529,-1.1497599711668,-0.713278618340731,5638.16174309777,1.00002222009468
"log_lik[202]",-0.573260331913803,0.00145793729619947,0.102023191824956,-0.808246414031618,-0.624101742192686,-0.561252731661383,-0.510444346603046,-0.406116457698626,4896.88743377297,0.999284630374795
"log_lik[203]",-0.398247221747662,0.00144045715602673,0.111787182350552,-0.657344753179579,-0.457948670910693,-0.388056099100669,-0.322972692908097,-0.206365963132364,6022.59041295985,0.999809267236689
"log_lik[204]",-0.813240423910408,0.00176852062173076,0.130632090015744,-1.07628897756543,-0.88959955369247,-0.813793294572339,-0.732408685706521,-0.553201500450994,5456.06447878164,0.99917067691929
"log_lik[205]",-0.338473379821223,0.00175708250367415,0.13783803864315,-0.659918646662856,-0.413958197110095,-0.322134944573493,-0.24281386048585,-0.118630472627843,6153.9485493084,0.999825752192948
"log_lik[206]",-0.407470182353879,0.00425006285462848,0.307610777401725,-1.18413545428915,-0.538927414610995,-0.335089939061801,-0.190525994381793,-0.0421345449797252,5238.56562348408,0.999661768585153
"log_lik[207]",-1.110011633418,0.0028245770802485,0.211638097122554,-1.58518118414447,-1.23052409575386,-1.09431429431957,-0.976256426205141,-0.71990176604963,5614.10892551355,0.999910238074427
"log_lik[208]",-0.568594479090936,0.00145515473990528,0.101234251617227,-0.799876603560171,-0.618905296097763,-0.557306614548726,-0.505677627517422,-0.402742871296215,4839.90232041373,0.999286157935228
"log_lik[209]",-0.725039707479547,0.00308614387382019,0.234064464407584,-1.25892050824812,-0.860109489626503,-0.696886241668893,-0.56377987225243,-0.342188603001695,5752.2616336681,1.00037584212502
"log_lik[210]",-0.719216951216877,0.00318266602928163,0.240159987973324,-1.26277165981501,-0.857161545892434,-0.69151710648477,-0.55445723792158,-0.324922243615162,5694.02237003383,1.00040936374262
"log_lik[211]",-0.532408778998544,0.00124966309508168,0.0893834423773838,-0.717360960602565,-0.583629381974511,-0.530597013690868,-0.478625030619277,-0.358338600037885,5115.97323642003,0.99956468117967
"log_lik[212]",-0.814055274821385,0.00418652629049602,0.328192183590968,-1.55263131357746,-1.00108982332176,-0.773990885494967,-0.578637124755519,-0.296415324236361,6145.3811113121,1.00013149818392
"log_lik[213]",-0.674496025638588,0.00287214397875531,0.205433285217629,-1.13641347822781,-0.777450486381198,-0.649690683621045,-0.53617165426017,-0.350568689886162,5115.98436478119,1.00060998795639
"log_lik[214]",-0.657209622373883,0.00228088194680295,0.175756645323401,-1.04101188659323,-0.762059351266556,-0.645484266263793,-0.535054054405456,-0.352876336649261,5937.69511050628,1.00002091556011
"log_lik[215]",-0.57195545613022,0.00150702148803741,0.108790020041169,-0.811897953532336,-0.636059091263327,-0.565894675533627,-0.501181019613221,-0.370188735779845,5211.21779139042,1.00019092818083
"log_lik[216]",-1.01929016546234,0.00245028914070955,0.178667133374271,-1.42914062433017,-1.10477435133077,-1.00294680190981,-0.908490229615573,-0.70725233629029,5316.85318484569,0.999810554709814
"log_lik[217]",-0.83749340902803,0.00218171280048147,0.153454903137162,-1.17575158321347,-0.925782157717,-0.830144259187904,-0.738991343022394,-0.559869828320559,4947.2787317985,1.000311261141
"log_lik[218]",-0.303326877985785,0.00464895056569494,0.299919820303763,-1.12638518559737,-0.390222610064252,-0.212366750434659,-0.105487288808564,-0.0233045185092011,4161.98468779397,1.00031814041618
"log_lik[219]",-0.61405382499557,0.00183929324974876,0.138245748150736,-0.910494339873691,-0.696404070468885,-0.607278888873173,-0.52030088752792,-0.367787489887594,5649.39072143677,1.00013398497324
"log_lik[220]",-0.708623819427519,0.002386194241817,0.177461786173426,-1.11116530728399,-0.806452764879014,-0.68579843251709,-0.585901591121662,-0.420804390075131,5530.92933902801,0.999680682990088
"log_lik[221]",-0.576273962136946,0.00251748596605323,0.198104965141967,-1.00999640179874,-0.700068256601216,-0.559917400963763,-0.434568759698913,-0.244535470816484,6192.36581600432,0.99936038056114
"log_lik[222]",-0.909585991597665,0.00372291356325598,0.295423653636498,-1.58975459700843,-1.07726331793845,-0.866199647179089,-0.698441318063293,-0.455409208324176,6296.86849773966,0.999493618668899
"log_lik[223]",-0.204316156160658,0.00211809460887903,0.155437663771909,-0.589523658138116,-0.274036756796591,-0.168547482914833,-0.0926222607521546,-0.0227528765357389,5385.44767618855,0.999273816159832
"log_lik[224]",-0.590049637489395,0.00178491432590329,0.123668522159697,-0.850953790028079,-0.661819763734454,-0.584598699919228,-0.514036665553668,-0.347914109386969,4800.46813782203,0.999761684129263
"log_lik[225]",-1.09052059272579,0.0028398391057023,0.183773394520423,-1.53474226120798,-1.18118929062298,-1.06835793987791,-0.976665461643199,-0.781133654329094,4187.72162003528,0.999410559143993
"log_lik[226]",-0.333277427690252,0.0036327265271427,0.266798311526291,-1.00974642567881,-0.456144271793951,-0.266904678314294,-0.138115598090754,-0.030923127537356,5393.87332683385,0.99929903689723
"log_lik[227]",-0.327519164997696,0.00150226000205682,0.116364779308331,-0.586612212559683,-0.394457134519491,-0.317103055092276,-0.2462005688578,-0.13175000296082,6000.0226786315,0.999208540265592
"log_lik[228]",-0.343374419654942,0.0014230410679306,0.112272126289526,-0.589473539826061,-0.409856691381955,-0.336728164467195,-0.267542587615237,-0.143600504845391,6224.56530972049,0.999223365635605
"log_lik[229]",-0.786742296266233,0.00191568667982135,0.138678079172751,-1.08026514889297,-0.865323045918489,-0.781178126351825,-0.695607146739032,-0.531231881499904,5240.42700797876,0.999537399480934
"log_lik[230]",-0.185002660402843,0.00195362689693051,0.120226633321221,-0.479179493909491,-0.248089488511837,-0.16336117788313,-0.0941607893467072,-0.0257465223553879,3787.19894768328,1.00012791617105
"log_lik[231]",-0.793729234829344,0.00223912072559016,0.146162076006472,-1.12821075067533,-0.871364589206821,-0.783075554036279,-0.699757062484504,-0.539149199497379,4261.02798027854,1.00042194166007
"log_lik[232]",-0.30538121720352,0.00320603344853191,0.223025548254461,-0.861482592822858,-0.413476564980592,-0.254236118035942,-0.142929283749083,-0.0298057895881379,4839.19511655262,0.999639101178617
"log_lik[233]",-0.17721019088846,0.00194225680636423,0.119647065667703,-0.474981269353371,-0.237313486923795,-0.153139879858443,-0.0878032753430493,-0.023310343019572,3794.81667273991,1.0001687251179
"log_lik[234]",-0.684106701841041,0.00227203196782972,0.153425631404294,-1.02242901663093,-0.773155297699523,-0.668678751908108,-0.584071410674147,-0.420525033924338,4560.02226469916,0.999987233033815
"log_lik[235]",-0.173478061043858,0.00191530857043267,0.118003205918105,-0.473188629768171,-0.231336731308183,-0.149290279571464,-0.0873260272434255,-0.0215321306341438,3795.85932278576,1.00027605053844
"log_lik[236]",-0.232298468320782,0.00185499054746356,0.113927162815941,-0.494250636774111,-0.300710690357091,-0.218828811771574,-0.147607900675071,-0.0554063405491895,3771.99546842097,1.00015870902093
"log_lik[237]",-0.76915773546617,0.00294945167919334,0.199903578321033,-1.24868456146263,-0.876737327877208,-0.740380721932629,-0.634524108293942,-0.446416955084907,4593.6570124658,0.999657653436404
"log_lik[238]",-0.52585708151055,0.00159297242428102,0.0984511961257783,-0.718840268999302,-0.586640341083033,-0.526251113683744,-0.468052989297593,-0.328901310184988,3819.66678498731,1.00082960356082
"log_lik[239]",-0.676326552711046,0.00244814284795586,0.159875487763997,-1.06002335902789,-0.756148617844346,-0.656472437439072,-0.574248804032396,-0.41207947342416,4264.71736755248,0.999858580186056
"log_lik[240]",-0.29552157232504,0.00179471047708591,0.106759419958579,-0.511994901141887,-0.366660598010601,-0.290704592871941,-0.218850598819725,-0.102958718538718,3538.53597116496,1.00029826657931
"log_lik[241]",-0.700795065089689,0.00255090510137189,0.173312618712836,-1.05630473843291,-0.804967205208172,-0.701948441174501,-0.59129723715952,-0.349651322037931,4616.06339046743,0.999863753271485
"log_lik[242]",-0.56399994266199,0.003788172420228,0.250962748012856,-1.20818345863159,-0.677170842119742,-0.512593884270489,-0.39399546626941,-0.220286890000422,4388.93396544782,0.999680620594478
"log_lik[243]",-0.921855583160888,0.00373678701403832,0.250652274983046,-1.46298850098541,-1.08018270952842,-0.914725098144409,-0.75333566133121,-0.451948236413069,4499.31719551663,1.00003571718526
"log_lik[244]",-0.918587640091462,0.00273916345510908,0.182985643917989,-1.3189111616322,-1.02404979530876,-0.918283586718375,-0.80473561753055,-0.558307495898454,4462.70459027902,1.00002962188909
"log_lik[245]",-0.527258569874733,0.00322907838336641,0.210437281252181,-1.00035196311118,-0.654893907024907,-0.507274993576239,-0.372011219228382,-0.181948407770474,4247.05798027338,0.999616896668396
"log_lik[246]",-0.920049379684868,0.00344053376074373,0.231702816368826,-1.4197253617758,-1.05988388273669,-0.918162852763742,-0.768619154122959,-0.477298234354565,4535.35177520738,1.00001067710411
"log_lik[247]",-0.529757701295526,0.00340991664269497,0.224327252119624,-1.02298747940515,-0.670735072862935,-0.505365193010812,-0.361471427308999,-0.165933411796914,4327.89332797833,0.999612345744319
"log_lik[248]",-0.525041358073119,0.00181148494969145,0.117160566949062,-0.804957847422011,-0.581937492203477,-0.509484402338811,-0.45195832515418,-0.328938948710172,4183.05397954964,0.999712490101541
"log_lik[249]",-0.512166677254217,0.00176154682328871,0.115296123569399,-0.76146305982747,-0.581366829205773,-0.50840141633218,-0.435530359759505,-0.3011664544192,4283.91681072574,0.999466728361715
"log_lik[250]",-0.947413194425629,0.00645862724336563,0.425974887600259,-1.88804846490215,-1.21892067137038,-0.913076533532419,-0.638417421149633,-0.241523306047371,4349.98293941423,1.00003152667754
"log_lik[251]",-0.530504235106601,0.00221501309756608,0.144389014741976,-0.881746135595668,-0.599160087858011,-0.509676472528608,-0.437530312787863,-0.300295023172436,4249.28351728182,1.00000658579138
"log_lik[252]",-0.558021656384982,0.00348958665707132,0.232288761558823,-1.13990397514055,-0.669599778637376,-0.513678713930492,-0.39686601111295,-0.231604697350493,4431.06807111898,0.999746864928435
"log_lik[253]",-0.334857614787883,0.00345360677424216,0.248153929398905,-1.02008500648137,-0.435592830329499,-0.274456035331213,-0.161881104899957,-0.0475687489719969,5162.93357824975,1.00059928840592
"log_lik[254]",-0.803952302610733,0.00193836256997221,0.150199822409275,-1.11806997598563,-0.891083726110368,-0.79608636707651,-0.70621447641778,-0.525427487010523,6004.38883176907,0.999542028146776
"log_lik[255]",-0.766916359287817,0.00218516545632622,0.174295185312196,-1.14372759820232,-0.866155720586671,-0.756759951933942,-0.652173073226999,-0.452455198613415,6362.12397872918,1.00009372104858
"log_lik[256]",-0.893899975241414,0.00504497501532391,0.395970863651371,-1.83823754985633,-1.10827502158848,-0.832352729874751,-0.615180776447229,-0.281616476129616,6160.39304784609,1.00036854225294
"log_lik[257]",-0.329090258118923,0.00382761574166198,0.27153697175058,-1.06247306461571,-0.425371126563816,-0.258634115659183,-0.144933376898762,-0.0369576333178664,5032.70270952559,1.00038278559118
"log_lik[258]",-1.2244496520692,0.00523333725372562,0.382998962464902,-2.09530567529949,-1.43857977918425,-1.17988689535418,-0.961544505490827,-0.577043556789011,5355.96522892985,1.00109639140154
"log_lik[259]",-0.774641311059694,0.00222440574076143,0.173643322013358,-1.16531001942069,-0.874385240778604,-0.767413011968362,-0.658367141550037,-0.459017627463215,6093.79944912159,0.999485957406708
"log_lik[260]",-0.55513330292438,0.00167000518740527,0.110493260678406,-0.805688105821459,-0.613143639738602,-0.543702587707434,-0.484369215378594,-0.364564808472501,4377.59862642802,0.999347977261547
"log_lik[261]",-0.906298745053865,0.00219008688371957,0.143631369492761,-1.21139398599122,-0.987797647657207,-0.905556291791064,-0.82163227374388,-0.621123676358393,4301.06409311368,0.999771510990523
"log_lik[262]",-0.773095012889237,0.00353734077286831,0.277506866077932,-1.4344870230129,-0.921193752629411,-0.73262869927821,-0.580824100003562,-0.32032907755791,6154.51261028037,1.0000104712081
"log_lik[263]",-0.187974851287245,0.00184039941407372,0.124373516710554,-0.492343125454834,-0.25286623463981,-0.162802902560825,-0.0963412178931478,-0.0272898805885227,4567.00677688237,1.00000633932938
"log_lik[264]",-0.345248117416589,0.0017230003546986,0.116099886880988,-0.585195031162296,-0.420480663203332,-0.341915981007832,-0.262924092201507,-0.133294626699081,4540.38687401306,0.999787619231785
"log_lik[265]",-1.22123940928422,0.00369767412419592,0.249668485499878,-1.81044252063481,-1.35610028170195,-1.1896354945184,-1.0509885995241,-0.802754398265121,4559.00622627976,0.999102921985343
"log_lik[266]",-0.318579487399137,0.00166337021867988,0.117252767436553,-0.562999069269344,-0.393773714483223,-0.315489421507073,-0.237568795036575,-0.108477348629385,4968.99272249323,0.99935355157624
"log_lik[267]",-0.340520944865555,0.00349956492455022,0.210050220720189,-0.845870912526179,-0.46052055346484,-0.304291903250141,-0.179404115333142,-0.054234484906272,3602.61766662613,0.999872660250402
"log_lik[268]",-0.400872026436274,0.00133694574425317,0.0950521215567997,-0.614985829839831,-0.454284961387706,-0.396843810995362,-0.339050240303363,-0.225726434095336,5054.70789318796,0.999324993301256
"log_lik[269]",-0.570134113234541,0.00290512030809774,0.173066513404936,-0.933029543986682,-0.678595317901864,-0.562875662789732,-0.449761791055838,-0.243878579261524,3548.93335920618,0.99971971113426
"log_lik[270]",-0.347514561298418,0.00148146902180716,0.103654648109506,-0.575315627175948,-0.410574240289393,-0.342373544374517,-0.276863152444649,-0.162277956088492,4895.44768661463,0.999479039889939
"log_lik[271]",-0.59797295291586,0.00282180464508638,0.187833008860709,-0.965069335327699,-0.724774214747145,-0.602917471964087,-0.47145278821468,-0.231279786377489,4430.87953535162,0.99957801195898
"log_lik[272]",-1.21261107914831,0.00377227307492562,0.2488928967144,-1.78807312890499,-1.3480963091625,-1.17744774850786,-1.0455381303312,-0.806682822638548,4353.30160426878,0.999313899821156
"log_lik[273]",-0.169596910719649,0.00189185080066737,0.124310890832601,-0.481003651456111,-0.229320895574124,-0.141302134455933,-0.0794208927697482,-0.0199648431657915,4317.62173331649,1.00019362663385
"log_lik[274]",-0.589514281346131,0.00257648107926838,0.18272352122527,-0.982383064023916,-0.703154072979178,-0.577508313461528,-0.460052468200014,-0.263395797711282,5029.61794284375,0.999452904196538
"log_lik[275]",-0.698479557301908,0.0020794576273451,0.144524309579382,-1.02634058723034,-0.776587353585462,-0.682363486426125,-0.600381703152959,-0.466111918500468,4830.38398902452,1.00003735315065
"log_lik[276]",-0.187539795663086,0.00285307063306411,0.180294693651329,-0.67071044984448,-0.244327460209136,-0.133613552538399,-0.0696330341144902,-0.014012932942434,3993.38187831442,1.00000697539902
"log_lik[277]",-0.973297593178344,0.00484091777054479,0.33375557563523,-1.79571352766137,-1.14530283760384,-0.92818714973273,-0.739089695174011,-0.466496368756312,4753.37029712768,0.999876814650272
"log_lik[278]",-0.768820459091588,0.00174669380762554,0.125322358652052,-1.0148575964499,-0.848899646111074,-0.77153905511343,-0.689538999874038,-0.514837486890735,5147.82244156559,1.00010837837363
"log_lik[279]",-0.453933099273342,0.00342307984001619,0.234290617143168,-1.00738724584558,-0.589888659792757,-0.420326499237673,-0.284716514166335,-0.104307716718016,4684.63474529458,0.999405407458917
"log_lik[280]",-0.639538535402689,0.00226908772031311,0.163008550943604,-0.979124324738824,-0.742859899060998,-0.631403280586176,-0.528046520731314,-0.339998651452981,5160.81394664062,0.999577413982497
"log_lik[281]",-0.544404456276881,0.00196897444857873,0.126822260228204,-0.815396765072492,-0.615642803442337,-0.540015735305694,-0.468492752567765,-0.30222481579239,4148.68840153903,0.999359149572682
"log_lik[282]",-0.752167937375416,0.00182643053175957,0.128597188208541,-0.999817983435376,-0.837656231402855,-0.752172247316108,-0.667214501831107,-0.495617555891348,4957.43043423183,0.999586802539379
"log_lik[283]",-0.933233339196614,0.00450121268800281,0.309936063209263,-1.67748891037559,-1.10022799503706,-0.88502533120946,-0.713635098507327,-0.468228657368878,4741.1659412214,0.999566782769674
"log_lik[284]",-1.05531841225397,0.00273965754098407,0.194797746990787,-1.48063181928912,-1.17089957533672,-1.04040070507485,-0.928949037753771,-0.691953709696153,5055.6302169359,0.999705346080783
"log_lik[285]",-0.185275852234827,0.00286672874599345,0.180798772252196,-0.664499301218647,-0.24213901891492,-0.131090825833668,-0.0667530981065592,-0.0130327354492884,3977.56926679719,0.999979581257389
"log_lik[286]",-0.876297574964705,0.00287421057620408,0.184968785565907,-1.27810405252633,-0.961196169975541,-0.857909647679258,-0.764124919095652,-0.574155638347134,4141.51962908012,0.999410727322763
"log_lik[287]",-0.215357403117568,0.00208139969128711,0.126510872958472,-0.507115713849129,-0.288655263317267,-0.195662546312502,-0.119270114601632,-0.0378041477328361,3694.4069566569,0.999586936100423
"log_lik[288]",-0.188211766166544,0.00198341062487062,0.123312610608355,-0.486484665799763,-0.254117400915654,-0.164357605269449,-0.0949889416059366,-0.0279455569831887,3865.3579124371,0.999692052978963
"log_lik[289]",-0.452821997751867,0.00299073766055574,0.213820140280204,-0.922318631149501,-0.584831450602342,-0.43097291877707,-0.29031172488265,-0.113992738172984,5111.40838600144,0.999898914669171
"log_lik[290]",-0.271487764040766,0.00339328772591898,0.225702884505949,-0.859219216824406,-0.375529988618186,-0.21281484386491,-0.103081160214789,-0.0197849520909891,4424.18059438605,0.999830951731051
"log_lik[291]",-0.698855543591025,0.00221342921315086,0.153703717694862,-1.04343484790265,-0.788465827584545,-0.681021166814227,-0.596134233596464,-0.434663740302603,4822.11395292181,1.00015683507914
"log_lik[292]",-0.39044029731427,0.00167205819335117,0.0982541823773712,-0.580275579685015,-0.454606214214408,-0.392369794895824,-0.325826868996011,-0.19593840101568,3453.02176213194,0.999379409064696
"log_lik[293]",-0.82210120425698,0.002062174433338,0.1380658727338,-1.13965735427424,-0.894037523442665,-0.811998942267501,-0.733251246496474,-0.58764130332365,4482.51641417604,0.9996247186421
"log_lik[294]",-1.06270747837729,0.00560776256578889,0.381977790674344,-1.9959600594865,-1.27455787636174,-0.994985478467912,-0.791980398822738,-0.504837098071554,4639.77574825245,0.999973103232293
"log_lik[295]",-0.302488840972608,0.00170583330590559,0.108910904510781,-0.527566942674452,-0.374656302259447,-0.29854266497178,-0.224571666112101,-0.110541905843112,4076.3320216311,0.999602031315181
"log_lik[296]",-0.274749290628354,0.00176112369403253,0.116023514816963,-0.516748562087775,-0.351502255999439,-0.267525831172656,-0.190231964896453,-0.0786783938764616,4340.22571292233,0.999567687824245
"log_lik[297]",-0.567052286394198,0.00327233600519257,0.246308062575304,-1.11635749669042,-0.706205173106456,-0.546305357002182,-0.394922779344806,-0.163597239906314,5665.54214484416,1.00083848375961
"log_lik[298]",-0.290594958480351,0.00218465968523565,0.157219195738696,-0.660010714186755,-0.377690472402241,-0.264135593327099,-0.177976566990206,-0.0627743248442681,5178.9718643551,0.999502810718692
"log_lik[299]",-0.350641163310033,0.00193719829926466,0.134987675583474,-0.638042358474936,-0.435390889286793,-0.34011169602207,-0.257390312773816,-0.118830104787465,4855.56844038495,0.999453485260804
"log_lik[300]",-0.6993477838872,0.0024070416481674,0.146498166676344,-1.04569118337919,-0.773459383075742,-0.680266589759053,-0.602472559769188,-0.460330577221793,3704.22339315179,1.00110117016813
"log_lik[301]",-0.648293696183199,0.00236527956811847,0.144009442192543,-0.948117146821112,-0.737984561044466,-0.64823997016957,-0.552954874792645,-0.369028381677728,3706.95211368382,1.00043302413448
"log_lik[302]",-0.215181456686525,0.00189452344454647,0.109190764616118,-0.468944816801844,-0.279107876616887,-0.199688356270245,-0.135768369878725,-0.0496486453163373,3321.7874989734,0.999197424579975
"log_lik[303]",-0.281756050681652,0.00178784617401756,0.107299978275938,-0.510234799897263,-0.346265493029561,-0.274398433263076,-0.206776943638166,-0.0953986613260101,3601.96069292879,0.999144516806296
"log_lik[304]",-0.699606692193004,0.00228791075262415,0.14225177594105,-0.995443521601985,-0.788915836471718,-0.699368411370783,-0.608681209816428,-0.417593840967031,3865.78089412497,1.00097809446703
"log_lik[305]",-0.411286016673928,0.00308673144663192,0.182658195886185,-0.79964483186526,-0.529271855574498,-0.394627914342019,-0.276923827371651,-0.108744173450367,3501.71369586292,0.999850635611603
"log_lik[306]",-0.165081065853442,0.00196444418806441,0.109968139860489,-0.431974268608689,-0.223999204423067,-0.142354411240659,-0.0846959457771395,-0.0212079538260029,3133.67800046461,0.99931976633406
"log_lik[307]",-0.338715011485906,0.00210503993111766,0.121464985016864,-0.600546196448957,-0.412275317346796,-0.329644707252136,-0.255755638144213,-0.132614283641692,3329.51920929038,0.99991199791362
"log_lik[308]",-1.0857148497619,0.00698771808441016,0.406267232893824,-2.07350345612027,-1.28757816828961,-1.01077664419084,-0.795399017760339,-0.527111975760248,3380.28129052802,0.999627714961024
"log_lik[309]",-0.653449027680737,0.00246123019645437,0.154984532512507,-0.96337750641602,-0.756464104451041,-0.65591070733003,-0.554358331210945,-0.340872553679719,3965.26526624693,1.00090750808384
"log_lik[310]",-0.628207465697403,0.00237026778380652,0.145847683151012,-0.932581976727517,-0.720740447593608,-0.626541721874594,-0.530741995526547,-0.349884854618441,3786.20602035389,1.00045632640613
"log_lik[311]",-0.699423474760197,0.00226531070268714,0.1402016438106,-0.991752873333993,-0.786723453287926,-0.698281775652777,-0.609619820551568,-0.425770147300529,3830.45758282041,1.00099114263919
"log_lik[312]",-0.129386400956936,0.00188475957428539,0.105342753976532,-0.39277370368926,-0.174085573248387,-0.102807562035169,-0.0543656797085681,-0.0107487129701399,3123.9021326041,0.9994634723243
"log_lik[313]",-0.192886421680107,0.00297932477072148,0.171585977131006,-0.637809344317676,-0.2630331776361,-0.143101487293253,-0.0698021674330279,-0.0113437243397995,3316.86571764868,1.00023481224353
"log_lik[314]",-0.246874872131901,0.00224438739755907,0.159425385229918,-0.639298811008675,-0.322482170642827,-0.217632262142819,-0.133352614933069,-0.0435125041700436,5045.67539268257,0.999249371226893
"log_lik[315]",-0.94726661473317,0.00418116690672138,0.316795279971737,-1.70718911100322,-1.12364523079637,-0.897297325739922,-0.726679001257514,-0.457097815235085,5740.66753455436,1.00000357084929
"log_lik[316]",-0.632142097590124,0.00248665121146276,0.182143871815894,-1.01373922089376,-0.746846698139789,-0.630259380092894,-0.503003617640493,-0.294175572425669,5365.36635020634,0.999863775137937
"log_lik[317]",-0.57889754062706,0.00264506796661098,0.192268097138723,-1.0065371348114,-0.692853388335363,-0.568696877763081,-0.439640861118249,-0.254748816942012,5283.73203670708,0.999494407604725
"log_lik[318]",-1.4384523873528,0.00540568960389616,0.423456208030119,-2.42314127669763,-1.68008841538072,-1.37612333170296,-1.14134675040232,-0.759562704753682,6136.41607284926,0.99995277075169
"log_lik[319]",-0.209490731574579,0.0024966467452082,0.171684597839792,-0.649537873327803,-0.274134650007166,-0.167681552999816,-0.0915053868283279,-0.0222966217357548,4728.77309901631,0.999145583648463
"log_lik[320]",-0.741014752877475,0.00262105934075443,0.171190529412003,-1.098418414256,-0.843491444072554,-0.73771307751271,-0.628606209162035,-0.426836223262982,4265.85179508162,0.99989217321586
"log_lik[321]",-0.671373593503028,0.00220113414164973,0.161895175463305,-1.01640012304834,-0.772827182060062,-0.666981749566995,-0.557853400609214,-0.37301240720366,5409.7200762286,0.999817958950591
"log_lik[322]",-1.21110194453744,0.00346291452207703,0.271146347200027,-1.8128692548596,-1.36432828752864,-1.18408533358041,-1.02880642918353,-0.748764656745801,6130.8963365746,0.999873850763117
"log_lik[323]",-0.805585907346315,0.00289413327834653,0.216337379989576,-1.30519690720164,-0.931418887657012,-0.774285728415174,-0.655987957882963,-0.451649810933437,5587.60989123496,0.999919050352451
"log_lik[324]",-0.544537717293463,0.00148743595075762,0.10265149431259,-0.782422533242393,-0.595513491089242,-0.536504824241442,-0.482692639850752,-0.355149612413138,4762.70852397008,0.999405882384779
"log_lik[325]",-0.398681665962306,0.00147199682066832,0.116185340140007,-0.661055394399062,-0.463098003520703,-0.394890423867913,-0.322856753293996,-0.183270978474618,6230.01257901471,0.999482267689658
"log_lik[326]",-0.278292699951508,0.00195519297366298,0.147614527162418,-0.628467934075987,-0.353822859020201,-0.256082844952529,-0.172079509010365,-0.0700685008810674,5700.0536554862,0.999298303591391
"log_lik[327]",-0.504676646928901,0.00304647423758154,0.219279325794884,-1.00147588139091,-0.627624573178542,-0.481419941735129,-0.345425610764766,-0.161622751586703,5180.84208220321,0.999377306379913
"log_lik[328]",-0.56171956490354,0.00307396373699486,0.213337845616182,-1.04247398457536,-0.685277327510686,-0.542056115127615,-0.407836523349485,-0.22054220653293,4816.5750351583,0.99986566357886
"log_lik[329]",-0.542694219047767,0.00175896433954297,0.120213286407876,-0.798090214161336,-0.612233632447605,-0.532715632085519,-0.45999460853104,-0.342383766764251,4670.79568720153,1.00032599302721
"log_lik[330]",-0.920178364358442,0.00567861214313624,0.345929049416896,-1.65527358116847,-1.15168269831698,-0.895298158973273,-0.663788252956604,-0.324491322133255,3710.9888828353,0.999295540241476
"log_lik[331]",-0.888755288002079,0.00206674368230855,0.129041423532732,-1.13861770735013,-0.969780601288699,-0.888322030869111,-0.810473688239335,-0.62142499127409,3898.38792578873,1.00031753776775
"log_lik[332]",-0.544366005984972,0.00218947776530782,0.118558432178102,-0.839712526425736,-0.600275004719058,-0.525880815550853,-0.465194199532654,-0.363428880913972,2932.13401907374,0.999655105767486
"log_lik[333]",-0.91467683712404,0.00527501647701513,0.321541951406289,-1.58669103374518,-1.13113611751867,-0.895698456395993,-0.682080001829358,-0.351714391561316,3715.58880071983,0.999327238379973
"log_lik[334]",-0.593659339897213,0.00467408900844633,0.317048814719873,-1.35994884230261,-0.778083379993468,-0.545452723507306,-0.354064152854081,-0.137615919046159,4601.06439004977,0.999500216678605
"log_lik[335]",-0.89132842951447,0.00306171403778003,0.177203841617759,-1.24916782433986,-1.00778030275496,-0.891912178244881,-0.779288156143047,-0.536712814797745,3349.78562613397,0.999555730346894
"log_lik[336]",-0.900372546137138,0.00307843801931882,0.212717703247656,-1.35643301283532,-1.02890555895393,-0.879300895054002,-0.754514777347922,-0.548071668605668,4774.70387884243,1.00041744973703
"log_lik[337]",-0.912580029777347,0.00518557141369049,0.310844802162553,-1.55859971709995,-1.11914203964809,-0.892925213165565,-0.689100482222954,-0.362735624736973,3593.30415955546,0.999316194723407
"log_lik[338]",-0.573964229905592,0.00442644750509921,0.251152257824341,-1.18534039651728,-0.694415724053913,-0.526485516325464,-0.395995217224642,-0.233291331457651,3219.31547543354,0.999692060355784
"log_lik[339]",-0.54556431205141,0.00228586021354303,0.124637267874859,-0.84731901586562,-0.604970968178208,-0.526648348648999,-0.463811324471049,-0.347793459381895,2973.01091497563,0.999775615368004
"log_lik[340]",-0.545816578403067,0.00233939473053375,0.127611767652033,-0.861481686341495,-0.60527354137872,-0.525937199211599,-0.459153392970831,-0.353653259585715,2975.59920689805,0.999591408232879
"log_lik[341]",-0.918316124667856,0.00461193322789186,0.312254432159984,-1.61991149657188,-1.09388626910153,-0.87120094804743,-0.701079460332172,-0.434762119759436,4584.0695817998,1.00050447179532
"log_lik[342]",-0.971206493292021,0.004728543527403,0.306002253634295,-1.62980703782902,-1.16053666613457,-0.960302989548089,-0.762370288804326,-0.424134057861709,4187.88230199237,0.999525168149631
"log_lik[343]",-0.751244767614796,0.00880864115084711,0.527417255236854,-2.0827726987002,-1.02986472779677,-0.64695177107006,-0.352951697896254,-0.0765136772402987,3585.01380780774,1.00022851247871
"log_lik[344]",-0.872832375545994,0.00428773230458504,0.274579080463317,-1.49870450439761,-1.01982795346048,-0.832424261168932,-0.689230208506628,-0.43471897656404,4100.90365249792,0.999602352267028
"log_lik[345]",-0.525252699672015,0.00319554960812461,0.206797132032242,-1.03307674012909,-0.623306652930351,-0.482666420860249,-0.382672256436718,-0.230600328229191,4187.91535190279,0.999642786699155
"log_lik[346]",-0.526067254486054,0.0018463568817005,0.118056496683712,-0.819380790208681,-0.580741462183173,-0.505423282309394,-0.451012007718638,-0.343162628819481,4088.35391324023,0.999489005736657
"log_lik[347]",-0.907656279635695,0.00213825163685311,0.141196092009541,-1.18385462558676,-0.990301292704364,-0.913729445583106,-0.827834183660558,-0.612287898578214,4360.41401499064,0.999264153319638
"log_lik[348]",-0.553836165652625,0.00206818970877288,0.12779050682466,-0.838442594410657,-0.624037670154509,-0.546648305148972,-0.47030366079911,-0.331939171075324,3817.82871096949,1.00002221539977
"log_lik[349]",-0.948264117920223,0.00369275966216263,0.246398491379081,-1.46602417995403,-1.10575684958757,-0.947432188797907,-0.785161349339983,-0.480971168092957,4452.19320617282,0.999482472612614
"log_lik[350]",-0.229816074801711,0.00346552707880258,0.197928262415775,-0.741819571875832,-0.31951282808063,-0.176184853436196,-0.0833393002499455,-0.0137087215280188,3261.94797969614,1.00064454283108
"log_lik[351]",-0.20017551475968,0.00193387761794857,0.104924797312633,-0.440744514467881,-0.262273956938529,-0.186063002151979,-0.12186710667694,-0.0393271240836962,2943.73223635634,1.00036822737005
"log_lik[352]",-0.283914868576519,0.00204125714385112,0.104523704912728,-0.495399546142178,-0.352400682563492,-0.279376082230372,-0.210894839210409,-0.0928935633562388,2622.00886105775,1.00018496560073
"log_lik[353]",-0.599561679991143,0.0019182404064037,0.113786787955075,-0.835381811932775,-0.668098840702755,-0.596967492127849,-0.528877916229695,-0.378915246654994,3518.66245005143,1.00014370147082
"log_lik[354]",-0.585109264186995,0.00268973740387355,0.150489592406915,-0.910069155765467,-0.6713081188016,-0.578656872438842,-0.491390847719453,-0.295273850367798,3130.3519389395,1.00076643976156
"log_lik[355]",-0.0792092659724565,0.00179284236541898,0.0931490343646012,-0.348143817326504,-0.102230292238513,-0.0479811621949243,-0.0191243598770547,-0.00191569688141156,2699.43268403266,1.00034795969916
"log_lik[356]",-0.486830740849116,0.00233398750427106,0.130619859115683,-0.768464329721143,-0.550319038981278,-0.478382758347845,-0.40885976545157,-0.255343787269979,3131.99722673918,0.999255462164538
"log_lik[357]",-0.314102608497366,0.00219955510877426,0.112810105847232,-0.535832221287694,-0.38909687022807,-0.311891974990916,-0.235669318765571,-0.107911318308162,2630.42739225655,0.999909152826912
"log_lik[358]",-0.158412406884133,0.00193620226484717,0.103473125895262,-0.417186414998911,-0.212122466031693,-0.13753027259304,-0.0815054607442471,-0.0208734803583919,2855.97032650096,1.00041152183959
"log_lik[359]",-0.124028131222608,0.00193803452663391,0.102041347034609,-0.401404797382337,-0.168914040949879,-0.0978939618166289,-0.0494597329513091,-0.00874716495130605,2772.23055774743,1.00045449226035
"log_lik[360]",-0.335348583365926,0.00331879936903123,0.200218693415903,-0.798493227159,-0.44697431996724,-0.301507984898102,-0.183598198011207,-0.055653373908542,3639.54629662914,1.00059238523163
"log_lik[361]",-0.64701399882732,0.00537992751341378,0.358957198127503,-1.44362442321759,-0.855939516898847,-0.592437122445391,-0.376076971615142,-0.132541323114373,4451.76760428722,0.999979076783697
"log_lik[362]",-0.962529124890819,0.00251779720585405,0.16027057382595,-1.33221279322587,-1.04970509254293,-0.949078975938898,-0.861422308480026,-0.681867227663438,4051.9687680548,0.999826717764659
"log_lik[363]",-0.538146866785655,0.00217912392448012,0.146888053929188,-0.846239584153129,-0.622226197849345,-0.526521184582334,-0.43976043189243,-0.274221183827837,4543.69421761954,0.99999524119559
"log_lik[364]",-1.01273165492249,0.00446517028929152,0.282678054303588,-1.63151739853713,-1.17328413009674,-0.99535398772601,-0.823756144355317,-0.510385576070245,4007.81931606634,0.99997720945442
"log_lik[365]",-0.573873878569968,0.00317254132535569,0.217851234030347,-1.04203201756318,-0.707102885798953,-0.553855708000226,-0.41801641723562,-0.214070406168561,4715.25813410252,0.999919316018073
"log_lik[366]",-0.561324473291953,0.00285846731341505,0.189971333452757,-0.974267428386436,-0.679224831502201,-0.546506102605441,-0.42508891660085,-0.23184004593897,4416.81980448777,1.00029603821354
"log_lik[367]",-0.490029071264451,0.00303108062125197,0.206128298507255,-0.99193866664743,-0.596723873079112,-0.452903325963495,-0.344977746052557,-0.188743863320302,4624.6648071509,0.999453873855825
"log_lik[368]",-0.49236938469103,0.00164020172948562,0.109932106952784,-0.728867664285149,-0.55335894880023,-0.485031905761645,-0.421120768673983,-0.292592904223268,4492.15333915254,0.999443035334227
"log_lik[369]",-0.509777820227029,0.00515263845677453,0.342302451806535,-1.40943086142941,-0.656350017109575,-0.421385304267143,-0.268244302557144,-0.098779214597877,4413.27183531594,0.999483875438722
"log_lik[370]",-0.906025162846496,0.00417546098576363,0.265416636503639,-1.55018544150776,-1.05066674913029,-0.873564385736914,-0.723785197610543,-0.47821809329578,4040.61453992533,1.00029218120011
"log_lik[371]",-1.02952812830459,0.00483440392041574,0.320775384548008,-1.7286885589753,-1.22948382406897,-1.01405163072436,-0.803983343090898,-0.472420725051474,4402.67068293233,0.99946656450707
"log_lik[372]",-0.527175787554306,0.0017062808374929,0.11528728667594,-0.758884352054895,-0.599432873311399,-0.523665317389934,-0.449334790591598,-0.309046405094316,4565.22103019703,1.00016861539556
"log_lik[373]",-0.488155306584828,0.00276663190475558,0.183990171742003,-0.931884772333535,-0.584966165237103,-0.457024636827665,-0.359576639603534,-0.21277926825674,4422.68988155256,0.999789977722666
"log_lik[374]",-0.945564938403836,0.00218549154457098,0.15976838851638,-1.28429752277081,-1.03987299788837,-0.940598153320608,-0.847369515311834,-0.634780897573414,5344.2091754277,0.999365521367037
"log_lik[375]",-0.662659702056326,0.00576394482995425,0.359069001363346,-1.52608337971129,-0.872439774824641,-0.609894398787132,-0.395230517527344,-0.130906687398819,3880.75474472773,1.00060975239132
"log_lik[376]",-0.507568308223856,0.00168046167024097,0.119166281118577,-0.794742359211728,-0.566446396213982,-0.495379294363475,-0.429636136364343,-0.309590519191527,5028.62847751782,0.999211552519336
"log_lik[377]",-0.546975756995536,0.0020103787538164,0.129765515024911,-0.817533510288877,-0.630315891743231,-0.54084882200375,-0.458297798945214,-0.306027938834722,4166.41779770056,1.00042452369106
"log_lik[378]",-0.879951722624471,0.00382601625448034,0.237649573072651,-1.43044965178321,-1.01351375013532,-0.855882316112295,-0.709396757390289,-0.487612514430796,3858.16196560118,1.00050403537089
"log_lik[379]",-0.508579188449742,0.00413734988331508,0.274434652953925,-1.23243800975462,-0.627300979392221,-0.440551157349025,-0.319068543398824,-0.155597463258659,4399.80469831024,0.999564210118502
"log_lik[380]",-0.889343632907872,0.00283837546640602,0.171511020450928,-1.2615634389155,-0.988532649439632,-0.876610333180153,-0.777971240812564,-0.57497666743425,3651.27356701652,1.00071572779899
"log_lik[381]",-0.897767897188383,0.00280794116423799,0.178129305827877,-1.30880923792422,-0.997861566345883,-0.879179926614045,-0.775065321320265,-0.604631512820023,4024.34072547738,0.999922435456634
"log_lik[382]",-0.538699555191291,0.0017957817311988,0.11705197532277,-0.781947536396847,-0.612062380102194,-0.533484955890561,-0.461122549879617,-0.320939224522574,4248.64452351054,1.00014510707182
"log_lik[383]",-0.559597791238457,0.00246494870277935,0.159012159121027,-0.900208960941941,-0.660551317280117,-0.547667840883814,-0.452442544155186,-0.271009396767965,4161.45207740709,1.00044096944516
"log_lik[384]",-0.587635553607083,0.00338309171591536,0.214957643565441,-1.05780239283576,-0.722063463530092,-0.567432490502104,-0.43449871528525,-0.222139631981172,4037.18119565566,1.0006240846137
"log_lik[385]",-0.590728636880122,0.00358099739016231,0.216627496360873,-1.09635165554453,-0.714115671665737,-0.56388815472861,-0.441557124889772,-0.238315176463833,3659.47809514584,1.00122919082419
"log_lik[386]",-0.963160312199012,0.00278760988657009,0.201955915285948,-1.38592592154157,-1.08458003634214,-0.959325765797763,-0.834053507278613,-0.574578943599009,5248.668741843,0.999490160468
"log_lik[387]",-0.183131884938,0.00169672366324216,0.098042371481798,-0.410554030196084,-0.239123663727922,-0.169127787793858,-0.110625254806582,-0.0384154578339935,3338.91514186106,0.999995270619631
"log_lik[388]",-0.103496311695363,0.00165177744730904,0.0894422016643946,-0.345032343387673,-0.141382700971942,-0.080076315705905,-0.0387580240280981,-0.00540796384567409,2932.12106364637,1.00010059235008
"log_lik[389]",-0.889752346113484,0.0027653285050339,0.159741508960776,-1.25651647759409,-0.973207473815678,-0.87553074151799,-0.788935891013713,-0.6146173800832,3336.89164387287,1.00057807331214
"log_lik[390]",-0.494498530755334,0.00200126482255623,0.121324720161792,-0.761985277279066,-0.560159958255815,-0.486121200981825,-0.419139003614017,-0.273608575478026,3675.27189388956,1.00028211710695
"log_lik[391]",-0.161371463124919,0.00264490811964617,0.145628358291823,-0.539962289437684,-0.225096556390432,-0.121910614071204,-0.0532050721285844,-0.00738134456705673,3031.59182671716,0.999760837024378
"log_lik[392]",-0.795240051594919,0.00400577954260942,0.229788799994151,-1.34806946266152,-0.914222325714284,-0.751069095927056,-0.638916518720632,-0.45036264660722,3290.66464949182,0.999844936037386
"log_lik[393]",-0.301878626440088,0.0027621638249283,0.164060865182459,-0.672784842492779,-0.402238207698831,-0.281480549453488,-0.175646359216484,-0.0605752074314513,3527.85826520504,0.999441588613776
"log_lik[394]",-0.0811266167711626,0.00152205719968694,0.0817342062743316,-0.304403653180523,-0.109164057423337,-0.0556686378614523,-0.0244960502778112,-0.00265793818803547,2883.67127637976,1.00025151533385
"log_lik[395]",-0.610345917313853,0.00299930977639893,0.176780460104963,-0.979464150007298,-0.720297442400395,-0.610300051671908,-0.488839251864857,-0.284909268419153,3473.96847889942,0.99985414836982
"log_lik[396]",-0.437486641243936,0.00262620039045138,0.162851075258395,-0.77872045882945,-0.544935023344562,-0.429849892402785,-0.317234362205118,-0.156854908323483,3845.25847240042,0.999400893633742
"log_lik[397]",-0.17435387440276,0.00197780929134336,0.10930626191334,-0.437990526906601,-0.234564331919048,-0.155359015916194,-0.0917235163122674,-0.0216826234048549,3054.36728425198,0.999826422837787
"log_lik[398]",-0.313416624116957,0.00278300394077722,0.164886414565579,-0.683445252186196,-0.415085352888407,-0.295765012784625,-0.186578235134478,-0.0661733749712208,3510.2828014513,0.999421441550835
"log_lik[399]",-0.390941383188188,0.00153618932014414,0.0892577284888865,-0.577526774626064,-0.444440786577398,-0.391811710187444,-0.334061487155184,-0.216006723203814,3375.99797665223,1.00002851632314
"log_lik[400]",-0.758889833105155,0.00338656173106636,0.239536226974699,-1.29094236718171,-0.899811251544147,-0.740352584739881,-0.593115251001497,-0.34722847086394,5002.92988286559,1.00001938084426
"log_lik[401]",-0.543991159004747,0.00154127085005317,0.100118205289293,-0.745612565175596,-0.605151895874393,-0.541751715996549,-0.481688817433564,-0.348486542189567,4219.56986779864,0.999997712138116
"log_lik[402]",-0.355697581896252,0.00211851936887391,0.162165919976067,-0.744956779498153,-0.444816101242831,-0.330699950404418,-0.242108169098461,-0.108979228194155,5859.41559288172,0.99928021223809
"log_lik[403]",-0.503008492176976,0.00120988783064024,0.0829951614430187,-0.660739504008311,-0.552686777188484,-0.505308035918477,-0.456814005715917,-0.32557774150881,4705.60351008595,0.999917669654658
"log_lik[404]",-0.32076773509917,0.00279222756555974,0.208581269062588,-0.859808288696494,-0.417327092192847,-0.274609768989702,-0.174570724325292,-0.0542534704913852,5580.19005151368,0.999321592462047
"log_lik[405]",-1.53823524735834,0.00897344458987764,0.62889701012771,-2.97799443627302,-1.90284161079088,-1.47481197055924,-1.09429247455658,-0.53068869984771,4911.80016316122,0.999665837538466
"log_lik[406]",-0.525784448209211,0.00136239618962857,0.0884783313429646,-0.700068593701872,-0.579140201810528,-0.527216145122493,-0.473727571445062,-0.341109878102304,4217.61571028674,0.999991356530747
"log_lik[407]",-0.881936196334094,0.00624569354493228,0.425552254657731,-1.89768436239757,-1.11934588653969,-0.811542394277556,-0.567496327802389,-0.254642831825797,4642.42022462215,0.99965912177945
"log_lik[408]",-0.422751362568602,0.00139884228004633,0.104493048875542,-0.64422703985699,-0.48359262456508,-0.419250141824882,-0.356979742593049,-0.21851427771632,5580.03986227907,0.999401492292144
"log_lik[409]",-0.537303933312499,0.00146361862980946,0.0951209707690009,-0.727613365333628,-0.595281960972702,-0.53662789440734,-0.479150084099685,-0.344890795287689,4223.73526932944,0.999996710760391
"log_lik[410]",-0.520259605076879,0.00131168236658504,0.0860732145448367,-0.687787707203166,-0.571083437588923,-0.521668618854397,-0.470527648795075,-0.339766672647553,4306.04619896656,0.999984572349766
"log_lik[411]",-0.8068740783336,0.00285527459554192,0.195184279473276,-1.24131774361935,-0.916872989327284,-0.790578325995177,-0.671365490549569,-0.480454814967879,4672.97985793986,1.00014761056096
"log_lik[412]",-0.323875371113814,0.00271610418261415,0.202989952074757,-0.839851793033158,-0.416719632135651,-0.278178291783485,-0.180074226793953,-0.0617957288600073,5585.42511391752,0.999287791453436
"log_lik[413]",-0.417606855021495,0.00136951457004577,0.092674601162663,-0.62157456594534,-0.471306459351328,-0.41406346984282,-0.359386987505381,-0.24451642278169,4579.18445012837,0.999694560405987
"log_lik[414]",-0.399492410035934,0.00352086320846604,0.246271162754925,-0.991142083168625,-0.521838627395553,-0.353845527543436,-0.221120944253043,-0.0660118425570828,4892.47727558396,0.999378983740765
"log_lik[415]",-0.435711648938518,0.00137256114948519,0.0890871776656447,-0.630245502609049,-0.487334410141019,-0.432794621600803,-0.381042518688451,-0.263425729217976,4212.7627042908,0.999604917095128
"log_lik[416]",-0.49929501828682,0.00307539012994307,0.220520853918309,-0.997551649940581,-0.62996750441137,-0.476241753008266,-0.339368089692429,-0.144064390780237,5141.60724187096,0.999376427384318
"log_lik[417]",-0.334603384530361,0.00169554226355711,0.11438423687832,-0.589340538609755,-0.400280932977371,-0.325747681168841,-0.255424054308782,-0.137688580691155,4551.08680429497,0.999497092435019
"log_lik[418]",-0.559721585211153,0.0014426969541298,0.094175112258411,-0.75237387454425,-0.609840575283057,-0.553756943571326,-0.503524251417427,-0.381279346759989,4261.10330585999,0.99979903145995
"log_lik[419]",-0.290439194827635,0.00182626945676903,0.127094558099437,-0.577266659755294,-0.36095270717713,-0.276007649944063,-0.202036451048214,-0.0943611181318882,4843.10850579871,0.999712585336573
"log_lik[420]",-0.475027648604467,0.00310129338110717,0.224076570236054,-0.996998397834447,-0.600045356853453,-0.445057492876494,-0.314347625176744,-0.12558343101121,5220.44100658173,0.999336955576451
"log_lik[421]",-1.71278390683772,0.00858146503442467,0.571871201143118,-3.04124298856635,-2.02804132800671,-1.63794472989562,-1.31078413759899,-0.821579511707574,4440.92642829544,0.999369385164354
"log_lik[422]",-0.711701396304128,0.00232975067362397,0.161090710881849,-1.0898903374612,-0.795001243366188,-0.693627049861038,-0.607354734116935,-0.441821039610955,4781.03699372172,0.999332179190013
"log_lik[423]",-0.383413491772528,0.00329260687292393,0.171930625661911,-0.764992431383493,-0.492391246410069,-0.364475792172728,-0.258024383384068,-0.102903561199915,2726.63324991592,1.00032806082235
"log_lik[424]",-1.1025141709133,0.00518101923610309,0.285203877831063,-1.76391127700618,-1.26746246878609,-1.07318650068203,-0.901852776770345,-0.631372187210145,3030.26383623242,1.00043994556265
"log_lik[425]",-0.835516546524193,0.00357614409287933,0.178817791572584,-1.18528323372389,-0.941878042695891,-0.846161046833645,-0.730890984382794,-0.45387699576366,2500.2960518861,1.00090174763512
"log_lik[426]",-0.523246299512368,0.00244169183196215,0.125507408744946,-0.811537669080491,-0.586054659195848,-0.511511419202295,-0.444762115682562,-0.310116941626352,2642.14729732313,1.00038198945179
"log_lik[427]",-0.522261758188427,0.00921119101706967,0.423510414684603,-1.61415215896175,-0.74224486705666,-0.409253351638703,-0.202390873361425,-0.0355248555243575,2113.95925426569,0.999551953987962
"log_lik[428]",-0.37780644786257,0.0034794333016856,0.178814720673195,-0.779176454418171,-0.491372408888279,-0.354179063775828,-0.24570997405836,-0.0970340317947806,2641.12834201842,1.00028581108564
"log_lik[429]",-0.529242449794165,0.00854452335634382,0.396502516182875,-1.51062632830989,-0.752961422731642,-0.43406504284513,-0.226546727590693,-0.0430833565632716,2153.35787453709,0.999578248740824
"log_lik[430]",-0.34337221535862,0.00471903419837116,0.228551890551649,-0.907381390650225,-0.466676229494145,-0.289736195009359,-0.1732500721975,-0.0511247772843719,2345.65095245229,1.00010423888758
"log_lik[431]",-0.745314488238438,0.0040226144273905,0.192883991922438,-1.11859320058981,-0.873267872088134,-0.744941620893612,-0.616566693968954,-0.36737098147011,2299.19368220515,0.999982840631847
"log_lik[432]",-0.373266499480839,0.00362155306449458,0.18439588907671,-0.791115611563846,-0.488735680168142,-0.345377153947596,-0.237009874054755,-0.0923563927088305,2592.46417260984,1.00023851682784
"log_lik[433]",-0.698754901412401,0.00470012025366596,0.227436179081146,-1.15324999864883,-0.849258911598037,-0.690991497716197,-0.540453070408058,-0.278612741131824,2341.53774030313,0.999882421251635
"log_lik[434]",-0.581839754033156,0.00301107291515043,0.147506522470362,-0.941863460419888,-0.652203475915829,-0.556050359223326,-0.485832111239546,-0.357625481960156,2399.82682852932,0.999988926740505
"log_lik[435]",-0.334444584987804,0.0022998767306802,0.156710044862096,-0.719616668687367,-0.415504585338251,-0.30931463570632,-0.223624979779145,-0.105411676798704,4642.8489160564,1.00005899666431
"log_lik[436]",-0.46108026995239,0.00186496760004338,0.118655116840672,-0.732343865641808,-0.525172523909729,-0.454340894629922,-0.382254484985853,-0.248824767943253,4047.90545322371,1.00007560826942
"log_lik[437]",-0.726504640877673,0.0020853341646765,0.15456301558178,-1.02902582619472,-0.826389224350789,-0.729497377316995,-0.627089027927445,-0.405379066570887,5493.63558914485,0.999795809206051
"log_lik[438]",-0.443646958488256,0.00390772361305703,0.289468724560883,-1.16535043788564,-0.586555802067965,-0.37969865767062,-0.232936930015666,-0.0673452763511154,5487.26098698341,1.00012436774537
"log_lik[439]",-0.32272562161008,0.00240449980758196,0.164333897190273,-0.728483492945025,-0.406373927302586,-0.295746623303693,-0.203978637946831,-0.0852631887344556,4670.94567270278,1.00004854000952
"log_lik[440]",-0.95642420425513,0.00220567626459695,0.140612664179692,-1.23351275438227,-1.04373850659978,-0.959194191042255,-0.875693724878825,-0.654434846947173,4064.10887807787,0.99956729738831
"log_lik[441]",-0.613018299003312,0.00173244213950045,0.112329002916124,-0.892803677530074,-0.667689808489995,-0.594029428687863,-0.53995381517276,-0.440267222435615,4204.03506843606,0.999431027813193
"log_lik[442]",-0.573669675488615,0.00300672463585375,0.222834551601663,-1.07724182958623,-0.702716218276036,-0.551500749206376,-0.41735483119461,-0.211900678622055,5492.59719025548,0.999683207627962
"log_lik[443]",-1.23998253032504,0.00486791291727199,0.32203054530881,-1.97099216659127,-1.42977464737361,-1.20838238905039,-1.01777309358883,-0.686633976472389,4376.31459360577,0.999742133066537
"log_lik[444]",-0.694747278015877,0.00270389919244251,0.181246088277927,-1.0454503357432,-0.820977686717982,-0.69379449051248,-0.570833860567174,-0.346889968363502,4493.20560858619,0.999298897394222
"log_lik[445]",-1.94953320570418,0.0125665783125304,0.85760025297267,-3.88578975231238,-2.43338932847477,-1.84897312209318,-1.33315749146284,-0.580769294306164,4657.31611740795,0.999738222768111
"log_lik[446]",-0.587718663062788,0.00169468037212224,0.104586832259024,-0.85235150952386,-0.636061021762324,-0.569173010079584,-0.519962277245644,-0.432042401657444,3808.71450185464,0.999260679103645
"log_lik[447]",-0.717790250242663,0.00217173723878456,0.160898146831197,-1.02855801586519,-0.823483199439793,-0.721639633471554,-0.614257737730482,-0.381221532256464,5488.92791896034,0.999888504640401
"log_lik[448]",-0.444398086021577,0.00170356923100487,0.108415421206857,-0.70336188299231,-0.500899995950772,-0.434074030362834,-0.36989516266183,-0.264198331597502,4050.07017212908,0.999922099177927
"log_lik[449]",-0.51167060588753,0.00257399722884187,0.161786768318978,-0.845070866362637,-0.621089622711275,-0.504651175311821,-0.396125119457519,-0.220846019686569,3950.66177326752,1.00036008184311
"log_lik[450]",-1.31504016421177,0.00785954481836024,0.504992530828146,-2.55365423899114,-1.56043657405635,-1.20800857481768,-0.955926057274773,-0.634506250900069,4128.33678862499,1.00046711003914
"log_lik[451]",-0.63958812168529,0.00230722156197271,0.141355170959529,-0.923659608658077,-0.734353436266945,-0.638286229228507,-0.54565967624355,-0.366561824728269,3753.57239856437,1.00083339924288
"log_lik[452]",-0.58932242613647,0.00257198901635514,0.167893791282407,-0.912281386611273,-0.707432071855199,-0.592573867222547,-0.476788873120744,-0.252603415899016,4261.19151144235,1.00045535374895
"log_lik[453]",-0.351117926084235,0.00154841743266745,0.102503399611308,-0.572981141013065,-0.412483218940736,-0.345876262195112,-0.282167859381945,-0.162230658554269,4382.28314531551,0.999473928331036
"log_lik[454]",-0.365599318131163,0.0014754736646171,0.0980384782644638,-0.578579718465504,-0.423271879877121,-0.362617865298034,-0.300790403043983,-0.185658046910666,4414.99482250702,1.00040212591099
"log_lik[455]",-0.599306416788363,0.00252163005715629,0.164379513774613,-0.915487700459457,-0.713897743212,-0.602519074424815,-0.489765732514306,-0.266441616341188,4249.44916205905,1.00047196516684
"log_lik[456]",-0.107588179109931,0.00174468838611124,0.10379730574475,-0.385451822916184,-0.150192588476112,-0.0754035848765867,-0.0321800802730348,-0.00439013437354978,3539.45521256897,1.00019253024083
"log_lik[457]",-0.161904707418142,0.00177693045673979,0.110570626028013,-0.427997851467383,-0.221461824503985,-0.138158580584106,-0.0766687955313723,-0.0202389824877782,3872.02965161126,0.999941833949998
"log_lik[458]",-0.506195747199391,0.00258275926747711,0.162554267837751,-0.841174077745229,-0.615700985528163,-0.498353700235436,-0.390017022005627,-0.215645027800816,3961.21938345278,1.0003465624036
"log_lik[459]",-0.535393930945136,0.00257735053793326,0.160132116433153,-0.859479780873713,-0.645206753058868,-0.530125442811609,-0.421757981396123,-0.241197994447944,3860.20090264258,1.00042575954864
"log_lik[460]",-0.146773353886544,0.00171865901293688,0.107005243105008,-0.411931938693653,-0.201327214376875,-0.120857438436423,-0.0658470988297229,-0.0161727106497313,3876.41866652923,1.00021255496948
"log_lik[461]",-0.121954240817827,0.00168659183319532,0.103194382870733,-0.388286567259918,-0.168816473982339,-0.0934138208125455,-0.0456402871242021,-0.00894039965363587,3743.62320216479,1.00038697197062
"log_lik[462]",-0.616955311765159,0.00200324281957352,0.141041735036283,-0.940149546777039,-0.693819152180992,-0.603496326208851,-0.519693061920315,-0.380412346845026,4957.10472719583,1.00016654105338
"log_lik[463]",-0.447043204006625,0.00303894853441507,0.199356102331662,-0.95589880535335,-0.540870899873542,-0.408025559956816,-0.30594237079366,-0.16557353934905,4303.40656089906,1.00004569830295
"log_lik[464]",-1.04331028666168,0.0041786988965277,0.270904768740679,-1.63273609685303,-1.209026831311,-1.03179011836096,-0.864047858543212,-0.54575474277935,4202.92018956302,1.00016309868756
"log_lik[465]",-0.778982800726638,0.00285495058633957,0.203135929322493,-1.21596317112613,-0.898024640476433,-0.767245719462189,-0.641593434629897,-0.423481148893444,5062.63128881338,0.999867706682453
"log_lik[466]",-0.482515579937302,0.00233672194595469,0.141936538042912,-0.833719437579204,-0.550359409961705,-0.463998985453667,-0.388153072612247,-0.254940740256681,3689.55799820869,1.00018930521719
"log_lik[467]",-0.796137273708285,0.00501793824248902,0.357466955719375,-1.62685479021117,-0.987802730629984,-0.749579187504879,-0.541263959332265,-0.260349522672058,5074.82627233175,1.00062022365165
"log_lik[468]",-0.675000422607126,0.00556736462839937,0.389186159833764,-1.62152969185167,-0.866469304054177,-0.590189533505699,-0.399332054995659,-0.158553995710133,4886.69735992379,1.00058322670901
"log_lik[469]",-1.07561194428755,0.00446167744857451,0.308873344822607,-1.73421472568415,-1.26788395928374,-1.05662389952488,-0.867331429353026,-0.516890569275308,4792.52648572132,0.999812911353685
"log_lik[470]",-1.08625057716852,0.00475872129268733,0.330806602212459,-1.83162526878581,-1.27911394611672,-1.05947648436869,-0.866598901843156,-0.514580088529984,4832.45476381307,0.999649786279188
"log_lik[471]",-0.794096857628939,0.00256216718297002,0.176438787828303,-1.15998066537413,-0.905905663338206,-0.78864825567036,-0.679216163219141,-0.463382090142682,4742.12723453511,1.00080897520571
"log_lik[472]",-0.187377207874885,0.00183958078517798,0.1169512195957,-0.478265904211582,-0.248875418958299,-0.165250681346571,-0.100444728001293,-0.0318416435066989,4041.77172095664,0.999427079528859
"log_lik[473]",-1.40804109805509,0.00559436012819303,0.362924289826363,-2.2936518242375,-1.6159523250316,-1.34983003016182,-1.14855551332988,-0.854735626360098,4208.53779186638,0.999549233371722
"log_lik[474]",-0.272373600162177,0.00305090928920005,0.205053736660539,-0.787975173740024,-0.374597340844025,-0.222655522438596,-0.116337078126371,-0.0296809089750776,4517.27765242219,0.999369402534845
"log_lik[475]",-1.41538800228326,0.00484849085080006,0.325700859874577,-2.17585964034523,-1.60421379312368,-1.36600647487472,-1.18970844317336,-0.88035926616289,4512.57724830436,0.9995172730094
"log_lik[476]",-0.181182459900591,0.00191196123441155,0.119300345580651,-0.473554940209286,-0.243253224915846,-0.156531691296328,-0.09287462828801,-0.0256469962891532,3893.36605650689,0.99942769578774
"log_lik[477]",-0.283470423484535,0.00157362404591114,0.110023031294288,-0.52868600321742,-0.351048791823211,-0.278452028486852,-0.20268351640452,-0.0976453295802552,4888.38323470418,0.999350483268984
"log_lik[478]",-0.660989520322184,0.00195690141713708,0.131324381409475,-0.956380634336598,-0.736057569562926,-0.644616441034072,-0.571944670789035,-0.443733246165003,4503.5276351438,0.999838045438876
"log_lik[479]",-0.661221880980405,0.00208162972134999,0.149580931403704,-0.974321653000184,-0.754831231636707,-0.659726698384939,-0.559996660457001,-0.383750644872208,5163.51575055669,0.999462407396222
"log_lik[480]",-0.254695795123856,0.00167011874485006,0.110812627011908,-0.513451051041789,-0.320636682904899,-0.24406969764161,-0.17231777662413,-0.0774603977488605,4402.34222809833,0.999372374031302
"log_lik[481]",-0.32096639965659,0.00295039430459001,0.204410644642255,-0.80856271576686,-0.43401653100521,-0.278703689116057,-0.162447424304469,-0.0512773107951952,4800.0625159829,0.999318470404053
"log_lik[482]",-0.424865471270661,0.00165052398943995,0.106066490489466,-0.653742677314505,-0.486192765992645,-0.420024295169656,-0.354614465315138,-0.233209282290924,4129.64497069737,0.999804009917435
"log_lik[483]",-0.526191595487571,0.00199212692758888,0.125875195584636,-0.822347127865139,-0.583516045725234,-0.510986121129337,-0.45046441537243,-0.321229581309965,3992.51268812009,1.00006800043087
"log_lik[484]",-0.320276208771199,0.00154328096020239,0.102946655923157,-0.543309065292407,-0.385084617857274,-0.317072852280559,-0.246878326848634,-0.136607831691169,4449.73851724746,0.999416806663315
"log_lik[485]",-0.487516045712787,0.00147958916373709,0.0954272532920953,-0.699244459581959,-0.540364699682151,-0.483108669833144,-0.428106173069637,-0.307859063992631,4159.70529757051,0.999996934077726
"log_lik[486]",-0.359901218574469,0.00165967088677463,0.0960799338186343,-0.541430103468088,-0.42243652505546,-0.362118684680315,-0.297757145409631,-0.166316521002811,3351.36275435577,0.999910961603761
"log_lik[487]",-0.467328042654374,0.00159988169196054,0.0939448839248848,-0.628524146332992,-0.530415936182555,-0.477209379660945,-0.412088343333461,-0.257565622305321,3448.02599250911,1.00063408395397
"log_lik[488]",-0.269973694069908,0.00202587190116213,0.125565170979991,-0.558054124338774,-0.340243000863786,-0.258017877375078,-0.179414755822879,-0.074906434458752,3841.62017125882,0.99963540831211
"log_lik[489]",-0.222046818772815,0.00221332640787159,0.14214122981097,-0.575782471075079,-0.288851842611475,-0.196267682517264,-0.119449851958766,-0.0360195644897358,4124.29010111927,0.999963627551971
"log_lik[490]",-0.328135363186082,0.001780799719602,0.105621599955112,-0.541846004473312,-0.393315861692016,-0.327063904447234,-0.256201010296842,-0.131974738073514,3517.83387448826,0.999698161708406
"log_lik[491]",-0.304647886883468,0.00189782435651308,0.114156744812005,-0.545494723185826,-0.374220476677546,-0.300520638669547,-0.223721700068073,-0.107698829184298,3618.18793082462,0.999563300038362
"log_lik[492]",-0.732275418949589,0.00310146138368675,0.218140238203966,-1.22910728896675,-0.85155084566899,-0.715185142912575,-0.587722732252364,-0.358463535753217,4946.96468211519,1.00009358374985
"log_lik[493]",-0.492677133518662,0.00407596603218064,0.290823290941065,-1.22856428996325,-0.627894696988999,-0.433871954531504,-0.285962378441665,-0.103920429927055,5090.93154113148,0.999988687933704
"log_lik[494]",-0.404855109410369,0.00154766245369263,0.086204069728437,-0.556595572164847,-0.462145844863676,-0.413254247422348,-0.353484465105742,-0.21383082784854,3102.43753130937,1.00015431283127
"log_lik[495]",-1.22726827701587,0.00871845826585318,0.593511223502521,-2.63461857931046,-1.54598125970747,-1.14020855170261,-0.817403310775302,-0.343072260530382,4634.23962258464,0.999758829785412
"log_lik[496]",-0.736072394299565,0.00349354378017722,0.240014697745874,-1.29611082326127,-0.867348946316768,-0.707303432696123,-0.572912854302349,-0.343712284907149,4720.01408409927,1.0000199368891
"log_lik[497]",-0.491240698095034,0.00190091564184624,0.116121419185992,-0.698415914423118,-0.569383326507366,-0.496258639764198,-0.422700591670003,-0.242915903868894,3731.63348311187,1.00054042406356
"log_lik[498]",-0.201845538832621,0.00234428398674896,0.150251793673197,-0.581493668241096,-0.266267034465906,-0.168440932142766,-0.0951279696458369,-0.0242707785932052,4107.89078297693,1.00004725218972
"log_lik[499]",-0.864181975903897,0.00270985877170802,0.170796976467574,-1.27704842697687,-0.946324203909149,-0.839112543245232,-0.7539735676847,-0.603568189163201,3972.52868186422,1.00095763628099
"log_lik[500]",-0.699981099938549,0.00445778178241402,0.299068641517358,-1.39306374599036,-0.866844568018837,-0.65666413433741,-0.486386934874031,-0.241668489887619,4500.94955833126,0.999827467952322
"log_lik[501]",-0.428551571467499,0.00482323141494941,0.341386777330965,-1.31159997634488,-0.547430928817909,-0.336277213975753,-0.200428089081073,-0.0603374770385318,5009.76313655906,0.999756172187089
"log_lik[502]",-0.808021152095516,0.00366468872002335,0.251709888575447,-1.37656884487667,-0.949642153468019,-0.779154286381797,-0.632625803672602,-0.403105980307131,4717.65710773381,0.999555875577722
"log_lik[503]",-0.584870046031137,0.00202859530115609,0.141467743375195,-0.886526247913834,-0.667769938053815,-0.575434078611693,-0.488431708805705,-0.33371674678261,4863.22117644003,0.999616525364446
"log_lik[504]",-0.883937029684868,0.0018824459913921,0.131982706685734,-1.17346209194292,-0.958973824501872,-0.876332534182603,-0.800586256917662,-0.649187223341194,4915.74121141984,0.999527873982473
"log_lik[505]",-0.566073781698003,0.00165832921595677,0.116606507750487,-0.810586590359337,-0.636355072501602,-0.560545663145541,-0.487252483706372,-0.358208705388435,4944.29156915456,0.999542779344391
"log_lik[506]",-0.88408018972678,0.0018822725774326,0.131903780016005,-1.17398335140043,-0.959347877541839,-0.876957137844547,-0.800652786993254,-0.647653987567187,4910.76840167427,0.999524129489327
"log_lik[507]",-1.17274320556946,0.00591693046803491,0.431031167633057,-2.14819393715996,-1.42804433681955,-1.12997074616393,-0.875495350597424,-0.453283195547768,5306.69855358609,0.999623964013087
"log_lik[508]",-0.472805045742417,0.00162748252850915,0.128417899679596,-0.777833285527957,-0.538916021120883,-0.460784944514825,-0.389691814621916,-0.259240817486636,6226.13388249724,0.99991125239547
"log_lik[509]",-0.656405666178391,0.00344218001424732,0.238845717620499,-1.19439006934286,-0.79295075600628,-0.63031260459203,-0.487309892944952,-0.269913919416594,4814.68369052886,0.999650745796543
"log_lik[510]",-0.899180464069578,0.00170919792149242,0.123345521899953,-1.16872776987136,-0.967153141551241,-0.89393476758478,-0.822249420443612,-0.67350569867587,5207.89310837852,0.999640325708217
"log_lik[511]",-0.448565484604571,0.00239250583834986,0.17764311878791,-0.876756327422146,-0.537105927977084,-0.428476774504231,-0.329903533490508,-0.163326965648646,5513.03520778238,0.999793159791767
"log_lik[512]",-0.614754567647985,0.00261669457180942,0.182009415753109,-1.01439958126363,-0.720185105759556,-0.598203259354974,-0.488480152648386,-0.306041267945401,4838.17579294636,0.99964913391996
"log_lik[513]",-0.972383658955,0.00216099697239415,0.167117069703525,-1.34092404489801,-1.06431321700347,-0.960917166290972,-0.867723872363359,-0.661598620973035,5980.44233343453,0.999745015714803
"log_lik[514]",-0.499226713015286,0.00112291671543592,0.0882111348503975,-0.695348987637875,-0.545423208248072,-0.495393462516386,-0.44482419882627,-0.338751244408457,6170.94570673607,0.999698999263472
"log_lik[515]",-0.638015286989202,0.00298602066570051,0.222903454337712,-1.11410641595372,-0.775945259306076,-0.625758930762174,-0.48017476243917,-0.247053225179781,5572.4730841941,0.999737715752742
"log_lik[516]",-1.79923289877459,0.0108045984482223,0.799149210947048,-3.56882166266434,-2.28021493077735,-1.71170807950245,-1.21371928577624,-0.538167193836662,5470.64442569994,0.99921224960678
"log_lik[517]",-0.593032354756484,0.00173980860624122,0.111238012353868,-0.856669639570513,-0.644172280451773,-0.579326154608564,-0.524307512302378,-0.41500247636696,4087.93037715241,1.00089459903021
"log_lik[518]",-0.285434723694337,0.00316295415874833,0.217872599653964,-0.839970883739271,-0.374437012815229,-0.229202253994498,-0.13423011923716,-0.0423419790465363,4744.81665604281,0.999471115649333
"log_lik[519]",-0.886805203908191,0.00210781975323447,0.138363233967546,-1.16621430086257,-0.96751592807487,-0.885685675527093,-0.804903245960503,-0.60422800341807,4308.97989936578,1.0005794524432
"log_lik[520]",-0.321671204732182,0.00254889427041369,0.185195343031637,-0.765064846979383,-0.412710439187535,-0.285119167603194,-0.188542834164521,-0.0746674247541912,5279.0585780303,0.999383424736067
"log_lik[521]",-0.518201416735564,0.00153698694212996,0.100807989025908,-0.755345604285286,-0.565801092401507,-0.505915237133268,-0.454446547531175,-0.357317430283048,4301.79337954318,1.00051829153625
"log_lik[522]",-0.491567362111665,0.00420876230862853,0.31176844474182,-1.26150305228009,-0.650421735195028,-0.42485199551565,-0.26177455959295,-0.0792348747096932,5487.25968861238,0.999630042547261
"log_lik[523]",-1.07026573181081,0.00286750788616532,0.20973254207593,-1.51589348016902,-1.19534920097532,-1.06174010289206,-0.935075869058802,-0.67818898436985,5349.61341948706,0.999446239774556
"log_lik[524]",-0.44487151630158,0.00172393247372046,0.122861958503605,-0.717810893451975,-0.515089926453616,-0.437745728158227,-0.362182332261813,-0.229258662792705,5079.18892247495,0.999761167324199
"log_lik[525]",-0.849601987873746,0.00189758727902324,0.127755263554121,-1.1019665662169,-0.92639724252603,-0.853443265929711,-0.775408640388263,-0.581797771510173,4532.66981628253,1.00063572215771
"log_lik[526]",-0.935256023864737,0.00239680657325131,0.151909233726474,-1.26210903290478,-1.01780536909723,-0.929600754921246,-0.840378151280744,-0.655274510001432,4017.00499649938,0.999764235126091
"log_lik[527]",-0.490892032712177,0.00354023380227979,0.227261013377239,-1.06563330501582,-0.604441335438859,-0.448104391172917,-0.331023273048395,-0.1701054276077,4120.84224383368,0.99928894227541
"log_lik[528]",-0.630327641264069,0.00406840647802118,0.274401290912226,-1.27357635998835,-0.785467286249897,-0.598363610078908,-0.432538563620399,-0.20345846645533,4549.08054076611,0.999399449135157
"log_lik[529]",-1.04091638417074,0.00538309430180294,0.359740236018949,-1.84120838324923,-1.24872015013222,-1.0132939764262,-0.788930096364157,-0.410589807630826,4465.95203817488,0.999121422996322
"log_lik[530]",-0.492996101163456,0.00383008165485374,0.246905259392218,-1.12302004362499,-0.611266444575864,-0.442058571306062,-0.320366399542713,-0.15491643215623,4155.70409464304,0.999298604875528
"log_lik[531]",-1.10954226965703,0.00738677313568795,0.491340587110571,-2.26019958955871,-1.39490246458486,-1.06129699196581,-0.759510845476128,-0.313962118415655,4424.41400881612,0.999102742339341
"log_lik[532]",-0.893639862166614,0.00248268056250025,0.159851183125208,-1.23722180798052,-0.981758724362758,-0.880905153949648,-0.793187471925731,-0.614134440555746,4145.62506946998,1.0004231850141
"log_lik[533]",-0.548096405677117,0.00181761338674984,0.119207577594845,-0.797817924925302,-0.61681612095499,-0.542593106851759,-0.468395216351508,-0.337029785558063,4301.34918706219,1.00011255958317
"log_lik[534]",-0.568125607864132,0.00256223255815311,0.156823708912663,-0.940294082384516,-0.645809689073466,-0.550504047300706,-0.468092838932162,-0.32029497384056,3746.160244693,0.9995205126769
"log_lik[535]",-0.501147278315615,0.00527810893380901,0.339544839370149,-1.3887956572783,-0.642158554064801,-0.414755193017386,-0.263566649340369,-0.0951108602498329,4138.44863949468,0.999425298210991
"log_lik[536]",-0.356204111513979,0.00179832400654962,0.128063564860041,-0.62908636903331,-0.437713676399412,-0.349045853308504,-0.263374912670692,-0.139874843593912,5071.25314603503,0.999456633192316
"log_lik[537]",-0.380215888410177,0.00128482928362086,0.101158322255956,-0.608786313795055,-0.442251992380038,-0.373076512542584,-0.311813115503356,-0.201841944501114,6198.86791871138,0.999426631641081
"log_lik[538]",-0.179721599472008,0.00233458053853769,0.151645543361236,-0.575706415535773,-0.239809375512226,-0.139943050701245,-0.0710814316152426,-0.0145829216888446,4219.31142330426,0.999300855414269
"log_lik[539]",-0.649062560053056,0.00252227612171309,0.174915641990815,-1.00207866698464,-0.763397127953688,-0.645122576161689,-0.527950763462931,-0.31828541014725,4809.19115704311,0.999405866072986
"log_lik[540]",-0.694376354054843,0.00233601770092106,0.165726945533264,-1.01349455868185,-0.801202858851734,-0.697478194798486,-0.588332635369746,-0.361280875507474,5033.08185548446,0.999774610901032
"log_lik[541]",-0.276836599006899,0.00172714848032912,0.127450035744059,-0.573025456795681,-0.349707222191752,-0.258666456069487,-0.183528480356754,-0.0814728073801306,5445.28447878081,0.999253053180483
"log_lik[542]",-0.258386408783357,0.00184735418800934,0.132866240443216,-0.570825317856157,-0.331197050195628,-0.236680884697631,-0.160842455770076,-0.0645162215296579,5172.83890929599,0.999251948815812
"log_lik[543]",-0.507368121784795,0.00308053405536368,0.216761007251906,-0.976154939120967,-0.641554099862233,-0.487693444897251,-0.346234041555991,-0.151303815550675,4951.19797768076,0.999275737019345
"log_lik[544]",-1.64866508109449,0.00775877776863897,0.547590860354046,-2.90632541689726,-1.95313057717215,-1.56177306721387,-1.2551106978104,-0.828178505619645,4981.10568420232,0.999600426507176
"log_lik[545]",-1.32872952069481,0.00435511071661085,0.322329201604373,-2.06765285852245,-1.50049367174105,-1.28806471802687,-1.10637162000731,-0.807675342996951,5477.73356478094,0.999525837082481
"log_lik[546]",-0.364045597781288,0.00133089356719506,0.105002038482213,-0.598856744275814,-0.42815476694145,-0.356276491127778,-0.291326521390709,-0.178384129700529,6224.56217062237,0.999354872882315
"log_lik[547]",-0.526430869370458,0.00166567547793998,0.114817913798849,-0.79795188212905,-0.578579066383749,-0.512562526318276,-0.455232202450631,-0.337371786685463,4751.58517912045,1.00007675615235
"log_lik[548]",-0.372051096677651,0.00168143766834635,0.124693474688585,-0.649149651289783,-0.445039893166494,-0.361990508204279,-0.28678236191687,-0.159547845697273,5499.53422685876,0.999827741477214
"log_lik[549]",-0.280793125037971,0.00273405535300099,0.199025212047197,-0.813365417214365,-0.358640339887237,-0.234465559702045,-0.144724665951615,-0.0459738972491082,5299.09352712624,0.999968330067364
"log_lik[550]",-0.737581740060895,0.00279019844440892,0.216518507953839,-1.2262287479218,-0.866131711971368,-0.725192302972571,-0.58847486488813,-0.362839701954989,6021.71042127294,0.999390676777122
"log_lik[551]",-0.277309009218832,0.00274618953190647,0.200162658353868,-0.787528771314973,-0.361876969747896,-0.229999523243407,-0.136414573639251,-0.0375131044869192,5312.57538604669,0.999918967533235
"log_lik[552]",-1.06142322557021,0.00648251846417871,0.525184092482597,-2.26855164890185,-1.36246577590841,-0.980000911098698,-0.674608829245814,-0.275197695977037,6563.50168833581,0.999215398189634
"log_lik[553]",-0.700659452534811,0.00283019315171853,0.219788593528012,-1.21307274504324,-0.813654809741986,-0.673700024296921,-0.555205184488032,-0.337887206404021,6030.84474359728,0.999402309116609
"lp__",-460.643331465093,0.359480138961588,11.8348277265931,-484.555812720774,-468.581907630854,-460.566099042531,-452.569815612126,-437.883063505662,1083.86222200133,1.00083930083487
