"model","parameter","estimate","error","ci_50_lower","ci_50_upper","ci_80_lower","ci_80_upper","ci_95_lower","ci_95_upper"
"fit3_total","b_Intercept",7.0438459535694,0.160908173544928,6.93400178451515,7.15034794939648,6.84082514225942,7.25038905816671,6.72781639759681,7.36643947179537
"fit3_total","b_n_total_memories",0.0426693101101338,0.0126856288049562,0.0343818169091012,0.0512841827381603,0.0264933858745615,0.0584309375534734,0.0174746084046963,0.0674230697736739
"fit3_total","b_participant_accuracy_z",0.290774296318847,0.156867273054608,0.190297426765253,0.392182898966062,0.090991582579976,0.489450841689507,-0.0264307516846335,0.597374475854806
"fit3_total","b_nback_performance_z",-0.00453520924670782,0.0448158672668176,-0.0329130215926066,0.0244810290236899,-0.0612076239707198,0.0514575062331803,-0.0968483171417615,0.0847852991576439
"fit3_total","b_n_total_memories:participant_accuracy_z",-0.0247908190363234,0.0120168984501613,-0.0325189886971652,-0.0169737655592379,-0.0402976840509486,-0.00967546845166335,-0.0489213796662394,-0.00058748891506445
"fit3_total","sd_wid__Intercept",0.321816880839587,0.0352947912886936,0.297997784880107,0.34492067662652,0.277696115061048,0.368299788327825,0.257509185126418,0.395186548375368
"fit3_total","sigma",0.79315532229175,0.0134996164382817,0.784164419568188,0.80193801608261,0.775777434898817,0.810470813130907,0.767630007684838,0.82017997135038
"fit3_total","ndt",0.371309573847536,0.351031334578071,0.10988957893982,0.524175580905848,0.039301087578687,0.850976027069051,0.00931869946730749,1.2582520890872
"fit3_total","Intercept",7.50911704038737,0.0446089650495273,7.479344271251,7.54000467778805,7.45347028639488,7.56580181662876,7.41877538512484,7.59430316762133
"fit3_total","r_wid[w00c391f,Intercept]",0.287568480064263,0.17349352893688,0.17220753222085,0.40613537969149,0.0646529524834914,0.50967256832061,-0.0589813152766373,0.623142654277835
"fit3_total","r_wid[w017e3cd,Intercept]",0.28719897962972,0.156761931662708,0.184093043308212,0.390542265411137,0.0825292162725251,0.490493914507904,-0.0165386440604194,0.594930861059771
"fit3_total","r_wid[w06dc745,Intercept]",-0.459089334885898,0.154812917863673,-0.559288356411482,-0.354261833719409,-0.65499341551047,-0.259561808090328,-0.771524079029459,-0.157602942668718
"fit3_total","r_wid[w08dda5e,Intercept]",-0.215270750157087,0.150488818375691,-0.316133484688485,-0.11274878347702,-0.406350776226761,-0.0238016228969598,-0.510843900819845,0.0776329669454601
"fit3_total","r_wid[w0c6daff,Intercept]",-0.314659664105782,0.154588446096103,-0.420058462759151,-0.207065198203543,-0.516823678599944,-0.115831671038036,-0.621856589937391,-0.0216231034554111
"fit3_total","r_wid[w0cf8802,Intercept]",-0.0868508453394758,0.155742213163497,-0.192875428158345,0.0207022427423216,-0.283444732709098,0.106287521889556,-0.395684804186929,0.224215467149301
"fit3_total","r_wid[w0e327f3,Intercept]",0.290080150264698,0.187753695365524,0.165782023094538,0.415762942209036,0.0555192911135868,0.533066272150191,-0.0805455649902143,0.651279889092858
"fit3_total","r_wid[w15afaeb,Intercept]",0.593871150015369,0.155381921047693,0.485848039608557,0.697348382182595,0.394069736981488,0.793279335340544,0.294932283536479,0.894363432432601
"fit3_total","r_wid[w161eef2,Intercept]",0.0236666956367047,0.157011975721875,-0.0805477467480306,0.128789286806656,-0.178126320958781,0.22000041572372,-0.28897380808463,0.330358693012756
"fit3_total","r_wid[w1afb6bd,Intercept]",-0.298002426406671,0.145901769101871,-0.394496670787436,-0.203415960147886,-0.485566361368906,-0.109210355559647,-0.583504664094073,-0.00565518922144324
"fit3_total","r_wid[w1efb25c,Intercept]",0.183714162334977,0.14348687453401,0.0853354426920197,0.279463820109149,0.00311245955243759,0.367249569422433,-0.0962544464583507,0.459928803633403
"fit3_total","r_wid[w28e335e,Intercept]",0.0341407644695826,0.141550274298002,-0.0592246893200426,0.128625051298539,-0.148115740846621,0.212532614166293,-0.250284881660789,0.312997476782447
"fit3_total","r_wid[w2c5d7eb,Intercept]",-0.0854320046766017,0.1700223066992,-0.20470499031263,0.0306976773268225,-0.301852930718627,0.134376501668535,-0.404757801742455,0.250964699700613
"fit3_total","r_wid[w2e9806f,Intercept]",0.414781395791696,0.144914396138464,0.317349959019315,0.510406368290115,0.229318817759558,0.598565237076369,0.128954779063753,0.708627685222364
"fit3_total","r_wid[w3067c35,Intercept]",0.0535758059205623,0.160068327160454,-0.0532721413742417,0.162573893729168,-0.150449550964104,0.257057177897869,-0.258370861011308,0.360467743547203
"fit3_total","r_wid[w31b7dbe,Intercept]",0.634105560426732,0.164629084710067,0.525142090693597,0.749486358760631,0.423393635362614,0.839778066233774,0.312876176688712,0.954979442820892
"fit3_total","r_wid[w38281a7,Intercept]",0.21849366859689,0.18847091807016,0.0876788644877019,0.346639561443691,-0.0192303562350572,0.463680996524255,-0.146539755943482,0.59193129109152
"fit3_total","r_wid[w3ef8767,Intercept]",-0.200577599095415,0.169654490454883,-0.311997550381709,-0.0884827635392377,-0.418708970796223,0.0165490398661808,-0.535063908498625,0.134690786153323
"fit3_total","r_wid[w417dedd,Intercept]",0.0450625309770208,0.15363212332118,-0.0541031024291258,0.143059726726034,-0.154016738581013,0.246244098372084,-0.259422126063188,0.343205267115157
"fit3_total","r_wid[w472a3b0,Intercept]",-0.139548944982439,0.151242558567183,-0.241465413784905,-0.0382344571508282,-0.334841563084516,0.0541961577952357,-0.428257484353651,0.155083651062738
"fit3_total","r_wid[w4810e3e,Intercept]",0.230283408620053,0.14734029665063,0.132160117016158,0.327742794578823,0.0453952715327316,0.422051678489979,-0.0575836013887207,0.523543232977935
"fit3_total","r_wid[w49dc7cd,Intercept]",-0.0232301884990111,0.142838821131672,-0.120284692721557,0.0730652164590992,-0.207076550516175,0.160416096675196,-0.295674906349001,0.252195212712515
"fit3_total","r_wid[w4e312fd,Intercept]",-0.346598490552946,0.154327782673429,-0.448899029472447,-0.242196444672921,-0.543061242000337,-0.149140619116961,-0.653366385035794,-0.0467070828772804
"fit3_total","r_wid[w51d8142,Intercept]",-0.00789717461695094,0.163116941376498,-0.113508532287127,0.0975583808812798,-0.21742762654633,0.202012936031847,-0.336650677135145,0.307083554467959
"fit3_total","r_wid[w5624f17,Intercept]",0.113103181324052,0.140816454358271,0.0213065072717697,0.205872530110223,-0.0664703640586,0.291971328247624,-0.170021421030625,0.397997989862532
"fit3_total","r_wid[w567d945,Intercept]",0.295952369362029,0.146611151668638,0.193806316213867,0.397337862961121,0.107538531572981,0.486770107665854,0.0189306078327587,0.58250844258996
"fit3_total","r_wid[w6355333,Intercept]",0.026906314382636,0.150797458214934,-0.0754744988454077,0.131232713253598,-0.170892681100366,0.212887716919048,-0.268175452701179,0.317267882590645
"fit3_total","r_wid[w7574933,Intercept]",-0.0469442990054431,0.159045779920993,-0.154587018622879,0.0607801591573716,-0.249934188137146,0.158844014022359,-0.351979210851515,0.267291949633677
"fit3_total","r_wid[w7b672a4,Intercept]",0.273400245087361,0.145076501529277,0.172158305025678,0.371969792529122,0.0882342400563969,0.460462328277551,-0.00599606058434116,0.552372581433642
"fit3_total","r_wid[w812d061,Intercept]",-0.420052712732016,0.175689965463158,-0.538914802025862,-0.303572465918103,-0.639815393370691,-0.195268174347262,-0.765593545577116,-0.0666353811829278
"fit3_total","r_wid[w865d6ad,Intercept]",-0.435136620502854,0.142169340133808,-0.529833275766354,-0.337766195365776,-0.611968574125894,-0.251956893426458,-0.716657596418346,-0.153254636191915
"fit3_total","r_wid[w882868f,Intercept]",-0.398749242637656,0.165347945863824,-0.507176944640396,-0.290796654756603,-0.609291331759112,-0.190395179064966,-0.725842592415642,-0.0748441083856229
"fit3_total","r_wid[w8b71afe,Intercept]",0.342105353706235,0.148765078761167,0.242631780289459,0.443463400613815,0.152661835877346,0.528976852683175,0.0599422195574147,0.641530157553306
"fit3_total","r_wid[w8d04c13,Intercept]",-0.212034592076746,0.153395004866392,-0.313535621217692,-0.109528699319295,-0.407985995030628,-0.0126250382170616,-0.51578671466573,0.0839134567575271
"fit3_total","r_wid[w915dec2,Intercept]",0.122492995468108,0.148195914328688,0.0222733991202605,0.221944910321388,-0.0694627730652335,0.310776232453709,-0.167433273668562,0.417091802087257
"fit3_total","r_wid[w973e0a4,Intercept]",-0.23452410810882,0.201659806615833,-0.367564184731524,-0.104052525452204,-0.494420536470985,0.0251768591986797,-0.631454819733958,0.160325590394842
"fit3_total","r_wid[wa06df17,Intercept]",0.187105952408449,0.141262642296484,0.0936134980738444,0.281861759091614,0.00739466499593514,0.369375413780726,-0.0863906120726189,0.464978834274446
"fit3_total","r_wid[wa24f9fe,Intercept]",0.178106438599689,0.156213482983246,0.0754874074016658,0.281491086596496,-0.0224969708342501,0.376878109742586,-0.124482496267208,0.485628580532214
"fit3_total","r_wid[wa620fe2,Intercept]",0.0297681635803989,0.148839313281348,-0.0683500580578841,0.130290934775165,-0.162379676048908,0.221360299284822,-0.264267733946681,0.322848743071768
"fit3_total","r_wid[wa9588e1,Intercept]",-0.279358117129379,0.142655512299043,-0.376039890403221,-0.182496644933044,-0.46205145728829,-0.0979897101055749,-0.561836227821078,-0.00408584564155131
"fit3_total","r_wid[wad2e584,Intercept]",-0.21515005217788,0.163970668453253,-0.328066378032215,-0.102899346141907,-0.430953781441681,-0.00819715693889949,-0.536034648318923,0.101587873194025
"fit3_total","r_wid[wae73c1f,Intercept]",0.223469030765285,0.162969955652503,0.113708806225907,0.330652621401005,0.0191021862730118,0.432866307858951,-0.0841121519456783,0.550902093048689
"fit3_total","r_wid[waf5ed76,Intercept]",-0.450451541125803,0.152778479230842,-0.55202696046817,-0.347530263776386,-0.64715706392689,-0.254425005911971,-0.748340257861312,-0.150226871246373
"fit3_total","r_wid[wb050285,Intercept]",-0.248602203994999,0.154274087229385,-0.351476143929451,-0.145823714503463,-0.441087096487733,-0.0484462399638496,-0.546586187047009,0.0601252813781791
"fit3_total","r_wid[wb83a52c,Intercept]",0.252119257505758,0.142866843488605,0.157492145233644,0.350013799313454,0.0709058462047373,0.433235494354726,-0.0288697954495257,0.529196034769136
"fit3_total","r_wid[wbdee46f,Intercept]",-0.0434673071675236,0.169105655083338,-0.159234182210035,0.0695547926238202,-0.261400834911206,0.174920934543626,-0.369813062971585,0.284251869021465
"fit3_total","r_wid[wbf71104,Intercept]",0.164221227760943,0.166082473185455,0.0517677615659122,0.277666919913457,-0.0491553656808343,0.372534994134145,-0.173611642528694,0.488923374161986
"fit3_total","r_wid[wbff56f6,Intercept]",0.0657471163686672,0.149461892963688,-0.0396396448385594,0.164020072154776,-0.126782168182055,0.259919918355727,-0.221023470030206,0.354219327007247
"fit3_total","r_wid[wc136bb6,Intercept]",0.106664212155191,0.151447942696758,0.00661300857416046,0.211712415893215,-0.0888955809913904,0.3027164470363,-0.192371295285534,0.397859812847584
"fit3_total","r_wid[wc861d09,Intercept]",0.307891706330767,0.165518974837141,0.195206854653211,0.417059891932572,0.0931498258180562,0.520927643301399,-0.0122218466461795,0.634567060393424
"fit3_total","r_wid[wd1558cc,Intercept]",0.108778025321266,0.173741768774208,-0.00322495266306622,0.223678244853948,-0.114448409531522,0.326621507267918,-0.233916582455032,0.44869761919984
"fit3_total","r_wid[wd1f6033,Intercept]",-0.182282739304842,0.144613969709866,-0.278387955627431,-0.0823927247318891,-0.365707921875049,0.000286753649458341,-0.46462550975641,0.0975206590132249
"fit3_total","r_wid[wd3b5cb5,Intercept]",0.340217600156531,0.1786972878581,0.217739916993628,0.460835420420453,0.111341827217686,0.564950458489684,-0.00460820091167341,0.700388376558817
"fit3_total","r_wid[wd9e76e4,Intercept]",-0.169886936388717,0.138253227570407,-0.263895831081317,-0.0779256222598237,-0.343001790252623,0.00834503369565197,-0.439332715141396,0.105752168696803
"fit3_total","r_wid[wdcba2fa,Intercept]",-0.357825679314401,0.156246937815055,-0.46419283931651,-0.253434591957961,-0.559201788234086,-0.164106128801106,-0.671222647590339,-0.0548371642413587
"fit3_total","r_wid[we820c40,Intercept]",-0.055220789907167,0.168696560565558,-0.167211821554018,0.0558110731470111,-0.271392528461457,0.156235037063436,-0.397180115899897,0.275403835735492
"fit3_total","r_wid[wea26d76,Intercept]",0.550844427256535,0.159532890264986,0.440375845726865,0.659184302734815,0.34249261004423,0.754112288363766,0.248786919273758,0.871414592853765
"fit3_total","r_wid[wea422b2,Intercept]",-0.0143231845743857,0.188587644923971,-0.146349770119702,0.113960181597704,-0.253519453185373,0.234007016075975,-0.374784669500537,0.357365676443229
"fit3_total","r_wid[wf2e46b5,Intercept]",-0.598448258603882,0.141075958111372,-0.692319167249477,-0.5041435639031,-0.782757791363529,-0.418104765808382,-0.873353788068203,-0.322926524287008
"fit3_total","r_wid[wf57281a,Intercept]",-0.141950632763477,0.142774140147411,-0.234565636732551,-0.0498363922888098,-0.324548620082732,0.0389290069751582,-0.431841777466356,0.134065260298954
"fit3_total","r_wid[wf7e1cf2,Intercept]",0.0232362794552819,0.165349427029353,-0.086337641286553,0.129837910182487,-0.189834179710346,0.238649191881569,-0.293717423650891,0.346737600295148
"fit3_total","r_wid[wf9347d8,Intercept]",0.066859839954995,0.141462573689223,-0.0258540331889189,0.159611215544014,-0.112806523469799,0.248876452278965,-0.204692087247024,0.349465765614388
"fit3_total","r_wid[wf9d56e4,Intercept]",-0.445694207539454,0.141562863227385,-0.541841852940197,-0.348815006845136,-0.624274994003724,-0.265501339426685,-0.727603975012805,-0.168776402705486
"fit3_total","lprior",-6.05294221418704,0.0034385586770703,-6.05510152566079,-6.05057293643449,-6.0573521094998,-6.04876831471015,-6.06023868459882,-6.04678171678025
"fit3_total","lp__",-16111.3565207557,8.24754567614661,-16116.7861482176,-16105.3749310758,-16122.3349348602,-16101.0337425894,-16128.6190805113,-16096.6845925473
"fit3_irrelevant","b_Intercept",7.52422589664864,0.107864835048144,7.45116896589061,7.59740984537524,7.38826777685314,7.66377705246004,7.3153409584291,7.73498875901072
"fit3_irrelevant","b_n_irrelevant_recalled",0.00140912538303643,0.0101031644737004,-0.00537028385119512,0.00848816396654718,-0.0116965804179276,0.0140841927780426,-0.0184972349176705,0.0211066275452989
"fit3_irrelevant","b_participant_accuracy_z",0.282125896761416,0.100644074842967,0.214179621153996,0.351898462420459,0.151312288724108,0.407480521900212,0.0813330332565469,0.475825249303083
"fit3_irrelevant","b_nback_performance_z",0.00978655772816117,0.0495187983407601,-0.0240212763012407,0.042593463865146,-0.0542599459143637,0.0752549396846336,-0.08562704600919,0.105815145740997
"fit3_irrelevant","b_n_irrelevant_recalled:participant_accuracy_z",-0.020661263550927,0.0094288394441137,-0.0269581122683527,-0.0146336441214541,-0.0322962723913126,-0.00810425103860088,-0.0390908192067077,-0.0016050472130247
"fit3_irrelevant","sd_wid__Intercept",0.33308783498176,0.0726822704080807,0.289837759840687,0.377749707883892,0.241710698537226,0.421761300199717,0.178256158034682,0.475498663130442
"fit3_irrelevant","sd_wid__n_irrelevant_recalled",0.0107712402769146,0.00745042356893527,0.00455435304073948,0.0159399916524779,0.00177265711040602,0.0213664850126373,0.000347619412028562,0.0264987440746012
"fit3_irrelevant","cor_wid__Intercept__n_irrelevant_recalled",0.0375192128504514,0.516167629069982,-0.377262305403331,0.461349239250917,-0.663191344431898,0.747391963004021,-0.875105390070235,0.929022776436677
"fit3_irrelevant","sigma",0.793287315574227,0.0135442355435635,0.784041502208509,0.802118633106339,0.776305483352576,0.810889553695172,0.767628818402673,0.820380655359671
"fit3_irrelevant","ndt",0.381082267607279,0.36106042982917,0.11369720740857,0.541672601369907,0.0410101922626176,0.871014536851215,0.00977840542651665,1.34359224871213
"fit3_irrelevant","Intercept",7.50310161504727,0.04850345605901,7.47082508071275,7.53493503529323,7.44189634836347,7.56455252635086,7.40990856170145,7.60119413621341
"fit3_irrelevant","r_wid[w00c391f,Intercept]",0.146772625600728,0.170456014888804,0.028890836725942,0.254185973106918,-0.0627589400715374,0.366522994937773,-0.18174014227974,0.502361917619208
"fit3_irrelevant","r_wid[w017e3cd,Intercept]",0.215323106627686,0.195098416728431,0.0860599257063352,0.33902725948477,-0.0241527808434686,0.463157494629952,-0.166272042504349,0.594655008748139
"fit3_irrelevant","r_wid[w06dc745,Intercept]",-0.267084587879577,0.185521504124391,-0.384754140115313,-0.143867590252385,-0.503505213216695,-0.0361505788552282,-0.6475012707484,0.0792852727892629
"fit3_irrelevant","r_wid[w08dda5e,Intercept]",-0.0823645198427014,0.170582905992366,-0.189682749956102,0.025165632771422,-0.290902464325494,0.125150182180426,-0.426378752065114,0.259460388604943
"fit3_irrelevant","r_wid[w0c6daff,Intercept]",-0.383322756334486,0.198919931147589,-0.502723244426378,-0.247350021327895,-0.635637100820457,-0.139164760970392,-0.813618988979213,-0.0325131343452181
"fit3_irrelevant","r_wid[w0cf8802,Intercept]",-0.141138043102284,0.166847804501102,-0.248725950240123,-0.0280166323154609,-0.353675012075302,0.0660117526537434,-0.479079765891413,0.174633627356906
"fit3_irrelevant","r_wid[w0e327f3,Intercept]",0.519681690551918,0.258001038195022,0.360468098893707,0.689906446070028,0.192178385882111,0.834013705641915,0.0187974561986109,1.00223450568116
"fit3_irrelevant","r_wid[w15afaeb,Intercept]",0.45010831959832,0.177039856294478,0.328734129601334,0.566269509260808,0.22997770553669,0.675923656785831,0.134319406984921,0.818016457731084
"fit3_irrelevant","r_wid[w161eef2,Intercept]",-0.135568139311506,0.161355323992524,-0.244096357368639,-0.0261977628230728,-0.341447593908944,0.0700467836391818,-0.461308675309146,0.178010811423173
"fit3_irrelevant","r_wid[w1afb6bd,Intercept]",-0.131658245224945,0.185401398905283,-0.246322106488563,-0.016201972788656,-0.354198452486323,0.0874119610688887,-0.512734021200099,0.227363527777313
"fit3_irrelevant","r_wid[w1efb25c,Intercept]",0.133504555391815,0.173866734936101,0.0249137218625837,0.24439318208376,-0.0801634297781787,0.346891797388869,-0.211061274945919,0.470651154464899
"fit3_irrelevant","r_wid[w28e335e,Intercept]",0.105056674429806,0.171419894450731,-0.00455804100285105,0.213890696814921,-0.0975841835139779,0.320071406831596,-0.221173995978466,0.447363302514131
"fit3_irrelevant","r_wid[w2c5d7eb,Intercept]",-0.0334586379190397,0.19484170518834,-0.157006861560663,0.0854559732813228,-0.275576498724462,0.201464823561204,-0.4112102452807,0.367859214143854
"fit3_irrelevant","r_wid[w2e9806f,Intercept]",0.351675477170293,0.173175173724035,0.235679543656667,0.461743805170053,0.140422358144611,0.567749950921158,0.0379349331425387,0.710865985738516
"fit3_irrelevant","r_wid[w3067c35,Intercept]",-0.0278896260713612,0.179188783746748,-0.141904505652615,0.0875035270892009,-0.254405964625945,0.194211608258021,-0.38146220885027,0.315792184657569
"fit3_irrelevant","r_wid[w31b7dbe,Intercept]",0.620918756805134,0.196007444589506,0.485955382454968,0.749282421538252,0.37295857075094,0.868475184078617,0.25272279282186,1.03052864036345
"fit3_irrelevant","r_wid[w38281a7,Intercept]",0.239122239136685,0.218734946614942,0.0974049733872269,0.365702372725655,-0.0147052085017826,0.514934709170511,-0.171067026243448,0.698138761949488
"fit3_irrelevant","r_wid[w3ef8767,Intercept]",0.0372806031112372,0.189332241114915,-0.0772072711481055,0.153579138939949,-0.196583561490071,0.267731317000295,-0.362546107110541,0.409384234332536
"fit3_irrelevant","r_wid[w417dedd,Intercept]",-0.17702023008492,0.159043682194722,-0.276463089650593,-0.0716083943337534,-0.384152632517385,0.0243019261764313,-0.504483426630693,0.126242281191469
"fit3_irrelevant","r_wid[w472a3b0,Intercept]",-0.153642338628248,0.182656303519151,-0.267746729432298,-0.0421306615138422,-0.378172741182519,0.0652796879133958,-0.51058533904012,0.199762813305014
"fit3_irrelevant","r_wid[w4810e3e,Intercept]",0.369088098211954,0.203072896645519,0.237750293313757,0.498250940971923,0.122659013351368,0.624658159558074,-0.0221490345266205,0.775890106873297
"fit3_irrelevant","r_wid[w49dc7cd,Intercept]",-0.00319742050433678,0.165769378514682,-0.106604189972854,0.0999830988929132,-0.212721574210014,0.197273075605195,-0.332253683359514,0.323261790379313
"fit3_irrelevant","r_wid[w4e312fd,Intercept]",-0.348809768936729,0.181911189992601,-0.463613151757493,-0.225808808408492,-0.583352357245335,-0.121207959131192,-0.731671576467746,-0.0153183187592369
"fit3_irrelevant","r_wid[w51d8142,Intercept]",-0.178921489412932,0.159552937179047,-0.282566872121161,-0.0738417805673476,-0.387845195273203,0.022311229049607,-0.495737880099923,0.124506203565116
"fit3_irrelevant","r_wid[w5624f17,Intercept]",0.143820746783852,0.18296173756299,0.0239640081970053,0.254920487850519,-0.0739803649732077,0.371022445478156,-0.193805232853787,0.52564006565558
"fit3_irrelevant","r_wid[w567d945,Intercept]",0.338250556036117,0.197662113688242,0.210899546972881,0.464839372314571,0.0965882487067106,0.578575461680929,-0.0476251489994473,0.741393577614476
"fit3_irrelevant","r_wid[w6355333,Intercept]",0.107927403743776,0.183759442781435,-0.00837677832648998,0.22409037062595,-0.116633516426297,0.342031435653589,-0.247370430067755,0.470504390161024
"fit3_irrelevant","r_wid[w7574933,Intercept]",0.0323397756828698,0.196464334301813,-0.0878845748952299,0.152948324393106,-0.205588702776572,0.269137754446108,-0.371881418095007,0.424215475501418
"fit3_irrelevant","r_wid[w7b672a4,Intercept]",0.156071032722225,0.153212878915417,0.0587058621885656,0.256883406153404,-0.0321040225712268,0.349773800327844,-0.145180279575836,0.465801309301812
"fit3_irrelevant","r_wid[w812d061,Intercept]",-0.532343475598982,0.188524500649953,-0.657336933448843,-0.401039935373829,-0.770618127828569,-0.294798923707281,-0.907259848416844,-0.182496870582895
"fit3_irrelevant","r_wid[w865d6ad,Intercept]",-0.338955643795783,0.197569393973162,-0.473504613413031,-0.204465885614513,-0.583936866188703,-0.0969950821658886,-0.720917262552676,0.0470384208897323
"fit3_irrelevant","r_wid[w882868f,Intercept]",-0.32927608673023,0.216360561971122,-0.464585818194456,-0.185750197863715,-0.600922270813835,-0.066539666186495,-0.783815888293301,0.0876401735844466
"fit3_irrelevant","r_wid[w8b71afe,Intercept]",0.314718725334891,0.175451486433478,0.202122525051254,0.424688147777846,0.0999453072241292,0.54169767775033,-0.0156495561652047,0.656954766077193
"fit3_irrelevant","r_wid[w8d04c13,Intercept]",-0.265741292680534,0.168551695860983,-0.373165077274785,-0.15260096837964,-0.481048275297955,-0.0615007424270051,-0.608469399584197,0.0544371599990945
"fit3_irrelevant","r_wid[w915dec2,Intercept]",0.0608620221831455,0.162431818193995,-0.04346378920235,0.166484618082933,-0.14019992653235,0.265960320428114,-0.264587697375532,0.389470981291084
"fit3_irrelevant","r_wid[w973e0a4,Intercept]",-0.12929053765225,0.228369065420193,-0.272514704216896,0.0161500337440182,-0.416165510981616,0.147377955840442,-0.602713495274055,0.326333226945151
"fit3_irrelevant","r_wid[wa06df17,Intercept]",0.193951580493322,0.170310268456916,0.085127314548198,0.298427348448611,-0.0116210506057873,0.405465675110745,-0.132617897951064,0.551493171261828
"fit3_irrelevant","r_wid[wa24f9fe,Intercept]",0.140339921025832,0.173807402254629,0.0275164820021478,0.246232072758526,-0.0677319677912137,0.361229154529663,-0.17401195739827,0.490922991257705
"fit3_irrelevant","r_wid[wa620fe2,Intercept]",0.0324843900633152,0.180440478281972,-0.0809990450503805,0.138497486527828,-0.18512189337445,0.259902711925163,-0.316437077491459,0.403346062816162
"fit3_irrelevant","r_wid[wa9588e1,Intercept]",-0.34427593516821,0.172354875191881,-0.453407868008472,-0.226858466853029,-0.567623055702628,-0.128626137780109,-0.695119222077156,-0.0221089729249402
"fit3_irrelevant","r_wid[wad2e584,Intercept]",-0.148799514763248,0.181739335234059,-0.266231551782807,-0.0297192778172092,-0.374505854241559,0.0740176993237728,-0.525644685634243,0.215367920909229
"fit3_irrelevant","r_wid[wae73c1f,Intercept]",0.402375657339088,0.208184393833792,0.264202795362105,0.532939386565603,0.143599085343486,0.66018121872473,0.0201971506640114,0.818079267916107
"fit3_irrelevant","r_wid[waf5ed76,Intercept]",-0.183341742434624,0.199721454887718,-0.304538731594456,-0.0650466099895472,-0.419593181576487,0.0487434209671129,-0.570685018418945,0.220013776429101
"fit3_irrelevant","r_wid[wb050285,Intercept]",-0.329112651116607,0.182616345497888,-0.444141199915555,-0.209432969121515,-0.557203018503339,-0.104971284360012,-0.712084413106265,0.0122134848338903
"fit3_irrelevant","r_wid[wb83a52c,Intercept]",0.205117596452139,0.164026439048765,0.0969960094608998,0.311788085299619,-0.0026820181381167,0.414109003675427,-0.108185151364741,0.529521965554191
"fit3_irrelevant","r_wid[wbdee46f,Intercept]",-0.180217211717694,0.186564585305513,-0.294936799174754,-0.0604284000895761,-0.412029552676183,0.0405103704849218,-0.558935939760915,0.168329823474608
"fit3_irrelevant","r_wid[wbf71104,Intercept]",0.0876687786651948,0.168769462111775,-0.0227135512640112,0.201499275742033,-0.125315815235361,0.305835480073935,-0.235479804531967,0.412991726599073
"fit3_irrelevant","r_wid[wbff56f6,Intercept]",0.12185027696398,0.190505376996341,-0.000131659613843284,0.241841495500726,-0.10715664389242,0.361803376190285,-0.254057657676802,0.515771347147825
"fit3_irrelevant","r_wid[wc136bb6,Intercept]",0.175667794611762,0.181443582802497,0.059874474189201,0.290770343604859,-0.0393508678113582,0.410153135171026,-0.150070020484458,0.549970840705517
"fit3_irrelevant","r_wid[wc861d09,Intercept]",0.472381068652198,0.219333649733154,0.331061984750967,0.6088454495249,0.193656921936218,0.756121611290356,0.0227173590232152,0.902926582001876
"fit3_irrelevant","r_wid[wd1558cc,Intercept]",-0.203872677998814,0.165619830753354,-0.315614931965544,-0.0886951456566861,-0.41337022624184,0.00313554877808722,-0.539363957268291,0.118574221812636
"fit3_irrelevant","r_wid[wd1f6033,Intercept]",-0.108356375820595,0.169454853981366,-0.210359541427778,-0.000935497908990738,-0.319812378066372,0.0902601613106531,-0.462478774912122,0.207551699672029
"fit3_irrelevant","r_wid[wd3b5cb5,Intercept]",0.403468597574879,0.227259011451341,0.25227599785414,0.554542814161921,0.112510440213769,0.694310935985998,-0.0188617814818379,0.853880751906524
"fit3_irrelevant","r_wid[wd9e76e4,Intercept]",-0.06135041853548,0.174249892118434,-0.170906512660658,0.0417744984080053,-0.267843308163735,0.150248233323127,-0.400635609872938,0.288274605078822
"fit3_irrelevant","r_wid[wdcba2fa,Intercept]",-0.409925134295165,0.184867130984,-0.527171002398408,-0.288516274663317,-0.641871236742596,-0.179997755404384,-0.780464893281383,-0.0521772219147271
"fit3_irrelevant","r_wid[we820c40,Intercept]",-0.065262017059605,0.188470374527859,-0.186678148064415,0.0567014554895079,-0.305649922790956,0.166332442627703,-0.43457733236031,0.292526836212514
"fit3_irrelevant","r_wid[wea26d76,Intercept]",0.520041467026864,0.23926885302752,0.363856737711366,0.674584359416378,0.2215185464717,0.818766300711095,0.0360252763863034,0.984772217283267
"fit3_irrelevant","r_wid[wea422b2,Intercept]",-0.180614519437182,0.176467621296064,-0.291892497119178,-0.0633133265680248,-0.405556118617698,0.0371740918131033,-0.529651662941148,0.169415627662119
"fit3_irrelevant","r_wid[wf2e46b5,Intercept]",-0.629803375602219,0.192530782664417,-0.753016652928905,-0.502110483301688,-0.869024591148042,-0.387378788102989,-1.02595325702959,-0.251501763163551
"fit3_irrelevant","r_wid[wf57281a,Intercept]",-0.0767183248701085,0.168567215833228,-0.18301816698096,0.0291465647686811,-0.282051995956116,0.129207052706222,-0.413648987928597,0.258273542733381
"fit3_irrelevant","r_wid[wf7e1cf2,Intercept]",-0.165366507833077,0.169351957696409,-0.278139491429817,-0.0465535876907338,-0.379821870030496,0.0476255555013978,-0.498516709245671,0.149179822880129
"fit3_irrelevant","r_wid[wf9347d8,Intercept]",0.124950162445097,0.172778461921222,0.0118144061307813,0.232874734823298,-0.0856075169782939,0.340051313836713,-0.194302773595997,0.485603650806394
"fit3_irrelevant","r_wid[wf9d56e4,Intercept]",-0.363394406936378,0.20354835970102,-0.489336670805893,-0.23325532536656,-0.619957555729767,-0.112333982992453,-0.771760153010129,0.0401941090592564
"fit3_irrelevant","r_wid[w00c391f,n_irrelevant_recalled]",-0.000207888038843436,0.0123715759669601,-0.00474030476360274,0.00469970814144946,-0.0138010702405773,0.0134775430024211,-0.028661679105682,0.0267038538328897
"fit3_irrelevant","r_wid[w017e3cd,n_irrelevant_recalled]",0.00415841077530849,0.0118240883605651,-0.00150985961722761,0.00950833751889447,-0.00716214822288583,0.0191055456661083,-0.0180750764503383,0.0323847367036605
"fit3_irrelevant","r_wid[w06dc745,n_irrelevant_recalled]",-0.00357416204522492,0.011225907842742,-0.00878808714644373,0.00183872015478848,-0.0175967747540892,0.00813203463680978,-0.0294807550868377,0.0184803206475993
"fit3_irrelevant","r_wid[w08dda5e,n_irrelevant_recalled]",-0.00135027948483909,0.0107105508288575,-0.00557507991583735,0.00294816903923053,-0.0136128503751526,0.00934104789911966,-0.0247758015987486,0.0202268263880912
"fit3_irrelevant","r_wid[w0c6daff,n_irrelevant_recalled]",-0.00212350833009307,0.0140759361220032,-0.00870655915222995,0.00312892741819921,-0.0179878356194239,0.0120660202778082,-0.0311788496121842,0.0301696656554462
"fit3_irrelevant","r_wid[w0cf8802,n_irrelevant_recalled]",-0.000921630088346366,0.0112791055912668,-0.00570894315949442,0.0033749697517422,-0.0139380726219681,0.0112342260771328,-0.024536581681335,0.0240479996022686
"fit3_irrelevant","r_wid[w0e327f3,n_irrelevant_recalled]",0.0101124236126755,0.0150853382925047,6.37760737467667e-05,0.0189027665936314,-0.00464372359959004,0.0303829062010353,-0.0138835263217342,0.047161580502225
"fit3_irrelevant","r_wid[w15afaeb,n_irrelevant_recalled]",0.00294940626646477,0.0144837119723422,-0.00323990431433643,0.00950629910641026,-0.0123704833670138,0.0206608970734219,-0.0270395609224598,0.0344490119779065
"fit3_irrelevant","r_wid[w161eef2,n_irrelevant_recalled]",-0.000526309804557802,0.01205184473683,-0.00510824568618934,0.00384851846771198,-0.0136292305735486,0.0124933480870079,-0.0271381036107619,0.0278396462441756
"fit3_irrelevant","r_wid[w1afb6bd,n_irrelevant_recalled]",-0.0020609589245651,0.0104111904181322,-0.00624922694204313,0.00244908892382612,-0.0141060399764043,0.00842812077915989,-0.026642325245247,0.0182367377016439
"fit3_irrelevant","r_wid[w1efb25c,n_irrelevant_recalled]",0.0017829439656412,0.0117589776996701,-0.00277137677545887,0.0063578372949081,-0.0103260520573662,0.0152320454632111,-0.0226544696797303,0.0286328777697553
"fit3_irrelevant","r_wid[w28e335e,n_irrelevant_recalled]",0.000496426109039163,0.0107398453308373,-0.00372899154295306,0.00496948408495775,-0.0106945666596766,0.012040471048815,-0.0228653097441585,0.0222910519234536
"fit3_irrelevant","r_wid[w2c5d7eb,n_irrelevant_recalled]",-0.000975224485366636,0.010089479178985,-0.00510072746848956,0.00347975990818866,-0.0127164131844289,0.0101472935644413,-0.0243221681656107,0.0199468017736208
"fit3_irrelevant","r_wid[w2e9806f,n_irrelevant_recalled]",0.00237227489282137,0.0134728360808421,-0.00300218077845171,0.00821349698279251,-0.0110851455880883,0.0185145009238695,-0.024256390702388,0.0327958980537272
"fit3_irrelevant","r_wid[w3067c35,n_irrelevant_recalled]",-6.85355234248561e-05,0.0116236819646561,-0.00437738963652182,0.00423789654196276,-0.0124673593939539,0.0123378510606632,-0.0267839843497944,0.0254906993365581
"fit3_irrelevant","r_wid[w31b7dbe,n_irrelevant_recalled]",0.00614945089425754,0.0167700923607255,-0.00249182099962127,0.0138361489048259,-0.0109270289889229,0.0282469214615622,-0.0253509299682492,0.046170344723391
"fit3_irrelevant","r_wid[w38281a7,n_irrelevant_recalled]",0.00219636919262603,0.0115070883706994,-0.00262723375567577,0.00748338345524334,-0.00948148397053305,0.0157654739640097,-0.0215479123765156,0.0266932040338189
"fit3_irrelevant","r_wid[w3ef8767,n_irrelevant_recalled]",0.0015461077937296,0.0103607439309428,-0.00290153894503174,0.0059445595975667,-0.00933704355154827,0.0137354024878168,-0.0198168406627404,0.0252697343658858
"fit3_irrelevant","r_wid[w417dedd,n_irrelevant_recalled]",-0.00145681690039059,0.0125879846320511,-0.00614670243717746,0.00322424883959533,-0.0150902257612917,0.0106906261560923,-0.0292860012399705,0.0250129507697156
"fit3_irrelevant","r_wid[w472a3b0,n_irrelevant_recalled]",-0.00276727235564532,0.0110227587114836,-0.00724273032769513,0.0021731330910829,-0.0158533683807182,0.00845657753625619,-0.0299617186168294,0.0183037032683298
"fit3_irrelevant","r_wid[w4810e3e,n_irrelevant_recalled]",0.00429445586392684,0.0121043948480567,-0.00153099496333779,0.0104955811708172,-0.00810984668063127,0.0195133496303889,-0.019978006994252,0.0311660153394759
"fit3_irrelevant","r_wid[w49dc7cd,n_irrelevant_recalled]",0.00104486200333916,0.0109913435681522,-0.00339011564152611,0.00514321882056121,-0.0101064770547183,0.0134046207390132,-0.0212497500478407,0.0267740194816731
"fit3_irrelevant","r_wid[w4e312fd,n_irrelevant_recalled]",-0.00363064587890158,0.0133454902979918,-0.00949957577761583,0.00241304273221551,-0.0200396629694424,0.00933113311278388,-0.0348584057595126,0.0227784634464982
"fit3_irrelevant","r_wid[w51d8142,n_irrelevant_recalled]",-0.0015234816865085,0.0117435476606205,-0.00590367165701671,0.00316173800104365,-0.0147449460587957,0.0106436411201051,-0.0274905742384321,0.0223120322799474
"fit3_irrelevant","r_wid[w5624f17,n_irrelevant_recalled]",-5.94299707387925e-05,0.010353520201194,-0.00399555083315328,0.0046392910445826,-0.0117255458791815,0.0111279138205756,-0.0246194932564345,0.0212054182813764
"fit3_irrelevant","r_wid[w567d945,n_irrelevant_recalled]",0.00603774567945818,0.0120346561650685,-0.000733846825596224,0.0120285299661946,-0.00575979868700825,0.0221339307621614,-0.0153191162643774,0.0342522632960479
"fit3_irrelevant","r_wid[w6355333,n_irrelevant_recalled]",0.00118646659253968,0.0103372960411429,-0.00296894142324242,0.00551144126775953,-0.0102544547918276,0.0137893866073405,-0.0214153487746329,0.0233009392793326
"fit3_irrelevant","r_wid[w7574933,n_irrelevant_recalled]",0.000559754973427764,0.011478565831357,-0.00389662580685746,0.00495025099934566,-0.0114235141080243,0.0134313012770604,-0.0243380941698796,0.0278330051136103
"fit3_irrelevant","r_wid[w7b672a4,n_irrelevant_recalled]",0.00214310497073778,0.011139350195735,-0.00258783686432252,0.00688827415980442,-0.00952305890106558,0.0151521114989408,-0.0206593539276151,0.0286137618299641
"fit3_irrelevant","r_wid[w812d061,n_irrelevant_recalled]",-0.00524227657720691,0.016052196021557,-0.012404517727436,0.00241607384680144,-0.0252751876823166,0.0108954641506243,-0.0443452065380079,0.0244339174276291
"fit3_irrelevant","r_wid[w865d6ad,n_irrelevant_recalled]",-0.00733583245083632,0.013187657408049,-0.0140978501534863,0.000392487702453171,-0.0249384737773689,0.0048585950493627,-0.0397872227630627,0.014503994173416
"fit3_irrelevant","r_wid[w882868f,n_irrelevant_recalled]",-0.00443776706196945,0.0120027795935956,-0.0104495929152715,0.00138790955010204,-0.020090739475066,0.00795534433967341,-0.0314334902009762,0.0199062599624391
"fit3_irrelevant","r_wid[w8b71afe,n_irrelevant_recalled]",0.00338361403178657,0.0125582056395779,-0.00231396180909631,0.00902763835964903,-0.00966584687807649,0.0192141589421564,-0.0213822380610615,0.033407455627502
"fit3_irrelevant","r_wid[w8d04c13,n_irrelevant_recalled]",-0.00392823159633001,0.0122508181711763,-0.00932280561889138,0.00159695206101659,-0.0194957094986835,0.00816268869894497,-0.0320430941962694,0.0200801237708802
"fit3_irrelevant","r_wid[w915dec2,n_irrelevant_recalled]",0.000694670615719382,0.0115876714331651,-0.00362229908324307,0.00483322823487325,-0.0114626479787479,0.012849622276144,-0.0241860886366169,0.0275010641339627
"fit3_irrelevant","r_wid[w973e0a4,n_irrelevant_recalled]",-0.00109472630717915,0.0104818451081821,-0.00542436809452551,0.00325748559891153,-0.0131715275551989,0.0104876075540559,-0.0242430888634993,0.0210756316987743
"fit3_irrelevant","r_wid[wa06df17,n_irrelevant_recalled]",0.00164145188698298,0.0118768148470033,-0.00289251156468823,0.00631094289317547,-0.0106837685106932,0.0151024425372438,-0.0243012316541083,0.0270147824021796
"fit3_irrelevant","r_wid[wa24f9fe,n_irrelevant_recalled]",0.000561865480958075,0.011498043324798,-0.00367597611447237,0.00535438263717913,-0.011751719394122,0.0132589862725304,-0.0250979493906525,0.0253138764656228
"fit3_irrelevant","r_wid[wa620fe2,n_irrelevant_recalled]",-0.000173440662283393,0.0106301211407795,-0.00433948273084054,0.00411004669278551,-0.011840371091332,0.0116403128473865,-0.0244719305426846,0.0224835072447142
"fit3_irrelevant","r_wid[wa9588e1,n_irrelevant_recalled]",-0.00340585669821145,0.0131695326640767,-0.00906393646763895,0.00239927334713837,-0.0200299379802351,0.0102220114140304,-0.0344674279811932,0.0225860940882238
"fit3_irrelevant","r_wid[wad2e584,n_irrelevant_recalled]",-0.0029452827776581,0.0117803446382806,-0.00741542197941127,0.00231700410129198,-0.0169414226555292,0.00828342486869359,-0.0320910521589769,0.0201914196739264
"fit3_irrelevant","r_wid[wae73c1f,n_irrelevant_recalled]",0.00509925483096311,0.0126558536947972,-0.001427987538087,0.011368421509411,-0.00760665303714267,0.0215734054991329,-0.0196663231770566,0.0347955891154751
"fit3_irrelevant","r_wid[waf5ed76,n_irrelevant_recalled]",-0.00505821601987972,0.0113054798249355,-0.00983697777708546,0.00068797626961682,-0.0187590086529301,0.00477148421581696,-0.0324761779717715,0.0133175293686259
"fit3_irrelevant","r_wid[wb050285,n_irrelevant_recalled]",-0.0021559622092394,0.0122996187799322,-0.00757575509645721,0.00285311263756183,-0.0166047203353898,0.0107922246730636,-0.0285551341901806,0.023716168905804
"fit3_irrelevant","r_wid[wb83a52c,n_irrelevant_recalled]",0.00246647498196301,0.0123826490356229,-0.00239475518897059,0.00750052585048731,-0.00975432355640857,0.0169979874394008,-0.0240284020329538,0.030312299168267
"fit3_irrelevant","r_wid[wbdee46f,n_irrelevant_recalled]",-0.000817115243278157,0.0117907655586032,-0.00546472048650117,0.00342797507065499,-0.0137109146336858,0.0110190905461313,-0.025778874335021,0.0236907102256707
"fit3_irrelevant","r_wid[wbf71104,n_irrelevant_recalled]",-0.000188323830050365,0.011630176960489,-0.00437210671945001,0.00431838668729938,-0.0127903701593387,0.0119074212367892,-0.0270657584516529,0.0250097706383991
"fit3_irrelevant","r_wid[wbff56f6,n_irrelevant_recalled]",0.00136588650574111,0.010238885306631,-0.00267262645305612,0.0055696454195863,-0.00941108214700731,0.0133226096670781,-0.0201852175670891,0.0244459121729295
"fit3_irrelevant","r_wid[wc136bb6,n_irrelevant_recalled]",0.00176488957706523,0.0110848260656355,-0.00271190977542701,0.00678740360187709,-0.00973466023432767,0.0147320158575971,-0.0218273235314261,0.0250465848470143
"fit3_irrelevant","r_wid[wc861d09,n_irrelevant_recalled]",0.00660470297491798,0.0142496575670849,-0.00117769379816555,0.0140920517509068,-0.0079226426641423,0.025541735907188,-0.0188316482530169,0.0410821377612063
"fit3_irrelevant","r_wid[wd1558cc,n_irrelevant_recalled]",-0.00166609216195889,0.0125490059973194,-0.00667843621474587,0.00342729778400803,-0.0164298784265399,0.011840725243614,-0.0307736327545697,0.0250165029088595
"fit3_irrelevant","r_wid[wd1f6033,n_irrelevant_recalled]",0.000239602782211521,0.0107215161398271,-0.00432449749348243,0.00442929763916155,-0.0114805938091655,0.0119365164709773,-0.0214245585056291,0.0260617316472611
"fit3_irrelevant","r_wid[wd3b5cb5,n_irrelevant_recalled]",0.00540644977641159,0.0126895045826723,-0.00144059729863887,0.0119781329833212,-0.00769312144604348,0.0222347926680123,-0.0178802177880545,0.0357613735704704
"fit3_irrelevant","r_wid[wd9e76e4,n_irrelevant_recalled]",-0.00327887365302281,0.0115120430101113,-0.00765727392647955,0.00158269359320748,-0.0168272109314914,0.00762053877556246,-0.0305092356365829,0.0176878592990023
"fit3_irrelevant","r_wid[wdcba2fa,n_irrelevant_recalled]",-0.00261610123654582,0.0145000698012483,-0.00891605335753517,0.00350114465729068,-0.0201889262240856,0.0130491119086767,-0.0345894805015958,0.0281779473377323
"fit3_irrelevant","r_wid[we820c40,n_irrelevant_recalled]",-0.00034302101502094,0.0109526161007317,-0.00447400552705801,0.00385782680923796,-0.012242362467817,0.0114829957800841,-0.0248202510146705,0.023633318934234
"fit3_irrelevant","r_wid[wea26d76,n_irrelevant_recalled]",0.00806624684490793,0.0151122777143731,-0.000527923325330053,0.0160523017054994,-0.00668573197575084,0.0280588462036013,-0.0177766013079606,0.0427785024359558
"fit3_irrelevant","r_wid[wea422b2,n_irrelevant_recalled]",-0.00366270234069062,0.0128952935328445,-0.00861157586816346,0.00213922612285383,-0.0196660356369647,0.00855749769677366,-0.0349003273459035,0.0193376267993245
"fit3_irrelevant","r_wid[wf2e46b5,n_irrelevant_recalled]",-0.00508470253580928,0.0171355454328169,-0.0135135931829212,0.00279552785288663,-0.0270556489770186,0.0129737434286757,-0.0445431960175054,0.0293020227506506
"fit3_irrelevant","r_wid[wf57281a,n_irrelevant_recalled]",-0.00206148585549542,0.0112590905726636,-0.00633789906233845,0.00238511171273733,-0.0147697861028875,0.00904938098020934,-0.0281601240175304,0.0196813721693558
"fit3_irrelevant","r_wid[wf7e1cf2,n_irrelevant_recalled]",-0.00090916204804465,0.0124445573612201,-0.00592225370109711,0.00364907674140318,-0.0143775527133146,0.0121694401963174,-0.0279413226368282,0.0279130658884251
"fit3_irrelevant","r_wid[wf9347d8,n_irrelevant_recalled]",0.000738100566257231,0.0114435382807366,-0.00335346114191192,0.00543291463772026,-0.0108153782544983,0.0132827600520357,-0.0247362912537894,0.0254551194930689
"fit3_irrelevant","r_wid[wf9d56e4,n_irrelevant_recalled]",-0.004674673449554,0.0129108056129354,-0.0108353781756792,0.00151107234737527,-0.020878720711351,0.00784772994228111,-0.0347168437972425,0.0191275380219001
"fit3_irrelevant","lprior",-7.97152640708988,0.00558850883929026,-7.97469552572814,-7.96775134554158,-7.97840409321967,-7.96477209336432,-7.98387374504671,-7.96196877175177
"fit3_irrelevant","lp__",-16207.5605373377,9.96066890689813,-16214.1940528778,-16200.6464835487,-16220.3739501445,-16195.0705252665,-16227.5660905548,-16188.8135980551
"fit4_relevant","b_Intercept",7.44716615639792,0.0546718018282319,7.41123008999435,7.48296502889744,7.37789262259662,7.51747599407115,7.34012596843831,7.55458270824508
"fit4_relevant","b_recalled_n_images_with_option",0.0276835545617237,0.0113750440782239,0.0201165308033822,0.0354996145167116,0.0126977120429203,0.042035983723921,0.00521144491596707,0.0492838987678619
"fit4_relevant","b_participant_accuracy_z",0.0571876523114641,0.0561495152636996,0.0204663650540308,0.0951464685206623,-0.0149673976655792,0.128839620199476,-0.0525471924772116,0.16612001807215
"fit4_relevant","b_nback_performance_z",0.0119786300836346,0.0481696007153492,-0.0201794637229731,0.0448065997180317,-0.0505825427136515,0.073290385450864,-0.0817652511950645,0.105545439112417
"fit4_relevant","b_recalled_n_images_with_option:participant_accuracy_z",0.0059626212359776,0.0116254556921728,-0.00187174608699956,0.0141604971579651,-0.00889580428170503,0.0208718167021458,-0.01729588501599,0.0282355894516936
"fit4_relevant","sd_wid__Intercept",0.361613693716315,0.0441607333072691,0.331131270077303,0.388373471243513,0.308568142351881,0.420095464886888,0.283073279475924,0.456226734785622
"fit4_relevant","sd_wid__recalled_n_images_with_option",0.0113583016036032,0.00903206621220518,0.00432229802688152,0.0164230025778398,0.00172350717049924,0.0235763394125165,0.000359159320222866,0.0341539113882638
"fit4_relevant","cor_wid__Intercept__recalled_n_images_with_option",-0.0069212433396037,0.567745742700066,-0.488863094848857,0.472931477141003,-0.777344163110828,0.808630334601804,-0.930082695367479,0.956663639801485
"fit4_relevant","sigma",0.792830695961189,0.0129552930307927,0.784038691778411,0.801505181435611,0.776254952813187,0.809549717684168,0.768168506866413,0.818831256528768
"fit4_relevant","ndt",0.366626845316874,0.351190413199531,0.109303074269084,0.516383547895082,0.0410966030710378,0.822375705468984,0.00883599452566937,1.3255363633363
"fit4_relevant","Intercept",7.51070432355419,0.0480221822797854,7.47929890607251,7.54175720317784,7.45009593227792,7.5729372120409,7.41666594121438,7.60701346662284
"fit4_relevant","r_wid[w00c391f,Intercept]",0.0445727843403153,0.161818564425208,-0.0652638666174849,0.153137428923438,-0.16261466395389,0.254695008797481,-0.267812463422395,0.358454960487466
"fit4_relevant","r_wid[w017e3cd,Intercept]",0.214963596644383,0.165711089335146,0.103737230620943,0.32458579710323,0.00814353617694156,0.423401072054641,-0.0995502877712533,0.544724079511356
"fit4_relevant","r_wid[w06dc745,Intercept]",-0.269984671056229,0.150657254967045,-0.368443280247223,-0.167285626270973,-0.467704783545704,-0.0789357195474146,-0.578268167960951,0.0233860409502608
"fit4_relevant","r_wid[w08dda5e,Intercept]",-0.064128712184309,0.149821496559171,-0.164893615236999,0.0354872657700354,-0.263111694110705,0.128450157236583,-0.354164888360411,0.228051978579093
"fit4_relevant","r_wid[w0c6daff,Intercept]",-0.370288694500222,0.155205082827881,-0.477551888143242,-0.264792693622742,-0.565736072603647,-0.169595587339437,-0.670173851215454,-0.0653515545470007
"fit4_relevant","r_wid[w0cf8802,Intercept]",-0.189400321162849,0.162561871781278,-0.2959251429032,-0.0820270300412848,-0.401153328559409,0.0147845652765577,-0.505430591598989,0.139697455660113
"fit4_relevant","r_wid[w0e327f3,Intercept]",0.734620189060373,0.16546819004301,0.62518307140001,0.84482751809231,0.524992449790165,0.946505423845552,0.417775522304644,1.07037606237876
"fit4_relevant","r_wid[w15afaeb,Intercept]",0.542238645532713,0.143301295834898,0.445640130457102,0.63631987857451,0.359409706869552,0.723229096577293,0.271815577176504,0.825291052541632
"fit4_relevant","r_wid[w161eef2,Intercept]",-0.205571576891084,0.148567280631216,-0.305492208734901,-0.103304956799392,-0.394084696189814,-0.0154483429565637,-0.493230725891372,0.0774829484647381
"fit4_relevant","r_wid[w1afb6bd,Intercept]",-0.171889342549061,0.145259252230745,-0.270146651796166,-0.0709820140346237,-0.358183283322632,0.0178168601346411,-0.452177135735439,0.105210035119007
"fit4_relevant","r_wid[w1efb25c,Intercept]",0.180913988063413,0.144696282205986,0.0814076251322033,0.277903596949657,0.00247120804464899,0.366640137096156,-0.100512140487537,0.468534486600434
"fit4_relevant","r_wid[w28e335e,Intercept]",0.131791672597795,0.143496237000851,0.0336885940661866,0.230046949481805,-0.0473531712038174,0.31687568323513,-0.153205662301123,0.412733169979691
"fit4_relevant","r_wid[w2c5d7eb,Intercept]",-0.167278928444097,0.168862265061056,-0.278567366627973,-0.0506528440877038,-0.381508334606068,0.0457054305464396,-0.509646059857472,0.154729556420113
"fit4_relevant","r_wid[w2e9806f,Intercept]",0.399561025421555,0.147261779829658,0.300192942347891,0.496064586002685,0.210198759961516,0.590829135884772,0.113299881176511,0.695875868844112
"fit4_relevant","r_wid[w3067c35,Intercept]",-0.00548903052505236,0.167499311666089,-0.115216042988655,0.110208251919296,-0.221256481912723,0.205481676928787,-0.339109759498497,0.316999350664834
"fit4_relevant","r_wid[w31b7dbe,Intercept]",0.612409679343909,0.17447633081483,0.49598456432172,0.731020874590298,0.386987449060701,0.839940355626056,0.275183636802786,0.960591255169565
"fit4_relevant","r_wid[w38281a7,Intercept]",0.104352918013177,0.170206496637142,-0.0117862045681538,0.217060050040058,-0.11387483027812,0.326653136241718,-0.222949414172892,0.44513563463629
"fit4_relevant","r_wid[w3ef8767,Intercept]",0.122210169064656,0.15597068362559,0.0166209681263041,0.223111996910606,-0.0724013854158915,0.325235515624307,-0.172046724178971,0.440112184706368
"fit4_relevant","r_wid[w417dedd,Intercept]",-0.165771601270315,0.142111071692623,-0.264067102316105,-0.0713101792354814,-0.345762904957855,0.0145049915733849,-0.442620783506989,0.117903388703062
"fit4_relevant","r_wid[w472a3b0,Intercept]",-0.202337628858515,0.160260124536786,-0.305428488098994,-0.0968578746282646,-0.401841988874047,0.000856793478218056,-0.524565090784925,0.112955573092365
"fit4_relevant","r_wid[w4810e3e,Intercept]",0.436841718625289,0.148062517455685,0.334520375184866,0.536684617981142,0.249677318468177,0.629808540717471,0.154655403962639,0.725799955904392
"fit4_relevant","r_wid[w49dc7cd,Intercept]",0.0164457802992957,0.150861865060551,-0.0834683442970373,0.115861305334387,-0.172851794372988,0.211149837609221,-0.279502821551278,0.314791567880928
"fit4_relevant","r_wid[w4e312fd,Intercept]",-0.380459983399602,0.158117006101721,-0.48447159056922,-0.275434633062426,-0.583359214548841,-0.176130932188502,-0.69015720588736,-0.0745796288601044
"fit4_relevant","r_wid[w51d8142,Intercept]",-0.0941719479329649,0.144524596234593,-0.193032184921612,0.00276125262753528,-0.280775508401148,0.0890063780816872,-0.371314729367992,0.189373260272544
"fit4_relevant","r_wid[w5624f17,Intercept]",0.118582851180596,0.150885258544354,0.0167038575595303,0.220833765640757,-0.0777918728421287,0.312702486953856,-0.181285999590766,0.41302969174272
"fit4_relevant","r_wid[w567d945,Intercept]",0.385828509952165,0.154686086631709,0.277117891723701,0.488490463804746,0.187382820263862,0.587660920799959,0.0907497777601234,0.690316161466586
"fit4_relevant","r_wid[w6355333,Intercept]",0.067780380304698,0.15132803215805,-0.031198716593771,0.168432226217094,-0.130472585430039,0.262759357261189,-0.229614007945484,0.357780146166372
"fit4_relevant","r_wid[w7574933,Intercept]",0.0641223570953058,0.163883087789037,-0.0466044804603625,0.175903346919744,-0.15024332905618,0.272836340510046,-0.261958211569964,0.383806354780773
"fit4_relevant","r_wid[w7b672a4,Intercept]",0.193015342175588,0.149117431172336,0.0956718095107397,0.291996897055157,0.00424805652526705,0.38204965568259,-0.0960746901042058,0.480780356151086
"fit4_relevant","r_wid[w812d061,Intercept]",-0.66718239517513,0.171179909129703,-0.780219041415168,-0.552585531031404,-0.886615575901331,-0.450623082478598,-1.00144073709959,-0.336257179724723
"fit4_relevant","r_wid[w865d6ad,Intercept]",-0.451186573584909,0.158265164329762,-0.562792980201117,-0.346714356757205,-0.658132974675094,-0.249686322756079,-0.759453845408291,-0.142177659279484
"fit4_relevant","r_wid[w882868f,Intercept]",-0.479202722593269,0.169498072083888,-0.593585923479484,-0.366605958172823,-0.697966683729987,-0.261428669681378,-0.808932718141845,-0.15235206812595
"fit4_relevant","r_wid[w8b71afe,Intercept]",0.364558580447764,0.157449230170515,0.260745936718915,0.467433490233927,0.162483053408239,0.571248254291128,0.0593270864858231,0.680622523450651
"fit4_relevant","r_wid[w8d04c13,Intercept]",-0.241766473502305,0.148610692632733,-0.339429266689336,-0.14461631366837,-0.43106827865148,-0.0539160375931931,-0.538518645962766,0.046984073267379
"fit4_relevant","r_wid[w915dec2,Intercept]",0.0641521329624462,0.151265788066515,-0.0412338342419492,0.17002403115809,-0.128801502760062,0.256295861666855,-0.227002446227732,0.348772673052958
"fit4_relevant","r_wid[w973e0a4,Intercept]",-0.250002617934584,0.204120146962523,-0.385589453437477,-0.112292306294316,-0.512740953577104,0.00778076995257591,-0.669165839243171,0.14554906951353
"fit4_relevant","r_wid[wa06df17,Intercept]",0.22150979516884,0.149891521399884,0.12389957697788,0.324138226620967,0.0316501087184904,0.41001551996302,-0.0753346863154808,0.509263894172768
"fit4_relevant","r_wid[wa24f9fe,Intercept]",0.168790290998229,0.150188226102774,0.0659383150851117,0.27356490694818,-0.0230063750695061,0.363870618979056,-0.124329092471687,0.45938708226693
"fit4_relevant","r_wid[wa620fe2,Intercept]",0.0022417280035164,0.155791197950237,-0.100940443391347,0.105501089982285,-0.196690036396527,0.204981630737113,-0.292702999263294,0.306013943080946
"fit4_relevant","r_wid[wa9588e1,Intercept]",-0.386829031917649,0.148909621222182,-0.48525668391872,-0.285204203120364,-0.573135195662927,-0.200304862260008,-0.686767598117352,-0.0924484237837249
"fit4_relevant","r_wid[wad2e584,Intercept]",-0.216980223695829,0.169378454710232,-0.328161105146999,-0.105090423861693,-0.435463344733661,-0.00236950231764866,-0.554272561800692,0.11011787721404
"fit4_relevant","r_wid[wae73c1f,Intercept]",0.502391036203118,0.151619997224123,0.40287277204311,0.604775155885105,0.308855344204507,0.700377014279449,0.210526607736015,0.801712603078728
"fit4_relevant","r_wid[waf5ed76,Intercept]",-0.262866822746792,0.147266493239599,-0.359129671074218,-0.164393150350039,-0.452104458159975,-0.0763737169847451,-0.557681136276999,0.0270063264080161
"fit4_relevant","r_wid[wb050285,Intercept]",-0.298814409616867,0.147643342869721,-0.397073162852886,-0.196389035213579,-0.489333223130257,-0.113769481795652,-0.598068798680342,-0.021122780622859
"fit4_relevant","r_wid[wb83a52c,Intercept]",0.219102997325558,0.149962145093134,0.11673698620956,0.315376812407877,0.0279524132968883,0.409352379391404,-0.0736505780605358,0.519858815561202
"fit4_relevant","r_wid[wbdee46f,Intercept]",-0.118567845536562,0.158208975651392,-0.226365815645328,-0.0117903167745662,-0.322939818454762,0.0838380665077948,-0.423143260772398,0.188342366211887
"fit4_relevant","r_wid[wbf71104,Intercept]",-0.0143154674802938,0.164895168338936,-0.125459725383761,0.0987235731528798,-0.225245720976583,0.195884951686948,-0.350072178631076,0.302563476994688
"fit4_relevant","r_wid[wbff56f6,Intercept]",0.0677459448050121,0.153004168947121,-0.0347224248797045,0.16764883213962,-0.127591249813293,0.259877375688877,-0.221915755966585,0.376278144198216
"fit4_relevant","r_wid[wc136bb6,Intercept]",0.215815183823816,0.159825263339566,0.111277111494187,0.318532942626207,0.0103725052290746,0.418792302373172,-0.101766119673683,0.531734227926036
"fit4_relevant","r_wid[wc861d09,Intercept]",0.606798887939637,0.154294691692391,0.500337493077625,0.708158725567155,0.411808994688094,0.800727724705844,0.306368856362978,0.914685537332879
"fit4_relevant","r_wid[wd1558cc,Intercept]",-0.186507875082028,0.1541181268628,-0.288640025145703,-0.0878253960410763,-0.380780502053764,0.0126295141730128,-0.490200717438725,0.113737708950962
"fit4_relevant","r_wid[wd1f6033,Intercept]",-0.0848572437700306,0.150563405740734,-0.185945978842751,0.0170786485923256,-0.283679009169948,0.109663947790658,-0.385548748895845,0.20321596871863
"fit4_relevant","r_wid[wd3b5cb5,Intercept]",0.427478684142008,0.188498006635215,0.297640836723447,0.553252692248927,0.188638689967055,0.669827680352685,0.0661960447510603,0.7899799855967
"fit4_relevant","r_wid[wd9e76e4,Intercept]",-0.0695492991297113,0.147526084482076,-0.168491547187454,0.0316825803471083,-0.263312309749784,0.117510030608404,-0.362434003581464,0.203406387729339
"fit4_relevant","r_wid[wdcba2fa,Intercept]",-0.486432055684387,0.15743911432216,-0.593182376954524,-0.379655512695201,-0.688134050668838,-0.287954338816169,-0.800862131306884,-0.189235588430538
"fit4_relevant","r_wid[we820c40,Intercept]",-0.0331615935443654,0.17737467602594,-0.149178326711581,0.0840292823525123,-0.256387432645172,0.192131288283748,-0.386832272905009,0.318039538822307
"fit4_relevant","r_wid[wea26d76,Intercept]",0.55322459832545,0.167411677292718,0.434601196015664,0.667170578449444,0.34611653391177,0.769835894997661,0.243317144391458,0.888567164090337
"fit4_relevant","r_wid[wea422b2,Intercept]",-0.0687419058013087,0.161036585374348,-0.173436585770802,0.0404040341289197,-0.277970840663782,0.13775209204418,-0.3889220318758,0.249259309947638
"fit4_relevant","r_wid[wf2e46b5,Intercept]",-0.679448178080537,0.152927106555302,-0.780558444724762,-0.578580362972866,-0.875653938039383,-0.485953434187032,-0.982114347543273,-0.376603029756577
"fit4_relevant","r_wid[wf57281a,Intercept]",-0.0703972222372279,0.146887673818103,-0.166967501708606,0.0270456222983557,-0.260310507247883,0.117546001021833,-0.356413865646422,0.221997132875583
"fit4_relevant","r_wid[wf7e1cf2,Intercept]",-0.250569356593816,0.152510588104534,-0.354421720837808,-0.146114639248884,-0.448437719939364,-0.0558669231031535,-0.547301493166512,0.041673440463734
"fit4_relevant","r_wid[wf9347d8,Intercept]",0.148427294768368,0.145660668628611,0.0526240855864284,0.240813427538856,-0.0343982989621695,0.336410095231401,-0.139269941623864,0.443704727238424
"fit4_relevant","r_wid[wf9d56e4,Intercept]",-0.436852241630244,0.15415307806658,-0.540485826117299,-0.329295660232684,-0.634195029845982,-0.243256352623129,-0.747851379741924,-0.144201480492982
"fit4_relevant","r_wid[w00c391f,recalled_n_images_with_option]",0.00129890870019136,0.0123957607760226,-0.00333185161001299,0.00485950690959918,-0.0100718662459782,0.0143466323099853,-0.0237820477848648,0.0310557774835028
"fit4_relevant","r_wid[w017e3cd,recalled_n_images_with_option]",-0.000738149636755252,0.0133447927236867,-0.0052469451557687,0.00438498754815547,-0.0146724039733253,0.0125179505761761,-0.0315467365085364,0.0273606488616374
"fit4_relevant","r_wid[w06dc745,recalled_n_images_with_option]",-0.000680882716616534,0.0132878211747823,-0.00579286420345022,0.00416616027468913,-0.014492310580649,0.0130108614403074,-0.0297218420008083,0.0280565214040878
"fit4_relevant","r_wid[w08dda5e,recalled_n_images_with_option]",0.000513407684815332,0.0122893864993136,-0.00360836975498226,0.00451356807297551,-0.0115411445647358,0.0128636101657428,-0.0268279724540707,0.0284214562848105
"fit4_relevant","r_wid[w0c6daff,recalled_n_images_with_option]",-0.00250841839680386,0.0147030440769872,-0.00753056089012035,0.00407656364279415,-0.0195283763467551,0.0123212464527584,-0.0386756146862046,0.0248511893251486
"fit4_relevant","r_wid[w0cf8802,recalled_n_images_with_option]",-0.000654118807235881,0.0128702031129276,-0.00523406497162544,0.00411322718205805,-0.0140269401345186,0.0125049901889151,-0.0296725063395034,0.0253030987210498
"fit4_relevant","r_wid[w0e327f3,recalled_n_images_with_option]",0.000355401976653185,0.0183148955395621,-0.00758086873848727,0.0088568326059139,-0.0210082582112427,0.0219412135457098,-0.0403272569574467,0.039113830735874
"fit4_relevant","r_wid[w15afaeb,recalled_n_images_with_option]",0.00201406624410798,0.0167225183086222,-0.00551826249393557,0.00841193412118035,-0.0152291821525678,0.0213440824650383,-0.0298013172631737,0.0409128368849714
"fit4_relevant","r_wid[w161eef2,recalled_n_images_with_option]",-0.00105510357820272,0.0126622453239295,-0.00532226149825429,0.00395263898807971,-0.0150896298762795,0.011501017922417,-0.0302570608032644,0.024621273057372
"fit4_relevant","r_wid[w1afb6bd,recalled_n_images_with_option]",-0.000839111798777632,0.0125456013999711,-0.005125130240931,0.00373432637311942,-0.0141132851807691,0.011843475004555,-0.0309891210270643,0.0252851596099149
"fit4_relevant","r_wid[w1efb25c,recalled_n_images_with_option]",4.30781282061033e-06,0.0122922600003185,-0.00441763718012118,0.00445016483042589,-0.0128472326850194,0.0121869179492569,-0.0275589866451559,0.0267824929491965
"fit4_relevant","r_wid[w28e335e,recalled_n_images_with_option]",0.000888433864973493,0.0123874793073048,-0.00347400006455567,0.00503233569855802,-0.0109617398740459,0.0135351353013176,-0.0245183372763068,0.0294430262456757
"fit4_relevant","r_wid[w2c5d7eb,recalled_n_images_with_option]",-0.000474832643488366,0.0121815051445975,-0.00520866546028229,0.00422639568796523,-0.013357207708494,0.0123639763012631,-0.0277539015331751,0.0266470401668685
"fit4_relevant","r_wid[w2e9806f,recalled_n_images_with_option]",0.00139535421576435,0.0148758597834744,-0.00488060262826231,0.00723796877166272,-0.0144302341100518,0.017677603142789,-0.0284306578083655,0.0353622659512898
"fit4_relevant","r_wid[w3067c35,recalled_n_images_with_option]",-0.000396517649687578,0.0123194921799449,-0.00474831591114631,0.00402494931001109,-0.0136548689560043,0.0117886369054274,-0.0271492763940845,0.0269636283127949
"fit4_relevant","r_wid[w31b7dbe,recalled_n_images_with_option]",8.84718874521188e-05,0.0183389189248655,-0.00714560916136916,0.00780057076012842,-0.0200265613953535,0.0195528837808375,-0.0395634279482062,0.0397192604607309
"fit4_relevant","r_wid[w38281a7,recalled_n_images_with_option]",0.00208607909282854,0.0135766481217327,-0.00303197122647802,0.00550427651102548,-0.0100499948303141,0.0156303946668843,-0.0229195453575239,0.0345579558964875
"fit4_relevant","r_wid[w3ef8767,recalled_n_images_with_option]",-0.00172280812594988,0.013371850193701,-0.00554307671939426,0.00327738477390892,-0.0148376048342146,0.0103629820935549,-0.0339546171774009,0.0233738595072253
"fit4_relevant","r_wid[w417dedd,recalled_n_images_with_option]",0.000113786511091278,0.0136195240597607,-0.0043252645381461,0.00453550314783224,-0.0127577542681722,0.0136682227445341,-0.0296881262736721,0.0299018142705504
"fit4_relevant","r_wid[w472a3b0,recalled_n_images_with_option]",0.0003451964862653,0.0132938397489532,-0.00456858358682812,0.00464001122426144,-0.0126165132874775,0.0138096482547811,-0.0263517513919625,0.0296961118110769
"fit4_relevant","r_wid[w4810e3e,recalled_n_images_with_option]",0.000614690193754695,0.0147451523470013,-0.00548371113655463,0.00675887911805211,-0.0155409089213206,0.0173817419958584,-0.030749127792574,0.032690738340307
"fit4_relevant","r_wid[w49dc7cd,recalled_n_images_with_option]",-0.00149835674597986,0.0125705714124016,-0.00520085019795314,0.00331079480759461,-0.0136978272862585,0.0101592833913717,-0.0326521516171793,0.0216472051304112
"fit4_relevant","r_wid[w4e312fd,recalled_n_images_with_option]",-0.000956808995289861,0.0146593927185582,-0.0065872531670631,0.00510690104014461,-0.0168391860573513,0.0141343883048298,-0.0329698002012854,0.0287757138564604
"fit4_relevant","r_wid[w51d8142,recalled_n_images_with_option]",0.000320899105562688,0.0125544697147825,-0.00411874147672598,0.00430602829854036,-0.0118960108225939,0.0127154032492343,-0.0262159554048464,0.0294856685759685
"fit4_relevant","r_wid[w5624f17,recalled_n_images_with_option]",0.00165903245428148,0.0124314658273609,-0.00306279263926436,0.00560464843476245,-0.0100075537724519,0.0148754066999698,-0.0230614100849036,0.0323411773444121
"fit4_relevant","r_wid[w567d945,recalled_n_images_with_option]",-0.000648618001752185,0.0144733569234046,-0.00573863671769044,0.00556243822786397,-0.0162359630372816,0.0140583116900489,-0.0345119623357097,0.0278879765944613
"fit4_relevant","r_wid[w6355333,recalled_n_images_with_option]",0.00089206305375621,0.0123516065565224,-0.00362363285961536,0.0048356713479967,-0.0107955673063237,0.0136455224747947,-0.0249821352760489,0.0273788216917226
"fit4_relevant","r_wid[w7574933,recalled_n_images_with_option]",0.000230349173450467,0.0116722758876166,-0.00391959151456929,0.00438916045267241,-0.0114281320513854,0.0120653955377479,-0.0254237995711316,0.0261314837754057
"fit4_relevant","r_wid[w7b672a4,recalled_n_images_with_option]",-0.00137425671355158,0.0128496874054542,-0.00550554582412882,0.00395471762318293,-0.0152449986169091,0.0117310922444814,-0.0337838670378827,0.0237356428896383
"fit4_relevant","r_wid[w812d061,recalled_n_images_with_option]",0.000624202472082371,0.0184285290131601,-0.00749038212381801,0.00820460933266259,-0.0199497513818969,0.0215863881105304,-0.0369907001931016,0.0416448223014853
"fit4_relevant","r_wid[w865d6ad,recalled_n_images_with_option]",0.00225060442051716,0.0156558995124982,-0.00467243681449282,0.00764399411664616,-0.0132536515650275,0.0204015038880737,-0.0264336334446995,0.0382137176170713
"fit4_relevant","r_wid[w882868f,recalled_n_images_with_option]",-0.00245025668234963,0.0158691553035271,-0.00841765888743603,0.00437957096665862,-0.0210499664932857,0.0140823093239112,-0.0386364917240491,0.0288588462540209
"fit4_relevant","r_wid[w8b71afe,recalled_n_images_with_option]",0.000950142293267549,0.0143044959198687,-0.00475279862300356,0.00675401407584105,-0.0133779514652205,0.0163878937948125,-0.0290955808036359,0.0336547916979931
"fit4_relevant","r_wid[w8d04c13,recalled_n_images_with_option]",0.000781511682357563,0.0133332123800871,-0.00426186425448029,0.00531660472757331,-0.0127182331890388,0.0149723425878904,-0.0270882910322217,0.0321875361351407
"fit4_relevant","r_wid[w915dec2,recalled_n_images_with_option]",-0.000109807393980543,0.0125452809760715,-0.00414886856784085,0.00409621817506032,-0.0128993667513794,0.0122969557080366,-0.0270549952887642,0.0274607109073738
"fit4_relevant","r_wid[w973e0a4,recalled_n_images_with_option]",-0.00184077106496569,0.0127372696392129,-0.00637200482267612,0.00355223821781724,-0.0163104512550893,0.0111686430757753,-0.0321966338713428,0.0223524694127965
"fit4_relevant","r_wid[wa06df17,recalled_n_images_with_option]",0.000309005551036756,0.0132850961861952,-0.0048438969375887,0.00538686028641765,-0.0140731383027236,0.0143307964839657,-0.0274972503282684,0.029324739457771
"fit4_relevant","r_wid[wa24f9fe,recalled_n_images_with_option]",0.000960675066711294,0.0128332807025774,-0.00391018286833764,0.00518709864138336,-0.0111650241196253,0.0140343391436118,-0.023391139259808,0.0299898734679125
"fit4_relevant","r_wid[wa620fe2,recalled_n_images_with_option]",0.000491629622873756,0.0124455246073231,-0.00380737606708756,0.00431435332138771,-0.0116526159664054,0.012717703501563,-0.0258463816961523,0.029709236745312
"fit4_relevant","r_wid[wa9588e1,recalled_n_images_with_option]",0.000134503315668622,0.0151856411873608,-0.0057977469381203,0.00557434557218787,-0.0156072600626655,0.0161057102577028,-0.0323694481286922,0.0346636960465485
"fit4_relevant","r_wid[wad2e584,recalled_n_images_with_option]",0.00108924103111836,0.0136399100103446,-0.00396822542115225,0.00547297878591248,-0.0115335502335198,0.0146624848288968,-0.0258765213082633,0.0331824260410455
"fit4_relevant","r_wid[wae73c1f,recalled_n_images_with_option]",0.0016223098195744,0.0153454991170472,-0.00477814435314047,0.00833245421588689,-0.0148663539359539,0.0190785095652246,-0.0307520896754959,0.0365273161734118
"fit4_relevant","r_wid[waf5ed76,recalled_n_images_with_option]",0.00106613566839658,0.012603286488076,-0.004250731971077,0.00551339679724458,-0.0116375039204162,0.0149848780673191,-0.0248236572131388,0.0294980250978113
"fit4_relevant","r_wid[wb050285,recalled_n_images_with_option]",-0.00232595718036287,0.0138569495931078,-0.00697379692739527,0.00350199847414461,-0.0173739190726548,0.0113134408045513,-0.0367924562246354,0.0228202748065928
"fit4_relevant","r_wid[wb83a52c,recalled_n_images_with_option]",-0.000473747647496869,0.013380047080162,-0.00488544247336584,0.00464183297253819,-0.0140665673936797,0.0129469402608861,-0.0316343079862925,0.0265850051713744
"fit4_relevant","r_wid[wbdee46f,recalled_n_images_with_option]",-0.00113673505985268,0.0121910346733951,-0.00515861900223029,0.00364159451859094,-0.0140957910787576,0.0104876270812796,-0.0303687972428414,0.0229685716591968
"fit4_relevant","r_wid[wbf71104,recalled_n_images_with_option]",0.0010002770424509,0.0128018080737423,-0.00363326384187594,0.00472774530262191,-0.0110160808071765,0.0141827104752538,-0.0253696557599671,0.0304874043061002
"fit4_relevant","r_wid[wbff56f6,recalled_n_images_with_option]",-0.000459949479192306,0.0125324379368016,-0.00443041628669718,0.00406339873732807,-0.0125590769744995,0.0116359720750015,-0.0290346818260539,0.0245251194346374
"fit4_relevant","r_wid[wc136bb6,recalled_n_images_with_option]",-4.48004077134828e-05,0.0130839180360407,-0.00448335621650304,0.00490024675978836,-0.0133039983266697,0.0129113019627189,-0.0301320047622568,0.0290030053441338
"fit4_relevant","r_wid[wc861d09,recalled_n_images_with_option]",0.000774422553186868,0.0169070730413625,-0.00633467022711591,0.0079716024216462,-0.0179425496216296,0.0200430236901197,-0.0349353592635848,0.0385796336304296
"fit4_relevant","r_wid[wd1558cc,recalled_n_images_with_option]",0.00077489124907078,0.013691402084263,-0.00426477194067055,0.00498536468171589,-0.0117597221358788,0.0145257033760944,-0.0262889458723125,0.0313612681080758
"fit4_relevant","r_wid[wd1f6033,recalled_n_images_with_option]",-0.00234844806692695,0.013127425259138,-0.00574706307808121,0.00281787220444444,-0.0155251269923697,0.008869395880172,-0.0357482477268548,0.0213296734120051
"fit4_relevant","r_wid[wd3b5cb5,recalled_n_images_with_option]",0.00164778949707717,0.0151089782651546,-0.00496105256126947,0.00779248959750118,-0.0140551924496539,0.0190043622035209,-0.0284485357652262,0.0367371970135062
"fit4_relevant","r_wid[wd9e76e4,recalled_n_images_with_option]",0.00341775125446699,0.0133633482806033,-0.00224356358139565,0.00698053357346645,-0.00814458208898125,0.0177005660034475,-0.0182307708392303,0.0366007338808192
"fit4_relevant","r_wid[wdcba2fa,recalled_n_images_with_option]",-0.00226120626731825,0.015835395094861,-0.00810436783010875,0.00499399629946096,-0.0214766886865163,0.0142153867357763,-0.0398088283330154,0.0278361547611001
"fit4_relevant","r_wid[we820c40,recalled_n_images_with_option]",-0.00102773264242678,0.0129515098841478,-0.00523171886446381,0.00354326338176521,-0.0142556802238658,0.0107786657349994,-0.0292160462518663,0.0253029806586902
"fit4_relevant","r_wid[wea26d76,recalled_n_images_with_option]",0.00107642520097991,0.0159702655203022,-0.00584581872524382,0.00786273563566703,-0.0166246698685373,0.0202355125206422,-0.0327785554400983,0.0352375899522871
"fit4_relevant","r_wid[wea422b2,recalled_n_images_with_option]",0.00211673252702761,0.0137883364611269,-0.00300646934853784,0.00589288522226897,-0.00999704147607094,0.0166719196059273,-0.023722290208816,0.0364132666032304
"fit4_relevant","r_wid[wf2e46b5,recalled_n_images_with_option]",-0.00265576080951378,0.0193017455661671,-0.0101795935249017,0.0059784688197598,-0.0252520306498651,0.0177136161208218,-0.0458716173834967,0.0354006327878395
"fit4_relevant","r_wid[wf57281a,recalled_n_images_with_option]",0.000804306753412678,0.0122664726103649,-0.00372631589820911,0.0046198233404806,-0.0107693606907836,0.0131534023016553,-0.0233730586020344,0.0297084505447888
"fit4_relevant","r_wid[wf7e1cf2,recalled_n_images_with_option]",-0.000232688835112964,0.0134878900999071,-0.00510597702913982,0.00477142690076299,-0.0137883908072207,0.0132814681583996,-0.0295021285070217,0.0284013291498099
"fit4_relevant","r_wid[wf9347d8,recalled_n_images_with_option]",-0.000175804204043887,0.0129359589453818,-0.00475685723178165,0.00454952416470735,-0.0132385048568419,0.0126216932036879,-0.0280573801566717,0.0275725803742907
"fit4_relevant","r_wid[wf9d56e4,recalled_n_images_with_option]",-0.00132940505896832,0.0153951276148849,-0.00739990104496764,0.00482574938074585,-0.0181788053848695,0.0147096301592547,-0.036039560252317,0.0299024987694547
"fit4_relevant","lprior",-7.9730489123075,0.00422261403794206,-7.97568096295166,-7.97010304112799,-7.97847069926639,-7.96790017735468,-7.98214811481968,-7.965909920044
"fit4_relevant","lp__",-16205.3084541462,10.0286899197866,-16211.757752683,-16198.3242145894,-16218.200794851,-16193.10465794,-16226.3276792127,-16186.3664450638
"fit_low_total","b_Intercept",6.66093043475488,0.237182737503807,6.50774112681097,6.81713751932691,6.36342774436371,6.95841943093849,6.1844114360429,7.12305287854576
"fit_low_total","b_n_total_memories",0.0753908781111012,0.0212630556611454,0.0612119314688643,0.0891113911044369,0.0487753861907621,0.102375339602758,0.0340337554647388,0.119228888809551
"fit_low_total","b_nback_performance_z",-0.0149354399682103,0.0881228262049069,-0.0727661808007135,0.0416532718511772,-0.125737120673826,0.0954721358807947,-0.192117820346997,0.159553899962245
"fit_low_total","sd_wid__Intercept",0.355504367405177,0.0600514355349519,0.312400977964011,0.390957606532092,0.285966288471424,0.434216058265066,0.256692581300466,0.492774707321254
"fit_low_total","sigma",0.787002972626029,0.0195077209650037,0.774067031952671,0.799624277038572,0.76213917844268,0.81190138421344,0.750070207007232,0.826263637955611
"fit_low_total","ndt",0.416589548755811,0.385023553118468,0.125470349182031,0.588517263364915,0.0485008745771319,0.964287017225655,0.012636148861979,1.40636079935326
"fit_low_total","Intercept",7.45073867951547,0.0713989435759389,7.40435787489649,7.49705439579849,7.36125422553831,7.53996815794262,7.30851986068588,7.593395599935
"fit_low_total","r_wid[w00c391f,Intercept]",0.252906533401341,0.167515676882921,0.139815667532595,0.363397999623496,0.0405191813501992,0.468792112805217,-0.0648410842325225,0.579447797032251
"fit_low_total","r_wid[w06dc745,Intercept]",-0.507683107066728,0.174106807335079,-0.620687062086736,-0.386167266707465,-0.732554840701372,-0.286839696158823,-0.856397534728321,-0.176245955466483
"fit_low_total","r_wid[w08dda5e,Intercept]",-0.228638791634427,0.158039752205852,-0.330710866806134,-0.124178260909147,-0.431622876782709,-0.0306963398130563,-0.545817014238827,0.0801494696936683
"fit_low_total","r_wid[w0cf8802,Intercept]",-0.0896678050209094,0.164565616787127,-0.198560191804004,0.0189653049755261,-0.297885535123932,0.120447481210159,-0.414062568543484,0.236248854450967
"fit_low_total","r_wid[w0e327f3,Intercept]",0.175043022530548,0.230013533881788,0.0212573930153812,0.331572419614072,-0.12673241785111,0.466457329035177,-0.273245271314515,0.618539421497865
"fit_low_total","r_wid[w161eef2,Intercept]",0.061641315391245,0.180767369415151,-0.0533594081126514,0.178071559183951,-0.167134203939393,0.293713793590175,-0.288366990760111,0.429156866108936
"fit_low_total","r_wid[w2e9806f,Intercept]",0.464099829707939,0.166596551209849,0.350901741947558,0.575831240993003,0.252357528648939,0.677728581639785,0.145499519151012,0.786148816827865
"fit_low_total","r_wid[w3067c35,Intercept]",0.117667668319435,0.212278839429147,-0.0211716650672426,0.2544826803147,-0.147268049475654,0.38266791506743,-0.300140710929467,0.550972465782209
"fit_low_total","r_wid[w31b7dbe,Intercept]",0.607176428717392,0.160921649835042,0.497903922271912,0.715006076639765,0.408344517956255,0.811877936479207,0.305377191266795,0.932419260492772
"fit_low_total","r_wid[w3ef8767,Intercept]",-0.225780989011709,0.179602819460844,-0.340165697705654,-0.106941994570833,-0.456494899193324,-7.69088763071995e-05,-0.585115982488776,0.120542289381635
"fit_low_total","r_wid[w49dc7cd,Intercept]",-0.0186331997604719,0.142999598498711,-0.116560270162546,0.0786576651359402,-0.201143442024226,0.165999279724852,-0.293486326619223,0.265203029590024
"fit_low_total","r_wid[w4e312fd,Intercept]",-0.326966108683672,0.182028376670855,-0.444555200788303,-0.210659433098459,-0.557981324357075,-0.101787636791942,-0.688012803069359,0.0351440644506239
"fit_low_total","r_wid[w7b672a4,Intercept]",0.355604778820443,0.154602663160134,0.253513260616374,0.458144912432153,0.157428730274591,0.54911261874851,0.0558577217867451,0.666792215394285
"fit_low_total","r_wid[w812d061,Intercept]",-0.461416574751555,0.187288618136433,-0.584242200813962,-0.338645652464862,-0.699628485921832,-0.222962958107761,-0.834019228417912,-0.0935220110577195
"fit_low_total","r_wid[w8b71afe,Intercept]",0.373032267153949,0.180077439797051,0.250016297804163,0.490671952143392,0.148585075821974,0.602187978051353,0.0366489734176158,0.744105162057758
"fit_low_total","r_wid[w915dec2,Intercept]",0.172670922145903,0.167034176535772,0.0602116959671879,0.284904286121507,-0.0386533293730102,0.387173355543004,-0.152352770533905,0.502205923039016
"fit_low_total","r_wid[wa06df17,Intercept]",0.202950503999981,0.154815367662295,0.0943051845741287,0.306138582364583,0.00570028891712896,0.39911505391403,-0.0955751562386143,0.513766963868999
"fit_low_total","r_wid[wa9588e1,Intercept]",-0.26231964782734,0.161934198223492,-0.369441426031544,-0.156718302506688,-0.46551340590188,-0.0562637712755545,-0.57719623559025,0.0592651482939393
"fit_low_total","r_wid[wad2e584,Intercept]",-0.235767422752093,0.163634190894482,-0.344791297961001,-0.127242786054855,-0.441560860446541,-0.026582806618514,-0.554129144499488,0.0843952688097404
"fit_low_total","r_wid[wae73c1f,Intercept]",0.125779951065499,0.196380552480509,-0.00860095170200121,0.259469360487719,-0.120076165300612,0.374906411945185,-0.247176221358399,0.510028984328815
"fit_low_total","r_wid[wb83a52c,Intercept]",0.273985898800933,0.161353052219744,0.165554075394603,0.381643041017539,0.0681232810740827,0.476397463427789,-0.0365866560571641,0.591522409724901
"fit_low_total","r_wid[wbf71104,Intercept]",0.132189602626866,0.168186115774928,0.0192812154246926,0.249149325899511,-0.0876994943702235,0.349255488096507,-0.194440061858121,0.467456964304096
"fit_low_total","r_wid[wc136bb6,Intercept]",0.104115863168709,0.183677767643461,-0.0159838287466763,0.223272380624254,-0.132628716274833,0.337616701514815,-0.252778800484683,0.468083063236416
"fit_low_total","r_wid[wc861d09,Intercept]",0.271507203348179,0.178413360013744,0.153286820822407,0.391388865846806,0.0455502752877255,0.501269261270225,-0.0811941541060531,0.621118432131946
"fit_low_total","r_wid[wd1f6033,Intercept]",-0.198285209684869,0.158493943575597,-0.303956602296437,-0.09048945392156,-0.400010803172764,0.00176246219414343,-0.515826296779071,0.107363541987646
"fit_low_total","r_wid[wd9e76e4,Intercept]",-0.194456773842759,0.15471426194533,-0.301591581019386,-0.0884380995495134,-0.388196841990728,0.00443759451892216,-0.489949786490938,0.107937331321266
"fit_low_total","r_wid[wdcba2fa,Intercept]",-0.364646943591953,0.157028259287642,-0.472131024557099,-0.256298269631773,-0.563501331861456,-0.163568818242201,-0.668077775989796,-0.0627700236137087
"fit_low_total","r_wid[wf2e46b5,Intercept]",-0.579294137298152,0.166102738609255,-0.688574444664968,-0.467360253544784,-0.793026056624829,-0.365304476484638,-0.914033053203985,-0.257074113956898
"fit_low_total","r_wid[wf57281a,Intercept]",-0.158037490441028,0.152665200333701,-0.25942623600562,-0.0544156711443769,-0.353990834647954,0.0395975782157987,-0.451029513869427,0.134120831464711
"fit_low_total","r_wid[wf7e1cf2,Intercept]",0.0494900373562321,0.184463083933808,-0.0745046208239339,0.167836331996146,-0.184887012285976,0.280664957651116,-0.305234784733875,0.418304224335997
"fit_low_total","lprior",-6.05644613173741,0.00623641449860925,-6.05991162283181,-6.05212501739344,-6.06461345304852,-6.04928780762893,-6.07105159228417,-6.04631747878744
"fit_low_total","lp__",-7603.01747009943,5.59269317770798,-7606.72295987428,-7599.12649730607,-7610.40686814426,-7596.03667408299,-7614.63104943681,-7592.67039580798
"fit_high_total","b_Intercept",7.28282798480012,0.212351653754583,7.1407758298184,7.42289339629399,7.02113295456879,7.55349963504018,6.87247199464454,7.70646666709
"fit_high_total","b_n_total_memories",0.0206118930595199,0.0148639741172546,0.0106203049581686,0.030660088680391,0.00196427255147795,0.0389467475190229,-0.00919932160960202,0.0496461515530522
"fit_high_total","b_nback_performance_z",-0.00803284479521029,0.0541957054417464,-0.0429663406020044,0.025826246383987,-0.0738673732572999,0.0606184058685163,-0.114025553106341,0.102123441978263
"fit_high_total","sd_wid__Intercept",0.306951496497473,0.0504770042971084,0.271502006291284,0.337101467465921,0.246593906216861,0.3733341966044,0.220188805756848,0.416935837607114
"fit_high_total","sigma",0.80312212626778,0.0187858794320248,0.790501025407575,0.815277595997236,0.779712053362536,0.827926433154434,0.768355165230754,0.841297334023486
"fit_high_total","ndt",2.75273240226473,2.65093556626943,0.834780271731118,3.82421611592877,0.295676883049706,6.2105056259578,0.0738541030559508,9.67202265257773
"fit_high_total","Intercept",7.56286520337533,0.0603899536110654,7.52374477748405,7.60177346351784,7.48638969651776,7.64042595477011,7.44421903143338,7.68332454228411
"fit_high_total","r_wid[w017e3cd,Intercept]",0.237131411043468,0.148589182506403,0.137328277222001,0.337260044599666,0.0469811827753982,0.427511133618079,-0.0507419303315794,0.531589369768649
"fit_high_total","r_wid[w0c6daff,Intercept]",-0.287516411615793,0.149699685441591,-0.385478539895087,-0.187596908856123,-0.476891529259168,-0.09469497640408,-0.582061398213088,0.00699603251341128
"fit_high_total","r_wid[w15afaeb,Intercept]",0.577262909926291,0.156598411222255,0.469400617762171,0.682738498542727,0.383846557914146,0.777285440353544,0.269042313899442,0.891831259673751
"fit_high_total","r_wid[w1afb6bd,Intercept]",-0.221710679644571,0.148066992213553,-0.319222343388764,-0.122576247011822,-0.413717251942757,-0.0311640984312151,-0.516310131315722,0.0672933182008814
"fit_high_total","r_wid[w1efb25c,Intercept]",0.193284183659,0.148926851223516,0.096113579738062,0.293219435347315,0.000233837256387064,0.383266605250594,-0.0993713927788587,0.478851444930923
"fit_high_total","r_wid[w28e335e,Intercept]",0.0857949138006498,0.142099489436398,-0.00892232770288831,0.182687671610218,-0.0943533267047522,0.267981367188902,-0.194867002288804,0.356607115474164
"fit_high_total","r_wid[w2c5d7eb,Intercept]",-0.135792545669075,0.160216040147283,-0.24493265681305,-0.0241922079262448,-0.337259305215239,0.0666123771479383,-0.453993520981568,0.174686333648672
"fit_high_total","r_wid[w38281a7,Intercept]",0.112467695086686,0.164241770793424,0.00159677695591925,0.221785492758693,-0.0973142413996514,0.320305777780967,-0.202840064917652,0.438123371688415
"fit_high_total","r_wid[w417dedd,Intercept]",-0.0886755501455753,0.176610142541017,-0.204294006122931,0.0323422105227013,-0.310800327128364,0.133184172422932,-0.447012427542755,0.244318780798958
"fit_high_total","r_wid[w472a3b0,Intercept]",-0.146752478147231,0.139305991733822,-0.24252966728042,-0.0522072325164449,-0.327032678455657,0.0330794627487269,-0.423063838230496,0.115697803260629
"fit_high_total","r_wid[w4810e3e,Intercept]",0.332000920273267,0.15004283113295,0.231569679076696,0.430522657455871,0.141833571168072,0.525441463201926,0.0464561816976645,0.641078028021974
"fit_high_total","r_wid[w51d8142,Intercept]",-0.0154008618138119,0.164612246947083,-0.126037407505219,0.0939919088621153,-0.223222759625433,0.193869612451351,-0.340334126777688,0.306089341687999
"fit_high_total","r_wid[w5624f17,Intercept]",0.124946152107018,0.146627689314994,0.0260018611439139,0.223346598520819,-0.061549407479421,0.31164295881519,-0.162510228077677,0.407318302064581
"fit_high_total","r_wid[w567d945,Intercept]",0.328778071448477,0.150345821221813,0.225925323009288,0.430121549356138,0.134703702128602,0.516686851032678,0.0310219269951683,0.619448666356636
"fit_high_total","r_wid[w6355333,Intercept]",0.0402220335743704,0.146842034394373,-0.058414430917361,0.137759572299025,-0.147210678329044,0.2290143318736,-0.253856993960683,0.322084565456696
"fit_high_total","r_wid[w7574933,Intercept]",-0.00659606073815684,0.165371845046981,-0.112300972805655,0.102979181766514,-0.216882122961408,0.201845152085161,-0.33742489101234,0.30995098691474
"fit_high_total","r_wid[w865d6ad,Intercept]",-0.41037255672676,0.149493211099902,-0.505535779685424,-0.309284689954081,-0.604638759442575,-0.220837155016369,-0.710998458078138,-0.120598001772828
"fit_high_total","r_wid[w882868f,Intercept]",-0.429793558590674,0.158593396519225,-0.539233707198532,-0.318364864111143,-0.63680281779252,-0.228283647032085,-0.739550344772989,-0.130192825924332
"fit_high_total","r_wid[w8d04c13,Intercept]",-0.204335056623563,0.154049607754125,-0.30943843957438,-0.102643486186163,-0.400357220053705,-0.00530131692686981,-0.501495296703929,0.100545874499579
"fit_high_total","r_wid[w973e0a4,Intercept]",-0.292322556402474,0.204722321322173,-0.425473783034729,-0.160157651426292,-0.542675134315193,-0.031790113800182,-0.709443869966175,0.105034260317868
"fit_high_total","r_wid[wa24f9fe,Intercept]",0.190966461243339,0.153789571631326,0.0891114677104845,0.293841290400125,-0.00266497017337248,0.393259108601137,-0.108666033864734,0.491268664789433
"fit_high_total","r_wid[wa620fe2,Intercept]",0.0224938885890479,0.141284191394787,-0.0706858270813901,0.117151264083451,-0.155782801282921,0.204054175294576,-0.25300126207293,0.298579502772247
"fit_high_total","r_wid[waf5ed76,Intercept]",-0.318193602187273,0.156036790003964,-0.424448703043757,-0.212830178737845,-0.515130075130845,-0.118120009519584,-0.626148461104756,-0.0106972645640563
"fit_high_total","r_wid[wb050285,Intercept]",-0.220143917177666,0.137898316684991,-0.311880771318035,-0.126570525446133,-0.39914671890015,-0.0488359578810354,-0.494320902020733,0.0452365696929704
"fit_high_total","r_wid[wbdee46f,Intercept]",-0.016139319390554,0.145968106682906,-0.111987816902026,0.0834143076523284,-0.200815426132431,0.167395820097245,-0.307128357889734,0.266979808625987
"fit_high_total","r_wid[wbff56f6,Intercept]",0.0504288784311931,0.145992864173155,-0.0476468905310425,0.150535495795655,-0.140323236514106,0.233568568281912,-0.238043647808685,0.335976720360648
"fit_high_total","r_wid[wd1558cc,Intercept]",-0.0722758964840072,0.198875917946269,-0.203921240124646,0.0606564201325132,-0.326213861947307,0.178649500113848,-0.464897526750365,0.313567831086525
"fit_high_total","r_wid[wd3b5cb5,Intercept]",0.334933642842969,0.196357343009037,0.212545610143949,0.459358149239035,0.0928008354489722,0.585304815493201,-0.0539481658979836,0.729370389437904
"fit_high_total","r_wid[we820c40,Intercept]",-0.0441669490744068,0.174463505635407,-0.158873190221649,0.0716962996184564,-0.262465785000941,0.168175617040144,-0.398924144445515,0.29887292519478
"fit_high_total","r_wid[wea26d76,Intercept]",0.529733463259651,0.165329316626194,0.417393224128159,0.640339099928521,0.321271267609832,0.740631925675481,0.205091792800194,0.856791392117419
"fit_high_total","r_wid[wea422b2,Intercept]",0.0141183070390122,0.176248710666591,-0.107640672987114,0.138309936791801,-0.206806369134728,0.235903117796244,-0.338551257697687,0.352284929962315
"fit_high_total","r_wid[wf9347d8,Intercept]",0.113652565822948,0.143251487014753,0.0194385917148303,0.211322313283907,-0.0743727792384861,0.295490329846779,-0.162642739955218,0.394189457599084
"fit_high_total","r_wid[wf9d56e4,Intercept]",-0.413073986222679,0.150368372303922,-0.51261385415404,-0.316187360897122,-0.602412619822878,-0.221085251492701,-0.704763029314871,-0.116831627435208
"fit_high_total","lprior",-8.50604982050144,0.00497353318415004,-8.50897371365749,-8.50253975634867,-8.51243971097084,-8.50008158007421,-8.51695073244032,-8.49776438089445
"fit_high_total","lp__",-8518.668953073,5.96366880986739,-8522.51885682225,-8514.5200908907,-8526.43091549122,-8511.33497284187,-8531.23812859637,-8507.96814898471
"fit_low_relevant","b_Intercept",7.43661787550463,0.0913572544644151,7.37481625261571,7.49534492863691,7.32182101345094,7.55296326818351,7.25862855614132,7.62500333827036
"fit_low_relevant","b_recalled_n_images_with_option",0.0112364148989946,0.0186227629061254,-0.00128538763818288,0.0239697723361786,-0.0127213845660613,0.0349263388514263,-0.0253638805496622,0.0470509429110049
"fit_low_relevant","b_nback_performance_z",0.0594473886995015,0.0998287556753179,-0.00726707359586415,0.125486838173295,-0.0682315830614163,0.188814740258311,-0.137630725191589,0.254053513667753
"fit_low_relevant","sd_wid__Intercept",0.437061221312514,0.0738303576272354,0.384874684745719,0.480891181022009,0.347725884636992,0.536053273075646,0.311812917693383,0.599227752480992
"fit_low_relevant","sd_wid__recalled_n_images_with_option",0.0202561469649724,0.016012636598751,0.00787610957145875,0.0287091798672882,0.00317770427060488,0.0424798461304186,0.000639081077524871,0.0615130279489956
"fit_low_relevant","cor_wid__Intercept__recalled_n_images_with_option",0.0547855001399205,0.543327790312828,-0.368916092381075,0.51942358233685,-0.718568514055808,0.792080180110756,-0.913322228549587,0.948492179809975
"fit_low_relevant","sigma",0.787319417480251,0.0194699261532077,0.773538667130185,0.800483528920238,0.762380569472968,0.812570569495207,0.750998840158335,0.82659742415104
"fit_low_relevant","ndt",0.412972130034073,0.378655543458101,0.129104374156033,0.584299813550614,0.0489075044610219,0.940806921501041,0.0117514520051576,1.40010318446076
"fit_low_relevant","Intercept",7.45246158056514,0.0856517894564258,7.39515904246386,7.50865688687596,7.34622281599592,7.56175970190313,7.28766880020563,7.62488599662948
"fit_low_relevant","r_wid[w00c391f,Intercept]",0.00671009165043368,0.164014980107482,-0.104002805665347,0.118539241529542,-0.201627340436721,0.215542471279904,-0.307998128932011,0.324205674246491
"fit_low_relevant","r_wid[w06dc745,Intercept]",-0.245677802010302,0.178411074396005,-0.361373147237934,-0.131532490019665,-0.472050007664331,-0.0184360921849901,-0.615056688108518,0.106974431663166
"fit_low_relevant","r_wid[w08dda5e,Intercept]",-0.0753902653973118,0.159373622567105,-0.183970985644655,0.0328732106615704,-0.275922039298819,0.125305410873691,-0.392909115484999,0.227064351304417
"fit_low_relevant","r_wid[w0cf8802,Intercept]",-0.190138757555951,0.186821279300599,-0.311847791897334,-0.065459540033654,-0.433662808751724,0.0411561149448824,-0.566564877389643,0.169334357956558
"fit_low_relevant","r_wid[w0e327f3,Intercept]",0.774564717183291,0.18956787709002,0.643298474354553,0.901195393329407,0.534481834202376,1.0134587157257,0.408621373727187,1.15685329800136
"fit_low_relevant","r_wid[w161eef2,Intercept]",-0.272392554177077,0.173644997138486,-0.388203391270138,-0.155370280477819,-0.487675970588812,-0.0496869294122073,-0.617169615074746,0.0664533168802153
"fit_low_relevant","r_wid[w2e9806f,Intercept]",0.392018924574307,0.183852434899838,0.269270239613871,0.515271698653324,0.157056989380961,0.627513957602946,0.0416392180121645,0.764319403160427
"fit_low_relevant","r_wid[w3067c35,Intercept]",0.0949355452385741,0.238367067211154,-0.0657860735617863,0.253424170052235,-0.201353104973816,0.396412572083488,-0.39019769590045,0.555406195197002
"fit_low_relevant","r_wid[w31b7dbe,Intercept]",0.592754915638779,0.174562485352505,0.476139602952409,0.705171051017852,0.371759978902365,0.814257372760928,0.253492491200703,0.940380834996884
"fit_low_relevant","r_wid[w3ef8767,Intercept]",0.0883729900084911,0.173162169090909,-0.0270463661085249,0.202323148451501,-0.13252646598576,0.30922572821248,-0.249109850566595,0.430945807957103
"fit_low_relevant","r_wid[w49dc7cd,Intercept]",0.0132075223719887,0.163422929870064,-0.0987603867466675,0.122134523537099,-0.194440130644694,0.219160748322605,-0.302643881034095,0.330867076900189
"fit_low_relevant","r_wid[w4e312fd,Intercept]",-0.458460359446101,0.206448983527553,-0.593544185521761,-0.320930851896642,-0.723144560734326,-0.20255205890762,-0.874578043725137,-0.0658844895519912
"fit_low_relevant","r_wid[w7b672a4,Intercept]",0.229088403165783,0.160260352075358,0.121593056160845,0.336586414428817,0.0290743651073961,0.434593345774974,-0.0941455930552068,0.547629234098046
"fit_low_relevant","r_wid[w812d061,Intercept]",-0.697458569434319,0.202925563704309,-0.828586353181745,-0.560001245374542,-0.9579445626908,-0.444329048461431,-1.11631051599971,-0.310296693806098
"fit_low_relevant","r_wid[w8b71afe,Intercept]",0.327174434938265,0.206579721418173,0.188451966180357,0.462624806072334,0.0662042199261526,0.58786405502645,-0.0810133393932291,0.753605876253324
"fit_low_relevant","r_wid[w915dec2,Intercept]",0.0198641051455264,0.182352715608122,-0.102692190226535,0.141886551717894,-0.212761483104717,0.25101046281348,-0.339497403667415,0.375583456509172
"fit_low_relevant","r_wid[wa06df17,Intercept]",0.215587283361007,0.165622395433132,0.10212682935548,0.329562521881948,0.00701712421563657,0.431795885531368,-0.106380311064541,0.535567480171639
"fit_low_relevant","r_wid[wa9588e1,Intercept]",-0.403633663093648,0.17107196014321,-0.514942315777717,-0.285418405395318,-0.620817622799799,-0.185877204755029,-0.7489890464952,-0.0792231448144951
"fit_low_relevant","r_wid[wad2e584,Intercept]",-0.34267281830055,0.183600897236169,-0.465601459045419,-0.220039457463523,-0.584593674240335,-0.108149767805582,-0.712083801029105,0.00919253741560864
"fit_low_relevant","r_wid[wae73c1f,Intercept]",0.559231747032755,0.178559044192024,0.437028498680917,0.681116933350172,0.333216477806769,0.788471589374711,0.213705796273326,0.914562900227087
"fit_low_relevant","r_wid[wb83a52c,Intercept]",0.246501750428443,0.172242110909641,0.130064427639426,0.360353832135922,0.0305641209195255,0.462582437324302,-0.08421147361881,0.584521587698848
"fit_low_relevant","r_wid[wbf71104,Intercept]",-0.0461716187826664,0.174314870475013,-0.161260775342098,0.0672168000718358,-0.276387483485806,0.174862931418371,-0.387072603394549,0.29117873112291
"fit_low_relevant","r_wid[wc136bb6,Intercept]",0.1761355458545,0.20352779227639,0.0399705363957614,0.315764036241161,-0.0848526779402781,0.436571657749611,-0.218920582525327,0.578978311520928
"fit_low_relevant","r_wid[wc861d09,Intercept]",0.637611787495076,0.175925834168947,0.519512933222853,0.75249393817431,0.414306774198415,0.859957613621716,0.298590421360013,0.987071213315884
"fit_low_relevant","r_wid[wd1f6033,Intercept]",-0.0646812495407657,0.165327852547185,-0.170970523624299,0.0477495535697539,-0.272918062018497,0.141441965290251,-0.391376370182487,0.258694427383142
"fit_low_relevant","r_wid[wd9e76e4,Intercept]",-0.0864611908486892,0.16943285015484,-0.195973963230066,0.029097896494551,-0.305893043926271,0.124417498423226,-0.425056923411683,0.238660714167269
"fit_low_relevant","r_wid[wdcba2fa,Intercept]",-0.566662330620978,0.165842469649517,-0.675467423695643,-0.454729108450151,-0.779622651567479,-0.356262591472534,-0.89525544323722,-0.254532812811588
"fit_low_relevant","r_wid[wf2e46b5,Intercept]",-0.736908101781578,0.170726076976305,-0.850721287158802,-0.623002712679706,-0.950527668461933,-0.519958624221024,-1.0851715070597,-0.414749613455946
"fit_low_relevant","r_wid[wf57281a,Intercept]",-0.0524644399889371,0.161742730820022,-0.161693433618828,0.0577958838065497,-0.26212684895769,0.150498124513296,-0.37086965511641,0.253279384973426
"fit_low_relevant","r_wid[wf7e1cf2,Intercept]",-0.283542133499527,0.164737724868217,-0.392499648131958,-0.173041169090491,-0.496731699837713,-0.0744767047600555,-0.606172373574377,0.0358860325879441
"fit_low_relevant","r_wid[w00c391f,recalled_n_images_with_option]",0.00429425009856803,0.0228262902096547,-0.00441904985475328,0.0106924026941364,-0.0157926098554186,0.0284377199664806,-0.036822345776616,0.0585319711527914
"fit_low_relevant","r_wid[w06dc745,recalled_n_images_with_option]",-0.00194895951943126,0.0211425370149864,-0.0105161778070049,0.00683701750397678,-0.0257874408048552,0.0199123295336257,-0.0518938897665185,0.0439198151345465
"fit_low_relevant","r_wid[w08dda5e,recalled_n_images_with_option]",0.00151225763870423,0.0200895317814997,-0.00688132165164452,0.0085998827855555,-0.0193087623858096,0.0240570951487202,-0.0398169522544328,0.047441046147082
"fit_low_relevant","r_wid[w0cf8802,recalled_n_images_with_option]",-0.00254793382250127,0.0223005669038275,-0.0098448659365905,0.00633724290281148,-0.0265163255929318,0.0191751617491718,-0.0562411071172679,0.0403056860187381
"fit_low_relevant","r_wid[w0e327f3,recalled_n_images_with_option]",0.00455150155643575,0.0266932199814257,-0.00822612360501625,0.0173191955337032,-0.0256002819081473,0.0380957276165,-0.051338338953388,0.0623033933097603
"fit_low_relevant","r_wid[w161eef2,recalled_n_images_with_option]",-0.00459666558596294,0.0243493443593195,-0.0132517393725449,0.00516262170114393,-0.0302117467528841,0.0178521955303902,-0.0592826664976601,0.0421809232999102
"fit_low_relevant","r_wid[w2e9806f,recalled_n_images_with_option]",0.00530973334128094,0.0241072021732442,-0.00566122673672498,0.0147798860805979,-0.0184184980658182,0.0335354029641325,-0.0391077478388599,0.0629218089418049
"fit_low_relevant","r_wid[w3067c35,recalled_n_images_with_option]",-0.000224419772784801,0.0223543629352723,-0.00767205505122406,0.00759624271799664,-0.023016514456234,0.0221639349415727,-0.0497553852161965,0.0475666753411583
"fit_low_relevant","r_wid[w31b7dbe,recalled_n_images_with_option]",0.00153079488353341,0.0270401252027148,-0.00953278505816304,0.0129694434884355,-0.0274067178098385,0.0315214092323479,-0.0555333308001039,0.0588949397295252
"fit_low_relevant","r_wid[w3ef8767,recalled_n_images_with_option]",-0.00303212689002127,0.020122748401299,-0.00996606981918391,0.00547218984989226,-0.0251112275792413,0.016076145485176,-0.0523126327757051,0.0348780137742791
"fit_low_relevant","r_wid[w49dc7cd,recalled_n_images_with_option]",-0.00395292593826623,0.021504587807172,-0.0105041411379031,0.00487114041595106,-0.0277363018545678,0.0161298292867847,-0.0568273033937172,0.0357113656822416
"fit_low_relevant","r_wid[w4e312fd,recalled_n_images_with_option]",-0.00398552826755063,0.0246508636452118,-0.0138238533473979,0.00646030223413352,-0.0326118251689417,0.0218378647665026,-0.0608468378468277,0.0474519210405132
"fit_low_relevant","r_wid[w7b672a4,recalled_n_images_with_option]",-0.00142132012184314,0.0217136089802174,-0.00863494643965359,0.00734097814387223,-0.024825544292642,0.0211655112088189,-0.0528559433147015,0.0408410061168416
"fit_low_relevant","r_wid[w812d061,recalled_n_images_with_option]",0.000680830448315352,0.0293736085055196,-0.0119051971163318,0.0118992348735088,-0.0305894430622718,0.0322087051982832,-0.0596330016947899,0.0682586426831545
"fit_low_relevant","r_wid[w8b71afe,recalled_n_images_with_option]",0.00409125621578571,0.0241059062701453,-0.00572565841178293,0.012095715462553,-0.0189692821787805,0.0308836256228641,-0.0416627472949343,0.0604314316436925
"fit_low_relevant","r_wid[w915dec2,recalled_n_images_with_option]",0.000604961206593395,0.0218055447595573,-0.00704526421743099,0.00786405503632677,-0.021532337647348,0.022227289638053,-0.0454756690685529,0.0508487846268458
"fit_low_relevant","r_wid[wa06df17,recalled_n_images_with_option]",0.00312799423259182,0.0217745245156115,-0.00557461998727992,0.0101239561453489,-0.0181344295697449,0.0275028588191437,-0.0392845097789135,0.0532265153085476
"fit_low_relevant","r_wid[wa9588e1,recalled_n_images_with_option]",-0.000502903113480409,0.0250368921774664,-0.0100392581891926,0.00860827673372952,-0.025667950164842,0.0251039805663107,-0.0530857744598666,0.0550971303771888
"fit_low_relevant","r_wid[wad2e584,recalled_n_images_with_option]",0.00204904887054819,0.0235431774604139,-0.00753618221859443,0.0111294262985519,-0.0220174840682384,0.0273983871551276,-0.0450484269726256,0.0564019468816963
"fit_low_relevant","r_wid[wae73c1f,recalled_n_images_with_option]",0.00681576501574876,0.0245763281511563,-0.00525222892541113,0.0181335532138612,-0.0183276449199656,0.0379737270251823,-0.0411812195152068,0.0635762517036421
"fit_low_relevant","r_wid[wb83a52c,recalled_n_images_with_option]",-0.000349940133525314,0.0217529631512956,-0.00844754206573935,0.00825330660327272,-0.022424701537679,0.0223630254569724,-0.0503913611217624,0.0461377401980031
"fit_low_relevant","r_wid[wbf71104,recalled_n_images_with_option]",0.00229348498480135,0.0218092539688252,-0.00587597541325689,0.00890353468442245,-0.0183578983359229,0.0244360802303823,-0.0434328653233495,0.0550183548628918
"fit_low_relevant","r_wid[wc136bb6,recalled_n_images_with_option]",0.00148878481340149,0.0215493714164141,-0.00677573584925134,0.00917966624298361,-0.0205758876132137,0.0248733650268683,-0.0422813965648359,0.0494279159825272
"fit_low_relevant","r_wid[wc861d09,recalled_n_images_with_option]",0.00450156166186483,0.0253842581799472,-0.00737146936075148,0.015829499629993,-0.0227713896105858,0.0347777598167123,-0.0473086731028916,0.063142311800027
"fit_low_relevant","r_wid[wd1f6033,recalled_n_images_with_option]",-0.00624031445751789,0.0221936797892815,-0.013191685569574,0.00353293251045685,-0.0321350900578543,0.0135811557035035,-0.061186135498557,0.0314024667774066
"fit_low_relevant","r_wid[wd9e76e4,recalled_n_images_with_option]",0.00917200440005638,0.0246423659932298,-0.00220879064284958,0.015196289757764,-0.0111669989880995,0.0382257500017617,-0.0265591870011064,0.0724470554305557
"fit_low_relevant","r_wid[wdcba2fa,recalled_n_images_with_option]",-0.00798081946355908,0.0285455264673154,-0.0184001910926002,0.00512865898807811,-0.0402870278604197,0.0196974026927762,-0.079664493871396,0.0411244885454426
"fit_low_relevant","r_wid[wf2e46b5,recalled_n_images_with_option]",-0.0102579275308891,0.030356285236152,-0.0228515472963923,0.00491419374735103,-0.0486110076731701,0.0200253099724622,-0.0898948346896081,0.0425369361210687
"fit_low_relevant","r_wid[wf57281a,recalled_n_images_with_option]",0.00393956245945477,0.0217933793841498,-0.00514360265029789,0.0103956124107331,-0.0157477002833586,0.027808132774285,-0.0367308918512494,0.0589422928772991
"fit_low_relevant","r_wid[wf7e1cf2,recalled_n_images_with_option]",-0.00217334882869294,0.0243261196736204,-0.0105450777359993,0.00653827064639222,-0.0279585848336454,0.0214002521363342,-0.057055677606495,0.0469976155487841
"fit_low_relevant","lprior",-7.98095471846199,0.00845352733146132,-7.98561480978845,-7.97501729246838,-7.9918775665463,-7.9710884177151,-7.9999280586339,-7.96722944829024
"fit_low_relevant","lp__",-7652.27801601911,7.13185297603212,-7657.09824855331,-7647.30027777991,-7661.68097602419,-7643.27651837985,-7667.03063808537,-7639.38314440138
"fit_high_relevant","b_Intercept",7.46722243024619,0.0679095292362712,7.42209656121203,7.51262899067206,7.38358853613745,7.55489963378959,7.33303433655012,7.5994046630568
"fit_high_relevant","b_recalled_n_images_with_option",0.0400560065435623,0.0147995665342197,0.0298747385617924,0.0502344369220174,0.0213205077091922,0.059293380125037,0.0110561209353797,0.0695572367749662
"fit_high_relevant","b_nback_performance_z",-0.00799472248764579,0.0525305736053846,-0.0422613776813435,0.0260735766917686,-0.0738103281618971,0.0575608841523136,-0.111995021810776,0.0956076093105631
"fit_high_relevant","sd_wid__Intercept",0.307673855241174,0.0563977026885159,0.269467140294951,0.340427383242924,0.239775912762512,0.380681372359021,0.208653269640234,0.434821973476286
"fit_high_relevant","sd_wid__recalled_n_images_with_option",0.0145796595071117,0.0112529019104166,0.00574637142676491,0.0207265018474721,0.00225697025364325,0.0302356552889845,0.000468441696001332,0.0420231444567361
"fit_high_relevant","cor_wid__Intercept__recalled_n_images_with_option",-0.0105411943043159,0.554052242914671,-0.467076085453013,0.459913201974413,-0.758995729289308,0.760152222145819,-0.930380722152656,0.940400022730918
"fit_high_relevant","sigma",0.800685286974279,0.0192745382692112,0.787399332278473,0.81359211464778,0.776130393725558,0.825321938685938,0.764254322743187,0.839593076357163
"fit_high_relevant","ndt",2.75099777962333,2.62796275756694,0.813919283568627,3.89977241438846,0.269341833298692,6.2338559927592,0.0636135380425874,9.82440861494384
"fit_high_relevant","Intercept",7.56639826471477,0.0579514914307548,7.52804443302533,7.60436520729226,7.49245888698878,7.6401003232216,7.45106453619124,7.68041421719438
"fit_high_relevant","r_wid[w017e3cd,Intercept]",0.251282946797444,0.150938580273112,0.145002635129729,0.350087391755741,0.0615809034452894,0.447075034209922,-0.0338792008158486,0.550890952218031
"fit_high_relevant","r_wid[w0c6daff,Intercept]",-0.301620636793284,0.151604797902167,-0.402228252982842,-0.200225952254619,-0.501278634418007,-0.109144858843207,-0.60242565884469,-0.0129729911092335
"fit_high_relevant","r_wid[w15afaeb,Intercept]",0.51582472982817,0.152098416295757,0.412199110930817,0.616354086744995,0.328560715188145,0.709387005509542,0.221171258232262,0.816760123603784
"fit_high_relevant","r_wid[w1afb6bd,Intercept]",-0.18118576053122,0.146973189642832,-0.278809599333025,-0.080488035068588,-0.365992108585472,0.00426223728824401,-0.474389241656335,0.095779003127802
"fit_high_relevant","r_wid[w1efb25c,Intercept]",0.171345768944298,0.143546868969612,0.0739865816197267,0.265831183554279,-0.00659335059191293,0.357304293488628,-0.101462842112032,0.466339868617231
"fit_high_relevant","r_wid[w28e335e,Intercept]",0.0884965262190308,0.145444461956804,-0.00793546583645857,0.184940385260606,-0.0990077174749319,0.273315974848688,-0.192780188357677,0.381975385137804
"fit_high_relevant","r_wid[w2c5d7eb,Intercept]",-0.0949420526586086,0.156078581886995,-0.197711170300714,0.0116294130112921,-0.295342306379748,0.100256183755904,-0.404406357587921,0.211736453173416
"fit_high_relevant","r_wid[w38281a7,Intercept]",0.160499121610874,0.150134285009871,0.0600732723202495,0.262386117774849,-0.0289287525312735,0.351186806100795,-0.141262285481568,0.452696170012711
"fit_high_relevant","r_wid[w417dedd,Intercept]",-0.186404316582656,0.14613058380457,-0.283197785647809,-0.0902894024551375,-0.373341043797815,-0.00265464776676343,-0.468091954584893,0.0981322814734463
"fit_high_relevant","r_wid[w472a3b0,Intercept]",-0.145219177715978,0.142330379954027,-0.239641395639764,-0.0479580416611777,-0.328729523755972,0.0347137559780644,-0.416963254711667,0.133997793952908
"fit_high_relevant","r_wid[w4810e3e,Intercept]",0.36715854249704,0.150882602985467,0.264654315092738,0.464538971975873,0.180768788488292,0.560306646919075,0.0806052429482757,0.674108426531848
"fit_high_relevant","r_wid[w51d8142,Intercept]",-0.0956578576290098,0.141337959808546,-0.191503171123289,-0.000858884392198806,-0.278225261774004,0.082389932283724,-0.371537295521632,0.181302237668394
"fit_high_relevant","r_wid[w5624f17,Intercept]",0.12799251293501,0.148559060698042,0.0263864349421139,0.227331016971444,-0.0633898696519525,0.316463992256282,-0.163771347100336,0.417951692657156
"fit_high_relevant","r_wid[w567d945,Intercept]",0.363302303575705,0.155508015831004,0.257227575159599,0.462126832404813,0.168923672737153,0.565933407452962,0.0761771953561919,0.683363407573254
"fit_high_relevant","r_wid[w6355333,Intercept]",0.0641131058984887,0.148518150574382,-0.0323185009592842,0.162234874822534,-0.121795650932214,0.251852002753354,-0.237943113367349,0.358144982391153
"fit_high_relevant","r_wid[w7574933,Intercept]",0.005730371841478,0.164621313245999,-0.102711261054074,0.11228925309128,-0.202892085955263,0.220306360930671,-0.314497263300239,0.328630019281002
"fit_high_relevant","r_wid[w865d6ad,Intercept]",-0.403321547021734,0.157923623726324,-0.503649336727775,-0.296029926835191,-0.606816967223719,-0.206641614847994,-0.735605813965589,-0.112908272848954
"fit_high_relevant","r_wid[w882868f,Intercept]",-0.386490825405105,0.15791796890372,-0.493507817504855,-0.277430026025881,-0.588972483838144,-0.187792507331232,-0.706670448815389,-0.0810500783801097
"fit_high_relevant","r_wid[w8d04c13,Intercept]",-0.239901376439024,0.150360051618115,-0.337124774149158,-0.140525495058641,-0.432987938390836,-0.0492469063957685,-0.543413846993059,0.0522539876204708
"fit_high_relevant","r_wid[w973e0a4,Intercept]",-0.236786132648018,0.198372730680877,-0.36523480718612,-0.110189738255286,-0.492726425560942,0.0116919905697725,-0.618878371471455,0.161563137397017
"fit_high_relevant","r_wid[wa24f9fe,Intercept]",0.165063639261946,0.150528929704151,0.0647670581425989,0.263543237581774,-0.0243422382828505,0.363073241829196,-0.11957010851908,0.470032640539305
"fit_high_relevant","r_wid[wa620fe2,Intercept]",0.0339422972062638,0.14607138767596,-0.0628903257772102,0.129632218399154,-0.149156138397047,0.217953780979763,-0.250487728616413,0.32706030176853
"fit_high_relevant","r_wid[waf5ed76,Intercept]",-0.27629410758339,0.152878411088894,-0.374020011966063,-0.1760111741672,-0.476493369374476,-0.0859612283003617,-0.582002215375901,0.0162515949853184
"fit_high_relevant","r_wid[wb050285,Intercept]",-0.245181319937085,0.143169492275426,-0.3400372220272,-0.152186911039958,-0.426620116566241,-0.0675636989895271,-0.525261154677885,0.0473330237642319
"fit_high_relevant","r_wid[wbdee46f,Intercept]",-0.0483044383130153,0.14639682824665,-0.144218252503919,0.0506733775546777,-0.231194639352965,0.136907992372694,-0.3481512894746,0.231852252827495
"fit_high_relevant","r_wid[wbff56f6,Intercept]",0.0829313006804895,0.151326448937976,-0.0207801018706577,0.182545718833542,-0.112002828856762,0.276190387936845,-0.201531110929019,0.395387071087491
"fit_high_relevant","r_wid[wd1558cc,Intercept]",-0.190592930707015,0.149142290977199,-0.291737378764445,-0.0890308787940153,-0.382139923368571,-0.00188013032909148,-0.482617304052233,0.0969974762884559
"fit_high_relevant","r_wid[wd3b5cb5,Intercept]",0.361996132214544,0.19251605266265,0.231664370883728,0.483406557758949,0.123673699004555,0.609248087091346,-0.00677202801927628,0.760827470055735
"fit_high_relevant","r_wid[we820c40,Intercept]",-0.056318849039788,0.16921666376106,-0.168011721195237,0.0543848941117857,-0.270406392250655,0.155008293580014,-0.400349312177666,0.277171535002514
"fit_high_relevant","r_wid[wea26d76,Intercept]",0.551396643265384,0.170163115846427,0.43614062932377,0.655948868822806,0.337662616984336,0.773306957207711,0.228538231215281,0.901464060085712
"fit_high_relevant","r_wid[wea422b2,Intercept]",-0.0545831086942801,0.15035312442682,-0.154837613416216,0.0469059894878235,-0.247124891224729,0.139867586307709,-0.353271576711473,0.236225609684611
"fit_high_relevant","r_wid[wf9347d8,Intercept]",0.0978322471426712,0.146750246988769,-0.00162890138317762,0.196229188304927,-0.088749828687563,0.283140364929677,-0.178715000476632,0.392410731850549
"fit_high_relevant","r_wid[wf9d56e4,Intercept]",-0.397408667380189,0.151832005341384,-0.494776778465094,-0.29790872307703,-0.588832933304078,-0.208844615664063,-0.712722555282434,-0.107845826270204
"fit_high_relevant","r_wid[w017e3cd,recalled_n_images_with_option]",-0.000789793522292314,0.0168148247487224,-0.0071688597195799,0.00622451470618066,-0.0187088062632939,0.0164922932115702,-0.0392086992752381,0.0326819102054668
"fit_high_relevant","r_wid[w0c6daff,recalled_n_images_with_option]",-0.00436678313840581,0.0193454799120381,-0.0109349473156483,0.00401809664573122,-0.0266855456863544,0.0139935410428332,-0.0526767220318515,0.0310941698638082
"fit_high_relevant","r_wid[w15afaeb,recalled_n_images_with_option]",0.00350265563254627,0.0226726830134725,-0.00708998528615042,0.0119183560614553,-0.0205773803472305,0.0297152528480178,-0.0387536008957296,0.0569660527370839
"fit_high_relevant","r_wid[w1afb6bd,recalled_n_images_with_option]",-0.00253759076459376,0.0160261092446914,-0.00858419075136509,0.00421601071279397,-0.0213434792728911,0.0131480629973602,-0.0402196837719432,0.028774754489616
"fit_high_relevant","r_wid[w1efb25c,recalled_n_images_with_option]",0.000237516491872469,0.0159519245376651,-0.00592722057735273,0.00610510426840708,-0.0167014105739052,0.0165628381221073,-0.034592637901473,0.0358644020332479
"fit_high_relevant","r_wid[w28e335e,recalled_n_images_with_option]",0.000936700381236693,0.016286516205476,-0.00492880484586196,0.00655558574028897,-0.0153179514302412,0.0172434301333267,-0.0332251230377833,0.0391023101435303
"fit_high_relevant","r_wid[w2c5d7eb,recalled_n_images_with_option]",-0.00142660747120185,0.0156339798712649,-0.00666390069058259,0.00457245067565472,-0.0185993364689556,0.0138472034840573,-0.0379761277891377,0.029968206506615
"fit_high_relevant","r_wid[w38281a7,recalled_n_images_with_option]",0.00377855092155686,0.0164574167466599,-0.00363478499741978,0.00944807866486379,-0.011718453092745,0.0226110988885912,-0.0244041631202705,0.0449659609906224
"fit_high_relevant","r_wid[w417dedd,recalled_n_images_with_option]",-0.00038630879101866,0.0169561787985932,-0.00658607492249507,0.00583745626577209,-0.0186831854421688,0.0162979348012382,-0.0374477131429478,0.0377379395792277
"fit_high_relevant","r_wid[w472a3b0,recalled_n_images_with_option]",0.000248198563041126,0.0156939314103643,-0.00569646303360081,0.00609725352511444,-0.015804136420233,0.0170704026805604,-0.0340706326224795,0.0354687229080043
"fit_high_relevant","r_wid[w4810e3e,recalled_n_images_with_option]",0.00081993376019506,0.0183956925144988,-0.00686411442757285,0.00844502097311186,-0.0178042578159969,0.0213974580348456,-0.0388016935684496,0.0404892994664982
"fit_high_relevant","r_wid[w51d8142,recalled_n_images_with_option]",-0.000185571144896728,0.0158162415414348,-0.00600367858987544,0.00563139040728732,-0.0165026277786847,0.0164687209519234,-0.0331275475955816,0.0352620973919886
"fit_high_relevant","r_wid[w5624f17,recalled_n_images_with_option]",0.00251836602375826,0.0162853017648129,-0.00398395946343366,0.00792790079359435,-0.013609579376199,0.0201085124458482,-0.028963982251141,0.0413514233784717
"fit_high_relevant","r_wid[w567d945,recalled_n_images_with_option]",-0.000445970526474976,0.0182606501392072,-0.00749450860874542,0.00737211222581032,-0.0203928522253477,0.0194619995355511,-0.0422524055352103,0.0381170708184478
"fit_high_relevant","r_wid[w6355333,recalled_n_images_with_option]",0.00121972434620787,0.0149828996707071,-0.00456988969995827,0.00640370684986057,-0.0137077655048724,0.0174762553702015,-0.0299956992878164,0.0339211425869686
"fit_high_relevant","r_wid[w7574933,recalled_n_images_with_option]",-0.000446965770045304,0.0161959086728617,-0.00636755672734167,0.00552142914144679,-0.0175679676447217,0.0160433175098517,-0.0369422326110574,0.034235518807218
"fit_high_relevant","r_wid[w865d6ad,recalled_n_images_with_option]",0.00258922134116736,0.0202515812217713,-0.00631789669947981,0.0104845532019616,-0.0185857360544463,0.025114912113029,-0.0340345972147276,0.0490005899307758
"fit_high_relevant","r_wid[w882868f,recalled_n_images_with_option]",-0.00502830869436678,0.0191922549718614,-0.0128402517256888,0.00399285178720831,-0.0294886789798801,0.0140773855887944,-0.0495837737218134,0.0293211474231851
"fit_high_relevant","r_wid[w8d04c13,recalled_n_images_with_option]",0.000734717126489832,0.0175479257399079,-0.00596433470088374,0.00722876558662694,-0.0174384967423483,0.0200612633606185,-0.0355376053264081,0.0398674038819904
"fit_high_relevant","r_wid[w973e0a4,recalled_n_images_with_option]",-0.00389270309722846,0.0177751971994812,-0.0101412356813929,0.00407638559628368,-0.024673086676863,0.0132654757564999,-0.0477613228321293,0.0303151249605987
"fit_high_relevant","r_wid[wa24f9fe,recalled_n_images_with_option]",0.00140820583083213,0.0161575534454796,-0.00478783410970368,0.00728208768213437,-0.014392919181199,0.01885499181292,-0.0309846062309268,0.0379829848976508
"fit_high_relevant","r_wid[wa620fe2,recalled_n_images_with_option]",0.000363882662987115,0.0151889732318608,-0.00512015618777445,0.00561719852484747,-0.0146033169811849,0.0161009281537728,-0.0313543924583281,0.0336712146555774
"fit_high_relevant","r_wid[waf5ed76,recalled_n_images_with_option]",5.41211413761482e-05,0.0169004713750511,-0.00733025846859988,0.00670504424071498,-0.0191988364767529,0.0182211227031422,-0.034771779027886,0.0387281619800644
"fit_high_relevant","r_wid[wb050285,recalled_n_images_with_option]",-0.00429641029617328,0.0179220391065081,-0.0107365654704178,0.00382805948947105,-0.0258891631689241,0.0122714665545511,-0.0491040331626299,0.0281912107716266
"fit_high_relevant","r_wid[wbdee46f,recalled_n_images_with_option]",-0.00211978547187712,0.0156729379758358,-0.00705319939101804,0.00403517261061231,-0.0190176352045397,0.0130373012610778,-0.0383533151597853,0.0276040880652324
"fit_high_relevant","r_wid[wbff56f6,recalled_n_images_with_option]",-0.000291722071903098,0.0153275546400404,-0.00583591741735672,0.00567734472056311,-0.0161154188240263,0.0152946148958521,-0.0333922559651809,0.032287748147049
"fit_high_relevant","r_wid[wd1558cc,recalled_n_images_with_option]",0.00112222385943598,0.0172655496061333,-0.00584367881287434,0.00686256126767175,-0.0157836859195657,0.0196342498079592,-0.0350709811737405,0.0404071316666464
"fit_high_relevant","r_wid[wd3b5cb5,recalled_n_images_with_option]",0.00288911165059931,0.0187759361356663,-0.00520832866411109,0.0103915261822257,-0.0160876262952667,0.0247670852419529,-0.0346828415885366,0.0462855891458676
"fit_high_relevant","r_wid[we820c40,recalled_n_images_with_option]",-0.00190502975954401,0.0168275375447246,-0.00720277929816549,0.00471048239279773,-0.0198739249401666,0.0145372331343377,-0.0419674781288753,0.0310817569534837
"fit_high_relevant","r_wid[wea26d76,recalled_n_images_with_option]",0.00282752655509742,0.0216184210320586,-0.00705156785507444,0.0126098802463206,-0.0202037793102279,0.0288894972139149,-0.0420404849112149,0.0511458014528584
"fit_high_relevant","r_wid[wea422b2,recalled_n_images_with_option]",0.00359618532314507,0.017436467023163,-0.00370936024066801,0.00845279476153949,-0.0118940566031783,0.0223435591610339,-0.0273493875656428,0.0479070169732426
"fit_high_relevant","r_wid[wf9347d8,recalled_n_images_with_option]",-0.00052620383945681,0.0160775205481037,-0.00593932687354474,0.0053369910339201,-0.0169354753237626,0.0155343994747684,-0.0363372249249529,0.0339631722602827
"fit_high_relevant","r_wid[wf9d56e4,recalled_n_images_with_option]",-0.00321573824389149,0.0194186092221663,-0.010895188181541,0.00538585269227053,-0.0262311665268953,0.0171156071604199,-0.049855197019573,0.035530216459967
"fit_high_relevant","lprior",-10.4228452236414,0.00530938689947778,-10.4260099052492,-10.4192179161256,-10.4295899940642,-10.4165071413483,-10.4346876804152,-10.413581437855
"fit_high_relevant","lp__",-8569.09756554808,7.39724264856376,-8573.93434636736,-8564.16660187999,-8578.67171132609,-8559.90867182039,-8584.93713301709,-8555.43665388239
