"model","parameter","estimate","error","ci_50_lower","ci_50_upper","ci_80_lower","ci_80_upper","ci_95_lower","ci_95_upper"
"rel_only","b_Intercept",7.8370424638907,0.0285925082664018,7.81761584501567,7.8560276842274,7.80013811041499,7.87372803573138,7.78029815494414,7.89260785048624
"rel_only","b_n_remembered_shown",-0.0185055740651588,0.0111864501257306,-0.0261519560707489,-0.010882714108534,-0.0330048446574598,-0.00418066051281744,-0.0401907180494781,0.00316047978885518
"rel_only","b_exp_versionexp_c1",0.0354413410543853,0.0389290595520434,0.00905346903986754,0.0621931438014347,-0.0153044354560291,0.0841791189993992,-0.0409941263675063,0.111218897138794
"rel_only","b_exp_versionexp_c2",0.0245310657107527,0.0454878766810145,-0.00646427815543099,0.0556176117401719,-0.0328614166888836,0.0834391796581911,-0.0640755852374945,0.112984822900046
"rel_only","b_nback_performance_z",0.0913366823235534,0.0220264768301172,0.0763622031530253,0.106460483320537,0.0634841049144092,0.11901092921497,0.0475836107203393,0.134033656403477
"rel_only","b_n_remembered_shown:exp_versionexp_c1",-0.0350134049867065,0.0141170323765648,-0.0445157465753943,-0.0257328382366499,-0.0529352895739569,-0.0165839562192823,-0.0621081706573018,-0.00640556506402344
"rel_only","b_n_remembered_shown:exp_versionexp_c2",0.00936428545779755,0.0186609275683871,-0.00373983278840535,0.0222902905146764,-0.014715344309069,0.0332611042840189,-0.0263868212456066,0.0462445795057795
"rel_only","sd_wid__Intercept",0.304771896773217,0.0214561589260756,0.290274120038322,0.318418857506624,0.277868340851376,0.332824283763518,0.264799606724139,0.348372103034752
"rel_only","sd_wid__n_remembered_shown",0.0169257578770295,0.0128585779751485,0.00655195497157276,0.0249268164904718,0.00266634482545431,0.035581743605343,0.000742026286868381,0.0470698067374881
"rel_only","cor_wid__Intercept__n_remembered_shown",-0.244727145183226,0.471441311796815,-0.60474475833032,0.0480855881806854,-0.823288099958084,0.448386751003309,-0.958277704741643,0.830716293606615
"rel_only","sigma",0.550807579959039,0.00593554447097925,0.546732528862486,0.554883478593243,0.543338658166974,0.558486097669898,0.539367442895808,0.562482523479567
"rel_only","ndt",0.247191118315663,0.244768841535811,0.0754496087344023,0.340689143827864,0.0297386661906081,0.544689982162628,0.00645055091454912,0.927601889540663
"rel_only","Intercept",7.80344970880798,0.0232312660231986,7.78818993684541,7.81841597814665,7.77329003779085,7.83293564348561,7.75660295274688,7.84912317837335
"rel_only","r_wid[w001d343,Intercept]",0.0198097083421373,0.110172549935448,-0.054511754408587,0.0958804153998002,-0.119520146569566,0.164465177135722,-0.19876929121898,0.23811651445721
"rel_only","r_wid[w03114c0,Intercept]",-0.252583798308963,0.10622999341974,-0.324336271543856,-0.179375662642305,-0.385913919611685,-0.117156924808257,-0.460881876432132,-0.0464373770682709
"rel_only","r_wid[w04c1659,Intercept]",0.198820139866284,0.143277705075994,0.10563675147481,0.296358309925545,0.0139810089602624,0.377790406812558,-0.0897487094200341,0.487785871891688
"rel_only","r_wid[w063688a,Intercept]",0.32621373804797,0.113682791944539,0.250206937400632,0.400774292135619,0.184264623431651,0.470917735412382,0.104455885930032,0.553887098711304
"rel_only","r_wid[w06866f0,Intercept]",0.122553516545165,0.109414794826687,0.0491085881044966,0.193851716713,-0.0159545139607738,0.262794440309225,-0.0891878477190169,0.346874519106088
"rel_only","r_wid[w0a27d42,Intercept]",0.05216092156029,0.109294630509557,-0.0206695707575072,0.126084627713831,-0.0874822883777401,0.192281690630333,-0.162339974927692,0.261343118701807
"rel_only","r_wid[w0a90f7a,Intercept]",0.000785448648870714,0.146309408351088,-0.0967519540973575,0.0985883317659503,-0.182648365817829,0.189746012983737,-0.287951966982217,0.279433851240302
"rel_only","r_wid[w0ae94e6,Intercept]",0.432414599643416,0.11671772296084,0.349545429487631,0.511422447013393,0.287041658785218,0.58096878117925,0.210397886285964,0.666493070632438
"rel_only","r_wid[w0b2b304,Intercept]",0.0810673464954671,0.111154467766448,0.00807224299878483,0.154607496797271,-0.0618195075750663,0.226157990676997,-0.139305195827759,0.299864412151441
"rel_only","r_wid[w0bdd7c4,Intercept]",-0.138756151038134,0.109015299039528,-0.209772870539,-0.0649996906929695,-0.279733546802337,-0.000268602170554387,-0.350588261169695,0.0762226663057639
"rel_only","r_wid[w0e7fb0a,Intercept]",-0.24473034642095,0.105256999279928,-0.315670679886437,-0.174239110930732,-0.378668422073061,-0.111187884811797,-0.454738180108532,-0.0392198636884818
"rel_only","r_wid[w0fc6501,Intercept]",-0.19497965667215,0.11475234482739,-0.272196925066313,-0.117633660465653,-0.340066284280108,-0.0480277359652089,-0.416360295553891,0.0327772552272514
"rel_only","r_wid[w107fce5,Intercept]",-0.872414719347128,0.115991056198356,-0.949598834074326,-0.792781504144512,-1.01797288696171,-0.720151906366974,-1.09783165902207,-0.645483593414314
"rel_only","r_wid[w108c7bf,Intercept]",-0.303060308260924,0.113970984143435,-0.377028054191057,-0.226870040554773,-0.449985461728608,-0.161889364523255,-0.539986821729846,-0.0820173162271741
"rel_only","r_wid[w13816ba,Intercept]",0.311135133852467,0.143673211913768,0.209623948998955,0.408366647340834,0.129647570344057,0.499676779714302,0.0346414862017701,0.594381224034638
"rel_only","r_wid[w18042a7,Intercept]",-0.0646255171801411,0.1187797770078,-0.144182069201587,0.014928653005489,-0.215295766008232,0.0884157727957489,-0.296994313110645,0.172909760677455
"rel_only","r_wid[w192a97f,Intercept]",-0.0913819110939441,0.142319210042355,-0.184479073345221,0.00333368560384353,-0.276831999936844,0.0891270987726047,-0.376641812419604,0.180685573773503
"rel_only","r_wid[w1ad74ca,Intercept]",0.20652385162215,0.147515199902122,0.108311189923873,0.30459680565899,0.0181859800295751,0.399591159556675,-0.0780188858337447,0.497371014556721
"rel_only","r_wid[w21be7c0,Intercept]",-0.275459500830113,0.123752845164534,-0.3565127395337,-0.192144316518912,-0.440732330425384,-0.117906884742989,-0.518368783666218,-0.0306155755525923
"rel_only","r_wid[w2329c2e,Intercept]",0.231295928754128,0.110813513536637,0.155523083518816,0.305571291850611,0.0913533329163917,0.372760290627423,0.0154994005787777,0.448825911172664
"rel_only","r_wid[w24cc88c,Intercept]",0.548386584633616,0.1146319200933,0.471604489988284,0.623882431029704,0.402292360384445,0.695014607800675,0.332548973115034,0.779472174719568
"rel_only","r_wid[w27e5a42,Intercept]",0.184025568798021,0.108815838534095,0.112775728797785,0.257977529312563,0.0465359290022832,0.324042550225939,-0.0252827641302778,0.401703486406609
"rel_only","r_wid[w28f36aa,Intercept]",0.198736599182923,0.116225568649057,0.120540052210542,0.277168020430536,0.0491232855721282,0.346662904358623,-0.028053897557086,0.422134874971919
"rel_only","r_wid[w29215b1,Intercept]",0.409717634201734,0.150853684632089,0.308568623212877,0.509597338937111,0.21799831304308,0.607438037113784,0.109930990079446,0.701143334012101
"rel_only","r_wid[w2b37aae,Intercept]",0.0602340877342455,0.105016053522804,-0.00798658269548364,0.132989728479483,-0.0746204582425881,0.194398966954798,-0.148152172458013,0.25847556410556
"rel_only","r_wid[w2b4a70d,Intercept]",0.0745346468996007,0.110422689277979,0.000601456373728682,0.14896442225987,-0.0663709736024375,0.217224821532637,-0.143695876315804,0.291644437835453
"rel_only","r_wid[w2b9a138,Intercept]",-0.189349380556699,0.140650272344083,-0.282615756879909,-0.0947824774628365,-0.367961260759752,-0.00893395556844529,-0.471644810746361,0.0867531956728412
"rel_only","r_wid[w2d4c98d,Intercept]",0.448977000046349,0.149064396071099,0.345083118949568,0.546490405836278,0.258589755942184,0.640390501168106,0.167486992205888,0.747715734482795
"rel_only","r_wid[w2d80146,Intercept]",0.0555685687340379,0.105942785934371,-0.0132956502667315,0.124939844267611,-0.0847335034907375,0.189543049106299,-0.155996480078309,0.263886473550198
"rel_only","r_wid[w2e6acfb,Intercept]",-0.0822113355079213,0.109476470975902,-0.159431295578392,-0.00766071401659577,-0.220776826297437,0.0578553093511679,-0.2877854731912,0.131051884242425
"rel_only","r_wid[w2f45fb6,Intercept]",0.35855594302116,0.151966711100859,0.25872054384529,0.458881242950258,0.163720045855564,0.556401550750482,0.0608181333783554,0.654623430201019
"rel_only","r_wid[w2fdc513,Intercept]",0.0718640201602006,0.141261916652674,-0.0214085281250695,0.165361028109379,-0.111623968837559,0.253772287741709,-0.207655847017929,0.347561285643214
"rel_only","r_wid[w30bb20e,Intercept]",0.223810165701715,0.109996698403808,0.149959240773489,0.297461271137651,0.0853619759907045,0.367780384569868,0.0120139716481486,0.438708050067509
"rel_only","r_wid[w31415e8,Intercept]",0.253536024918684,0.11617842255751,0.177148459430497,0.331394834151873,0.104402242948031,0.40186522796714,0.0280339006543727,0.477958499582938
"rel_only","r_wid[w31bcaa3,Intercept]",-0.137343929110916,0.110019802410907,-0.211665361524902,-0.0641174787495348,-0.276759712773624,0.00565665858881195,-0.35210381791933,0.0771410107887987
"rel_only","r_wid[w37d3a90,Intercept]",0.571626227363066,0.119109603773982,0.490291768336993,0.650232227346627,0.419280171477192,0.728311057018577,0.347181191887405,0.811232415123283
"rel_only","r_wid[w3870b92,Intercept]",-0.0304027375192742,0.105445937644863,-0.100690354311256,0.0396433013197605,-0.164756772394479,0.102626240250036,-0.233154406844355,0.180325344034507
"rel_only","r_wid[w3946928,Intercept]",-0.0598685727285371,0.142121102528121,-0.157512070331802,0.0390525558820616,-0.240787438433935,0.119549749686825,-0.343166153626586,0.210788136455452
"rel_only","r_wid[w39cea38,Intercept]",-0.293479304379316,0.11277947359646,-0.367540967006915,-0.218373224076497,-0.435437062530009,-0.148810906100141,-0.519898604826915,-0.073676131883637
"rel_only","r_wid[w4077e51,Intercept]",-0.0821807980671119,0.111104926588829,-0.155787112611221,-0.00769667389104649,-0.222586408068922,0.060655442549336,-0.304051511153737,0.132063092183266
"rel_only","r_wid[w4140fe6,Intercept]",-0.214498678880745,0.108777615260077,-0.287112022591914,-0.140216329760633,-0.356831340551801,-0.0760055652719649,-0.429995646143089,-0.00138889083093995
"rel_only","r_wid[w4160090,Intercept]",0.0430006268382356,0.10744309968907,-0.0296085563884674,0.114083666535985,-0.0926773451044718,0.184203647424606,-0.159038457736702,0.262970054529845
"rel_only","r_wid[w430272a,Intercept]",-0.28516055908874,0.108938615878215,-0.355274247268395,-0.214435740967999,-0.422419777970997,-0.148372476177358,-0.50214072077901,-0.0714726024370278
"rel_only","r_wid[w44a1a9f,Intercept]",-0.217580390697665,0.124232684328682,-0.299992591338111,-0.136348527811707,-0.376596847836836,-0.0604082839035461,-0.46476694394918,0.0291501232013135
"rel_only","r_wid[w44b0e2d,Intercept]",0.0915619470160435,0.121835717216867,0.00931318228846077,0.171567543492697,-0.0641486062771724,0.248792163894312,-0.142559298713142,0.331664313677371
"rel_only","r_wid[w45af4af,Intercept]",0.0245367404657809,0.110650759962382,-0.0497028373469948,0.0998867753638867,-0.116299380887265,0.164296067493808,-0.19502327403219,0.242824367094678
"rel_only","r_wid[w47f6859,Intercept]",-0.0788888046517506,0.134411857273833,-0.167243966880503,0.0132216736673105,-0.253347318731548,0.0909630585408369,-0.347199953986698,0.177754701236547
"rel_only","r_wid[w488be27,Intercept]",0.147743654278769,0.139878551853387,0.054885990074743,0.239841725414971,-0.0342640991167181,0.329337285768401,-0.123334248710442,0.427445674220766
"rel_only","r_wid[w496515d,Intercept]",-0.126806242528507,0.109022056205635,-0.201246813749989,-0.0543094348485523,-0.268053486419721,0.0114951636927589,-0.334230903219901,0.0846326919057097
"rel_only","r_wid[w497e696,Intercept]",0.261802284341237,0.112873620000769,0.189007082094333,0.338392312852778,0.118034146317253,0.403410160554693,0.0246116190636411,0.483452966680386
"rel_only","r_wid[w4a643e0,Intercept]",-0.517257190953222,0.145635547280341,-0.617995559779732,-0.418077689107018,-0.702497093989488,-0.330431382172845,-0.802986261711988,-0.234793142759499
"rel_only","r_wid[w4b34871,Intercept]",-0.0733627929940346,0.146407765911423,-0.171032127854507,0.0241492963296499,-0.260518681244352,0.108159480131465,-0.359949279359566,0.209946198309606
"rel_only","r_wid[w4bdc2df,Intercept]",-0.0744923757815722,0.139083179140446,-0.166660885000015,0.0185125580582751,-0.254171311385057,0.100278900552926,-0.347971600390389,0.199973192225608
"rel_only","r_wid[w4e902e8,Intercept]",-0.0175691661190705,0.110318330837756,-0.0906615260588159,0.0575529516698531,-0.16025635898092,0.123022959949068,-0.234539900257372,0.198024300782628
"rel_only","r_wid[w4e997cb,Intercept]",0.150797069200503,0.109046107826418,0.0794323928517088,0.225668185729285,0.00900750616880448,0.288077517906394,-0.0651732071019389,0.351641838005626
"rel_only","r_wid[w4ebac4c,Intercept]",0.0676833222999884,0.107611669053053,-0.00442914388215933,0.141503159770006,-0.0663854443075174,0.206732156694976,-0.145123237742326,0.278035714206324
"rel_only","r_wid[w4f4cbdd,Intercept]",-0.0630593198457452,0.137407962951879,-0.159076613421262,0.0281297226044831,-0.241848502815994,0.115710639105045,-0.326295320708394,0.204895551933136
"rel_only","r_wid[w502a382,Intercept]",-0.73293081453341,0.13926200837708,-0.831839569598436,-0.634528219916646,-0.912227619545621,-0.547019818763537,-0.996703070485269,-0.468444591709995
"rel_only","r_wid[w52f1872,Intercept]",0.0184577656124271,0.119141276191378,-0.0614661774605882,0.10026151581323,-0.136706067905167,0.169909475308815,-0.215811829366622,0.250100290329436
"rel_only","r_wid[w5305891,Intercept]",0.177517880493896,0.108245198116113,0.105247486947072,0.251571848466059,0.0420882706301894,0.317518678937139,-0.0412556401578497,0.393516264469336
"rel_only","r_wid[w5317a1b,Intercept]",-0.230811563605178,0.144270983692196,-0.329041471725612,-0.135731614889042,-0.417430206293269,-0.0421368820631114,-0.514524382204412,0.0555260870526497
"rel_only","r_wid[w55e643e,Intercept]",-0.206808593310558,0.185216523768998,-0.332993635315168,-0.0809351694632077,-0.445551309122119,0.0346782800120174,-0.564247409335621,0.155310080312024
"rel_only","r_wid[w58111ca,Intercept]",-0.338416694627935,0.107839649722301,-0.411615407273371,-0.265599220020908,-0.479637158085675,-0.201325045742816,-0.549360944831852,-0.127940270519829
"rel_only","r_wid[w58ddb10,Intercept]",0.101052859504446,0.113464955634757,0.0218681702818622,0.179610406984376,-0.0427157088117194,0.246521488257692,-0.120227041350078,0.319647926733939
"rel_only","r_wid[w5bee286,Intercept]",-0.457009190673933,0.110751138640547,-0.530407078427251,-0.383662341251138,-0.593205324986922,-0.315633933366484,-0.680184157895215,-0.237646441592602
"rel_only","r_wid[w5e13b84,Intercept]",-0.287253091728174,0.103466355513176,-0.358082331075263,-0.21816249377687,-0.418962965182863,-0.156480658643714,-0.489025094862002,-0.0829675882824785
"rel_only","r_wid[w5ef243f,Intercept]",-0.0220382070176134,0.143178140890819,-0.118069853777885,0.072806052284017,-0.204323134085883,0.161894745223809,-0.298556028137124,0.262916491626783
"rel_only","r_wid[w5fb2730,Intercept]",0.134201490338503,0.175184622374453,0.0157441264896354,0.248666368577829,-0.0870858088827275,0.354472606955254,-0.2021512768085,0.481334478401002
"rel_only","r_wid[w6079012,Intercept]",0.105993223247459,0.111751672743603,0.0301718272249441,0.181598762679401,-0.0382776409648849,0.248883284432749,-0.106278800369706,0.321801409469756
"rel_only","r_wid[w608e33c,Intercept]",0.174477868661525,0.14546000428453,0.0748517847834455,0.272265266514643,-0.00387854105255363,0.364022889353078,-0.113272560476563,0.454630040467295
"rel_only","r_wid[w60e592a,Intercept]",-0.268540709706713,0.108056144107632,-0.34063990357304,-0.195922497256667,-0.4090724243478,-0.128035957455169,-0.479239871514554,-0.0581269306893191
"rel_only","r_wid[w62f57a5,Intercept]",-0.0498151954044396,0.112764518579205,-0.125217525682158,0.0255993666461448,-0.193353920185509,0.0946714509373257,-0.276320369198937,0.167011981697146
"rel_only","r_wid[w65ae27b,Intercept]",-0.491881962406966,0.106273978033067,-0.562156997925935,-0.421101459727199,-0.629337602485255,-0.35419467207473,-0.702438516696344,-0.288259162313033
"rel_only","r_wid[w65ed633,Intercept]",0.347077559810901,0.148102640252088,0.249660077874733,0.444027923245841,0.157776980735107,0.539200945860374,0.0588569962376106,0.637068734980631
"rel_only","r_wid[w67efce7,Intercept]",0.0648820181018136,0.113077663013257,-0.0118331158534735,0.13907935914413,-0.0809599390945329,0.211674689978569,-0.154310002248379,0.288789188044805
"rel_only","r_wid[w6b34a8b,Intercept]",-0.642826434951782,0.14589962790243,-0.738857245365555,-0.546524640046342,-0.829149431527652,-0.459208214484886,-0.935006678465662,-0.360794880684612
"rel_only","r_wid[w6c5aa72,Intercept]",0.171199736776207,0.169357834752367,0.0607815284161952,0.2843867375609,-0.0488288749815927,0.392056800616277,-0.162880618011723,0.502672958672407
"rel_only","r_wid[w6e46ddf,Intercept]",-0.415218888392587,0.110198179883353,-0.488569544950886,-0.343070618070534,-0.557234756423329,-0.273933000255791,-0.634721452847908,-0.200994419911178
"rel_only","r_wid[w6ebaea9,Intercept]",0.267882335009856,0.11566633068528,0.190557715362154,0.346285119947351,0.120901108952171,0.414190715032765,0.036162359781598,0.493066202448853
"rel_only","r_wid[w6fe5d47,Intercept]",-0.306820896010115,0.112342835537795,-0.381990702062364,-0.231454943575463,-0.450178255902788,-0.160635037283609,-0.525701540763301,-0.0873230444094189
"rel_only","r_wid[w715d917,Intercept]",-0.0908003780244346,0.107319756985251,-0.16382689720874,-0.0170257094000239,-0.229677788123079,0.0474683342438579,-0.298850244320093,0.114020931596636
"rel_only","r_wid[w720e820,Intercept]",-0.453739313253797,0.115979409193357,-0.530386966729379,-0.37713916660046,-0.600328981716769,-0.305633929580312,-0.677895347066793,-0.223641774835933
"rel_only","r_wid[w7606987,Intercept]",-0.243112399540759,0.107833877391121,-0.315242792268022,-0.171577607849897,-0.37915979724253,-0.101336355879956,-0.460422285991666,-0.0301109842417279
"rel_only","r_wid[w7978f92,Intercept]",0.217461426763686,0.112192287421745,0.14083134032265,0.292723810169708,0.0728237579419663,0.362505763963608,-0.00205775649190401,0.436522249495103
"rel_only","r_wid[w797a1e5,Intercept]",0.304239327213268,0.153050982598276,0.201485823631446,0.405961726591957,0.105012995280374,0.502392691529171,0.00979203341762961,0.60463523482224
"rel_only","r_wid[w7a04fdc,Intercept]",-0.821854288103271,0.132366474356477,-0.912030870098841,-0.731841625533076,-0.991397001127695,-0.650529642245229,-1.07804440430387,-0.566574067620611
"rel_only","r_wid[w7c1d29f,Intercept]",0.201234020984443,0.144932180694657,0.104965433002987,0.297889761748468,0.0175354333575547,0.38631740247598,-0.0806349207107169,0.48599935994858
"rel_only","r_wid[w7cfc37e,Intercept]",0.11934109033814,0.156862775722302,0.0147911775355427,0.226358222810898,-0.0832311433309271,0.317678244070797,-0.191880685786405,0.425904783718423
"rel_only","r_wid[w7e41e95,Intercept]",-0.157688540792421,0.109639571809059,-0.23147992791629,-0.0840658788043272,-0.296958732763038,-0.0184013168358149,-0.381087558396962,0.0537135644108796
"rel_only","r_wid[w80189d3,Intercept]",-0.513018167393797,0.113010785759615,-0.587799672372943,-0.436535610184689,-0.658587768555954,-0.367621158308519,-0.741412150633853,-0.294884305826592
"rel_only","r_wid[w8146fb9,Intercept]",0.0943730227371388,0.112207374856684,0.0206323272834825,0.166858018075942,-0.0429635481521045,0.237505102478891,-0.122888916849025,0.323651451628777
"rel_only","r_wid[w84e06f3,Intercept]",0.424171490846369,0.122616019640907,0.343040505979256,0.504140977438086,0.269293517578593,0.579953233814565,0.183137613870913,0.666666410488399
"rel_only","r_wid[w8937d22,Intercept]",0.0501696985865252,0.105439804257296,-0.0220983210948764,0.121057489207478,-0.0859987306340206,0.187414371469237,-0.158651644302924,0.256483111631979
"rel_only","r_wid[w8ad52eb,Intercept]",0.298346210254212,0.14679629440235,0.201255053230576,0.397612294711665,0.112242481197916,0.486228954717974,0.010183894108224,0.584473905001707
"rel_only","r_wid[w8bc33f5,Intercept]",-0.111278148615843,0.122444767905762,-0.189817437076326,-0.0275834549331882,-0.271001304375047,0.0442404312286995,-0.346813132362893,0.128797864565327
"rel_only","r_wid[w8d56791,Intercept]",-0.196629117017807,0.146366626753249,-0.294985700296814,-0.100327741046888,-0.38624955628646,-0.0104511432918998,-0.488817630460055,0.0926231499522662
"rel_only","r_wid[w8e2568d,Intercept]",0.152678446546214,0.147017336365444,0.0541834739123526,0.2526842586388,-0.0322415376647316,0.336082374644499,-0.134297405836388,0.451058136915808
"rel_only","r_wid[w8e5f535,Intercept]",0.276776813322739,0.115787819495901,0.195678989321993,0.358106292277233,0.126844902539913,0.426129497429124,0.0592060037606035,0.50226296928647
"rel_only","r_wid[w8eb1000,Intercept]",0.537933309720122,0.113239743429421,0.459517204864202,0.616294460332681,0.392873215773335,0.684562300446668,0.317006969924261,0.759777794920007
"rel_only","r_wid[w8f37d35,Intercept]",-0.133031925950036,0.104191041512165,-0.202235225195025,-0.0626972858933869,-0.267420561064375,-0.00086160273884709,-0.338913866447976,0.0743126531741282
"rel_only","r_wid[w8f47681,Intercept]",-0.164134133737693,0.141738942645377,-0.261231183217211,-0.0674650226424493,-0.350232028052478,0.0140653395156173,-0.442091040308933,0.11567098540482
"rel_only","r_wid[w8f710ed,Intercept]",-0.0179795537637268,0.113611428170216,-0.0948763895861457,0.0568355208835649,-0.163867180636393,0.129879063057145,-0.237439674953754,0.206696018334008
"rel_only","r_wid[w91e953e,Intercept]",0.158657486346942,0.137678231523723,0.069476746133084,0.251090174153081,-0.0187337355353255,0.33304116531036,-0.118499296362869,0.429631789162662
"rel_only","r_wid[w93de42b,Intercept]",0.348057850224322,0.117405298145652,0.267355574633764,0.42695833313243,0.199240681961611,0.49874334095154,0.118345135740963,0.577319682122153
"rel_only","r_wid[w950a999,Intercept]",-0.120326403322273,0.142610695451412,-0.215761029364412,-0.0256595845614791,-0.299240845009647,0.0585213592841328,-0.399031098855946,0.166810691167521
"rel_only","r_wid[w95f2351,Intercept]",0.308296866231325,0.113730716874492,0.232179047795295,0.384012569126276,0.165023484187048,0.452789817418182,0.0892246433913713,0.537373831640137
"rel_only","r_wid[w967bd55,Intercept]",-0.07565463686584,0.109819096530547,-0.148299311517071,-0.00555404613325851,-0.216936022706187,0.0637585887700922,-0.297176907725263,0.14145311111989
"rel_only","r_wid[w970a2f0,Intercept]",-0.128219200934547,0.134726177227542,-0.22142812186781,-0.0373360639455607,-0.299296366005541,0.0458106272847723,-0.397636896015983,0.137436734744172
"rel_only","r_wid[w973f72a,Intercept]",-0.0405827842758749,0.141337635319525,-0.135156182348374,0.0535650632471507,-0.219146620126352,0.137404654302095,-0.322778633765584,0.241680744084036
"rel_only","r_wid[w977f12b,Intercept]",0.443050824021872,0.112052394134317,0.366768079803621,0.518452505904378,0.303462411688749,0.589918723450697,0.225761650492006,0.663710133656556
"rel_only","r_wid[w993543c,Intercept]",0.0645832960944883,0.115172288280825,-0.0103096871882254,0.139312757252328,-0.0830717830089524,0.211078222321258,-0.158203021458015,0.292430161482021
"rel_only","r_wid[w9a48bb6,Intercept]",0.15358485785221,0.112202543087732,0.0803348359218171,0.231682590732066,0.00823592546388006,0.298661290588149,-0.0721832293285717,0.368671897323743
"rel_only","r_wid[w9be1ae9,Intercept]",-0.482423411441652,0.111262005595465,-0.555727612423543,-0.409265336725822,-0.625938859761622,-0.343413083402099,-0.697565041409746,-0.264549736120861
"rel_only","r_wid[w9d4c48d,Intercept]",0.0228589797279098,0.112619166650929,-0.0515967203370307,0.0974253237976831,-0.119762381143376,0.166363935556254,-0.195027325607593,0.252341962153836
"rel_only","r_wid[w9f6c077,Intercept]",-0.124285416961495,0.139229596410795,-0.219591299323818,-0.0291148347773085,-0.30496308756691,0.0513141897509731,-0.396716617891571,0.148039353490531
"rel_only","r_wid[wa0cc687,Intercept]",-0.267612774624599,0.113753387452714,-0.343298701119916,-0.189462793602027,-0.411448652970548,-0.122033688976179,-0.493258073300122,-0.0479917455199078
"rel_only","r_wid[wa13a069,Intercept]",0.246917145581828,0.115224394341368,0.168753831630474,0.325026904262986,0.0994872602019464,0.392132131094594,0.0233686177546857,0.474324897011786
"rel_only","r_wid[wa36b055,Intercept]",-0.372206482840026,0.113512965107288,-0.451126134443175,-0.295785068574898,-0.518918852546452,-0.227454680236578,-0.588793476595219,-0.150688480314019
"rel_only","r_wid[wa577349,Intercept]",0.0659708544180827,0.111264920330869,-0.00733688638754877,0.138686967548787,-0.0751923646361127,0.209394829760368,-0.156798727329613,0.278214534521577
"rel_only","r_wid[wa797b6a,Intercept]",-0.258621239616082,0.151928364994381,-0.357104766295374,-0.157252836310876,-0.457047868913868,-0.0677216185932807,-0.563162208698897,0.0359642980469613
"rel_only","r_wid[wa88aaed,Intercept]",-0.00204446476575374,0.113386683436824,-0.0782547752381829,0.0718165758382583,-0.1484342684604,0.143867536211331,-0.222826072059756,0.219447945196165
"rel_only","r_wid[wa90a378,Intercept]",-0.289056802045394,0.122494195753939,-0.363608676709045,-0.209161344784568,-0.449615023023208,-0.135355866882933,-0.541656844722609,-0.0598195220138377
"rel_only","r_wid[wa913679,Intercept]",0.0511842470034379,0.104937632605233,-0.0207359245118985,0.122723263858689,-0.082653519571777,0.18882968910543,-0.152938861413653,0.257204493917523
"rel_only","r_wid[waa6a3c8,Intercept]",0.150135671287763,0.111653116571047,0.0732699262943196,0.225535189137615,0.00525110640288487,0.291991181376381,-0.0651368846549484,0.368117950946135
"rel_only","r_wid[wab2e8f4,Intercept]",-0.0971663755319545,0.139048916840576,-0.192734550258057,-0.00137242879144979,-0.278558166863757,0.081743353772779,-0.368830080070049,0.165192860218273
"rel_only","r_wid[wada012d,Intercept]",-0.336073428296779,0.111420326685404,-0.409751292911052,-0.259287728619845,-0.480305663649187,-0.196888560379551,-0.553871948391239,-0.12340122199314
"rel_only","r_wid[wae959a9,Intercept]",-0.750673349226029,0.137792478047255,-0.843066441754582,-0.658276334695667,-0.922399933958507,-0.57556543941244,-1.02333675541269,-0.481762699447789
"rel_only","r_wid[wb0ecf0b,Intercept]",-0.487859209922738,0.113440007459959,-0.564738157860917,-0.411508759955391,-0.631346976368013,-0.344576540904253,-0.708100614927536,-0.266424820207737
"rel_only","r_wid[wb14e228,Intercept]",0.332661505847025,0.114578875620702,0.25709289286801,0.408934222305987,0.187399657008668,0.476994965559734,0.099747590084078,0.56118216230479
"rel_only","r_wid[wb2e2d84,Intercept]",-0.183128262602169,0.107126446653208,-0.254413257345248,-0.109885018839591,-0.321267700470565,-0.0454494069660526,-0.395820782938173,0.0203895958917437
"rel_only","r_wid[wb51887d,Intercept]",-0.0928855840090502,0.120151072868348,-0.171777305618672,-0.0124042620713404,-0.247893762122027,0.0630616914158871,-0.329628370817881,0.134158855841418
"rel_only","r_wid[wb71ae9a,Intercept]",-0.392067049191928,0.115500818072228,-0.466929486992385,-0.313413684583395,-0.543180942991936,-0.24387865913915,-0.620716692358891,-0.171214428617523
"rel_only","r_wid[wb900a5f,Intercept]",-0.499842425615762,0.112789827760159,-0.573476479991006,-0.427309085353059,-0.644840876973251,-0.355758049155959,-0.720523081254222,-0.268318523883853
"rel_only","r_wid[wb90ffa2,Intercept]",-0.00628759394788385,0.109682280826095,-0.0802132768713745,0.0671320905606303,-0.145468395950705,0.133874398026083,-0.227684495998584,0.20856804313589
"rel_only","r_wid[wbaa44ea,Intercept]",0.200389220054299,0.110485859586403,0.125019538540469,0.277215365600356,0.0561266100980637,0.340219550940289,-0.00946959999469382,0.410638555005775
"rel_only","r_wid[wbb70a68,Intercept]",0.199463091966682,0.104565180116755,0.130699738014018,0.26927227670988,0.0622140350363567,0.329264956604155,-0.0085213658684827,0.405278191856473
"rel_only","r_wid[wbc9e827,Intercept]",-0.41745926181239,0.116041942120604,-0.497117622193741,-0.337785051786993,-0.56456123961873,-0.26760365005978,-0.643010980324933,-0.193674649425496
"rel_only","r_wid[wbcfaf6a,Intercept]",0.190842761279494,0.104519496795272,0.121139527448488,0.262049014638269,0.0608285243923699,0.326804307286796,-0.0150250317735165,0.398914061721971
"rel_only","r_wid[wbd60b70,Intercept]",0.280194339427291,0.110213130812189,0.20848373885728,0.35343778173744,0.138931787670876,0.421790161679635,0.0648797570752066,0.496089209623579
"rel_only","r_wid[wbe3571b,Intercept]",0.10885774397465,0.114612600629589,0.032882737601198,0.18648690219261,-0.0383158794058293,0.254096715190658,-0.119584073767102,0.328421104398075
"rel_only","r_wid[wbf6ee18,Intercept]",-0.0658719816385446,0.116480928487703,-0.143270927743229,0.0147616797230217,-0.215257313197926,0.0827252480169874,-0.296829845312443,0.15767519767386
"rel_only","r_wid[wc04c93a,Intercept]",0.31825957472461,0.113212049070081,0.243955660299734,0.388102016141305,0.173081359615373,0.463724550321651,0.0975532084326853,0.541715833084432
"rel_only","r_wid[wc471696,Intercept]",0.730306178483677,0.127756915637981,0.644713628333946,0.813704536870356,0.567332055391647,0.895815974663913,0.48665933398982,0.994892531847803
"rel_only","r_wid[wc5adc9d,Intercept]",0.261030546349861,0.115539203201301,0.182273203802098,0.339674520579479,0.112782388726634,0.408947121400654,0.0405071648772036,0.492764317853566
"rel_only","r_wid[wc6ebbf2,Intercept]",0.462922356434147,0.115416457687669,0.383224612928025,0.542750887375484,0.314811077601178,0.613093139943483,0.242791718197103,0.686303207232254
"rel_only","r_wid[wc9128ed,Intercept]",0.316420227930986,0.110922540861816,0.240794502734375,0.391374848116618,0.175542844333391,0.453820952039691,0.101866156430035,0.539687649286304
"rel_only","r_wid[wc9d64f4,Intercept]",-0.217371817362795,0.105597174292966,-0.289403021914184,-0.145397175511346,-0.35204585423689,-0.0837031982504258,-0.420349462629197,-0.00945488772316555
"rel_only","r_wid[wca8e71a,Intercept]",-0.59929872800291,0.118272530623253,-0.68092356251985,-0.519963714992449,-0.750692300710814,-0.447299558623335,-0.831667131014988,-0.371821506666635
"rel_only","r_wid[wca9e1aa,Intercept]",0.0683844134311543,0.118930594923034,-0.0104629589709317,0.147591757080891,-0.0824221595536736,0.220891653213205,-0.179769836198416,0.300818105764217
"rel_only","r_wid[wcabe93e,Intercept]",0.227423674506111,0.144040771240628,0.128672198423773,0.325231427926608,0.0435669583787574,0.40780478567979,-0.0539791793988156,0.51123212453307
"rel_only","r_wid[wcbb66d9,Intercept]",-0.128960184897194,0.108447816655549,-0.200400943898873,-0.0592583364546767,-0.267967764985409,0.00681471102099435,-0.342550852589954,0.0857003157935518
"rel_only","r_wid[wcbfad8c,Intercept]",-0.0544918641936152,0.139409854996165,-0.146891281058781,0.0398960523253667,-0.233880240206808,0.128091123082339,-0.330588748473036,0.224991196857763
"rel_only","r_wid[wcd5d786,Intercept]",0.0966080750090142,0.115773258674807,0.0195001525605159,0.172766851121338,-0.0487833457126374,0.250111577473714,-0.130667133357841,0.331669531614813
"rel_only","r_wid[wd071aa9,Intercept]",-0.0968019518638159,0.144054662556156,-0.197211691127407,0.000404903290922495,-0.277748551383724,0.0898913127599435,-0.385129314155476,0.181168737596305
"rel_only","r_wid[wd3f2678,Intercept]",0.0232111252187773,0.106593355676718,-0.0483762106676235,0.0956942670320424,-0.112708042647364,0.160937298743661,-0.183252641896988,0.230711395947322
"rel_only","r_wid[wd5e9df2,Intercept]",-0.482128332277045,0.12253603349681,-0.561098784286799,-0.401707046477677,-0.639658099855652,-0.323619401121092,-0.721377857506093,-0.24599223765679
"rel_only","r_wid[wd697686,Intercept]",-0.421560013804679,0.106121831211505,-0.4917897572879,-0.3495512963012,-0.557225364224401,-0.28690542362817,-0.635671307352472,-0.211507459176222
"rel_only","r_wid[wd7482cf,Intercept]",0.0832990658966394,0.117460321666645,0.00063498114690294,0.16344853483422,-0.0652345526195956,0.235194799859491,-0.142253656942959,0.308475634169875
"rel_only","r_wid[wd7d7085,Intercept]",0.0015570168804781,0.139993447197202,-0.0946904949757966,0.0966176579601646,-0.178511080992072,0.179801464364769,-0.274939848675569,0.280726563670376
"rel_only","r_wid[wd887970,Intercept]",0.454794683029126,0.140543675281367,0.359325454738143,0.552056560132112,0.27317443571022,0.633797142179611,0.180494615580858,0.723590988676513
"rel_only","r_wid[wdabae0a,Intercept]",0.0964004769132685,0.13766723807779,0.0030365931056784,0.185870858193887,-0.0765214419601346,0.2714133886182,-0.166719215457335,0.373278839608977
"rel_only","r_wid[wdb97422,Intercept]",0.0681959257779785,0.111122058015575,-0.00752358001181489,0.144590906206898,-0.0734556476482506,0.211762694954072,-0.14850597731897,0.288372422292307
"rel_only","r_wid[wdc0f604,Intercept]",0.144678922600629,0.109708728294533,0.0707782146279562,0.219982506984983,0.0100788978274722,0.285932636149697,-0.070114005737303,0.358780610275042
"rel_only","r_wid[wdfa587e,Intercept]",0.233752546360423,0.104796085756818,0.162232203817878,0.304658002724241,0.0959223887945095,0.365832221811918,0.029949220463818,0.439095158769283
"rel_only","r_wid[wdfbc43e,Intercept]",0.223818501058855,0.113784564630461,0.147636393072077,0.299799581486316,0.0801371648294405,0.366052169191398,-0.00413536764050938,0.44708142292289
"rel_only","r_wid[we0078b2,Intercept]",0.308928909678886,0.111071462628023,0.234811926370305,0.383993243669839,0.16597891116976,0.448155428810099,0.0954513977065325,0.530454893831693
"rel_only","r_wid[we07eba7,Intercept]",0.000104175604589064,0.114978123242706,-0.0759464793331049,0.076540026225573,-0.143982979725613,0.144817815896116,-0.221777778276098,0.228511147395314
"rel_only","r_wid[we0e98d2,Intercept]",0.37859852954328,0.112593163430949,0.302677305814833,0.454689726239279,0.235595672417781,0.521573717278651,0.158024708026046,0.605597211411463
"rel_only","r_wid[we2b50c8,Intercept]",-0.0321956922770598,0.107794165700311,-0.107387284054075,0.0420975322437285,-0.173055473276757,0.105044066693018,-0.241926833345729,0.174169921604147
"rel_only","r_wid[we35ea87,Intercept]",-0.272765364551802,0.116114384680665,-0.349783148074944,-0.194241079266108,-0.424736765497213,-0.124593805350342,-0.504982941448658,-0.0528784462241554
"rel_only","r_wid[we368c94,Intercept]",-0.12535442936326,0.118300735484613,-0.204629988626605,-0.0463264014902286,-0.276615117389878,0.0217424290283453,-0.363945554754663,0.115661078695442
"rel_only","r_wid[we6483ae,Intercept]",-0.202479056920466,0.114387941344552,-0.281136315464099,-0.121586403361241,-0.347311609730567,-0.0524901494974165,-0.425754843479426,0.0130583907897934
"rel_only","r_wid[we6aff32,Intercept]",-0.171456012956716,0.140654047826543,-0.263735595697616,-0.075639445509818,-0.351993868290029,0.00355686341801555,-0.44414092159207,0.100042207430349
"rel_only","r_wid[we869265,Intercept]",0.381835001685756,0.121994754908844,0.300704174217462,0.464195867518082,0.220892809373711,0.538027306094244,0.14006354844938,0.613335852122327
"rel_only","r_wid[wea7f2f9,Intercept]",0.124060913047266,0.107101519514785,0.0515472242876483,0.195441859177349,-0.0146990196254361,0.261034996548638,-0.0896130191527265,0.332960683134278
"rel_only","r_wid[wea96b0b,Intercept]",0.0712043724732443,0.110529925194694,-0.00261799243827508,0.147144031711967,-0.0708860908075972,0.212360616630729,-0.153075847339289,0.280920833115934
"rel_only","r_wid[web7e878,Intercept]",0.057679018511494,0.141523499106337,-0.0400664141387779,0.150934293989286,-0.118926059082685,0.238846526284663,-0.208832768769597,0.347485239405227
"rel_only","r_wid[wecf7799,Intercept]",0.0187954482437804,0.107731212435784,-0.0535361028096616,0.0890382078681484,-0.11989691744954,0.155298455299987,-0.194517957551243,0.232994161646761
"rel_only","r_wid[wed2778e,Intercept]",0.342456762433824,0.114855551082752,0.266436983754648,0.417511026928481,0.195584036477556,0.489004447474796,0.111500728924893,0.56810367115459
"rel_only","r_wid[wed354d9,Intercept]",-0.0784075499382997,0.156561902268202,-0.178001345084881,0.0260900142264826,-0.280360706752902,0.115288372638092,-0.397684336753562,0.229971967468132
"rel_only","r_wid[wef591ef,Intercept]",0.106752917859372,0.110132311180382,0.0336633613953168,0.182447109120443,-0.0314788661710866,0.248329594703639,-0.11059758057855,0.326032560314113
"rel_only","r_wid[wf1704eb,Intercept]",0.053129286504105,0.109241869169838,-0.0192071613090178,0.127043890810301,-0.0837246095047802,0.195007979258287,-0.16864913119091,0.268226498070938
"rel_only","r_wid[wf1ea1db,Intercept]",0.075754766841694,0.190884745613248,-0.0535684680094554,0.207053374932235,-0.168367613684176,0.319620745452475,-0.302880158262381,0.433319052253848
"rel_only","r_wid[wf3a15bc,Intercept]",0.270875191899121,0.113754917156579,0.1939677610927,0.347474443789884,0.130400885034708,0.418744911742301,0.0427864940045872,0.490116831457917
"rel_only","r_wid[wf6aed15,Intercept]",0.424065371978265,0.108637026884187,0.348890858545341,0.498639085107148,0.283002292352943,0.564279616007686,0.214608304719867,0.631024641595632
"rel_only","r_wid[wf8b98ff,Intercept]",0.124855235806045,0.10582710270086,0.0537361186063917,0.197415892718128,-0.00677525968919302,0.263671597570938,-0.0826786536791514,0.331321165153976
"rel_only","r_wid[wf8bf1c3,Intercept]",-0.00529089380340231,0.116825218612713,-0.0829549959557161,0.0720065526504972,-0.154880376233895,0.141674138684854,-0.228978286855588,0.230587450121175
"rel_only","r_wid[wf93dad0,Intercept]",0.112729532107574,0.139592998701377,0.0172795976545722,0.203140454478873,-0.0638979446492721,0.290181713011656,-0.149801168158096,0.390015455093277
"rel_only","r_wid[wf9cb312,Intercept]",-0.165503597512328,0.138482710497478,-0.256909899534152,-0.0745556035063226,-0.342587038356131,0.0120826665652157,-0.445526988477424,0.108668210960062
"rel_only","r_wid[wfd759db,Intercept]",0.026240339043253,0.114477852388249,-0.0520029972711396,0.105373941364512,-0.11969389782696,0.170447304191273,-0.194365707889642,0.2486428751072
"rel_only","r_wid[wfdd68c1,Intercept]",-0.0578509090198765,0.143021204940522,-0.154609720804185,0.039213740036265,-0.239189921653488,0.12270428436885,-0.344826482415132,0.22264915647956
"rel_only","r_wid[wfe9216a,Intercept]",0.146722498736494,0.134784058715628,0.0541770191260572,0.235027430506395,-0.0220322931051943,0.319395642887121,-0.115780321039907,0.419034370892058
"rel_only","r_wid[w001d343,n_remembered_shown]",0.00275004864564651,0.0192466269996271,-0.00498773822576872,0.00810427638492875,-0.0153154000137216,0.0240962219925862,-0.0319193040489112,0.0489014586446489
"rel_only","r_wid[w03114c0,n_remembered_shown]",-0.00240570381760114,0.0213965729423119,-0.0089396975957895,0.00658784652783616,-0.0264257736157993,0.0178036896803253,-0.0560356401201388,0.037010663933277
"rel_only","r_wid[w04c1659,n_remembered_shown]",-0.00130256244154439,0.0203287883171692,-0.00862730847776214,0.00575236884093528,-0.0222101566698812,0.0191623189055632,-0.0455272486156161,0.0430726958297497
"rel_only","r_wid[w063688a,n_remembered_shown]",-0.00473468892614758,0.0200574958060001,-0.0133147292421981,0.0038797153116769,-0.0271644959844445,0.0151116486213342,-0.052478570727242,0.0337328034828757
"rel_only","r_wid[w06866f0,n_remembered_shown]",-0.003335312568976,0.0182625228399477,-0.00982249895962787,0.00417716339662646,-0.0237384078219074,0.0149652465624622,-0.0491419446661805,0.0342242715140727
"rel_only","r_wid[w0a27d42,n_remembered_shown]",-0.00186976730838754,0.0186523202040195,-0.00777312042669381,0.00527521041475662,-0.0222573597509479,0.0166844447495696,-0.0463403702993776,0.0362556688506902
"rel_only","r_wid[w0a90f7a,n_remembered_shown]",0.00156495484328549,0.020430737131809,-0.00586926220365114,0.00764064407029137,-0.0184377504632557,0.0223169309667756,-0.0403849792524279,0.0499763071677047
"rel_only","r_wid[w0ae94e6,n_remembered_shown]",-0.00407937030363557,0.0206871391625726,-0.0133331461092313,0.00499880246740047,-0.0285482504786916,0.0175243202349402,-0.0497300813422036,0.038010872602934
"rel_only","r_wid[w0b2b304,n_remembered_shown]",-0.00382416823287537,0.0195107942887911,-0.00975974846680748,0.00399054188695984,-0.0255236428468417,0.0141528926608358,-0.0524184481537529,0.0325700020198281
"rel_only","r_wid[w0bdd7c4,n_remembered_shown]",-0.00270259889756233,0.0211420168771549,-0.00885099975516484,0.00551041126554949,-0.0259292231354284,0.0169514112078034,-0.0558831695004911,0.0362906815909025
"rel_only","r_wid[w0e7fb0a,n_remembered_shown]",0.00454999685423454,0.020595669538496,-0.00389279873343409,0.0115244008011258,-0.0152284424439822,0.0270069784895288,-0.0334954119231787,0.0541142436270815
"rel_only","r_wid[w0fc6501,n_remembered_shown]",0.00265781356615249,0.0195019858760704,-0.0048297327103607,0.00975749141689082,-0.0168288266377102,0.0231362238754042,-0.0364868697165812,0.0474956387296567
"rel_only","r_wid[w107fce5,n_remembered_shown]",0.0185283841682944,0.0333017105914708,-0.000823738471558814,0.0328117255844171,-0.0118134835220062,0.0606504850459698,-0.0341189603543149,0.107029074421641
"rel_only","r_wid[w108c7bf,n_remembered_shown]",0.00178488117635254,0.0200806973066845,-0.00520186097277902,0.00934390367611324,-0.0189157481613451,0.0232187143331828,-0.0414714106058695,0.0419291610205434
"rel_only","r_wid[w13816ba,n_remembered_shown]",-0.00474175796128363,0.0213615765251415,-0.0124310996651521,0.0038584709442722,-0.0276495935652222,0.0153799151127339,-0.0554766473803793,0.0361682942231457
"rel_only","r_wid[w18042a7,n_remembered_shown]",-0.00276334445782718,0.0180059367113354,-0.00810716270031651,0.0047204846698196,-0.0222264902407805,0.0137881484937406,-0.048549855087465,0.0305155600354623
"rel_only","r_wid[w192a97f,n_remembered_shown]",5.52064894022965e-05,0.0200021099919029,-0.00626973920000924,0.00714929025212218,-0.0189930964856159,0.0210636454200478,-0.048435995803655,0.04288097195936
"rel_only","r_wid[w1ad74ca,n_remembered_shown]",-0.00303846012071982,0.0210480764610275,-0.010289058198767,0.0047139871767867,-0.0254338819278733,0.0174493940620643,-0.0516068597959022,0.0393675192105895
"rel_only","r_wid[w21be7c0,n_remembered_shown]",0.00581934360171824,0.0206885744359164,-0.00281764039461361,0.0130456302063834,-0.0133426964085978,0.0303013245781063,-0.0342096257644116,0.0571610103280033
"rel_only","r_wid[w2329c2e,n_remembered_shown]",-0.00201381466959557,0.0197297840330215,-0.00946429488584818,0.00521787272654638,-0.0232653164566943,0.0175313569031165,-0.0452616460901271,0.0402949841097454
"rel_only","r_wid[w24cc88c,n_remembered_shown]",-0.00669396672467302,0.0229173685294102,-0.0167775409532244,0.00418693294229856,-0.0342344377747622,0.0169451654091295,-0.0593388750697507,0.0376861160185211
"rel_only","r_wid[w27e5a42,n_remembered_shown]",-0.00238429507786069,0.0187101439907417,-0.00926472163532535,0.00512489184024659,-0.0222483460565666,0.016604022563873,-0.0462242595345796,0.0343665714736247
"rel_only","r_wid[w28f36aa,n_remembered_shown]",-0.00118401806897225,0.0210010854919947,-0.00901693459536945,0.00561817345906113,-0.0229295184668737,0.0197457296240728,-0.0482349088412634,0.0463733141515815
"rel_only","r_wid[w29215b1,n_remembered_shown]",-0.00512509610225019,0.0222402453134421,-0.0140461303093232,0.00432694514148112,-0.0291123880774555,0.0180316782015924,-0.0563826145588323,0.0358664208798916
"rel_only","r_wid[w2b37aae,n_remembered_shown]",0.00181427792070031,0.0200389700480522,-0.00616767217748928,0.00730991119087039,-0.0173642029856448,0.0222317624156105,-0.0358101792510286,0.0527724613185868
"rel_only","r_wid[w2b4a70d,n_remembered_shown]",-0.00142423099216458,0.0188805810968248,-0.00757381000933922,0.00505296304898916,-0.0215478708554069,0.0165420771171593,-0.0454063455745145,0.0406136982173917
"rel_only","r_wid[w2b9a138,n_remembered_shown]",0.00267397118692425,0.0205598728948661,-0.00477313138989872,0.00978379587689494,-0.0176604214885286,0.0245956670697337,-0.0386785777157108,0.0499877781534182
"rel_only","r_wid[w2d4c98d,n_remembered_shown]",-0.00441367193743433,0.0228426298787931,-0.0140577366374136,0.00494922877967413,-0.0314614494093208,0.0183739858878975,-0.0564440535128567,0.0445680335666232
"rel_only","r_wid[w2d80146,n_remembered_shown]",-0.00360060191680181,0.0196213596766859,-0.00922418660583818,0.00381736564018735,-0.0249922186949116,0.0140856479949102,-0.0532538299606347,0.0340643083403713
"rel_only","r_wid[w2e6acfb,n_remembered_shown]",-0.00681009819806262,0.0209392911098264,-0.0126199508601302,0.00322656001572237,-0.032743826779764,0.0116187363701179,-0.0652183537337704,0.0259751702414958
"rel_only","r_wid[w2f45fb6,n_remembered_shown]",-0.00367328275914715,0.0219467096518264,-0.0118245333868646,0.00517649044286829,-0.0275594262256569,0.0177642516992217,-0.053777688135419,0.0422988301822893
"rel_only","r_wid[w2fdc513,n_remembered_shown]",-0.00108485156764826,0.0187011467168736,-0.00744687702160381,0.00563289867128556,-0.0211464902392531,0.0179247177587356,-0.0433358868388225,0.038723836547311
"rel_only","r_wid[w30bb20e,n_remembered_shown]",-0.0055762909087005,0.0200865981077227,-0.0126403245548191,0.0027880633440212,-0.0276668840753644,0.0134319007305244,-0.0566455839656499,0.0306451060184434
"rel_only","r_wid[w31415e8,n_remembered_shown]",-0.00277577955669554,0.0216578930558782,-0.0104587675556478,0.00485787648288164,-0.0251418090266628,0.0177858815617241,-0.0483242029189503,0.0444567105874873
"rel_only","r_wid[w31bcaa3,n_remembered_shown]",-0.000127634867070196,0.0182471723908389,-0.00600598581202395,0.00684946596487711,-0.0196699077540032,0.0192583618307364,-0.0440982930472336,0.0374272307443954
"rel_only","r_wid[w37d3a90,n_remembered_shown]",-0.00164773334032562,0.0229372041111473,-0.0126075786361069,0.00824783723914354,-0.027702507908841,0.0253913433729936,-0.0501566667117817,0.0496040562331786
"rel_only","r_wid[w3870b92,n_remembered_shown]",-0.002761613106397,0.0195466719132339,-0.0086167227063546,0.00460243701140453,-0.0242097150925276,0.0158688417302276,-0.05139978210861,0.0351211714895242
"rel_only","r_wid[w3946928,n_remembered_shown]",-4.06736531594726e-05,0.0198564894119386,-0.0062678732213752,0.00726256008408151,-0.020609589971463,0.019703230883055,-0.0455936765903049,0.043068742064905
"rel_only","r_wid[w39cea38,n_remembered_shown]",0.00735735373859693,0.0212107983379518,-0.00220467761511381,0.0148888592706084,-0.012374841508678,0.0326374345477792,-0.0287017935342618,0.060794146411307
"rel_only","r_wid[w4077e51,n_remembered_shown]",-0.00136040610710537,0.0196537335782434,-0.00739025825456016,0.00631433970047479,-0.0227819528771288,0.0180988435147537,-0.0495782368819505,0.0382564002392502
"rel_only","r_wid[w4140fe6,n_remembered_shown]",0.00382786198509478,0.0200325680240128,-0.00376246701412154,0.0104864442996877,-0.0154466930279182,0.0264116509575975,-0.0358632900853528,0.0518469408904878
"rel_only","r_wid[w4160090,n_remembered_shown]",-0.004693078850144,0.0209733845346101,-0.00998228884282156,0.0033698294736833,-0.026395720881552,0.0129531776704705,-0.0588531025468429,0.0314907345848786
"rel_only","r_wid[w430272a,n_remembered_shown]",0.00202141605550651,0.0194057322968225,-0.00463566024496464,0.00946688514358327,-0.017370295030015,0.0217962778421142,-0.0408783678187668,0.0449360955345725
"rel_only","r_wid[w44a1a9f,n_remembered_shown]",0.00481202968112262,0.0196463979582626,-0.00320061239613461,0.0114842922884505,-0.0136827418445412,0.0277589675360086,-0.0320755749206222,0.0534547240421662
"rel_only","r_wid[w44b0e2d,n_remembered_shown]",-0.00560594478036631,0.0193807971533706,-0.0115431651404982,0.00286055767706254,-0.0278453423347616,0.0116888191230585,-0.0548622254036458,0.0265882067442339
"rel_only","r_wid[w45af4af,n_remembered_shown]",7.61232887565166e-05,0.0176765104222868,-0.0062605486932968,0.00610090452374519,-0.0177946584873817,0.0185564858041622,-0.0381077198359691,0.0412624986526197
"rel_only","r_wid[w47f6859,n_remembered_shown]",0.000962222303671718,0.0182510691294821,-0.00509643092895776,0.00713979790516137,-0.0174078150298684,0.0198315021437548,-0.0398772961020494,0.0420980790235705
"rel_only","r_wid[w488be27,n_remembered_shown]",-0.000882757634403964,0.0196092453842622,-0.00816774553217491,0.00590259211733566,-0.021522258999785,0.0191265385538795,-0.043521108167973,0.0407193035966614
"rel_only","r_wid[w496515d,n_remembered_shown]",0.000650990730551348,0.0189569802952692,-0.00569511394439012,0.0074529103532128,-0.0184938724783653,0.0202174883083123,-0.0426372380797228,0.040945889402073
"rel_only","r_wid[w497e696,n_remembered_shown]",-0.0049096205943687,0.0195792067521473,-0.0116766043365721,0.00326384764163241,-0.0272946944572399,0.0138851396055431,-0.0523477951409907,0.032450425195814
"rel_only","r_wid[w4a643e0,n_remembered_shown]",0.00596432196778479,0.0227746107671075,-0.00412665503921988,0.0158952661281846,-0.017778157987665,0.033170620958817,-0.0385679410167523,0.0572432316110054
"rel_only","r_wid[w4b34871,n_remembered_shown]",0.00346807098927245,0.0192664898382932,-0.00443391732196762,0.00958372300123315,-0.0146605723461999,0.0258431510952407,-0.0337229764738279,0.0522672533392223
"rel_only","r_wid[w4bdc2df,n_remembered_shown]",-0.00141641890142512,0.0204122367856649,-0.00758079978630689,0.00562714621482027,-0.0230872542915354,0.0184270758252281,-0.0504552481759924,0.0409886852315167
"rel_only","r_wid[w4e902e8,n_remembered_shown]",-0.000433920090795816,0.0183795800311167,-0.00626168880255456,0.00598362398531645,-0.0195629513104807,0.018304531079972,-0.0431935399211267,0.0373386110793268
"rel_only","r_wid[w4e997cb,n_remembered_shown]",0.00180285371363776,0.0210248077399459,-0.00592203764432837,0.00758263900599545,-0.0180193358702757,0.0241592027625269,-0.0370214207309474,0.0545644671264571
"rel_only","r_wid[w4ebac4c,n_remembered_shown]",-0.00152484670658087,0.0192971717124527,-0.00790963049057049,0.00520946096163826,-0.022025313696886,0.0176471086481423,-0.0451759397165727,0.0404819550047787
"rel_only","r_wid[w4f4cbdd,n_remembered_shown]",0.000227658667441636,0.0189850338695877,-0.00627491290655653,0.00682091381163634,-0.019348249974468,0.0201260133409636,-0.0452320318985481,0.0419522117788349
"rel_only","r_wid[w502a382,n_remembered_shown]",0.010697068867069,0.0272371300346797,-0.00336590779819151,0.0233295073447453,-0.0168272344604462,0.0446334356959864,-0.0402067829367479,0.0746906859937628
"rel_only","r_wid[w52f1872,n_remembered_shown]",0.00433825554264598,0.0195420706898796,-0.00375549179025873,0.0103079554941893,-0.0131602902444105,0.0269697203554647,-0.0332706156490721,0.0556149822919674
"rel_only","r_wid[w5305891,n_remembered_shown]",-0.00348320852420649,0.0193172320176176,-0.010169395582077,0.00428864199414829,-0.0254626630458201,0.0154105402598494,-0.0515276579122316,0.0372425043529909
"rel_only","r_wid[w5317a1b,n_remembered_shown]",0.00269424963662312,0.020723951826129,-0.00491273285362564,0.0100034575681341,-0.0179740874659012,0.0246824965834525,-0.0397704798643544,0.0517938967827649
"rel_only","r_wid[w55e643e,n_remembered_shown]",0.00384907374485597,0.0199116239916163,-0.00403492589058703,0.010942601896059,-0.0152876628927163,0.0252280700758069,-0.0360654496105729,0.0544997402588208
"rel_only","r_wid[w58111ca,n_remembered_shown]",0.0044196206846143,0.0193944130742038,-0.00403027643427451,0.0121084737202793,-0.015113382959097,0.0271567361054547,-0.0343506154528041,0.0510168337504827
"rel_only","r_wid[w58ddb10,n_remembered_shown]",-0.00461858398216917,0.0199417064724433,-0.0106658515824379,0.00372506877638222,-0.027925579654106,0.0136303674784228,-0.0546070118231873,0.0317553049407365
"rel_only","r_wid[w5bee286,n_remembered_shown]",0.00160660100448527,0.0220527687011719,-0.00681346580434618,0.0111227248762859,-0.0223040450424552,0.0254287990704254,-0.0481185258418654,0.0462298585372292
"rel_only","r_wid[w5e13b84,n_remembered_shown]",-0.00389870468062973,0.0220313967965598,-0.00996835974378242,0.00632989256328621,-0.0292262206997116,0.0159683802852649,-0.0610353659789255,0.032067179445419
"rel_only","r_wid[w5ef243f,n_remembered_shown]",-0.000357396395608364,0.0193933298306567,-0.00684893539753166,0.00636227968251886,-0.019768283920048,0.0188635038313572,-0.0455684057095766,0.0410556889395813
"rel_only","r_wid[w5fb2730,n_remembered_shown]",-8.50688524924137e-05,0.0195611732314901,-0.00724555438704513,0.00686168728271852,-0.0199390316618809,0.0194725052848791,-0.041400970177744,0.0444898092643295
"rel_only","r_wid[w6079012,n_remembered_shown]",-0.00137552732614568,0.0190363214204769,-0.00781119299295274,0.00544807117882021,-0.0209849569491678,0.0176275899505637,-0.0443673655199286,0.0372812844064849
"rel_only","r_wid[w608e33c,n_remembered_shown]",-0.0028105843461526,0.0204325931536478,-0.00984373918458012,0.00486256881392846,-0.0260975738582135,0.0165158870300009,-0.0508606003250379,0.0404419918353543
"rel_only","r_wid[w60e592a,n_remembered_shown]",0.00727108003359207,0.022013466470323,-0.00245503442724059,0.0143369691432653,-0.0113186381918321,0.0327335510044105,-0.0295837713283788,0.0623078129284977
"rel_only","r_wid[w62f57a5,n_remembered_shown]",0.00358017430768333,0.0203781182973048,-0.00376942464136338,0.00899719651986397,-0.0141459831325553,0.0257675559784616,-0.0347600589192881,0.0521260768268909
"rel_only","r_wid[w65ae27b,n_remembered_shown]",0.00750369687077279,0.022432821491652,-0.00341313175047152,0.0171957643970666,-0.0149813461594447,0.0348922129945874,-0.0327824949217733,0.0646937702172947
"rel_only","r_wid[w65ed633,n_remembered_shown]",-0.00503310303696516,0.0218678500713462,-0.0130547199322399,0.0039798151904659,-0.0294558860684646,0.016487821861326,-0.056243649590039,0.0385170714244229
"rel_only","r_wid[w67efce7,n_remembered_shown]",-0.00201916025415862,0.0184146587585832,-0.00849988116754794,0.0048732270924618,-0.0219030030241709,0.0163136537023439,-0.0481683078905361,0.0369973950909919
"rel_only","r_wid[w6b34a8b,n_remembered_shown]",0.00738729146794769,0.0243910071223261,-0.00447225013090662,0.0182953942953745,-0.0179165986196433,0.03660593411675,-0.0389216404612574,0.0622031381777875
"rel_only","r_wid[w6c5aa72,n_remembered_shown]",-0.00137416294637013,0.0191939430578678,-0.00864824398844063,0.00589530878871019,-0.0217722174873614,0.0174864158737629,-0.0419965332782069,0.0402151222716027
"rel_only","r_wid[w6e46ddf,n_remembered_shown]",0.00533711878480256,0.0217815483182954,-0.0038283668912773,0.0147861464819901,-0.0170102298220754,0.0302706325006101,-0.0386955999077292,0.0534279710373164
"rel_only","r_wid[w6ebaea9,n_remembered_shown]",-0.00266022462245316,0.0194412780852511,-0.00978285230627109,0.0045998146659055,-0.0239359393642265,0.0168347318087574,-0.0477481166376101,0.0391446452399558
"rel_only","r_wid[w6fe5d47,n_remembered_shown]",-0.00119326285996941,0.0205463898934571,-0.00845033360451637,0.00832757518162773,-0.0252312283037061,0.020429361530158,-0.0515950740848769,0.0395040230360122
"rel_only","r_wid[w715d917,n_remembered_shown]",0.0028489571202424,0.0196354020334362,-0.00445929483673136,0.00898365448645924,-0.0154590325067953,0.0241766999139482,-0.0367132286773566,0.0484187269035219
"rel_only","r_wid[w720e820,n_remembered_shown]",0.000934419495533258,0.0227678422972118,-0.00801637739253382,0.0118199640613158,-0.0247419995918618,0.0262339023485532,-0.0539288438203837,0.0457771960438572
"rel_only","r_wid[w7606987,n_remembered_shown]",0.000990873047621993,0.0196469277054453,-0.00622519831446758,0.00943616076331479,-0.0207541489352008,0.0218186335296031,-0.0442094860757834,0.0433132783415525
"rel_only","r_wid[w7978f92,n_remembered_shown]",-0.000806478522418429,0.0202309472383437,-0.00846988036657824,0.00591290000099863,-0.0212360175296883,0.0204739272776566,-0.0426907448617784,0.0458512395976904
"rel_only","r_wid[w797a1e5,n_remembered_shown]",0.000157682033211348,0.0213173397224503,-0.00854280809923865,0.00739254796365199,-0.0217817524787422,0.0235453493157264,-0.0452574639998865,0.0516337174428154
"rel_only","r_wid[w7a04fdc,n_remembered_shown]",0.0135911419065687,0.0304571472238419,-0.00260988206160148,0.0271809190141858,-0.0174614374147042,0.0522153617133174,-0.0399754088021671,0.08808532381567
"rel_only","r_wid[w7c1d29f,n_remembered_shown]",-0.00184040234968017,0.0203637892379212,-0.00896395822369814,0.00520055343321865,-0.0239298916323154,0.0172372114826427,-0.0462230631308177,0.0438809946065647
"rel_only","r_wid[w7cfc37e,n_remembered_shown]",0.0006934412896058,0.0203851945537589,-0.00710928799666726,0.00684226922273862,-0.0192010009530363,0.0222998765172127,-0.0417064790512498,0.0479640848119452
"rel_only","r_wid[w7e41e95,n_remembered_shown]",0.00166857687128858,0.0191865739600401,-0.00537255810915374,0.00861336795506627,-0.0174423031974304,0.0216448631066319,-0.0407473336914829,0.0442675827173573
"rel_only","r_wid[w80189d3,n_remembered_shown]",0.00304189050432112,0.0233320896908659,-0.00607574781257724,0.0137865436544323,-0.0226023871864785,0.0291505322819491,-0.0478592381838947,0.0510232748326872
"rel_only","r_wid[w8146fb9,n_remembered_shown]",-0.000285127977631252,0.0183790672851746,-0.00699649666982922,0.00569820030578959,-0.0191283872445998,0.0188196906270475,-0.0394522256657794,0.04057025526492
"rel_only","r_wid[w84e06f3,n_remembered_shown]",-0.00591042606607507,0.022748812848192,-0.0145306135369157,0.00416587681785508,-0.0322299784061249,0.0166027628063165,-0.0601778522526423,0.0370048992772485
"rel_only","r_wid[w8937d22,n_remembered_shown]",-0.000400222269767646,0.0182870691499145,-0.006599111081984,0.0059221542692256,-0.020161160727585,0.0194694623575899,-0.041409268687514,0.040036949881403
"rel_only","r_wid[w8ad52eb,n_remembered_shown]",-0.00287760686361086,0.0196482478055414,-0.0107679946387611,0.00512118338921032,-0.0252055944901771,0.0180181419700809,-0.0483394150593972,0.0379242365024317
"rel_only","r_wid[w8bc33f5,n_remembered_shown]",-0.000385445084389184,0.019152481079866,-0.00624010896835065,0.00686167416591106,-0.0199825544303119,0.0183234909677518,-0.0477167002707997,0.0389328020902713
"rel_only","r_wid[w8d56791,n_remembered_shown]",0.00473867864398745,0.0215310775992332,-0.00344968703983307,0.0120113242971144,-0.0145711490779854,0.0297473771031832,-0.0364920108874405,0.0556085159864641
"rel_only","r_wid[w8e2568d,n_remembered_shown]",-0.000240765981152648,0.0213043146630102,-0.00731377220784041,0.00597266882165604,-0.019214207059412,0.0185525543144253,-0.0451510716951017,0.0451478868324294
"rel_only","r_wid[w8e5f535,n_remembered_shown]",-0.00204284544102763,0.0203218907837449,-0.0103713182207908,0.00534198543790319,-0.0247498244196637,0.0187885221839541,-0.0473983479295095,0.0441851582113316
"rel_only","r_wid[w8eb1000,n_remembered_shown]",-0.0025597647406341,0.0222949809083312,-0.0132487127355054,0.00680635029682941,-0.0277652705561962,0.0234025820275829,-0.0502868423410748,0.0468974706453759
"rel_only","r_wid[w8f37d35,n_remembered_shown]",0.00334871267157751,0.018357991141905,-0.00369491893950527,0.00965004674770125,-0.0140140711508016,0.0228196021128905,-0.0325228083815545,0.0491591922532591
"rel_only","r_wid[w8f47681,n_remembered_shown]",6.28686466427164e-05,0.0197221232715271,-0.00677000823972761,0.00764225810856178,-0.020297092014132,0.0203612726624767,-0.0459781064407108,0.0422964347192336
"rel_only","r_wid[w8f710ed,n_remembered_shown]",-0.00383034656359694,0.01958416462373,-0.00935399195733027,0.00408485084743958,-0.0260168693664135,0.0132980965122392,-0.0540002728181296,0.03323272053459
"rel_only","r_wid[w91e953e,n_remembered_shown]",-0.00242581740986471,0.0198070984811075,-0.00935381706095568,0.00421784770882731,-0.0224489963946715,0.016733092202026,-0.0499117989140289,0.0399470192333448
"rel_only","r_wid[w93de42b,n_remembered_shown]",-0.00315215196827369,0.0204769310214412,-0.011720519472491,0.00452355667393665,-0.0263378721352309,0.0179460310212514,-0.0485911449496395,0.0409721736957548
"rel_only","r_wid[w950a999,n_remembered_shown]",-0.00177926721220253,0.0191353956482745,-0.00779404506269974,0.00610323297486005,-0.0238843943934029,0.0169683308323828,-0.046778007829545,0.0348509994955737
"rel_only","r_wid[w95f2351,n_remembered_shown]",-0.00585085920281135,0.0209805750200433,-0.0137445154662416,0.00352207557830938,-0.0296557193682147,0.0145568291229034,-0.0563869709197623,0.033027198942373
"rel_only","r_wid[w967bd55,n_remembered_shown]",0.00268168659544973,0.0197734909002127,-0.00474237573546821,0.0088371430952968,-0.0155251491945617,0.0234230924443799,-0.0349117892076698,0.0516665745873485
"rel_only","r_wid[w970a2f0,n_remembered_shown]",0.000901405318607783,0.0187609590510314,-0.00548226626775645,0.00765710060809432,-0.0184208215773987,0.0201546913138987,-0.0414581709138961,0.0438000322734242
"rel_only","r_wid[w973f72a,n_remembered_shown]",0.000373522293599292,0.0183129681909035,-0.005752409066751,0.00678982572756377,-0.018373575185203,0.019164035498603,-0.0411948297108722,0.0410095916488914
"rel_only","r_wid[w977f12b,n_remembered_shown]",-0.00712660989713523,0.0224466728833984,-0.0156900966638589,0.00297989102705026,-0.0335791528826335,0.0149553094096276,-0.061315619633402,0.0325466507034378
"rel_only","r_wid[w993543c,n_remembered_shown]",-0.00104595227930938,0.0187222038601472,-0.00741716283543637,0.00531833751334194,-0.0212159225589339,0.0177388890228236,-0.0425041626035226,0.0395667933905834
"rel_only","r_wid[w9a48bb6,n_remembered_shown]",0.00539778309111211,0.0212469855401822,-0.00468111337853071,0.0113719415308009,-0.0139784868144878,0.0311239916541228,-0.0288070699233864,0.0611638421233626
"rel_only","r_wid[w9be1ae9,n_remembered_shown]",3.41504160940715e-05,0.0226004642254978,-0.00805126980103814,0.0106121582930208,-0.0255498890503844,0.0241512988724078,-0.0522236865200134,0.0426083589946609
"rel_only","r_wid[w9d4c48d,n_remembered_shown]",-0.00024796562300144,0.0182043791541161,-0.0065895894032133,0.00634542664209192,-0.0193755183680323,0.0188086841546488,-0.0404243035080781,0.0403210085685811
"rel_only","r_wid[w9f6c077,n_remembered_shown]",0.00165221690538229,0.020629029448337,-0.00530905481878157,0.00829037252788245,-0.0187038051161772,0.022674372976072,-0.043133553319919,0.0487266107451927
"rel_only","r_wid[wa0cc687,n_remembered_shown]",-8.64250266441537e-05,0.0208153267791285,-0.00644395963793781,0.00887516269428882,-0.0219358782735232,0.0213628076045915,-0.0530304219447841,0.0401795484593999
"rel_only","r_wid[wa13a069,n_remembered_shown]",-0.00493853263577011,0.0206270526225012,-0.0118364382005624,0.0035955977678392,-0.02862687433412,0.0148865608401063,-0.055535230397857,0.0329274160202751
"rel_only","r_wid[wa36b055,n_remembered_shown]",0.00588860909162795,0.0217214299180312,-0.00339694228611879,0.0144193608293514,-0.0150923819376882,0.0302343605565479,-0.036752486331569,0.05707833255212
"rel_only","r_wid[wa577349,n_remembered_shown]",-0.00206057456917425,0.0196566759992901,-0.00764338853641128,0.00464585764094821,-0.0228142768674165,0.0162180022485398,-0.0478200899385823,0.0372956465408006
"rel_only","r_wid[wa797b6a,n_remembered_shown]",0.00186959196664016,0.0214126693744782,-0.00563138184286768,0.00987585241858086,-0.0201663111372009,0.0252266033213686,-0.0457647675734722,0.0479550301340283
"rel_only","r_wid[wa88aaed,n_remembered_shown]",-0.000323164204936628,0.0194341274927068,-0.00643094363413229,0.00595406404773118,-0.0199179016445715,0.0187093866219683,-0.0434450297907152,0.0421699445878517
"rel_only","r_wid[wa90a378,n_remembered_shown]",0.0154727546360739,0.0265670983453136,-0.000204824168067908,0.0237309295321237,-0.00570275128058857,0.0494073267794838,-0.0167203388262489,0.0908459943973659
"rel_only","r_wid[wa913679,n_remembered_shown]",-0.00587042068813281,0.0195719734432638,-0.0116541206613413,0.00264572615066488,-0.0288440847816337,0.011107272189066,-0.0580534217815027,0.0283185405763075
"rel_only","r_wid[waa6a3c8,n_remembered_shown]",-0.0051873508743907,0.0193912626595249,-0.0114716192152715,0.00276232362740362,-0.0270081824439141,0.0124522243966721,-0.0528596345511995,0.0307934663107201
"rel_only","r_wid[wab2e8f4,n_remembered_shown]",-0.000937027958864017,0.0200397678211732,-0.00690574873821274,0.00661851313714513,-0.0222358603409639,0.0178871839113994,-0.0494487680261828,0.0399209235308244
"rel_only","r_wid[wada012d,n_remembered_shown]",0.00388514579793697,0.0196821881543171,-0.0040140221877062,0.0121500035246681,-0.0159944449041085,0.0265168689733676,-0.0367682768822529,0.048157799299688
"rel_only","r_wid[wae959a9,n_remembered_shown]",0.00978285459841225,0.0284495285194532,-0.00385658857449436,0.0232046479671256,-0.0195169181656893,0.0443160205504872,-0.0431894244344287,0.0759721919014481
"rel_only","r_wid[wb0ecf0b,n_remembered_shown]",0.000889365180221453,0.0232357496936996,-0.00797501393383739,0.0112887795580238,-0.0253498164071989,0.0255058456258276,-0.0498552007050717,0.0466098437496669
"rel_only","r_wid[wb14e228,n_remembered_shown]",-0.00565380384474173,0.0199801580507333,-0.0132863176635555,0.0031798693399965,-0.0303629495591778,0.0134609001639051,-0.052829516373779,0.0321791373611261
"rel_only","r_wid[wb2e2d84,n_remembered_shown]",0.00431023711834171,0.0192602616935291,-0.00389186826346095,0.0106653089260596,-0.0137282091911524,0.0260387338117096,-0.0309951395247552,0.0533152473052918
"rel_only","r_wid[wb51887d,n_remembered_shown]",0.00484420349628112,0.0195524001778498,-0.00327592308550958,0.0108527377379683,-0.0128362592328449,0.0277592749389447,-0.0307852096787042,0.0543457451855115
"rel_only","r_wid[wb71ae9a,n_remembered_shown]",0.00540879319882635,0.0206696449134318,-0.00391391418547621,0.0139410656461306,-0.016048660494267,0.0302665880767792,-0.0348219030136322,0.053995872631066
"rel_only","r_wid[wb900a5f,n_remembered_shown]",0.00847758041859489,0.0232583773949399,-0.00282629730516278,0.0181080537494496,-0.0145212494319764,0.0373789526260823,-0.0342379093082533,0.0642062536762536
"rel_only","r_wid[wb90ffa2,n_remembered_shown]",0.00195329540124222,0.0201931345074116,-0.00524369423824083,0.00793877329841376,-0.0174662113567706,0.0234330622713388,-0.0388945530871025,0.0493807357315819
"rel_only","r_wid[wbaa44ea,n_remembered_shown]",0.000797339545909333,0.020846203307498,-0.00718412816074263,0.00734380830552051,-0.0195989123260983,0.0225083527168362,-0.041756990038935,0.0511170924977236
"rel_only","r_wid[wbb70a68,n_remembered_shown]",0.000136200542936356,0.0197747745948653,-0.00803519570794935,0.00667339234131281,-0.019682457071801,0.0205353869635739,-0.0391759102180058,0.0472196079080326
"rel_only","r_wid[wbc9e827,n_remembered_shown]",0.00203747354784891,0.0214265905648526,-0.00640589683566283,0.0111761494128506,-0.0209854930195622,0.0257352349467802,-0.04651828475589,0.048725750455481
"rel_only","r_wid[wbcfaf6a,n_remembered_shown]",-0.00313629273673733,0.0202157372966235,-0.00999386573660562,0.00403941849229497,-0.0244602674202797,0.0154957833959621,-0.0483323939781985,0.0380871111654031
"rel_only","r_wid[wbd60b70,n_remembered_shown]",-0.00680526525748079,0.0212636589903263,-0.0138660062921052,0.0025360746295499,-0.0311385353952527,0.0121818987268946,-0.060364016991105,0.0307999620784306
"rel_only","r_wid[wbe3571b,n_remembered_shown]",0.000471278986545555,0.0185700810920171,-0.00614459160793236,0.00649718454794032,-0.0175331525611475,0.0199359101764134,-0.0403916698626536,0.0435886983025256
"rel_only","r_wid[wbf6ee18,n_remembered_shown]",-0.000886936761690947,0.0190292614894534,-0.00674344271872045,0.00634647779786376,-0.0200554807361418,0.0181156182722325,-0.0473389929221114,0.0380741224423968
"rel_only","r_wid[wc04c93a,n_remembered_shown]",-0.00331118652590445,0.0206829326117021,-0.0111659991218447,0.00456501885556982,-0.0256469885010043,0.0176731503225283,-0.0503817334462485,0.0392785433277533
"rel_only","r_wid[wc471696,n_remembered_shown]",-0.0080211694994927,0.0259488124623119,-0.0200304249160281,0.00491045553702615,-0.0393243834019954,0.0193959608273042,-0.0677470569529677,0.0412185737480252
"rel_only","r_wid[wc5adc9d,n_remembered_shown]",-0.000275157026214766,0.0202358161932334,-0.00841598242712143,0.00703705793962172,-0.0214731430686891,0.0216894113502703,-0.041328567763511,0.0441209364871317
"rel_only","r_wid[wc6ebbf2,n_remembered_shown]",-0.00267012925167268,0.0217101319181864,-0.0127557306980273,0.00581793491212456,-0.0275300549629311,0.0211149669612935,-0.047031790305965,0.0466796328799891
"rel_only","r_wid[wc9128ed,n_remembered_shown]",-0.00239485734298225,0.0210763946632804,-0.0107776085223552,0.00531290837374424,-0.0256842205407128,0.0181817884596686,-0.0468519352039471,0.0453494379108806
"rel_only","r_wid[wc9d64f4,n_remembered_shown]",0.000977982187516954,0.0186721401945868,-0.00576231260541137,0.00839569797167142,-0.0181361138523506,0.020572603468284,-0.0411648980401609,0.0405099975356952
"rel_only","r_wid[wca8e71a,n_remembered_shown]",0.00515637621571893,0.0240919241766373,-0.00497191345823881,0.0164671544323214,-0.0205066921522459,0.0327971845894892,-0.0461803020658071,0.0592413495833442
"rel_only","r_wid[wca9e1aa,n_remembered_shown]",0.00670896390380492,0.0216469957733457,-0.00289271362622462,0.0124963612105711,-0.0111993762492724,0.0332712589045001,-0.0275222849762049,0.0637081140406809
"rel_only","r_wid[wcabe93e,n_remembered_shown]",-0.00236217537744584,0.0209222260256858,-0.00995851147204098,0.00536864732592183,-0.0240704501064214,0.0181280920787249,-0.0496199569251596,0.0404044476978916
"rel_only","r_wid[wcbb66d9,n_remembered_shown]",-0.000105267087514621,0.0193822353485597,-0.00614478375071476,0.00747030050512204,-0.0192512442300923,0.0190926008157699,-0.0463862244015845,0.0402595593449031
"rel_only","r_wid[wcbfad8c,n_remembered_shown]",0.00281478986531083,0.0201908508260351,-0.00430787737078502,0.00934521221222705,-0.0160844529305788,0.0233279937420057,-0.0354088910101593,0.0495750977037919
"rel_only","r_wid[wcd5d786,n_remembered_shown]",-0.00407105704513172,0.0204682429264747,-0.00992781125658868,0.00377488449741323,-0.0263505884309043,0.0144005883218267,-0.0541723828943939,0.0326269579516707
"rel_only","r_wid[wd071aa9,n_remembered_shown]",-0.000645397555268057,0.0206326605858628,-0.00657371622992911,0.00645042391170169,-0.0210190506766243,0.018547175475241,-0.0498828536496088,0.0443362378549675
"rel_only","r_wid[wd3f2678,n_remembered_shown]",-0.00190281232857442,0.0193207878624984,-0.00748044044604468,0.00490086171904182,-0.0223148366040813,0.0168831987380733,-0.0462024933755583,0.0355892791993005
"rel_only","r_wid[wd5e9df2,n_remembered_shown]",0.00614035142148616,0.0227589552416855,-0.00398566367894018,0.0153857547820645,-0.0165291759017668,0.0329352453317304,-0.0380241553704467,0.0579412684842949
"rel_only","r_wid[wd697686,n_remembered_shown]",0.0040264346313838,0.0213846548078166,-0.00473141678232738,0.0132765280576406,-0.0185406794487904,0.0282215684908533,-0.0413384225398542,0.0514810316231994
"rel_only","r_wid[wd7482cf,n_remembered_shown]",-0.00272636403065389,0.0197756856157516,-0.00914647791443251,0.00437415512165391,-0.0245275904997634,0.0168148850080176,-0.0506126209853294,0.0371501744839526
"rel_only","r_wid[wd7d7085,n_remembered_shown]",-0.00106146961873395,0.0199277618021369,-0.00738557942900685,0.00601614997464615,-0.0222634909318403,0.0195072925760782,-0.0461881642157151,0.0419179604117944
"rel_only","r_wid[wd887970,n_remembered_shown]",-0.00341673474248451,0.0220061492694509,-0.0134218640171258,0.00534973417114136,-0.0285188077526176,0.0195364473672234,-0.0500730527941225,0.0447527648294424
"rel_only","r_wid[wdabae0a,n_remembered_shown]",-0.00187846078875397,0.0194723955891886,-0.00823011973200363,0.00492846080159888,-0.022477174593119,0.017015255365953,-0.0465676271068149,0.039642687134546
"rel_only","r_wid[wdb97422,n_remembered_shown]",0.000916230493621835,0.0181857319237368,-0.00605435849453268,0.00694402292319036,-0.0173592171439382,0.0205388362705849,-0.0378431781455443,0.0434237353096084
"rel_only","r_wid[wdc0f604,n_remembered_shown]",0.00137870774044571,0.0194729444028033,-0.00604459050479489,0.00795718041309881,-0.0171253499634218,0.0229522383922244,-0.0383581328660526,0.0485366642128595
"rel_only","r_wid[wdfa587e,n_remembered_shown]",-0.00183594327243233,0.0209316338997794,-0.00962992666607998,0.00526618416912883,-0.0238431981984714,0.0183037362744893,-0.0469904769792018,0.0431067213296875
"rel_only","r_wid[wdfbc43e,n_remembered_shown]",-0.00203668288285016,0.019156497009004,-0.0090317662164787,0.00509852379307092,-0.0226053295521164,0.0179241626679699,-0.0455131154499779,0.0385050366961479
"rel_only","r_wid[we0078b2,n_remembered_shown]",-0.00351193845708292,0.0203796873132496,-0.0116768862829147,0.00463412033831117,-0.0258420713698276,0.0181344648536252,-0.051308232175346,0.0387461052362622
"rel_only","r_wid[we07eba7,n_remembered_shown]",-0.000638182055431931,0.0194754681939131,-0.00736666540545947,0.00577984299925415,-0.0207235601137353,0.0193058170583366,-0.0436335747188149,0.0431855309007783
"rel_only","r_wid[we0e98d2,n_remembered_shown]",0.0010907799160431,0.0218462108739104,-0.00900630735584985,0.00889080024279324,-0.0213052584823276,0.0254793038588361,-0.0413976627160459,0.0550667891466052
"rel_only","r_wid[we2b50c8,n_remembered_shown]",0.000150654266849543,0.0185885923233443,-0.00628658169711151,0.00666066599274384,-0.0190908912890521,0.0194381193355665,-0.0415486510333418,0.0419455921970265
"rel_only","r_wid[we35ea87,n_remembered_shown]",0.00653288118779893,0.0209949769153178,-0.00303490145881413,0.0131382179856398,-0.012992224648497,0.0303266148313552,-0.0283887743423044,0.0611111316754033
"rel_only","r_wid[we368c94,n_remembered_shown]",-0.00284089340685405,0.0194627825829234,-0.00844074236117312,0.00490471374601581,-0.0247815497330253,0.0152461379163304,-0.0537726211840322,0.03553998419974
"rel_only","r_wid[we6483ae,n_remembered_shown]",0.00255539622718951,0.0186216848597263,-0.00439303735200095,0.00971038218884415,-0.0154460972599013,0.0229693328872676,-0.0351442339294943,0.0447364570019246
"rel_only","r_wid[we6aff32,n_remembered_shown]",0.00453646681151867,0.0200104434166285,-0.00362819843388683,0.0115656529410372,-0.0142205494197719,0.0269989039197942,-0.0354407201626596,0.0538949148936269
"rel_only","r_wid[we869265,n_remembered_shown]",-0.00209206314201364,0.022032104075253,-0.0113137450278892,0.00609070621656985,-0.0257291492528487,0.0217394428188677,-0.0510096290130112,0.0473304292059634
"rel_only","r_wid[wea7f2f9,n_remembered_shown]",0.00162138302765282,0.0204923496256086,-0.00660895342772728,0.00741097307677832,-0.0178238223909619,0.0225561443452209,-0.0365074498636155,0.0514374279851347
"rel_only","r_wid[wea96b0b,n_remembered_shown]",0.00111565955079317,0.01972636204817,-0.00633426724252639,0.00739972381247994,-0.0172952485892985,0.021951851933475,-0.0395006523270229,0.0465829462430159
"rel_only","r_wid[web7e878,n_remembered_shown]",-0.00262998662978214,0.0202468020745285,-0.00831185219009998,0.00458428703315243,-0.0232775117765389,0.0159673665565371,-0.0508926514391957,0.0385552107989766
"rel_only","r_wid[wecf7799,n_remembered_shown]",-0.00118655237870926,0.0184757290454839,-0.00729506818489663,0.00541645949192783,-0.0214406899847702,0.0169040707194923,-0.0440287097290286,0.0388215908344834
"rel_only","r_wid[wed2778e,n_remembered_shown]",-0.000166038165276532,0.0215598898492273,-0.00928176716220406,0.00714047564592935,-0.022610279957277,0.0225419561787899,-0.0431368589547715,0.0531706913482238
"rel_only","r_wid[wed354d9,n_remembered_shown]",0.00271040527204422,0.0198796661083903,-0.00488052887146738,0.00868446789099324,-0.0172464566619668,0.024779264401824,-0.0362431019759803,0.0517229169860053
"rel_only","r_wid[wef591ef,n_remembered_shown]",0.00119689644407729,0.0188247717214879,-0.0062367748785836,0.00721692338847284,-0.0172010496443313,0.0211500399857189,-0.0368898168539616,0.0449046069049464
"rel_only","r_wid[wf1704eb,n_remembered_shown]",0.00331609846488405,0.0202275194458189,-0.00479289894502829,0.00879963813984649,-0.0148342860032363,0.0246691396806453,-0.0347110467205369,0.0557102355200562
"rel_only","r_wid[wf1ea1db,n_remembered_shown]",-0.00237275811474424,0.0206168391605964,-0.0095836959607363,0.0056351186900452,-0.0251006499735091,0.0181236579384988,-0.0499132308953339,0.0388321248039402
"rel_only","r_wid[wf3a15bc,n_remembered_shown]",-0.00476112983868951,0.0207582031863601,-0.0122573196319156,0.00347268512673882,-0.0287571440278906,0.0153286195967332,-0.0544117953627766,0.0360660195184824
"rel_only","r_wid[wf6aed15,n_remembered_shown]",-0.00386679493889286,0.0211671420937289,-0.0128436400116173,0.00490540024888251,-0.0280452473772434,0.0186190314183078,-0.0512836517094021,0.0410493776830752
"rel_only","r_wid[wf8b98ff,n_remembered_shown]",-0.00319064374682534,0.019411915886329,-0.00951930648144464,0.003710598088597,-0.0250358343055279,0.0149596819183494,-0.0517718036964391,0.039423031728893
"rel_only","r_wid[wf8bf1c3,n_remembered_shown]",0.000969784133690634,0.0194136427454283,-0.00572928236625388,0.00704320852046018,-0.0175071719638552,0.0212417584750152,-0.040293171965954,0.0448411856158338
"rel_only","r_wid[wf93dad0,n_remembered_shown]",-0.00602767149747609,0.0215979013883932,-0.0118244171996566,0.00320110792677501,-0.0308132407370257,0.0119617296792969,-0.0614189848355645,0.0312868686514475
"rel_only","r_wid[wf9cb312,n_remembered_shown]",0.000850013793506567,0.0194997087047153,-0.00568548719899339,0.00846483270891536,-0.0193134603976183,0.0211549477818562,-0.0446643713905707,0.0448958294924356
"rel_only","r_wid[wfd759db,n_remembered_shown]",-0.00483421733657713,0.0200939606807298,-0.01019222133384,0.00340919141899281,-0.0285315470456889,0.0125906044658647,-0.0542028667872544,0.0301337756546942
"rel_only","r_wid[wfdd68c1,n_remembered_shown]",0.000460186561242873,0.0196935727643328,-0.00607842849509849,0.00685734026878221,-0.0205946969185395,0.0205408169419691,-0.0419383266043294,0.0458802846358527
"rel_only","r_wid[wfe9216a,n_remembered_shown]",-0.00162118855101214,0.0201576942348111,-0.008329503113078,0.0048033718665713,-0.0230170011436767,0.0195973339649305,-0.0477443455723133,0.0420937766664112
"rel_only","lprior",-8.62814658264295,0.00160224923063071,-8.62915622955217,-8.62705059482873,-8.63029555311949,-8.62615625093298,-8.63151166726411,-8.62523083065724
"rel_only","lp__",-39637.436402739,17.9600947505554,-39649.3950792807,-39625.3208505157,-39660.295433487,-39614.6638364856,-39673.0590990791,-39603.1735451614
"memory","b_Intercept",7.58443337694985,0.0493034628325597,7.55221154319816,7.61748572276552,7.52142091236486,7.64908471446299,7.48869237262158,7.67989786518246
"memory","b_n_total_memories_shown",0.0583624316386043,0.0107249922750311,0.051051651981846,0.0655027080528604,0.0440583036516997,0.0720135769466037,0.0379356005381828,0.0795169217458053
"memory","b_exp_versionexp_c1",0.0050946231328893,0.0660105777781564,-0.0392297111622852,0.0489548708042518,-0.0786393287455947,0.0892363218660415,-0.120760737379636,0.137034216410059
"memory","b_exp_versionexp_c2",0.00986405254888336,0.0740294649796415,-0.0393020578296737,0.059477612260517,-0.0839986420647394,0.104709578010318,-0.136116380251744,0.155584292971626
"memory","b_nback_performance_z",0.0720159050594001,0.0205839313587306,0.058548944730851,0.0863350900555577,0.0453167584294934,0.0986242318033494,0.0318797407431419,0.111482067267417
"memory","b_n_total_memories_shown:exp_versionexp_c1",-0.00379064740861205,0.0144182034180695,-0.0134192139741633,0.00568777063866793,-0.0220586846669153,0.0141665662490477,-0.032464044790162,0.0243626373227336
"memory","b_n_total_memories_shown:exp_versionexp_c2",0.00661668318991795,0.0162502195438887,-0.00425899990586732,0.0177919877121272,-0.0142213899271079,0.0270978008442067,-0.0259257970101987,0.0384429531655367
"memory","sd_wid__Intercept",0.441963437398776,0.044302946018793,0.411024299259927,0.472063162569731,0.385343102550565,0.499215259206648,0.357445031194007,0.531607045181018
"memory","sd_wid__n_total_memories_shown",0.0866315453248962,0.0116637057741798,0.0787168679503419,0.0944619793069537,0.0716998531587922,0.101007026550894,0.0638939561524891,0.109928486831211
"memory","cor_wid__Intercept__n_total_memories_shown",-0.806505356705123,0.0516035762191418,-0.84354803779755,-0.777631506487014,-0.865413025748877,-0.740060295395047,-0.885608251898667,-0.681948685842147
"memory","sigma",0.543437842232606,0.00591515099661872,0.539510488523661,0.547418829875517,0.535700815251047,0.551141808074419,0.531969275955468,0.554990225884936
"memory","ndt",0.242733230301791,0.235866339137881,0.0720900195436791,0.334397886993373,0.0255099591700622,0.549536161079524,0.00631849634754701,0.871339658858521
"memory","Intercept",7.80429455921535,0.0219204791960778,7.78934019885374,7.81919436222361,7.77638760969483,7.8320913183949,7.76156673565311,7.84773517403199
"memory","r_wid[w001d343,Intercept]",-0.310357615531068,0.36148389691061,-0.540102242400129,-0.0760437080470735,-0.772761100642629,0.146717195271925,-1.04308695134879,0.37546480072473
"memory","r_wid[w03114c0,Intercept]",-0.28167507904991,0.289535699284549,-0.475616156421286,-0.0833205615763585,-0.642016889328842,0.0858713266600799,-0.863437049819553,0.267190164405571
"memory","r_wid[w04c1659,Intercept]",0.311470392529791,0.357441182170533,0.0697842166993865,0.549909629306513,-0.147851231749488,0.77177588465923,-0.36673027256455,1.0074072527
"memory","r_wid[w063688a,Intercept]",0.010494309593504,0.406304161310687,-0.252771726499799,0.28438535272322,-0.50525173327609,0.519242147300889,-0.803215658282113,0.808759701601884
"memory","r_wid[w06866f0,Intercept]",0.123075396994748,0.376974803643791,-0.125109699247036,0.374663631742215,-0.363097879216465,0.606501039282642,-0.626934265821334,0.851770609243373
"memory","r_wid[w0a27d42,Intercept]",0.115514402141395,0.292782373797869,-0.0784384011625734,0.309956908488072,-0.259133227907116,0.495534292847119,-0.454658656386549,0.688232297998884
"memory","r_wid[w0a90f7a,Intercept]",0.1479838766853,0.251034727868298,-0.0243079097853495,0.312098824127756,-0.162792311393421,0.467964510204725,-0.33151696806418,0.649068751170854
"memory","r_wid[w0ae94e6,Intercept]",0.313037269135259,0.37712061198649,0.0532398770827646,0.580551935072572,-0.169996468224117,0.794281225484306,-0.414394979691195,1.02610013466573
"memory","r_wid[w0b2b304,Intercept]",0.520023701773357,0.325682536148916,0.293713168342374,0.739573679634085,0.101360851190996,0.942309581972227,-0.118656461110877,1.16519534536418
"memory","r_wid[w0bdd7c4,Intercept]",0.165154268503298,0.287010564137298,-0.0326244274028351,0.362646710063024,-0.201747015150435,0.535381747919792,-0.383470259600862,0.719611292908953
"memory","r_wid[w0e7fb0a,Intercept]",-0.0945565765243343,0.197964332893461,-0.226135471846025,0.035404315017849,-0.346020867213388,0.158571457268571,-0.466659080114629,0.30941753735551
"memory","r_wid[w0fc6501,Intercept]",-0.163331905255518,0.217209369672685,-0.306299510207628,-0.0180322759903192,-0.437160873834812,0.121576962193833,-0.60094111042116,0.260443314843575
"memory","r_wid[w107fce5,Intercept]",-1.3932750883117,0.221844522189082,-1.53741485088304,-1.2411780036699,-1.681047580391,-1.10944456812129,-1.83367828826402,-0.975796738047403
"memory","r_wid[w108c7bf,Intercept]",-0.120870396776088,0.311159455004652,-0.332937694034307,0.0894059865918219,-0.514567493695535,0.277691160866192,-0.720659988162888,0.490592946444952
"memory","r_wid[w13816ba,Intercept]",0.340496266660736,0.3934967647637,0.0766030163770265,0.600501130721219,-0.146014117824867,0.83315685838492,-0.428988371265277,1.11422891237103
"memory","r_wid[w18042a7,Intercept]",0.0192725388837114,0.216559520602784,-0.129076083807726,0.167077338782725,-0.255762344379495,0.28851381824992,-0.415578401024954,0.440818340408155
"memory","r_wid[w192a97f,Intercept]",0.180002700834541,0.396398812682666,-0.0839770921102675,0.44219430823483,-0.32197523072426,0.68316377568722,-0.581842644861397,0.986599627718914
"memory","r_wid[w1ad74ca,Intercept]",0.247447827464174,0.364453538048025,0.00194464232810919,0.493550015475101,-0.214078983376841,0.699600095748753,-0.459119411265777,0.955907102257129
"memory","r_wid[w21be7c0,Intercept]",-0.146370004826289,0.255064441700676,-0.31606902287664,0.0304040608735404,-0.477697004187723,0.169034020276806,-0.656777783914023,0.358685745616207
"memory","r_wid[w2329c2e,Intercept]",0.147274504554696,0.294483266946566,-0.0543084699553585,0.340347213948825,-0.224817345603007,0.521986320735651,-0.40041829533749,0.730211842878345
"memory","r_wid[w24cc88c,Intercept]",0.309668229402542,0.439060416285478,0.019157550188339,0.610149776262933,-0.254248866751677,0.877726997636144,-0.584798649000748,1.1644012068966
"memory","r_wid[w27e5a42,Intercept]",0.0453369696715251,0.264796825642707,-0.131139785502577,0.222959627681942,-0.294454805413812,0.379301425055725,-0.476675516121547,0.549504012877053
"memory","r_wid[w28f36aa,Intercept]",0.434940516735783,0.327128869022257,0.217919432585523,0.653240110258515,0.019721013718267,0.855388336671475,-0.210405858459467,1.09749060613906
"memory","r_wid[w29215b1,Intercept]",0.41324860571087,0.309121220513129,0.211939355167345,0.61548631758106,0.0145110182345393,0.806246725549931,-0.184199284369775,1.031050389097
"memory","r_wid[w2b37aae,Intercept]",0.367019855728132,0.256754672481345,0.191723743349526,0.542390076032828,0.0454262974049276,0.695409926727769,-0.12937055684891,0.871698226734405
"memory","r_wid[w2b4a70d,Intercept]",0.110320878500109,0.329281443768897,-0.0978888866434846,0.328406552005995,-0.309331131215811,0.52489177555919,-0.550188244959739,0.75485813385995
"memory","r_wid[w2b9a138,Intercept]",-0.0174477554077446,0.269733813396873,-0.199759152642467,0.163071827013237,-0.363989358180913,0.338701259326899,-0.544166828364709,0.511742731855477
"memory","r_wid[w2d4c98d,Intercept]",0.0354616961224976,0.450389652089865,-0.266420306265842,0.331344125444228,-0.535159957146465,0.613165466439847,-0.863796885593259,0.933652848163908
"memory","r_wid[w2d80146,Intercept]",0.298358589165612,0.21870626921593,0.15073010382418,0.444191465993672,0.0153745060700406,0.574331504376661,-0.12218226546023,0.73892209695846
"memory","r_wid[w2e6acfb,Intercept]",0.39265567358484,0.208125740109897,0.246731494659459,0.535251507338834,0.123145314483083,0.660196127247454,-0.0141029030763959,0.795812123718248
"memory","r_wid[w2f45fb6,Intercept]",0.144202979843729,0.376721943901562,-0.116666793952151,0.400576563575895,-0.328804453897137,0.618951851877338,-0.588020460372373,0.880892253237074
"memory","r_wid[w2fdc513,Intercept]",-0.0753456439625844,0.296582082457906,-0.2759621621965,0.129839176858886,-0.449485870361473,0.301152233998254,-0.651120661429733,0.499584697165986
"memory","r_wid[w30bb20e,Intercept]",0.408905855166264,0.319717771354065,0.191774103860989,0.615618700112918,0.00735217930235781,0.81978901813849,-0.218134842857729,1.0467186816211
"memory","r_wid[w31415e8,Intercept]",0.156327725457999,0.404550301917753,-0.116341101982312,0.422744296515725,-0.358318802453725,0.664638060532859,-0.630631310887303,0.961111997098959
"memory","r_wid[w31bcaa3,Intercept]",-0.118878046806839,0.322772274628673,-0.332545702635955,0.0962834484676038,-0.524902777582677,0.282312605774243,-0.747865994046719,0.513721249771499
"memory","r_wid[w37d3a90,Intercept]",0.249756375167623,0.362595600297304,0.00131170881158001,0.495076881997985,-0.218120090771104,0.710952227209414,-0.47966519843412,0.954611121946181
"memory","r_wid[w3870b92,Intercept]",0.311789179839524,0.204662478842725,0.169380760814467,0.448012586540872,0.0529144913551213,0.576172188903771,-0.0760655702480075,0.725347258028719
"memory","r_wid[w3946928,Intercept]",-0.0861135073500234,0.269047942623761,-0.274986280394175,0.0917348686022087,-0.430298138612115,0.262810865211959,-0.606066064130267,0.444539426055167
"memory","r_wid[w39cea38,Intercept]",-0.490247992890783,0.244670939304518,-0.649896853873971,-0.327906245137427,-0.801963038841377,-0.179569877895573,-0.993520474178315,-0.0226812464360497
"memory","r_wid[w4077e51,Intercept]",-0.168213249649765,0.308335093064466,-0.366180882134323,0.0320459809121238,-0.564167576301148,0.218715374757534,-0.773744961326323,0.448315291820276
"memory","r_wid[w4140fe6,Intercept]",-0.189142324847535,0.235153072273161,-0.342458825226225,-0.0334295857983748,-0.488795110184546,0.115968884591046,-0.648194590230653,0.286374716479644
"memory","r_wid[w4160090,Intercept]",0.0825533942597589,0.244280679136209,-0.0824064996285361,0.244583870574167,-0.225381048144216,0.394763135702158,-0.38681028324478,0.559571104921204
"memory","r_wid[w430272a,Intercept]",-0.0396620913692255,0.221191511852017,-0.186348365063701,0.11213266706828,-0.326167137008987,0.242726242853803,-0.468575948160469,0.39006763114892
"memory","r_wid[w44a1a9f,Intercept]",-0.3233784636161,0.182462497305655,-0.447206333954546,-0.201389643535029,-0.555761195414229,-0.0852891894091086,-0.674226052257788,0.0323474506555853
"memory","r_wid[w44b0e2d,Intercept]",-0.0268829114748112,0.430005982384325,-0.305459073899221,0.268446950937357,-0.582482976044862,0.524410771688304,-0.89207966684037,0.789414870775403
"memory","r_wid[w45af4af,Intercept]",0.177903874928927,0.355728105356468,-0.061361322773902,0.412775892176372,-0.266250501684836,0.635447294104867,-0.533261082968757,0.872801120418925
"memory","r_wid[w47f6859,Intercept]",-0.178856303904494,0.263618772751263,-0.355611703138982,-0.00841649820385254,-0.511687368917569,0.154975523482057,-0.714261290865166,0.342663447467454
"memory","r_wid[w488be27,Intercept]",0.283140931215706,0.224061762396726,0.129530553929768,0.43565319238421,0.000173599710211965,0.566820215785816,-0.158655785334549,0.729149667321126
"memory","r_wid[w496515d,Intercept]",0.0228352253883372,0.24175116399469,-0.137921614388463,0.186255508364749,-0.290224084514726,0.337671538579333,-0.444425444413188,0.497458813473778
"memory","r_wid[w497e696,Intercept]",0.326376137314722,0.225664936965793,0.174381975076492,0.475609929605328,0.037906592766938,0.622137251726563,-0.114172153461608,0.771559683261119
"memory","r_wid[w4a643e0,Intercept]",-0.79168362022819,0.266069815260743,-0.965774648984051,-0.612334200908696,-1.1311427175082,-0.456590070577867,-1.33666543399148,-0.282226481078461
"memory","r_wid[w4b34871,Intercept]",-0.0844467990022578,0.243511595851055,-0.249014557356973,0.080590419040225,-0.400829263504463,0.229673671534942,-0.563188221943868,0.381723621360984
"memory","r_wid[w4bdc2df,Intercept]",0.182648357489282,0.256277213301977,0.00818259767255834,0.352806962842669,-0.150688732328244,0.51601236473092,-0.307058047217893,0.684428328285278
"memory","r_wid[w4e902e8,Intercept]",-0.334532640677236,0.305871424937076,-0.538297601567131,-0.121018838936916,-0.723623851417082,0.0456975074212695,-0.964365253939872,0.244075145152988
"memory","r_wid[w4e997cb,Intercept]",0.109207759570833,0.290341020339834,-0.0842705447363913,0.298334052470214,-0.258971974027904,0.483152533337702,-0.476380487966634,0.668279460146547
"memory","r_wid[w4ebac4c,Intercept]",0.128267072182501,0.254937977933535,-0.047564648747663,0.300580079596455,-0.190242655865415,0.456133160117062,-0.362252474906583,0.634135433756898
"memory","r_wid[w4f4cbdd,Intercept]",0.0218345406130149,0.331193033827837,-0.207727251406565,0.249537336591375,-0.396268739273377,0.443588319531006,-0.641368406499394,0.667081617268634
"memory","r_wid[w502a382,Intercept]",-0.854473260156384,0.223195284686773,-1.00250422386537,-0.70324439153023,-1.13872004102715,-0.571220978165375,-1.29570143870386,-0.424999446424448
"memory","r_wid[w52f1872,Intercept]",-0.0246572575695606,0.254636404023007,-0.198001285285067,0.149167732762367,-0.345535841854932,0.296144893465151,-0.538698948941014,0.469793014931045
"memory","r_wid[w5305891,Intercept]",0.413582436928319,0.205164728258386,0.274138662983172,0.553615144513782,0.148424528403102,0.672164693816475,0.0014537513484231,0.810460513171898
"memory","r_wid[w5317a1b,Intercept]",-0.196308549526199,0.375736706361317,-0.447281212452835,0.052717684285143,-0.677579227747722,0.288015067582482,-0.943430871319599,0.550363660969396
"memory","r_wid[w55e643e,Intercept]",-0.203230722298359,0.405248649245883,-0.476954682209185,0.070076882242518,-0.724692899638053,0.317210145570513,-0.996609319995467,0.575465124985554
"memory","r_wid[w58111ca,Intercept]",-0.595366603652791,0.30125364595319,-0.79137813601951,-0.393424470402978,-0.977250497213321,-0.21244281165558,-1.22160721716153,-0.00817844377860763
"memory","r_wid[w58ddb10,Intercept]",0.272520300873957,0.232866303753714,0.113780046900277,0.429185732525175,-0.0256278898017552,0.573132664564073,-0.174454895789553,0.727971879726874
"memory","r_wid[w5bee286,Intercept]",-0.228697833542004,0.312175717730987,-0.441146455474749,-0.0172232558732501,-0.616161377291158,0.176158488879618,-0.835057546919652,0.387437664018647
"memory","r_wid[w5e13b84,Intercept]",0.0104926290340566,0.185840081306656,-0.111089548815273,0.134947803415462,-0.226418988285712,0.250250703697345,-0.359767029296404,0.382540036083863
"memory","r_wid[w5ef243f,Intercept]",0.0494206352886661,0.308435637773842,-0.168343384571599,0.259250433369463,-0.344873919467704,0.446619421017714,-0.547568577224782,0.645211997301038
"memory","r_wid[w5fb2730,Intercept]",0.217060005974715,0.292190823593083,0.0146934627722958,0.413276420387995,-0.143972075081918,0.592611562915268,-0.361145468999867,0.79818550301163
"memory","r_wid[w6079012,Intercept]",0.508043036353804,0.313788092875196,0.287737604628236,0.71999267465598,0.114703529160038,0.914604745098946,-0.083781437976096,1.1427409727641
"memory","r_wid[w608e33c,Intercept]",0.204503337725567,0.386562880166758,-0.0452436257317676,0.452491981064015,-0.279588176182483,0.693570559732676,-0.560714871036061,0.983132169300637
"memory","r_wid[w60e592a,Intercept]",-0.333954581228085,0.251349903200295,-0.499154371189876,-0.160051899071525,-0.658766430305713,-0.0187976210399879,-0.834488011640996,0.145855379320178
"memory","r_wid[w62f57a5,Intercept]",0.048402841275848,0.347191574684887,-0.177512491653881,0.282579141511859,-0.39979883448576,0.494538878538961,-0.624382832642653,0.732161622507599
"memory","r_wid[w65ae27b,Intercept]",-0.609139708607084,0.214543591491404,-0.752516317870867,-0.45946438914689,-0.886955624189532,-0.343094301359417,-1.03303269676053,-0.188992603178765
"memory","r_wid[w65ed633,Intercept]",0.237712775552425,0.426083376791429,-0.0401711253776049,0.522607773401095,-0.31950659715402,0.782838645281687,-0.60864449980742,1.07424807358721
"memory","r_wid[w67efce7,Intercept]",-0.213644114355435,0.402350790210444,-0.48160892587179,0.0501009855949652,-0.726184242232356,0.300111020629442,-1.02173092911154,0.568675463867372
"memory","r_wid[w6b34a8b,Intercept]",-0.773984596263884,0.34767524456328,-1.00487738519604,-0.551834420993712,-1.21743002697941,-0.345931488886088,-1.45758226754251,-0.0791643847729349
"memory","r_wid[w6c5aa72,Intercept]",0.300958865945037,0.255342134415352,0.13090041237997,0.470498920515866,-0.0309665486675969,0.624627715711256,-0.198256681840098,0.810784384261537
"memory","r_wid[w6e46ddf,Intercept]",-0.586662905323106,0.343360629710436,-0.805952712545876,-0.353187689476499,-1.02587734787951,-0.156813205004981,-1.28015228324046,0.0739192783786336
"memory","r_wid[w6ebaea9,Intercept]",0.349311306753605,0.236681747746487,0.186780183096559,0.509664358178195,0.046919587714701,0.647920292791099,-0.11417319154805,0.827177018872803
"memory","r_wid[w6fe5d47,Intercept]",-0.322270235836887,0.182120230406716,-0.44289673114382,-0.199455484303094,-0.55447639010493,-0.0921173061928048,-0.680134454894703,0.0376350514287817
"memory","r_wid[w715d917,Intercept]",-0.125498768101052,0.217520675671158,-0.268713875849999,0.0190732534726541,-0.403440063382439,0.153512063584708,-0.538992226989008,0.308733515891601
"memory","r_wid[w720e820,Intercept]",-0.277692278574501,0.202854314258872,-0.4148992682623,-0.141218212717458,-0.536136653704258,-0.0179348664000851,-0.678314445921253,0.123127069220645
"memory","r_wid[w7606987,Intercept]",-0.0220792186096129,0.183737287810413,-0.14517441725931,0.0998772039793263,-0.25585847429319,0.216313431720852,-0.388445435311622,0.336768231817022
"memory","r_wid[w7978f92,Intercept]",0.0529418561648458,0.429479597979055,-0.238012416295062,0.346346457104456,-0.507327745852694,0.593463048522637,-0.79042473985996,0.881388886857866
"memory","r_wid[w797a1e5,Intercept]",0.0140908623744666,0.44137626917775,-0.284414861490142,0.317521203215442,-0.550668085218175,0.573351841458135,-0.853785833935661,0.890563809171899
"memory","r_wid[w7a04fdc,Intercept]",-0.848982023930089,0.202126447205387,-0.98085105062164,-0.714150032827971,-1.10767143930548,-0.593891536696531,-1.25446090388666,-0.455587431018772
"memory","r_wid[w7c1d29f,Intercept]",-0.0852055264246603,0.408316139898008,-0.352327958978257,0.180688361898337,-0.61146814423678,0.439021817614376,-0.876864421186592,0.717791660697544
"memory","r_wid[w7cfc37e,Intercept]",0.108745207644598,0.321762095433245,-0.103764881246943,0.318290700927437,-0.300072219039136,0.509541945275514,-0.543502526226026,0.716558072054526
"memory","r_wid[w7e41e95,Intercept]",0.0284060561568849,0.230041508389784,-0.126646642941567,0.177162138778811,-0.27299586313256,0.315205057228975,-0.421932869038541,0.485877591716357
"memory","r_wid[w80189d3,Intercept]",-0.432183543323567,0.204665264266781,-0.569605534216811,-0.297098040461346,-0.692278822909901,-0.163851048102819,-0.825266654859767,-0.0225100101375649
"memory","r_wid[w8146fb9,Intercept]",0.157942233482291,0.356958308498733,-0.0829350532233163,0.397013328315219,-0.298615199206071,0.619562176057976,-0.531718467467207,0.868940338801115
"memory","r_wid[w84e06f3,Intercept]",0.166237049268774,0.410046417849105,-0.108345387048539,0.442438275616847,-0.354438493321047,0.697919206396873,-0.653780381150367,0.962792048206678
"memory","r_wid[w8937d22,Intercept]",0.17483167015951,0.25284620392301,0.00380524319585068,0.344466530992288,-0.148783945085467,0.501283120249995,-0.299064075450146,0.67420010056123
"memory","r_wid[w8ad52eb,Intercept]",0.477982206782884,0.24074156481152,0.319959203097119,0.638392306305007,0.1630505527925,0.783321699092586,0.00360660961117356,0.954663354002
"memory","r_wid[w8bc33f5,Intercept]",0.27705108063799,0.322573709320406,0.0570179436281399,0.496104689685665,-0.127680283720481,0.698613249418219,-0.341884778085905,0.921917129076306
"memory","r_wid[w8d56791,Intercept]",-0.267396586408802,0.25709347899452,-0.44026520258624,-0.0897695850023302,-0.596747258663287,0.0565307996175368,-0.771221396410637,0.229985867695718
"memory","r_wid[w8e2568d,Intercept]",0.185427930294134,0.233760296167771,0.0260894756342596,0.340135807388784,-0.111808512201483,0.484955658681737,-0.270767261218131,0.64869838842313
"memory","r_wid[w8e5f535,Intercept]",0.227594872850692,0.304446879734885,0.0303215573146843,0.428773548272223,-0.146918680773138,0.615068575228955,-0.400666195641476,0.820550157641948
"memory","r_wid[w8eb1000,Intercept]",0.05889983548056,0.391621830138446,-0.203079056910664,0.321290059767565,-0.447331290624305,0.556587821760584,-0.734992041436652,0.800889556740423
"memory","r_wid[w8f37d35,Intercept]",-0.147604551622906,0.19979170802182,-0.278496153135395,-0.0143204193960331,-0.402382287957141,0.106355400743978,-0.548029209661634,0.240584537416568
"memory","r_wid[w8f47681,Intercept]",-0.65729637954774,0.396994355246377,-0.919197567800222,-0.389162505428289,-1.14377994322018,-0.16424269307676,-1.47273899058442,0.110059291231864
"memory","r_wid[w8f710ed,Intercept]",0.196516316667198,0.316177619076966,-0.0135808798045238,0.411074276327969,-0.206765269657876,0.602153899755318,-0.421785252823314,0.81936141013889
"memory","r_wid[w91e953e,Intercept]",-0.0124012294625002,0.378242690651288,-0.252315843174844,0.240544704979622,-0.491655781510974,0.463013999544718,-0.780744636789289,0.70472562336925
"memory","r_wid[w93de42b,Intercept]",0.352881592310329,0.281466577214077,0.164672947171765,0.542430458119133,-0.00355224003766555,0.708228534409175,-0.209482628385492,0.902239312540533
"memory","r_wid[w950a999,Intercept]",-0.0398411649131434,0.348285680990049,-0.271470717205072,0.19640394511943,-0.481677630880779,0.40942714741338,-0.730862716031518,0.642971975857814
"memory","r_wid[w95f2351,Intercept]",0.171273814612896,0.415019823595826,-0.11408690390849,0.446498092156473,-0.352012332405303,0.697287448888526,-0.635683393239794,0.976077601399129
"memory","r_wid[w967bd55,Intercept]",-0.401184372486885,0.329217366078487,-0.619988984369878,-0.185098937589064,-0.821998444886994,0.0208002257682503,-1.0492128541262,0.240352111220958
"memory","r_wid[w970a2f0,Intercept]",-0.0937480133445197,0.240879866994268,-0.253358967403785,0.0716144179282402,-0.405080912614164,0.211758963519106,-0.563655848775215,0.386546996254507
"memory","r_wid[w973f72a,Intercept]",0.178680919520354,0.247781172710281,0.00994183261970073,0.345530845639538,-0.141180311215347,0.501131591205359,-0.322148068652292,0.652529583646521
"memory","r_wid[w977f12b,Intercept]",-0.0157466623007972,0.402544902539221,-0.294041686125286,0.264866391732218,-0.526781929824748,0.503398139283393,-0.80835534738056,0.752620080080769
"memory","r_wid[w993543c,Intercept]",0.0803830558376204,0.296495851741681,-0.114182835336466,0.276828656230604,-0.298620653997648,0.457832302241143,-0.510740653938123,0.657859108937524
"memory","r_wid[w9a48bb6,Intercept]",0.00610225410931044,0.267655235333288,-0.175847315872488,0.184698263560024,-0.33530786183801,0.352489087528479,-0.538882714740591,0.510532044016548
"memory","r_wid[w9be1ae9,Intercept]",-0.249332491087385,0.208678405143998,-0.39178349938125,-0.113406152943931,-0.507841660624259,0.0251362573840443,-0.652328914954138,0.158895617116662
"memory","r_wid[w9d4c48d,Intercept]",0.138377351942642,0.356474191507871,-0.106360717309155,0.376602656781146,-0.309788362434081,0.583481088058409,-0.568894973997772,0.854899680217412
"memory","r_wid[w9f6c077,Intercept]",-0.117325135114152,0.300293088398042,-0.310718310197577,0.0812591939358219,-0.502920176907012,0.26587078437652,-0.718732716495093,0.460340077646719
"memory","r_wid[wa0cc687,Intercept]",-0.217459367462086,0.209424987672873,-0.361308238280516,-0.0741206422618005,-0.483068022824917,0.052679171533603,-0.628428183254178,0.179503743858395
"memory","r_wid[wa13a069,Intercept]",0.0384624968291414,0.341516336512879,-0.185121171005743,0.273412207954594,-0.404115561549206,0.467396403315094,-0.630135839699917,0.697447934119231
"memory","r_wid[wa36b055,Intercept]",-0.258673759462588,0.19289026908444,-0.386212117243559,-0.133898178389055,-0.501013186718413,-0.00971511559996407,-0.640138623596197,0.126599496359082
"memory","r_wid[wa577349,Intercept]",0.11693313684645,0.321242218913848,-0.0930572451868837,0.327033840600289,-0.291606247927198,0.527710319151553,-0.520268585780422,0.738545575967997
"memory","r_wid[wa797b6a,Intercept]",0.00432228976168678,0.43568026797791,-0.294994702700608,0.292059087419849,-0.540863248397491,0.563475090968601,-0.865380295189515,0.866796799504104
"memory","r_wid[wa88aaed,Intercept]",0.0493652469606463,0.287698819837769,-0.150481615210898,0.243001151862882,-0.322772464290108,0.421247692569028,-0.509390963982503,0.623989654827323
"memory","r_wid[wa90a378,Intercept]",-1.2161078090554,0.304538059170983,-1.41714639381825,-1.00359764357127,-1.60716677322871,-0.83723221781561,-1.83621726790805,-0.634498502872277
"memory","r_wid[wa913679,Intercept]",0.142492357360478,0.345394661305946,-0.0915093916897985,0.375219488002598,-0.293316282745124,0.587948625238706,-0.521528844283355,0.821880232163733
"memory","r_wid[waa6a3c8,Intercept]",0.47722330490642,0.247731165292899,0.308564552488683,0.642272247756673,0.160076993327715,0.798755734000255,-0.00380520379178573,0.968879484239363
"memory","r_wid[wab2e8f4,Intercept]",0.23019103189895,0.312658618215159,0.0211556992666023,0.432377685464097,-0.171814462485044,0.63844865539918,-0.369472138376515,0.855720273903971
"memory","r_wid[wada012d,Intercept]",-0.254651842172434,0.22947379409429,-0.40898009702612,-0.102112979032602,-0.543947779668681,0.03871121406987,-0.697562723795292,0.206943100558425
"memory","r_wid[wae959a9,Intercept]",-0.820694007426977,0.218777921926247,-0.968757531756408,-0.67288081801249,-1.10197925473509,-0.536726406234658,-1.24102765035677,-0.398562821548717
"memory","r_wid[wb0ecf0b,Intercept]",-0.623012249112914,0.258128708609996,-0.796512510322838,-0.447331886755338,-0.95032742259139,-0.291532135862476,-1.13693684075935,-0.123413648890127
"memory","r_wid[wb14e228,Intercept]",0.0644256222450454,0.354673083767404,-0.172252589653692,0.30634017829674,-0.385386842181655,0.52955194895244,-0.644243739568028,0.745607948491635
"memory","r_wid[wb2e2d84,Intercept]",-0.0797690532482176,0.21963365125246,-0.22750715804703,0.071094221169136,-0.357543898921232,0.201902577144218,-0.5003702320721,0.345939411411846
"memory","r_wid[wb51887d,Intercept]",-0.279528984089027,0.302038627308062,-0.476029223689103,-0.0837116198809132,-0.667235910752979,0.10956478424056,-0.876360894195408,0.325642230245369
"memory","r_wid[wb71ae9a,Intercept]",-0.294454067035855,0.190390675949017,-0.419119258645075,-0.166794324327867,-0.536708936402281,-0.0461094962654216,-0.669046034531267,0.0765955473622651
"memory","r_wid[wb900a5f,Intercept]",-0.715757010083663,0.220961861883876,-0.865191824055662,-0.564851498894666,-0.998046205356312,-0.436246137829823,-1.15031215443636,-0.272610642444382
"memory","r_wid[wb90ffa2,Intercept]",0.124512739671441,0.271099526333306,-0.0561859279159088,0.303800965756068,-0.22459316867985,0.471965924240263,-0.413470382173302,0.644212401939521
"memory","r_wid[wbaa44ea,Intercept]",0.0856277051280721,0.418782177683673,-0.191333433109446,0.364028647003735,-0.443347935043393,0.618547639459654,-0.736571347132723,0.927922313814567
"memory","r_wid[wbb70a68,Intercept]",0.28943563010068,0.233526436591028,0.136060546159202,0.444713720193811,-0.005856779159123,0.594332697575424,-0.163800514762685,0.748162658828573
"memory","r_wid[wbc9e827,Intercept]",0.0257220013172925,0.399948609078138,-0.243338591374757,0.283609495040366,-0.483368526863133,0.531068402719087,-0.747698470862551,0.836766608360931
"memory","r_wid[wbcfaf6a,Intercept]",0.160498605161663,0.338801190084209,-0.0593961733592898,0.382251828433698,-0.266845114812132,0.582390217589352,-0.498281435491796,0.843229737522142
"memory","r_wid[wbd60b70,Intercept]",0.0557423069400683,0.327003361356107,-0.161973658396943,0.272821756645064,-0.36681505329415,0.468628025166407,-0.605491659868128,0.686503703022918
"memory","r_wid[wbe3571b,Intercept]",0.110182840478198,0.255404296460993,-0.062440661984974,0.28088514033877,-0.210363102072322,0.434157236193263,-0.402010880149577,0.619158123308307
"memory","r_wid[wbf6ee18,Intercept]",0.0792081490464969,0.192854268844581,-0.0546329756631582,0.207536326136406,-0.165004975150785,0.33247264448275,-0.290725026186839,0.460647958516214
"memory","r_wid[wc04c93a,Intercept]",0.255071039576166,0.317222863472942,0.0402334377429593,0.465190448588018,-0.152346622461171,0.660406819550327,-0.368231248645211,0.864188533530947
"memory","r_wid[wc471696,Intercept]",0.508832770800295,0.372788476993302,0.266372448531748,0.758237199698087,0.028408724070758,0.996290273416997,-0.231283816968149,1.23730802398193
"memory","r_wid[wc5adc9d,Intercept]",0.25597549965742,0.208031227246008,0.116141440876578,0.395487920603612,-0.0131238958890999,0.517913101543047,-0.154329322320841,0.655183762399531
"memory","r_wid[wc6ebbf2,Intercept]",0.209390266895527,0.290661517239331,0.0226541426362263,0.397371310456786,-0.16180391768429,0.573052938338063,-0.374983013609578,0.785884939327443
"memory","r_wid[wc9128ed,Intercept]",0.297323548274228,0.270984435528,0.112381415085418,0.477709179058107,-0.0510237482595586,0.647436712862677,-0.221108507395934,0.840582460356404
"memory","r_wid[wc9d64f4,Intercept]",-0.24983411627525,0.26377123659749,-0.425091137590331,-0.0736059233749674,-0.585408531620084,0.0838800239685064,-0.768361775974213,0.286791162790802
"memory","r_wid[wca8e71a,Intercept]",-0.388507768911964,0.380979830372735,-0.647980260411159,-0.136183659658857,-0.868699281053179,0.101762635318343,-1.12985979900847,0.363919872876296
"memory","r_wid[wca9e1aa,Intercept]",-0.378825735754551,0.233415317198018,-0.530423283995656,-0.217406324798015,-0.67847037766715,-0.0821023796185683,-0.848672027673431,0.0742732930248358
"memory","r_wid[wcabe93e,Intercept]",0.136187282135454,0.361282021825583,-0.108010219904197,0.389632957924166,-0.330886567687988,0.59957511748527,-0.575901850364227,0.820824636066479
"memory","r_wid[wcbb66d9,Intercept]",-0.143172888012772,0.225918243851197,-0.291408858556116,0.00928868001657673,-0.434675529868777,0.149319799886952,-0.579759526219596,0.298838600998123
"memory","r_wid[wcbfad8c,Intercept]",0.147872363626662,0.249895768855908,-0.0201727080125116,0.313964575441996,-0.17277741988136,0.466587716681035,-0.321311856272986,0.645295244310716
"memory","r_wid[wcd5d786,Intercept]",0.207250042027095,0.35207248401952,-0.0324258156961216,0.447618543848984,-0.239848179763096,0.661619507975734,-0.459597693169272,0.91757618402891
"memory","r_wid[wd071aa9,Intercept]",-0.107841692900138,0.37271952851969,-0.359839008987009,0.138748549382033,-0.587420540553932,0.378206995962935,-0.810886720359076,0.644002236906556
"memory","r_wid[wd3f2678,Intercept]",0.292160263659974,0.187597275800263,0.163606586922197,0.418349329262386,0.0500099074899912,0.533715195480371,-0.0730433374888808,0.666135912698553
"memory","r_wid[wd5e9df2,Intercept]",-0.401564765694393,0.226343558311857,-0.55797047056038,-0.250804217996511,-0.690637231876088,-0.109944598768666,-0.834871172975246,0.0467911412929393
"memory","r_wid[wd697686,Intercept]",-0.68323969875361,0.223612361668141,-0.82746744346317,-0.530325176813193,-0.96607991836588,-0.401454093617764,-1.13408453422497,-0.253090850769647
"memory","r_wid[wd7482cf,Intercept]",0.127821275685489,0.319028400416602,-0.0903064814606461,0.341511127622737,-0.269348242502936,0.534685727439084,-0.492042280491078,0.776405377952641
"memory","r_wid[wd7d7085,Intercept]",0.069693996774269,0.320270820720971,-0.137119473022469,0.282693873218654,-0.339052765766149,0.47805302525653,-0.568277591565472,0.701989240992888
"memory","r_wid[wd887970,Intercept]",0.403248279182652,0.357864062010531,0.170154662396021,0.636087425051561,-0.0607135555725132,0.863745123218064,-0.28454351995763,1.10511991584942
"memory","r_wid[wdabae0a,Intercept]",0.141202494524054,0.275416838563043,-0.0437634617288076,0.324949846924407,-0.20950166500119,0.487905003391306,-0.406455046324581,0.670317971073553
"memory","r_wid[wdb97422,Intercept]",0.0737151476001045,0.254833253606358,-0.0948110045081831,0.247819695921577,-0.253851405335289,0.392490256623885,-0.437186134836575,0.56539303596463
"memory","r_wid[wdc0f604,Intercept]",0.0370871601123642,0.261170717919261,-0.133553991708807,0.219727105890745,-0.294977352654396,0.366320810720652,-0.505964388994952,0.532397538934991
"memory","r_wid[wdfa587e,Intercept]",0.477121698788209,0.319310923132248,0.255019914461173,0.694530002287468,0.0756749074871316,0.888124592329366,-0.134662126914996,1.1068746898675
"memory","r_wid[wdfbc43e,Intercept]",0.244158533877102,0.430779301744183,-0.0499743254320944,0.537912436331457,-0.306425000214333,0.787626186726691,-0.590217892269092,1.06843799071215
"memory","r_wid[we0078b2,Intercept]",0.0565095525414238,0.36466454963333,-0.185705578028255,0.290717457555211,-0.399802348056036,0.509400551848806,-0.683754202984528,0.799558534962517
"memory","r_wid[we07eba7,Intercept]",-0.159285852760045,0.266288454526512,-0.336312592524709,0.0189381880357463,-0.508351791235434,0.177917438320631,-0.691277693712681,0.353963500783463
"memory","r_wid[we0e98d2,Intercept]",0.0361161345626985,0.431695137004872,-0.235396489857131,0.311227768305334,-0.504595624134958,0.587797870903555,-0.844307050894677,0.905074467559614
"memory","r_wid[we2b50c8,Intercept]",-0.0170258366373635,0.220116038645664,-0.160956473219925,0.124557714756178,-0.296869127076983,0.258975427453671,-0.454883179707822,0.420014202185358
"memory","r_wid[we35ea87,Intercept]",-0.141568937462473,0.367119227855434,-0.38985213126842,0.101980947873495,-0.618044034495573,0.32156686080247,-0.847251631962628,0.580979617934881
"memory","r_wid[we368c94,Intercept]",0.0182510074692598,0.420352581017162,-0.264952378359946,0.29507261742924,-0.517003985127346,0.550850777556676,-0.808904901977689,0.831922110812955
"memory","r_wid[we6483ae,Intercept]",-0.562365957682874,0.302723559948184,-0.76719701587568,-0.356584544925541,-0.945054671347373,-0.175646228794711,-1.17082723958063,0.0243373285595634
"memory","r_wid[we6aff32,Intercept]",-0.122024192289772,0.269618294547271,-0.304781147065227,0.0646875281128644,-0.474582091164383,0.223272570796527,-0.657510633517239,0.384579378235405
"memory","r_wid[we869265,Intercept]",0.292373632859287,0.349084160917421,0.0600509715276716,0.524944475118176,-0.157687698771526,0.748610795964524,-0.386776554139964,0.959979225895485
"memory","r_wid[wea7f2f9,Intercept]",0.15862471620602,0.272783399929121,-0.0212365816060677,0.339298483117385,-0.184811178563041,0.510990600621708,-0.375243553365604,0.701193188900827
"memory","r_wid[wea96b0b,Intercept]",0.148650502804969,0.2328073903577,-0.00816730920390307,0.307276858514754,-0.150822708377202,0.442485380354329,-0.303470152871224,0.600077528100503
"memory","r_wid[web7e878,Intercept]",0.228353778710371,0.25469343543496,0.0655396444418882,0.395834797459183,-0.0918886481913624,0.54947233876156,-0.289241920675825,0.725913377596346
"memory","r_wid[wecf7799,Intercept]",0.0611757785368549,0.226264561028655,-0.091004616061607,0.211947862600782,-0.228640407708033,0.348361258942254,-0.378313022613375,0.51283194918468
"memory","r_wid[wed2778e,Intercept]",0.111235378896834,0.407374770353612,-0.162787467357501,0.370449646836882,-0.398782857592382,0.626886503577456,-0.684572640768439,0.941565855835949
"memory","r_wid[wed354d9,Intercept]",-0.180635335046092,0.275833058389774,-0.365767334767941,0.00935045223292002,-0.530914499442331,0.165830084081081,-0.735828202458788,0.351937182761341
"memory","r_wid[wef591ef,Intercept]",0.307441409572045,0.245506268449058,0.147357189866739,0.473157560724749,-0.0180652406239333,0.624196787751147,-0.171083718691189,0.782056612849685
"memory","r_wid[wf1704eb,Intercept]",-0.0892465778946131,0.265031882253459,-0.26683931473001,0.0887540071186223,-0.419930964948579,0.259903578633283,-0.597317946371306,0.420068460958652
"memory","r_wid[wf1ea1db,Intercept]",0.230373169566385,0.238090865458827,0.073885810707447,0.388809939882604,-0.0705704570837953,0.528720328547432,-0.240045618544476,0.70474572883191
"memory","r_wid[wf3a15bc,Intercept]",0.577888312126665,0.230131586116953,0.423102269285925,0.732480021874932,0.288777768742439,0.879292697717695,0.135734832523423,1.03289734240341
"memory","r_wid[wf6aed15,Intercept]",0.347347010299688,0.216660728072042,0.201559926729149,0.491462342479683,0.08030426350026,0.630749556180661,-0.0728098633259384,0.782739530674094
"memory","r_wid[wf8b98ff,Intercept]",0.420859953259086,0.247828080386707,0.248034570972337,0.591553545705387,0.114499629266671,0.740111829650145,-0.0523476282455393,0.918487980999435
"memory","r_wid[wf8bf1c3,Intercept]",0.131710516648983,0.369063502505741,-0.114100725424299,0.379264163087487,-0.335337192784931,0.604447450255647,-0.586496190676597,0.859676541223265
"memory","r_wid[wf93dad0,Intercept]",0.1843674046823,0.386394690487695,-0.0717822130340251,0.432586733808294,-0.29970582545775,0.67291157937126,-0.565933963100903,0.962198684132999
"memory","r_wid[wf9cb312,Intercept]",-0.0673236556122206,0.391499161927608,-0.328082617740381,0.186489911618327,-0.559456388263253,0.430235325218697,-0.85226936295874,0.713391226082481
"memory","r_wid[wfd759db,Intercept]",0.230306288694218,0.224495548044797,0.0759505372941814,0.378038470760807,-0.0465931333712556,0.514924144968042,-0.205362522790244,0.661122022154386
"memory","r_wid[wfdd68c1,Intercept]",-0.16597633061145,0.399250005651648,-0.432982971889625,0.100187387971179,-0.682352344086822,0.339654096628327,-0.940724704118014,0.619851125932308
"memory","r_wid[wfe9216a,Intercept]",0.0607024920801604,0.291974433875595,-0.135654169033764,0.254917812439924,-0.316660751442415,0.428742185311668,-0.514418715246113,0.642574550032883
"memory","r_wid[w001d343,n_total_memories_shown]",0.0744633774179869,0.0801800886948947,0.0231614328446998,0.124027407192249,-0.026953989160808,0.177993265257644,-0.0833391589378027,0.236035757804287
"memory","r_wid[w03114c0,n_total_memories_shown]",0.000237511042816747,0.0646192991234041,-0.0425552339177365,0.0429971530921722,-0.0817094294388682,0.0825021702463054,-0.122367624129881,0.130376334855717
"memory","r_wid[w04c1659,n_total_memories_shown]",-0.0377102009880298,0.0780063485206109,-0.0884223377343145,0.0142249327930286,-0.138179496589093,0.0613064526474799,-0.193871706067419,0.114349594248519
"memory","r_wid[w063688a,n_total_memories_shown]",0.0442099198566767,0.0743511163786346,-0.00530560667036897,0.0938738389262076,-0.0499285356403565,0.139046980268347,-0.101473229520636,0.193541456503034
"memory","r_wid[w06866f0,n_total_memories_shown]",-0.00884486419476375,0.0762797592814246,-0.057614961467704,0.0423805677216845,-0.106700383547375,0.0878022913229704,-0.159483998989352,0.145299538834401
"memory","r_wid[w0a27d42,n_total_memories_shown]",-0.0158670309118442,0.0654992015654825,-0.0587717237448493,0.0271616640848125,-0.0999397569266146,0.068430195901193,-0.143598722674048,0.114273011878351
"memory","r_wid[w0a90f7a,n_total_memories_shown]",-0.035018578786746,0.0620340195887888,-0.0758602758157959,0.00772102123935808,-0.115877904917712,0.0418422287406804,-0.156863814518617,0.0831866396426588
"memory","r_wid[w0ae94e6,n_total_memories_shown]",0.00911698172472736,0.0712426365520211,-0.0395960382216314,0.0579356575778135,-0.082346803407646,0.100539453901029,-0.127261787930739,0.148408852521805
"memory","r_wid[w0b2b304,n_total_memories_shown]",-0.109850798845115,0.0635379714220447,-0.153603510883168,-0.066265351191721,-0.191600288730249,-0.0284139823808442,-0.236573284350873,0.0110743210620206
"memory","r_wid[w0bdd7c4,n_total_memories_shown]",-0.0728380391889999,0.0664048877071211,-0.117615985646735,-0.0267284717957374,-0.15859460229753,0.0132231994165676,-0.202634384079732,0.055702665186691
"memory","r_wid[w0e7fb0a,n_total_memories_shown]",-0.00678035161720213,0.0654808977915607,-0.0501782817944612,0.0364911934352425,-0.0892911284577587,0.0772625918802866,-0.135460986058644,0.121827785963939
"memory","r_wid[w0fc6501,n_total_memories_shown]",0.0356176210899823,0.0727051195951975,-0.0131484506411248,0.0835522753665782,-0.0552176570067991,0.127172880345804,-0.109850373754029,0.18218445092301
"memory","r_wid[w107fce5,n_total_memories_shown]",0.260587258635645,0.0770527413479132,0.207186944055085,0.312761348119977,0.162501338545587,0.359338155202204,0.117153714547278,0.414576431988519
"memory","r_wid[w108c7bf,n_total_memories_shown]",-0.0402154067535108,0.0710945605932012,-0.0881274008160007,0.00870833229751124,-0.132377651394485,0.0515016468742923,-0.180397602631857,0.0928168480007273
"memory","r_wid[w13816ba,n_total_memories_shown]",-0.0225702451404221,0.0743903720186958,-0.0723076835385943,0.0280032503750589,-0.114911728995719,0.0705827401114807,-0.170190678467948,0.126175941035549
"memory","r_wid[w18042a7,n_total_memories_shown]",-0.0270713448437721,0.0486213549446805,-0.0590498939580014,0.00543053214309942,-0.0906292146620313,0.0333974508874037,-0.125425337094628,0.0671137741052577
"memory","r_wid[w192a97f,n_total_memories_shown]",-0.0683617844625692,0.0766175379591357,-0.117687778815835,-0.0165888368895853,-0.165371593613156,0.0280260211992897,-0.221251600008797,0.0769812267975164
"memory","r_wid[w1ad74ca,n_total_memories_shown]",-0.0160921750633385,0.0754813787894315,-0.0653291251873766,0.0343289748136918,-0.110556382438194,0.0779149047696758,-0.166307309817126,0.132681858679188
"memory","r_wid[w21be7c0,n_total_memories_shown]",-0.0396155249189207,0.0542742454229839,-0.0752557491776289,-0.00385337911812158,-0.108894435894126,0.0320770681032976,-0.147586884952093,0.0679024253997834
"memory","r_wid[w2329c2e,n_total_memories_shown]",0.0207563964266644,0.0690816921439679,-0.0254101082603713,0.0696030155419852,-0.0666754375095211,0.107406527279387,-0.113519800466799,0.152091769620872
"memory","r_wid[w24cc88c,n_total_memories_shown]",0.0168088066684621,0.0776065164402679,-0.035727665423927,0.0688457659654169,-0.0817449313267657,0.116438769305279,-0.133073395065606,0.175214199082333
"memory","r_wid[w27e5a42,n_total_memories_shown]",0.0255379168866471,0.0608168421046394,-0.015146323884871,0.0654000714117256,-0.0514423590877062,0.103766750446896,-0.092964995910907,0.147390961974826
"memory","r_wid[w28f36aa,n_total_memories_shown]",-0.0620287100912353,0.0731128831472967,-0.110311950439824,-0.0137246777999279,-0.156924277713063,0.0311545593157696,-0.207151009691453,0.0830778328791016
"memory","r_wid[w29215b1,n_total_memories_shown]",-0.00870642667618668,0.0710123372573422,-0.055886228013037,0.0389086823622699,-0.099372616020186,0.0805768273141097,-0.148958983201478,0.131908487287221
"memory","r_wid[w2b37aae,n_total_memories_shown]",-0.0809571071825567,0.0708654454203484,-0.12799465642259,-0.0340507974789718,-0.172487103035991,0.00809658906135335,-0.221752590005013,0.0563046790260482
"memory","r_wid[w2b4a70d,n_total_memories_shown]",-0.0137686710542264,0.0761345266974339,-0.0637590670782109,0.0362039287595669,-0.111196832133131,0.0813344395180485,-0.163562049458373,0.140038742897624
"memory","r_wid[w2b9a138,n_total_memories_shown]",-0.0368154336294346,0.0615435836822698,-0.0794647323126998,0.00541261590226117,-0.115889634966997,0.0422297954166674,-0.154399640226672,0.0813129926456225
"memory","r_wid[w2d4c98d,n_total_memories_shown]",0.0484262318655273,0.0783009450220185,-0.00544160738337173,0.101605164152442,-0.050675890082038,0.147174408110825,-0.1075392456989,0.201587773480182
"memory","r_wid[w2d80146,n_total_memories_shown]",-0.0617454152843548,0.0527905802221564,-0.098518629599432,-0.0254658682018573,-0.12698901498009,0.00566787497863856,-0.165317601956896,0.0412346436872075
"memory","r_wid[w2e6acfb,n_total_memories_shown]",-0.1307906168862,0.0532819034661838,-0.167451902096274,-0.0932697030164995,-0.199554783788272,-0.0624650097847937,-0.23637271767201,-0.0294115868965614
"memory","r_wid[w2f45fb6,n_total_memories_shown]",0.0244853954299003,0.0695314866373158,-0.0227960230748378,0.0697067877374959,-0.0643448172557234,0.114023644948506,-0.108460375230172,0.161639908747387
"memory","r_wid[w2fdc513,n_total_memories_shown]",0.039242299911814,0.0730307553222999,-0.00870824041806757,0.0867304067347278,-0.0545562634146786,0.133856854917695,-0.0996283610877695,0.185694146391186
"memory","r_wid[w30bb20e,n_total_memories_shown]",-0.048198926293512,0.0724854153374295,-0.0959215568724255,-0.000260721339619507,-0.141122871880029,0.0432870368987515,-0.191450395699946,0.0921846008281496
"memory","r_wid[w31415e8,n_total_memories_shown]",0.0111360227304652,0.0820857914262059,-0.0440781390292778,0.0650561609533451,-0.0915830933718449,0.116087875951066,-0.153373914821272,0.171916219867653
"memory","r_wid[w31bcaa3,n_total_memories_shown]",-0.000965566800050487,0.0779882665194138,-0.0532377603266266,0.0497034675465427,-0.096545056613631,0.0956414474120035,-0.159609654402981,0.15285144532063
"memory","r_wid[w37d3a90,n_total_memories_shown]",0.0468599492987562,0.0675261499162889,0.00160840663043494,0.0930816679392932,-0.0393066157886644,0.134546129358862,-0.0881679127887779,0.179183679331318
"memory","r_wid[w3870b92,n_total_memories_shown]",-0.0875188670784252,0.054092962077222,-0.124054648356023,-0.0506582892569936,-0.157306735623409,-0.0178249600792846,-0.195120301307418,0.014681720039371
"memory","r_wid[w3946928,n_total_memories_shown]",0.0137726334542944,0.0685893447455441,-0.033655135637031,0.0606528609068499,-0.0746692778878064,0.101753523289373,-0.118927977952388,0.146529276282097
"memory","r_wid[w39cea38,n_total_memories_shown]",0.0924079675991551,0.0764317297904548,0.0400245989156562,0.144073508065574,-0.00385709895548711,0.189773171399788,-0.0520244018055472,0.251010618613179
"memory","r_wid[w4077e51,n_total_memories_shown]",0.0138126241083671,0.0692295841615677,-0.0304413369359827,0.0602446228279707,-0.0745366466839733,0.102164320643953,-0.123212699228112,0.150289176822384
"memory","r_wid[w4140fe6,n_total_memories_shown]",0.0140748996464988,0.0665906071320978,-0.0289581038945657,0.0569419305410317,-0.0687713923588967,0.0981634071940204,-0.118014807826195,0.147353071721798
"memory","r_wid[w4160090,n_total_memories_shown]",-0.00378517495795608,0.0633840291054785,-0.046528541212207,0.0388671745100189,-0.085856419286969,0.0754792171970841,-0.126062783582722,0.119894088726707
"memory","r_wid[w430272a,n_total_memories_shown]",-0.0592003750576605,0.0624746967231001,-0.100349298431485,-0.0170888602956617,-0.140116389071853,0.0191425844135653,-0.182565492509794,0.0633992900496818
"memory","r_wid[w44a1a9f,n_total_memories_shown]",0.0830206950674668,0.0572257958050582,0.0438833834837324,0.122059617005692,0.00838455509730106,0.158700253787557,-0.0246678287340641,0.196269801511681
"memory","r_wid[w44b0e2d,n_total_memories_shown]",0.00650312309293534,0.0761621341987628,-0.0459894872106847,0.05569449225615,-0.0893817363740605,0.10487235900943,-0.14022671619248,0.157429869608411
"memory","r_wid[w45af4af,n_total_memories_shown]",-0.0362593513561531,0.073310716752493,-0.084916863235723,0.0139666848933875,-0.130674078754671,0.054473090017924,-0.182023386007159,0.106138984205827
"memory","r_wid[w47f6859,n_total_memories_shown]",0.0353946045334289,0.0634116719929026,-0.00632026250281281,0.0759210326372593,-0.0466985423057617,0.114991635105607,-0.0890151740009163,0.163189928665305
"memory","r_wid[w488be27,n_total_memories_shown]",-0.024696659427421,0.0617490396826828,-0.065863485327328,0.0151741440351074,-0.103356576727962,0.0538145257640032,-0.142158809092415,0.0961856665429247
"memory","r_wid[w496515d,n_total_memories_shown]",-0.0307661815542969,0.0622037348770742,-0.0725709983342171,0.0111698315408192,-0.108999755798131,0.0475541880334193,-0.153535199316218,0.0905339723883775
"memory","r_wid[w497e696,n_total_memories_shown]",-0.0248400569212776,0.0555168867980767,-0.0627992765735111,0.0124828266125236,-0.0949226477800504,0.0456169924323644,-0.134361933592549,0.0829317417394882
"memory","r_wid[w4a643e0,n_total_memories_shown]",0.0907227440222925,0.06433822418763,0.0485196395919696,0.130949563521946,0.0106366665787446,0.173463479367977,-0.0315790778479889,0.220746336370351
"memory","r_wid[w4b34871,n_total_memories_shown]",0.0161684134017682,0.0635272672191759,-0.0283076171204652,0.0590813432920486,-0.0653925240179081,0.097511196092513,-0.103978827636603,0.142775331641226
"memory","r_wid[w4bdc2df,n_total_memories_shown]",-0.0646900959459491,0.0737861374531635,-0.114441962921743,-0.0146789011040589,-0.160347239875544,0.0304347176083979,-0.208724251926213,0.0766227317114868
"memory","r_wid[w4e902e8,n_total_memories_shown]",0.0704322249948025,0.0664330684807274,0.0239367776278462,0.115752306734148,-0.0137519257842058,0.154544224375572,-0.0550317317880295,0.205933289521184
"memory","r_wid[w4e997cb,n_total_memories_shown]",0.0042810883454734,0.0678910902938906,-0.0398899911519459,0.0486952324750724,-0.0829403702021896,0.088478339655654,-0.125267471970572,0.144289956368793
"memory","r_wid[w4ebac4c,n_total_memories_shown]",-0.018353594690354,0.0611928040237394,-0.0595341428291577,0.0221353579600221,-0.0977704202407861,0.0600205597559751,-0.137804112770705,0.0991794453244218
"memory","r_wid[w4f4cbdd,n_total_memories_shown]",-0.0235567380798026,0.0727890778097522,-0.0731509856398645,0.0247409637124607,-0.115417666021713,0.0695466647257375,-0.167868568972036,0.118417657095634
"memory","r_wid[w502a382,n_total_memories_shown]",0.0913742015027352,0.0654521033913097,0.0478947970355966,0.134066128228121,0.00847305854648721,0.174858233108004,-0.0359598637876967,0.22321024101203
"memory","r_wid[w52f1872,n_total_memories_shown]",0.0157498190592438,0.0565047947190465,-0.024032985716555,0.0539022578272872,-0.0553225189006733,0.088297996026939,-0.0946628016805825,0.125586919987471
"memory","r_wid[w5305891,n_total_memories_shown]",-0.0589328326015051,0.0520227535846222,-0.0942660606094057,-0.0226065042397226,-0.12487501467579,0.00751022908565293,-0.160045281510412,0.0438139241939723
"memory","r_wid[w5317a1b,n_total_memories_shown]",-0.0104534087634585,0.0758339615115345,-0.0610788209970012,0.0425384400571999,-0.106762120281642,0.0857271517554206,-0.163182808147331,0.139353396804909
"memory","r_wid[w55e643e,n_total_memories_shown]",0.00304971090264154,0.0893402899771269,-0.055836365085223,0.0622440439889951,-0.111491955584605,0.117617105148217,-0.17529656181517,0.181462942565715
"memory","r_wid[w58111ca,n_total_memories_shown]",0.0652299513220805,0.0710432767482302,0.0182045161736103,0.111791358801845,-0.0256197433163202,0.157139956640454,-0.0711885448417947,0.205196450680152
"memory","r_wid[w58ddb10,n_total_memories_shown]",-0.0405441229363691,0.0674789047344133,-0.084969276658609,0.00370974213557605,-0.127685389393281,0.0462810230697289,-0.174025735632043,0.0864402073391101
"memory","r_wid[w5bee286,n_total_memories_shown]",-0.0519180841897683,0.0635832676074418,-0.0942851580754931,-0.0085102206078348,-0.135901041251343,0.0281955113455667,-0.177744258211883,0.0698585488106687
"memory","r_wid[w5e13b84,n_total_memories_shown]",-0.0764260201320799,0.0575921232920684,-0.113389186434354,-0.0367478813268694,-0.149952385869922,-0.00295316744390821,-0.193794211758336,0.0323314497783307
"memory","r_wid[w5ef243f,n_total_memories_shown]",-0.0159158265810635,0.0681007404594662,-0.0611686160154984,0.0305782718184131,-0.104010156419218,0.0723616280301913,-0.147498603247297,0.115905065020401
"memory","r_wid[w5fb2730,n_total_memories_shown]",-0.0292802014112293,0.0778408054944965,-0.0792453460954624,0.0222758816430498,-0.127598801418082,0.0693758988290948,-0.186480522978598,0.11936052046844
"memory","r_wid[w6079012,n_total_memories_shown]",-0.10762880350729,0.0764788951804968,-0.159159132460383,-0.0555168812813708,-0.207116574909505,-0.0107808681138128,-0.258389230977039,0.0355774258415221
"memory","r_wid[w608e33c,n_total_memories_shown]",-0.0165603513950618,0.0792116889454835,-0.0683867824441709,0.0359233897725335,-0.117105970723728,0.0821662065705435,-0.176410313581673,0.141135478706441
"memory","r_wid[w60e592a,n_total_memories_shown]",0.0376082111334742,0.065867427214464,-0.00745796862155142,0.0817465386372491,-0.0442312227349054,0.124341596079991,-0.0894886785479941,0.168232224098343
"memory","r_wid[w62f57a5,n_total_memories_shown]",-0.021291366826138,0.076379277032526,-0.0721799478640451,0.0294002794727257,-0.119493540451339,0.0777443929016605,-0.170320193565675,0.125075779787415
"memory","r_wid[w65ae27b,n_total_memories_shown]",0.0825704109279387,0.0658455651294974,0.0381554710239179,0.127282726053179,-0.000951591053699821,0.166695252195349,-0.0421457162654113,0.210128935696828
"memory","r_wid[w65ed633,n_total_memories_shown]",0.00337266411587183,0.0779927267020147,-0.0480608037769987,0.05430924750386,-0.0959738990293866,0.103984644636631,-0.150919470852348,0.1543693762923
"memory","r_wid[w67efce7,n_total_memories_shown]",0.036923668911649,0.0745589633505404,-0.0136515156290634,0.0873960552396042,-0.0563660676315983,0.132115599009409,-0.106584581160126,0.183043635769601
"memory","r_wid[w6b34a8b,n_total_memories_shown]",0.0435841953583343,0.0865819414677462,-0.0127648902776194,0.0999695490887068,-0.0664898468259258,0.15137454766096,-0.130735501474207,0.213678731297798
"memory","r_wid[w6c5aa72,n_total_memories_shown]",-0.0277533785875041,0.0713446650343003,-0.0753901933004035,0.018655689057099,-0.119073850836344,0.0614854505475337,-0.169419940069356,0.115924686181637
"memory","r_wid[w6e46ddf,n_total_memories_shown]",0.0399356324960317,0.0805927862221797,-0.0140502736317199,0.0917671778949728,-0.0610191621831709,0.141734862465348,-0.115547834231721,0.202543272953936
"memory","r_wid[w6ebaea9,n_total_memories_shown]",-0.0159682434662064,0.0751640272288776,-0.0665345090284511,0.0343092169817772,-0.114444055585681,0.0792006368738516,-0.1641178569804,0.13440687668268
"memory","r_wid[w6fe5d47,n_total_memories_shown]",0.0398015767254958,0.0557266817198311,0.00194675532311309,0.0782905773327288,-0.0317166780384031,0.110970643738761,-0.0702272591551345,0.148467111321293
"memory","r_wid[w715d917,n_total_memories_shown]",0.0182281050149524,0.0503892585598647,-0.0155342625705603,0.052417941138805,-0.0472602845307465,0.0831922949562448,-0.0812259190512037,0.11498403673755
"memory","r_wid[w720e820,n_total_memories_shown]",-0.0480102260275363,0.0645193167888888,-0.0908626740873283,-0.00353959473735693,-0.130570601618803,0.0343408540885823,-0.177858045504115,0.0782254241181085
"memory","r_wid[w7606987,n_total_memories_shown]",-0.0514085024596268,0.0480615775843429,-0.0825049744368579,-0.0192731219087325,-0.11317848489127,0.0106856834054348,-0.146918050872151,0.0413267883979712
"memory","r_wid[w7978f92,n_total_memories_shown]",0.0104794005908154,0.0750463217184376,-0.0390344715573365,0.0611513850747944,-0.0844952917048108,0.106752188749982,-0.135634522872786,0.160477126050319
"memory","r_wid[w797a1e5,n_total_memories_shown]",0.0314270668475829,0.0768543589856159,-0.0222130933232146,0.0837198366597673,-0.064498648175762,0.129069763145184,-0.121800741594179,0.185491682989553
"memory","r_wid[w7a04fdc,n_total_memories_shown]",0.0834514560053689,0.0698030672023024,0.0365569619934148,0.12916741096622,-0.00369442145388649,0.174314452394741,-0.0526679423314653,0.221707849714781
"memory","r_wid[w7c1d29f,n_total_memories_shown]",0.0358507056312385,0.0732411104390991,-0.0108043637063592,0.0825320409524586,-0.0566440751664939,0.129493743780225,-0.110033536877101,0.182763847020931
"memory","r_wid[w7cfc37e,n_total_memories_shown]",0.00181280961234335,0.081751938174141,-0.0529296023008682,0.0547807036780981,-0.101446796766558,0.106366389351606,-0.155337202295901,0.16091277629765
"memory","r_wid[w7e41e95,n_total_memories_shown]",-0.039934370357729,0.0614836977859014,-0.0808762089196399,-0.000362690762739054,-0.116816472720224,0.0397598420492201,-0.163728172794108,0.0791825275162367
"memory","r_wid[w80189d3,n_total_memories_shown]",-0.0135043519863595,0.0519155602743429,-0.0468059204275188,0.0206299762409198,-0.0802647311657285,0.0515391602401015,-0.119501270510502,0.0861486152714536
"memory","r_wid[w8146fb9,n_total_memories_shown]",-0.0231998338530141,0.0683538519007224,-0.0685457397259756,0.0240645144676369,-0.110747719450736,0.0630499188268438,-0.157951760564126,0.107365328793662
"memory","r_wid[w84e06f3,n_total_memories_shown]",0.0364520295029423,0.0839390717270549,-0.0190119242663247,0.0918777816754479,-0.0703869779721435,0.14283878261895,-0.125866606910268,0.204376249722499
"memory","r_wid[w8937d22,n_total_memories_shown]",-0.0370587530396206,0.0519116267740767,-0.0707321553061786,-0.00249837198917363,-0.103592842395434,0.0290593479436556,-0.139856127088643,0.0655094897588566
"memory","r_wid[w8ad52eb,n_total_memories_shown]",-0.0420719155878149,0.0628074177281822,-0.0843019038310237,0.000295034436264516,-0.122519046724344,0.0359979902272314,-0.166236599098815,0.0795148978786377
"memory","r_wid[w8bc33f5,n_total_memories_shown]",-0.104481776677304,0.0673770329651254,-0.150603885239017,-0.0580988041351492,-0.192828872132235,-0.0200811765517727,-0.241431336883998,0.0225662939437598
"memory","r_wid[w8d56791,n_total_memories_shown]",0.0493427234956245,0.068851949517567,0.00358391909136407,0.0936376164713456,-0.0379777192424603,0.137141073157173,-0.0866968349557507,0.187401744867809
"memory","r_wid[w8e2568d,n_total_memories_shown]",0.00502987156345778,0.0660625245352942,-0.039670368230747,0.0488614547470391,-0.0804586173766751,0.0887528480138387,-0.122009690917894,0.135915041558686
"memory","r_wid[w8e5f535,n_total_memories_shown]",0.0101565210502244,0.0689508024948185,-0.0347669812023923,0.056250337099288,-0.0791109449830064,0.0988023353016469,-0.120227605071607,0.147234260790033
"memory","r_wid[w8eb1000,n_total_memories_shown]",0.0820398383861418,0.0798575929087043,0.0274695822514998,0.13382133611407,-0.0187594808987808,0.184436818749193,-0.0701276170595195,0.243036952195079
"memory","r_wid[w8f37d35,n_total_memories_shown]",0.0528378238303953,0.0668557936475268,0.00759486379956316,0.0976563554392257,-0.0310812170440331,0.138630466414613,-0.0779890279718254,0.187590459915388
"memory","r_wid[w8f47681,n_total_memories_shown]",0.108223212956502,0.0851077669297531,0.0522142521332679,0.161551890354329,0.00304213117058584,0.217408646582622,-0.0537630817569715,0.28561177373902
"memory","r_wid[w8f710ed,n_total_memories_shown]",-0.0526054192041534,0.0623987043484044,-0.094045814121199,-0.0117846248674727,-0.132203701104352,0.0275028729844244,-0.179240042397683,0.0685002235200482
"memory","r_wid[w91e953e,n_total_memories_shown]",0.0217212945863398,0.074261358627702,-0.0285439347942391,0.0708698353833789,-0.0718213359063265,0.114206416698467,-0.120797309056095,0.173439073996833
"memory","r_wid[w93de42b,n_total_memories_shown]",-0.00372475979502494,0.0630491148826105,-0.0474915755628785,0.0382997820568811,-0.0831832951487692,0.0765095080086038,-0.127673085254594,0.120825538968161
"memory","r_wid[w950a999,n_total_memories_shown]",-0.0188117635980894,0.0789896136400273,-0.0710692154012475,0.0335278178247585,-0.117443306262123,0.0808723752211466,-0.175079414097318,0.135271084818106
"memory","r_wid[w95f2351,n_total_memories_shown]",0.00378622475651113,0.0750063123155701,-0.0464998739043186,0.0548194233310458,-0.0911179750566232,0.100064561430782,-0.146614205106304,0.152430288304859
"memory","r_wid[w967bd55,n_total_memories_shown]",0.0742953610637993,0.0723243506916959,0.0259698125990892,0.122170829555143,-0.0172754657143292,0.167409985290369,-0.0676576215142958,0.217254053276042
"memory","r_wid[w970a2f0,n_total_memories_shown]",-0.00178868064109731,0.0539304188908196,-0.0379315909619526,0.034610583292375,-0.0715009373484897,0.0671351584470293,-0.10728984294468,0.105539661622135
"memory","r_wid[w973f72a,n_total_memories_shown]",-0.0597242134841825,0.069995674654335,-0.105352247770998,-0.011202242586563,-0.150784977072576,0.0286884316653342,-0.198392673715407,0.0746246545834547
"memory","r_wid[w977f12b,n_total_memories_shown]",0.0658478139025739,0.07679135650333,0.0126147462641032,0.117721841944978,-0.0323938217896254,0.164441181564866,-0.0826358429981561,0.219509237421522
"memory","r_wid[w993543c,n_total_memories_shown]",-0.0110990132713673,0.0661632047576662,-0.0551053969616746,0.0320307487529008,-0.096782444321824,0.0727571763037826,-0.142100376584774,0.118944494416083
"memory","r_wid[w9a48bb6,n_total_memories_shown]",0.0426711939266618,0.0634456333303328,0.000139025819341403,0.0846728854679527,-0.0388149063415879,0.123129462704129,-0.0818724370738955,0.171352494016685
"memory","r_wid[w9be1ae9,n_total_memories_shown]",-0.0577796410248501,0.0629811589139303,-0.101442357473233,-0.0157830340917492,-0.139176996362917,0.022502618402631,-0.183874797642394,0.0648440244311158
"memory","r_wid[w9d4c48d,n_total_memories_shown]",-0.031169827978085,0.068573540601219,-0.0764062112395858,0.0149250089379082,-0.116988668309465,0.055803619636579,-0.168808844714893,0.104006896276856
"memory","r_wid[w9f6c077,n_total_memories_shown]",0.0146591643982396,0.075036791097748,-0.0338103344330789,0.0631571209367127,-0.0820301065816421,0.109649267544554,-0.131078631285673,0.167122361427684
"memory","r_wid[wa0cc687,n_total_memories_shown]",0.0250030769363032,0.0735490081647981,-0.0235988220754408,0.0727352196066425,-0.0663184550243141,0.117203123622484,-0.122050227654056,0.171730003560452
"memory","r_wid[wa13a069,n_total_memories_shown]",0.0381135901946206,0.072765988059205,-0.0104078257972893,0.0871113677671295,-0.0521381981257792,0.130671901118491,-0.104170927489038,0.183150997312547
"memory","r_wid[wa36b055,n_total_memories_shown]",-0.0140887114209543,0.0663285711535932,-0.056927474443562,0.0310816731502557,-0.101315394724533,0.0691816993206756,-0.1443039418356,0.112646579627486
"memory","r_wid[wa577349,n_total_memories_shown]",-0.0241242476921278,0.072604493703267,-0.0716320189981418,0.0236323952580844,-0.116781803733596,0.068097279189531,-0.168255322160931,0.116955637813573
"memory","r_wid[wa797b6a,n_total_memories_shown]",-0.0604627354864883,0.0773296742166024,-0.111367442762952,-0.00879177228076784,-0.15976136462963,0.0393401904137386,-0.215973930047572,0.0892771851193642
"memory","r_wid[wa88aaed,n_total_memories_shown]",-0.0101865021664546,0.0667131346835381,-0.0557431370946347,0.0351462020118106,-0.0952966302557743,0.0751003766836,-0.142900071921797,0.118784833929766
"memory","r_wid[wa90a378,n_total_memories_shown]",0.220319519474613,0.0664204893566486,0.175093830431967,0.26402899910812,0.136784473414316,0.305144995567041,0.0952227734040988,0.354490155099686
"memory","r_wid[wa913679,n_total_memories_shown]",-0.0336642787907621,0.0682911524899515,-0.0788278009551392,0.0135340483058767,-0.120638792756602,0.0524266286548544,-0.169221148722321,0.0975002756552861
"memory","r_wid[waa6a3c8,n_total_memories_shown]",-0.0990850101571777,0.0708600323423908,-0.145307359702783,-0.0509252840837935,-0.190526507138164,-0.00893425062838524,-0.241411332989102,0.0379994359134859
"memory","r_wid[wab2e8f4,n_total_memories_shown]",-0.0775276524660043,0.0739425077695472,-0.125951517449585,-0.0287716752062339,-0.17558023181988,0.0156696941950071,-0.2237759818725,0.0615292174755893
"memory","r_wid[wada012d,n_total_memories_shown]",-0.0121488150473754,0.0510951554689019,-0.0464231778285662,0.0221306028363922,-0.0776838750787671,0.0535717276412268,-0.111521346059612,0.0883003519032327
"memory","r_wid[wae959a9,n_total_memories_shown]",0.105293002202391,0.0711359377758864,0.0570808487265243,0.153528376640488,0.0164737959253826,0.196656166744449,-0.0293179376481199,0.243066491900515
"memory","r_wid[wb0ecf0b,n_total_memories_shown]",0.0318566317239496,0.0546375782618589,-0.00494054025582441,0.0669487352849989,-0.0382006242448868,0.102329912391262,-0.0751196523999336,0.140947187981817
"memory","r_wid[wb14e228,n_total_memories_shown]",0.0322648856939325,0.0659372753563522,-0.012128234721809,0.0765621066940813,-0.0544036508078234,0.11737903152357,-0.0936608065099109,0.161933637724436
"memory","r_wid[wb2e2d84,n_total_memories_shown]",-0.0154495490029594,0.059133732879378,-0.0543519358470116,0.0260797293376936,-0.0900101943442139,0.0599761393512626,-0.133410626440475,0.0973966560285587
"memory","r_wid[wb51887d,n_total_memories_shown]",0.0432392713330315,0.0669145094560376,-0.00111257529621602,0.0877272578522847,-0.043628322983147,0.127562802222083,-0.0862178198277705,0.178970589253901
"memory","r_wid[wb71ae9a,n_total_memories_shown]",0.0288182253720618,0.0690012467624507,-0.0177195382473639,0.0754445691529424,-0.0583727606044588,0.118409288765033,-0.106594989826555,0.16306939503085
"memory","r_wid[wb900a5f,n_total_memories_shown]",0.0780327369646221,0.0587626495291369,0.0384159694825823,0.116787311432415,0.00285202842962232,0.151503270280014,-0.0388198149683924,0.192761943956884
"memory","r_wid[wb90ffa2,n_total_memories_shown]",-0.0326512592132586,0.0707632192318269,-0.081680419539738,0.0164438542800173,-0.120304452799721,0.0583506821878776,-0.171720981701126,0.107268188437041
"memory","r_wid[wbaa44ea,n_total_memories_shown]",0.0113138013395705,0.0831342262460222,-0.0421417798856415,0.0669787418483444,-0.0951049505523691,0.115921841689105,-0.15274491960933,0.169739554545449
"memory","r_wid[wbb70a68,n_total_memories_shown]",-0.0207960983360334,0.0609192126146173,-0.0607524696180259,0.019855592949303,-0.0994138892412972,0.0578639793698362,-0.137748731514476,0.100290238869945
"memory","r_wid[wbc9e827,n_total_memories_shown]",-0.0937806321160847,0.0787775805393139,-0.144896354159685,-0.0401047815009923,-0.193317489520216,0.00615376881801283,-0.256725494743623,0.0560820511769563
"memory","r_wid[wbcfaf6a,n_total_memories_shown]",0.0110614684894382,0.0842414523779008,-0.0437182154764792,0.0665227165684014,-0.0952727838415269,0.116764930611048,-0.154680736386319,0.177291743470421
"memory","r_wid[wbd60b70,n_total_memories_shown]",0.0496470571559524,0.0771108685735808,-0.00268495989529622,0.100025456559849,-0.0458119417514284,0.14685166078499,-0.094740877108612,0.210653348512118
"memory","r_wid[wbe3571b,n_total_memories_shown]",-0.00488110442952184,0.0621620788266973,-0.0458970628153501,0.0366942232854476,-0.0823103328706881,0.0736799458592313,-0.126220339418554,0.119388127089741
"memory","r_wid[wbf6ee18,n_total_memories_shown]",-0.0365113190057403,0.0625419594543679,-0.0763909898100376,0.00513619070405718,-0.115781341210329,0.0414599730882275,-0.164552400165911,0.0863822742736637
"memory","r_wid[wc04c93a,n_total_memories_shown]",0.00450662888995641,0.0669834583866182,-0.0391046102845301,0.0511771644373982,-0.0821990104902092,0.0903582107614674,-0.124985413890155,0.138130873909473
"memory","r_wid[wc471696,n_total_memories_shown]",0.0198950934648555,0.0683318905104242,-0.0261182103758613,0.0655259563926588,-0.068047175479121,0.108850202583527,-0.111470434497666,0.15361908713044
"memory","r_wid[wc5adc9d,n_total_memories_shown]",0.0161991385728418,0.0654861333389453,-0.0278894875849526,0.0588617017640675,-0.0650038813482233,0.100110747016493,-0.108794997586448,0.146533705252553
"memory","r_wid[wc6ebbf2,n_total_memories_shown]",0.0579888628494017,0.0694130750061045,0.0114961459594752,0.103358558671403,-0.028349874255421,0.144400617580039,-0.078219772152414,0.198139977081505
"memory","r_wid[wc9128ed,n_total_memories_shown]",0.000117719450109948,0.0654679361850999,-0.0427979558876142,0.0439171540938454,-0.0850621114063906,0.0842266763229096,-0.131473888062009,0.126260195075055
"memory","r_wid[wc9d64f4,n_total_memories_shown]",0.0175258028257181,0.0656778765301549,-0.0252261918195882,0.0602467088561566,-0.0656130385056632,0.101196113845542,-0.115363165402578,0.149141312423755
"memory","r_wid[wca8e71a,n_total_memories_shown]",-0.0471065692259995,0.073233464949608,-0.095703410167271,0.00348500418479154,-0.14024484202638,0.0438298726313213,-0.194550104129797,0.0924899322270535
"memory","r_wid[wca9e1aa,n_total_memories_shown]",0.118725159613897,0.0518833893492949,0.0838830358951941,0.152447885042149,0.0513679412992159,0.186143379057256,0.0203997498234821,0.22334680318533
"memory","r_wid[wcabe93e,n_total_memories_shown]",0.0156418493087867,0.0778623200364876,-0.0379844913278478,0.0697256086884922,-0.0837531149646748,0.116900237602774,-0.132291139570251,0.166115183042951
"memory","r_wid[wcbb66d9,n_total_memories_shown]",0.00210356446406678,0.0481397707188852,-0.029560607623878,0.0352535386082727,-0.0587946052180958,0.0620840637553499,-0.0936066619900773,0.0967902883848258
"memory","r_wid[wcbfad8c,n_total_memories_shown]",-0.0447514344295916,0.0653191205828165,-0.0870053660031155,-0.00143708013256707,-0.127698132002453,0.0356415570890808,-0.174775433755605,0.0865085063045567
"memory","r_wid[wcd5d786,n_total_memories_shown]",-0.0326019649916116,0.0716166030467135,-0.0798337457102698,0.0159949982311563,-0.125918911573442,0.0584823629857655,-0.180305949049794,0.105008391993122
"memory","r_wid[wd071aa9,n_total_memories_shown]",-0.00247051829795659,0.0774392846968942,-0.0540008795476981,0.0509559250746675,-0.103599624997361,0.0945005544160155,-0.155769528681843,0.143988864637422
"memory","r_wid[wd3f2678,n_total_memories_shown]",-0.079634065434701,0.0601773076047348,-0.119046726068584,-0.0397619974406547,-0.158196908494758,-0.0026660512138028,-0.202362725517159,0.0341097864652587
"memory","r_wid[wd5e9df2,n_total_memories_shown]",0.0103407575723092,0.0703820461672878,-0.0353883269803952,0.0576831208283469,-0.0810219297910093,0.0991991492538685,-0.131368647152199,0.146680742223977
"memory","r_wid[wd697686,n_total_memories_shown]",0.105422140603518,0.0628839647135587,0.0637492790085693,0.147225969879095,0.0267245558117791,0.186378799038952,-0.0149050999693646,0.232505449355244
"memory","r_wid[wd7482cf,n_total_memories_shown]",-0.0182621128043298,0.0778083540532295,-0.0696274765593895,0.0317303175605506,-0.115861712081283,0.0805281163568986,-0.17627824339412,0.134171953552972
"memory","r_wid[wd7d7085,n_total_memories_shown]",-0.0234434077277646,0.0673928884670354,-0.0690961547672099,0.0216601932927987,-0.109839955235743,0.0618602176675324,-0.156556100520491,0.112788420423987
"memory","r_wid[wd887970,n_total_memories_shown]",-0.000963837654053539,0.0741211594574025,-0.0498301584894546,0.0457740040048523,-0.095204580731693,0.0948247992450895,-0.145993899859248,0.145835848625283
"memory","r_wid[wdabae0a,n_total_memories_shown]",-0.0105731492123977,0.0656121241749072,-0.0542168216940581,0.0332076565539612,-0.0937904516167917,0.0752515744811864,-0.137660138283528,0.119178647528584
"memory","r_wid[wdb97422,n_total_memories_shown]",0.0124411122043955,0.0674695313252573,-0.0328352675805225,0.0576157312673216,-0.0735500833076195,0.0987025870855716,-0.120329841374652,0.14793744636686
"memory","r_wid[wdc0f604,n_total_memories_shown]",0.0276560459225671,0.0628586133708351,-0.0137760426323765,0.0681080624509461,-0.0517927064383317,0.109892887364779,-0.0921233409631571,0.154270236619054
"memory","r_wid[wdfa587e,n_total_memories_shown]",-0.0653122157616331,0.0727314616903612,-0.114932456971309,-0.0160475583236933,-0.157794695648442,0.0270398017886939,-0.207113947963635,0.0760680077378936
"memory","r_wid[wdfbc43e,n_total_memories_shown]",-0.025804697264305,0.0751792862618086,-0.076224701807383,0.0263914794615112,-0.119924844902146,0.0698688093723159,-0.174986483827501,0.119888352372901
"memory","r_wid[we0078b2,n_total_memories_shown]",0.0438277949244648,0.0768660803003104,-0.00454487744714888,0.0926668378847356,-0.0532249907730248,0.140190692948943,-0.10887544311667,0.199071581969256
"memory","r_wid[we07eba7,n_total_memories_shown]",0.0488720709733724,0.0664060189091884,0.00480053620353904,0.0930501321776865,-0.0362181994953081,0.135175142031063,-0.0793743924638037,0.17993257508007
"memory","r_wid[we0e98d2,n_total_memories_shown]",0.0329365937439597,0.0741686039091408,-0.0143022472318952,0.0810605151339145,-0.0613653645454271,0.127465230940808,-0.115521924909343,0.179209895769626
"memory","r_wid[we2b50c8,n_total_memories_shown]",0.0076069928752927,0.0609342627629139,-0.0310006529306593,0.0478254436662944,-0.069925138159169,0.0862996713940306,-0.113966801694229,0.124548391575874
"memory","r_wid[we35ea87,n_total_memories_shown]",-0.0269729463049063,0.0747193666995064,-0.0763971147467762,0.0238703610647703,-0.12435241349228,0.0700022998670722,-0.173860996302274,0.117702499317576
"memory","r_wid[we368c94,n_total_memories_shown]",-0.0381434240769054,0.075317183311118,-0.0888755898798585,0.0123197768133949,-0.133678466500209,0.0587208006682423,-0.18478719725239,0.1097305120432
"memory","r_wid[we6483ae,n_total_memories_shown]",0.0836188736259902,0.0688828523383178,0.0384944174928336,0.129924323504244,-0.00511047859206459,0.170614054789716,-0.0492607199817609,0.220246978007737
"memory","r_wid[we6aff32,n_total_memories_shown]",-0.000997990779589694,0.063533045391762,-0.0444680895989894,0.0420299357735486,-0.0824390576125839,0.081184996939643,-0.124022084358708,0.122794977502
"memory","r_wid[we869265,n_total_memories_shown]",-0.00587608140171223,0.0663107051539049,-0.0495996626005518,0.0391984352748233,-0.09052084730223,0.0795700457553651,-0.134821978863436,0.12146386230158
"memory","r_wid[wea7f2f9,n_total_memories_shown]",-0.00751324009358513,0.0654368421848336,-0.0499941998454916,0.035555902712205,-0.0901072728613992,0.0741835988367386,-0.141002892870864,0.1210104012428
"memory","r_wid[wea96b0b,n_total_memories_shown]",-0.00714730637259485,0.058982863324533,-0.0475587475703996,0.0325681243014327,-0.0821002835335209,0.069254071519766,-0.122609102888272,0.108578627427772
"memory","r_wid[web7e878,n_total_memories_shown]",-0.0321785516164274,0.0760209948575724,-0.0822936811847517,0.0187218693021328,-0.128678400117651,0.0642675501554817,-0.181961330523488,0.118087253563956
"memory","r_wid[wecf7799,n_total_memories_shown]",-0.0100364242967753,0.0568595661187997,-0.0484458113442124,0.0285889878487755,-0.0821376734457335,0.062266732171754,-0.121170321572116,0.101754395981389
"memory","r_wid[wed2778e,n_total_memories_shown]",0.0296464885263513,0.0726108950078267,-0.0186987977539756,0.0782788587403027,-0.0590716369710156,0.122425085527441,-0.116467899815864,0.173422028973086
"memory","r_wid[wed354d9,n_total_memories_shown]",0.0485800188230919,0.0763758363141984,-0.00259356156083702,0.0993726269428258,-0.0493550644763323,0.145755021059721,-0.0973901474516512,0.200271451227163
"memory","r_wid[wef591ef,n_total_memories_shown]",-0.0542356741686601,0.0455490345543646,-0.0846850224763088,-0.0231682034481694,-0.114508588311988,0.00406801214882205,-0.141325346510042,0.0329907829433201
"memory","r_wid[wf1704eb,n_total_memories_shown]",0.0297409581429789,0.0570269480821053,-0.00781528869434059,0.0668056291987195,-0.0440291473216556,0.102138000336984,-0.0830676976951591,0.140089976180779
"memory","r_wid[wf1ea1db,n_total_memories_shown]",-0.0326221593347339,0.0680274894967374,-0.0769928789875792,0.0124517922269245,-0.120493165518549,0.0527848731645789,-0.170974744504058,0.100082334368669
"memory","r_wid[wf3a15bc,n_total_memories_shown]",-0.0854656163203103,0.0689064538369811,-0.130422060332727,-0.0401047198293329,-0.174858720694815,-0.00056144460180197,-0.225821645995932,0.0450170953663868
"memory","r_wid[wf6aed15,n_total_memories_shown]",0.0242189051324604,0.0560092452016517,-0.0138111786829609,0.0624677620666408,-0.0489124415140803,0.0948354868130297,-0.0870380080974988,0.134378873102246
"memory","r_wid[wf8b98ff,n_total_memories_shown]",-0.072013152293385,0.0643894609006677,-0.11646444217416,-0.0271464881756476,-0.155391381124957,0.010574201304709,-0.200336479249765,0.0503452679505641
"memory","r_wid[wf8bf1c3,n_total_memories_shown]",-0.0349237004971941,0.070069929864597,-0.082680114258265,0.0116171626276186,-0.12469789717145,0.0525648887459349,-0.173895744438361,0.101511121528971
"memory","r_wid[wf93dad0,n_total_memories_shown]",-0.0291581666768913,0.0819491316319292,-0.0811408875727828,0.0249324023189371,-0.133352911096453,0.0728213956646216,-0.190159193591046,0.133339302186174
"memory","r_wid[wf9cb312,n_total_memories_shown]",-0.0263125274065691,0.0825254937834047,-0.0814868678383053,0.0289846061658327,-0.130346182439722,0.0789884410634952,-0.190660788330465,0.137178255233308
"memory","r_wid[wfd759db,n_total_memories_shown]",-0.0471268470255061,0.0567331454934855,-0.0851370757392404,-0.00845240374420207,-0.119170473099437,0.0251084311729477,-0.160615644590449,0.0638466662515358
"memory","r_wid[wfdd68c1,n_total_memories_shown]",0.0146039856257996,0.0781082809619571,-0.0383325540031035,0.0651737366175956,-0.0850906161534418,0.113430603808365,-0.139002309782529,0.170722818529506
"memory","r_wid[wfe9216a,n_total_memories_shown]",0.0203203122163581,0.0658026143325885,-0.0240783307006176,0.0631214062658018,-0.0625542336041979,0.104036826792177,-0.109388225677949,0.152640249499629
"memory","lprior",-8.63904160421442,0.00434095350623727,-8.64190849199499,-8.63595493048087,-8.64474803926022,-8.63372902521767,-8.64839878292705,-8.6313949763694
"memory","lp__",-39576.1960825682,20.0006983873397,-39589.3673275853,-39562.3316462289,-39601.7358679502,-39550.9817920481,-39617.3181546174,-39538.1388855231
