"model","parameter","estimate","error","ci_50_lower","ci_50_upper","ci_80_lower","ci_80_upper","ci_95_lower","ci_95_upper"
"rel_only","b_Intercept",7.82592389269963,0.0219368711014754,7.8114605727418,7.84065276551296,7.79833151235856,7.85392188504144,7.78308326319643,7.86947804983836
"rel_only","b_n_rel_mem_dev",-0.0297935181199762,0.0114422167216334,-0.0374309343663614,-0.0222633203924733,-0.0443473875232482,-0.0152365267989227,-0.0521209475701425,-0.00760047662541098
"rel_only","b_exp_versionexp_c1",0.0265608142512894,0.0295195589640841,0.00676931062817041,0.0468431083766274,-0.0113826431510361,0.0643586844664668,-0.0313060413439466,0.0833285090229016
"rel_only","b_exp_versionexp_c2",0.0640721795541656,0.033578359596626,0.0425398747052948,0.0866276277087152,0.0207440405528689,0.1076516400827,-0.00302515393187931,0.130432486434431
"rel_only","b_n_rel_mem_mean",0.382551565933619,0.0567137877507386,0.345996366248078,0.420293914400028,0.309440677581691,0.452858258481483,0.265989341294539,0.492682927413177
"rel_only","b_nback_performance_z",0.0432158486232029,0.0220152479530428,0.0284584141238707,0.0579942768839452,0.0153708487756911,0.0714330960434642,0.00124000135096804,0.0864069240439386
"rel_only","b_n_rel_mem_dev:exp_versionexp_c1",-0.0320458978336363,0.01437707449438,-0.0419729702178227,-0.022408290674809,-0.0506376094250116,-0.0137564149825386,-0.0604237712892091,-0.00373176650948196
"rel_only","b_n_rel_mem_dev:exp_versionexp_c2",0.00387670535320484,0.0192096999729957,-0.00886071277524576,0.0168700813177653,-0.0202161518248146,0.0285718012188594,-0.0339427998533403,0.0417154186069588
"rel_only","b_exp_versionexp_c1:n_rel_mem_mean",0.0331956456243959,0.0800349619105296,-0.0226630634496363,0.0870189372191547,-0.0687278657868666,0.135731843943831,-0.123626941063818,0.184535213526436
"rel_only","b_exp_versionexp_c2:n_rel_mem_mean",-0.00137074830563123,0.0826213338499708,-0.0560561877562489,0.0545442911521502,-0.109132241031294,0.103412253603033,-0.164218601705679,0.156379088152324
"rel_only","sd_wid__Intercept",0.257577931698837,0.0166559593260828,0.246104995389634,0.268659763968519,0.236622134898758,0.278916217882393,0.226456420436657,0.292456037264317
"rel_only","sd_wid__n_rel_mem_dev",0.0164328485880194,0.0127570972827986,0.00640317493948608,0.0237849860588714,0.00242073631837981,0.0347942875231018,0.000636510436987363,0.0472225046985226
"rel_only","cor_wid__Intercept__n_rel_mem_dev",-0.0412744073681573,0.483679835814195,-0.396708244065437,0.301184400927255,-0.699302712342831,0.640392347956667,-0.918013393107341,0.894356667310135
"rel_only","sigma",0.550800172443789,0.00610708116276642,0.546715105811023,0.554866444867723,0.542901495619329,0.558770644957851,0.538990876947254,0.562846505533555
"rel_only","ndt",0.246174745892128,0.234319829143239,0.0723217174246744,0.346405422570722,0.0286637692749867,0.562587088328629,0.00660246491676861,0.880558954235451
"rel_only","Intercept",7.80412993713927,0.0205733767812547,7.79043043358646,7.81757115367045,7.77815070972468,7.83061592829428,7.76470219835081,7.84427376381405
"rel_only","r_wid[w001d343,Intercept]",0.014574596044489,0.0981206670204968,-0.0533586432552073,0.0798762048688309,-0.112161337230137,0.141738920843767,-0.171038670137586,0.210750065676257
"rel_only","r_wid[w03114c0,Intercept]",-0.310231850235997,0.0990029811497507,-0.376904731444697,-0.242030763875521,-0.436113702006783,-0.182655965970781,-0.500876229798794,-0.117560112464249
"rel_only","r_wid[w04c1659,Intercept]",0.114104947955961,0.131819504029514,0.0270730942206701,0.20374297260053,-0.055377332715837,0.28145358440568,-0.148349969329304,0.368462291324516
"rel_only","r_wid[w063688a,Intercept]",0.134460604743297,0.107265674506019,0.0606988180761053,0.206974546337067,-0.000977566267943673,0.274556346036136,-0.0716292967827913,0.346068448723989
"rel_only","r_wid[w06866f0,Intercept]",0.0275217465345842,0.104007850741999,-0.0414147177790579,0.0970183797069208,-0.110314023669662,0.161067107450163,-0.175405327879873,0.227520557319369
"rel_only","r_wid[w0a27d42,Intercept]",-0.00992626844680834,0.107386809387255,-0.0827910408368013,0.0665048634521428,-0.1484098962301,0.130594711974699,-0.217946035216285,0.196080682079149
"rel_only","r_wid[w0a90f7a,Intercept]",0.00639960205123677,0.136643835508645,-0.0878027044101452,0.10031376544427,-0.168156782534362,0.184462165371784,-0.257305309690717,0.27065188103919
"rel_only","r_wid[w0ae94e6,Intercept]",0.20305541039886,0.114479821410254,0.126514755106865,0.279480043988102,0.0597063008608307,0.34880063921305,-0.0238511764157884,0.426933695651307
"rel_only","r_wid[w0b2b304,Intercept]",-0.119945056216311,0.10810244116565,-0.193687699614499,-0.0457136597335042,-0.259872271072924,0.0174126246205199,-0.332771662082148,0.0915603080231529
"rel_only","r_wid[w0bdd7c4,Intercept]",-0.0997017532307945,0.0984742752705372,-0.166551675427216,-0.0328249829430854,-0.223938309406991,0.0258612349374233,-0.294145724947923,0.0894342724417445
"rel_only","r_wid[w0e7fb0a,Intercept]",0.0487217014413208,0.11465961982407,-0.0274887289387562,0.125799801136125,-0.0987798445468654,0.19654252950024,-0.173263739629899,0.271802272445496
"rel_only","r_wid[w0fc6501,Intercept]",0.0795869757612493,0.122178537305488,-0.00616100283038773,0.162594515719848,-0.076326587300398,0.238657748102294,-0.154934194875958,0.323690178867653
"rel_only","r_wid[w107fce5,Intercept]",-0.615906158950052,0.110361065572666,-0.690018177809216,-0.542535411028422,-0.756110427042369,-0.475017318028587,-0.831263434800614,-0.402813638181497
"rel_only","r_wid[w108c7bf,Intercept]",-0.288725132502106,0.102052612618711,-0.35741172682463,-0.219393331867674,-0.419897868754851,-0.157063648130888,-0.483398591385097,-0.0873464106098675
"rel_only","r_wid[w13816ba,Intercept]",0.170805546926005,0.135533716407919,0.0771584080454142,0.263498651977305,-0.00222938778035103,0.344465663456498,-0.0968594276808471,0.431949027192515
"rel_only","r_wid[w18042a7,Intercept]",-0.0869409533330764,0.111393879998473,-0.159892621229983,-0.0120885029745748,-0.228336807976404,0.0552202419180717,-0.305807569663365,0.136064264163023
"rel_only","r_wid[w192a97f,Intercept]",-0.196933272616123,0.138737751329103,-0.289922272856423,-0.10172183056341,-0.376073559315127,-0.021447770429494,-0.468132089895906,0.078521918844293
"rel_only","r_wid[w1ad74ca,Intercept]",0.178414420082513,0.13187699223813,0.0904698065945533,0.265257344966899,0.0105232713387889,0.347719499320775,-0.0846153997365877,0.436709239394733
"rel_only","r_wid[w21be7c0,Intercept]",-0.153967444770402,0.119615511207267,-0.231501029278701,-0.0739646919416604,-0.309541714636279,-0.000653153507419853,-0.389906370835887,0.0774795555099006
"rel_only","r_wid[w2329c2e,Intercept]",0.251719937035051,0.101028090646439,0.185373934773302,0.319719463412349,0.123718059671215,0.381848466225422,0.050722491477601,0.451642750189974
"rel_only","r_wid[w24cc88c,Intercept]",0.266821285604776,0.116983641904582,0.187980322622241,0.345440621191679,0.114218795499272,0.420116173291211,0.039233711891135,0.494534113798511
"rel_only","r_wid[w27e5a42,Intercept]",0.115708084106057,0.103175554650356,0.0459035433171641,0.188241347280539,-0.0180843434278122,0.24579000302918,-0.0854363475055191,0.318061119373023
"rel_only","r_wid[w28f36aa,Intercept]",0.157067637023588,0.10763205718434,0.0841835140695486,0.231018455616797,0.0187405856183715,0.295738723300862,-0.0538979568141037,0.369852238424488
"rel_only","r_wid[w29215b1,Intercept]",0.348255164725546,0.13555620915466,0.259378819855125,0.43868059648457,0.177837619049215,0.520008840029944,0.0797667684895141,0.622496414907313
"rel_only","r_wid[w2b37aae,Intercept]",0.142811161598471,0.101977186337625,0.0730541261834475,0.212198343074903,0.00990208426986933,0.275132968590454,-0.0546442890885435,0.338396031725432
"rel_only","r_wid[w2b4a70d,Intercept]",0.011641083064621,0.100581622414242,-0.0572429664948374,0.0780368269805521,-0.11681947185292,0.139135894575896,-0.183051056796895,0.210077502054412
"rel_only","r_wid[w2b9a138,Intercept]",-0.150810704587544,0.130557468370951,-0.237712241762371,-0.0614665607115916,-0.320647647279568,0.018885764755813,-0.407720430991319,0.102582793858622
"rel_only","r_wid[w2d4c98d,Intercept]",0.200214080892485,0.143001594693253,0.105906980791159,0.292981736841725,0.0150676673634777,0.386424461336348,-0.078926331606837,0.482684859640021
"rel_only","r_wid[w2d80146,Intercept]",0.107967429931784,0.0971263484898904,0.0409641369811477,0.175161228226284,-0.0179573749339874,0.232540682207043,-0.071608949494821,0.299569240236348
"rel_only","r_wid[w2e6acfb,Intercept]",0.00361945932777479,0.100444135188088,-0.0645642252865878,0.0733071114976581,-0.125443551713233,0.135272280104113,-0.195005714505229,0.195642747350259
"rel_only","r_wid[w2f45fb6,Intercept]",0.206980910577364,0.142375584584056,0.110685831368644,0.300659644612354,0.0228717668519956,0.386311289415874,-0.0700436982105891,0.491821356022176
"rel_only","r_wid[w2fdc513,Intercept]",0.0309160817466388,0.13022874865184,-0.0555056377487057,0.120043328754724,-0.135248927464258,0.198263601526155,-0.225837596709886,0.277591164146264
"rel_only","r_wid[w30bb20e,Intercept]",0.214877874735557,0.101313796931183,0.145343446988459,0.283742024907081,0.0858723123284016,0.344276462094738,0.0177545368903403,0.409003632987961
"rel_only","r_wid[w31415e8,Intercept]",0.130560979801367,0.104254378014674,0.0583486223603363,0.199928144111344,-0.00180069171563207,0.265477564027769,-0.075273818177066,0.33843143425893
"rel_only","r_wid[w31bcaa3,Intercept]",-0.170267789989252,0.104083932055628,-0.240059005423593,-0.100846494625481,-0.30259324588621,-0.0394050035003567,-0.379728833173596,0.0326506383303352
"rel_only","r_wid[w37d3a90,Intercept]",0.348190641410778,0.112241793891518,0.272357412147615,0.422027883480783,0.208484372025824,0.491262996335468,0.125343683074793,0.572711479762263
"rel_only","r_wid[w3870b92,Intercept]",0.128886258941486,0.105273438161614,0.0586659016644906,0.19908536752473,-0.00528478417210031,0.264049700161384,-0.0812862512401002,0.330363845374558
"rel_only","r_wid[w3946928,Intercept]",-0.0257324975888583,0.127577774560501,-0.113903652802714,0.059209559640361,-0.18587144238046,0.140586096277053,-0.270877271354594,0.222504162616558
"rel_only","r_wid[w39cea38,Intercept]",-0.184104672853091,0.112400781476816,-0.260113897034714,-0.109043500865691,-0.328406508836905,-0.035396960476268,-0.402580195435363,0.0418974302564559
"rel_only","r_wid[w4077e51,Intercept]",-0.16986685345816,0.101171519579118,-0.237427947803904,-0.102108959743971,-0.299260759227501,-0.041640252127951,-0.372010967242489,0.027952363386676
"rel_only","r_wid[w4140fe6,Intercept]",-0.0529292652642169,0.108291583469921,-0.124609942401954,0.0215846958002305,-0.190570585718408,0.0883456957776204,-0.267331392989503,0.154429150548544
"rel_only","r_wid[w4160090,Intercept]",0.110299213435002,0.0987601622487099,0.0417563181173878,0.17660849812721,-0.0158644319348645,0.240297336476736,-0.0827364205575658,0.303171929961939
"rel_only","r_wid[w430272a,Intercept]",-0.125656477506623,0.106218760292874,-0.198207644388766,-0.0564455825098709,-0.264030431368439,0.0116748142910757,-0.331318522104435,0.0838404527754554
"rel_only","r_wid[w44a1a9f,Intercept]",-0.0383343953064042,0.1206457244586,-0.115737919030534,0.0409451837276179,-0.194302843513835,0.115924585494293,-0.273209458508408,0.203518696054399
"rel_only","r_wid[w44b0e2d,Intercept]",-0.0860556188229953,0.11140063898411,-0.160667817433789,-0.0121238482339201,-0.232121883957092,0.0560255261091999,-0.304974225027555,0.131208614988053
"rel_only","r_wid[w45af4af,Intercept]",-0.0652039153013007,0.106013946250722,-0.136623973912906,0.0071213219525629,-0.19952306802279,0.0720504256739445,-0.273633102949649,0.140782406025433
"rel_only","r_wid[w47f6859,Intercept]",-0.0333172068706517,0.129881061987848,-0.122353290045868,0.0551804254786302,-0.197799040208658,0.13378024743988,-0.286899092006603,0.219796160656823
"rel_only","r_wid[w488be27,Intercept]",0.327317977445736,0.147166801800357,0.227305455781088,0.427060317821117,0.139390273864295,0.517097390371252,0.0376925349466572,0.61734255935056
"rel_only","r_wid[w496515d,Intercept]",-0.0951948479425815,0.104309267290228,-0.165344827399372,-0.0275050150240917,-0.226806737886824,0.0397505562393313,-0.302140036773318,0.108948943433355
"rel_only","r_wid[w497e696,Intercept]",0.277049513723729,0.107542356599916,0.204804646787024,0.347310709157015,0.140381572894789,0.415654446263277,0.0686654890027236,0.491238753466904
"rel_only","r_wid[w4a643e0,Intercept]",-0.491224498160097,0.13218796958243,-0.583571948694745,-0.400016608294655,-0.657823129357631,-0.323189158658579,-0.745257669439071,-0.230996971433023
"rel_only","r_wid[w4b34871,Intercept]",-0.0362797734840562,0.137625596444084,-0.128670164015888,0.0576753013030031,-0.211660417569492,0.137536241449372,-0.309452941548913,0.221965144196762
"rel_only","r_wid[w4bdc2df,Intercept]",0.0964118793439175,0.137840076870647,0.004101707384031,0.191418296989117,-0.0842096574928735,0.270895682635157,-0.173984974973355,0.361840831260984
"rel_only","r_wid[w4e902e8,Intercept]",-0.0262218270197454,0.102093851383468,-0.0940763788396694,0.0427385723668531,-0.155275619363242,0.103500435036309,-0.228566387877628,0.178295917506213
"rel_only","r_wid[w4e997cb,Intercept]",0.105918628984889,0.0994212344351854,0.0397266412304052,0.171509541149973,-0.0242513130974629,0.231556625209063,-0.0895800942315672,0.299427092534764
"rel_only","r_wid[w4ebac4c,Intercept]",0.0623886389926102,0.0989390413999669,-0.00453452191980866,0.129928620228728,-0.0633494007633574,0.189255954167279,-0.13123116829229,0.255748282412706
"rel_only","r_wid[w4f4cbdd,Intercept]",-0.0949259978827664,0.130594014873044,-0.181936085551266,-0.00548216571327217,-0.263065422005419,0.0746354478734074,-0.354424387297947,0.152799487783756
"rel_only","r_wid[w502a382,Intercept]",-0.50998114132149,0.142474106538238,-0.608830128492347,-0.411997658943202,-0.690865372799388,-0.324888233957502,-0.785408415402163,-0.242087693695147
"rel_only","r_wid[w52f1872,Intercept]",0.0268264354262143,0.106625734718731,-0.0453463195830116,0.0980977349950035,-0.109305430344715,0.166100409831561,-0.185542913812242,0.233497348480042
"rel_only","r_wid[w5305891,Intercept]",0.269680495862345,0.101070468642723,0.20205064757012,0.338791228184885,0.141210428953665,0.400581626803879,0.0661432693615536,0.463023731775543
"rel_only","r_wid[w5317a1b,Intercept]",-0.277578543409572,0.131358824310725,-0.366707408473979,-0.189908288446152,-0.444413575468713,-0.109239888341122,-0.534823430097662,-0.0106867904477866
"rel_only","r_wid[w55e643e,Intercept]",-0.198146909149348,0.170952393795546,-0.312007486548836,-0.0841589430939277,-0.415240517403704,0.0172853839096601,-0.535833901254915,0.14069600097369
"rel_only","r_wid[w58111ca,Intercept]",-0.342475827268565,0.0969041168223763,-0.407929328354654,-0.276149931927393,-0.466413675653303,-0.216905654922062,-0.53117945872351,-0.14906869990802
"rel_only","r_wid[w58ddb10,Intercept]",0.201681183841593,0.105555115393427,0.130884880052437,0.270552531557997,0.0680574808348373,0.33432628419101,0.00167337478985925,0.41319262326262
"rel_only","r_wid[w5bee286,Intercept]",-0.457400923332676,0.0996634781646936,-0.524205028658654,-0.388870864297458,-0.584667716574569,-0.32917974905645,-0.648193842802433,-0.25972861953308
"rel_only","r_wid[w5e13b84,Intercept]",-0.0753980992461148,0.108202752751898,-0.147474809182361,-0.00101248647695368,-0.216304647265595,0.0624053113537788,-0.286093269149801,0.13164517843468
"rel_only","r_wid[w5ef243f,Intercept]",-0.0287299257478167,0.133064735005048,-0.115967634693024,0.0606699995593764,-0.199596872883737,0.141471701621842,-0.287265398986364,0.23073083851763
"rel_only","r_wid[w5fb2730,Intercept]",0.0820561694569644,0.164835791556855,-0.0288042787025263,0.192638495047871,-0.129059659021658,0.295037579574046,-0.241307260794743,0.401924151509075
"rel_only","r_wid[w6079012,Intercept]",-0.0032486531505207,0.103606893340018,-0.0714975831248559,0.0631564172574501,-0.136629793121633,0.131493859579767,-0.199793130571879,0.1994525266562
"rel_only","r_wid[w608e33c,Intercept]",0.096430627394424,0.129444525766799,0.00899649542883079,0.184056682725897,-0.0685498199700752,0.260247183623653,-0.161231182653781,0.353214565545381
"rel_only","r_wid[w60e592a,Intercept]",-0.136607453554718,0.101552896609457,-0.20454607275024,-0.0672341008561047,-0.268992283793449,-0.00557082823525829,-0.336507926705085,0.0596528401399466
"rel_only","r_wid[w62f57a5,Intercept]",-0.120212794416405,0.104060049872217,-0.191991551611126,-0.0490446511700323,-0.252230839777602,0.0123841276276273,-0.324580546352499,0.0873455666668995
"rel_only","r_wid[w65ae27b,Intercept]",-0.266919205890014,0.105983980584664,-0.335304928168683,-0.196736456207461,-0.398720614298871,-0.130035701518714,-0.4824453907586,-0.0588913819119355
"rel_only","r_wid[w65ed633,Intercept]",0.196329858969653,0.140576286947749,0.101627887007164,0.291300519912673,0.0153343214803602,0.376756915179336,-0.0749127696975712,0.476096787511429
"rel_only","r_wid[w67efce7,Intercept]",-0.0955369003995487,0.106677083357639,-0.168119549611013,-0.0226063920027955,-0.232962304059801,0.0389805978457292,-0.305093193836953,0.11360681791833
"rel_only","r_wid[w6b34a8b,Intercept]",-0.609535195446216,0.132624825885463,-0.696895851105719,-0.521967555662146,-0.780201822259354,-0.438362892693723,-0.874373550914618,-0.347150550093547
"rel_only","r_wid[w6c5aa72,Intercept]",0.359535282538908,0.167631701453707,0.243488050454357,0.470340871118562,0.144345478521705,0.57732307041685,0.0317656305552801,0.689677629192466
"rel_only","r_wid[w6e46ddf,Intercept]",-0.453804188989758,0.101616269298084,-0.521950403333091,-0.386489526018923,-0.583377206289819,-0.320610912180175,-0.651761853482313,-0.251955693626347
"rel_only","r_wid[w6ebaea9,Intercept]",0.405572012150339,0.111755737129877,0.32709730178961,0.483953685336794,0.259412018549724,0.550891988046609,0.187011426258182,0.612338995501161
"rel_only","r_wid[w6fe5d47,Intercept]",-0.0501717640734226,0.116089005048718,-0.128375728922785,0.0285837165366442,-0.202284913891453,0.100333136798756,-0.276156911833049,0.172964523831015
"rel_only","r_wid[w715d917,Intercept]",-0.00747037207139849,0.0997319415065085,-0.0736959540884167,0.0598552514918193,-0.135336812517441,0.119128305745204,-0.202900103249706,0.182796046015144
"rel_only","r_wid[w720e820,Intercept]",-0.327390005471461,0.113349626802557,-0.402791456875668,-0.252139693022869,-0.473318710305561,-0.185493049532147,-0.549448958399454,-0.102102305513709
"rel_only","r_wid[w7606987,Intercept]",0.0961743502389301,0.120467651781522,0.0142489775985188,0.177467194927554,-0.0571137998852846,0.248328406673473,-0.139950972556594,0.335000126660539
"rel_only","r_wid[w7978f92,Intercept]",0.0108313212123972,0.110402517827325,-0.0617145288619672,0.0875599284113163,-0.132623245040182,0.150816185117516,-0.206912227597679,0.22536691008385
"rel_only","r_wid[w797a1e5,Intercept]",0.155260010660759,0.146305906949828,0.0585060513297549,0.253500297408948,-0.0287266377719477,0.342819549859075,-0.143704370737698,0.440596813071047
"rel_only","r_wid[w7a04fdc,Intercept]",-0.541965993329074,0.136721343870061,-0.635743331379979,-0.446934815098257,-0.717987863630883,-0.368528199498022,-0.808932971404167,-0.273744591831799
"rel_only","r_wid[w7c1d29f,Intercept]",0.037491755168527,0.133695628893981,-0.0558066122217426,0.131058693138454,-0.137020286238271,0.207218751904894,-0.227455963958731,0.29065492565531
"rel_only","r_wid[w7cfc37e,Intercept]",0.125052973448033,0.141599909018739,0.0323621091953778,0.220671770263662,-0.056489492886931,0.30349081738575,-0.160251748762478,0.400835630453853
"rel_only","r_wid[w7e41e95,Intercept]",-0.0885793593950405,0.104259487412195,-0.158356131627514,-0.016549987563539,-0.219830367941746,0.0420140899001623,-0.300746048006354,0.108912484918075
"rel_only","r_wid[w80189d3,Intercept]",-0.44566804225123,0.104604562833479,-0.516462071134766,-0.372751742738937,-0.583042853334811,-0.311566005705513,-0.651379574541818,-0.249740524092009
"rel_only","r_wid[w8146fb9,Intercept]",0.00201273524089212,0.104066015448297,-0.0726694040767893,0.0729708249697822,-0.128590872471504,0.136599973762393,-0.197645894983983,0.205419902729178
"rel_only","r_wid[w84e06f3,Intercept]",0.255345162722741,0.108489013228369,0.183855503072334,0.327859488180512,0.117129422670074,0.393888553926684,0.0416314284563314,0.469421739237616
"rel_only","r_wid[w8937d22,Intercept]",-0.0117304760552353,0.0954977603388441,-0.0765807372115169,0.0545837452680452,-0.134804013166527,0.108105643139248,-0.201178647703502,0.172364678109638
"rel_only","r_wid[w8ad52eb,Intercept]",0.462560513636772,0.138241653828241,0.369233051748359,0.554193327905033,0.285894198157342,0.637942367357399,0.192745621316581,0.739147915317009
"rel_only","r_wid[w8bc33f5,Intercept]",-0.307342416931207,0.114454503261721,-0.386200325535985,-0.228943452955397,-0.453055974541182,-0.160394731447054,-0.527232288159424,-0.0846737327576265
"rel_only","r_wid[w8d56791,Intercept]",0.00484676307700993,0.14602652492897,-0.0908367307825301,0.104089576925598,-0.184961416296096,0.193377688364757,-0.283062018778884,0.286578135271069
"rel_only","r_wid[w8e2568d,Intercept]",0.239603169667217,0.141489606854829,0.144944098167549,0.334155703171067,0.0571314096506703,0.420424335088055,-0.0338585751510885,0.514719380097902
"rel_only","r_wid[w8e5f535,Intercept]",0.293244536939882,0.106935368824003,0.220057241426792,0.366208489052527,0.154110919397224,0.426955003782199,0.0830273861864264,0.503212000999752
"rel_only","r_wid[w8eb1000,Intercept]",0.358848757311304,0.1110013893981,0.281716479235466,0.435299292642018,0.217262531003572,0.501473744189978,0.138277756451441,0.574635348358369
"rel_only","r_wid[w8f37d35,Intercept]",0.131790071216703,0.113471743376888,0.0564549861893867,0.207264760287948,-0.0123599323570214,0.277962836318806,-0.0922475244604722,0.351566791395333
"rel_only","r_wid[w8f47681,Intercept]",-0.205961042533738,0.131838443891203,-0.293064242333625,-0.116671410012708,-0.377576041316938,-0.0389620901316202,-0.463630057166523,0.0495713032008651
"rel_only","r_wid[w8f710ed,Intercept]",-0.0901842227564296,0.105110141624342,-0.160553117658434,-0.0174799535487161,-0.225266694737167,0.0439659979369865,-0.292095916484783,0.117413214829929
"rel_only","r_wid[w91e953e,Intercept]",0.0482619383771607,0.130317270809358,-0.0387146134771499,0.13787187775292,-0.119234160178516,0.211236264271812,-0.202842457286461,0.29858674602549
"rel_only","r_wid[w93de42b,Intercept]",0.357421276081297,0.107350431012743,0.284216173145326,0.431236713493189,0.219955833790686,0.494186631762336,0.15279943377992,0.566732156624531
"rel_only","r_wid[w950a999,Intercept]",-0.116707343941856,0.129882294981201,-0.204665361643006,-0.025645424249743,-0.281180072996017,0.0492446105563134,-0.36961655135097,0.13505264050847
"rel_only","r_wid[w95f2351,Intercept]",0.0839819797042852,0.112118490241738,0.00724819145929217,0.159631275940981,-0.057512671178998,0.228354448662855,-0.132131659069726,0.299345633149771
"rel_only","r_wid[w967bd55,Intercept]",-0.0659580142887789,0.102016761859484,-0.134783122924639,0.00314584833542846,-0.193553782032117,0.0659786729628306,-0.272125666647798,0.13146566380747
"rel_only","r_wid[w970a2f0,Intercept]",0.105631281858978,0.138587902961453,0.0138056682251757,0.198607590042343,-0.0734621772044473,0.281569268319258,-0.162563598656219,0.375988006930863
"rel_only","r_wid[w973f72a,Intercept]",0.0332491939350287,0.136469913427808,-0.0600319097684239,0.129269200097593,-0.145112901003192,0.204501532100305,-0.22896102511824,0.296196963969405
"rel_only","r_wid[w977f12b,Intercept]",0.199565691377449,0.108011815039523,0.128501237971668,0.270045434156417,0.0633142411567663,0.337282907336901,-0.0185574088552172,0.41303582978516
"rel_only","r_wid[w993543c,Intercept]",-0.00320903535012859,0.104908570845645,-0.0742251682558372,0.0666465537734438,-0.138045433733915,0.129175288237228,-0.205148465702464,0.204579055365268
"rel_only","r_wid[w9a48bb6,Intercept]",0.162976022885616,0.104361195252989,0.0942642749855325,0.235405841741254,0.0306826845054248,0.294649101218788,-0.0448772125897954,0.367230809797574
"rel_only","r_wid[w9be1ae9,Intercept]",-0.386451301082756,0.105879815726817,-0.457805383368889,-0.315140575678092,-0.522931221974279,-0.245370476231064,-0.593841182803577,-0.182830889098974
"rel_only","r_wid[w9d4c48d,Intercept]",-0.131560396564944,0.107439233919004,-0.204269389868734,-0.0592640764706097,-0.265424827040032,0.00561723669149835,-0.34085193246019,0.075632036702182
"rel_only","r_wid[w9f6c077,Intercept]",-0.0644680613186418,0.130073248241318,-0.151392708360112,0.0227489845352807,-0.228475875445063,0.102413018099419,-0.321816431247853,0.189101227989758
"rel_only","r_wid[wa0cc687,Intercept]",-0.000860478479078539,0.122432089140581,-0.0859326559540467,0.0819307539175858,-0.160381416359718,0.15751822426532,-0.231931184894618,0.241369358313368
"rel_only","r_wid[wa13a069,Intercept]",0.114594341594677,0.106162542508684,0.0428964189275429,0.187829344692171,-0.0226901090898571,0.250900039759951,-0.0914940156753066,0.32333835517757
"rel_only","r_wid[wa36b055,Intercept]",-0.170000272192929,0.112730388804277,-0.245863712622713,-0.0938012437047595,-0.314097278384415,-0.0236005578335277,-0.39532615223098,0.0486564087758274
"rel_only","r_wid[wa577349,Intercept]",-0.0398059139860776,0.102867141600738,-0.108598499462138,0.0298659779983756,-0.17305998962908,0.0934980633621929,-0.242726413895814,0.160309239939579
"rel_only","r_wid[wa797b6a,Intercept]",-0.430258685214357,0.151632128037601,-0.532454371021114,-0.32909907768738,-0.624970667537674,-0.236531113306822,-0.732155449959861,-0.134557196562989
"rel_only","r_wid[wa88aaed,Intercept]",-0.0250775181557512,0.103897368602722,-0.0954854804096738,0.0466182649750761,-0.1628792302816,0.108839635790054,-0.225107090462201,0.177003184923947
"rel_only","r_wid[wa90a378,Intercept]",-0.262091830286686,0.107468150937439,-0.332924614691719,-0.190788642174843,-0.404122734476904,-0.123777031328614,-0.475517036971902,-0.0597145086502752
"rel_only","r_wid[wa913679,Intercept]",-0.0801604874951087,0.103113108971918,-0.149107598570487,-0.0109334597716597,-0.213872832875275,0.053408044759545,-0.281142582367004,0.1249283284444
"rel_only","r_wid[waa6a3c8,Intercept]",0.180693044434005,0.104551674117467,0.111074721816419,0.252986431614303,0.0460330191210871,0.311837540142192,-0.0277231324163699,0.383914398764879
"rel_only","r_wid[wab2e8f4,Intercept]",-0.0113361438969562,0.134432245652555,-0.104051143643416,0.0773738774475856,-0.180225529979156,0.16344945485256,-0.275952833750787,0.258699135495848
"rel_only","r_wid[wada012d,Intercept]",-0.25391212938347,0.102028436319787,-0.321792362133493,-0.185601251981579,-0.385107283303072,-0.123196049495472,-0.455169198963055,-0.054815547736119
"rel_only","r_wid[wae959a9,Intercept]",-0.422563877438365,0.147459772472011,-0.522320540383467,-0.322768300893981,-0.609332246951709,-0.231951918321739,-0.712633063018389,-0.135262360461471
"rel_only","r_wid[wb0ecf0b,Intercept]",-0.475936258547524,0.103073455970537,-0.54748390165883,-0.405575022512992,-0.608834535771829,-0.346871617490457,-0.672195450211891,-0.270750155984022
"rel_only","r_wid[wb14e228,Intercept]",0.0548927836928108,0.11470855803896,-0.0228959832206753,0.133259110480814,-0.0918553728280199,0.203953580002291,-0.165510444975921,0.284532105188192
"rel_only","r_wid[wb2e2d84,Intercept]",-0.0479775937062942,0.103593358087202,-0.118535468606168,0.0227279765310629,-0.180408089915397,0.0866319345631383,-0.247946675189661,0.147717506824439
"rel_only","r_wid[wb51887d,Intercept]",-0.0959352846149591,0.110052652101961,-0.169513648378434,-0.0218526349842584,-0.234049708254425,0.0431761511482807,-0.312694984732669,0.12405175557923
"rel_only","r_wid[wb71ae9a,Intercept]",-0.0685629169932932,0.127574675525646,-0.153761243181687,0.0200044837852091,-0.232954707926882,0.0978210808249764,-0.313357132877917,0.1863001313568
"rel_only","r_wid[wb900a5f,Intercept]",-0.408406105101517,0.10555699974079,-0.478890723547597,-0.338088600633941,-0.541663779893209,-0.275021041163306,-0.612107490086127,-0.197527895826713
"rel_only","r_wid[wb90ffa2,Intercept]",0.0159562201782653,0.103700229760783,-0.0554580186148783,0.0870313115782007,-0.11442930389377,0.150252784320922,-0.187635824342962,0.213165779052019
"rel_only","r_wid[wbaa44ea,Intercept]",0.076675936133378,0.103807055624211,0.00447374973212679,0.14804273098462,-0.0545164332456626,0.211246602969251,-0.123072721119158,0.277728566314463
"rel_only","r_wid[wbb70a68,Intercept]",0.258512141892606,0.100784760209116,0.190515004509207,0.326270354745381,0.129798406457308,0.38664828359794,0.0605112759596155,0.456399127841734
"rel_only","r_wid[wbc9e827,Intercept]",-0.573949915311168,0.112845973030809,-0.649945898694023,-0.495254964688832,-0.717136326121742,-0.429131959836718,-0.794746668573725,-0.351599481027607
"rel_only","r_wid[wbcfaf6a,Intercept]",0.263313134008172,0.101484051298069,0.195457892346328,0.32984717761098,0.133350127890471,0.395041080538112,0.0634897332093703,0.459907816189599
"rel_only","r_wid[wbd60b70,Intercept]",0.253439010280823,0.101984030194459,0.183799293500915,0.321472233100622,0.124825389983291,0.385934703150323,0.055011759383063,0.457340692283651
"rel_only","r_wid[wbe3571b,Intercept]",0.0420067190379631,0.103583340328628,-0.0286273503371037,0.113960376211735,-0.0892223417890912,0.174433584706624,-0.156315525456893,0.244284803890429
"rel_only","r_wid[wbf6ee18,Intercept]",0.0738539907217842,0.110442228793471,8.76645695866738e-05,0.149491697908907,-0.0719330218416871,0.216343673246083,-0.141124964950465,0.28646554889541
"rel_only","r_wid[wc04c93a,Intercept]",0.247437000370889,0.103061739956763,0.177284192906034,0.317783558698094,0.113391062928925,0.37955152355713,0.041729309771478,0.444125955249102
"rel_only","r_wid[wc471696,Intercept]",0.483281978612112,0.113296678881948,0.409089739351732,0.558158136022115,0.340534431254589,0.630691376562387,0.261384629970035,0.701442682694445
"rel_only","r_wid[wc5adc9d,Intercept]",0.284072966600266,0.102477695546937,0.215032663511442,0.351090941650227,0.151310445972144,0.414610368794982,0.0800698077355688,0.484720960082295
"rel_only","r_wid[wc6ebbf2,Intercept]",0.417932929729345,0.107731916398599,0.345216366798208,0.489853356037717,0.278960584804657,0.557067924314823,0.205454935581138,0.627281172313743
"rel_only","r_wid[wc9128ed,Intercept]",0.282288361386048,0.100761378198418,0.213390304671098,0.349727257243489,0.153006239743261,0.411007684519051,0.0862119407142093,0.480321781277657
"rel_only","r_wid[wc9d64f4,Intercept]",-0.145067012803113,0.0971455397043181,-0.211872531743753,-0.0785548516948966,-0.269086622309509,-0.0203770147218455,-0.337465581665912,0.0413795911953203
"rel_only","r_wid[wca8e71a,Intercept]",-0.655594985006135,0.107580756586891,-0.726529270126932,-0.584938574521036,-0.794912380387076,-0.519210413741492,-0.870068633518787,-0.438426664138299
"rel_only","r_wid[wca9e1aa,Intercept]",0.0452183579966504,0.110009124039504,-0.0263863807232047,0.121108715317303,-0.0954663575608168,0.185656053027618,-0.176394544916609,0.265469125620138
"rel_only","r_wid[wcabe93e,Intercept]",0.154759256140813,0.13292172681447,0.065947534068717,0.243653013248423,-0.0149050465933554,0.32391640933173,-0.107361255591136,0.405889513396207
"rel_only","r_wid[wcbb66d9,Intercept]",-0.12954071511674,0.100474801431358,-0.196868056447104,-0.0606946064699983,-0.257563303109846,-0.000544130057278886,-0.327945363474238,0.0667612223491899
"rel_only","r_wid[wcbfad8c,Intercept]",0.0245843443341958,0.129766404063976,-0.06537184833786,0.114610299089165,-0.138210076633286,0.190057382971721,-0.236824288721029,0.27502974736453
"rel_only","r_wid[wcd5d786,Intercept]",0.0219915066215485,0.105829178338263,-0.0499493484658977,0.0957427234044864,-0.115972387444264,0.158083785349462,-0.19061224842459,0.229928076494848
"rel_only","r_wid[wd071aa9,Intercept]",-0.126563539859471,0.131808328436205,-0.216567573041941,-0.0379457967508857,-0.295522472908553,0.0404624702901643,-0.384947861641899,0.131854887256902
"rel_only","r_wid[wd3f2678,Intercept]",0.275695558872326,0.113680446615857,0.198147940850388,0.352116309620048,0.126788273100733,0.425068624000739,0.0563247607822939,0.495849421513464
"rel_only","r_wid[wd5e9df2,Intercept]",-0.282160779840504,0.120967103027957,-0.364099241928044,-0.20001536446215,-0.436878534615267,-0.126530351373544,-0.516788544534125,-0.0460827173490509
"rel_only","r_wid[wd697686,Intercept]",-0.316127947779222,0.106296732132749,-0.388990324211853,-0.243548069252768,-0.449159645303976,-0.182169693898407,-0.525520308065672,-0.107294327742192
"rel_only","r_wid[wd7482cf,Intercept]",0.0274293075284893,0.102785468627789,-0.0409877462228518,0.0962279827963814,-0.103151604101637,0.158508719090291,-0.177989569424412,0.228261248393559
"rel_only","r_wid[wd7d7085,Intercept]",-0.0502815721990229,0.126629045149279,-0.13464841790032,0.0335720611701071,-0.216182666352879,0.110558612031583,-0.30216717393883,0.196380880137881
"rel_only","r_wid[wd887970,Intercept]",0.384908491068268,0.127070385500879,0.299710223622375,0.473586459722702,0.219775013649745,0.545415814614999,0.135669176123258,0.630914312644641
"rel_only","r_wid[wdabae0a,Intercept]",0.106521159041159,0.127484890751049,0.02128884210028,0.191113988397269,-0.0515678290072919,0.274168822908245,-0.146480264759296,0.355577830489912
"rel_only","r_wid[wdb97422,Intercept]",0.191344352322039,0.105590296666139,0.120213705700606,0.261670207179346,0.0576280057369356,0.326624941086632,-0.0157267440354228,0.402494644206841
"rel_only","r_wid[wdc0f604,Intercept]",0.188140203492346,0.105373394334004,0.114868044364187,0.26114906687047,0.0505516794398006,0.32128592078848,-0.018908460171794,0.39177750461111
"rel_only","r_wid[wdfa587e,Intercept]",0.188667715791064,0.0978183292967289,0.119831876615907,0.253119854823007,0.0674490656654453,0.314193988216266,-0.00597413123609666,0.38283847118232
"rel_only","r_wid[wdfbc43e,Intercept]",-0.0136659702584603,0.110620074385128,-0.0877092027373957,0.0583413446784571,-0.156583183749569,0.127344613470868,-0.230570984245576,0.202085380159745
"rel_only","r_wid[we0078b2,Intercept]",0.22469982752124,0.101463600198745,0.15711703334341,0.291957942554407,0.0976184178827594,0.356229288378024,0.026311173945541,0.423917733909873
"rel_only","r_wid[we07eba7,Intercept]",-0.0350918662869038,0.10248390018605,-0.104424411180798,0.0329825177464482,-0.163799044393191,0.0957048923985639,-0.238734611093995,0.168244975721725
"rel_only","r_wid[we0e98d2,Intercept]",0.0711738605275378,0.116177837274956,-0.00787734411906302,0.148190801113123,-0.0761045657354114,0.221050368083662,-0.16019894510878,0.300388382244768
"rel_only","r_wid[we2b50c8,Intercept]",0.0116407138382703,0.101985207110867,-0.0545860444243023,0.0791381507286031,-0.12043089838049,0.138640451613511,-0.192338091294243,0.212111910418248
"rel_only","r_wid[we35ea87,Intercept]",-0.351965150021089,0.104618620383713,-0.420196744319185,-0.282018706081519,-0.4868751778511,-0.216954154109402,-0.557477458827378,-0.146160402913779
"rel_only","r_wid[we368c94,Intercept]",-0.322536078062106,0.108881525963618,-0.394515814427943,-0.251737335301459,-0.460759299829902,-0.184064718022937,-0.540873801810442,-0.109094573245426
"rel_only","r_wid[we6483ae,Intercept]",-0.30320872479246,0.104058358994411,-0.376429697221228,-0.23237597117095,-0.439138839551788,-0.166369535619348,-0.502197845826556,-0.0995006742809957
"rel_only","r_wid[we6aff32,Intercept]",-0.125983173422554,0.135765553466745,-0.218948507932098,-0.0341084192551645,-0.29698909953247,0.0504964329030315,-0.389520574018004,0.142410110995029
"rel_only","r_wid[we869265,Intercept]",0.131469379134261,0.117215477275408,0.050955219775599,0.213279610210261,-0.0202236049100865,0.280484513564647,-0.0991893402425648,0.358466561351254
"rel_only","r_wid[wea7f2f9,Intercept]",0.150914584341637,0.0996887717346204,0.0841913879837752,0.215835166614994,0.026756938673759,0.280514234004595,-0.0433457144741002,0.349225359918996
"rel_only","r_wid[wea96b0b,Intercept]",0.200861399635552,0.103382446478173,0.131973578322822,0.269916387854233,0.0675430329680128,0.332267112407259,-0.00380776229989103,0.402499146880903
"rel_only","r_wid[web7e878,Intercept]",0.189230472144221,0.132749610345412,0.0987967532220971,0.280710692472144,0.0205012653777622,0.361209164575235,-0.0675830542272845,0.449340423464007
"rel_only","r_wid[wecf7799,Intercept]",0.0344402350644744,0.100304161569481,-0.0316549977644782,0.104364573914156,-0.0960841419161678,0.162978986533158,-0.161472220295903,0.226727837802537
"rel_only","r_wid[wed2778e,Intercept]",0.156895377459553,0.113489013062158,0.082083509254922,0.233946623442434,0.00787513554246689,0.30580078903485,-0.0617085078061644,0.377885984069037
"rel_only","r_wid[wed354d9,Intercept]",0.0233632214476034,0.147625655929344,-0.0739658481326009,0.125349578643192,-0.166059665475072,0.207713375842333,-0.272732390170301,0.307498305164285
"rel_only","r_wid[wef591ef,Intercept]",-0.0263018927039192,0.103990262654876,-0.0948959363723211,0.0439069078015208,-0.158383319581544,0.10827236579109,-0.226466551685446,0.176827976410019
"rel_only","r_wid[wf1704eb,Intercept]",0.0170745956057905,0.103223596602702,-0.0555233970145492,0.0885539519248004,-0.116203062190575,0.152343876553999,-0.183109147686858,0.217358981116902
"rel_only","r_wid[wf1ea1db,Intercept]",0.190696462533419,0.177404042411436,0.0706047025686668,0.309398029498083,-0.0379452502275709,0.41423203335161,-0.149489622271692,0.534205004304225
"rel_only","r_wid[wf3a15bc,Intercept]",0.405269685499337,0.11389533791528,0.327700395118109,0.489011869340872,0.25824940111093,0.550471148834226,0.180289786663327,0.624784387624545
"rel_only","r_wid[wf6aed15,Intercept]",0.461619066454305,0.10239623183365,0.392433910788598,0.531649244680862,0.33001741259682,0.593029632814174,0.265008264999775,0.662520463744089
"rel_only","r_wid[wf8b98ff,Intercept]",0.243680912321563,0.103668860204381,0.171914943315087,0.312822976381016,0.110918350999884,0.376433754189179,0.0492830554891278,0.450233465188223
"rel_only","r_wid[wf8bf1c3,Intercept]",-0.119716552807787,0.104125133499792,-0.189660187484827,-0.0494929640234197,-0.250163979785297,0.0133145048542947,-0.320858413181514,0.0842958042514962
"rel_only","r_wid[wf93dad0,Intercept]",0.0473708419941256,0.126094172218472,-0.0370640651574844,0.132163380979995,-0.110470333805136,0.210732805216576,-0.198981016292036,0.290482656359056
"rel_only","r_wid[wf9cb312,Intercept]",-0.217782014980912,0.130863298241221,-0.305475811296135,-0.127965149525293,-0.384170070155704,-0.0539040851853414,-0.478470529215958,0.0362724340897764
"rel_only","r_wid[wfd759db,Intercept]",0.0638668210411453,0.102947819182348,-0.0057260397372125,0.1333294661085,-0.0696628776769274,0.197287323033877,-0.131643401362388,0.267034411819664
"rel_only","r_wid[wfdd68c1,Intercept]",-0.0749700865404595,0.132958390785021,-0.164244156086635,0.0140940471348343,-0.248406704831972,0.0945519997357935,-0.337273484428022,0.190555845497056
"rel_only","r_wid[wfe9216a,Intercept]",0.141926239126788,0.129101478594559,0.0579017232501025,0.226259319963128,-0.0261723750883519,0.30801147009028,-0.114791939980884,0.400900723804518
"rel_only","r_wid[w001d343,n_rel_mem_dev]",0.00309178095838407,0.0195999217456138,-0.004333486430767,0.0086285703378243,-0.0149011776854815,0.0236616844398606,-0.0334295532655205,0.0512668197577321
"rel_only","r_wid[w03114c0,n_rel_mem_dev]",-0.00406150186437332,0.0215382571167029,-0.0115816793637089,0.00595114878118267,-0.0287464453475209,0.0165536834972401,-0.0596530616416015,0.0335535213112468
"rel_only","r_wid[w04c1659,n_rel_mem_dev]",0.00119232440240083,0.0198290628191195,-0.00601375490000129,0.00763780163143509,-0.0182853283335762,0.0223397340345356,-0.0401270568601838,0.0465096895535067
"rel_only","r_wid[w063688a,n_rel_mem_dev]",-0.0028567829191478,0.0193045659445952,-0.00902281560430994,0.00509119587396696,-0.0244249807686214,0.015260082484382,-0.0488444929220088,0.0330089824985374
"rel_only","r_wid[w06866f0,n_rel_mem_dev]",-0.00202888375746915,0.0181477222973172,-0.00757891193407614,0.00492634923221742,-0.0215067092394957,0.0159586960395777,-0.0472165752943982,0.0338033611038611
"rel_only","r_wid[w0a27d42,n_rel_mem_dev]",-0.00119544451717325,0.018749631524317,-0.00706795976025217,0.00539852582636443,-0.0204740651823175,0.0168392347626733,-0.0456431529903615,0.0369321124045201
"rel_only","r_wid[w0a90f7a,n_rel_mem_dev]",0.00179072925098993,0.0203845649160085,-0.00525609238684791,0.00765610310701378,-0.0174835644382084,0.0220787143538075,-0.0388843229589238,0.0520572681905653
"rel_only","r_wid[w0ae94e6,n_rel_mem_dev]",-0.00173462855188096,0.0201582396855262,-0.00889128107342524,0.00589620356902342,-0.0232437143331459,0.018716835183919,-0.0487360357635079,0.0393483115620139
"rel_only","r_wid[w0b2b304,n_rel_mem_dev]",-0.00296482759591964,0.0198098695734082,-0.0089389403717488,0.00469915667569609,-0.025926843496245,0.0157686329240345,-0.0527149594567581,0.0340385255376718
"rel_only","r_wid[w0bdd7c4,n_rel_mem_dev]",-0.00434935258753569,0.020343308998088,-0.0098661165395017,0.00412092460067118,-0.0281035475764007,0.014646032243152,-0.058823219933882,0.0316201480626958
"rel_only","r_wid[w0e7fb0a,n_rel_mem_dev]",0.000804659804410857,0.0192419408959588,-0.00612184659729908,0.00714809845198538,-0.0182647551332495,0.0197306950857322,-0.037571156902595,0.0441535061765367
"rel_only","r_wid[w0fc6501,n_rel_mem_dev]",0.000594451347764339,0.0204122052839175,-0.00638891421207169,0.00724919671011976,-0.0192144489257076,0.0199671328433416,-0.0423489934319977,0.0466533452951811
"rel_only","r_wid[w107fce5,n_rel_mem_dev]",0.0103135143011079,0.0302952635764096,-0.00516782467738642,0.0214085379246067,-0.0180906614128291,0.0473269312510786,-0.0386751974911394,0.0897718919784779
"rel_only","r_wid[w108c7bf,n_rel_mem_dev]",-0.000281922096306611,0.0208383536243897,-0.0081551338570662,0.00854449870321435,-0.0228913790675132,0.0218541979816802,-0.0456885551932346,0.0423192518541282
"rel_only","r_wid[w13816ba,n_rel_mem_dev]",-0.0016807959493448,0.0207638813142171,-0.00855056629674941,0.00569902815997594,-0.0232818537010363,0.0183334787242841,-0.0470227015048264,0.0422252195777687
"rel_only","r_wid[w18042a7,n_rel_mem_dev]",-0.00295235873399054,0.0177982134568853,-0.00869929815377569,0.00432141405182211,-0.0235026852106432,0.0140287280088211,-0.0466725993375644,0.0303818181556636
"rel_only","r_wid[w192a97f,n_rel_mem_dev]",-0.000270090001761653,0.0200255904078622,-0.00771978209893331,0.00748899233914664,-0.0210218435436812,0.0211799805750075,-0.0447333692670578,0.0421132109711991
"rel_only","r_wid[w1ad74ca,n_rel_mem_dev]",-0.00106323503908278,0.0197099413489629,-0.00795579596315107,0.00628622332444332,-0.0216808151789969,0.0189249054610614,-0.0440619770809824,0.0399347297556153
"rel_only","r_wid[w21be7c0,n_rel_mem_dev]",0.00258952153646283,0.0201484790412369,-0.00550008625555464,0.00914581720367381,-0.0172012428359422,0.0246909478443515,-0.0371847467058023,0.0494589664844853
"rel_only","r_wid[w2329c2e,n_rel_mem_dev]",-0.000983088404968296,0.0204498845807805,-0.00883456483480878,0.0067922057523477,-0.0224588096264734,0.0193994002223955,-0.044986723866573,0.0421424858933869
"rel_only","r_wid[w24cc88c,n_rel_mem_dev]",-0.00291040431443506,0.0207229610152206,-0.0104609577891858,0.00593111391361228,-0.0257268573768962,0.0178769491823282,-0.0494786975036064,0.0357875114319247
"rel_only","r_wid[w27e5a42,n_rel_mem_dev]",-0.000264972087261364,0.0187556338177889,-0.0068044624117303,0.00636089276355025,-0.0190304928838465,0.0182205857640074,-0.0404775534812603,0.0400139553799562
"rel_only","r_wid[w28f36aa,n_rel_mem_dev]",0.000218502943136191,0.0194513710425816,-0.00693122834193618,0.00712628439705461,-0.0191319380314922,0.020413322427269,-0.0418899998568691,0.0448021175858895
"rel_only","r_wid[w29215b1,n_rel_mem_dev]",-0.00146993491159282,0.0217031566992118,-0.00998761720789877,0.00734965776672786,-0.0258050135130764,0.021202052329903,-0.0512607658643391,0.0450479623596665
"rel_only","r_wid[w2b37aae,n_rel_mem_dev]",0.000985515803214406,0.0192954256385701,-0.00643269629973322,0.00731343499926167,-0.0184223715513463,0.0211415510141231,-0.0405463460623216,0.0454886144607874
"rel_only","r_wid[w2b4a70d,n_rel_mem_dev]",-0.000974269259265464,0.0184325834336166,-0.00741373131973622,0.00557377344486713,-0.0198205607605554,0.0172709878538348,-0.0421251948976407,0.0371446261676387
"rel_only","r_wid[w2b9a138,n_rel_mem_dev]",0.00155526634076813,0.0201257485436489,-0.00598092060229023,0.00828686598058942,-0.0176039775773017,0.0224140825414755,-0.0400226812048993,0.0492565205986632
"rel_only","r_wid[w2d4c98d,n_rel_mem_dev]",-0.0010459818551866,0.0204754663669154,-0.00809984887607463,0.00654199346480935,-0.0223800101039654,0.0192119782858911,-0.0444705255621012,0.0393096063939317
"rel_only","r_wid[w2d80146,n_rel_mem_dev]",-0.00299813549798068,0.0186958804465512,-0.0087245565131071,0.00457580751314647,-0.0235214232849848,0.0143763844622616,-0.0474438369516748,0.0315540652699502
"rel_only","r_wid[w2e6acfb,n_rel_mem_dev]",-0.00796765967881144,0.0216393397600279,-0.0130554826269926,0.00195751625494427,-0.0338602465212083,0.00901757417460603,-0.0651480767670124,0.0239245482030927
"rel_only","r_wid[w2f45fb6,n_rel_mem_dev]",-0.000122870664429519,0.0200661329513359,-0.00741116636237017,0.00734245687726233,-0.0210854417270567,0.0204998522037126,-0.0433831722367961,0.0431800308161363
"rel_only","r_wid[w2fdc513,n_rel_mem_dev]",-0.000561110112961918,0.0192643547159176,-0.00710013230112641,0.00598630808428689,-0.0190856666004988,0.0190858953722012,-0.0447556998744414,0.0403376645099278
"rel_only","r_wid[w30bb20e,n_rel_mem_dev]",-0.00301840075250596,0.0193887359835025,-0.0102176004528724,0.00473642538438813,-0.0247021180595096,0.0160508722885978,-0.0478232125667576,0.034965493099506
"rel_only","r_wid[w31415e8,n_rel_mem_dev]",0.00044753391256703,0.0194920416488635,-0.0065606305511384,0.00712532486394883,-0.0189151307509368,0.0211880721192146,-0.0422499581956442,0.0447026077359214
"rel_only","r_wid[w31bcaa3,n_rel_mem_dev]",-0.00126115931150548,0.0192943108798602,-0.00814406268766688,0.00628045990833561,-0.0221662894860291,0.0188863608669184,-0.0459805942427811,0.0380096812539784
"rel_only","r_wid[w37d3a90,n_rel_mem_dev]",0.00166958500144367,0.0201566798781476,-0.00757270135796099,0.00964580851163245,-0.0202309228848721,0.0246777369322157,-0.0381615491339458,0.0495890020869059
"rel_only","r_wid[w3870b92,n_rel_mem_dev]",-0.00309423358157544,0.0205863277970491,-0.00923379540678674,0.00453098420899964,-0.0252338017587616,0.0157364228282019,-0.0551502697810113,0.0388015713380426
"rel_only","r_wid[w3946928,n_rel_mem_dev]",-0.000541994704881942,0.0190307229521373,-0.00656875875669585,0.00618028690685828,-0.0195654067764892,0.0178242023135612,-0.0451121400228081,0.0409587316212646
"rel_only","r_wid[w39cea38,n_rel_mem_dev]",0.00384607026790736,0.0204494217769932,-0.00465324943938334,0.0104205974836697,-0.0153300551388901,0.0270838113752126,-0.0345125887729749,0.0515843819734127
"rel_only","r_wid[w4077e51,n_rel_mem_dev]",-0.00130783296737566,0.0186324074191081,-0.00768752356622452,0.00641170457011311,-0.0220968094007393,0.0171449553506225,-0.0439296898697827,0.0351479828379349
"rel_only","r_wid[w4140fe6,n_rel_mem_dev]",0.00157728714354467,0.018553906310321,-0.00523725068744168,0.00744599005092517,-0.0165598401451907,0.0206672774476374,-0.0382217438877606,0.0471369477415939
"rel_only","r_wid[w4160090,n_rel_mem_dev]",-0.00414620787547068,0.020000662572534,-0.00987207475058267,0.00406969936300073,-0.0260827896716185,0.0136627903622822,-0.0540436867795573,0.0313734469076015
"rel_only","r_wid[w430272a,n_rel_mem_dev]",0.000165920865007766,0.0189090057462619,-0.00634192190344148,0.00659477785175089,-0.0183098866622077,0.019450562913182,-0.0424084246952538,0.0416143722957412
"rel_only","r_wid[w44a1a9f,n_rel_mem_dev]",0.00186729157604009,0.0198647704097882,-0.00499018937236799,0.0079009868950918,-0.0164724336206265,0.0233920953004553,-0.0381866402275121,0.0502068480067786
"rel_only","r_wid[w44b0e2d,n_rel_mem_dev]",-0.0051417945023848,0.0203058862226016,-0.0107674071235248,0.0037799383364867,-0.0282974243876297,0.0126734589738377,-0.0561323337149951,0.0265255992026405
"rel_only","r_wid[w45af4af,n_rel_mem_dev]",0.00137593088408175,0.0182476319776299,-0.00562634310075972,0.00748072215221052,-0.0164917725737739,0.0202056024946458,-0.03629654164026,0.0435428649982844
"rel_only","r_wid[w47f6859,n_rel_mem_dev]",0.000112650264105793,0.0197645619057036,-0.00622268822711593,0.0067750619374716,-0.0189287093460951,0.0197970873281135,-0.0441928756805326,0.0410490510128315
"rel_only","r_wid[w488be27,n_rel_mem_dev]",0.000223346389460686,0.0213311558007247,-0.00861160534204354,0.0088053388262709,-0.0230089109624815,0.0238707991489446,-0.0454917032547232,0.0474739986582991
"rel_only","r_wid[w496515d,n_rel_mem_dev]",0.000195803028811324,0.0192703657705396,-0.00680062660978698,0.00682108782583248,-0.0191436894257519,0.0202125180687238,-0.0411073998598357,0.0408064892199415
"rel_only","r_wid[w497e696,n_rel_mem_dev]",-0.00287687883437859,0.0196294696533698,-0.0105056185701044,0.00581876894218728,-0.0250672532186162,0.0174520208876447,-0.0474369355352264,0.0356685595977189
"rel_only","r_wid[w4a643e0,n_rel_mem_dev]",0.00210656234269961,0.0243980204497476,-0.00816061396059503,0.0120371214124348,-0.0235592889261158,0.0291072447670178,-0.0489577956212933,0.0571477428586968
"rel_only","r_wid[w4b34871,n_rel_mem_dev]",0.00267762806323104,0.0203975819738772,-0.00524447275356635,0.00875762043885777,-0.0168001983881168,0.0244622767235976,-0.0356788767681658,0.0520511987000289
"rel_only","r_wid[w4bdc2df,n_rel_mem_dev]",-0.00266438783593204,0.0192735008957611,-0.00872971419626552,0.00496638991079956,-0.0233068738893285,0.0164013938352024,-0.0507463291411273,0.0346079165222379
"rel_only","r_wid[w4e902e8,n_rel_mem_dev]",-0.000378301300271472,0.0185171243857384,-0.00665521064633886,0.00605070796168953,-0.0196089645114456,0.0176436499556644,-0.0415737816259854,0.0396537582862423
"rel_only","r_wid[w4e997cb,n_rel_mem_dev]",0.00336721318786718,0.0192482090110643,-0.00467389318239404,0.00928531506165366,-0.0149354628074381,0.0246453962404541,-0.0317312412793815,0.0528940994755706
"rel_only","r_wid[w4ebac4c,n_rel_mem_dev]",-0.000834164097743463,0.0182380104002072,-0.00658231288270785,0.00575111323277978,-0.0198399509071573,0.0172389796651477,-0.0433751070121705,0.0378638957340302
"rel_only","r_wid[w4f4cbdd,n_rel_mem_dev]",0.000111669987258804,0.018793661478888,-0.00622319468478134,0.00667160871063616,-0.0189268977183202,0.0200957625384383,-0.0425441111418694,0.0394722701340256
"rel_only","r_wid[w502a382,n_rel_mem_dev]",0.00283061032817632,0.0246688872370114,-0.00849651963459694,0.0135390869469996,-0.0232439469961618,0.0309780856834992,-0.046515853401492,0.0578260517002581
"rel_only","r_wid[w52f1872,n_rel_mem_dev]",0.00550781679277612,0.0200635899725879,-0.00298633126014575,0.0107477786690441,-0.0116326481554991,0.0278405429801656,-0.0272062025778908,0.06093895245461
"rel_only","r_wid[w5305891,n_rel_mem_dev]",-0.00111261981934977,0.019612520198137,-0.00875593386157209,0.00716553764016889,-0.02315507995843,0.0192213121124717,-0.0452001875754786,0.0382316434688068
"rel_only","r_wid[w5317a1b,n_rel_mem_dev]",0.0013264586088154,0.0208532753145682,-0.00704773633454763,0.00935596486928172,-0.0196507858915455,0.0243040251906169,-0.0423880449824427,0.0497905821954962
"rel_only","r_wid[w55e643e,n_rel_mem_dev]",0.00206622736972686,0.021344922878438,-0.00603460725584903,0.0092642491843216,-0.0188148462819044,0.0245130867626736,-0.0432512790989688,0.0497080002606986
"rel_only","r_wid[w58111ca,n_rel_mem_dev]",0.00173071841715184,0.0208854975835069,-0.00691573101935037,0.00972985263414297,-0.0200890384069029,0.0241394397521299,-0.0406068675806711,0.0492316639258921
"rel_only","r_wid[w58ddb10,n_rel_mem_dev]",-0.00323909945214205,0.0196271024198976,-0.00954667279229347,0.0049915636845456,-0.0241342403350394,0.0159386644348254,-0.0517470849417082,0.0330589708503655
"rel_only","r_wid[w5bee286,n_rel_mem_dev]",-0.0012572488119606,0.0226626760469163,-0.0104437992217632,0.00938769564906368,-0.0269568090464385,0.0231887747866397,-0.0557476797535292,0.0450436268501948
"rel_only","r_wid[w5e13b84,n_rel_mem_dev]",-0.0068948532910332,0.0216206072288538,-0.012377933743659,0.00278191562207229,-0.0316301651093253,0.010894881349943,-0.0639755142457175,0.0252015391422239
"rel_only","r_wid[w5ef243f,n_rel_mem_dev]",-0.000613263267317066,0.0199699057034241,-0.00682505882369715,0.00589387364089933,-0.0202669057299695,0.0179424326788777,-0.043960575576578,0.0426793598932739
"rel_only","r_wid[w5fb2730,n_rel_mem_dev]",0.00148558013944702,0.0196443885618946,-0.00600836061114424,0.00766540652150417,-0.0180071479134843,0.0213263793854545,-0.0385783313217348,0.0507239729292446
"rel_only","r_wid[w6079012,n_rel_mem_dev]",-0.000310184835004243,0.0181418243983725,-0.00618214482003049,0.00611988856273219,-0.0182836656958578,0.0183274059491344,-0.0412150434255751,0.0381395434336852
"rel_only","r_wid[w608e33c,n_rel_mem_dev]",-0.000855043805175334,0.0192223628590872,-0.00737697244400284,0.00610371829109675,-0.021012077902834,0.0180484497778604,-0.0445169537186377,0.041437644249296
"rel_only","r_wid[w60e592a,n_rel_mem_dev]",0.0047322466909467,0.0207651550571933,-0.00360997972027789,0.0103704893129253,-0.0133528628386888,0.0274663321302056,-0.0312057813036683,0.0578983472209796
"rel_only","r_wid[w62f57a5,n_rel_mem_dev]",0.00400546812761704,0.0199268654911366,-0.00422463152738385,0.00971277362035565,-0.0140827330697989,0.0265905568105886,-0.0323637931944934,0.056977541037512
"rel_only","r_wid[w65ae27b,n_rel_mem_dev]",0.00234705278595513,0.0207662005614775,-0.00599536740272992,0.010161594124928,-0.0187171808205384,0.0250991796437032,-0.0400348867757767,0.0518417906931496
"rel_only","r_wid[w65ed633,n_rel_mem_dev]",-0.00252977953410903,0.0203077339997717,-0.00916387669933062,0.00547058950919049,-0.0243636975666457,0.0169172662761937,-0.0499396136325192,0.0370888362933213
"rel_only","r_wid[w67efce7,n_rel_mem_dev]",-0.00105203774434584,0.0194498346047595,-0.00744733899667498,0.00605399280429234,-0.0217013887969328,0.0180233357874429,-0.0462253919311239,0.0393506211591308
"rel_only","r_wid[w6b34a8b,n_rel_mem_dev]",0.00201926150071558,0.0258443953883007,-0.00999496627733579,0.0136187304932778,-0.0266003477213031,0.0319593650764312,-0.0507907422432451,0.0597481579655297
"rel_only","r_wid[w6c5aa72,n_rel_mem_dev]",0.000213454933332319,0.0222766526490243,-0.00867457106828202,0.0089649181895597,-0.02314062656936,0.0247503851952546,-0.047666958790501,0.0492470991335862
"rel_only","r_wid[w6e46ddf,n_rel_mem_dev]",0.00225229155591153,0.0233200328149069,-0.00814748343556379,0.0118612476931503,-0.0229710887821907,0.0295142373836063,-0.0449288979347666,0.0559244913490469
"rel_only","r_wid[w6ebaea9,n_rel_mem_dev]",0.000353873083422282,0.0217875814837963,-0.00880075760911729,0.00885017145757928,-0.0229576487762462,0.0245315743592642,-0.0440351234306641,0.0489382696373196
"rel_only","r_wid[w6fe5d47,n_rel_mem_dev]",-0.00504861850425082,0.0202164124646312,-0.0108536546563272,0.0036262071062025,-0.0275843057667152,0.0126996007848604,-0.0571882298672545,0.0302283467416853
"rel_only","r_wid[w715d917,n_rel_mem_dev]",0.00186597864925456,0.0195384216298631,-0.00507833191692573,0.0077293004799718,-0.0169388685076439,0.0223853737030702,-0.0378384143376944,0.0473909878859985
"rel_only","r_wid[w720e820,n_rel_mem_dev]",-0.00384571800141263,0.0218746518776056,-0.0112176057618973,0.00634269433991094,-0.0288849582918735,0.017771043687513,-0.0580601510854564,0.0351116221206552
"rel_only","r_wid[w7606987,n_rel_mem_dev]",-0.00226079818179126,0.0197161405980824,-0.00798674868308267,0.00513704196931579,-0.0225447635218862,0.0159506763678055,-0.0483955508723435,0.0374804053889849
"rel_only","r_wid[w7978f92,n_rel_mem_dev]",0.00168566561773658,0.0185598227195257,-0.00520292277374529,0.00781231344121698,-0.0158660257693795,0.0204029794487683,-0.0363544016177385,0.0450343329747144
"rel_only","r_wid[w797a1e5,n_rel_mem_dev]",0.00300688963925746,0.0203430638088808,-0.0053530158281713,0.00891964114442119,-0.0160433719000741,0.0252017946276635,-0.0336705396645791,0.0536049171739719
"rel_only","r_wid[w7a04fdc,n_rel_mem_dev]",0.00362914895991151,0.0250110839715047,-0.00816517356847176,0.014011250197201,-0.0228295429370045,0.032448779644236,-0.0451552676973625,0.062730772262402
"rel_only","r_wid[w7c1d29f,n_rel_mem_dev]",0.000547139466969269,0.0191914657028466,-0.00636632204633398,0.00680642510419532,-0.0191859352362132,0.0203229700801678,-0.0407301512879511,0.0449599067350055
"rel_only","r_wid[w7cfc37e,n_rel_mem_dev]",0.00136437960636461,0.0199370480187189,-0.00631430216987362,0.00757049605819408,-0.017397839614689,0.022454186155841,-0.0368731516294604,0.047629223822777
"rel_only","r_wid[w7e41e95,n_rel_mem_dev]",0.000227153264984457,0.0187176107095781,-0.0058752482452867,0.00658610114448652,-0.0184570780149917,0.0192130000436009,-0.0412155304934432,0.0417032897728986
"rel_only","r_wid[w80189d3,n_rel_mem_dev]",-0.000293558073942083,0.0236337359416318,-0.0104445116938455,0.0102086112126021,-0.0257191997944747,0.0256966609120121,-0.0519530719727703,0.0482743225425925
"rel_only","r_wid[w8146fb9,n_rel_mem_dev]",0.0010857316590383,0.0185297253298615,-0.00555678814992834,0.00722895392781835,-0.0173321452063719,0.0203101815250835,-0.0385621053056759,0.043532981362225
"rel_only","r_wid[w84e06f3,n_rel_mem_dev]",-0.00347703072155092,0.0204755302810574,-0.0108831547556255,0.00535548114561194,-0.0275876442048298,0.0170592982034895,-0.051618734461102,0.0364575290381301
"rel_only","r_wid[w8937d22,n_rel_mem_dev]",0.000740201817373187,0.0184659677435558,-0.00615222699999358,0.00666220062251928,-0.0177082921638606,0.0197311377847265,-0.0380490068363229,0.0445718961940294
"rel_only","r_wid[w8ad52eb,n_rel_mem_dev]",-0.000466934867246274,0.0235014415886901,-0.0106880738176236,0.00956473630707657,-0.0262884028342421,0.0260014714494274,-0.0506177833997552,0.0506285607920462
"rel_only","r_wid[w8bc33f5,n_rel_mem_dev]",0.000259055747220226,0.0208718670784099,-0.00838836650975123,0.00848275939366742,-0.0219586678716322,0.0231391556953627,-0.0452786463651931,0.045620862286296
"rel_only","r_wid[w8d56791,n_rel_mem_dev]",0.00337089616083973,0.0205787093854163,-0.00478486329837897,0.00894278553306295,-0.0144962477134354,0.0254503219477766,-0.0342079817579499,0.054138871769302
"rel_only","r_wid[w8e2568d,n_rel_mem_dev]",0.000967045117146089,0.0213987555468044,-0.00718809818307335,0.00793886324379372,-0.0198393098114007,0.022454602764012,-0.0416049354660952,0.0489410289615563
"rel_only","r_wid[w8e5f535,n_rel_mem_dev]",5.88957707694317e-05,0.0198091539382571,-0.00810276897477048,0.0079723597866384,-0.0210755720363184,0.0210884493810901,-0.0412619984146488,0.0434235487594055
"rel_only","r_wid[w8eb1000,n_rel_mem_dev]",0.00191067484493424,0.0212735518040595,-0.00722478497142001,0.0101177946867554,-0.0201478639531319,0.0264612282554448,-0.0418781712003204,0.0515498355890313
"rel_only","r_wid[w8f37d35,n_rel_mem_dev]",0.00166671388271734,0.0186622155795946,-0.00599492104521434,0.00799592320810416,-0.0164900964945831,0.0227550173754369,-0.0363912872812,0.0437410043606778
"rel_only","r_wid[w8f47681,n_rel_mem_dev]",-0.00126638590812955,0.0204685843683197,-0.00812877160283739,0.00658912271994335,-0.0241804355844415,0.0186526451190869,-0.0478633329212499,0.0401480426305129
"rel_only","r_wid[w8f710ed,n_rel_mem_dev]",-0.00356438778952254,0.0191779958972551,-0.00935727027340486,0.00395042708023408,-0.0249291369393848,0.0140277736720995,-0.0497551215005566,0.0330710583779621
"rel_only","r_wid[w91e953e,n_rel_mem_dev]",-0.00115531125821008,0.0193742706094336,-0.00732015312312621,0.00603444250912241,-0.0210409166218639,0.0179886170086365,-0.0462868107475696,0.0391645445370989
"rel_only","r_wid[w93de42b,n_rel_mem_dev]",-0.000825588441340487,0.0212571523114076,-0.00978437550777607,0.00816133087562674,-0.0242531739059926,0.0229119475141515,-0.0492289993256822,0.0460616709130863
"rel_only","r_wid[w950a999,n_rel_mem_dev]",-0.00293653279200487,0.0201401754473201,-0.00887986765678702,0.00480693831587137,-0.0245465320605161,0.0160663236244218,-0.0528197180189984,0.0347947109649568
"rel_only","r_wid[w95f2351,n_rel_mem_dev]",-0.00343108690854125,0.0187481922211828,-0.00888485485127042,0.00399799937555323,-0.0252087314975655,0.0141981908636381,-0.0477266073477041,0.0320004909816459
"rel_only","r_wid[w967bd55,n_rel_mem_dev]",0.002082011053586,0.0189499529845714,-0.00465323044152415,0.0081321239721744,-0.0160255628055661,0.0222088065953952,-0.0370580106717612,0.0463238984092033
"rel_only","r_wid[w970a2f0,n_rel_mem_dev]",-0.000900765460091834,0.0200164329884223,-0.00741165587191246,0.00591657252710637,-0.0211503354393003,0.0188690958310838,-0.0436321809177316,0.0389693124621502
"rel_only","r_wid[w973f72a,n_rel_mem_dev]",-0.000455859437880538,0.0200522946033954,-0.00735072923915162,0.00621704382734004,-0.019434545537046,0.0196344124879145,-0.0449051046392894,0.041153894090867
"rel_only","r_wid[w977f12b,n_rel_mem_dev]",-0.00335864031445039,0.0196683749828825,-0.00984758110589756,0.00514998844465679,-0.0243368085076432,0.0153303990357763,-0.0527245089438705,0.0330733302047559
"rel_only","r_wid[w993543c,n_rel_mem_dev]",-0.000298781941454742,0.0183985030999256,-0.00644198296517298,0.00644819764205107,-0.0195795016428601,0.017706231553094,-0.0422102825479653,0.0385479122271092
"rel_only","r_wid[w9a48bb6,n_rel_mem_dev]",0.00619376561326097,0.0216190166114836,-0.00348999357848419,0.0118481519523432,-0.0123769590260967,0.0311716057549959,-0.0286885545051265,0.0626629931330864
"rel_only","r_wid[w9be1ae9,n_rel_mem_dev]",-0.00395372632009121,0.0218134242218541,-0.0122681353232701,0.00653483834684967,-0.0305668472002099,0.0183809373194715,-0.0561654092845731,0.0351808207533257
"rel_only","r_wid[w9d4c48d,n_rel_mem_dev]",0.00108992044491063,0.0187864685114351,-0.0056337686313211,0.0077190658717636,-0.0168548144682282,0.0199739699170398,-0.0394056259249092,0.0434250884177996
"rel_only","r_wid[w9f6c077,n_rel_mem_dev]",1.2558469307321e-05,0.0203535409920522,-0.00706526117413599,0.00681041318169071,-0.0202325100181007,0.0211654523944808,-0.0434217926528585,0.0435677710108652
"rel_only","r_wid[wa0cc687,n_rel_mem_dev]",-0.00284790276337887,0.0186186342420003,-0.00833400143305386,0.0044594118584896,-0.0232929319824342,0.0151665432363207,-0.0486528090115823,0.0316371074268493
"rel_only","r_wid[wa13a069,n_rel_mem_dev]",-0.00346139829327256,0.0194492797760631,-0.00968234669868192,0.00494377457667095,-0.0245797121199987,0.0146866003118436,-0.0516992267886344,0.0309210573907883
"rel_only","r_wid[wa36b055,n_rel_mem_dev]",0.00187537275279375,0.0201688798787113,-0.00604734407490046,0.00850783738626032,-0.0176056031429888,0.0239881608206545,-0.0381572376962274,0.0497517150142354
"rel_only","r_wid[wa577349,n_rel_mem_dev]",-0.000745885422878334,0.0189454896244015,-0.00673109193434623,0.00589365841125862,-0.0200409822529568,0.0178324581933557,-0.0446421579012034,0.0398962183617821
"rel_only","r_wid[wa797b6a,n_rel_mem_dev]",0.00121408193870555,0.0231863508681814,-0.00849399969186974,0.0107661764371219,-0.0228042910055651,0.0262200449077207,-0.0504546744368941,0.0518952681268276
"rel_only","r_wid[wa88aaed,n_rel_mem_dev]",4.83729322397099e-05,0.0187669979803188,-0.00644491823623326,0.00638156070595279,-0.0187302621292509,0.0191271794866061,-0.0414127917539366,0.0414677885919206
"rel_only","r_wid[wa90a378,n_rel_mem_dev]",0.0135422863002191,0.0276789585999774,-0.00108766991567927,0.0207022453319679,-0.00851111721561106,0.048309676040415,-0.0212644084473283,0.0888859327919623
"rel_only","r_wid[wa913679,n_rel_mem_dev]",-0.00425623566824065,0.0198553330193356,-0.00984066841359863,0.00398149997673207,-0.026056037283547,0.0140112494940049,-0.0555822537069101,0.0299469135846091
"rel_only","r_wid[waa6a3c8,n_rel_mem_dev]",-0.00379358983244518,0.0204011944141028,-0.0106204296634068,0.00449954745733552,-0.026637590247682,0.0151389030078534,-0.052213672218185,0.0356617168399514
"rel_only","r_wid[wab2e8f4,n_rel_mem_dev]",-0.00130479060640321,0.0199757417154756,-0.00768313608035885,0.00582106339416262,-0.0213469816621118,0.0180011440750289,-0.0461017357988318,0.0376305793091872
"rel_only","r_wid[wada012d,n_rel_mem_dev]",0.00140422178222325,0.0186833795724416,-0.00612997419467024,0.00897624742933073,-0.0188009441059542,0.0222870170992617,-0.038284530908477,0.0420984275631565
"rel_only","r_wid[wae959a9,n_rel_mem_dev]",0.000366133632239494,0.0222475716876257,-0.00860340261961088,0.0101026665340089,-0.0244210099624392,0.0253873718917642,-0.0487737417958354,0.0479358415874041
"rel_only","r_wid[wb0ecf0b,n_rel_mem_dev]",-0.00227030393438655,0.0239032607908193,-0.0119864754383943,0.0085691923640401,-0.029286492322095,0.0232759677126564,-0.0572134477893858,0.0451206734991055
"rel_only","r_wid[wb14e228,n_rel_mem_dev]",-0.00320836659770343,0.0196642515377498,-0.00917215542541137,0.00404756649464907,-0.0244022300434145,0.0141652348914179,-0.050158016763096,0.0376547629103418
"rel_only","r_wid[wb2e2d84,n_rel_mem_dev]",0.00325148074184939,0.0191001605102718,-0.00469879567331484,0.00866718097664154,-0.0147040530389751,0.0250772614284342,-0.0305281114208867,0.0530446078598709
"rel_only","r_wid[wb51887d,n_rel_mem_dev]",0.00420417921444607,0.0206681932280014,-0.00435293398783952,0.00995876385075333,-0.0140723716846496,0.0257632150176681,-0.0343759996401897,0.0570451830904998
"rel_only","r_wid[wb71ae9a,n_rel_mem_dev]",0.000204555174897817,0.0195829868833446,-0.00625729108300077,0.00715205432429172,-0.0184242975044547,0.0201876858249918,-0.0427023677355018,0.0417900166731521
"rel_only","r_wid[wb900a5f,n_rel_mem_dev]",0.00452587659045588,0.0222616257089501,-0.00600941855051586,0.0140724487292512,-0.0189168942276477,0.0313104853271887,-0.0366465197552143,0.0578218777564158
"rel_only","r_wid[wb90ffa2,n_rel_mem_dev]",0.00194813309841829,0.0189523133552678,-0.00474136294236001,0.00771768549794364,-0.0153507501356382,0.0222655001477526,-0.0360107343376304,0.0459199281199426
"rel_only","r_wid[wbaa44ea,n_rel_mem_dev]",0.00232569585688884,0.0192040983902999,-0.00499851067171349,0.00820135870672863,-0.0156691074359079,0.0222396693354923,-0.0337932693648877,0.0506472213830698
"rel_only","r_wid[wbb70a68,n_rel_mem_dev]",0.00149438111872872,0.0200615748781773,-0.00695031438701951,0.00889468702487431,-0.0191245083643201,0.0243907866683214,-0.0381912888668579,0.0500907993195035
"rel_only","r_wid[wbc9e827,n_rel_mem_dev]",0.00112389509674813,0.025256631384759,-0.00977431413441365,0.0135967044135366,-0.0263483786247004,0.0298113258473306,-0.0513134939207959,0.0538344044614006
"rel_only","r_wid[wbcfaf6a,n_rel_mem_dev]",-0.00116488271364102,0.020848587045605,-0.00960439182873323,0.00758440424025091,-0.0240047660082328,0.0201687469069151,-0.0485085524019888,0.0443019688104527
"rel_only","r_wid[wbd60b70,n_rel_mem_dev]",-0.00484287817644879,0.0204058936430826,-0.0114224287332297,0.00416366493696388,-0.0282678895427239,0.0145659960411788,-0.0561552779354454,0.0305928213251329
"rel_only","r_wid[wbe3571b,n_rel_mem_dev]",0.0015859874085485,0.018587866228144,-0.00513781851043055,0.00697274897609898,-0.015239887552393,0.0200144981151971,-0.0359218404034641,0.0445261846276682
"rel_only","r_wid[wbf6ee18,n_rel_mem_dev]",-0.00197549291864042,0.0187422951136831,-0.00796481662237663,0.00476776249920789,-0.0222274738136417,0.0154750504568378,-0.0466988799941393,0.0390808730879039
"rel_only","r_wid[wc04c93a,n_rel_mem_dev]",-0.00108593980446481,0.0207855430871763,-0.00907319074436693,0.00684251180732658,-0.0230284697814345,0.0197843047610835,-0.048335050483566,0.0436704592685258
"rel_only","r_wid[wc471696,n_rel_mem_dev]",-0.00391342842737891,0.0239021741588776,-0.0140243066668672,0.00735399875061122,-0.0321905898278924,0.0208749209209969,-0.0600296034352813,0.042662455844891
"rel_only","r_wid[wc5adc9d,n_rel_mem_dev]",0.000875473522343378,0.0209216162477521,-0.00749691840510027,0.00832564468830174,-0.0201295629146603,0.0224749051005254,-0.0425274654442526,0.0475907190529155
"rel_only","r_wid[wc6ebbf2,n_rel_mem_dev]",0.00118629814055515,0.0228872568127027,-0.00938718565783442,0.0105599312788052,-0.0239920549337694,0.0274797723400096,-0.0465033123194901,0.0528690539889132
"rel_only","r_wid[wc9128ed,n_rel_mem_dev]",0.000234938471608676,0.0215421208814232,-0.00815811468343292,0.00820892721805595,-0.0221911431618342,0.0218352852969051,-0.0443720970667517,0.0481100085897598
"rel_only","r_wid[wc9d64f4,n_rel_mem_dev]",-0.00105455365225583,0.0193262753825389,-0.00737687644061748,0.0059096223939532,-0.021281909032444,0.0174027530691721,-0.0463654888005971,0.0403869935880655
"rel_only","r_wid[wca8e71a,n_rel_mem_dev]",0.00178782566711802,0.0260224864434246,-0.0110738851258684,0.0142118854475225,-0.0276958564499706,0.0334902271722636,-0.05256095419536,0.0577727466208344
"rel_only","r_wid[wca9e1aa,n_rel_mem_dev]",0.00724181478212612,0.0208650114731175,-0.00222363533685147,0.0123457808273519,-0.010118373915024,0.0325729521720406,-0.0239821402674055,0.0642869852373242
"rel_only","r_wid[wcabe93e,n_rel_mem_dev]",-0.000249795562593755,0.0200662668259682,-0.00734396585879995,0.00672103595672194,-0.0205838386900172,0.0201455296128432,-0.0443273287483391,0.0419342706693395
"rel_only","r_wid[wcbb66d9,n_rel_mem_dev]",-0.000251989414331465,0.0194413493669689,-0.00676590107904079,0.00620786077696818,-0.019573481377321,0.0190801458757543,-0.0439014216670243,0.0420827914446907
"rel_only","r_wid[wcbfad8c,n_rel_mem_dev]",0.00188452083039876,0.0191214546100251,-0.00491440353842895,0.00767686266703198,-0.0160700239613884,0.0225500867452442,-0.0374386623678962,0.0471982441281765
"rel_only","r_wid[wcd5d786,n_rel_mem_dev]",-0.00308541917989059,0.0194645635291464,-0.00821296612984831,0.00458980403482147,-0.0245822488235435,0.0146665958807743,-0.050204707552933,0.0320687475217407
"rel_only","r_wid[wd071aa9,n_rel_mem_dev]",-0.00080022519845845,0.0192466211038183,-0.00688107529582438,0.00599634000750275,-0.0206486365116613,0.0181126754872736,-0.0460716540513018,0.0408855235026717
"rel_only","r_wid[wd3f2678,n_rel_mem_dev]",-0.00269700446195377,0.0208836574308289,-0.010286291254942,0.00609999331226713,-0.0260239210515109,0.0183057741161711,-0.0514036390039785,0.0377350544216944
"rel_only","r_wid[wd5e9df2,n_rel_mem_dev]",0.00150441184253083,0.0211456887082378,-0.00668853395396816,0.00910209085131924,-0.01892705966962,0.0234584785074663,-0.041657839152824,0.0494423555312072
"rel_only","r_wid[wd697686,n_rel_mem_dev]",0.00083127444276733,0.0201395018613564,-0.00741762918152607,0.0089461428307678,-0.0213035955584596,0.0237348034273094,-0.042600852243019,0.0460268871488318
"rel_only","r_wid[wd7482cf,n_rel_mem_dev]",-0.00148234545396561,0.0192402873507169,-0.00754188074632951,0.00517421454336906,-0.021136106551732,0.0171303176433174,-0.04577854765126,0.0388598086092973
"rel_only","r_wid[wd7d7085,n_rel_mem_dev]",-0.00106004956289093,0.0198035467601471,-0.00751059723447435,0.00599631914077356,-0.0207874285727246,0.0184165494956701,-0.0486633637661014,0.0398687342181246
"rel_only","r_wid[wd887970,n_rel_mem_dev]",0.000866420407008155,0.0220190719706567,-0.0085278260815298,0.00936753216238628,-0.0220558542675163,0.0243459822432451,-0.0435607626002252,0.0512357991200725
"rel_only","r_wid[wdabae0a,n_rel_mem_dev]",-0.000120752351644725,0.0192517198726906,-0.00691497561571782,0.00666228207109236,-0.0201254447490247,0.0187682340436746,-0.0413317120088967,0.0410084186734161
"rel_only","r_wid[wdb97422,n_rel_mem_dev]",0.00136383480120992,0.019470346951142,-0.00631119419327865,0.00837690590920094,-0.0173979869645455,0.0215391474406297,-0.0389158235464112,0.0473486377193128
"rel_only","r_wid[wdc0f604,n_rel_mem_dev]",0.00265502061801317,0.0215945475524739,-0.00570554289146536,0.00856813598903159,-0.0171641756051245,0.0247994990246478,-0.0373736878209613,0.0559578167491363
"rel_only","r_wid[wdfa587e,n_rel_mem_dev]",-0.000188786133012222,0.0200856261878176,-0.00761159060863987,0.00678625077560411,-0.0204284292782838,0.0208089634715774,-0.0444142905063803,0.0423908916087298
"rel_only","r_wid[wdfbc43e,n_rel_mem_dev]",-0.000993772722326061,0.0184442965369684,-0.00697558315208139,0.00571555392823293,-0.0201158989045084,0.0172370680812358,-0.0438070539392466,0.0383875530166359
"rel_only","r_wid[we0078b2,n_rel_mem_dev]",-0.00112177818694978,0.020178028600796,-0.00919422487601918,0.00674542628363063,-0.0236598651675974,0.0204103669166422,-0.0469294913865133,0.0429540509487083
"rel_only","r_wid[we07eba7,n_rel_mem_dev]",-0.000719673518311661,0.0191445042232098,-0.00714962103759786,0.00587643636833002,-0.0206693193404618,0.0186941651702881,-0.0431153014257692,0.0430734651800717
"rel_only","r_wid[we0e98d2,n_rel_mem_dev]",0.00420685849834144,0.0206700504628303,-0.0038732101912824,0.00955393352526401,-0.0131110773093031,0.0250771629521107,-0.03264069190682,0.0559604129248552
"rel_only","r_wid[we2b50c8,n_rel_mem_dev]",-1.32647570925069e-05,0.0178194059715291,-0.00618611160189938,0.0061296583138109,-0.0178502736840159,0.0184611956421091,-0.0391211831255892,0.0394604188289227
"rel_only","r_wid[we35ea87,n_rel_mem_dev]",0.00551936755132592,0.0216105692637955,-0.00491534121088152,0.0143516496211974,-0.0154629769738664,0.0302656711807308,-0.0341444799487789,0.0594108959152978
"rel_only","r_wid[we368c94,n_rel_mem_dev]",-0.00298390383465881,0.0214009534680436,-0.0104024506788163,0.00674197562372932,-0.0279373967354729,0.0185026183697225,-0.0556024066124115,0.0370471082235746
"rel_only","r_wid[we6483ae,n_rel_mem_dev]",0.00138553388032471,0.0197926786291211,-0.00665956030069085,0.00926026343375234,-0.0194354887752375,0.0238511269420856,-0.0394759793446337,0.0429755075189104
"rel_only","r_wid[we6aff32,n_rel_mem_dev]",0.0033894261355442,0.0200126277231025,-0.00480331594312053,0.00974689435607994,-0.0151801305978175,0.0254052990929971,-0.0340371104280646,0.0520106677846217
"rel_only","r_wid[we869265,n_rel_mem_dev]",0.00032838309485165,0.0200377207268835,-0.00641669892586085,0.00721549615663423,-0.0199954690813559,0.0190820316555922,-0.0436485520429786,0.0449443667703881
"rel_only","r_wid[wea7f2f9,n_rel_mem_dev]",0.00145209176052748,0.0197090762498408,-0.00556582783798691,0.00818830714681648,-0.0178769101601688,0.021172099999504,-0.0390474270020803,0.0474109003624053
"rel_only","r_wid[wea96b0b,n_rel_mem_dev]",0.00112518243023738,0.0201183507765132,-0.00667869837314309,0.00824500798618031,-0.0192623247130743,0.0225588564577913,-0.0409034528814026,0.0483440631232301
"rel_only","r_wid[web7e878,n_rel_mem_dev]",-0.00248260748125033,0.021253913405278,-0.00963833854000767,0.00575322624220034,-0.0255365562835954,0.0175873337138301,-0.050587639531447,0.0421225453506431
"rel_only","r_wid[wecf7799,n_rel_mem_dev]",-0.000823274396647046,0.0184681021972969,-0.00663859281626576,0.00584937522509167,-0.0201182778800887,0.0174423575570987,-0.0447306574735262,0.0393510670770933
"rel_only","r_wid[wed2778e,n_rel_mem_dev]",0.00147076177356662,0.0197305143892282,-0.00632955687744383,0.00854784018570156,-0.0187886613115813,0.0233022142905241,-0.0378451134133155,0.0444016506430308
"rel_only","r_wid[wed354d9,n_rel_mem_dev]",0.00187461540163445,0.0200647652182805,-0.00546286692487724,0.00758854751840663,-0.0175076984782057,0.0217851807701546,-0.0375605513375776,0.0496457688162123
"rel_only","r_wid[wef591ef,n_rel_mem_dev]",0.00326748964097461,0.0194999788116068,-0.00426872719168106,0.00877495331327252,-0.0147355893371931,0.0244717301123685,-0.03441970402674,0.0524349170317953
"rel_only","r_wid[wf1704eb,n_rel_mem_dev]",0.0042713918640082,0.0197537879504374,-0.00406053934584173,0.00971118719848135,-0.0133436126778067,0.026933196490349,-0.0304376000022622,0.0549086619580479
"rel_only","r_wid[wf1ea1db,n_rel_mem_dev]",-0.00150222182781907,0.020033903301871,-0.00836780512957069,0.00616317880772966,-0.0223005521315426,0.0188286160203435,-0.0486419739919641,0.0377734769344543
"rel_only","r_wid[wf3a15bc,n_rel_mem_dev]",-0.00285246853740222,0.0225028918201105,-0.0113772165117868,0.00698575033540903,-0.0280616098169787,0.0211117039852381,-0.0537979649196176,0.0393033152842911
"rel_only","r_wid[wf6aed15,n_rel_mem_dev]",0.000537915392909007,0.0231256592153341,-0.00967163694661665,0.0101119372434679,-0.0243378079001123,0.0274861308347937,-0.0482052013343617,0.0523246135084773
"rel_only","r_wid[wf8b98ff,n_rel_mem_dev]",-0.00241076415226865,0.0205027686009362,-0.0098006909216228,0.00584792725834589,-0.0250448728866015,0.0177113087803547,-0.0495339603081979,0.0398136892218559
"rel_only","r_wid[wf8bf1c3,n_rel_mem_dev]",0.00149444133154842,0.0184729331339408,-0.00575132863334825,0.00786849024130805,-0.0168753863853455,0.0218120151028198,-0.0370692666655667,0.0442164123005732
"rel_only","r_wid[wf93dad0,n_rel_mem_dev]",-0.00559647624577106,0.0202135698957381,-0.0117665580296769,0.00314422454090727,-0.0289292285185822,0.0120006091452307,-0.0599588693327472,0.0293845295051567
"rel_only","r_wid[wf9cb312,n_rel_mem_dev]",-0.000162709165470813,0.0211543299840299,-0.00782094604370532,0.00785647951786913,-0.0221658597300757,0.020635710981177,-0.0447748992880736,0.0469356311596716
"rel_only","r_wid[wfd759db,n_rel_mem_dev]",-0.00431519332719865,0.0202103494075394,-0.0096882203327441,0.00360344603533381,-0.0258368988793314,0.013436130444114,-0.0571787776153599,0.0292394013691958
"rel_only","r_wid[wfdd68c1,n_rel_mem_dev]",7.9323078233901e-05,0.0196244645213098,-0.00690308409284207,0.00717316151059867,-0.0196816867567052,0.0200892358437819,-0.0415477866180778,0.0411468934992509
"rel_only","r_wid[wfe9216a,n_rel_mem_dev]",-0.000220064264432099,0.0190618043648577,-0.0073443436028524,0.00593376597687647,-0.019881097465815,0.0191694358181,-0.0419628912438634,0.043591345397205
"rel_only","lprior",-8.62527954949887,0.0012160727002809,-8.62607522314926,-8.62445702294221,-8.62681340394296,-8.62375374809966,-8.62783240162703,-8.62303290651034
"rel_only","lp__",-39637.9511537603,17.5559228733925,-39649.7930924095,-39625.9390413811,-39660.5639214295,-39615.7043578123,-39673.7624174579,-39605.2999381404
"memory","b_Intercept",7.8137191125749,0.0213126887839591,7.79943107109864,7.82795382747239,7.78608968220569,7.8406223880748,7.77247054952595,7.85619326097511
"memory","b_n_total_mem_dev",0.0418262095088229,0.0118024033019424,0.0338703328803015,0.0498176414534129,0.026363066565116,0.0567837923116288,0.0196816239950104,0.0646960761679138
"memory","b_exp_versionexp_c1",-0.0192020555369227,0.0285518271382826,-0.0374458580586288,-8.87949997968088e-05,-0.056300805711691,0.0161381066237894,-0.0758251268917193,0.0364996818228689
"memory","b_exp_versionexp_c2",0.0351673996305917,0.031035254714432,0.0136828902545029,0.05616331590761,-0.00369796989573861,0.0760471876058073,-0.0243296760536617,0.0970305145953519
"memory","b_n_total_mem_mean",0.141993654220613,0.0201931631930249,0.12831972692702,0.154811179560137,0.116422820793784,0.167564612982971,0.103223455401464,0.182725007225423
"memory","b_nback_performance_z",0.0476111578062815,0.0207870864075354,0.0333305232580453,0.0611044308694826,0.0211735494132203,0.0738937905332389,0.00750867821246273,0.0893663455729162
"memory","b_n_total_mem_dev:exp_versionexp_c1",-0.0016594087528587,0.0163990068112074,-0.0126018884318265,0.00912891714867323,-0.0222047028521919,0.0193355757962023,-0.033910345056917,0.0318732125409642
"memory","b_n_total_mem_dev:exp_versionexp_c2",0.00526399810901538,0.0188934771330568,-0.00707541531974768,0.0181778285699259,-0.0189145254427477,0.0293240827210517,-0.0321604903724219,0.0420993789496059
"memory","b_exp_versionexp_c1:n_total_mem_mean",-0.011113515431433,0.0270578967197012,-0.0290595298964536,0.00730381934599014,-0.0451875094715281,0.0229442720519295,-0.0665775089201195,0.0399946150323399
"memory","b_exp_versionexp_c2:n_total_mem_mean",-0.0101831065197227,0.0293126869992778,-0.0293936662082773,0.00956130991629627,-0.0477581487044639,0.0267210549555512,-0.0690905969762907,0.047574017540829
"memory","sd_wid__Intercept",0.259693526384575,0.0162084688821354,0.248723070891124,0.270040543148527,0.240064946705132,0.280816209106817,0.229101423284277,0.293636152306184
"memory","sd_wid__n_total_mem_dev",0.0940000243954707,0.0133260572078024,0.0847435576062758,0.102776999466183,0.0778148420634447,0.111044340918006,0.0685227816017458,0.120194504510007
"memory","cor_wid__Intercept__n_total_mem_dev",-0.146602574197292,0.130731167534489,-0.235295654090023,-0.0601210313397414,-0.312636438299161,0.0238383417717221,-0.393646815349868,0.114378695955828
"memory","sigma",0.542623046747306,0.0061111222129772,0.53855653757805,0.546785411025553,0.534694719624497,0.550368456168378,0.530845541277546,0.554709325670537
"memory","ndt",0.242933772991012,0.245603985789133,0.0694575737349378,0.337485141583883,0.0269928139530111,0.565168466974039,0.00714825663157747,0.916541257094009
"memory","Intercept",7.80362533751987,0.021392127183573,7.7894259882233,7.81735898510206,7.77671035830594,7.83103932866973,7.761627425493,7.84642084270014
"memory","r_wid[w001d343,Intercept]",0.00792022109663812,0.0990077838476941,-0.0575647123318776,0.073814550251868,-0.120243072675609,0.131265596997741,-0.1871236492131,0.199654813517915
"memory","r_wid[w03114c0,Intercept]",-0.305693965513356,0.0983499019032236,-0.372029297123695,-0.239090624402053,-0.430449578855296,-0.178676767418359,-0.493276618640815,-0.112023775980593
"memory","r_wid[w04c1659,Intercept]",0.113230575018848,0.127857283089101,0.0282975201177,0.200053459253886,-0.0549779948563468,0.273826014365206,-0.137539378989315,0.36104735253414
"memory","r_wid[w063688a,Intercept]",0.101699213576037,0.110891925862444,0.0242418453547799,0.175814227110772,-0.0407048564812764,0.241896181882519,-0.116150762464989,0.321574158195302
"memory","r_wid[w06866f0,Intercept]",0.00186807331330388,0.104585562391429,-0.0696606254626394,0.0737955328340413,-0.133300593152745,0.135864480541688,-0.202587722283107,0.206965499541191
"memory","r_wid[w0a27d42,Intercept]",0.0382337989824164,0.106014541439313,-0.0325654149123969,0.110272766890568,-0.0967853361105665,0.174637283385009,-0.167632454145244,0.244649473597921
"memory","r_wid[w0a90f7a,Intercept]",0.0554309455158401,0.131251503522585,-0.0335901401593623,0.143420816295472,-0.108816217973999,0.225241490411141,-0.201885295157005,0.312343499195231
"memory","r_wid[w0ae94e6,Intercept]",0.244158796339757,0.107276929418691,0.17505851996846,0.313601197191385,0.107107898166902,0.380767927156001,0.0314070327071057,0.454371025028262
"memory","r_wid[w0b2b304,Intercept]",-0.100182953172916,0.104918232546575,-0.173156837512292,-0.0268856458487882,-0.241059732063964,0.0321398390222503,-0.305407995060326,0.0945385923919156
"memory","r_wid[w0bdd7c4,Intercept]",-0.100415077777314,0.097609123179546,-0.164678518469611,-0.036422188724382,-0.222794092365517,0.0241373481112069,-0.293809239699248,0.0915543851089689
"memory","r_wid[w0e7fb0a,Intercept]",0.0371407687850564,0.114927345886772,-0.0435153709503218,0.118858400945583,-0.109482191683188,0.184308861872947,-0.187058270835797,0.259219836229421
"memory","r_wid[w0fc6501,Intercept]",0.06126114474498,0.115246405830655,-0.0174524841059767,0.138959846203677,-0.0859528525649424,0.207538032078627,-0.160005899961656,0.291574174499495
"memory","r_wid[w107fce5,Intercept]",-0.595592672044222,0.11471615800643,-0.674586773370854,-0.517324340110983,-0.742200998529616,-0.447278708194402,-0.817577081441031,-0.371172493216823
"memory","r_wid[w108c7bf,Intercept]",-0.2898358475388,0.102293231669124,-0.361575556909198,-0.219406647101406,-0.422184160714338,-0.158152852099753,-0.485054978549258,-0.0887984870268514
"memory","r_wid[w13816ba,Intercept]",0.180098419039776,0.128505514570518,0.0951214692110409,0.262535532312503,0.0183916724392674,0.348934982652044,-0.0756078090193819,0.425605963494546
"memory","r_wid[w18042a7,Intercept]",-0.103206293118413,0.112059499314473,-0.17908933059245,-0.0288596053603885,-0.247512093437807,0.0388858834375115,-0.32472850744881,0.117531343292321
"memory","r_wid[w192a97f,Intercept]",-0.227564831165991,0.135800401034355,-0.321133858404615,-0.135301859940145,-0.403769141079906,-0.0536865246159504,-0.492212464221713,0.0387962314744747
"memory","r_wid[w1ad74ca,Intercept]",0.161243840422248,0.133866502928119,0.0719530942685112,0.252910057227729,-0.010886751909297,0.328559341826195,-0.100136161967441,0.418588392882744
"memory","r_wid[w21be7c0,Intercept]",-0.405900579091597,0.112662769025794,-0.485093144967736,-0.331773182909537,-0.545880801846745,-0.259356879958437,-0.620263703304787,-0.178711893728331
"memory","r_wid[w2329c2e,Intercept]",0.22874941397096,0.10037761714789,0.161050155875967,0.296145023725997,0.101121582270253,0.35730981300917,0.0391009320690862,0.4317859009489
"memory","r_wid[w24cc88c,Intercept]",0.301109547909873,0.116064440068272,0.220832225278778,0.381509870865193,0.153635850258865,0.448436845422756,0.074070236901047,0.52396185581787
"memory","r_wid[w27e5a42,Intercept]",0.122970912429053,0.101692900514015,0.0552607052529161,0.191426260945106,-0.0115851630578208,0.251696171026001,-0.0763338779141505,0.317953750808668
"memory","r_wid[w28f36aa,Intercept]",0.166101056316583,0.107767560843827,0.0931468779522983,0.238242470563751,0.0304987791852668,0.301775030808968,-0.0416920241157974,0.377031134417847
"memory","r_wid[w29215b1,Intercept]",0.38180417007332,0.134090507998598,0.291473628549424,0.474750901723705,0.211799555039932,0.555781611490242,0.116985034393901,0.645096667775936
"memory","r_wid[w2b37aae,Intercept]",0.147561970907237,0.0986075550292236,0.0825691353197824,0.215884164857653,0.0200069841948268,0.27359855917074,-0.0494379368440546,0.335586023416956
"memory","r_wid[w2b4a70d,Intercept]",0.0193160007857142,0.101742294331248,-0.050892209504657,0.088614950047881,-0.112649217530956,0.148170901410026,-0.180967611261825,0.217852935206118
"memory","r_wid[w2b9a138,Intercept]",-0.139767727838988,0.124533083285943,-0.223035098242949,-0.0562532769603326,-0.299998637401013,0.0206930994520373,-0.38201336215624,0.103164583482723
"memory","r_wid[w2d4c98d,Intercept]",0.192048249057181,0.146829231821279,0.0935350702443188,0.288598209592712,0.00635270362230193,0.379671945567489,-0.0952784999722711,0.469160824301479
"memory","r_wid[w2d80146,Intercept]",0.110649200109533,0.0941802180458404,0.0480841763559842,0.173419850208007,-0.00867696540589495,0.231627754898299,-0.0727769078334775,0.296576624858465
"memory","r_wid[w2e6acfb,Intercept]",0.030456493218517,0.104821062665839,-0.041254118028545,0.100813650981064,-0.104192288916909,0.162637379145433,-0.171896161032847,0.230656755937472
"memory","r_wid[w2f45fb6,Intercept]",0.196944345858749,0.140368875440827,0.101443699979802,0.289308644882712,0.0202852525630797,0.376169819971595,-0.0778198919134099,0.477579866637116
"memory","r_wid[w2fdc513,Intercept]",0.0638033693483766,0.128074777838368,-0.0244519537538712,0.149204253973995,-0.0997700623017125,0.230675414639357,-0.193214857969623,0.318401433205656
"memory","r_wid[w30bb20e,Intercept]",0.217599855702786,0.0997231213239028,0.151116775325721,0.284781395573066,0.0905270060946286,0.344083557689003,0.0170022172638184,0.416561511992052
"memory","r_wid[w31415e8,Intercept]",0.132976319136723,0.106253045679994,0.0609217872762279,0.205174674133918,-0.00139423362172159,0.272183558010966,-0.0724196882703509,0.348273371197787
"memory","r_wid[w31bcaa3,Intercept]",-0.119348325900368,0.102888842792016,-0.189467480074196,-0.0499872071703791,-0.249264912624318,0.0135879616166402,-0.322192906886108,0.0801488163046859
"memory","r_wid[w37d3a90,Intercept]",0.359554310122821,0.109193769330504,0.287453817747798,0.432670118797803,0.219595356308601,0.498623379586433,0.143970245472826,0.572483164580744
"memory","r_wid[w3870b92,Intercept]",0.127135551046953,0.103618059322705,0.0582398758828291,0.198838040282642,-0.0032792192913806,0.258017269866357,-0.0783712522244635,0.329450052533502
"memory","r_wid[w3946928,Intercept]",-0.0301542760450215,0.129977502815214,-0.119545577729894,0.059360175904659,-0.195279122121782,0.138197212650405,-0.279269139571547,0.22229822245504
"memory","r_wid[w39cea38,Intercept]",-0.187282316988188,0.109177156296838,-0.25995343781846,-0.113920651436527,-0.325634493592197,-0.0499979004991379,-0.404594627324407,0.0251225479171559
"memory","r_wid[w4077e51,Intercept]",-0.159060347083081,0.100657756502589,-0.228116895784015,-0.090099330433563,-0.288118896495377,-0.0275468362985068,-0.347485369007183,0.0375303467776962
"memory","r_wid[w4140fe6,Intercept]",-0.0470910518647164,0.103839125070131,-0.118627083604156,0.0223104720442625,-0.181455547767902,0.0849044570832015,-0.248852375385236,0.157030059535085
"memory","r_wid[w4160090,Intercept]",0.120061299847419,0.0997186490419308,0.0519755876059981,0.188946401608152,-0.00887708220045284,0.250251775682023,-0.0765975232868636,0.311450499772068
"memory","r_wid[w430272a,Intercept]",-0.139271882362047,0.103779205230333,-0.208141224589426,-0.0692243110306814,-0.273076440911304,-0.00722306534677614,-0.347799961707235,0.0655029909891641
"memory","r_wid[w44a1a9f,Intercept]",-0.0447438130069492,0.122909524132297,-0.130383969265572,0.037878003724317,-0.199483281798758,0.112633693306497,-0.289999018409547,0.192000411443789
"memory","r_wid[w44b0e2d,Intercept]",-0.147896213784619,0.117268192260151,-0.227395195986151,-0.0675378110175774,-0.299658891320858,0.000715994250065248,-0.382610193897511,0.0769780975127726
"memory","r_wid[w45af4af,Intercept]",-0.0516182773213599,0.101245520294745,-0.117239536535373,0.014855145694158,-0.177878826221465,0.0754595528883322,-0.257829193829145,0.150189059551732
"memory","r_wid[w47f6859,Intercept]",-0.0409539950044776,0.128009099468337,-0.128830165773596,0.0454354274213686,-0.203243140380303,0.124053661051535,-0.290583842525149,0.210183519311438
"memory","r_wid[w488be27,Intercept]",0.287115361941843,0.133479622288631,0.198189770009278,0.374417535256,0.115685292901015,0.461739860564712,0.0241660973927072,0.551322998081214
"memory","r_wid[w496515d,Intercept]",-0.0286876789838711,0.103688311461825,-0.0984976267572524,0.0418556097591268,-0.163120018625452,0.104437354291314,-0.231361150524514,0.173999020519493
"memory","r_wid[w497e696,Intercept]",0.233187426880643,0.103535047985337,0.164069700911208,0.303102146222067,0.101954455069431,0.366455555303157,0.0311944192430866,0.435322269712283
"memory","r_wid[w4a643e0,Intercept]",-0.469556830800517,0.129965968939798,-0.556664793080873,-0.381603675814461,-0.633073125912104,-0.30369437083435,-0.723346420619284,-0.21481500470006
"memory","r_wid[w4b34871,Intercept]",-0.014345371589391,0.135689605064631,-0.10386048621636,0.076687537903863,-0.188541050076046,0.160508589908566,-0.277047532521735,0.257700255665009
"memory","r_wid[w4bdc2df,Intercept]",0.0633411321456974,0.132125215714897,-0.0275737225077112,0.15560406534698,-0.105508573361461,0.233859564498865,-0.189106188819543,0.319116304597351
"memory","r_wid[w4e902e8,Intercept]",-0.0300929374296426,0.103025709754406,-0.097982513524034,0.0401361929676569,-0.163581624609505,0.101342314503411,-0.235578080055719,0.169493958275171
"memory","r_wid[w4e997cb,Intercept]",0.110404118938819,0.0987088837853658,0.0425636104513758,0.178216391925902,-0.0131197518523017,0.237845045945852,-0.0858836458135598,0.301961740260281
"memory","r_wid[w4ebac4c,Intercept]",0.0662338364922891,0.0963817157002999,0.00220332005662371,0.130142658972762,-0.0603991325051002,0.188403232873981,-0.122350785172213,0.253666222062403
"memory","r_wid[w4f4cbdd,Intercept]",-0.0837464032048915,0.126966774963615,-0.174593986855702,0.00563508209448049,-0.24679088112015,0.0748531420449123,-0.324728433924888,0.161276923630937
"memory","r_wid[w502a382,Intercept]",-0.552714800562056,0.137318089108501,-0.645184994055667,-0.459645085914776,-0.730345593073719,-0.37654806596874,-0.828951168741376,-0.291004130944661
"memory","r_wid[w52f1872,Intercept]",0.0377883111399403,0.104068750964824,-0.0331032820094002,0.108631204552637,-0.096854562832669,0.168846715016596,-0.162190374363241,0.239643208661988
"memory","r_wid[w5305891,Intercept]",0.266720624422332,0.101406477778837,0.200516039393213,0.334010772551515,0.134547012314764,0.396440351265993,0.064878724627889,0.4628626504927
"memory","r_wid[w5317a1b,Intercept]",-0.275587822215147,0.129680419805357,-0.361121811453136,-0.189262591456624,-0.445367585591175,-0.109216939326895,-0.535921259083171,-0.0269423558515556
"memory","r_wid[w55e643e,Intercept]",-0.194196445448276,0.169971446452042,-0.306451751826576,-0.0794366565177486,-0.412249123969938,0.0235680900172067,-0.527397665583208,0.146108547327434
"memory","r_wid[w58111ca,Intercept]",-0.336117946880097,0.0982705936702193,-0.403995657550066,-0.270598123159921,-0.461857831091482,-0.210935352565983,-0.527825551009534,-0.143278973795302
"memory","r_wid[w58ddb10,Intercept]",0.257901469387831,0.107246392778387,0.185617905040046,0.33208570710595,0.11854094207026,0.395748793537601,0.0497876728356732,0.469755334209605
"memory","r_wid[w5bee286,Intercept]",-0.494724887708668,0.10232792392667,-0.562742145195331,-0.42774239456826,-0.62645934350526,-0.364391684983225,-0.69583709350332,-0.292798202943133
"memory","r_wid[w5e13b84,Intercept]",-0.0783987703361204,0.106790372714964,-0.150073029225764,-0.00682756579874702,-0.217431585500539,0.0582399993742724,-0.281353040349298,0.13396637815987
"memory","r_wid[w5ef243f,Intercept]",-0.00349302995415517,0.133946744528392,-0.091830329110825,0.0857483857789846,-0.174667422907456,0.163891472258857,-0.27650941591092,0.260198745068919
"memory","r_wid[w5fb2730,Intercept]",0.160567590613478,0.171070224493552,0.0469574083106353,0.278267603816464,-0.0551370878063522,0.38276952100083,-0.177004737739322,0.501403310655496
"memory","r_wid[w6079012,Intercept]",0.0756742874234062,0.100496598036304,0.00818080130535099,0.143752404079744,-0.0537500169970551,0.201315607986062,-0.123182982010193,0.275671514821869
"memory","r_wid[w608e33c,Intercept]",0.105790996924168,0.131481508598586,0.0172067518486935,0.195246747214442,-0.0652691071284265,0.277699417358699,-0.148984510702557,0.356492362378948
"memory","r_wid[w60e592a,Intercept]",-0.144352181790495,0.101919329411914,-0.211643257037884,-0.0757408723601034,-0.275719808444004,-0.0151736944313776,-0.341399493548635,0.0549368619536565
"memory","r_wid[w62f57a5,Intercept]",-0.0749278749718112,0.104576083469915,-0.144460809240479,-0.00504346218495148,-0.210199862494006,0.0585211033654136,-0.280280668727232,0.133022063218685
"memory","r_wid[w65ae27b,Intercept]",-0.28249894769834,0.103115136108557,-0.35331457349338,-0.208570138951053,-0.415908684086319,-0.148838806860821,-0.491051884166923,-0.0887489065878874
"memory","r_wid[w65ed633,Intercept]",0.204303769002691,0.137271310912515,0.111410912656588,0.296823007398743,0.0233855910678651,0.382685404213358,-0.0674893710853869,0.476921056407217
"memory","r_wid[w67efce7,Intercept]",-0.0934309009857259,0.106595713206256,-0.16858703353068,-0.0185419527804739,-0.234427649781835,0.0418427137146555,-0.300019360584791,0.107071516246058
"memory","r_wid[w6b34a8b,Intercept]",-0.641536976166164,0.134118818346809,-0.732490555042545,-0.550692933685231,-0.808489148311772,-0.469570108895467,-0.904302580790508,-0.377513161532024
"memory","r_wid[w6c5aa72,Intercept]",0.363602562345806,0.158824977875028,0.254241361258273,0.471448062165381,0.159262996257262,0.570933351027167,0.0618417956356972,0.675074459350346
"memory","r_wid[w6e46ddf,Intercept]",-0.451467971110017,0.100588487129862,-0.518823111107132,-0.382474087472733,-0.582697250883006,-0.322211056030309,-0.648785845578186,-0.257254596070046
"memory","r_wid[w6ebaea9,Intercept]",0.410489185457282,0.111517193403816,0.334315838151979,0.484212593230939,0.266475602066392,0.551576461020303,0.196289008027653,0.630081896475694
"memory","r_wid[w6fe5d47,Intercept]",-0.0812889150304265,0.114375224079531,-0.159892815151621,-0.00435183528716656,-0.226043686118543,0.065662072580921,-0.304063448759774,0.141218399871124
"memory","r_wid[w715d917,Intercept]",-0.0218549640145807,0.0991430399610627,-0.0882619386576575,0.0445670784593453,-0.145808712900725,0.106453992160375,-0.214448946883833,0.171627277917699
"memory","r_wid[w720e820,Intercept]",-0.292510981021479,0.114599603183824,-0.36803600988332,-0.215052111088464,-0.441626371813705,-0.145987299770958,-0.515132575329613,-0.0687281010015466
"memory","r_wid[w7606987,Intercept]",-0.0876062933429594,0.102382844520494,-0.15908539720166,-0.0190451041515522,-0.21955006215114,0.0423188667396491,-0.289029509147906,0.110433701610159
"memory","r_wid[w7978f92,Intercept]",0.0205299627760669,0.112559013344296,-0.0552006335361013,0.0963951614562012,-0.123367541583475,0.161920941505629,-0.202145383914368,0.245993468239574
"memory","r_wid[w797a1e5,Intercept]",0.0953541229741335,0.147508037658953,-0.00432636960707335,0.194239226579192,-0.0956306890512953,0.278753365251601,-0.188610889915304,0.389201130244629
"memory","r_wid[w7a04fdc,Intercept]",-0.550403264147708,0.132680765003091,-0.636729633168138,-0.461251702552211,-0.719068994777061,-0.382285578422648,-0.815869985321747,-0.293620457089838
"memory","r_wid[w7c1d29f,Intercept]",0.0209336712528974,0.135760495989937,-0.0715012094970586,0.112864209498871,-0.154354549524351,0.195740116453415,-0.243414458310886,0.285544929575525
"memory","r_wid[w7cfc37e,Intercept]",0.106107803025937,0.145904065806545,0.00406372930360958,0.206177757490457,-0.0824986992584109,0.292523992836519,-0.171851023037597,0.388730524462612
"memory","r_wid[w7e41e95,Intercept]",-0.0307932580072085,0.105074623304092,-0.101272912578318,0.0394627450272365,-0.160961552553682,0.10712541500337,-0.238585139242226,0.17496159590079
"memory","r_wid[w80189d3,Intercept]",-0.445973203368078,0.103275216074435,-0.51672798418326,-0.376337573202747,-0.579045071930955,-0.311746670869231,-0.641253565959352,-0.246163770898871
"memory","r_wid[w8146fb9,Intercept]",-0.0660867880078901,0.104118877701089,-0.135670255777629,0.00319193062259881,-0.200341187798194,0.0681430297119663,-0.273573737950603,0.138010766858108
"memory","r_wid[w84e06f3,Intercept]",0.222439218124892,0.108418445607428,0.148567093918406,0.298286233428586,0.0795456325052215,0.361407078510575,0.0117732183100464,0.428889495546269
"memory","r_wid[w8937d22,Intercept]",-0.0297279633677527,0.0979819375477632,-0.0955747185140557,0.0375656645504978,-0.153547605819996,0.0960743921739595,-0.222141748811416,0.159595653522527
"memory","r_wid[w8ad52eb,Intercept]",0.41614656829082,0.135129892609975,0.324649613372605,0.506663860249685,0.241494336977892,0.589332178501981,0.154769594879988,0.682857738259011
"memory","r_wid[w8bc33f5,Intercept]",-0.285524808155177,0.114272927620614,-0.363103192703944,-0.20936269086859,-0.430955023444838,-0.141195597945251,-0.508285974059802,-0.0638613282312671
"memory","r_wid[w8d56791,Intercept]",-0.0568048057986862,0.143091245092921,-0.15344792965906,0.0421956769185355,-0.235624250607954,0.124551425660467,-0.340160656677967,0.216086020971663
"memory","r_wid[w8e2568d,Intercept]",0.245741787122631,0.148449810722989,0.145069609525962,0.344892168397648,0.0498818970991658,0.434507441139354,-0.0333075457409275,0.531157189621391
"memory","r_wid[w8e5f535,Intercept]",0.258261214820637,0.106071820614617,0.185718464828238,0.328272493769387,0.123611415068426,0.39314290454197,0.0556034383992545,0.4726870919411
"memory","r_wid[w8eb1000,Intercept]",0.315728649156458,0.111361970806409,0.239529623542373,0.390054296810195,0.175505826164883,0.458588610117313,0.106147297300173,0.539987771698413
"memory","r_wid[w8f37d35,Intercept]",0.0991510494292848,0.110342801630632,0.0248919388267367,0.175068192514686,-0.0438418595100066,0.241204173986289,-0.115893387254885,0.315713798780305
"memory","r_wid[w8f47681,Intercept]",-0.215238756813882,0.133433749566304,-0.308008807985636,-0.125686996474422,-0.383078807249207,-0.0442765512941762,-0.480177740364123,0.0488492834735974
"memory","r_wid[w8f710ed,Intercept]",-0.132885505174311,0.105903596828518,-0.20428888684873,-0.0608157503702207,-0.269115086245326,0.00162162272695345,-0.339672387312709,0.0779971502686893
"memory","r_wid[w91e953e,Intercept]",0.035323118000899,0.130837240794167,-0.053068027612994,0.124390854976195,-0.13431318121238,0.203803189459953,-0.221317149338867,0.293371694738772
"memory","r_wid[w93de42b,Intercept]",0.331870004141998,0.110804734645946,0.256355801618834,0.405709091616058,0.191045342606283,0.47195092365477,0.113725961515208,0.551622846858773
"memory","r_wid[w950a999,Intercept]",-0.115613115401788,0.121323452153083,-0.194870797482912,-0.0359410650780062,-0.27073556942092,0.0387236842422812,-0.350839421083761,0.127956929102538
"memory","r_wid[w95f2351,Intercept]",0.0975696393271065,0.107059767411297,0.0244238354004789,0.169566504782624,-0.0387942122944525,0.234595332025358,-0.113135191160287,0.310642947845971
"memory","r_wid[w967bd55,Intercept]",-0.0878026759392244,0.102213546208121,-0.160372198734001,-0.0175210727406519,-0.219949643302952,0.0417764877651331,-0.28708623202461,0.117118337536871
"memory","r_wid[w970a2f0,Intercept]",-0.0684375304758883,0.125008891837157,-0.152875304125387,0.0147062354301621,-0.229035628786026,0.0875349724517548,-0.321622764488682,0.173783010945867
"memory","r_wid[w973f72a,Intercept]",0.0438194034327023,0.134855980768863,-0.0449824829319561,0.136154946031666,-0.130991106605916,0.216038948150404,-0.228533848982364,0.302020874337486
"memory","r_wid[w977f12b,Intercept]",0.216041536643612,0.106186126866742,0.144550423067833,0.286287928080627,0.0797415697102435,0.352738978570974,0.00986219535357055,0.421170508291172
"memory","r_wid[w993543c,Intercept]",-0.0265655633815501,0.102804400870719,-0.0949964236954819,0.0410447953714747,-0.157993874344759,0.110939427795467,-0.231602649881342,0.17754560975025
"memory","r_wid[w9a48bb6,Intercept]",0.175517044169902,0.10287022838838,0.105268986601274,0.245617368833029,0.0453023902299348,0.306651949436058,-0.024060565343666,0.377537522572599
"memory","r_wid[w9be1ae9,Intercept]",-0.301362336938684,0.105587485191008,-0.37295728016851,-0.22818879925585,-0.436379036580366,-0.165309519401975,-0.506367271975269,-0.095183006306778
"memory","r_wid[w9d4c48d,Intercept]",-0.12355383648553,0.106039763836651,-0.197051060681388,-0.0527257919198665,-0.259837479309653,0.0145617641168231,-0.329234651553563,0.0848083244229328
"memory","r_wid[w9f6c077,Intercept]",-0.0223275310719872,0.131464199331151,-0.108517278988034,0.0650939216828091,-0.18806092925881,0.144866240620885,-0.28354004960498,0.239544121291007
"memory","r_wid[wa0cc687,Intercept]",0.0257974601184744,0.12075976934867,-0.0544240301272385,0.105214167441553,-0.130282342169577,0.179415420475581,-0.209514826503542,0.265763064177561
"memory","r_wid[wa13a069,Intercept]",0.153907897895732,0.100518967733226,0.0870645651103413,0.221961406858756,0.0239994866023822,0.281909745602246,-0.045895025004156,0.348844233121302
"memory","r_wid[wa36b055,Intercept]",-0.142721869363754,0.113321569794012,-0.219811017247289,-0.0666992945120564,-0.283930291344372,0.0026512788825277,-0.355446848406827,0.0820650816295716
"memory","r_wid[wa577349,Intercept]",-0.0276713658180384,0.10193951461168,-0.0950147055357111,0.0424521459852083,-0.158209161280615,0.103319175104871,-0.229344633306316,0.16562676553896
"memory","r_wid[wa797b6a,Intercept]",-0.391888930716829,0.143983822669582,-0.488390824923412,-0.295938221671744,-0.576772342895756,-0.206593767869145,-0.673903570481979,-0.111366886638081
"memory","r_wid[wa88aaed,Intercept]",0.015844662840431,0.10382770439281,-0.0570683051930562,0.0860380344998278,-0.115412280306834,0.148074313575619,-0.184746399348342,0.221360143756011
"memory","r_wid[wa90a378,Intercept]",-0.305646809384731,0.106133701973292,-0.377175579082144,-0.237624820428029,-0.441385984723035,-0.171186073444983,-0.514359919222184,-0.096930201831974
"memory","r_wid[wa913679,Intercept]",-0.0693960299059203,0.100401616738951,-0.137803616975956,-0.00206699040355653,-0.197368805093928,0.0574631171753471,-0.259677273973485,0.128229731986408
"memory","r_wid[waa6a3c8,Intercept]",0.231701847700969,0.107187088966419,0.157683549872618,0.302432107060344,0.0938107800819055,0.36816506346644,0.0224744203772396,0.438728978350847
"memory","r_wid[wab2e8f4,Intercept]",-0.0343129999964647,0.126160671996615,-0.11937935238496,0.0494966191592506,-0.195728271076436,0.125800623717495,-0.285084762087213,0.20721603271977
"memory","r_wid[wada012d,Intercept]",-0.27255161086918,0.0998145981008589,-0.342230895673996,-0.2055962435412,-0.399047665517534,-0.14329796832241,-0.46491881970769,-0.0728091616889115
"memory","r_wid[wae959a9,Intercept]",-0.448998348631153,0.141890878082474,-0.543191779076449,-0.353868794200833,-0.632546712140165,-0.265374586559558,-0.731014215059961,-0.169756996873194
"memory","r_wid[wb0ecf0b,Intercept]",-0.488278894387102,0.102654309554555,-0.55631914916453,-0.418161097169301,-0.619718181504088,-0.35963387343077,-0.689150142827588,-0.284270683389351
"memory","r_wid[wb14e228,Intercept]",0.0721367743423525,0.109072003790351,0.00133892843370338,0.146545457370674,-0.0713621594933292,0.211320535942015,-0.149231173692249,0.284669923570563
"memory","r_wid[wb2e2d84,Intercept]",-0.0627050937796375,0.100604668716622,-0.130250562108347,0.00453617263371838,-0.189811298251213,0.0621554569058107,-0.257021703638517,0.139390273953277
"memory","r_wid[wb51887d,Intercept]",-0.0989605416395589,0.108386892910082,-0.169886490484895,-0.0256602314709947,-0.234547893252125,0.0404770682007013,-0.31084787729117,0.119352368671178
"memory","r_wid[wb71ae9a,Intercept]",-0.0744251414756769,0.124052797676871,-0.157897964189099,0.0103475979578999,-0.23058220488342,0.0850720361025165,-0.317352627334142,0.170270317451313
"memory","r_wid[wb900a5f,Intercept]",-0.431882981168514,0.104692639458459,-0.50457987621652,-0.360877341574546,-0.566486105759251,-0.298438248798052,-0.63732332310123,-0.22670282033372
"memory","r_wid[wb90ffa2,Intercept]",0.0341554741136173,0.101129641897951,-0.0337331523597311,0.102244601936209,-0.0954903596284286,0.163463116366319,-0.167248606443768,0.233186987427089
"memory","r_wid[wbaa44ea,Intercept]",0.0943448233678445,0.105143828978873,0.0236175817927237,0.163033671377997,-0.0402464577876842,0.22985680536502,-0.115347909031353,0.309355860627733
"memory","r_wid[wbb70a68,Intercept]",0.257228936378109,0.100106776920345,0.189833353061382,0.324509766033407,0.125839803459684,0.387556934536291,0.0645351674760885,0.448705389031644
"memory","r_wid[wbc9e827,Intercept]",-0.524255726048645,0.105275076885403,-0.595570151755982,-0.453228712752371,-0.660463049822361,-0.389049784399917,-0.732763061414922,-0.325690868433137
"memory","r_wid[wbcfaf6a,Intercept]",0.232536972891067,0.100572947327475,0.162674105366885,0.301445037443482,0.103603104863434,0.360618554063353,0.0340865999023207,0.421044921023524
"memory","r_wid[wbd60b70,Intercept]",0.246876542371548,0.0989624241501241,0.18085142028843,0.313126123813393,0.118240868519831,0.373981060466341,0.0572213749336332,0.445501963288438
"memory","r_wid[wbe3571b,Intercept]",0.0627710610979691,0.104051412036302,-0.00654846607730526,0.131547387732885,-0.0729087198434645,0.197468527817667,-0.137158480089831,0.272772677109126
"memory","r_wid[wbf6ee18,Intercept]",0.115638416091633,0.116284930403769,0.0350938818951976,0.194810176563331,-0.0332700703123675,0.265148841317929,-0.10614969384152,0.338987402986972
"memory","r_wid[wc04c93a,Intercept]",0.258597328730237,0.0988336769663052,0.190972338432817,0.327729076962313,0.134675779247481,0.385063032622302,0.0701990926976006,0.45204763128587
"memory","r_wid[wc471696,Intercept]",0.452197968999515,0.116157065896674,0.375250021261193,0.528685113860287,0.306103220795732,0.599811257585967,0.224894059630983,0.684726805668449
"memory","r_wid[wc5adc9d,Intercept]",0.390230438115272,0.111382398927871,0.314317504026214,0.466220294154431,0.246213788045851,0.532740427767472,0.174758575739867,0.609236855774549
"memory","r_wid[wc6ebbf2,Intercept]",0.425636925062203,0.105894743681134,0.353623838552616,0.49709975616637,0.290301409818706,0.562039027212799,0.217203498440764,0.627895214320193
"memory","r_wid[wc9128ed,Intercept]",0.295461151375266,0.101512204457472,0.227244083582839,0.362437559240108,0.165917897087781,0.423087819506338,0.0968175484486758,0.499014058635411
"memory","r_wid[wc9d64f4,Intercept]",-0.151314261329374,0.0993179414598318,-0.218149441242008,-0.083306079271949,-0.277798570062268,-0.0237501227884749,-0.345638098008917,0.0429264879564821
"memory","r_wid[wca8e71a,Intercept]",-0.668467385103656,0.104854427229631,-0.74091355488018,-0.59668896918342,-0.800699055748317,-0.532860752624546,-0.871888391108882,-0.461833023965238
"memory","r_wid[wca9e1aa,Intercept]",0.0812450177074107,0.104783368391356,0.00955001148004547,0.151860636369432,-0.052707132321377,0.212226662496014,-0.123988695004891,0.285533832725013
"memory","r_wid[wcabe93e,Intercept]",0.199733305325925,0.130212444134087,0.11194533299065,0.288636994999501,0.0343709037625975,0.367416250051193,-0.0589059816303237,0.453471945068301
"memory","r_wid[wcbb66d9,Intercept]",-0.135179667438683,0.100376171045345,-0.202888323366576,-0.0681890152309028,-0.264599574388687,-0.00450166178713462,-0.32510548116899,0.0627944615648141
"memory","r_wid[wcbfad8c,Intercept]",0.0613363171977106,0.131048445109207,-0.0280368662982187,0.146808124916215,-0.107662819969565,0.231139355585023,-0.19032125700661,0.317310451365515
"memory","r_wid[wcd5d786,Intercept]",-0.0284468682665964,0.103543811712107,-0.0997495991997117,0.0407655748243427,-0.158491531966509,0.106221655802064,-0.230213078160569,0.177048194131125
"memory","r_wid[wd071aa9,Intercept]",-0.143933376727437,0.130777683923373,-0.228981410797318,-0.0572248893207893,-0.310691033195957,0.0187591848567133,-0.405209336652883,0.117345634321867
"memory","r_wid[wd3f2678,Intercept]",0.237838340090262,0.109072915814119,0.161518427612134,0.310678306756745,0.098473548185226,0.379776087543202,0.0325372250584041,0.454451582124163
"memory","r_wid[wd5e9df2,Intercept]",-0.228777314536586,0.120325138030618,-0.309667077115831,-0.149565744238113,-0.381409080285805,-0.0738068673856521,-0.463501318898052,0.00532576574649962
"memory","r_wid[wd697686,Intercept]",-0.278103145868952,0.10272924937415,-0.348205343052986,-0.209059680798107,-0.407667684637053,-0.14394909520027,-0.481376965028304,-0.0761918044315579
"memory","r_wid[wd7482cf,Intercept]",0.0269233960140643,0.101404088343449,-0.0412543344092276,0.0939897644277861,-0.106388514466538,0.158157633309579,-0.161908105561727,0.231735294701791
"memory","r_wid[wd7d7085,Intercept]",-0.057956900620832,0.126851936071098,-0.142943470026235,0.0275434284522057,-0.220496136207271,0.105510661374604,-0.305178055945912,0.192844566216257
"memory","r_wid[wd887970,Intercept]",0.379282968970424,0.130598179404606,0.291309414941267,0.469193183070514,0.209915093060533,0.549033956167901,0.123368707610728,0.632587578087393
"memory","r_wid[wdabae0a,Intercept]",0.11779889505991,0.126954909333279,0.031329497362715,0.201884610430031,-0.0463779326219152,0.281262439146497,-0.136000660273178,0.366098396212975
"memory","r_wid[wdb97422,Intercept]",0.189997371771099,0.106787865536087,0.118047515199664,0.263155504015466,0.0552701556990458,0.325135198145835,-0.0224153646818167,0.389051847581705
"memory","r_wid[wdc0f604,Intercept]",0.137566458021008,0.101304517801438,0.0726189001792195,0.204527142697129,0.00826542744548584,0.263145277331693,-0.0688140774205197,0.334526230329063
"memory","r_wid[wdfa587e,Intercept]",0.198235488581205,0.0992183395243403,0.130966860448812,0.266600517972377,0.0704122294002957,0.321602422333578,0.00353873259495581,0.394939037022136
"memory","r_wid[wdfbc43e,Intercept]",-0.0118810803508222,0.113280739146808,-0.0908516282861152,0.0653346152497914,-0.157016616941927,0.132896503284789,-0.22841162743042,0.210157759145907
"memory","r_wid[we0078b2,Intercept]",0.23100380563072,0.101111769351178,0.16133687510144,0.299950767573137,0.102379315727567,0.362382103709593,0.0378766566393353,0.429507078770926
"memory","r_wid[we07eba7,Intercept]",0.0442987876242123,0.102636834764582,-0.0271150876386698,0.114861022088791,-0.0884498082984322,0.177520529673898,-0.155524434489891,0.242184138292722
"memory","r_wid[we0e98d2,Intercept]",0.076726381533339,0.118142422608803,-0.0022367279500325,0.155840483672169,-0.0725782484880666,0.227115339835678,-0.155303324296289,0.311324616754934
"memory","r_wid[we2b50c8,Intercept]",0.0766772950645591,0.102614988934843,0.00785350966516827,0.144294526856623,-0.050594164855796,0.206564958662248,-0.127854150697969,0.278051265205169
"memory","r_wid[we35ea87,Intercept]",-0.342828122116594,0.106271929241084,-0.414706793675648,-0.272046107620076,-0.481358780177913,-0.204545931599663,-0.549211290913322,-0.136312274246274
"memory","r_wid[we368c94,Intercept]",-0.34541639592682,0.11323667841512,-0.421615307022433,-0.266443483327581,-0.491974164840524,-0.202132968746407,-0.573369980829275,-0.124521065690101
"memory","r_wid[we6483ae,Intercept]",-0.277381252851789,0.103003859443908,-0.345071847547553,-0.207988663172697,-0.409052559594322,-0.146476982365106,-0.486774807435002,-0.0854031176415493
"memory","r_wid[we6aff32,Intercept]",-0.0928523799643621,0.128902623365943,-0.176488154050699,-0.0067801933175879,-0.254026093123523,0.0707490614478593,-0.351832171928169,0.16321013863143
"memory","r_wid[we869265,Intercept]",0.162893733252704,0.116723220056192,0.0838128087688059,0.241510179829322,0.0117962726141528,0.314103650979906,-0.063200080763203,0.394250256345542
"memory","r_wid[wea7f2f9,Intercept]",0.142263299286035,0.0986872686015076,0.0764529564801675,0.20759194064639,0.0162845385434932,0.269306338942731,-0.0466984138424502,0.343543289827342
"memory","r_wid[wea96b0b,Intercept]",0.195507873415366,0.0971675407829661,0.130417622931004,0.262576728523727,0.0734954801791707,0.320132657961602,0.00284875367432283,0.386547993774584
"memory","r_wid[web7e878,Intercept]",0.22809387994479,0.137179207318171,0.134119534703273,0.323026798831012,0.0529555022601605,0.40055585375834,-0.0410378611828516,0.498597316508862
"memory","r_wid[wecf7799,Intercept]",0.0385382541868,0.101169545280455,-0.0282847116834626,0.105842757515526,-0.0907275741638035,0.167638113371839,-0.160864488788513,0.233237044465621
"memory","r_wid[wed2778e,Intercept]",0.123200450515022,0.113337579476644,0.0480138637524623,0.200132280463338,-0.0230525165355484,0.264547315568428,-0.102058727864886,0.343415830309243
"memory","r_wid[wed354d9,Intercept]",-0.00170451896033418,0.14672853522393,-0.0998092605757383,0.0954920902410879,-0.187777268320522,0.190206578678106,-0.290798027056675,0.292769061298671
"memory","r_wid[wef591ef,Intercept]",-0.0250257471216448,0.102196281722984,-0.095163592160556,0.0445911108386699,-0.155926114808981,0.105107760733407,-0.22281380165931,0.175459342003256
"memory","r_wid[wf1704eb,Intercept]",0.0331707591474742,0.0998683348876368,-0.0357043751698178,0.102030581832482,-0.0963744370383579,0.160169865703775,-0.154673325396727,0.228822110034658
"memory","r_wid[wf1ea1db,Intercept]",0.237418714771176,0.178643908265618,0.114715590766224,0.359377610041854,0.0107024197934423,0.469452854551052,-0.112293752600941,0.593562816979674
"memory","r_wid[wf3a15bc,Intercept]",0.406053706549149,0.109832847460134,0.332356166032775,0.480907991986691,0.265132861338206,0.543516670615843,0.193329492668088,0.61725773374337
"memory","r_wid[wf6aed15,Intercept]",0.47294193847542,0.0988820535521965,0.406358194397561,0.540312232762798,0.345406868990943,0.597617120388713,0.277617450889609,0.660089543027884
"memory","r_wid[wf8b98ff,Intercept]",0.240793254062279,0.101907724387965,0.172838586421021,0.30964422746369,0.110538004842571,0.368419740019556,0.0431418909853596,0.443224360508595
"memory","r_wid[wf8bf1c3,Intercept]",-0.158347439300891,0.107404243403684,-0.229378573904662,-0.0867184807585013,-0.294259475189312,-0.0228782329953095,-0.36927963995403,0.0584760819981329
"memory","r_wid[wf93dad0,Intercept]",0.0215397410678326,0.128465882948999,-0.06455069379745,0.106183268486711,-0.142759429913489,0.185275927025589,-0.238182608236163,0.269818741827195
"memory","r_wid[wf9cb312,Intercept]",-0.211461681782827,0.125155744449468,-0.297215420580631,-0.129238020718042,-0.370073128257461,-0.049913248881275,-0.456569696517225,0.039007258396394
"memory","r_wid[wfd759db,Intercept]",0.131911093709491,0.105870389466072,0.0604560715274837,0.202191155795211,-0.000586548003190641,0.27009035440639,-0.073444431122284,0.341153471206031
"memory","r_wid[wfdd68c1,Intercept]",-0.139129522721852,0.137625115401192,-0.231540657406668,-0.0480459568347433,-0.312641455824794,0.0408356535559412,-0.408120986677132,0.126991513601252
"memory","r_wid[wfe9216a,Intercept]",0.14972477510262,0.125821003044448,0.0649413756096861,0.233916751491358,-0.00935780946850935,0.306998266934798,-0.100810211869806,0.3947691426529
"memory","r_wid[w001d343,n_total_mem_dev]",0.0860101823333281,0.0877616579921291,0.028752194569806,0.142637125784345,-0.024824636428041,0.199021690562612,-0.0823197651224436,0.264511549666011
"memory","r_wid[w03114c0,n_total_mem_dev]",0.0145246955982327,0.0690070507010752,-0.0299360293072579,0.0599458475051317,-0.0736479891442179,0.102553420406051,-0.124455277309199,0.152380507440453
"memory","r_wid[w04c1659,n_total_mem_dev]",-0.0466162098647328,0.0830446519208965,-0.101918246521928,0.00869475657802742,-0.1527064357686,0.0590155953223565,-0.213948204966733,0.111499621786586
"memory","r_wid[w063688a,n_total_mem_dev]",0.0173528954548509,0.0856003695289523,-0.0395591695658928,0.072714146839016,-0.0916076433223328,0.125408991998746,-0.149657322068034,0.190284290770605
"memory","r_wid[w06866f0,n_total_mem_dev]",-0.0116561105883915,0.0832816374385582,-0.0649805151044827,0.0443683353524166,-0.120118850903047,0.0894088700138104,-0.179883988798668,0.14866645731136
"memory","r_wid[w0a27d42,n_total_mem_dev]",-0.011866310512461,0.0701460949336343,-0.0578430115328046,0.0349209535433787,-0.103725737384087,0.0752781081761648,-0.155253278830304,0.122523497970045
"memory","r_wid[w0a90f7a,n_total_mem_dev]",-0.0304719623816116,0.0641121775335274,-0.0737652521151078,0.0134106933952063,-0.113049073347866,0.050810772215326,-0.154821221186372,0.0924767236070037
"memory","r_wid[w0ae94e6,n_total_mem_dev]",-0.0350268592674696,0.0776028195013477,-0.0875800651611666,0.0170604686826784,-0.132474135163767,0.0625052275506171,-0.188837676019223,0.119457229159518
"memory","r_wid[w0b2b304,n_total_mem_dev]",-0.112325108524266,0.0675989071607364,-0.157089159059568,-0.0669997789945868,-0.199462120370504,-0.0249390795703275,-0.247747099787209,0.015819473989762
"memory","r_wid[w0bdd7c4,n_total_mem_dev]",-0.0709086125474814,0.0721598389076818,-0.11982734580517,-0.0219361433486834,-0.165739987647949,0.0196290984091204,-0.215044604703677,0.0653414650288538
"memory","r_wid[w0e7fb0a,n_total_mem_dev]",-0.0266574969300828,0.0775764290583089,-0.0806686921815497,0.0257047415375189,-0.126858426622036,0.0710535766219034,-0.175755703588356,0.120583058496029
"memory","r_wid[w0fc6501,n_total_mem_dev]",0.037556240482913,0.0894402007234494,-0.0232196087961512,0.096611849640257,-0.0755213733531793,0.15048055158066,-0.135309228367642,0.219299640435564
"memory","r_wid[w107fce5,n_total_mem_dev]",0.264176051785556,0.0879041987172957,0.203214771643131,0.321010277912094,0.153521216481293,0.378738424444478,0.0961933647886614,0.444341120944062
"memory","r_wid[w108c7bf,n_total_mem_dev]",-0.0266209435107976,0.0750090587280031,-0.0768303522769639,0.0251236230161908,-0.123350984670819,0.0674785945291644,-0.174424942384568,0.116705601352363
"memory","r_wid[w13816ba,n_total_mem_dev]",-0.055333200472351,0.0862980399156126,-0.112129511734384,0.00285864566290629,-0.16639051749959,0.055524852617199,-0.226151528653164,0.11318152933466
"memory","r_wid[w18042a7,n_total_mem_dev]",-0.016204521035859,0.0489076740986886,-0.0502523240672338,0.0169911830752923,-0.0800212937116455,0.0460911757679105,-0.111871125138942,0.0778502005439351
"memory","r_wid[w192a97f,n_total_mem_dev]",-0.0538449689452311,0.0850368585075824,-0.108328247172622,0.00246617878842218,-0.161533938551041,0.0510416349357558,-0.230100443828565,0.106746105665263
"memory","r_wid[w1ad74ca,n_total_mem_dev]",-0.0264276076469613,0.0782175588663194,-0.0782947981590302,0.0250994528926155,-0.125892735060711,0.0719996751318387,-0.180625869022524,0.133111425600084
"memory","r_wid[w21be7c0,n_total_mem_dev]",-0.0184022354370088,0.0550214956526092,-0.0549807145229681,0.018531578914759,-0.0885033806384068,0.0511822538618606,-0.123687853226067,0.0895986564722972
"memory","r_wid[w2329c2e,n_total_mem_dev]",0.0240276114088447,0.070082927348142,-0.0230928550493383,0.071678631158108,-0.0669656813731421,0.112635211408969,-0.112070568091281,0.159906917340911
"memory","r_wid[w24cc88c,n_total_mem_dev]",-0.0636022234138971,0.0901325961648618,-0.120858846806641,-0.00413284679645697,-0.176338719256457,0.0495788450901762,-0.247461762428641,0.108526971243086
"memory","r_wid[w27e5a42,n_total_mem_dev]",0.0325003772815965,0.0641054543694041,-0.0111975582187198,0.0755350389024182,-0.0492751865656646,0.113758826430923,-0.0927936689995947,0.158455962791045
"memory","r_wid[w28f36aa,n_total_mem_dev]",-0.0711201688830534,0.0801929852865933,-0.121878044110766,-0.0179150098137451,-0.174688672031764,0.0285072722643683,-0.235177743130909,0.0836726317820259
"memory","r_wid[w29215b1,n_total_mem_dev]",-0.00447574273481533,0.0729680255859418,-0.0513353480558307,0.0438942069049658,-0.0984597225156276,0.0870008116212911,-0.151702422769279,0.140905132031269
"memory","r_wid[w2b37aae,n_total_mem_dev]",-0.0868714780688778,0.0773343842595221,-0.136147753033688,-0.0355053221013518,-0.187273671472465,0.0106116059445951,-0.242365359474269,0.0605585230995075
"memory","r_wid[w2b4a70d,n_total_mem_dev]",-0.0134719128297019,0.0805819501615306,-0.0665482154103911,0.0398287207761262,-0.117952212235911,0.0895154971425259,-0.175016154729769,0.143364120667755
"memory","r_wid[w2b9a138,n_total_mem_dev]",-0.0303761108772175,0.0646669698378639,-0.0740503960888927,0.0138952354337198,-0.112150891636103,0.051339759758895,-0.158668481979645,0.0949650683136276
"memory","r_wid[w2d4c98d,n_total_mem_dev]",-0.0112970797213394,0.0947915372027535,-0.0729875068952039,0.0504188907781937,-0.132670992106992,0.106940392514058,-0.204865246814101,0.175187613250443
"memory","r_wid[w2d80146,n_total_mem_dev]",-0.0564954133913131,0.0544776917692765,-0.0930236783719637,-0.0200313940188666,-0.126669731994937,0.0141603210417983,-0.165248779604534,0.0486993069214516
"memory","r_wid[w2e6acfb,n_total_mem_dev]",-0.132522003485326,0.056413536329416,-0.170712216061826,-0.0939395922939786,-0.205681666502396,-0.0611641604647176,-0.245529775626713,-0.0239292836964101
"memory","r_wid[w2f45fb6,n_total_mem_dev]",-0.00154446292295967,0.0785332952722332,-0.0524335447858869,0.0501787466462058,-0.101417733100387,0.0981432735933572,-0.157564866781414,0.150503268421221
"memory","r_wid[w2fdc513,n_total_mem_dev]",0.0503685607917639,0.0770843007845888,-0.00246110188899454,0.10122348982539,-0.0473000761214155,0.150970119919329,-0.098641163915624,0.203737664253298
"memory","r_wid[w30bb20e,n_total_mem_dev]",-0.0572012971504317,0.0781584484758814,-0.107946157367476,-0.00340015617773351,-0.159304728676999,0.042885546334382,-0.213863458988975,0.0889218171301759
"memory","r_wid[w31415e8,n_total_mem_dev]",-0.0115754915713118,0.0897765410529698,-0.0700552798949859,0.0472867848371731,-0.125926229176116,0.100119826034355,-0.194312382776604,0.169010111647716
"memory","r_wid[w31bcaa3,n_total_mem_dev]",0.00548072477751205,0.0813072456173577,-0.0476663575321879,0.0583816249461419,-0.096955691150682,0.108624736401529,-0.154810000759539,0.168404179081995
"memory","r_wid[w37d3a90,n_total_mem_dev]",0.00589226317400099,0.0725738651657984,-0.0441622043037354,0.0561358534564893,-0.0894498716306859,0.100690383539293,-0.135648920606058,0.149489419937327
"memory","r_wid[w3870b92,n_total_mem_dev]",-0.0883211244421307,0.0584087914380608,-0.1269871594269,-0.0486892886789874,-0.165652886024217,-0.01417637088724,-0.204693695910595,0.0221258888824605
"memory","r_wid[w3946928,n_total_mem_dev]",0.0201545269213652,0.075085136375632,-0.0283936253315574,0.0676486931653553,-0.0746416869538378,0.115542097032915,-0.126952856704938,0.170828610135501
"memory","r_wid[w39cea38,n_total_mem_dev]",0.0984916212454886,0.0865635298086809,0.0395838130019468,0.156157828662391,-0.00908760100557302,0.210608025687145,-0.0682857134478529,0.273434030212163
"memory","r_wid[w4077e51,n_total_mem_dev]",0.0258711442341712,0.0750741850229562,-0.0246523215386314,0.0755662686631669,-0.0695286292450486,0.122379223444334,-0.120619580608646,0.175651980219593
"memory","r_wid[w4140fe6,n_total_mem_dev]",0.010727092727049,0.0701239904471487,-0.0357412051932016,0.0576889107029446,-0.0769429633634198,0.100048968111289,-0.130948680499853,0.148505688120379
"memory","r_wid[w4160090,n_total_mem_dev]",0.00106487054966702,0.066874433202809,-0.0440964119316865,0.0460636067440676,-0.0824083223823645,0.0874730182720094,-0.131533929811481,0.132775846896143
"memory","r_wid[w430272a,n_total_mem_dev]",-0.0722862894010789,0.0652923068701787,-0.115434944143873,-0.0284502823979319,-0.157689197205335,0.0105883890531937,-0.208901231716918,0.052790334697796
"memory","r_wid[w44a1a9f,n_total_mem_dev]",0.10050708761678,0.0661260772144515,0.0550431878528582,0.145377265745609,0.0150800067740429,0.184038052398917,-0.0249875077523393,0.234076803851873
"memory","r_wid[w44b0e2d,n_total_mem_dev]",0.0168858631134548,0.0884598930062191,-0.0422428799551358,0.0789991101732137,-0.095555055490043,0.128073512937439,-0.151988062086235,0.196694610651465
"memory","r_wid[w45af4af,n_total_mem_dev]",-0.0320993282020431,0.0778198388407128,-0.0838619641528309,0.0202451304581803,-0.131289863549596,0.0656389266948075,-0.182242414126376,0.123172934173954
"memory","r_wid[w47f6859,n_total_mem_dev]",0.0450105422708605,0.0695855570786627,-0.0004145623995785,0.0910593725650419,-0.0438657905544896,0.13443636619159,-0.0902328651785555,0.180431179742751
"memory","r_wid[w488be27,n_total_mem_dev]",-0.00680917145457146,0.0666374245429881,-0.0523947390709906,0.0377057375756695,-0.0912592743136622,0.0796824247105748,-0.138647715619768,0.122068019681353
"memory","r_wid[w496515d,n_total_mem_dev]",-0.0255428896414061,0.0656657289727531,-0.0686865411377713,0.0186239689619041,-0.109115568116106,0.0558366799305728,-0.151585903565472,0.0991228841179696
"memory","r_wid[w497e696,n_total_mem_dev]",-0.0134255315743385,0.0594218424217497,-0.05306474746271,0.0275748840864911,-0.0901030070680591,0.0620663256998019,-0.12868661554971,0.103860408010725
"memory","r_wid[w4a643e0,n_total_mem_dev]",0.098962763530462,0.0689677751002893,0.0520420969088099,0.145775996384868,0.0119532401115339,0.188227665750235,-0.0343447535857717,0.237374050414458
"memory","r_wid[w4b34871,n_total_mem_dev]",0.0241132749489986,0.0709182123171143,-0.0250289243370061,0.0717284584523636,-0.0645524069662522,0.11487877137233,-0.11612878405089,0.158547254688355
"memory","r_wid[w4bdc2df,n_total_mem_dev]",-0.0857531834012974,0.0848227191727631,-0.139411231949586,-0.0289451195679082,-0.196505157278616,0.0205126712773075,-0.256199047148632,0.0757162898210886
"memory","r_wid[w4e902e8,n_total_mem_dev]",0.0833118154334905,0.0666739701866615,0.0380100278615296,0.128970025529161,-0.0040635011938889,0.169317948492587,-0.0442029618741663,0.214881890178616
"memory","r_wid[w4e997cb,n_total_mem_dev]",0.0086003366680373,0.0722484954959905,-0.0421625176061721,0.0580445429118211,-0.0828436101146874,0.101711039860184,-0.130180280626828,0.151714826054733
"memory","r_wid[w4ebac4c,n_total_mem_dev]",-0.0151433220259358,0.0624761176011637,-0.0565921791476582,0.0269230449381954,-0.0966060287601018,0.0648760814505722,-0.139000403379606,0.10591683331919
"memory","r_wid[w4f4cbdd,n_total_mem_dev]",-0.0173406925338881,0.0817196511796527,-0.0694587116799919,0.037345256034869,-0.121737635316343,0.0851209902121116,-0.187034497411486,0.137848457636664
"memory","r_wid[w502a382,n_total_mem_dev]",0.0500858770301802,0.0742326570748876,0.00164350364670236,0.0990271419645205,-0.0442679748338282,0.145053861554519,-0.0980644339542071,0.198296990149376
"memory","r_wid[w52f1872,n_total_mem_dev]",0.0271019911824298,0.0561603024726132,-0.0115390259573018,0.0646522199805618,-0.0441745985434613,0.0997155340172173,-0.0824337072273366,0.139908306359035
"memory","r_wid[w5305891,n_total_mem_dev]",-0.0523537112485418,0.0510998425834125,-0.0861438190532431,-0.0187133231382548,-0.117206543044878,0.012970037286184,-0.154979890684246,0.0458766670278861
"memory","r_wid[w5317a1b,n_total_mem_dev]",0.0208618450605347,0.0820794357566951,-0.0318241457704697,0.0733960221904266,-0.0816249780938193,0.126617801393085,-0.142571901370693,0.18568575773858
"memory","r_wid[w55e643e,n_total_mem_dev]",0.00926330320306137,0.0921060227934807,-0.051257969381706,0.0693997913372874,-0.108761211348172,0.12472447380792,-0.181380605822035,0.187327303639644
"memory","r_wid[w58111ca,n_total_mem_dev]",0.0839134823379288,0.0731866621748093,0.0341573472223598,0.130889103533769,-0.00636527137831108,0.176017617136293,-0.0584240649262645,0.235935012124892
"memory","r_wid[w58ddb10,n_total_mem_dev]",-0.0364900230578587,0.0752612578360948,-0.0874598874181237,0.0151193504176474,-0.131808831368213,0.0583624744283256,-0.186735463881873,0.11049594216191
"memory","r_wid[w5bee286,n_total_mem_dev]",-0.0185730040336283,0.0652247982797772,-0.062423822900442,0.0248473384220313,-0.102113751568436,0.0644495235330233,-0.149026472552307,0.109127063235625
"memory","r_wid[w5e13b84,n_total_mem_dev]",-0.103309107321499,0.0653115621230133,-0.145511449038885,-0.060124435864683,-0.186676013939706,-0.0204356820497027,-0.236757565607489,0.0203325194010371
"memory","r_wid[w5ef243f,n_total_mem_dev]",-0.0104624983497047,0.073129799469975,-0.057334683841704,0.0375723333006448,-0.103003111821416,0.0818094043834807,-0.160669552182439,0.135618905847147
"memory","r_wid[w5fb2730,n_total_mem_dev]",-0.0219378016040289,0.0897835421437443,-0.0815184656697516,0.0369855975839703,-0.134003297881958,0.0905906380703703,-0.19564298185062,0.157176207585952
"memory","r_wid[w6079012,n_total_mem_dev]",-0.115104620242109,0.084654400493703,-0.171577696357967,-0.0569307096751228,-0.227159070960809,-0.00727109173475437,-0.284236464476451,0.0447711107547378
"memory","r_wid[w608e33c,n_total_mem_dev]",-0.0292441725256261,0.0858530279424359,-0.0845002168310055,0.0274492913747825,-0.137888329708249,0.0800507919914593,-0.201527088322839,0.136891433715937
"memory","r_wid[w60e592a,n_total_mem_dev]",0.0431877323609881,0.0682758524549368,-0.00252226077351709,0.0873987318548441,-0.0433837570770482,0.131293299462618,-0.0911030814612206,0.180503181955435
"memory","r_wid[w62f57a5,n_total_mem_dev]",-0.0135804039861713,0.0794722498738397,-0.0670634668005883,0.0399590643926236,-0.115202967640283,0.0878036536112424,-0.170849050546954,0.145113776902548
"memory","r_wid[w65ae27b,n_total_mem_dev]",0.0737326679398498,0.0752076166812962,0.0227580143572307,0.124210238640133,-0.0201581681283403,0.170587185018464,-0.0727614488958624,0.223846090598594
"memory","r_wid[w65ed633,n_total_mem_dev]",-0.0467312588061956,0.0905549062573746,-0.105618341294957,0.0121349520585106,-0.161879292229081,0.0641651401007011,-0.226699798265703,0.132501261320205
"memory","r_wid[w67efce7,n_total_mem_dev]",0.0551934796041664,0.084404679050365,-0.000140837131929948,0.108589283799568,-0.0518899493676579,0.163480197465948,-0.103922950881541,0.228959517478684
"memory","r_wid[w6b34a8b,n_total_mem_dev]",0.0487454238522545,0.0939962609658606,-0.0135866401864011,0.111233031897019,-0.0703470564797391,0.166653311130224,-0.134942699716733,0.232911324279103
"memory","r_wid[w6c5aa72,n_total_mem_dev]",-0.00100917511637128,0.0867641015829007,-0.058172402687351,0.0574149123952791,-0.111436115132942,0.107769532308074,-0.171706241049597,0.166477462688948
"memory","r_wid[w6e46ddf,n_total_mem_dev]",0.0611939979617327,0.0828672242782509,0.00448205484096582,0.114166915473436,-0.042430527050281,0.167564652253302,-0.0973419790485525,0.229736607615147
"memory","r_wid[w6ebaea9,n_total_mem_dev]",0.0186141573161524,0.0878542917755165,-0.0405781829059227,0.0761909310102422,-0.0934830674465216,0.133046689739404,-0.152696776295319,0.194146829250674
"memory","r_wid[w6fe5d47,n_total_mem_dev]",0.0356743172761603,0.0610964344747778,-0.00577352939004559,0.0761105264182526,-0.0422303131310312,0.113854827816688,-0.0865916056603111,0.153951803946972
"memory","r_wid[w715d917,n_total_mem_dev]",0.0292238935442929,0.0508962380885425,-0.00453853695938468,0.0624778680462922,-0.0362462925052486,0.0947251066639298,-0.0716291893145827,0.1285227470272
"memory","r_wid[w720e820,n_total_mem_dev]",-0.105634109473581,0.0749591735260613,-0.156695139982374,-0.0558567162514566,-0.201630072989896,-0.00894436105098373,-0.251891874069538,0.039053940877997
"memory","r_wid[w7606987,n_total_mem_dev]",-0.0483492218887696,0.0496976938577354,-0.0822302830153586,-0.0138673487133032,-0.11323976554528,0.0155858479773462,-0.145780948391287,0.0491908802151563
"memory","r_wid[w7978f92,n_total_mem_dev]",-0.00407494606566528,0.0869934936551034,-0.0626611944615887,0.0539930395564188,-0.114516946340499,0.106485407454522,-0.17280309088524,0.167404948824256
"memory","r_wid[w797a1e5,n_total_mem_dev]",-0.00310827599142893,0.0938105773191004,-0.0633033327318385,0.0564927991335953,-0.12185559563797,0.114742972672254,-0.187991231770283,0.184001164551661
"memory","r_wid[w7a04fdc,n_total_mem_dev]",-0.0206766395521371,0.0901498350344246,-0.0783560578159645,0.0381264417102121,-0.137053975361279,0.0924448397797775,-0.199814406294589,0.153925812316674
"memory","r_wid[w7c1d29f,n_total_mem_dev]",0.0365375567138395,0.0846436970129119,-0.0192695975861131,0.0919999446599327,-0.0708686334329512,0.143143428915998,-0.128931951517445,0.209775163926895
"memory","r_wid[w7cfc37e,n_total_mem_dev]",0.0108405099314099,0.0921358456726061,-0.0510146699769998,0.0698450023304413,-0.104199278485069,0.127036914149691,-0.166475230547657,0.199768785275046
"memory","r_wid[w7e41e95,n_total_mem_dev]",-0.0401698284802866,0.06347918933293,-0.0821114062166939,0.00256651395382807,-0.122695824335705,0.0411034104273018,-0.163923816800372,0.0810417381600057
"memory","r_wid[w80189d3,n_total_mem_dev]",-0.0144099748241747,0.0534764045035683,-0.0506251543427479,0.022015079493547,-0.0833885228451878,0.0543835040761087,-0.116681976975232,0.0931069973581609
"memory","r_wid[w8146fb9,n_total_mem_dev]",-0.0213544441311985,0.0733241532401575,-0.0691544261209962,0.0275900638588441,-0.115810628898967,0.0715549993019311,-0.168185592157166,0.120759253469097
"memory","r_wid[w84e06f3,n_total_mem_dev]",0.00616863206200179,0.0883058733646632,-0.0521236605999192,0.0633193712649244,-0.104149434476449,0.118078305077873,-0.161494085547152,0.185199507059663
"memory","r_wid[w8937d22,n_total_mem_dev]",-0.0292329193263956,0.0566033275086386,-0.0676937549126843,0.010281859450376,-0.100823039341255,0.0421874952679839,-0.139621630541921,0.0820616809718769
"memory","r_wid[w8ad52eb,n_total_mem_dev]",-0.0223212253807445,0.0665577584453684,-0.0664910398346504,0.0221275585710179,-0.106132935155514,0.0627745393171485,-0.15045451155866,0.105923239231647
"memory","r_wid[w8bc33f5,n_total_mem_dev]",-0.0935795423295403,0.0699651417282267,-0.140731911567781,-0.046399392453455,-0.185521441503659,-0.00446105136960121,-0.233529172870353,0.0421018576221021
"memory","r_wid[w8d56791,n_total_mem_dev]",0.0562833125231537,0.07262654086309,0.00801550649141768,0.102771054057594,-0.0354402518130419,0.148634250233582,-0.0817523674426758,0.204372510523787
"memory","r_wid[w8e2568d,n_total_mem_dev]",0.0346992348431381,0.0768092329197779,-0.0154223483800058,0.0859394028718274,-0.0619857423982036,0.132084332822081,-0.115489419278107,0.191002251578779
"memory","r_wid[w8e5f535,n_total_mem_dev]",0.0116252729495156,0.071105522565751,-0.0371586478899374,0.0596470659170175,-0.0811900515572989,0.103653191991171,-0.124395996117581,0.151243779652193
"memory","r_wid[w8eb1000,n_total_mem_dev]",0.0546318195276153,0.0813429117757525,-0.00148486942322045,0.108375729850732,-0.0462059978647056,0.157970443037097,-0.0966554678441708,0.21739365312976
"memory","r_wid[w8f37d35,n_total_mem_dev]",0.0718913136317111,0.077722405280809,0.0199524075830028,0.123021400154525,-0.0233018474479052,0.172315352419335,-0.0771311876168378,0.22963968679729
"memory","r_wid[w8f47681,n_total_mem_dev]",0.143488451273047,0.0885147628003127,0.081334759527797,0.19975335672161,0.034081930590736,0.258778107434997,-0.0176394463087345,0.332231790929778
"memory","r_wid[w8f710ed,n_total_mem_dev]",-0.0428052328693194,0.0650360229673629,-0.0861047434586403,0.00109715823824777,-0.125841502113478,0.0379809793025105,-0.171628896322021,0.0847492300125712
"memory","r_wid[w91e953e,n_total_mem_dev]",0.0224304975100275,0.07838918723381,-0.0290939742006192,0.0742323628598489,-0.0768641416774117,0.120477047617343,-0.133445632044548,0.177010266468157
"memory","r_wid[w93de42b,n_total_mem_dev]",-0.000636445871732836,0.0634996439683743,-0.0442427765138332,0.0421226115030651,-0.0807108550548454,0.0812633589374668,-0.12514343766374,0.12331570042434
"memory","r_wid[w950a999,n_total_mem_dev]",-0.0107367559307276,0.0819852173259178,-0.063018286959627,0.0421316144255834,-0.115256703198279,0.0912436789885088,-0.173221717218611,0.154020992697901
"memory","r_wid[w95f2351,n_total_mem_dev]",-0.0252649082423407,0.0844269029551856,-0.0810528268427776,0.0317063693421607,-0.13273729077966,0.0821643541514938,-0.187529610441363,0.137984018210096
"memory","r_wid[w967bd55,n_total_mem_dev]",0.0932417393401724,0.0748524508123161,0.0417859943129962,0.14258649829951,-0.00110868986982787,0.188990862601182,-0.0522607720189262,0.246008697327104
"memory","r_wid[w970a2f0,n_total_mem_dev]",0.00936782877033612,0.0577524267434654,-0.0297473923815436,0.0482620862166952,-0.065963995690678,0.0847057872464079,-0.101849828052261,0.121407442729872
"memory","r_wid[w973f72a,n_total_mem_dev]",-0.0712078109547501,0.0788779603845669,-0.124179361172632,-0.0161714428662204,-0.172851604208085,0.0271611551283061,-0.228687530608397,0.0767935921751003
"memory","r_wid[w977f12b,n_total_mem_dev]",0.0352583538129334,0.0904339506944859,-0.0261168408691533,0.0937372610631195,-0.0778507112058225,0.152856826297769,-0.140961681734564,0.216698154438399
"memory","r_wid[w993543c,n_total_mem_dev]",-0.00511727199169685,0.0691161104786639,-0.0519261332090234,0.0420702254335601,-0.093593819404865,0.0824236445880886,-0.140699110391358,0.132788313118229
"memory","r_wid[w9a48bb6,n_total_mem_dev]",0.0533697742090118,0.0668334553202243,0.0084754707125996,0.0969602531336355,-0.0322629424527682,0.139757903357739,-0.0789514624635773,0.185632848462335
"memory","r_wid[w9be1ae9,n_total_mem_dev]",-0.0987325296538642,0.0686103151357896,-0.14350240743001,-0.0517464734907295,-0.186336956235972,-0.0118735876451159,-0.237864380635514,0.0325001695743313
"memory","r_wid[w9d4c48d,n_total_mem_dev]",-0.0255060431202389,0.0732662747724612,-0.0732942821406055,0.0222124034909594,-0.119344188406411,0.0674231462800277,-0.175479752846766,0.11427785524775
"memory","r_wid[w9f6c077,n_total_mem_dev]",0.0172019607834229,0.0822669607886004,-0.0363886761535711,0.0704614076076279,-0.0870677977205544,0.120686350611097,-0.141787766834205,0.184080552474505
"memory","r_wid[wa0cc687,n_total_mem_dev]",-0.000333598584654461,0.0957703937708632,-0.0623822684429127,0.0622983490650029,-0.120143710682807,0.121280247637687,-0.189986620936349,0.188797639580295
"memory","r_wid[wa13a069,n_total_mem_dev]",0.0355158588382348,0.078106516197311,-0.01623744619019,0.0878891611858658,-0.062855891457087,0.135661753911521,-0.119609079560298,0.185706923448627
"memory","r_wid[wa36b055,n_total_mem_dev]",-0.0638746322778646,0.078544051141867,-0.115445989728113,-0.011954063045271,-0.165769501764793,0.0365522183599567,-0.217804618408343,0.084999632198662
"memory","r_wid[wa577349,n_total_mem_dev]",-0.0214224094163125,0.0748372664066515,-0.0727242226109194,0.028500512439488,-0.118660369127192,0.0716012488042578,-0.165274740203406,0.129333821868061
"memory","r_wid[wa797b6a,n_total_mem_dev]",0.00263957342578727,0.0936270716037986,-0.0587139955501202,0.065871988772106,-0.119016392221682,0.123718711972164,-0.186593083651099,0.182161315289191
"memory","r_wid[wa88aaed,n_total_mem_dev]",-0.00478685683406438,0.0719159784931794,-0.052673051421263,0.0436940483065695,-0.096776496467604,0.0867704341564209,-0.147159353759537,0.135414895630023
"memory","r_wid[wa90a378,n_total_mem_dev]",0.255049592877729,0.070130719065997,0.206151240974972,0.301870565527801,0.164519561538398,0.346093203593121,0.121387285522544,0.394989890813557
"memory","r_wid[wa913679,n_total_mem_dev]",-0.0296048531311245,0.0734360806323334,-0.0777833878862066,0.0189421593772665,-0.123720533589456,0.0635390618393857,-0.17459422284338,0.112825944880134
"memory","r_wid[waa6a3c8,n_total_mem_dev]",-0.107991294733388,0.0791864312277084,-0.160380270478414,-0.0548013388276907,-0.210229994417412,-0.00844901387434774,-0.267719985547157,0.0461625049412821
"memory","r_wid[wab2e8f4,n_total_mem_dev]",-0.0814182302987675,0.0726558274182725,-0.129675036760222,-0.0326776186933812,-0.174128982873798,0.00975471372769631,-0.223397650552138,0.0633084024262036
"memory","r_wid[wada012d,n_total_mem_dev]",-3.47387308517569e-05,0.0520352373558767,-0.0340270615688996,0.0349521552595909,-0.065564036590305,0.0657065590879011,-0.104757923719813,0.10184141996468
"memory","r_wid[wae959a9,n_total_mem_dev]",0.0374776229486091,0.0920349879053143,-0.0229419657534122,0.0983441807466769,-0.0794089262576088,0.153722764398039,-0.143405898451251,0.216258099726921
"memory","r_wid[wb0ecf0b,n_total_mem_dev]",0.0582019801332712,0.0561240191220908,0.019769193015794,0.0955338751377116,-0.0132088256831558,0.130346371207429,-0.0493595336669661,0.170811603013489
"memory","r_wid[wb14e228,n_total_mem_dev]",0.0194123865179348,0.0720799338762672,-0.0288419881945776,0.0683012152212409,-0.0713392360346475,0.112263743247505,-0.122356353597094,0.165150978252131
"memory","r_wid[wb2e2d84,n_total_mem_dev]",-0.0131482271440113,0.0629152314157942,-0.0533244511503006,0.0286250029988016,-0.0953501782849438,0.0672443667005385,-0.137891611856714,0.109225188213854
"memory","r_wid[wb51887d,n_total_mem_dev]",0.0580551976118659,0.0687827127894224,0.0118151309173464,0.104945369036983,-0.0282820987764345,0.145983662436821,-0.0739779160796518,0.192952193227216
"memory","r_wid[wb71ae9a,n_total_mem_dev]",-0.0106607030360792,0.0852151277174884,-0.0677534406838917,0.044194040301106,-0.119008089311213,0.0965726596816453,-0.181300194733107,0.158795027441407
"memory","r_wid[wb900a5f,n_total_mem_dev]",0.0824842204163457,0.0606914194972223,0.0420639193733696,0.121929378100274,0.00450276612584534,0.161907779222788,-0.035141223945992,0.200884885223964
"memory","r_wid[wb90ffa2,n_total_mem_dev]",-0.0322521081231813,0.0735484344749109,-0.0803960585604167,0.0176716635447543,-0.126890478961067,0.0591982288005188,-0.182019347775481,0.10894298899319
"memory","r_wid[wbaa44ea,n_total_mem_dev]",-0.00614321276265827,0.0948743751755217,-0.0679228673625717,0.055110742535314,-0.125988953417755,0.113860168363276,-0.194272985200846,0.18356688944059
"memory","r_wid[wbb70a68,n_total_mem_dev]",-0.0110697333539714,0.0622106409319456,-0.053327639463262,0.0300540955778559,-0.0898670212664438,0.0707606601751738,-0.133668361061363,0.110157817089629
"memory","r_wid[wbc9e827,n_total_mem_dev]",-0.0484200127393943,0.0882864068645566,-0.104752134466701,0.0108873076054881,-0.158993376211624,0.0620789315190327,-0.230628895263486,0.123752841951639
"memory","r_wid[wbcfaf6a,n_total_mem_dev]",0.0139310108275991,0.0886605444685475,-0.0434001118886984,0.0713039319832025,-0.0984348731052832,0.127054974510587,-0.155103089374915,0.193261048610955
"memory","r_wid[wbd60b70,n_total_mem_dev]",0.0496959942356626,0.0819347460989512,-0.00623025969762229,0.103693077573368,-0.0534791246011896,0.154905076271629,-0.105815934109137,0.221588856875979
"memory","r_wid[wbe3571b,n_total_mem_dev]",0.00566753700206959,0.0653428125973938,-0.0359288296140649,0.0484482329486283,-0.0771704867173454,0.0881913319932513,-0.125920638420297,0.134413857717251
"memory","r_wid[wbf6ee18,n_total_mem_dev]",-0.049268186244316,0.0731750440485235,-0.0969227156990506,-0.000289120430922422,-0.144145673397756,0.0454213527551489,-0.193122467501794,0.0928327433961467
"memory","r_wid[wc04c93a,n_total_mem_dev]",-0.00559875551036502,0.0676470660812275,-0.050218886157747,0.0390581153497238,-0.0929796306950444,0.081454500696964,-0.139996584252433,0.127985116747981
"memory","r_wid[wc471696,n_total_mem_dev]",-0.0525592072101689,0.0776799844945043,-0.105299617323183,-0.000435861545406801,-0.150826826368617,0.0480605520809638,-0.201931539981581,0.102683161503523
"memory","r_wid[wc5adc9d,n_total_mem_dev]",0.0589043368294328,0.0803539740227982,0.00305561045119503,0.112262204018069,-0.0436509872176634,0.162927359772733,-0.0896266891119358,0.218176067308149
"memory","r_wid[wc6ebbf2,n_total_mem_dev]",0.0685146717460261,0.0729386086596041,0.0187383636599494,0.114983327022724,-0.0221749295054243,0.163103750080462,-0.074470920610166,0.213129641504615
"memory","r_wid[wc9128ed,n_total_mem_dev]",0.00234132344158377,0.0697415747218143,-0.0442994822429366,0.0491649703402676,-0.0855394096822875,0.0926753671068586,-0.132757560505129,0.140055658527119
"memory","r_wid[wc9d64f4,n_total_mem_dev]",0.0223579828166546,0.0679911541961683,-0.0246581686473672,0.0685907066370642,-0.0641272326313479,0.108434180706957,-0.10854191348142,0.159264462850967
"memory","r_wid[wca8e71a,n_total_mem_dev]",0.0285085789500459,0.0777694962831999,-0.0225990457986476,0.0785845301449324,-0.0718084231988182,0.128167150929979,-0.12233453660971,0.18469777746084
"memory","r_wid[wca9e1aa,n_total_mem_dev]",0.134835486024199,0.0536101157531295,0.0976465342510408,0.169955808036038,0.0661040855365772,0.204822601566868,0.0330479840883288,0.242821580730106
"memory","r_wid[wcabe93e,n_total_mem_dev]",0.00708398763282754,0.0812938941252208,-0.0455358565053012,0.0598220289496347,-0.0968344065633511,0.108672071066921,-0.151291665491261,0.171522022214928
"memory","r_wid[wcbb66d9,n_total_mem_dev]",0.0150270025400985,0.0518925296276529,-0.0212291309787195,0.0488975206136839,-0.0503388294840035,0.082242724570122,-0.0848966694915847,0.11909500325582
"memory","r_wid[wcbfad8c,n_total_mem_dev]",-0.0424093193387836,0.068882184011293,-0.0883855037136697,0.00459845777760866,-0.131993554155097,0.0470927400680073,-0.179747108024398,0.0903218518580896
"memory","r_wid[wcd5d786,n_total_mem_dev]",-0.0340379212961621,0.0778198850498609,-0.0843582877402598,0.0168128097299811,-0.133161780346792,0.0648603025647047,-0.188150788267559,0.121606965387874
"memory","r_wid[wd071aa9,n_total_mem_dev]",0.0150671144262511,0.0827296395667652,-0.0385916993713611,0.0686387607505075,-0.0915907997197564,0.120230128237243,-0.147104463108813,0.181279430315123
"memory","r_wid[wd3f2678,n_total_mem_dev]",-0.0859694003462429,0.0637543005287256,-0.129049682921402,-0.0423184471462993,-0.168980252570555,-0.00499220802828301,-0.213371996885545,0.0373305981805704
"memory","r_wid[wd5e9df2,n_total_mem_dev]",-0.0358171077770101,0.0795888983463654,-0.0873262830070591,0.0167784011612363,-0.137671231643262,0.0641614823171855,-0.192381594362016,0.121053427940095
"memory","r_wid[wd697686,n_total_mem_dev]",0.111766289736371,0.0655999136913352,0.066799780437017,0.154827876975737,0.0278585565223585,0.195274382405025,-0.0118752106082053,0.246667174213117
"memory","r_wid[wd7482cf,n_total_mem_dev]",-0.0161124515891432,0.0809654391424604,-0.0693260222911724,0.0364015272038231,-0.120768624274114,0.0879251432782198,-0.174565463537222,0.145821979294815
"memory","r_wid[wd7d7085,n_total_mem_dev]",-0.016833217171893,0.0701344750790396,-0.0627939744556315,0.0297654204096455,-0.105474656455918,0.072215034890154,-0.15674579629469,0.120544450405531
"memory","r_wid[wd887970,n_total_mem_dev]",-0.0275789689018469,0.0760608048040639,-0.0772272711525941,0.0248408027094337,-0.126252654957433,0.0687303727964556,-0.177519477669721,0.123318630497469
"memory","r_wid[wdabae0a,n_total_mem_dev]",-0.0013049028416303,0.0682237219388774,-0.0485518137049492,0.0461573583374965,-0.0884573878555264,0.08499516499792,-0.134474089978072,0.130601511583738
"memory","r_wid[wdb97422,n_total_mem_dev]",0.0234463688579781,0.0719120712763011,-0.0244389957165719,0.0712541664072632,-0.0663853688331544,0.112503654711509,-0.120730584828792,0.169318728464441
"memory","r_wid[wdc0f604,n_total_mem_dev]",0.0389624736399199,0.0658218328514448,-0.00632791743531918,0.0837713248813581,-0.0444230925274649,0.124355927414827,-0.0888507365729027,0.168029518669979
"memory","r_wid[wdfa587e,n_total_mem_dev]",-0.0744135070900965,0.0768590751819317,-0.123256386418989,-0.022484362071478,-0.173784637998134,0.0222602281282465,-0.232838745416206,0.0701244578031091
"memory","r_wid[wdfbc43e,n_total_mem_dev]",-0.0523020360694817,0.0869657898632879,-0.109169705595075,0.00718550521560206,-0.164705507206152,0.0549700408083751,-0.227417001460585,0.111899575073719
"memory","r_wid[we0078b2,n_total_mem_dev]",0.0282906450060547,0.0843676302150527,-0.0281038505214109,0.0836634616430268,-0.0778994924801392,0.13660973737189,-0.135703414058761,0.194989691207148
"memory","r_wid[we07eba7,n_total_mem_dev]",0.0602194860198173,0.0692434591933644,0.013413025167052,0.105427926675222,-0.02635922773903,0.149972885724244,-0.0737689680774518,0.199444077734999
"memory","r_wid[we0e98d2,n_total_mem_dev]",-0.00247623765512949,0.0930359269887268,-0.0641798046323832,0.0584559081653988,-0.118203784060001,0.116219475380427,-0.187503376949059,0.180878160870583
"memory","r_wid[we2b50c8,n_total_mem_dev]",0.0147476150399673,0.065383129710586,-0.0268813943507335,0.0579995978071913,-0.0699531535959981,0.0993878351493775,-0.115867316288947,0.143662704971662
"memory","r_wid[we35ea87,n_total_mem_dev]",0.0107431446657778,0.0787101220518613,-0.0411369196936793,0.0610062291583911,-0.0896819606121883,0.110001563916611,-0.148649134191591,0.167890540356482
"memory","r_wid[we368c94,n_total_mem_dev]",-0.00353898402270026,0.0887941954546698,-0.0615212732016744,0.0581701027758602,-0.116153355607635,0.108653993013872,-0.181940357306331,0.166868330173566
"memory","r_wid[we6483ae,n_total_mem_dev]",0.104379549360343,0.0698974954163946,0.0568589093045175,0.149650201437209,0.0158577394192804,0.192597966551811,-0.0322220528788059,0.24663089464059
"memory","r_wid[we6aff32,n_total_mem_dev]",0.00604700881223096,0.0691240337409003,-0.0399690353274208,0.0500426033139229,-0.0814932691634944,0.0951243005103627,-0.127677217740338,0.145002002089349
"memory","r_wid[we869265,n_total_mem_dev]",-0.0303458405541901,0.0724399701993271,-0.0794593740682197,0.0185487190565472,-0.122306825376356,0.0606033733424161,-0.174729488809418,0.10843844643693
"memory","r_wid[wea7f2f9,n_total_mem_dev]",-0.00271104447013634,0.0678429606946037,-0.0497820544229977,0.0444817810372887,-0.0888688230914094,0.0834901414754685,-0.133163106800991,0.132241326023872
"memory","r_wid[wea96b0b,n_total_mem_dev]",-0.00249658161584859,0.0619234369762729,-0.0430099049662316,0.0377660078825689,-0.0815845589573575,0.0762780767740423,-0.125713149656002,0.120588764884535
"memory","r_wid[web7e878,n_total_mem_dev]",-0.0273185345637786,0.0914040680116887,-0.0874712199983164,0.0328953848204578,-0.141817770568745,0.089534239811719,-0.210715659595249,0.153097863629255
"memory","r_wid[wecf7799,n_total_mem_dev]",0.000770262991987377,0.0593363216803798,-0.0399357138979826,0.0404845734409238,-0.0761405450920676,0.0776035810086971,-0.111470005928416,0.118252783535764
"memory","r_wid[wed2778e,n_total_mem_dev]",-0.0100438489355876,0.082862775568826,-0.0637297549737524,0.0456416929517562,-0.116289025838472,0.0942291990297799,-0.172933669510247,0.149657085245806
"memory","r_wid[wed354d9,n_total_mem_dev]",0.0613984712697898,0.0904708260304742,0.00161683306473237,0.120244984381514,-0.0530801661374,0.175758878992503,-0.112194420139028,0.24280372062372
"memory","r_wid[wef591ef,n_total_mem_dev]",-0.048347347634762,0.0502070066366341,-0.0821395482008906,-0.0143335078538276,-0.112716598210369,0.0148133975865158,-0.14506112618795,0.0511764523187872
"memory","r_wid[wf1704eb,n_total_mem_dev]",0.0395575773958356,0.059080297313491,0.000227670914790546,0.0793189533565314,-0.0363713931116932,0.114344813037986,-0.0761796617449662,0.158263162133838
"memory","r_wid[wf1ea1db,n_total_mem_dev]",-0.012160356887726,0.0951017244541097,-0.0773997540849522,0.0545559380196808,-0.133802199367711,0.108942201328478,-0.194878707910788,0.176564969426266
"memory","r_wid[wf3a15bc,n_total_mem_dev]",-0.0760240493002882,0.0781191766004329,-0.128069187257715,-0.0237477691823482,-0.175748882385374,0.0217567272751597,-0.231246177906548,0.0725511229893997
"memory","r_wid[wf6aed15,n_total_mem_dev]",0.0447566375881504,0.0590113534875522,0.0048146909220482,0.0835678169978322,-0.032502760580719,0.119856890701384,-0.0672838700477826,0.161718118893929
"memory","r_wid[wf8b98ff,n_total_mem_dev]",-0.0722424869663804,0.0676680981403264,-0.117967951871089,-0.0252575268703691,-0.159148875252529,0.0151728924269052,-0.209417912845535,0.0559466055084126
"memory","r_wid[wf8bf1c3,n_total_mem_dev]",-0.0280461959065376,0.080950238169146,-0.0837077089764484,0.0270040761651355,-0.131988238824163,0.0731637428088479,-0.190675376954998,0.129331230174295
"memory","r_wid[wf93dad0,n_total_mem_dev]",-0.0361983318744878,0.0894668410792522,-0.0945680144648012,0.0241289823903127,-0.15079479837884,0.0747197416635636,-0.213118663115406,0.140972261051744
"memory","r_wid[wf9cb312,n_total_mem_dev]",-0.00814399458797311,0.0903668000459858,-0.0677110940144792,0.053002347198138,-0.124232754693532,0.107940322465232,-0.185329550773651,0.165704109124265
"memory","r_wid[wfd759db,n_total_mem_dev]",-0.042863377358768,0.0589311517023424,-0.0814991937247979,-0.00359516530548074,-0.117651247339076,0.0316777064509609,-0.160601882665203,0.0753450631758144
"memory","r_wid[wfdd68c1,n_total_mem_dev]",0.035604451118751,0.0836576166137981,-0.0217748433127316,0.0921159286984337,-0.0690961634256122,0.14318541881675,-0.119603491529483,0.202915294136147
"memory","r_wid[wfe9216a,n_total_mem_dev]",0.0265308516916861,0.0669238781270729,-0.0192249668092198,0.0694746188642593,-0.058162968212248,0.114272642425507,-0.0996834897398068,0.162884467356473
"memory","lprior",-8.62538460881147,0.00121537050531477,-8.62616376432018,-8.62455567067804,-8.62693799043996,-8.62385898213606,-8.62796250886539,-8.6230852635423
"memory","lp__",-39567.3410534286,19.5309288848875,-39580.1163598228,-39553.8956216999,-39592.9860260024,-39542.4642212522,-39606.5072750755,-39530.0326465452
