"model","parameter","estimate","error","ci_50_lower","ci_50_upper","ci_80_lower","ci_80_upper","ci_95_lower","ci_95_upper"
"rel_only","b_Intercept",7.68448759289994,0.0340614930718263,7.66122904158143,7.7078315874589,7.64185722049921,7.72769131094234,7.61662943915313,7.75105170728269
"rel_only","b_n_remembered_shown",-0.0664295162627665,0.0175442216718048,-0.0778101991570427,-0.0550387333012197,-0.0883935012845573,-0.0438007285370438,-0.102121550957865,-0.0311923869262516
"rel_only","b_exp_versionexp_c1",-0.127622934425448,0.0487700777475323,-0.159887350907085,-0.0936516267071464,-0.190961894079908,-0.0661558807599648,-0.225560162706501,-0.0337115325893574
"rel_only","b_exp_versionexp_c2",-0.00430679395484661,0.0427051984668114,-0.0335554039762457,0.0253614091547407,-0.0601817139888206,0.049969143112832,-0.0860810773222887,0.0754459614238839
"rel_only","b_multi_timeAfter",0.109777839659242,0.037683028882959,0.0838638706029346,0.135603290997014,0.0618372865424069,0.159226118055389,0.0376593725144391,0.183035380025406
"rel_only","b_nback_performance_z",-0.0173665130725029,0.0201948002094492,-0.0308589609666741,-0.00363107980728169,-0.0430782157926522,0.00841032287917237,-0.0570419240852962,0.0218216999279474
"rel_only","b_n_remembered_shown:exp_versionexp_c1",0.0388085661844033,0.025286619382534,0.021757941310909,0.0562457011314732,0.00658530117393186,0.0710701756572423,-0.0100396368106852,0.0875666566250327
"rel_only","b_n_remembered_shown:exp_versionexp_c2",0.0268210348344851,0.0220470955282665,0.0114891639002641,0.0415570990186088,-0.00100773702008206,0.0556976829955028,-0.0155047908784289,0.0691905144438866
"rel_only","b_n_remembered_shown:multi_timeAfter",0.0811180178955295,0.0239599677881131,0.0645681702474691,0.0967472662986774,0.0504379613295698,0.111803630080776,0.0350557106418343,0.128183500780491
"rel_only","b_exp_versionexp_c1:multi_timeAfter",-0.00117465112004378,0.0522067272101097,-0.0371025639954357,0.0339642753754709,-0.0688799641442735,0.0650237017268361,-0.104021979705487,0.0986758694875207
"rel_only","b_exp_versionexp_c2:multi_timeAfter",-0.0937235303749638,0.048521409552392,-0.126988201344272,-0.0607136968763775,-0.156006418392631,-0.0313861580702413,-0.186993357015479,0.00234812138958024
"rel_only","b_n_remembered_shown:exp_versionexp_c1:multi_timeAfter",-0.0132946342384964,0.0340988222604618,-0.0369084252059854,0.00966025023410754,-0.0564149174428817,0.0310378684471311,-0.0784695835754656,0.054810476219203
"rel_only","b_n_remembered_shown:exp_versionexp_c2:multi_timeAfter",-0.0624835322722741,0.0306174389063694,-0.0836230867709288,-0.0415200638592416,-0.102592995695138,-0.0224513428976943,-0.121133236456393,-0.00309464595024652
"rel_only","sd_wid__Intercept",0.283688479109715,0.0247654055987447,0.267001845129474,0.29963741721549,0.253055387419407,0.31637456739319,0.238108743068528,0.335588024335867
"rel_only","sd_wid__n_remembered_shown",0.0395533218936756,0.0248967696886839,0.0194128755437567,0.0564032348732309,0.00787239903280553,0.0733782879298085,0.00182451067059325,0.0932767828268762
"rel_only","sd_wid__multi_timeAfter",0.0851230470318667,0.0511555684063069,0.0422631142637067,0.122898640096313,0.0165137618784489,0.153785946086552,0.00405103240249861,0.186220586601954
"rel_only","sd_wid__n_remembered_shown:multi_timeAfter",0.0320430537605045,0.0223722995351294,0.0140475253520769,0.0466779501906623,0.00589038946338743,0.0638799571791306,0.00137706269289608,0.0815355819170055
"rel_only","cor_wid__Intercept__n_remembered_shown",-0.303175818504887,0.335704459169361,-0.542136348802762,-0.12359285178982,-0.679172166493145,0.16047644513719,-0.811881498938116,0.528572720159506
"rel_only","cor_wid__Intercept__multi_timeAfter",-0.052633099590767,0.327640517226221,-0.270621102643689,0.148957556749975,-0.432884867999985,0.374761304692225,-0.675491283464728,0.683139063829258
"rel_only","cor_wid__n_remembered_shown__multi_timeAfter",-0.136084016287114,0.426511953428683,-0.467577455598612,0.166898281983555,-0.69450406026628,0.468595150023417,-0.854443771880557,0.726142223161491
"rel_only","cor_wid__Intercept__n_remembered_shown:multi_timeAfter",-0.181585930514384,0.385248380854697,-0.477155927204672,0.0822578320709857,-0.670895642094869,0.357815387020095,-0.831495580905621,0.631758977436901
"rel_only","cor_wid__n_remembered_shown__n_remembered_shown:multi_timeAfter",-0.114418842061359,0.444690755113564,-0.47058402351958,0.228086147966887,-0.694036225442926,0.50067378204238,-0.844975919441757,0.758427477922935
"rel_only","cor_wid__multi_timeAfter__n_remembered_shown:multi_timeAfter",-0.111230377666937,0.447582218638927,-0.472654186305552,0.218238623191824,-0.681067129392135,0.530437998767893,-0.848125781163674,0.774075823396271
"rel_only","sigma",0.576114148503389,0.0071553307250983,0.571444242158083,0.580958556847334,0.566870634160592,0.585322865523724,0.561972145432574,0.590234271644149
"rel_only","ndt",1.71552682623119,1.67261772528099,0.493679926489632,2.46262562817881,0.177425690298507,4.00302766816096,0.0456927032457071,6.27856559210887
"rel_only","Intercept",7.68154323262136,0.0214649689521905,7.66701860295012,7.69611107832989,7.65331517713736,7.70897623558376,7.63926109320539,7.72271771074708
"rel_only","r_wid[w0198d08,Intercept]",0.00456168493785951,0.147787766933569,-0.0915584652105945,0.103473781198437,-0.183341158970046,0.194952430068453,-0.278675191464735,0.306374634709898
"rel_only","r_wid[w01da968,Intercept]",-0.0473917077358729,0.205222772167189,-0.183272862451654,0.085379864650713,-0.304658262638426,0.214360353609882,-0.458180299478732,0.361350970823104
"rel_only","r_wid[w022dd5a,Intercept]",-0.10999596918675,0.131132137232892,-0.19831856459342,-0.0207951618667859,-0.28117543944368,0.0518829019287537,-0.378274437376137,0.139541468013375
"rel_only","r_wid[w02461c5,Intercept]",0.176898020147648,0.208106154635455,0.0396096498618648,0.315145049617079,-0.0877872102494593,0.445433497051403,-0.224241193913238,0.606488178321983
"rel_only","r_wid[w05ede5c,Intercept]",-0.00742264109846666,0.140782916318027,-0.100730514530367,0.0840761664635844,-0.187005509278813,0.173711125331154,-0.284090513221345,0.267615870105743
"rel_only","r_wid[w05f4989,Intercept]",0.030825044729312,0.193012937250786,-0.0996828994888447,0.159212276663541,-0.214732631904928,0.276150045685487,-0.342053751280291,0.413359190794226
"rel_only","r_wid[w060c642,Intercept]",-0.0391529850360824,0.141418153791412,-0.135735408199615,0.0583112656593686,-0.219247973216261,0.144599075026692,-0.30915840775501,0.231862357342668
"rel_only","r_wid[w06d51ce,Intercept]",0.0494355470575333,0.133508763665236,-0.0392229484769508,0.140247404388761,-0.119416072261701,0.220809361729835,-0.209477997430616,0.313147639007607
"rel_only","r_wid[w07271cc,Intercept]",0.448053986458526,0.140126710847116,0.353948500381451,0.542700011323592,0.269691096382262,0.628471854278884,0.173299621967845,0.727810526402372
"rel_only","r_wid[w07f26c1,Intercept]",0.0637051003199513,0.13433750401914,-0.0234504060821118,0.154252499687839,-0.111046962147118,0.232902517076756,-0.20096672313723,0.325315558297196
"rel_only","r_wid[w08f65eb,Intercept]",-0.192035517341874,0.176326644660451,-0.309340811080726,-0.0744613940747143,-0.419283961866555,0.0357374894264347,-0.538532785397363,0.152952016800853
"rel_only","r_wid[w0a25e9c,Intercept]",0.309016263697018,0.136854097069752,0.217417329198806,0.401425375869242,0.137742482112707,0.488546851382317,0.0391175768126152,0.575148115199924
"rel_only","r_wid[w0b0ec85,Intercept]",0.0291352866409564,0.218560724351201,-0.118083707592044,0.174045507352209,-0.257164740118371,0.305622401928254,-0.387997218416601,0.459798840008059
"rel_only","r_wid[w0b3246f,Intercept]",0.0483806031716178,0.192040509193427,-0.0801678627219971,0.177091456894337,-0.198956044939498,0.292292644278491,-0.332006229902999,0.428260148669072
"rel_only","r_wid[w0baed73,Intercept]",-0.0337847426893189,0.201528090693821,-0.168519905712736,0.104406049649354,-0.290100509433819,0.221410055211074,-0.434261506701286,0.35368722681854
"rel_only","r_wid[w0c031fe,Intercept]",-0.213976768756783,0.12836401196779,-0.297754599626413,-0.12918621027317,-0.376467968522939,-0.0495129886069053,-0.477728921910249,0.0351545228336833
"rel_only","r_wid[w0d04a41,Intercept]",0.243959945176984,0.192214255178336,0.118691729026144,0.375234223528079,-0.00191028333400638,0.487551126851955,-0.142045600492358,0.619250650803637
"rel_only","r_wid[w0d62ec5,Intercept]",-0.201538278104995,0.175639041830497,-0.317648824130846,-0.0820500536613816,-0.427441943868998,0.0199220448170323,-0.56407879762767,0.131764620988894
"rel_only","r_wid[w0db2e6f,Intercept]",-0.238800321381051,0.189260848306532,-0.36566459905782,-0.11510483062358,-0.480882389741333,0.000465211686595862,-0.612618397173788,0.135978961640272
"rel_only","r_wid[w0ef0b67,Intercept]",-0.0766845906366355,0.195285050638498,-0.208716470762413,0.0526435890618311,-0.324105881341214,0.17612149745711,-0.456962264726514,0.306525472126708
"rel_only","r_wid[w0fd8c2c,Intercept]",0.15020048361885,0.19827312990811,0.0143669171726993,0.286392689737128,-0.0996727592431183,0.407128178731354,-0.239908316831101,0.531662581703396
"rel_only","r_wid[w10f7bc5,Intercept]",-0.171021044785346,0.196729882057567,-0.301967231203322,-0.0395097635546585,-0.421323522242376,0.0786088046270427,-0.559192291930873,0.201736682782621
"rel_only","r_wid[w11538ef,Intercept]",0.131252327690237,0.19989754654144,-0.00565400179327172,0.264518052063949,-0.118544710936809,0.384207949156609,-0.256292649993093,0.52861016039513
"rel_only","r_wid[w117e095,Intercept]",-0.051201290598068,0.191514218817526,-0.183138556243773,0.0765994197485645,-0.293979745845682,0.197740983911393,-0.42565973038706,0.322203541495976
"rel_only","r_wid[w13e388b,Intercept]",-0.0616060363036521,0.196447575236239,-0.199773574314815,0.0708644264413246,-0.313889754427891,0.190954899628092,-0.433239336985682,0.319075295749506
"rel_only","r_wid[w14cb402,Intercept]",-0.484014105429892,0.128255258076217,-0.569975275480474,-0.398817507172729,-0.644259386384546,-0.319727133045517,-0.738355328377179,-0.228963924077585
"rel_only","r_wid[w1571d58,Intercept]",0.217972772134907,0.188649655532486,0.0922933217752981,0.341478492919535,-0.0216509323212311,0.461677280608422,-0.144026659466146,0.595173342320586
"rel_only","r_wid[w1629b0b,Intercept]",0.0225483009757471,0.185735310908151,-0.101838076645747,0.147447101590495,-0.213455159502949,0.258295789989452,-0.33736752332889,0.382821272648383
"rel_only","r_wid[w16b46ff,Intercept]",-0.112316772608841,0.142136656464087,-0.208897620837915,-0.0184280619107163,-0.29064669065618,0.0697283603118679,-0.393748679405679,0.170315539905795
"rel_only","r_wid[w182a5f6,Intercept]",-0.0659630270507206,0.220040537040893,-0.211485436358816,0.0798673398837969,-0.337471945614608,0.213132244372178,-0.506841169715514,0.381506557980308
"rel_only","r_wid[w19d0170,Intercept]",0.145657996924454,0.16473475990563,0.0344633766490936,0.254509100105881,-0.0623784670898265,0.350305997533322,-0.180016999740873,0.472283960892446
"rel_only","r_wid[w1d52e8b,Intercept]",-0.259011443979604,0.133154820828062,-0.346660090293455,-0.16689129177558,-0.432395841575486,-0.0897099896074905,-0.526830491148404,-0.00891805535071606
"rel_only","r_wid[w1d9c2fb,Intercept]",0.248176500752517,0.138897106366722,0.158161637371692,0.33826692843955,0.0760863219297321,0.424809283570354,-0.0310425628007073,0.521666313903986
"rel_only","r_wid[w1eadd53,Intercept]",0.110484952436951,0.137553657463889,0.0184723259374475,0.201929124557474,-0.0676822897499931,0.288304531045593,-0.156040265255499,0.378986460764812
"rel_only","r_wid[w1ef67ab,Intercept]",-0.130459717628456,0.13378323498196,-0.222209313473214,-0.0421744845355833,-0.303846777583731,0.0377478284138158,-0.393451328412783,0.134919822616774
"rel_only","r_wid[w227f955,Intercept]",0.00170025714483016,0.147228067859638,-0.0956290924067061,0.0971245249851393,-0.19000674909032,0.190962819839729,-0.283384381317014,0.287420343296779
"rel_only","r_wid[w245142a,Intercept]",-0.058453469384248,0.190888307881362,-0.182507836637408,0.0665829726364442,-0.299069064386726,0.187143375978053,-0.426027756620928,0.325820963473141
"rel_only","r_wid[w2457106,Intercept]",0.0587052045060099,0.131693063437735,-0.0311530730651771,0.149147415423652,-0.106972747526697,0.22884764300599,-0.196769672645624,0.319534337838057
"rel_only","r_wid[w249e8ce,Intercept]",-0.0213617163601931,0.137143454560734,-0.11767416155084,0.0736932010000294,-0.19923431106687,0.15145967116544,-0.292198981425984,0.242621931316538
"rel_only","r_wid[w277fccf,Intercept]",0.224745489242066,0.193827324248454,0.0877394597247779,0.361820812757125,-0.0276718247764141,0.472506195219274,-0.145887191837948,0.601458964699811
"rel_only","r_wid[w27e1de9,Intercept]",0.183914042731941,0.158839210484041,0.0784989621075538,0.290354189648781,-0.0196230190002008,0.385820951146592,-0.123736673682737,0.496774027985909
"rel_only","r_wid[w2991322,Intercept]",0.163980915829898,0.178901390344914,0.0446138204202821,0.280679757968258,-0.0629689768268933,0.39050832902825,-0.188536406155294,0.521331425263394
"rel_only","r_wid[w299c268,Intercept]",0.39340428861438,0.143149030666175,0.294284772266912,0.490841608036156,0.210612237666041,0.57665016006071,0.117803686627845,0.667889785104098
"rel_only","r_wid[w29ed098,Intercept]",-0.0792710188288748,0.187162908871739,-0.201058838093679,0.0430260884602522,-0.316744624717731,0.16243505845849,-0.457911186166483,0.29231371635421
"rel_only","r_wid[w2a7296e,Intercept]",-0.203882411977274,0.18686347687752,-0.325953986345494,-0.0803858215252089,-0.445947417321614,0.0423539309524647,-0.569244319377408,0.158493644599586
"rel_only","r_wid[w2bc0b21,Intercept]",0.0428392289094964,0.180368535245821,-0.0783735035718776,0.164373031536787,-0.190329101972538,0.270006941576259,-0.309050295674162,0.382203885522186
"rel_only","r_wid[w2c1f2f7,Intercept]",-0.143392060148599,0.186295822680535,-0.269316034716963,-0.017056336285542,-0.378169936431681,0.0937879520662064,-0.512526257348693,0.222074627459754
"rel_only","r_wid[w2c75db7,Intercept]",0.0600449735155195,0.18456932681014,-0.0647545933139805,0.185031419378836,-0.177276922403345,0.294210027023193,-0.306389766737205,0.426357181077092
"rel_only","r_wid[w2cb5760,Intercept]",0.221965021072988,0.258979618639811,0.0501278079377808,0.395860505175685,-0.107193069967658,0.557098763013383,-0.284418073926137,0.730270226920885
"rel_only","r_wid[w3002e39,Intercept]",0.0988067029440979,0.130654854593333,0.0129925741934457,0.188278009024328,-0.0657830857771106,0.260769938516793,-0.168075831523434,0.349960481145618
"rel_only","r_wid[w308aa07,Intercept]",0.0459217325919178,0.207298301430619,-0.092712111598133,0.183073540056445,-0.216859755393238,0.305485044169048,-0.365653854951648,0.458424788717986
"rel_only","r_wid[w30e05e4,Intercept]",0.0237487877308748,0.199222257754583,-0.114052658311001,0.157565059741947,-0.22706146129756,0.283875684220233,-0.362702168414227,0.423239720218039
"rel_only","r_wid[w311c43d,Intercept]",0.0193629007914969,0.128188145743525,-0.0627589705549694,0.105515828456455,-0.141946288457773,0.177207700601569,-0.241846615766531,0.267783111654164
"rel_only","r_wid[w313d7aa,Intercept]",-0.339521579670406,0.182325936576765,-0.460823570918766,-0.214841651190578,-0.575752166329483,-0.100383942342936,-0.70506263206545,0.00385356331001665
"rel_only","r_wid[w31b60c3,Intercept]",-0.00318206550155385,0.178081369298044,-0.122342920381754,0.115710813352812,-0.227708033857942,0.226095520011379,-0.352493632846258,0.340662267932966
"rel_only","r_wid[w3327d2a,Intercept]",-0.04272712709379,0.178954903284885,-0.157306639750898,0.0717931207427519,-0.270137592070641,0.187009698632112,-0.399544134150574,0.302629584086283
"rel_only","r_wid[w35dbe71,Intercept]",0.266936364147267,0.215101578584977,0.126220835768345,0.406197097713946,-0.00579818604411973,0.544852029775936,-0.142667289422143,0.699483005295887
"rel_only","r_wid[w365c8db,Intercept]",-0.00158143232424604,0.184840722495804,-0.127306006408496,0.127867058761021,-0.231944789297539,0.237961487405075,-0.36564535670774,0.354560985933236
"rel_only","r_wid[w367fa57,Intercept]",-0.0946899073613235,0.139905056986682,-0.187113293345108,0.000273983642896887,-0.273702376400715,0.0850780597845609,-0.372343715098756,0.180878389648761
"rel_only","r_wid[w36b3d2f,Intercept]",0.357293956657927,0.203041366700257,0.220248861539108,0.487534457718076,0.101833495481846,0.617699930751646,-0.036489060914381,0.768427286624823
"rel_only","r_wid[w383e1fe,Intercept]",-0.0345080912162946,0.192863160039064,-0.164735085535303,0.0998684093187301,-0.28090813527486,0.208999965174417,-0.418110389186014,0.32793596169642
"rel_only","r_wid[w38a9dbf,Intercept]",-0.0797354073156946,0.138642658881018,-0.173741205700422,0.00901757855315732,-0.25120058453254,0.101528798152485,-0.343766784906035,0.195495519246198
"rel_only","r_wid[w397496b,Intercept]",0.46454473853036,0.141843537024638,0.36584627126858,0.557497418020632,0.283427063624539,0.648069032460657,0.199424042179216,0.751485886612597
"rel_only","r_wid[w3acba24,Intercept]",0.261746663578622,0.133870912522734,0.170771578895718,0.353607171590732,0.0917506044351556,0.43478514284011,-0.000871333262480826,0.516311173767597
"rel_only","r_wid[w3b16ba3,Intercept]",-0.0422699366825397,0.1874954636196,-0.167765947267206,0.0821324061446349,-0.280880332736769,0.199658136109259,-0.401907536694314,0.328662596083084
"rel_only","r_wid[w3c1c747,Intercept]",-0.148485882391518,0.135024294338007,-0.238434799742519,-0.0570959812062273,-0.325365617904907,0.0207048157922512,-0.421857086228827,0.107947463412682
"rel_only","r_wid[w3c538ad,Intercept]",-0.2317112754528,0.198051854110859,-0.359966499048573,-0.0954494886330554,-0.492756459327562,0.0212701141089385,-0.623036687140181,0.145143297768604
"rel_only","r_wid[w3d5caa9,Intercept]",0.182984794426124,0.206052177785739,0.0489509202109138,0.317685235851013,-0.0859244492995127,0.444732475238223,-0.225819424994127,0.595511153210202
"rel_only","r_wid[w3f5fa74,Intercept]",0.0835593582833094,0.128126494308282,-0.00150141585358822,0.171338326060904,-0.0835284183572621,0.24201006816924,-0.170904868156385,0.331346758796137
"rel_only","r_wid[w3fb3b5b,Intercept]",0.117426369145964,0.135878188188316,0.0235934233641391,0.207168267545902,-0.056168453497616,0.290036383426312,-0.136420828915077,0.381194386559719
"rel_only","r_wid[w3fc2d2c,Intercept]",0.183088463707385,0.201106055663195,0.0525011751551754,0.314822241716155,-0.0695787042987493,0.437865274070324,-0.21547363522378,0.576246478665128
"rel_only","r_wid[w3fdf5b1,Intercept]",0.223730575398413,0.180512503578637,0.102471688323628,0.344506507827818,-0.0113863857208891,0.454807051284435,-0.128765428513048,0.57256472740544
"rel_only","r_wid[w409b474,Intercept]",-0.208070524440546,0.186889265922645,-0.332489784769566,-0.0877728696945013,-0.442409565713957,0.0317117313341927,-0.575957247228556,0.159815314022707
"rel_only","r_wid[w4400cbf,Intercept]",0.302875835380332,0.182513551578629,0.182770935597212,0.421709331794465,0.0629015003661241,0.535545314909247,-0.0462312272524855,0.666792339292594
"rel_only","r_wid[w44c6cc9,Intercept]",0.186064642063575,0.201357385614741,0.0470340314157799,0.321408242051132,-0.0702353471504707,0.443856075751384,-0.206605782711019,0.598461337679128
"rel_only","r_wid[w44f5ace,Intercept]",-0.254686834110301,0.194537187031105,-0.381646285760725,-0.12389298605458,-0.504327420912236,-0.00635624610439091,-0.63767795918544,0.124931610166053
"rel_only","r_wid[w479605b,Intercept]",-0.0557499217190836,0.192784206594255,-0.186934744334679,0.0715421831465765,-0.299247802408385,0.191349387097524,-0.438053449428266,0.332334556970705
"rel_only","r_wid[w496c8be,Intercept]",-0.370885727512655,0.220649411722056,-0.516096338228962,-0.222279466983811,-0.659649061239938,-0.0927840973701452,-0.80641826986469,0.0574018926413766
"rel_only","r_wid[w49d88d0,Intercept]",-0.0339686057803467,0.136004882400841,-0.12270758377344,0.0584509284929872,-0.211464805535871,0.135033413676545,-0.308304839961451,0.229960123520874
"rel_only","r_wid[w4a66ba2,Intercept]",-0.443688388066188,0.148211793342411,-0.543617923843887,-0.338835311721152,-0.63603563501271,-0.259377306604112,-0.737724759369634,-0.158073642658223
"rel_only","r_wid[w4a907eb,Intercept]",-0.0595047872017388,0.123938403639836,-0.143028801176258,0.0221387756997105,-0.218279439857663,0.0991698898800096,-0.302589319792288,0.186506180522477
"rel_only","r_wid[w4b6424d,Intercept]",0.271579100655328,0.136533004835181,0.177986297531563,0.362348101939725,0.0981998361481726,0.447293159030203,0.00523908957568398,0.547471460333547
"rel_only","r_wid[w4bf9dec,Intercept]",0.0661388165166122,0.176963594662308,-0.0514694359868203,0.185741082873125,-0.161381367363635,0.296150346629366,-0.281951595743544,0.411507387141944
"rel_only","r_wid[w4c2a923,Intercept]",-0.301105416030565,0.13386383184932,-0.390987808996042,-0.210846775208575,-0.466432870149543,-0.130156160668097,-0.569103890845545,-0.0373350227441318
"rel_only","r_wid[w4cc863f,Intercept]",0.313335584763014,0.158704287547046,0.206192095247735,0.416546645478365,0.116521882434623,0.511973416396359,0.00429953518738517,0.64089754459687
"rel_only","r_wid[w4ccf510,Intercept]",0.278440820877151,0.1378243195482,0.186708404319652,0.367541168470086,0.107607486854215,0.452087342817086,0.00765590288495262,0.553806977534629
"rel_only","r_wid[w4db7ccb,Intercept]",0.0651476436948912,0.149446477635743,-0.0325802422268487,0.160498828563566,-0.117519536595928,0.255118630195212,-0.237114151186862,0.371092398953734
"rel_only","r_wid[w4dce7b5,Intercept]",-0.118753544931892,0.211691952169746,-0.265145135018684,0.0264025727186394,-0.392482988361555,0.152755065394573,-0.526414147784054,0.299420307912366
"rel_only","r_wid[w4dd7b34,Intercept]",-0.128617339732094,0.127684358684284,-0.214690078570724,-0.0445076652117322,-0.292577203084425,0.0362186213262185,-0.374791771192862,0.128977950334871
"rel_only","r_wid[w4ed0320,Intercept]",-0.0839484579997765,0.198663804843234,-0.213314664900954,0.0446585086349727,-0.339551690559347,0.166396276598097,-0.470857128900859,0.310165623707905
"rel_only","r_wid[w504748f,Intercept]",0.508565455999109,0.137871341117337,0.416602308095192,0.599670161884445,0.334242715218399,0.689917996582314,0.242096740119069,0.778406146179312
"rel_only","r_wid[w5092120,Intercept]",-0.0551965299186115,0.1794733830988,-0.177760865473317,0.0659810307567841,-0.278383028915809,0.172862854710457,-0.400838842592725,0.285701893044215
"rel_only","r_wid[w50c12e5,Intercept]",0.119318350955923,0.17754911334063,-0.00197126987181713,0.238204196879778,-0.113030069392736,0.347724055703352,-0.226020412811404,0.458975468943118
"rel_only","r_wid[w51664f0,Intercept]",0.0515939125653061,0.206375890052998,-0.087448095506764,0.191974269121774,-0.208442603820886,0.313729745951641,-0.356505768609134,0.45715645774857
"rel_only","r_wid[w53209bb,Intercept]",-0.0955878100521827,0.127008000489443,-0.178960280995403,-0.00969156001380065,-0.259042765731937,0.0642195894983914,-0.350246318140586,0.14408863137944
"rel_only","r_wid[w53b40c8,Intercept]",-0.302417205250573,0.182624275072234,-0.420378071794041,-0.181457769067793,-0.537963932890095,-0.0700729583739184,-0.656171861997833,0.0561978620684592
"rel_only","r_wid[w54c2956,Intercept]",-0.17526537258586,0.135659619846635,-0.265797039977557,-0.0824367415318986,-0.351219353617404,-0.00243626005583994,-0.445857064724871,0.0895285990997801
"rel_only","r_wid[w5685230,Intercept]",0.111419338808979,0.184416230267318,-0.0110430769178367,0.230822247365298,-0.11994576008656,0.343902462893488,-0.256604423265879,0.485400393323366
"rel_only","r_wid[w56b42b0,Intercept]",0.0460629592679985,0.184281033572528,-0.0764107529584824,0.165556993656814,-0.183018313045524,0.287508637531551,-0.307804611057753,0.406780256414969
"rel_only","r_wid[w580c449,Intercept]",0.0934187762618744,0.176807959410731,-0.0279511708163452,0.212834781245612,-0.133433755009258,0.315992786090294,-0.249822541120655,0.447019933458341
"rel_only","r_wid[w593f4a8,Intercept]",-0.101536739304805,0.206523387155135,-0.241078986400391,0.03732791478124,-0.364640926600018,0.159529322729882,-0.501468058674689,0.307632943787527
"rel_only","r_wid[w59b3a22,Intercept]",0.488902780877959,0.152263770061291,0.385358271924405,0.592779296917521,0.297398651512576,0.682059082213604,0.191658525660041,0.797194158241609
"rel_only","r_wid[w59c9d33,Intercept]",0.120137192150137,0.138702580380003,0.0308916355008266,0.20638561725711,-0.0524675561961548,0.295502017661085,-0.151125312079243,0.400960231444513
"rel_only","r_wid[w5ab5786,Intercept]",-0.149753456964151,0.189799606196869,-0.274786683082797,-0.0181148645647264,-0.39431587128736,0.0869161819302907,-0.523772560305035,0.220347959892168
"rel_only","r_wid[w5d6df14,Intercept]",0.501973009086309,0.136246149190694,0.407857559162987,0.593333609145694,0.329084472093053,0.676329188752055,0.243954313085698,0.770354306890656
"rel_only","r_wid[w5ec388a,Intercept]",-0.118641919315361,0.230308091389087,-0.274640088926944,0.0383894961896125,-0.418667983126612,0.177167915053668,-0.566255320315868,0.326960588777967
"rel_only","r_wid[w5f010fa,Intercept]",0.127284536603537,0.204262658502098,-0.0012597906763102,0.25994037287496,-0.130889195495423,0.373946702955095,-0.292829437988863,0.538922143142706
"rel_only","r_wid[w5f68d79,Intercept]",0.19080307571037,0.189154273139934,0.0621672734501803,0.318798016370249,-0.0463258900841407,0.427850271616505,-0.176093892382615,0.564608108729414
"rel_only","r_wid[w5fb19e8,Intercept]",0.132369522840203,0.181254593817848,0.0122368714158429,0.251690057997594,-0.0995012885717371,0.360371901010299,-0.230347080612077,0.491300951183776
"rel_only","r_wid[w601970c,Intercept]",-0.0463877949716471,0.19356933740855,-0.180693618083613,0.0841275460382985,-0.290193802727518,0.20499841146456,-0.397835781300637,0.33291728677719
"rel_only","r_wid[w605fd50,Intercept]",0.0877175030992594,0.181218154717314,-0.0302415121466735,0.209143038787961,-0.147372936865186,0.313908504466318,-0.26738814777558,0.44265584173621
"rel_only","r_wid[w60e6ea8,Intercept]",-0.0675835219028589,0.178250468737223,-0.189175910746919,0.0527799043698755,-0.297860400010011,0.160369342962765,-0.415246731322313,0.273214260941601
"rel_only","r_wid[w610dd08,Intercept]",-0.110616104533517,0.189968600086125,-0.242181992488603,0.0180692057197759,-0.35241993695968,0.134361972788219,-0.482346645337196,0.266652772977788
"rel_only","r_wid[w612200e,Intercept]",-0.770567061655237,0.14627908177389,-0.871060303344939,-0.669946179812279,-0.956607216045262,-0.584318130313418,-1.05578286103284,-0.490612439846865
"rel_only","r_wid[w61b360a,Intercept]",0.26642578563003,0.131393335888916,0.177089629771369,0.352900366850709,0.09912418163148,0.435141153024143,0.0160436597270809,0.534477695257453
"rel_only","r_wid[w63ea659,Intercept]",-0.322605166899674,0.19122512336099,-0.45032429724002,-0.194560200409053,-0.566373757779951,-0.0820071990879402,-0.698502547244016,0.0478075109371956
"rel_only","r_wid[w6849aab,Intercept]",0.443286088405708,0.132929219475888,0.35317009410551,0.532474551416931,0.271587638936499,0.613940396194891,0.184525638249263,0.69821295301142
"rel_only","r_wid[w6870249,Intercept]",-0.322810725936307,0.139788814252905,-0.417183755779754,-0.228957112909482,-0.500553727341589,-0.143757657318929,-0.598990193715617,-0.0493054943352613
"rel_only","r_wid[w68730bb,Intercept]",-0.161142595094192,0.19578847712505,-0.290930790690573,-0.0335117693172469,-0.409416300508648,0.0885032295949702,-0.549940110270591,0.234044838087002
"rel_only","r_wid[w68e5aed,Intercept]",-0.458995017608755,0.135373929287205,-0.544201931431565,-0.368621890959552,-0.634218327116686,-0.287308271315295,-0.734649530985709,-0.201204872027458
"rel_only","r_wid[w6a59bb5,Intercept]",-0.0325253541699237,0.143716159991634,-0.127958887805965,0.06669297285521,-0.216599067516382,0.151109851977502,-0.315007440185361,0.246084548012015
"rel_only","r_wid[w6bec3e7,Intercept]",0.0178887612978771,0.192840144404995,-0.115286519643332,0.146961772234874,-0.226519717635564,0.270924446273349,-0.348143926368759,0.399962832368353
"rel_only","r_wid[w6cbe87c,Intercept]",-0.346379234717297,0.125839694596088,-0.42973439627154,-0.265725301341544,-0.508763910409692,-0.189274127331629,-0.600122609762742,-0.100091089591417
"rel_only","r_wid[w6dd030e,Intercept]",0.333302405101707,0.202623444881663,0.19770014226151,0.469174833617052,0.0741984573553664,0.589155379837032,-0.0514427134797004,0.735309426623236
"rel_only","r_wid[w6ea0c26,Intercept]",0.0625076347094698,0.182299336011846,-0.0586237992158597,0.18577496272393,-0.173678531424221,0.300052213352934,-0.290905253068235,0.417272111432265
"rel_only","r_wid[w6eb92cc,Intercept]",-0.228086205427919,0.157376992349051,-0.333876405470536,-0.124437322028517,-0.430143191293884,-0.0298709802827842,-0.539080381212652,0.0822475117358209
"rel_only","r_wid[w7232115,Intercept]",0.0803661063526944,0.198049159966877,-0.0551297759875828,0.214227705645867,-0.173567657998419,0.3390297780981,-0.302965473803435,0.472679178757918
"rel_only","r_wid[w737e6e4,Intercept]",-0.0591569091117404,0.179795114775192,-0.177371803156754,0.0603297781900354,-0.286748572390335,0.167828522580364,-0.421800964092523,0.301042351690973
"rel_only","r_wid[w768a02c,Intercept]",-0.0880650287511072,0.193243755939267,-0.21622891501006,0.0410483054837711,-0.335588035883225,0.16197916401093,-0.464290223956032,0.295972946551103
"rel_only","r_wid[w77b72cf,Intercept]",0.260931633104303,0.131353145255138,0.171861486822445,0.350281614056096,0.0932133331900333,0.431681398721124,-0.00125677345536917,0.514098873532093
"rel_only","r_wid[w7800d0f,Intercept]",-0.426441027961241,0.135863803280943,-0.515806699576734,-0.334492672892866,-0.602797054264604,-0.253615006140533,-0.700218495730229,-0.166832407338889
"rel_only","r_wid[w786d2f3,Intercept]",0.190304037756199,0.136445112440051,0.100401139215301,0.280729399460398,0.0148723237500306,0.364612737524752,-0.0797369881387322,0.456096288483287
"rel_only","r_wid[w7a2af65,Intercept]",-0.0128491063380789,0.143237820373048,-0.108870085660256,0.082557959458044,-0.190469190954361,0.169017056220696,-0.294951235212215,0.275480813277515
"rel_only","r_wid[w7a38a77,Intercept]",-0.247337796755661,0.133055057806592,-0.335579391652652,-0.156764664165063,-0.41912267531951,-0.0791220451468822,-0.513824060195627,0.00740446837765845
"rel_only","r_wid[w7bfe168,Intercept]",0.0905101652191451,0.152731913710063,-0.0117554377672925,0.192098496247846,-0.104963367737553,0.284723431178215,-0.205393975723255,0.396488499094671
"rel_only","r_wid[w7dbf1a9,Intercept]",0.065657791233615,0.129716834826411,-0.0242858787561635,0.152976306440422,-0.100219892031235,0.23221217914372,-0.186609088329609,0.320508488706151
"rel_only","r_wid[w7f5e428,Intercept]",-0.124834234508942,0.13380224144264,-0.215829425953011,-0.0367616474501325,-0.291605543892181,0.0474768739969835,-0.388358978758121,0.142685662231948
"rel_only","r_wid[w7f90916,Intercept]",0.0451115641056097,0.191673421249751,-0.0820768080430144,0.175388666644051,-0.206072776172761,0.287009408037494,-0.337035058272507,0.423709866684732
"rel_only","r_wid[w82f4ec0,Intercept]",0.354361690681319,0.134947139161861,0.261850239451848,0.44590972562476,0.182311412748089,0.523126515665944,0.0885279159628336,0.616130361156923
"rel_only","r_wid[w8363ab3,Intercept]",-0.63756189103358,0.142861912301363,-0.730546235836907,-0.538479146495835,-0.822137426070624,-0.458053394849922,-0.929136260592996,-0.374270292866383
"rel_only","r_wid[w83687da,Intercept]",-0.0635985658671425,0.142957029335869,-0.159383637824692,0.0249941590259081,-0.245561135890682,0.113253200217722,-0.33423148132512,0.235802303427956
"rel_only","r_wid[w8843fd3,Intercept]",-0.056491321611296,0.132872062404473,-0.146213670192581,0.0315909722062284,-0.226369770378782,0.113460977166769,-0.322509658466853,0.202820054736925
"rel_only","r_wid[w88c84d1,Intercept]",-0.166328058298596,0.12862353536168,-0.251257895852199,-0.0791926412002663,-0.328515972919236,-0.000877706980190017,-0.426384520353242,0.0853143753211204
"rel_only","r_wid[w88e738d,Intercept]",0.201244161784495,0.143265965792048,0.103735357048282,0.29369231736734,0.0215032119065438,0.388852443243791,-0.067511490587307,0.493587345332594
"rel_only","r_wid[w896f77a,Intercept]",0.0528620429279889,0.19675959071315,-0.0779862186546975,0.178151044218256,-0.189374748010901,0.304174559296425,-0.337514029732243,0.443607916115545
"rel_only","r_wid[w8d745f1,Intercept]",0.415249471066187,0.18628976425626,0.289764321311715,0.54097574559991,0.179429832647438,0.655424484296189,0.0487831243744772,0.779571281846935
"rel_only","r_wid[w8de3f64,Intercept]",0.0589432395023214,0.136283234032348,-0.0320681116749561,0.148715919822202,-0.115853097314318,0.236855367571509,-0.203793807523075,0.330071180782694
"rel_only","r_wid[w8e07aa1,Intercept]",-8.9558744527777e-05,0.138761584352865,-0.0921897023056036,0.0953262891530636,-0.174728447694241,0.177877419146419,-0.261441524983681,0.277344457131189
"rel_only","r_wid[w8efa7d8,Intercept]",-0.804831953621483,0.190479402076504,-0.938375818836209,-0.672792099268859,-1.04964437393892,-0.562094228593767,-1.17689406678004,-0.44001108307138
"rel_only","r_wid[w9051394,Intercept]",0.0732044235220202,0.186329292756371,-0.051869581497962,0.194534177242699,-0.166611047767022,0.314652828319698,-0.289514266930529,0.436580194486692
"rel_only","r_wid[w90f4896,Intercept]",0.0460458254921198,0.180927400158705,-0.0816181483897087,0.174141780869128,-0.183192922301692,0.271706950261149,-0.298886445570157,0.396046545272064
"rel_only","r_wid[w9173175,Intercept]",0.0284509794619076,0.127550366680458,-0.0570113000014359,0.113535983516167,-0.134838601095902,0.19238783889046,-0.222148584348038,0.277837867218347
"rel_only","r_wid[w9182e0b,Intercept]",-0.132265115159253,0.142453781640048,-0.224903078586109,-0.0357998386663171,-0.318888447157112,0.0512547409712217,-0.41437892875473,0.134769222771949
"rel_only","r_wid[w924a500,Intercept]",0.251160796948009,0.199201707067173,0.120349495227698,0.377733686201914,-0.000779691949073946,0.508490248194595,-0.136004432270594,0.653363158733384
"rel_only","r_wid[w941cd9f,Intercept]",-0.200469202584446,0.135947539039259,-0.294634624219191,-0.108676331412114,-0.371433222829212,-0.0262972871612949,-0.468184223843628,0.0551403621782179
"rel_only","r_wid[w95167ae,Intercept]",0.00103597812376639,0.137404168061705,-0.0921880037312566,0.0903776467412158,-0.175900881647002,0.177029829679746,-0.260906794076542,0.274979227968402
"rel_only","r_wid[w960c4a6,Intercept]",0.0581429643828098,0.137781070090274,-0.0357602466453585,0.149867661368855,-0.115334453984294,0.232636859193624,-0.207755027254381,0.337439162207213
"rel_only","r_wid[w962c662,Intercept]",-0.239739418413266,0.187923277760701,-0.366896219799289,-0.113465704086991,-0.483498297152951,0.000996763712231437,-0.609906538963085,0.127505649778127
"rel_only","r_wid[w9a08173,Intercept]",0.0100474382161026,0.138313494962841,-0.0808431902483684,0.0985679700115804,-0.168068051398454,0.188516393555903,-0.264847286792593,0.279586040011975
"rel_only","r_wid[w9a0bd8d,Intercept]",-0.319532218648191,0.137997653352009,-0.410156951818383,-0.225113028212519,-0.498263529211989,-0.143218790650956,-0.599217363952708,-0.0538757619796464
"rel_only","r_wid[w9b641f6,Intercept]",0.340277406772078,0.141815596998427,0.246739965244863,0.434958994073503,0.161124031439829,0.52323278953997,0.0563062387463486,0.620230648893682
"rel_only","r_wid[w9b9abef,Intercept]",0.382853376296227,0.143519004030984,0.28665760337558,0.478193853422915,0.201498989652805,0.568388722415918,0.0960442995842089,0.666711694643759
"rel_only","r_wid[w9bde09f,Intercept]",0.578039656262691,0.137175383723516,0.491824978199917,0.664247948335288,0.405661938160354,0.751368160440332,0.306427934337505,0.861150923228877
"rel_only","r_wid[w9cf2bd7,Intercept]",-0.139393908543195,0.126110532647266,-0.223528710262915,-0.0539509195804004,-0.299500464146941,0.0231135120187547,-0.388880398396041,0.10150934151211
"rel_only","r_wid[w9f7c438,Intercept]",0.13334670447197,0.193899595043477,-0.000896386510153228,0.265147111661591,-0.109002111472173,0.385847880520282,-0.23926844405395,0.51736883616584
"rel_only","r_wid[wa022482,Intercept]",-0.495733132877568,0.136256220025049,-0.584741252041099,-0.403992124020253,-0.674729561510104,-0.324666180396887,-0.765576341315648,-0.23548309034584
"rel_only","r_wid[wa136b3d,Intercept]",0.134746038218462,0.132297037957157,0.049295739013047,0.222215248602161,-0.0341569874481681,0.299052793390986,-0.123585822487109,0.39797404407143
"rel_only","r_wid[wa1909e0,Intercept]",-0.156359056532464,0.146375143211085,-0.24646410170689,-0.0576783715126644,-0.342586475604072,0.026808539734888,-0.463559788683707,0.117948477099478
"rel_only","r_wid[wa1a03f2,Intercept]",0.206710277037127,0.129640715108247,0.118205762530474,0.294510224467123,0.0410938978384396,0.370384064933364,-0.0448382580383185,0.467177659372193
"rel_only","r_wid[wa4fe3e4,Intercept]",-0.314668719574509,0.139365598486726,-0.408540518922297,-0.223086276227754,-0.493828080321696,-0.137081828830075,-0.58841195417311,-0.0345432641230179
"rel_only","r_wid[wa5817fc,Intercept]",-0.0597500576072503,0.134991003546802,-0.147729822102103,0.0272997214244407,-0.233426932332613,0.109998344741398,-0.325081194408276,0.203247535911859
"rel_only","r_wid[wa6daa50,Intercept]",-0.318042378358016,0.187437867083756,-0.442732390722803,-0.193553299543944,-0.556804124914485,-0.0828502865691727,-0.699673779319364,0.0460544865329023
"rel_only","r_wid[wa79cf20,Intercept]",-0.00354365461882301,0.179753916924357,-0.121986914199253,0.113219645271364,-0.229296340185798,0.225172517850183,-0.361928053782358,0.358420173487605
"rel_only","r_wid[wab226bf,Intercept]",0.057211332674578,0.183920905483979,-0.0674441592476448,0.177737442798363,-0.179364064482345,0.293767653154231,-0.292333345499504,0.424305830815472
"rel_only","r_wid[wab70ec3,Intercept]",0.085668145127574,0.130414898788752,-0.00275153239211735,0.173465670641976,-0.0824419371544733,0.253440670729382,-0.168303510248125,0.342392799333178
"rel_only","r_wid[wace8728,Intercept]",0.0520585456707109,0.186239055689102,-0.0733728023178015,0.177278608941772,-0.186485323884212,0.28464442758883,-0.305492376405319,0.429921344896253
"rel_only","r_wid[wad32437,Intercept]",-0.421465890333791,0.178569251437463,-0.543522086951755,-0.298509212877149,-0.651222120714888,-0.194255565833444,-0.780175430819068,-0.0822335000239647
"rel_only","r_wid[waf52734,Intercept]",0.383470977270075,0.14357854315143,0.290098159258307,0.475631851040591,0.200083591575613,0.562109867364554,0.104604188116869,0.670676851457005
"rel_only","r_wid[waf9be39,Intercept]",0.0308872316882509,0.142765840906786,-0.0637388228171286,0.121369897021162,-0.144542117597848,0.213427772350576,-0.248914342614395,0.317408773979452
"rel_only","r_wid[wafacea9,Intercept]",0.239034454570669,0.241815841605398,0.0797369541457218,0.399053070573352,-0.0674401530690207,0.550186575560188,-0.237995424462384,0.720349091797026
"rel_only","r_wid[wb0b75c3,Intercept]",0.0529606981074127,0.193843884211666,-0.0741020868619029,0.179870192588338,-0.190882134642109,0.302456849924305,-0.330206945292584,0.439099230862608
"rel_only","r_wid[wb2d9807,Intercept]",0.0925281672981535,0.210024528359019,-0.0504008794096122,0.237345975185899,-0.173102529962322,0.360450749001962,-0.309275338594359,0.498171023932555
"rel_only","r_wid[wb361f36,Intercept]",-0.497387004355933,0.134386969133129,-0.589807448600049,-0.405161822519318,-0.667440091345922,-0.328611934525091,-0.760696178858541,-0.238272488467048
"rel_only","r_wid[wb56c2d3,Intercept]",-0.395058997650259,0.18299868489664,-0.515201884765973,-0.26992634740624,-0.635242239612231,-0.165420853530496,-0.761361770202456,-0.0422315528434112
"rel_only","r_wid[wb5c4def,Intercept]",0.133679833771632,0.138496151541434,0.0432027757377743,0.225635921660576,-0.0431455571171105,0.316649063530324,-0.132783796485272,0.401704032112499
"rel_only","r_wid[wb6ad69e,Intercept]",0.419565896019865,0.143735905495649,0.323247228065723,0.514507701029154,0.238082750741229,0.600667321313521,0.13872854517141,0.714084537867066
"rel_only","r_wid[wb772565,Intercept]",-0.185022451674119,0.19132028771817,-0.318001702149021,-0.056346539799988,-0.426172861205033,0.05489920789286,-0.554755038436245,0.192035186792823
"rel_only","r_wid[wb85c4ff,Intercept]",-0.356126436535381,0.129467200688996,-0.441516851437566,-0.267791085152515,-0.521207786327584,-0.190124439301084,-0.614105909533771,-0.109872096668687
"rel_only","r_wid[wb8feabb,Intercept]",-0.223147124258389,0.134562413697857,-0.311967051843891,-0.135433648081007,-0.394469384322276,-0.0518105735858338,-0.482753937689615,0.0439029841324171
"rel_only","r_wid[wb966154,Intercept]",-0.0295099944835772,0.135765565147827,-0.121468697274775,0.059584786865514,-0.199850756004606,0.147266979269473,-0.296264816997021,0.238241816629694
"rel_only","r_wid[wbb74717,Intercept]",0.06651737188801,0.13064951696182,-0.020581361163192,0.15271610684219,-0.100176900865761,0.229749716180797,-0.19648804931483,0.323090640954449
"rel_only","r_wid[wbc79189,Intercept]",-0.118320791623485,0.182361256092679,-0.241045024646716,0.0064208813748774,-0.349692599239531,0.111712040578115,-0.471852350605935,0.244568361895925
"rel_only","r_wid[wbd0314c,Intercept]",0.173765898098488,0.132584668655854,0.0878867197254678,0.260280281496924,0.00447316794798164,0.340146726019855,-0.0822391866032674,0.441336297469256
"rel_only","r_wid[wbe2faf8,Intercept]",-0.100685857917785,0.140339671999057,-0.194161636700504,-0.00726424411857446,-0.280744385444657,0.0735847024748584,-0.368520861623777,0.173027884320157
"rel_only","r_wid[wbe569b5,Intercept]",-0.187585337889942,0.189210068394545,-0.313637130526936,-0.0581850142729773,-0.428056040443192,0.0539649460759506,-0.553050095396563,0.177304840983568
"rel_only","r_wid[wbe9243a,Intercept]",0.0544400673509178,0.203929342235182,-0.0789208047746766,0.189579156935629,-0.205037410664337,0.309151000861872,-0.360835691499079,0.448924299540861
"rel_only","r_wid[wbf1c81e,Intercept]",-0.317758647096298,0.13736248913233,-0.408985464829849,-0.22567092611211,-0.489993877560214,-0.143289046996233,-0.592787795766474,-0.0516142078037567
"rel_only","r_wid[wc097323,Intercept]",-0.169717764094651,0.192484738452162,-0.296102334753882,-0.0412181682354827,-0.416465557750839,0.0758645092038425,-0.552304038962377,0.196638575994705
"rel_only","r_wid[wc0a4260,Intercept]",-0.0801990701499213,0.183328820096015,-0.20554003120322,0.045452469172458,-0.311415358473224,0.15323031222237,-0.428501549806913,0.285343773396963
"rel_only","r_wid[wc16f522,Intercept]",0.0228322733172091,0.144196738003163,-0.077510644191631,0.121158916435053,-0.161094619770628,0.210887964416763,-0.252235503329321,0.299087541485722
"rel_only","r_wid[wc263e54,Intercept]",0.260763080166645,0.141394790854214,0.163965370333432,0.351911365594516,0.0842630184114643,0.443074559203326,-0.0129831759452851,0.549820047587002
"rel_only","r_wid[wc294ae3,Intercept]",0.0495869957268719,0.174270010939437,-0.0672019802303513,0.165844580990208,-0.168954197979727,0.27087859232938,-0.294213895343703,0.396995806219004
"rel_only","r_wid[wc43fbaa,Intercept]",0.408866852626106,0.190681263417676,0.278126908109895,0.539180122290881,0.168708895595476,0.65167594180295,0.0425501628391481,0.790975161509547
"rel_only","r_wid[wc4c38a3,Intercept]",-0.0842749991933398,0.13895915179902,-0.179078155388851,0.0101892427274521,-0.263237480442188,0.0977024394953276,-0.353495727374748,0.190140561154118
"rel_only","r_wid[wc512962,Intercept]",-0.0874919456235398,0.148374677904198,-0.187890773366794,0.00914779923311101,-0.276906477114561,0.0999349113512622,-0.379268337153242,0.209240174493209
"rel_only","r_wid[wc54132b,Intercept]",0.199892778253993,0.127183468838277,0.115750990783498,0.283936306774522,0.0361926373405802,0.365900701343114,-0.0472220280662053,0.458315300771581
"rel_only","r_wid[wc55b6c8,Intercept]",0.279454643574371,0.140648189393878,0.185324592701797,0.369221876802867,0.102509959169932,0.457587121917315,0.00990144968547914,0.561872485205898
"rel_only","r_wid[wc628bde,Intercept]",0.0560513387185515,0.133439814578554,-0.0317298537051229,0.144756486839161,-0.114120710461676,0.225849881339847,-0.198864063208555,0.325062945857662
"rel_only","r_wid[wc6f0e84,Intercept]",0.00988485513350228,0.182672694108079,-0.110754262032897,0.128427280771582,-0.223257028666784,0.24652433027495,-0.340667427302615,0.372703601894641
"rel_only","r_wid[wc73f4d8,Intercept]",0.0414320735653728,0.199577865462218,-0.0908836419774702,0.169552573814876,-0.207990254725773,0.294757214013702,-0.343685278802253,0.450709503985787
"rel_only","r_wid[wc8b5d36,Intercept]",-0.113609262545101,0.182435362922901,-0.231511100789805,0.00696755708280166,-0.343970592810206,0.119279463871956,-0.475460652017433,0.243820954594069
"rel_only","r_wid[wcc033bc,Intercept]",0.0228743850620744,0.207019036334757,-0.117144907696996,0.160076061145032,-0.240007744736332,0.284649025476393,-0.390086442479919,0.431884721349626
"rel_only","r_wid[wcc15547,Intercept]",-0.141830571406355,0.182434758171056,-0.258893343263107,-0.0180454542136072,-0.374795149761067,0.0941258151427681,-0.504630464591069,0.219454624649807
"rel_only","r_wid[wcc4ec90,Intercept]",0.107847443492153,0.13587063912763,0.0171511068340656,0.19935755284764,-0.066587938102791,0.283580522968163,-0.156329348399624,0.371063537258464
"rel_only","r_wid[wcd98054,Intercept]",0.218430914239185,0.143274910834753,0.118462132536721,0.31631425419065,0.0350704502634641,0.39665924226231,-0.0591284533211553,0.503516760778193
"rel_only","r_wid[wd0724cf,Intercept]",0.0953628306053786,0.186512442350543,-0.024869669373249,0.217552871945188,-0.139055161512177,0.333617431525155,-0.265055562174145,0.472916855451016
"rel_only","r_wid[wd07cb72,Intercept]",-0.317032688779889,0.200818981448894,-0.445654921498362,-0.189616708381106,-0.56664909918176,-0.0694357282417497,-0.729428269896062,0.088554307106811
"rel_only","r_wid[wd20dd5c,Intercept]",-0.17792558894148,0.13817972770307,-0.269777538098878,-0.0839886483941306,-0.354387249344413,0.000271648471634716,-0.44855460819507,0.0966127518695947
"rel_only","r_wid[wd238f0c,Intercept]",-0.0742361456047541,0.145762140215923,-0.16957684118597,0.0236369322001207,-0.264743841486921,0.107842001282664,-0.363338744730286,0.202940418339301
"rel_only","r_wid[wd47555e,Intercept]",0.120059378632216,0.191656738567008,-0.00909438067668343,0.246498674749491,-0.122013578263004,0.363185435206844,-0.251257215096124,0.50550319423314
"rel_only","r_wid[wdab535b,Intercept]",-0.145791337889576,0.19117150970129,-0.273191487696438,-0.0207573034643645,-0.39446399225784,0.100859886534692,-0.51410258678359,0.232876188035749
"rel_only","r_wid[wdad9375,Intercept]",-0.0281231153566558,0.152369995590208,-0.1240981929376,0.0705961187492022,-0.222435979997791,0.161876075417265,-0.336208276299305,0.271676346047486
"rel_only","r_wid[wdd486da,Intercept]",-0.387846880005549,0.127889818555607,-0.47278433280565,-0.304752670570245,-0.553799383421104,-0.225775414650178,-0.64148461949573,-0.132905743336242
"rel_only","r_wid[wdde7ef1,Intercept]",-0.194043784837586,0.19288038523454,-0.321612193472768,-0.0643011358990481,-0.436708108714084,0.0499793107293186,-0.574878228411148,0.18477550339679
"rel_only","r_wid[wdea5d27,Intercept]",-0.204154581394583,0.126860204178432,-0.288174202441813,-0.119116167222561,-0.369311503112856,-0.0417150539829336,-0.453107344088953,0.0421556056440312
"rel_only","r_wid[wdfdc927,Intercept]",0.141952777311798,0.187841023774608,0.0221581445906799,0.268447653974339,-0.100045887771589,0.376312163427027,-0.228105674504912,0.515691424369023
"rel_only","r_wid[we10d2c6,Intercept]",0.203154651682465,0.203831511675938,0.0692966044410347,0.33856724572069,-0.0495225503474526,0.458029546892542,-0.207779141480845,0.58952424233672
"rel_only","r_wid[we1b8e64,Intercept]",-0.114863926270998,0.198149943362487,-0.244394950222827,0.0194150254193664,-0.367086253550409,0.127249149008598,-0.512827654750276,0.27321251469368
"rel_only","r_wid[we2434bb,Intercept]",0.171059183310791,0.194139355860334,0.0448100259678591,0.299528251956325,-0.0762240040603869,0.418666956447424,-0.220794473625431,0.557261397606122
"rel_only","r_wid[we245fc8,Intercept]",-0.287163709147607,0.13879141992283,-0.381537743689022,-0.193973247947181,-0.465713035107106,-0.112260623234404,-0.556888613665005,-0.0195883653099931
"rel_only","r_wid[we24a9dd,Intercept]",-0.247425304848183,0.128798447574777,-0.334790129556022,-0.16163672083682,-0.411760187898963,-0.0802329248963105,-0.495163612554821,0.00472436931005287
"rel_only","r_wid[we26c55e,Intercept]",0.114706095482593,0.176282828972816,-0.00745363136873634,0.233371723998625,-0.11276833881908,0.333686547645265,-0.220899981696201,0.460812881988378
"rel_only","r_wid[we38f335,Intercept]",0.0348307641484093,0.19010365403716,-0.0901427300903036,0.162500316125357,-0.204569979234118,0.270333108608204,-0.345856544531424,0.410160756044387
"rel_only","r_wid[we39fc55,Intercept]",-0.176362002637715,0.139673443084409,-0.267906136333252,-0.08291864726206,-0.353754810067352,0.000273277468475239,-0.447083036910783,0.102252622697743
"rel_only","r_wid[we40084a,Intercept]",0.541039259109686,0.148455166755072,0.442747342947634,0.638439959054537,0.35525468159285,0.72947427880527,0.248658144821298,0.84051863210582
"rel_only","r_wid[we4edfb4,Intercept]",0.337842293384009,0.138808743273101,0.24577332637465,0.427435307436572,0.164227839631664,0.518107823901569,0.0689833744487604,0.616678161724613
"rel_only","r_wid[we55dec7,Intercept]",-0.120000471754475,0.130606834858204,-0.207297987943257,-0.0286508040862867,-0.288391605891646,0.0466896225970832,-0.37925577407101,0.130256776337904
"rel_only","r_wid[we58a710,Intercept]",-0.277703528511554,0.197639319883214,-0.405968864906697,-0.145790283279998,-0.53174784865039,-0.0264865370792595,-0.680965361194143,0.107416900557499
"rel_only","r_wid[we824ff2,Intercept]",0.145719212657229,0.137112759173319,0.0554910304505938,0.237897823914016,-0.0291685240160299,0.318670467409801,-0.123904127709057,0.406303284083664
"rel_only","r_wid[we83fa8f,Intercept]",0.219170742653728,0.132863062494452,0.129920704867717,0.30466468347296,0.0506033578637721,0.390630817141342,-0.0352539391199476,0.491284332563435
"rel_only","r_wid[we90925d,Intercept]",-0.0523525657226072,0.190202630547973,-0.185003466938725,0.0798624566408995,-0.291356665085753,0.191313433688887,-0.424806922528355,0.312307591615886
"rel_only","r_wid[we9631be,Intercept]",-0.43350694909964,0.193739721397026,-0.565083704397792,-0.300330341939343,-0.6828761534685,-0.183736277281933,-0.816583408562242,-0.0693975991056092
"rel_only","r_wid[we9754da,Intercept]",0.108469807720769,0.13769714757924,0.0171251685908739,0.204197781732813,-0.0640422000379723,0.281291743475204,-0.173195904282056,0.366899033406769
"rel_only","r_wid[wea09e5e,Intercept]",0.201892004484336,0.188978636685832,0.0788104756163061,0.324821598049575,-0.0392435372647326,0.444196323969968,-0.16578722191209,0.572612418439992
"rel_only","r_wid[wea8ef8e,Intercept]",0.115412195873416,0.179058715304931,0.00150833304771936,0.230082040201764,-0.107021402997334,0.340651467492605,-0.24661042252439,0.479304754821527
"rel_only","r_wid[webf5097,Intercept]",0.0381706048435047,0.195292697002853,-0.0932324489360892,0.167935852086072,-0.208538188153289,0.285341625798157,-0.352584866301626,0.419829700285794
"rel_only","r_wid[wed3d878,Intercept]",0.0533901538528731,0.228597116119852,-0.105369478086554,0.209507127486125,-0.237924432868723,0.344817702839678,-0.381401637489084,0.505494477290038
"rel_only","r_wid[wee338ab,Intercept]",0.0896346932245314,0.141708109812844,-0.00836217592657908,0.183242884608802,-0.0884920086233113,0.27253112049744,-0.18474940531392,0.371048523528413
"rel_only","r_wid[wf2f2835,Intercept]",0.105811282060053,0.180140851181065,-0.0144550431704253,0.221822132254424,-0.125937883887324,0.33350261347531,-0.252518808480594,0.463804361311164
"rel_only","r_wid[wf456a28,Intercept]",0.225262787886708,0.139443451342137,0.128164184699169,0.322252310181211,0.0514071843455603,0.407595360742703,-0.0391206747939642,0.495686465217171
"rel_only","r_wid[wf469935,Intercept]",0.188713982153769,0.178999742334237,0.0689945198548058,0.306408811059289,-0.0440150827561636,0.415071752770988,-0.150604105137432,0.548967237141262
"rel_only","r_wid[wf537da7,Intercept]",-0.0987520863245379,0.12726555991402,-0.181921978217144,-0.0177528909838541,-0.257939754031743,0.063570444981821,-0.347082388179452,0.157734192497194
"rel_only","r_wid[wf60f9d4,Intercept]",0.277528057722052,0.143686862697556,0.178857414806922,0.376411089864904,0.0926295487502557,0.458482077197376,-0.000457241361155667,0.555278922811592
"rel_only","r_wid[wf63b737,Intercept]",-0.328632138412195,0.141843109876412,-0.419778087517078,-0.232715767642932,-0.513363477732373,-0.150900316145016,-0.613859480241837,-0.0558691188911343
"rel_only","r_wid[wf63c50b,Intercept]",0.180723384535347,0.201525065315644,0.051933185956096,0.314589768683115,-0.0722228178851159,0.43445366991851,-0.225057926959173,0.58317716296043
"rel_only","r_wid[wf646ea3,Intercept]",-0.442387526701775,0.18216534659268,-0.561146402315077,-0.323616090849689,-0.67783871354204,-0.211297844340846,-0.79641963780321,-0.0777994822813083
"rel_only","r_wid[wfbb00e1,Intercept]",-0.176118811733292,0.183563794010827,-0.296403705532918,-0.0519912989612961,-0.410743307247314,0.0571287749341951,-0.542823802948012,0.182347282077198
"rel_only","r_wid[wfd8b568,Intercept]",0.0157566605551894,0.193875672709213,-0.114916684429434,0.148723802666607,-0.231062186270091,0.263834378738326,-0.358553802371088,0.402310834202163
"rel_only","r_wid[wffba7a1,Intercept]",0.271656076381475,0.147242558239091,0.174625829031203,0.36567223921841,0.0898823980187883,0.459655034566216,-0.00128725606511955,0.572855907687931
"rel_only","r_wid[w0198d08,n_remembered_shown]",-0.0248529955427556,0.0496991140526478,-0.0463750244987148,0.00300963000568473,-0.0899357396150991,0.0223434902895103,-0.155115120398036,0.0497030757905941
"rel_only","r_wid[w01da968,n_remembered_shown]",-0.00149961172512662,0.0460884502188313,-0.0203623138141413,0.0189584146167651,-0.05493987226908,0.0485365756409895,-0.0992407703831305,0.0971769221820784
"rel_only","r_wid[w022dd5a,n_remembered_shown]",0.0105251098731028,0.0412950095062759,-0.00910274755501547,0.0272322919185744,-0.031893485889562,0.0615455751008816,-0.0669290860844581,0.109302648296653
"rel_only","r_wid[w02461c5,n_remembered_shown]",-0.00492231754031739,0.0461215483438809,-0.0253706320850007,0.0161055946778237,-0.0572597614973525,0.0455753789166543,-0.109746008138193,0.0932677535314373
"rel_only","r_wid[w05ede5c,n_remembered_shown]",-0.00966174914766045,0.0447743641776655,-0.0285145015613618,0.0116808083532582,-0.0656725011199978,0.0374727513245529,-0.118576444794842,0.0771368943598962
"rel_only","r_wid[w05f4989,n_remembered_shown]",-0.00203671565586846,0.0461896197021067,-0.0215308385561608,0.0177176789602568,-0.0535845827217971,0.0478094967130868,-0.104687749608135,0.0982689600150708
"rel_only","r_wid[w060c642,n_remembered_shown]",-0.00552909363065821,0.0419487908996328,-0.0234773061891686,0.0141148548142133,-0.0575078404925175,0.0398048476310023,-0.103552977950347,0.078872592359486
"rel_only","r_wid[w06d51ce,n_remembered_shown]",-0.00653392987138704,0.0422175326986037,-0.0238380815614123,0.0126511052296921,-0.0571767168698642,0.0382921060685876,-0.0997616154446591,0.0767270102630443
"rel_only","r_wid[w07271cc,n_remembered_shown]",-0.00968533199311802,0.0456216010643529,-0.0314141326859144,0.0119073934355386,-0.0655506196963268,0.0400248493172126,-0.112306733342661,0.0857231150501199
"rel_only","r_wid[w07f26c1,n_remembered_shown]",-0.0180068820051556,0.0443154317526624,-0.0379321921957952,0.00524633138471136,-0.0739765779825165,0.0252892299583478,-0.130895158192935,0.0582217532586932
"rel_only","r_wid[w08f65eb,n_remembered_shown]",0.00889206399622684,0.0455039959524842,-0.0120259689059324,0.0296761917782283,-0.0386424616796799,0.0639286475511584,-0.0814044802224567,0.111355833298746
"rel_only","r_wid[w0a25e9c,n_remembered_shown]",-0.00425283021167638,0.044365183299408,-0.0247579060806696,0.0144193364083022,-0.054067739354301,0.0452401820605477,-0.102659325046764,0.09228956312461
"rel_only","r_wid[w0b0ec85,n_remembered_shown]",0.00191719243780855,0.044256146988122,-0.0181627637540245,0.0211194577833026,-0.0478445475383924,0.0519142857305553,-0.0881475220472124,0.0996713415719048
"rel_only","r_wid[w0b3246f,n_remembered_shown]",0.00219474059990281,0.0440688002900503,-0.0182184678491854,0.0211598941832905,-0.0478548800376959,0.0533261683709464,-0.0907770877806689,0.100837139240495
"rel_only","r_wid[w0baed73,n_remembered_shown]",0.0130828667549726,0.0474440109683701,-0.0100787974730312,0.0316847615082551,-0.0346909870531737,0.0718907582346792,-0.0696606518502505,0.130089788744304
"rel_only","r_wid[w0c031fe,n_remembered_shown]",0.0068764911938475,0.0416048538313093,-0.0119150588339048,0.026446439168997,-0.0385900168491812,0.0580751150134981,-0.0769460245890811,0.097808840629512
"rel_only","r_wid[w0d04a41,n_remembered_shown]",-0.00578199817365777,0.0453434569583235,-0.0257834312074376,0.0140134093483369,-0.0579333539310697,0.0426064334449372,-0.107435732034852,0.0901257948682819
"rel_only","r_wid[w0d62ec5,n_remembered_shown]",0.0131634070046056,0.04397944684583,-0.00761064022664201,0.0325112160990492,-0.0313690972860629,0.0673128776137062,-0.0695818797810416,0.117442673918542
"rel_only","r_wid[w0db2e6f,n_remembered_shown]",0.00659786344101217,0.0436242104800205,-0.0135885151957235,0.0280806529416969,-0.0424091719844581,0.0584697889858381,-0.085359964859768,0.103249704021915
"rel_only","r_wid[w0ef0b67,n_remembered_shown]",0.00248508409165289,0.0443861721953468,-0.0164990137818984,0.0212983118971434,-0.0439063510601588,0.0521876272161556,-0.0946129797555726,0.098886398549155
"rel_only","r_wid[w0fd8c2c,n_remembered_shown]",0.000117218795262438,0.0446589391432531,-0.0207820186697141,0.0184294820487961,-0.051066003328138,0.0529996297302275,-0.0909566878142782,0.100310041061687
"rel_only","r_wid[w10f7bc5,n_remembered_shown]",0.00201403185810934,0.0452929679578885,-0.015996247626785,0.0215119787209019,-0.0479225844739291,0.0516285998380382,-0.0971249952349083,0.0961469550446357
"rel_only","r_wid[w11538ef,n_remembered_shown]",-0.00361597490233409,0.0470671990301128,-0.023830184818247,0.0167081963511232,-0.0581252851372333,0.0475842658289853,-0.108090052158732,0.0901949029001977
"rel_only","r_wid[w117e095,n_remembered_shown]",0.00335635352960395,0.0450686869294523,-0.0164139841121127,0.0229870449805388,-0.0468108480195187,0.0541550026772969,-0.0933663685763044,0.104668274768769
"rel_only","r_wid[w13e388b,n_remembered_shown]",-0.006788544411952,0.0448234854641621,-0.0257472191794137,0.0145351300424642,-0.0612874483016298,0.0415567415243994,-0.108894472475696,0.0834623359814303
"rel_only","r_wid[w14cb402,n_remembered_shown]",0.0126250268999562,0.0455881249171008,-0.00986532515106491,0.036994166572076,-0.0386819772697657,0.0699745612913367,-0.0823974080164955,0.106844863519363
"rel_only","r_wid[w1571d58,n_remembered_shown]",-0.00662559739156406,0.045001202983087,-0.0272067693430414,0.0127006596775243,-0.0588997256871204,0.0416885674467152,-0.104968212565177,0.0847972324170798
"rel_only","r_wid[w1629b0b,n_remembered_shown]",-0.00677845481761426,0.0456025855546778,-0.0262825800107243,0.013675541256501,-0.0595870979158351,0.0404416127907222,-0.111740536257129,0.08404708612694
"rel_only","r_wid[w16b46ff,n_remembered_shown]",0.0142030371652346,0.044008283937746,-0.00760241644490119,0.0333480238329028,-0.0299853438800093,0.0683986786085964,-0.0653161157725026,0.117265181652973
"rel_only","r_wid[w182a5f6,n_remembered_shown]",0.00110255476627691,0.0455830877872822,-0.019137129613617,0.0211388370766129,-0.0514601862196117,0.0545795762499411,-0.0966768589733899,0.0992075552882361
"rel_only","r_wid[w19d0170,n_remembered_shown]",0.00710521531531506,0.0423091989078894,-0.0139809038595846,0.0256395230342604,-0.0381554665143916,0.0609194114371909,-0.0711563950617025,0.105317588534743
"rel_only","r_wid[w1d52e8b,n_remembered_shown]",0.00742544486876816,0.041982940997581,-0.011787069790905,0.0274994462073415,-0.0384507892719273,0.0568748024572261,-0.0810211531235334,0.0987044198397054
"rel_only","r_wid[w1d9c2fb,n_remembered_shown]",-0.00368732902355662,0.0418313314714407,-0.0229582838290675,0.0152066289409298,-0.0514997643929916,0.0450568220751399,-0.0983260260317839,0.0833009754422885
"rel_only","r_wid[w1eadd53,n_remembered_shown]",-0.0197576773258643,0.0446632704656572,-0.0384090966427072,0.00400943289064618,-0.0786647449310014,0.0228289677380908,-0.129770529008402,0.0544398814497987
"rel_only","r_wid[w1ef67ab,n_remembered_shown]",0.0033983514458996,0.0428938779566838,-0.0149844850267665,0.023597294563499,-0.0441957865600323,0.0533465246428369,-0.0901469616359514,0.0952620968595079
"rel_only","r_wid[w227f955,n_remembered_shown]",-0.0038797778376331,0.0453544291077345,-0.0228918523537492,0.0152882478333142,-0.0561896754360554,0.0449037415801731,-0.104763439045117,0.0901032611318918
"rel_only","r_wid[w245142a,n_remembered_shown]",-0.0155111852777298,0.0468802693413992,-0.0346602734219613,0.00781031103729381,-0.0737965615948976,0.0299380638055805,-0.136621627701577,0.0638809800370809
"rel_only","r_wid[w2457106,n_remembered_shown]",-0.00265837107246473,0.0375744942678997,-0.0208674678549203,0.0152388370273196,-0.04865716668569,0.0399574436916231,-0.0837705023454775,0.0727927376446525
"rel_only","r_wid[w249e8ce,n_remembered_shown]",0.0140522449897732,0.0429678680390021,-0.00818973337113403,0.0348420822770628,-0.0300633276431191,0.0699036606486614,-0.065236043117379,0.114238557511529
"rel_only","r_wid[w277fccf,n_remembered_shown]",-0.00527096714029486,0.0437229767047369,-0.0259246683670806,0.0144689933102551,-0.056190163714829,0.0431915553353329,-0.101116563316347,0.0859750264950058
"rel_only","r_wid[w27e1de9,n_remembered_shown]",0.00626673827378802,0.0433834363043272,-0.0147937828927647,0.0243120181018561,-0.0426836085785712,0.0595522251560644,-0.0763928482890926,0.111795085493178
"rel_only","r_wid[w2991322,n_remembered_shown]",-0.00134838389312842,0.0445176103783671,-0.0211140572356211,0.0178881689059078,-0.0505118564397285,0.0490756551607847,-0.0948935790807707,0.0938209842663256
"rel_only","r_wid[w299c268,n_remembered_shown]",-0.0135049096662341,0.0453690426131393,-0.0364043226730991,0.00841501830812623,-0.0690514277514672,0.0329686981761812,-0.116053327264535,0.0797268319200214
"rel_only","r_wid[w29ed098,n_remembered_shown]",-0.00915567427099696,0.0462119397254254,-0.0268892886341651,0.0133182135239914,-0.0647294961332552,0.0379070040506788,-0.124103614314823,0.077516506191617
"rel_only","r_wid[w2a7296e,n_remembered_shown]",0.0111403673386301,0.0460017356559113,-0.00992024107087332,0.031511406731366,-0.0371164395055952,0.0663677062640706,-0.0788404449778376,0.116822321181364
"rel_only","r_wid[w2bc0b21,n_remembered_shown]",0.00331110393984295,0.0446348407529752,-0.0165582334912609,0.0224999682451742,-0.0458141105930606,0.0570193975106348,-0.0922427638650281,0.0993987869634504
"rel_only","r_wid[w2c1f2f7,n_remembered_shown]",0.0030554598729258,0.0450331775160107,-0.0159043973982762,0.0229480853355653,-0.0468936459886162,0.0531393664195613,-0.095288256156616,0.104907696258114
"rel_only","r_wid[w2c75db7,n_remembered_shown]",-0.00394245806683755,0.0460391435951316,-0.0226697062232871,0.0151690913445758,-0.0577568700079659,0.0455529052926763,-0.105779748471024,0.0900107606121864
"rel_only","r_wid[w2cb5760,n_remembered_shown]",-0.00574104057517131,0.0496354525354572,-0.0267578595454634,0.0156124540438806,-0.0629384614957385,0.0469984729077143,-0.12052236457612,0.0987262044675909
"rel_only","r_wid[w3002e39,n_remembered_shown]",-0.00471909901087831,0.0425114557936746,-0.0224524336833201,0.0139865729337307,-0.0531770019467003,0.0397787901476156,-0.0990122450583166,0.0862143249696576
"rel_only","r_wid[w308aa07,n_remembered_shown]",-0.00118958398848019,0.045511474017031,-0.0197179706481575,0.0180327967222066,-0.051070810016372,0.0474885064785642,-0.103388093377919,0.0975874391682694
"rel_only","r_wid[w30e05e4,n_remembered_shown]",-0.00345459766379174,0.0458101789653794,-0.0230279430795527,0.0161152437953291,-0.0547650258788745,0.0475188928116638,-0.107522413097142,0.0955323043533634
"rel_only","r_wid[w311c43d,n_remembered_shown]",0.00920391450388251,0.0432425999574781,-0.0108231684727461,0.0258778346585058,-0.0348497612194873,0.0626053682986743,-0.0698169784681742,0.111521930689691
"rel_only","r_wid[w313d7aa,n_remembered_shown]",0.0163561001480368,0.0492749272379375,-0.00739611765414742,0.0385808511396345,-0.0317592435786898,0.0753611713836573,-0.0771264633497484,0.13363296871505
"rel_only","r_wid[w31b60c3,n_remembered_shown]",-0.00238246437557706,0.0451928093329179,-0.0214992705613342,0.0175725066114629,-0.0536540220447373,0.0475002686712236,-0.106553174436537,0.09239204569519
"rel_only","r_wid[w3327d2a,n_remembered_shown]",-0.00100281858751054,0.0437460605570167,-0.0193681034280491,0.0184731211544909,-0.0492881159648022,0.0472664414002903,-0.0983384643045997,0.0880063837539962
"rel_only","r_wid[w35dbe71,n_remembered_shown]",-0.00197053234322443,0.0456080610067544,-0.022817423053144,0.016936859630306,-0.0537824582604766,0.0514007390655805,-0.0996157032191427,0.0962948844386259
"rel_only","r_wid[w365c8db,n_remembered_shown]",0.00992691083751434,0.0446959864411164,-0.0113110802736061,0.0284488692862359,-0.0362866308372253,0.0641004304537421,-0.0732941205414656,0.11670421905992
"rel_only","r_wid[w367fa57,n_remembered_shown]",0.000764281461500249,0.0404848946788495,-0.0169315054465263,0.0193480434387258,-0.0464863695705532,0.0455292799442568,-0.0849519290671296,0.0881613330346432
"rel_only","r_wid[w36b3d2f,n_remembered_shown]",-0.0111795676314377,0.0477348388399969,-0.0328237351264694,0.0107931470153663,-0.0707305094946866,0.0405711025118461,-0.120936766566109,0.0868922373300613
"rel_only","r_wid[w383e1fe,n_remembered_shown]",0.00444885180539748,0.0434356847721503,-0.0153622741511156,0.0228554739747601,-0.0430423520268604,0.0563187317717413,-0.0835179456571569,0.103740131985322
"rel_only","r_wid[w38a9dbf,n_remembered_shown]",-0.00742479655831445,0.0427268843899783,-0.0245327174117359,0.0124273346593181,-0.0576342861578391,0.0371557321188188,-0.106474118503261,0.072588421024216
"rel_only","r_wid[w397496b,n_remembered_shown]",-0.0258693243802203,0.0462998409978303,-0.0499646197886219,0.0018316301773573,-0.0858346809549104,0.0203039494624725,-0.137870538340134,0.0537958835809294
"rel_only","r_wid[w3acba24,n_remembered_shown]",0.00999215328730869,0.0456282140878616,-0.0131994835310082,0.0282890334825526,-0.0370010831980736,0.0659562643676699,-0.071538509950816,0.12628486848345
"rel_only","r_wid[w3b16ba3,n_remembered_shown]",-0.00686392835448604,0.0453366932568875,-0.0259427376551348,0.0140474468646204,-0.0610612624861959,0.0414711157592106,-0.112411352361183,0.0835127329938045
"rel_only","r_wid[w3c1c747,n_remembered_shown]",0.0257054283355057,0.0484512332072942,-0.00151109051230966,0.0455663005331851,-0.0170334664995989,0.0863624703002242,-0.0496551330246236,0.150383645690358
"rel_only","r_wid[w3c538ad,n_remembered_shown]",0.00606417802727289,0.0446414578030454,-0.013696979926426,0.025589651486538,-0.0417430811206629,0.0593562849981405,-0.0864079304974847,0.10504139576059
"rel_only","r_wid[w3d5caa9,n_remembered_shown]",0.0163707147014357,0.0491755487317661,-0.00919248657478953,0.0355382940279694,-0.0317618334246097,0.0800508287671288,-0.0670718561539995,0.138499257394599
"rel_only","r_wid[w3f5fa74,n_remembered_shown]",-0.0170790007337594,0.0449254234215572,-0.0343323998504124,0.0055168108959167,-0.0716733301880728,0.0245491724496765,-0.129133415553787,0.057628756796903
"rel_only","r_wid[w3fb3b5b,n_remembered_shown]",-0.000307394065589049,0.0404109746412947,-0.018389148994114,0.0176786986807878,-0.0461286135734661,0.046918721796371,-0.085544298204729,0.0871868145349746
"rel_only","r_wid[w3fc2d2c,n_remembered_shown]",0.00404707882441688,0.0459513217879641,-0.0158714435247429,0.0239304827514771,-0.0452485248651519,0.0565287977496356,-0.0879241085469835,0.110223372030396
"rel_only","r_wid[w3fdf5b1,n_remembered_shown]",-0.0080081654466293,0.0445240080343087,-0.0274939880780121,0.01075647086008,-0.0577646771948647,0.0394309316577144,-0.107807175503018,0.0843031984934809
"rel_only","r_wid[w409b474,n_remembered_shown]",-0.0104226448499316,0.0463650780930167,-0.0285325616776266,0.0130729780938616,-0.0687313565608113,0.0377586937213519,-0.123659855861536,0.073676103284379
"rel_only","r_wid[w4400cbf,n_remembered_shown]",-0.00961925954259224,0.045155852407863,-0.0303409486569449,0.0121690570185694,-0.0641708280374489,0.0396567952842949,-0.108611501734136,0.0790485345878864
"rel_only","r_wid[w44c6cc9,n_remembered_shown]",-0.0183001485942612,0.0460389295771956,-0.0367645522920016,0.0049019325838754,-0.076649088549329,0.0262718154236386,-0.12882878068556,0.0577874850254483
"rel_only","r_wid[w44f5ace,n_remembered_shown]",0.0153109988717051,0.0477072041623346,-0.00763731991492096,0.0362441705308992,-0.0332478667689732,0.0743962553204765,-0.0727406141359155,0.129161925903125
"rel_only","r_wid[w479605b,n_remembered_shown]",-0.00349792621244823,0.043382095680212,-0.0216168629967772,0.0161634556595771,-0.0526613899766636,0.0431472489246501,-0.105172596273168,0.0839112421037802
"rel_only","r_wid[w496c8be,n_remembered_shown]",0.00882418674139612,0.0480204684885352,-0.0121599652143329,0.0303537217582679,-0.0418712172466618,0.0644887257598857,-0.0903402420489145,0.111881965790795
"rel_only","r_wid[w49d88d0,n_remembered_shown]",0.0148186018727059,0.0432179501173314,-0.00671402345683676,0.031927834087445,-0.0275509867138578,0.0695667751237901,-0.0592200660121911,0.121493565190112
"rel_only","r_wid[w4a66ba2,n_remembered_shown]",0.0293465609172183,0.0476755522792909,-0.000408283214742678,0.0519121847638545,-0.0171869758519954,0.0949884417594319,-0.0458188761870013,0.144143862108484
"rel_only","r_wid[w4a907eb,n_remembered_shown]",0.00993287899595971,0.0407823105310353,-0.00943907374500763,0.0270445979994849,-0.0331411724540692,0.0622473491378861,-0.0686428599729778,0.107414095691157
"rel_only","r_wid[w4b6424d,n_remembered_shown]",-0.026295128501629,0.0477030957076075,-0.0488539058952666,0.001866056790394,-0.0900763510468908,0.0201141379657611,-0.148043439535862,0.0496969086864422
"rel_only","r_wid[w4bf9dec,n_remembered_shown]",-0.00138326159092822,0.0458274343245883,-0.0212707143182309,0.0183597918544383,-0.0535050997632441,0.0511915873171191,-0.0980995362434268,0.0977276264222318
"rel_only","r_wid[w4c2a923,n_remembered_shown]",-0.011745133177817,0.0458004602456303,-0.0302811435774813,0.0123938239981012,-0.0684043068634471,0.0330672327187199,-0.127055412117898,0.066319611099483
"rel_only","r_wid[w4cc863f,n_remembered_shown]",-0.0098640628069405,0.0452622821095431,-0.0321860263027978,0.0111449663294492,-0.0643570982705787,0.0395915930404132,-0.106130757831216,0.0847152277470725
"rel_only","r_wid[w4ccf510,n_remembered_shown]",-0.0104505673298582,0.043694545946606,-0.0306185143826151,0.0110979595419458,-0.0641250075001977,0.0354593058944774,-0.113164517146764,0.0762217068193495
"rel_only","r_wid[w4db7ccb,n_remembered_shown]",0.00474771676966607,0.0441238464519046,-0.0149495575588077,0.0230302011105488,-0.0426500142669517,0.0571299078424552,-0.0842674253053017,0.109665356162867
"rel_only","r_wid[w4dce7b5,n_remembered_shown]",0.00661884952098144,0.045307781418557,-0.0123632033635912,0.0255012728725993,-0.0410674672574581,0.0605767587062782,-0.089936377576959,0.108932211815291
"rel_only","r_wid[w4dd7b34,n_remembered_shown]",0.00354030117285719,0.0410525843243387,-0.0151910660183321,0.0221176537441433,-0.0423552280724806,0.0525653312943285,-0.0854112230891037,0.0939249412357693
"rel_only","r_wid[w4ed0320,n_remembered_shown]",-0.0085225439402905,0.0444702495736358,-0.0277791713881276,0.0126732075630132,-0.0619655018796735,0.0373946507924208,-0.115914680978932,0.0738971351281933
"rel_only","r_wid[w504748f,n_remembered_shown]",-0.00742048290018062,0.0455428335887831,-0.0302101309308855,0.0134344619794336,-0.0621325748420902,0.0440008364212396,-0.104652799514719,0.0913540699551367
"rel_only","r_wid[w5092120,n_remembered_shown]",0.0131920732291312,0.045308860193889,-0.00891804225080121,0.0327539116515437,-0.0312130706056169,0.070305595432049,-0.0696005341379903,0.126388414862951
"rel_only","r_wid[w50c12e5,n_remembered_shown]",-0.00207375215016753,0.0424556329288831,-0.0216228696031989,0.0169506645865559,-0.0516469497692093,0.0454963086909052,-0.0929537493250013,0.08876353087043
"rel_only","r_wid[w51664f0,n_remembered_shown]",0.00249647706619546,0.0453564186359504,-0.0181880813716866,0.020435692137188,-0.0471644633187356,0.054682931882364,-0.087103177230928,0.104851993662594
"rel_only","r_wid[w53209bb,n_remembered_shown]",0.00364452742935175,0.0402819664587718,-0.0135497744072605,0.0209990280917221,-0.0405670656002416,0.0518846543890936,-0.0819012018599286,0.0940675605798278
"rel_only","r_wid[w53b40c8,n_remembered_shown]",0.00459396573490524,0.0430108985761836,-0.0145751681869294,0.025861695378895,-0.043915074748929,0.0549915716946347,-0.089531405040203,0.0952538384111799
"rel_only","r_wid[w54c2956,n_remembered_shown]",0.0046795338091988,0.0426805337825306,-0.0125750250845659,0.0228082904536814,-0.0417116652903328,0.0533290237143257,-0.0869083175225669,0.102028711040011
"rel_only","r_wid[w5685230,n_remembered_shown]",-0.0145315207449909,0.0441198925307548,-0.0340285033035446,0.00804132292254524,-0.071086830852133,0.0299064420855277,-0.117378935599201,0.0662021021064163
"rel_only","r_wid[w56b42b0,n_remembered_shown]",0.000853424377910535,0.0455037816246734,-0.0182353338801153,0.019903684174074,-0.0490685627632615,0.0519555474541776,-0.0960461939846789,0.099165488581977
"rel_only","r_wid[w580c449,n_remembered_shown]",-0.000997698537420935,0.0453162331452469,-0.0195186598665707,0.0173962748598198,-0.0515704355943408,0.0494084317249082,-0.0973709279914267,0.0962814312820202
"rel_only","r_wid[w593f4a8,n_remembered_shown]",-0.00301428145254971,0.0447026905244857,-0.0212277231824523,0.0170463397326561,-0.0562092453483905,0.0454539469776284,-0.101452022329123,0.0906554389448974
"rel_only","r_wid[w59b3a22,n_remembered_shown]",-0.00329768008002293,0.0460955228342973,-0.0270391448501141,0.0183442629422369,-0.0580312329429592,0.0519943346754479,-0.0990072797903264,0.0979889735792766
"rel_only","r_wid[w59c9d33,n_remembered_shown]",-0.00749961997777529,0.0416467876993488,-0.0243667346796614,0.0115484831612427,-0.0571332973050845,0.0366763921238589,-0.105347541772221,0.0777991062594443
"rel_only","r_wid[w5ab5786,n_remembered_shown]",0.00696549262553603,0.0456001817718536,-0.0138782798294755,0.0266281022090953,-0.0425787424502373,0.0604566253617218,-0.0857367821647226,0.107966585993915
"rel_only","r_wid[w5d6df14,n_remembered_shown]",-0.0258070680436769,0.0489230937586677,-0.048924352082178,0.00213556822680396,-0.0899838798885475,0.0214143607365946,-0.142989577490057,0.0568401942356754
"rel_only","r_wid[w5ec388a,n_remembered_shown]",0.00800768099407985,0.0453950775649571,-0.0133479762600503,0.028728309584773,-0.0400517633401613,0.0598220970201643,-0.083937145343581,0.114562375357514
"rel_only","r_wid[w5f010fa,n_remembered_shown]",0.0111197536114923,0.0471445379109109,-0.0116644710272683,0.0313578098523058,-0.0373920079992908,0.0702159730685182,-0.0774036727380291,0.125620010507731
"rel_only","r_wid[w5f68d79,n_remembered_shown]",-0.0134471285854922,0.0460513885601145,-0.0326264125210696,0.00876831411516068,-0.0700340313952853,0.0324868512765749,-0.121973307452711,0.0699333727501608
"rel_only","r_wid[w5fb19e8,n_remembered_shown]",-0.00305266705445783,0.045202739072014,-0.0233156092533683,0.015591319849833,-0.0552602478171363,0.0469253190652067,-0.0995911297402961,0.0957305647663696
"rel_only","r_wid[w601970c,n_remembered_shown]",0.000802332958056742,0.0429470353601646,-0.0175046193860036,0.0185828000740043,-0.0462894929849791,0.0486089650093528,-0.0903840905690243,0.0933079577694799
"rel_only","r_wid[w605fd50,n_remembered_shown]",-0.0132225263617199,0.0461864282683698,-0.0330589271399009,0.0100129844332339,-0.0727231335997688,0.0323362070674974,-0.125107890802777,0.072436186580535
"rel_only","r_wid[w60e6ea8,n_remembered_shown]",-0.0056166154711435,0.0436392509541695,-0.023406587840079,0.0144339788770038,-0.0574060350536803,0.0402374506791955,-0.105290342838301,0.0816157007248458
"rel_only","r_wid[w610dd08,n_remembered_shown]",0.0057816337203043,0.043756422541593,-0.0138708405498231,0.0250930298749323,-0.0432138447182014,0.0570117295683157,-0.0848167303813846,0.10194074120284
"rel_only","r_wid[w612200e,n_remembered_shown]",0.0275269846963871,0.0545597118455466,-0.00440612542830242,0.057488098700787,-0.0307576700972485,0.0989816795342253,-0.0712227444773918,0.148592544892886
"rel_only","r_wid[w61b360a,n_remembered_shown]",-0.00361425129368003,0.0399061884498284,-0.0227317853532551,0.0140636954532495,-0.0521155998878551,0.042282064343032,-0.0898263210760262,0.0828525397714949
"rel_only","r_wid[w63ea659,n_remembered_shown]",-0.00161119003514395,0.0467654841335057,-0.0206199905441957,0.020075952495397,-0.0548432497251068,0.0510358405237134,-0.1165372459475,0.0910968713212381
"rel_only","r_wid[w6849aab,n_remembered_shown]",-0.00762395297905043,0.0453616938599619,-0.0308761579762431,0.0133739420302047,-0.0608327970931369,0.0423325250911848,-0.101111049743521,0.0907087956746473
"rel_only","r_wid[w6870249,n_remembered_shown]",-0.021477073735096,0.0514076167078169,-0.0431924421118398,0.00707308169259318,-0.0893279625966999,0.02812519351282,-0.152541273644419,0.0569106329161776
"rel_only","r_wid[w68730bb,n_remembered_shown]",0.00785400771870672,0.0459360831276777,-0.0127751514470636,0.0273505664051986,-0.0400884046023945,0.0608772132531019,-0.0837140871252431,0.114548266948307
"rel_only","r_wid[w68e5aed,n_remembered_shown]",0.0224832738624742,0.0448764897250251,-0.0029293863584932,0.0465521584413858,-0.0225751817315915,0.0795105420567145,-0.0527287942815206,0.130970729008422
"rel_only","r_wid[w6a59bb5,n_remembered_shown]",0.0116763003882592,0.0417522163798606,-0.00891550135644213,0.0307628094432461,-0.0317370840669453,0.0659033897033924,-0.0700093968507174,0.108123759313167
"rel_only","r_wid[w6bec3e7,n_remembered_shown]",-0.0128912413949856,0.0458356946048486,-0.0316531018210004,0.00895668555800989,-0.0720914789701055,0.0341618710376853,-0.125915139987973,0.0710809785692677
"rel_only","r_wid[w6cbe87c,n_remembered_shown]",0.00692857855720432,0.0422426718490105,-0.0111989367147244,0.0274153948328988,-0.039247616183154,0.0568213743244629,-0.0844025553913797,0.0990668475976123
"rel_only","r_wid[w6dd030e,n_remembered_shown]",-0.00572403773520911,0.0485082668225322,-0.0279735492825444,0.0146747528311331,-0.06208972616103,0.0486297128184451,-0.113150221679182,0.101921370590706
"rel_only","r_wid[w6ea0c26,n_remembered_shown]",-0.00542244140557512,0.0432043282403279,-0.0248601543899829,0.0148347015570644,-0.0554000772732336,0.0408406261319001,-0.103329541655044,0.0814348592370003
"rel_only","r_wid[w6eb92cc,n_remembered_shown]",0.0205369105963842,0.0471035186505649,-0.00457282433405136,0.0409599957461847,-0.0247543402734722,0.0812422881374996,-0.0602107072313661,0.142250231852384
"rel_only","r_wid[w7232115,n_remembered_shown]",-0.0052889094612511,0.0452091435207026,-0.024000217624173,0.0136451944010779,-0.0556768559455573,0.0420113113877686,-0.10520753388911,0.0861348844918685
"rel_only","r_wid[w737e6e4,n_remembered_shown]",-0.00581175009256075,0.0430692846441331,-0.0230265897915869,0.0140549337446588,-0.0592140375986159,0.0394283091189526,-0.108878322083625,0.0796141919350905
"rel_only","r_wid[w768a02c,n_remembered_shown]",0.00364870548584664,0.0447255528435318,-0.0154603534715948,0.0226794964811046,-0.0463203286591654,0.0545073918908723,-0.0901335146884197,0.103057985802431
"rel_only","r_wid[w77b72cf,n_remembered_shown]",-0.00772482301000859,0.0426971965353066,-0.0278261236481924,0.0116135684631184,-0.0594346706472464,0.0388308666569811,-0.103724926225445,0.0853596751380309
"rel_only","r_wid[w7800d0f,n_remembered_shown]",0.027881362406972,0.049573891499829,-0.00124906757513345,0.050382548446348,-0.0201441620949598,0.0938339301688005,-0.0504245129652014,0.150685543265141
"rel_only","r_wid[w786d2f3,n_remembered_shown]",-0.00133997224419924,0.0443480043230157,-0.0215716028525534,0.0172749853504432,-0.050599405188773,0.0486711028669311,-0.0962227705341351,0.0982128256041567
"rel_only","r_wid[w7a2af65,n_remembered_shown]",0.0136246718085915,0.0421348241625551,-0.00738066550967632,0.0322265788088525,-0.0286557669674767,0.068199739382596,-0.0647357885787796,0.115091873553404
"rel_only","r_wid[w7a38a77,n_remembered_shown]",-0.00321907368902587,0.0419222874284986,-0.019838500286836,0.0167849175178111,-0.0543767823424015,0.0433041029209839,-0.0989018239715499,0.0818021267324248
"rel_only","r_wid[w7bfe168,n_remembered_shown]",0.00141850425198528,0.0434213325409192,-0.0181392834385421,0.0197284945057606,-0.0484540619391663,0.0499058209469792,-0.0869797664324066,0.0999895935887912
"rel_only","r_wid[w7dbf1a9,n_remembered_shown]",-0.00572053616196137,0.042086376485631,-0.0236804101819259,0.0136756093178368,-0.0544460826077195,0.0389533667510584,-0.100910800488207,0.0774856532377737
"rel_only","r_wid[w7f5e428,n_remembered_shown]",0.00246632128873664,0.0433268189495951,-0.0166162409302794,0.0214402012512452,-0.046564753368281,0.0516203060243384,-0.0924127847814119,0.0943888353664168
"rel_only","r_wid[w7f90916,n_remembered_shown]",0.00066963322789333,0.0414012402258363,-0.0165236039192415,0.0180935995529431,-0.0466726538365752,0.049019977989565,-0.0899894637770048,0.0918340265996268
"rel_only","r_wid[w82f4ec0,n_remembered_shown]",-0.00303824283663993,0.0455121690846595,-0.0254019982312653,0.0169554760102131,-0.0565275091926964,0.0498850863997349,-0.0990936343261659,0.0970660165901372
"rel_only","r_wid[w8363ab3,n_remembered_shown]",0.0272722158296535,0.0501049551235621,-0.00241044397479787,0.0522333964380611,-0.0227747346532284,0.0947201710140445,-0.057889863772333,0.14908929875999
"rel_only","r_wid[w83687da,n_remembered_shown]",-0.0108250138010434,0.0451668554867915,-0.0288802438105455,0.0104072877822642,-0.0681534963420772,0.0336282949522022,-0.120654107236838,0.0767426631707123
"rel_only","r_wid[w8843fd3,n_remembered_shown]",-0.00771134668888296,0.0414189866447975,-0.0263310103975621,0.0119372454139186,-0.0589703380536635,0.0385591882324102,-0.105811562679753,0.0724245719855918
"rel_only","r_wid[w88c84d1,n_remembered_shown]",0.00193109969006041,0.0412105795766616,-0.0167985488378685,0.0212468887018641,-0.0451597778559995,0.0495009511459876,-0.0856628540002383,0.0912774022698079
"rel_only","r_wid[w88e738d,n_remembered_shown]",-0.0244593066621554,0.046474592471484,-0.0459342616772085,0.00207578353388362,-0.0884268104707278,0.0208590578605713,-0.136770491765444,0.0504235304057626
"rel_only","r_wid[w896f77a,n_remembered_shown]",0.0120747081035848,0.0473406484636734,-0.0115405305160765,0.0311635556930277,-0.0344475454234872,0.0712309831230942,-0.072202080094713,0.121803200680334
"rel_only","r_wid[w8d745f1,n_remembered_shown]",-0.0119791127402361,0.0471843470045613,-0.0346149175078831,0.00970631220704157,-0.0684042201517354,0.0372953841782345,-0.12112869984335,0.0832368289567116
"rel_only","r_wid[w8de3f64,n_remembered_shown]",-0.00986836362160643,0.0424331620310446,-0.0270782591368703,0.0103968364300513,-0.0634317196655301,0.0334845802247197,-0.1111422708218,0.0727114356202608
"rel_only","r_wid[w8e07aa1,n_remembered_shown]",-0.0126804533138878,0.0443526469377096,-0.0303948409576844,0.00905411110269827,-0.0664042885362457,0.0310831743492366,-0.123656589734848,0.0652799633895406
"rel_only","r_wid[w8efa7d8,n_remembered_shown]",0.0271435784882434,0.0540281639003248,-0.00373425519952073,0.0561048134506685,-0.0276149231585113,0.0968067997969733,-0.072405491819557,0.15365699287839
"rel_only","r_wid[w9051394,n_remembered_shown]",-0.0001054088930155,0.0451668950287433,-0.0190524370457452,0.0184997160203726,-0.0507259495777579,0.0521498809645166,-0.0981900903585539,0.0967304950078677
"rel_only","r_wid[w90f4896,n_remembered_shown]",-0.00485819846839554,0.0441664114464634,-0.0231741303908837,0.0144118556552413,-0.055540534171459,0.0409290127034782,-0.110552005668353,0.0859818462890551
"rel_only","r_wid[w9173175,n_remembered_shown]",-0.015783720400146,0.0432499551648167,-0.0339890219864625,0.00572065344011148,-0.0701832310657073,0.0274060603048829,-0.121832669742208,0.0609313423654969
"rel_only","r_wid[w9182e0b,n_remembered_shown]",0.00420388680724522,0.0410714254433404,-0.0142600644483446,0.0229163883129481,-0.0421983663240377,0.0528054135887388,-0.0835168104921471,0.0941745691198554
"rel_only","r_wid[w924a500,n_remembered_shown]",-0.00273852811440361,0.0478437630804597,-0.0237865257280826,0.0166723512682948,-0.0566669414385216,0.0492019923365816,-0.108894268457898,0.107341581349949
"rel_only","r_wid[w941cd9f,n_remembered_shown]",0.00268137811822886,0.0411009989618263,-0.0158769510466652,0.0223311203615131,-0.0449005624654137,0.0493626369524328,-0.0872830730644951,0.0922339424886274
"rel_only","r_wid[w95167ae,n_remembered_shown]",-0.0208257713545498,0.0459911174319095,-0.0407128103507642,0.00413776441243581,-0.0787050170434133,0.0225648030986374,-0.138728893199168,0.0540592212089659
"rel_only","r_wid[w960c4a6,n_remembered_shown]",-0.0227524443374105,0.0465446606069763,-0.0434643719241834,0.00310827726448706,-0.0849389494455974,0.0207716126475982,-0.138100360243131,0.0500919282882923
"rel_only","r_wid[w962c662,n_remembered_shown]",0.00369293625524392,0.045523734856943,-0.0161966561550147,0.0246258832173444,-0.0470967939714371,0.0569499687592156,-0.0971623888306672,0.104412460475742
"rel_only","r_wid[w9a08173,n_remembered_shown]",-0.00568243081591673,0.0431358608886287,-0.0231142967284154,0.0137408951226686,-0.0547873229411795,0.041028875859846,-0.104493568382049,0.0781280595679997
"rel_only","r_wid[w9a0bd8d,n_remembered_shown]",0.00176335842002309,0.0442193457691198,-0.0179921146993086,0.022869479369587,-0.0479832674779202,0.0527819531994249,-0.0961115274470458,0.0947289775728612
"rel_only","r_wid[w9b641f6,n_remembered_shown]",-0.014100028393964,0.0452019014086444,-0.0351073839416048,0.0080561594114689,-0.0690867059173077,0.0326727815146285,-0.117375907406521,0.0730099029629526
"rel_only","r_wid[w9b9abef,n_remembered_shown]",-0.0110166998655216,0.0469984634852761,-0.0332186905381979,0.0116488334266714,-0.0672553811729952,0.0396751395599464,-0.118626567320486,0.084665140665808
"rel_only","r_wid[w9bde09f,n_remembered_shown]",0.000319192746554448,0.0479254211962572,-0.0255440637919058,0.0227543862862702,-0.0529506872042736,0.0598396501156361,-0.0946094042645779,0.106242550353829
"rel_only","r_wid[w9cf2bd7,n_remembered_shown]",0.00829242961508579,0.0405146176554918,-0.0107297148317807,0.0267330598038753,-0.0352360402116739,0.0561556885648814,-0.0687747912408549,0.100714013730731
"rel_only","r_wid[w9f7c438,n_remembered_shown]",-0.0073211520616223,0.0430568341746213,-0.0264995207082825,0.0126238537394396,-0.0602117190551182,0.0404545474680227,-0.106374838526682,0.0800113019471829
"rel_only","r_wid[wa022482,n_remembered_shown]",0.0268309703736441,0.0468877447402408,-0.00125667637378321,0.0495251280579719,-0.0192314963798047,0.0891244675581116,-0.0517876407285024,0.138731373475872
"rel_only","r_wid[wa136b3d,n_remembered_shown]",0.00392122340328379,0.0422525169988308,-0.0153728889115641,0.0222254888525798,-0.044250761728929,0.0546187088805362,-0.08000260246635,0.101341756366761
"rel_only","r_wid[wa1909e0,n_remembered_shown]",0.0256913443902651,0.0485722624130321,-0.00233823130119261,0.0460124758627524,-0.0193118614519397,0.090273701023296,-0.04541534357506,0.151277271198739
"rel_only","r_wid[wa1a03f2,n_remembered_shown]",-0.00605228557496559,0.0423348109671472,-0.0254618783147716,0.0129528988582586,-0.0563199952718779,0.0395468809364235,-0.0956848861010027,0.0819338739096441
"rel_only","r_wid[wa4fe3e4,n_remembered_shown]",0.0210871143477801,0.0481190820580414,-0.00376566109782377,0.0428464274106171,-0.024655742756883,0.0796782213749392,-0.0604418537778058,0.135603231929936
"rel_only","r_wid[wa5817fc,n_remembered_shown]",-0.0108459169066769,0.0426426607800927,-0.0282045260283601,0.0100861245109642,-0.0630184393250392,0.0322004313872863,-0.113406971091461,0.0671768452609564
"rel_only","r_wid[wa6daa50,n_remembered_shown]",0.00547522997727839,0.0460514099710651,-0.0138998750181267,0.0269340186711658,-0.0444644289344115,0.0584369030533792,-0.0952168383083543,0.104576633725468
"rel_only","r_wid[wa79cf20,n_remembered_shown]",-0.0237241970835041,0.0492436867989107,-0.0446992752109694,0.0034770339777269,-0.087449523586018,0.0219371623748183,-0.149490275056193,0.0512000429601301
"rel_only","r_wid[wab226bf,n_remembered_shown]",-0.00828195891915273,0.0423454911400323,-0.026633099177823,0.0112627156856929,-0.0602655249573498,0.034510589565728,-0.10590041029296,0.0765022624427991
"rel_only","r_wid[wab70ec3,n_remembered_shown]",0.0177774808230535,0.0466179643629583,-0.00636397522791732,0.037582800953947,-0.0275496738716911,0.0763195613670633,-0.0578383629706898,0.140078431891571
"rel_only","r_wid[wace8728,n_remembered_shown]",-0.0100833045420722,0.0443403043538499,-0.0290356986714431,0.00994252393424699,-0.0623309102158624,0.0339721275847312,-0.115610652826874,0.0750516256748968
"rel_only","r_wid[wad32437,n_remembered_shown]",0.0159391110286877,0.0478805462753688,-0.00716209359456287,0.0388740277939116,-0.0326647119000125,0.0746055040697754,-0.0750156545382926,0.12580374768948
"rel_only","r_wid[waf52734,n_remembered_shown]",-0.00457156981985484,0.0453858262440213,-0.0260619771007926,0.0154829367473349,-0.0567909022017332,0.0473131097097007,-0.0995346347655173,0.0936834616914804
"rel_only","r_wid[waf9be39,n_remembered_shown]",-0.00389153840313938,0.0430777834555381,-0.0215478444073911,0.0152234588919427,-0.0535299378011363,0.0420794175062597,-0.099992081716724,0.0885232165045348
"rel_only","r_wid[wafacea9,n_remembered_shown]",-0.00292817435722395,0.0452220511129938,-0.0230106120992448,0.0170625490676331,-0.0560942775453818,0.0484787623393131,-0.100426559029845,0.0938560033907086
"rel_only","r_wid[wb0b75c3,n_remembered_shown]",-0.00238063008091089,0.0428110297368034,-0.0224862141446735,0.0159660450127468,-0.0510930234084221,0.0456638410341521,-0.0945069031160216,0.089356579162269
"rel_only","r_wid[wb2d9807,n_remembered_shown]",0.0189047690117636,0.0501175143497148,-0.0068642397405465,0.0384648250140861,-0.0280239587490186,0.0824963580653005,-0.0632638893071548,0.141633349186853
"rel_only","r_wid[wb361f36,n_remembered_shown]",0.0208993892694479,0.0459541151960188,-0.00415564418711599,0.0433613357803846,-0.0244838515506239,0.0800414023659614,-0.0618433730392968,0.127609646541556
"rel_only","r_wid[wb56c2d3,n_remembered_shown]",0.0155729810965884,0.0473161646146542,-0.00758641073516345,0.0372529890228072,-0.0309825407642395,0.0735115789606703,-0.0766404504751085,0.123852594230452
"rel_only","r_wid[wb5c4def,n_remembered_shown]",-0.00520437094643446,0.0432141493857317,-0.023610559633011,0.0136858311677812,-0.0563201330038967,0.0411535026550055,-0.102538765695963,0.083551900876191
"rel_only","r_wid[wb6ad69e,n_remembered_shown]",-0.00866737131218672,0.0431344958288172,-0.0311168563265994,0.0123464479900196,-0.0619000490025491,0.0399750384964016,-0.103861815513373,0.0835893246745754
"rel_only","r_wid[wb772565,n_remembered_shown]",0.004948627279641,0.0420553081514712,-0.0144217989626688,0.0247293901848842,-0.0418693125447189,0.0535769945841699,-0.0828311199536753,0.100351632559122
"rel_only","r_wid[wb85c4ff,n_remembered_shown]",0.0107796649301939,0.0443263184405792,-0.0100710864609404,0.0315089453630811,-0.0360753277826586,0.0639014495065334,-0.0788452032179895,0.112757425661807
"rel_only","r_wid[wb8feabb,n_remembered_shown]",0.01794381597562,0.0438338488264292,-0.00521718536348113,0.0381014587979115,-0.0266219431621676,0.0742268795019247,-0.058460532182694,0.124835413887722
"rel_only","r_wid[wb966154,n_remembered_shown]",-0.00978959713935867,0.0444697306134561,-0.0269054384654892,0.0115959480004186,-0.0642176112994922,0.0350822381414471,-0.117824335295199,0.0732334046663112
"rel_only","r_wid[wbb74717,n_remembered_shown]",0.00942923808219921,0.0404538647706062,-0.0109237832634365,0.0283310935159734,-0.0332039334825372,0.0596535168066629,-0.0685089275563556,0.104384099931935
"rel_only","r_wid[wbc79189,n_remembered_shown]",-0.00492286631049397,0.0438230843214861,-0.0220635758852519,0.0154706384618743,-0.0554877723016114,0.0411586171335542,-0.109235420310403,0.0834175376525327
"rel_only","r_wid[wbd0314c,n_remembered_shown]",-0.00316448614013404,0.0435330673359261,-0.0221536358376306,0.0150456358275537,-0.0511112221432112,0.0435775699550822,-0.0963185334950632,0.0877245572529864
"rel_only","r_wid[wbe2faf8,n_remembered_shown]",-0.0139374413328556,0.0456908648878252,-0.0306281970850445,0.00909921168134887,-0.0695429935169159,0.0293005602679917,-0.128455534985014,0.0644894658913658
"rel_only","r_wid[wbe569b5,n_remembered_shown]",-0.00095261232215673,0.04558583497182,-0.0191080113902854,0.0199848486601411,-0.0530543229623614,0.0500493672385316,-0.10288125456431,0.0927634835104091
"rel_only","r_wid[wbe9243a,n_remembered_shown]",0.00723455414589,0.0446592352582628,-0.013324490805425,0.0255598473434027,-0.0409683493256075,0.0618931801635799,-0.0790151257481509,0.111794778875161
"rel_only","r_wid[wbf1c81e,n_remembered_shown]",0.020149551913661,0.047218512756773,-0.00427705433765329,0.0408284006753052,-0.0264715507706621,0.07963617583525,-0.0622832669272524,0.135061048722535
"rel_only","r_wid[wc097323,n_remembered_shown]",-0.00381414357747033,0.0443730928975677,-0.0219304694379862,0.0176680601767148,-0.0571783034688396,0.0450909489945189,-0.108717968262407,0.0840696521729298
"rel_only","r_wid[wc0a4260,n_remembered_shown]",0.00969556665953798,0.0443486385968254,-0.00984689321949586,0.0291405391264135,-0.03646542086244,0.0616405250493055,-0.0791838757663962,0.113160030697323
"rel_only","r_wid[wc16f522,n_remembered_shown]",-0.011910420290316,0.0449248501974696,-0.031434337151036,0.010108435410806,-0.0683052433445895,0.0349528868010821,-0.121673001896673,0.0709307784486428
"rel_only","r_wid[wc263e54,n_remembered_shown]",-0.0122680920793725,0.0422597909798839,-0.0321611266106574,0.00837934351307318,-0.0657340595199069,0.0330612329089822,-0.10924782440807,0.0684894885282119
"rel_only","r_wid[wc294ae3,n_remembered_shown]",-0.00405535292496249,0.0444321014684358,-0.0227603614623542,0.0139315148413057,-0.0532878090431958,0.0429092393144233,-0.103052844253935,0.0912263443032944
"rel_only","r_wid[wc43fbaa,n_remembered_shown]",-0.0145481662364001,0.0462639401043637,-0.0362208795219753,0.0083601080611363,-0.0720851998563716,0.0336588730962424,-0.119716985406876,0.0751103560257429
"rel_only","r_wid[wc4c38a3,n_remembered_shown]",-0.00716029051732226,0.041905600657891,-0.0243842331618766,0.0123879949154421,-0.0584495510087115,0.0356782768042696,-0.103677085253889,0.0765397359926988
"rel_only","r_wid[wc512962,n_remembered_shown]",-0.0064556061582918,0.0426815888415724,-0.024906135980512,0.0133737685781853,-0.0595749650628812,0.0390340095510959,-0.104861242127658,0.0776860407312235
"rel_only","r_wid[wc54132b,n_remembered_shown]",0.000268649113091673,0.0413896204142803,-0.0195686593044724,0.0196529107057519,-0.0467854618076131,0.0479208958364004,-0.0891135147413425,0.0878594227830231
"rel_only","r_wid[wc55b6c8,n_remembered_shown]",-0.0296963771979159,0.0511361648742281,-0.0557278602700049,0.000964666319178205,-0.0972376040454638,0.0178944823092442,-0.153313895798897,0.0522120148307671
"rel_only","r_wid[wc628bde,n_remembered_shown]",-0.0240282900108252,0.045158933637465,-0.0447454883228491,0.00241008987666465,-0.084881345476891,0.0178333942889978,-0.137067074550284,0.0461749236558887
"rel_only","r_wid[wc6f0e84,n_remembered_shown]",0.00633244597030681,0.0448970781746762,-0.014193599460833,0.0252346933850592,-0.0407555194890708,0.0601922877106894,-0.0846698690334575,0.106927050686534
"rel_only","r_wid[wc73f4d8,n_remembered_shown]",0.00477515238587473,0.0464693498933034,-0.0172782956668057,0.0233358836999191,-0.045469543842874,0.0594490249708867,-0.0904585304332254,0.112394449309531
"rel_only","r_wid[wc8b5d36,n_remembered_shown]",-0.00047689387786058,0.0426047611180457,-0.0187539009684616,0.0188431418680324,-0.0481817313810437,0.0474148944386918,-0.0937279535260074,0.0894937528012099
"rel_only","r_wid[wcc033bc,n_remembered_shown]",-0.000106678276047323,0.0441658008005362,-0.0194233766077443,0.0185616623705487,-0.0487303354382835,0.0502743026685789,-0.0977981106296222,0.096312784114748
"rel_only","r_wid[wcc15547,n_remembered_shown]",0.00929169587306978,0.0444635539307098,-0.0121746072546489,0.0290794707010136,-0.0373660966634414,0.0622921736589959,-0.0759768723833352,0.112822137861386
"rel_only","r_wid[wcc4ec90,n_remembered_shown]",-0.0110211845290782,0.0409144683944351,-0.0297518505671625,0.00856216128718302,-0.062400572851218,0.0317281203191927,-0.104920302713572,0.0714573496852438
"rel_only","r_wid[wcd98054,n_remembered_shown]",0.00371667201908171,0.041547095211993,-0.0164898739534083,0.0217614818801852,-0.0424463826472767,0.0537102883981671,-0.0805759407080423,0.0992298339648999
"rel_only","r_wid[wd0724cf,n_remembered_shown]",-0.0041061682453094,0.0456411620468702,-0.0233814232365375,0.0144968712218631,-0.0564202129070523,0.0463037983726618,-0.104961940751137,0.0952273249249017
"rel_only","r_wid[wd07cb72,n_remembered_shown]",0.000201394460882884,0.0464823510441982,-0.018720279388961,0.0236829020745586,-0.0528989068177473,0.0518452270183377,-0.106964815805677,0.0918458651652333
"rel_only","r_wid[wd20dd5c,n_remembered_shown]",0.0120844708081553,0.0442828684715287,-0.00881879463385639,0.0321480031813452,-0.033296886651824,0.0683810240705516,-0.0722190012137427,0.114533348876484
"rel_only","r_wid[wd238f0c,n_remembered_shown]",0.00182115778450343,0.0434348120362522,-0.0169240381476854,0.0209175011804341,-0.0474511415117605,0.050585486077924,-0.0893836645594652,0.0982924508665602
"rel_only","r_wid[wd47555e,n_remembered_shown]",-0.00884708727355934,0.0445405414490813,-0.0270104282897244,0.0109343329906749,-0.0620247121750533,0.0383532022306716,-0.109634983910002,0.076098987101394
"rel_only","r_wid[wdab535b,n_remembered_shown]",0.00607819176046575,0.0426564773300363,-0.0126173263981899,0.0238612824135183,-0.0395004469764862,0.0568607585960526,-0.0813169292140973,0.104684456137574
"rel_only","r_wid[wdad9375,n_remembered_shown]",0.0255338767048114,0.0486975813051692,-0.00232390877812669,0.0453327850930576,-0.0188541502244783,0.0912606148882024,-0.0461079874046118,0.154083505327445
"rel_only","r_wid[wdd486da,n_remembered_shown]",0.0163816584490537,0.0463466435927615,-0.00695589745189353,0.0380654824039952,-0.0321157426666073,0.0724005045175542,-0.0685294733228374,0.124239179976069
"rel_only","r_wid[wdde7ef1,n_remembered_shown]",-0.00684859549380804,0.0466739458501965,-0.0265041694807699,0.0157092297450671,-0.0634650149736208,0.0427337555725294,-0.114709944769464,0.0800010950798379
"rel_only","r_wid[wdea5d27,n_remembered_shown]",0.00727122436002463,0.0413944371236193,-0.011499540727254,0.0257229821469967,-0.0359891516998613,0.0561469205123985,-0.0758345803749543,0.0994640949925362
"rel_only","r_wid[wdfdc927,n_remembered_shown]",0.00938756541105655,0.0470903721248229,-0.0128198825975699,0.0284687592652895,-0.0400322465296855,0.0664878763380995,-0.0791875343686967,0.124593322334557
"rel_only","r_wid[we10d2c6,n_remembered_shown]",0.0108068131147229,0.0505772006856771,-0.0136435104794576,0.029065430709525,-0.0392891756807501,0.0710004698583575,-0.0769910842761712,0.134799598556355
"rel_only","r_wid[we1b8e64,n_remembered_shown]",0.00722978791938265,0.0453480777122209,-0.0129851846778131,0.0244846114866012,-0.0405025182053639,0.0597439055918741,-0.0800363631920819,0.112503389846638
"rel_only","r_wid[we2434bb,n_remembered_shown]",0.0010556531349398,0.0455457990864596,-0.0203494723542043,0.0194536964973643,-0.0491962073734481,0.0545722623047627,-0.0940192727363972,0.108621252605834
"rel_only","r_wid[we245fc8,n_remembered_shown]",-0.0142077862768411,0.0466966350293054,-0.0362447221131712,0.0104238937071349,-0.0752859092549883,0.0345206893654922,-0.122799793377784,0.0665388150082521
"rel_only","r_wid[we24a9dd,n_remembered_shown]",0.0165431776875276,0.042754593605786,-0.00543618596713721,0.0361552801330641,-0.0271127025410123,0.0714619197536241,-0.059724164702278,0.116502612425804
"rel_only","r_wid[we26c55e,n_remembered_shown]",-0.00331636362914823,0.0432792026434887,-0.0217775522750735,0.0146384729832494,-0.0526524572909131,0.0427318648861086,-0.0984297594371529,0.0896421236052028
"rel_only","r_wid[we38f335,n_remembered_shown]",0.0103563108674017,0.0461680983782761,-0.0106485604265835,0.0295851859243124,-0.0384879705074903,0.0684300127700456,-0.0775011894242289,0.119120127610807
"rel_only","r_wid[we39fc55,n_remembered_shown]",0.0201422434737542,0.0462244719646735,-0.00387920249386851,0.0417019851191845,-0.0253522393645374,0.0797033041457282,-0.0607031939807881,0.133618771931047
"rel_only","r_wid[we40084a,n_remembered_shown]",-0.0112872801499868,0.0476628609939593,-0.0352124660947098,0.0118159915961877,-0.0687300891276252,0.0400364309276523,-0.113871092233363,0.0855940032877834
"rel_only","r_wid[we4edfb4,n_remembered_shown]",-0.012513945346061,0.0444169546697899,-0.0333950025413373,0.00847489353593295,-0.0679885515126633,0.0344237813132927,-0.114568414442702,0.0754014619810088
"rel_only","r_wid[we55dec7,n_remembered_shown]",0.00871360937211336,0.0403575795940808,-0.0103176262210267,0.0265566062681489,-0.0334192498417152,0.0589615372985647,-0.0726659572191845,0.103468239297987
"rel_only","r_wid[we58a710,n_remembered_shown]",0.00753681270409518,0.0470339006403757,-0.0128450033129904,0.0275788821246755,-0.04432647518824,0.0630360757524846,-0.0881106498692455,0.114740506883376
"rel_only","r_wid[we824ff2,n_remembered_shown]",-0.0141290782808476,0.0460689502526999,-0.0347498749838498,0.00847929019076445,-0.0719133393432227,0.0331709103246644,-0.121131591816588,0.0695537773302791
"rel_only","r_wid[we83fa8f,n_remembered_shown]",-0.0108144275007359,0.0423762892672075,-0.0306550817973065,0.00880249896379729,-0.0627836965653657,0.0343664257897454,-0.104490463664128,0.0742912370341402
"rel_only","r_wid[we90925d,n_remembered_shown]",-0.00117568159167988,0.0442842419849306,-0.0194391797410696,0.0181498849269161,-0.0527580111002319,0.0491041778565416,-0.100524505590209,0.0950851118620947
"rel_only","r_wid[we9631be,n_remembered_shown]",0.0250543593311897,0.0508414056575452,-0.0023827442098628,0.0490483205832596,-0.0269434389874737,0.0907524174067788,-0.0611285022393889,0.150447203970301
"rel_only","r_wid[we9754da,n_remembered_shown]",0.0084474108956128,0.0431200227010579,-0.0131689167596271,0.0242047758469279,-0.0357336469755955,0.060293701502855,-0.0671959593061559,0.11199155130107
"rel_only","r_wid[wea09e5e,n_remembered_shown]",-0.00908537334938196,0.0455278183655893,-0.0295331657571356,0.0114053200793911,-0.0615553970753631,0.0394066011737593,-0.111035957394706,0.0828300117231251
"rel_only","r_wid[wea8ef8e,n_remembered_shown]",0.00581376771291849,0.0423694148604311,-0.0138409240279273,0.0224974368500299,-0.0382845063715244,0.0558247761894766,-0.0737280518712982,0.103677283556753
"rel_only","r_wid[webf5097,n_remembered_shown]",-0.00416163057018105,0.0446570826876631,-0.02175275067452,0.0142714698028182,-0.0576649770733926,0.0456128143706566,-0.106978419491669,0.0875087196515557
"rel_only","r_wid[wed3d878,n_remembered_shown]",-0.000306465056994319,0.0463641039868028,-0.020372712128852,0.0186988034092518,-0.0500204855573137,0.0495172479427388,-0.100862919996332,0.10407822326719
"rel_only","r_wid[wee338ab,n_remembered_shown]",-0.015594066165414,0.0435850015544134,-0.0343374519108759,0.00641084427773206,-0.0700265408281181,0.0267006311704113,-0.119040578888919,0.0608957741094494
"rel_only","r_wid[wf2f2835,n_remembered_shown]",-0.0062491778019425,0.04515691590486,-0.024703315565746,0.0130853591609267,-0.061497841814066,0.0400210272807676,-0.105501695686039,0.0844044286196845
"rel_only","r_wid[wf456a28,n_remembered_shown]",-0.0110706475038096,0.0427149597725688,-0.0308644609355885,0.00908160773304245,-0.0638182313717669,0.0333533013124011,-0.110262579989514,0.0761202768864686
"rel_only","r_wid[wf469935,n_remembered_shown]",-0.0123384476924957,0.0443868653605795,-0.0323589580768075,0.00878685173596287,-0.0686898412703746,0.0328465947149833,-0.117530764386445,0.0716229285036006
"rel_only","r_wid[wf537da7,n_remembered_shown]",0.000235779398663768,0.0431425329906571,-0.0180019075099065,0.0189642126427282,-0.0484113844578923,0.0479982578916192,-0.0978585716589453,0.0923656447423813
"rel_only","r_wid[wf60f9d4,n_remembered_shown]",-0.00414085266129661,0.0419267151149808,-0.0241227234892902,0.0147703850226111,-0.0532164797955901,0.0442281858986749,-0.0939584827068124,0.0827595030435528
"rel_only","r_wid[wf63b737,n_remembered_shown]",0.0275385262370394,0.0474300492020151,-0.000982874834444327,0.0507872003571738,-0.0169316350669127,0.0905074006081907,-0.0502750113308545,0.143667515383763
"rel_only","r_wid[wf63c50b,n_remembered_shown]",0.00592789264194303,0.0445556032832733,-0.0151136683717864,0.0236692053444549,-0.0419598214779315,0.0603898018249423,-0.0785619373848287,0.109115164150492
"rel_only","r_wid[wf646ea3,n_remembered_shown]",0.0222015403501864,0.0512602453919263,-0.00405283712397933,0.0470187103517755,-0.029112807300483,0.0879195239188394,-0.0713333285395837,0.141386029856063
"rel_only","r_wid[wfbb00e1,n_remembered_shown]",0.00435412210937944,0.0469999760264553,-0.014788655770452,0.0259661518437705,-0.0439378494290412,0.0557062030769674,-0.0983314172764698,0.104047966801123
"rel_only","r_wid[wfd8b568,n_remembered_shown]",-0.00190384643192235,0.0430774601710887,-0.0215481791771013,0.017133490257105,-0.0526266748412308,0.0475119676574144,-0.0937038160991287,0.0895404637808208
"rel_only","r_wid[wffba7a1,n_remembered_shown]",-0.0195852686797483,0.0439983108701188,-0.0395515015836784,0.00392352935300562,-0.0765764680593728,0.0216922825753484,-0.123105456783799,0.0560843752447465
"rel_only","r_wid[w0198d08,multi_timeAfter]",-0.0085293864073763,0.0912049597402508,-0.0503534366779065,0.0322064627567489,-0.116230529214168,0.0953933584226951,-0.217418959158501,0.18579252952154
"rel_only","r_wid[w01da968,multi_timeAfter]",0.00870404195266899,0.0957625132312004,-0.0363435839256247,0.0535557551853568,-0.0982499463463855,0.121759190543935,-0.1943354972184,0.222481454397729
"rel_only","r_wid[w022dd5a,multi_timeAfter]",0.0382570460931625,0.091769182361421,-0.0109520756464239,0.0831858346529968,-0.053684630688948,0.155689947164111,-0.124528522465218,0.256875976839101
"rel_only","r_wid[w02461c5,multi_timeAfter]",-0.012518608504486,0.0965712693329414,-0.054717405725742,0.0323600336211297,-0.129889928680946,0.0935766489104946,-0.235385261551936,0.17985120172169
"rel_only","r_wid[w05ede5c,multi_timeAfter]",-0.0204098482664612,0.0903163207713686,-0.0609856424007614,0.0234071645452821,-0.131246014588969,0.0721307346133284,-0.233697478324736,0.157520912093427
"rel_only","r_wid[w05f4989,multi_timeAfter]",0.00396752541571608,0.0948766047246061,-0.0383800244930985,0.0474258157400569,-0.1030263898184,0.11274346971898,-0.198569846144527,0.21429883201134
"rel_only","r_wid[w060c642,multi_timeAfter]",0.0273567221455097,0.0867252293675901,-0.0160929936268738,0.0675972009335491,-0.0636006780301816,0.139216093096122,-0.133360925923462,0.236322314309719
"rel_only","r_wid[w06d51ce,multi_timeAfter]",-0.00179604900726138,0.081993819546941,-0.0403367200584297,0.0362138294601349,-0.100313429999192,0.0941367837334778,-0.180739335029955,0.176272228528492
"rel_only","r_wid[w07271cc,multi_timeAfter]",-0.00865470268046232,0.0923912649484938,-0.0562118417710384,0.0389900068574768,-0.124020550953636,0.0981553160381907,-0.215201005531995,0.180280384093392
"rel_only","r_wid[w07f26c1,multi_timeAfter]",0.0487223613074559,0.0964914541817365,-0.00645757287978271,0.0911171499754641,-0.0429892425182486,0.17846808303073,-0.114179893310185,0.286985349690364
"rel_only","r_wid[w08f65eb,multi_timeAfter]",-0.00516924515647344,0.0958777333644397,-0.0506699004407558,0.0389931588204946,-0.117720895437103,0.0998057352962194,-0.221620325543417,0.20684853096293
"rel_only","r_wid[w0a25e9c,multi_timeAfter]",-0.010915504884648,0.0881944599178035,-0.0530362770929192,0.0325258370359379,-0.116917830087331,0.0870890630491204,-0.206244804109632,0.175095454657608
"rel_only","r_wid[w0b0ec85,multi_timeAfter]",0.00483015083716425,0.0948376707805071,-0.0372220888701546,0.0456064257210653,-0.101949499581742,0.114532986617371,-0.19326671706755,0.212480097380151
"rel_only","r_wid[w0b3246f,multi_timeAfter]",-0.0200711995359005,0.0964253957514838,-0.0607211826143139,0.0272811114601739,-0.13935318658304,0.0806762280976364,-0.24294353956417,0.158791051733056
"rel_only","r_wid[w0baed73,multi_timeAfter]",-0.00527639863663605,0.0934199694666552,-0.0500048944054085,0.0382336902510161,-0.113543550949729,0.101040965251986,-0.215809450573088,0.191243994434834
"rel_only","r_wid[w0c031fe,multi_timeAfter]",0.0208130157685789,0.0882891322363015,-0.0219057916066617,0.0592819421567938,-0.0714942187359424,0.135145053679122,-0.144608542195073,0.22874360306644
"rel_only","r_wid[w0d04a41,multi_timeAfter]",-0.00460665521999655,0.0962418700412649,-0.04899057959672,0.0418287642910684,-0.118178605033357,0.10628500848367,-0.222710015605327,0.196863022510537
"rel_only","r_wid[w0d62ec5,multi_timeAfter]",-0.0179302872152546,0.0964563343141258,-0.0621943229524984,0.028634374052181,-0.142665436187054,0.0871307739063236,-0.240384708007687,0.170697132128323
"rel_only","r_wid[w0db2e6f,multi_timeAfter]",-0.00234154092089116,0.0902735454749035,-0.0433786142900733,0.0378468839144434,-0.109217952966877,0.100284240231524,-0.189182186600221,0.189674147767113
"rel_only","r_wid[w0ef0b67,multi_timeAfter]",-0.00754869065260434,0.0947372360376475,-0.048601872457914,0.0338857696910466,-0.117235573649101,0.100020944017582,-0.223970471887958,0.201347178159617
"rel_only","r_wid[w0fd8c2c,multi_timeAfter]",-0.00347365714975403,0.0979857058034414,-0.0458138647052152,0.0388533964179916,-0.116840547717489,0.104431646264566,-0.21856583961918,0.211877172515081
"rel_only","r_wid[w10f7bc5,multi_timeAfter]",0.00901169379514559,0.0958076011176512,-0.0356283503130738,0.0480499318127018,-0.0928036577600914,0.119875692749493,-0.182792023075734,0.224029769548985
"rel_only","r_wid[w11538ef,multi_timeAfter]",0.00445860467740549,0.0968830386879478,-0.0376710117538171,0.0458054610216739,-0.102062973707888,0.112595996422819,-0.205598534476561,0.208387788012813
"rel_only","r_wid[w117e095,multi_timeAfter]",-0.000392463583251842,0.0929028754802008,-0.0401740859071563,0.0410732491047058,-0.106049179831632,0.104065863347288,-0.199226686007248,0.198672050908987
"rel_only","r_wid[w13e388b,multi_timeAfter]",0.0371533544223583,0.0969518824231178,-0.0138870257275246,0.0815351261678757,-0.0592211738907361,0.163953198871305,-0.129090319829376,0.275398804452356
"rel_only","r_wid[w14cb402,multi_timeAfter]",-0.0532983649866315,0.101274403533493,-0.107571666782794,0.00726788041650206,-0.191114423139169,0.0486657630946986,-0.294554191220623,0.115824504071852
"rel_only","r_wid[w1571d58,multi_timeAfter]",-0.0153738050854968,0.0952884685694356,-0.0552902671882966,0.0298479154581496,-0.135237069150738,0.089101331813629,-0.236034262577427,0.169690268680922
"rel_only","r_wid[w1629b0b,multi_timeAfter]",0.0194321040255554,0.0952158812789574,-0.027036244821292,0.0608718801497189,-0.0812621949763923,0.136419801956009,-0.164745439336792,0.244878259609585
"rel_only","r_wid[w16b46ff,multi_timeAfter]",-0.0351168915059382,0.0948666418222422,-0.0810778925784248,0.0125772093829733,-0.154711138823954,0.0601460374180204,-0.254816698229808,0.133716432241623
"rel_only","r_wid[w182a5f6,multi_timeAfter]",0.0013014724223987,0.0956164237594903,-0.0428690859751651,0.0443026609150967,-0.110567046849867,0.112430813436057,-0.199861530012532,0.213301212881469
"rel_only","r_wid[w19d0170,multi_timeAfter]",-0.00662749639241955,0.0891555805520527,-0.0482887877281583,0.0346434948859576,-0.112685977182325,0.0953806350468118,-0.199665111462787,0.172974656535809
"rel_only","r_wid[w1d52e8b,multi_timeAfter]",-0.00158262064618716,0.0917598700224199,-0.0458189762805446,0.0396498978065249,-0.105319571787866,0.106175159466479,-0.201638104692424,0.196067808991807
"rel_only","r_wid[w1d9c2fb,multi_timeAfter]",0.00653514604174728,0.087614652220374,-0.0350863185256957,0.0485360509000832,-0.0911866586781404,0.112052558689416,-0.180042280739726,0.194011456249796
"rel_only","r_wid[w1eadd53,multi_timeAfter]",0.0176184279736035,0.0870056992697453,-0.0249006810525848,0.0592955151430498,-0.0761646209263952,0.127432803722655,-0.153432340754135,0.222742116968335
"rel_only","r_wid[w1ef67ab,multi_timeAfter]",-0.0316672428054647,0.0949388952307574,-0.0733023056678928,0.0162221128440784,-0.154548105443774,0.0634990848658092,-0.257650239302678,0.137339022002651
"rel_only","r_wid[w227f955,multi_timeAfter]",0.0601881376385867,0.104592998674816,-0.00304591303999786,0.110010649936584,-0.0385401372036894,0.206046922712759,-0.0981142847042944,0.323184558559774
"rel_only","r_wid[w245142a,multi_timeAfter]",0.0369795300785925,0.100237653871387,-0.0143218880548185,0.080380316976146,-0.0617750741710493,0.165641939634383,-0.139588018673405,0.289171368431688
"rel_only","r_wid[w2457106,multi_timeAfter]",-0.027444606718946,0.0869231616151423,-0.066062515376894,0.0163426219753147,-0.137968130508863,0.0603180854275869,-0.234454677168732,0.13006976104809
"rel_only","r_wid[w249e8ce,multi_timeAfter]",-0.0318929111118714,0.090197361751478,-0.0742548375108589,0.0155411546643044,-0.14980982993995,0.0599698514256284,-0.253062857640876,0.126863460871885
"rel_only","r_wid[w277fccf,multi_timeAfter]",0.00673986031434779,0.0925160078388952,-0.0350901640712764,0.0481435598187668,-0.0950726173288789,0.114206720788588,-0.18976182465128,0.212278911995524
"rel_only","r_wid[w27e1de9,multi_timeAfter]",-0.0360331231142491,0.091590557353905,-0.0776835641162641,0.0126151619784996,-0.15976999429393,0.0575814076831248,-0.253205569708883,0.125176322857644
"rel_only","r_wid[w2991322,multi_timeAfter]",-0.0208097651417253,0.0972661278246879,-0.0623544572029468,0.0262812630521626,-0.141382505032521,0.0823481072387496,-0.247721865798688,0.164030840008372
"rel_only","r_wid[w299c268,multi_timeAfter]",0.0385882338780988,0.100893060980517,-0.0145565211057147,0.0877288522475083,-0.0640817107797777,0.168492819722091,-0.134276379448489,0.276990292361966
"rel_only","r_wid[w29ed098,multi_timeAfter]",0.0310087465720488,0.0971958448289237,-0.0173438925342567,0.0762036585319379,-0.0657214185419418,0.15280129874661,-0.14650485791311,0.258868348550856
"rel_only","r_wid[w2a7296e,multi_timeAfter]",-0.00157325971524987,0.0925390722598098,-0.0442196514740396,0.0391069703780484,-0.108913642819924,0.103045073950374,-0.19833745681645,0.203443081232576
"rel_only","r_wid[w2bc0b21,multi_timeAfter]",-0.0291588967264492,0.096214730391623,-0.0708386122716867,0.0183134470123988,-0.153154864471293,0.0682276582257823,-0.266609956746562,0.150205988960368
"rel_only","r_wid[w2c1f2f7,multi_timeAfter]",-0.00403299126751814,0.0934319613265795,-0.0459692824260196,0.0365279197056283,-0.112087602453371,0.101241355990009,-0.213704396688625,0.198993160578919
"rel_only","r_wid[w2c75db7,multi_timeAfter]",0.0198765879209247,0.0958142687555297,-0.0252620723424237,0.0623083868038877,-0.0893157793564408,0.14138784447644,-0.161873185853433,0.244957388590908
"rel_only","r_wid[w2cb5760,multi_timeAfter]",-0.00887872997043802,0.102191072236268,-0.0522040614167842,0.038774059854205,-0.135004249888896,0.106530950079089,-0.23450267212417,0.208487120011514
"rel_only","r_wid[w3002e39,multi_timeAfter]",0.0141914684364536,0.0875100084275745,-0.0243122244984834,0.055866485200537,-0.0849386357174544,0.120935081138424,-0.166465889814721,0.209953723587498
"rel_only","r_wid[w308aa07,multi_timeAfter]",0.0154268912802676,0.0956772150906236,-0.0267782868594006,0.0565883582633569,-0.0849714334032443,0.128016696878091,-0.176574790170432,0.237333495334533
"rel_only","r_wid[w30e05e4,multi_timeAfter]",0.025129481835762,0.0964963502217352,-0.021460868469357,0.0678208812125374,-0.0768033388093842,0.146805259921857,-0.159657513618634,0.255305261337595
"rel_only","r_wid[w311c43d,multi_timeAfter]",-0.0400058728516221,0.0913651434946605,-0.0845377896461814,0.00967615382958661,-0.161889646530999,0.050941826012614,-0.251545965377365,0.114706604024422
"rel_only","r_wid[w313d7aa,multi_timeAfter]",0.0150675394428631,0.0990301241191871,-0.0314737588208193,0.060678234555006,-0.0940997252167044,0.13471305001588,-0.184681296995216,0.246624375390349
"rel_only","r_wid[w31b60c3,multi_timeAfter]",0.0106622837910983,0.0925837612861883,-0.0315241437019491,0.0514322446788569,-0.0922805848352754,0.122393883037367,-0.182728377562131,0.221043110881029
"rel_only","r_wid[w3327d2a,multi_timeAfter]",0.0243386852634811,0.0990608555353561,-0.022500443490798,0.0653259801894364,-0.0750134521863573,0.144648294325435,-0.165928628358155,0.258767892556673
"rel_only","r_wid[w35dbe71,multi_timeAfter]",-0.00820305519811152,0.10023311601997,-0.0542415988865033,0.0385517401522329,-0.123948656607855,0.0999693314689936,-0.239177813839148,0.197601217501819
"rel_only","r_wid[w365c8db,multi_timeAfter]",-0.00988353944598758,0.0923313914989855,-0.0518484779004017,0.0325403152732089,-0.121633810156245,0.0939568800234755,-0.220137724502082,0.176956931035089
"rel_only","r_wid[w367fa57,multi_timeAfter]",-0.0235971390608643,0.0888421154667097,-0.063688106980845,0.0204127320596579,-0.13578754510561,0.0699802976503691,-0.231115767545976,0.144563393451932
"rel_only","r_wid[w36b3d2f,multi_timeAfter]",0.0188330408071208,0.0963574453447191,-0.0268766703046025,0.0643645753183191,-0.090914338622353,0.137359271254501,-0.170071681536357,0.229142732186128
"rel_only","r_wid[w383e1fe,multi_timeAfter]",0.00378659085993875,0.0951751051484618,-0.037165434934091,0.048150138660778,-0.103311591586615,0.116045444970409,-0.201996775876935,0.203423101684537
"rel_only","r_wid[w38a9dbf,multi_timeAfter]",-0.00767615464051286,0.087218867556959,-0.0477703274792344,0.033779899696943,-0.115847026318402,0.0918080319405023,-0.200449921455953,0.175878839206
"rel_only","r_wid[w397496b,multi_timeAfter]",0.0370520887499246,0.0977965907748333,-0.0170354031525828,0.0860294666592227,-0.0639954925632054,0.164600763743513,-0.136478942450427,0.268475822604345
"rel_only","r_wid[w3acba24,multi_timeAfter]",-0.017338923779785,0.0944193369871472,-0.0599573933495232,0.0297587679622496,-0.135136019273734,0.0839581439491803,-0.238463164040417,0.159308645416333
"rel_only","r_wid[w3b16ba3,multi_timeAfter]",-0.0083624356557717,0.096607763455765,-0.0493084262407568,0.0329031430299905,-0.122261947926948,0.0942973659378375,-0.22412873184703,0.20010568065773
"rel_only","r_wid[w3c1c747,multi_timeAfter]",-0.00232210255681383,0.0903559711468187,-0.0451910924203243,0.0395867523279734,-0.108753287662595,0.102369527346299,-0.197029923841143,0.190489266005341
"rel_only","r_wid[w3c538ad,multi_timeAfter]",0.0143541426226829,0.0931423313011126,-0.031003747569866,0.0556223747003004,-0.0848523960481592,0.12779741062063,-0.174807294250163,0.225131972723651
"rel_only","r_wid[w3d5caa9,multi_timeAfter]",-0.0233300849839665,0.0962012542109516,-0.0670819396695721,0.0238149033421346,-0.143871104914914,0.0808101197412185,-0.248924784328689,0.157181137447154
"rel_only","r_wid[w3f5fa74,multi_timeAfter]",0.011698251704327,0.086457205114872,-0.0301299833777918,0.0528477012369397,-0.0836732116412501,0.119574874005561,-0.168141900547886,0.206748353128428
"rel_only","r_wid[w3fb3b5b,multi_timeAfter]",-0.00503778466987943,0.0877681088685082,-0.0450205224983575,0.0370780454795154,-0.11159707917022,0.0930947993991227,-0.199519593970325,0.176697231484933
"rel_only","r_wid[w3fc2d2c,multi_timeAfter]",-0.0172739613259579,0.09861470514486,-0.0585209736504476,0.0273507925561285,-0.134339803791272,0.0899607292348654,-0.252073963160655,0.178474258785126
"rel_only","r_wid[w3fdf5b1,multi_timeAfter]",-0.00797031407765021,0.0945110467166652,-0.0493216579693308,0.0355062557441086,-0.120198519099138,0.0990723838138476,-0.225546558243849,0.183168352861935
"rel_only","r_wid[w409b474,multi_timeAfter]",0.043249677720712,0.101195355758877,-0.0116981381573454,0.0922386856108123,-0.0578355739048421,0.17639514419754,-0.131457658301186,0.281163974512723
"rel_only","r_wid[w4400cbf,multi_timeAfter]",-0.00372310801804465,0.0988526469155243,-0.048544809999285,0.0425388140914353,-0.119495652705091,0.113489429497525,-0.214651819119982,0.207267716324324
"rel_only","r_wid[w44c6cc9,multi_timeAfter]",0.00706817849136755,0.093929110699757,-0.0347045496704056,0.0498250636223162,-0.0985047900751185,0.115471203932618,-0.196506342260256,0.215955991229187
"rel_only","r_wid[w44f5ace,multi_timeAfter]",-0.045860398542062,0.104761718650565,-0.0953585862948861,0.0112996301395122,-0.189455225358475,0.0609344252599907,-0.307508469724851,0.134429732905645
"rel_only","r_wid[w479605b,multi_timeAfter]",0.0136665086579575,0.093036490991947,-0.0283693062655463,0.0547664976069207,-0.0875086378752682,0.127746198251813,-0.173869574786931,0.223052444298534
"rel_only","r_wid[w496c8be,multi_timeAfter]",0.00177562521309889,0.101734693116378,-0.0452229317525155,0.0479473710182383,-0.114653693649566,0.120946192486011,-0.210426730453894,0.226899572643074
"rel_only","r_wid[w49d88d0,multi_timeAfter]",-0.00322513596256164,0.0856100391343783,-0.0429652215856012,0.0349166432274772,-0.104768049998295,0.0945660732428545,-0.186648434424038,0.181962228552729
"rel_only","r_wid[w4a66ba2,multi_timeAfter]",-0.0145542574274346,0.0962861857548296,-0.0595590795619887,0.0308924771268998,-0.131949519968223,0.0915213264913574,-0.233096360144316,0.185941902627366
"rel_only","r_wid[w4a907eb,multi_timeAfter]",0.00126033211798898,0.0835197724774808,-0.0365002799866832,0.0406523361115598,-0.0957380553614005,0.0962433487401632,-0.176768618017733,0.185677860546518
"rel_only","r_wid[w4b6424d,multi_timeAfter]",-0.00057678469433538,0.0924958128725951,-0.0422977043747949,0.0408939550662029,-0.106374276666728,0.107700102487144,-0.206446218001952,0.193470231399176
"rel_only","r_wid[w4bf9dec,multi_timeAfter]",0.00280519954610172,0.0935011505460983,-0.0404622057952543,0.0463785166582043,-0.106582674832194,0.114404286263181,-0.195590075725511,0.200936065929163
"rel_only","r_wid[w4c2a923,multi_timeAfter]",0.0221515943006885,0.0940313065584462,-0.0266709125205413,0.0690628110326226,-0.0802185565689635,0.139401611973807,-0.154715876238013,0.236167367261325
"rel_only","r_wid[w4cc863f,multi_timeAfter]",0.0280180378147278,0.0956292152748265,-0.0217255800484124,0.0733186644558155,-0.0737189055346549,0.150713877513,-0.149596997162692,0.248319370601131
"rel_only","r_wid[w4ccf510,multi_timeAfter]",0.0293692870393295,0.0927927346060723,-0.0184406813464766,0.0711978755734287,-0.0696392785067672,0.150643227145564,-0.13966096244606,0.246859675742387
"rel_only","r_wid[w4db7ccb,multi_timeAfter]",-0.0458972981883771,0.0990600879016308,-0.0919313272056587,0.00694480846803674,-0.176135419265265,0.0495118893807266,-0.280071006843507,0.123924516770119
"rel_only","r_wid[w4dce7b5,multi_timeAfter]",-0.0217193562949837,0.0988800730728914,-0.0638027250992519,0.0256116238013978,-0.141973845259662,0.0809255933008962,-0.255120149576698,0.16791144722665
"rel_only","r_wid[w4dd7b34,multi_timeAfter]",-0.0307933785608527,0.0898514932766307,-0.0716446028956187,0.0158703272128699,-0.150265647525063,0.0601166119521294,-0.245387756997809,0.132129706772303
"rel_only","r_wid[w4ed0320,multi_timeAfter]",0.0195376224500732,0.0998751077749324,-0.0255029623909783,0.0614846599422851,-0.0869619173331205,0.140691460275011,-0.17309114253565,0.260469283823831
"rel_only","r_wid[w504748f,multi_timeAfter]",-0.0360972304040507,0.0990062437023798,-0.0835361795574135,0.0185597910532697,-0.164976611587229,0.0685274604510997,-0.29131605112334,0.133840372188317
"rel_only","r_wid[w5092120,multi_timeAfter]",-0.0532173602942478,0.109010937913487,-0.0980010033185723,0.00685564666489348,-0.192348447155122,0.045708760266229,-0.327765657565538,0.111660527420299
"rel_only","r_wid[w50c12e5,multi_timeAfter]",0.0143712220401437,0.0952660775246288,-0.0301994348645742,0.0570672295001728,-0.0874646299301612,0.126850538758441,-0.179126880682764,0.233324009758762
"rel_only","r_wid[w51664f0,multi_timeAfter]",-0.00252472333431075,0.0979536018874709,-0.0466139381049379,0.0414185081767732,-0.113222859195676,0.108457884526011,-0.216186970853665,0.202956797427494
"rel_only","r_wid[w53209bb,multi_timeAfter]",0.0251897911993793,0.0899412662077505,-0.0200484804180939,0.0653310662919706,-0.0669980387539881,0.141400369549231,-0.137765204115637,0.236903544867243
"rel_only","r_wid[w53b40c8,multi_timeAfter]",-0.000277382351751209,0.10213629518377,-0.0466055164044502,0.0429799966216141,-0.113438601137847,0.116781896406422,-0.208461229670741,0.226671176598912
"rel_only","r_wid[w54c2956,multi_timeAfter]",0.0182380039158901,0.0913006970777266,-0.0241808554196434,0.0592261814784476,-0.0821295459933142,0.134489109350297,-0.172688798435788,0.234403289810951
"rel_only","r_wid[w5685230,multi_timeAfter]",0.0357394940616138,0.0964973199849454,-0.0134300714445783,0.0779423599099811,-0.0597917707149337,0.158077701767599,-0.133611039399883,0.268433573279143
"rel_only","r_wid[w56b42b0,multi_timeAfter]",-0.0274741542173266,0.101116751206551,-0.070870013200571,0.0229781741771004,-0.154727729467969,0.0735609446801753,-0.269054182285799,0.155238633838715
"rel_only","r_wid[w580c449,multi_timeAfter]",-0.0376251700952417,0.0996973068959766,-0.0840431421931022,0.014356928875123,-0.170628182442293,0.0637379937212062,-0.276700253154327,0.136329461599584
"rel_only","r_wid[w593f4a8,multi_timeAfter]",0.0164965489514297,0.0949999150213554,-0.0280235160413161,0.0578213475263034,-0.0848823716285066,0.130687938499703,-0.168267200902331,0.240805139320713
"rel_only","r_wid[w59b3a22,multi_timeAfter]",-0.0423946577313335,0.104398282840676,-0.0968887468518046,0.0145589192164606,-0.177882192557535,0.0646112785170546,-0.291965010021597,0.141854132238222
"rel_only","r_wid[w59c9d33,multi_timeAfter]",0.000516565966848982,0.0867918763119222,-0.0408209071149812,0.0416380402142327,-0.100899468193594,0.101542988534839,-0.190611167964883,0.188550673395187
"rel_only","r_wid[w5ab5786,multi_timeAfter]",-0.0148854581954096,0.0959790183321386,-0.0598881799655738,0.0295013153354186,-0.131064092962413,0.090953668257521,-0.234779261866167,0.177938561045072
"rel_only","r_wid[w5d6df14,multi_timeAfter]",-0.00565378492469063,0.0944522414694306,-0.0517398299835986,0.0421379389767323,-0.119514927783658,0.10584060723825,-0.209329300802156,0.18664468862923
"rel_only","r_wid[w5ec388a,multi_timeAfter]",-0.0110515442395753,0.102434867237428,-0.0552576249820394,0.0345668119469763,-0.133666501830428,0.10332984312726,-0.240804956888581,0.20295642131878
"rel_only","r_wid[w5f010fa,multi_timeAfter]",-0.0298100115601007,0.0993808027701562,-0.0732210942474449,0.0202445551529879,-0.155523773955713,0.0718724165992014,-0.268632272438696,0.144148460663654
"rel_only","r_wid[w5f68d79,multi_timeAfter]",0.0293586637585818,0.0927153249697846,-0.0169172348335708,0.0716378736147541,-0.0704208057168483,0.149229673143927,-0.143164512279426,0.248277818319789
"rel_only","r_wid[w5fb19e8,multi_timeAfter]",0.00147678203701537,0.0921084044033295,-0.0407587561509331,0.0429623203022962,-0.106679435394453,0.110606357000603,-0.199240203078613,0.200173020680798
"rel_only","r_wid[w601970c,multi_timeAfter]",-0.00189881383803384,0.093260464643886,-0.0439023533388603,0.0393575540955836,-0.108278955062695,0.102154106521119,-0.205702660805637,0.197612255721994
"rel_only","r_wid[w605fd50,multi_timeAfter]",0.0298146653116529,0.0985818231548091,-0.0177851521539837,0.0740389627035499,-0.072644962032798,0.151755266220044,-0.151417751427536,0.265918469876805
"rel_only","r_wid[w60e6ea8,multi_timeAfter]",0.0293148076299214,0.0979763670373332,-0.0175492231310174,0.0739353009005284,-0.0692369876033768,0.149934409407355,-0.153085547216273,0.2588846316118
"rel_only","r_wid[w610dd08,multi_timeAfter]",-0.0146176869472605,0.093843241228303,-0.0556057006002973,0.0294676506714004,-0.127274620061378,0.0866589287800584,-0.217728045978263,0.172603421820448
"rel_only","r_wid[w612200e,multi_timeAfter]",-0.0440609499714724,0.114875288384277,-0.100852784270875,0.0204212908326813,-0.199303933044914,0.0820100284616017,-0.310276861300689,0.163187810794628
"rel_only","r_wid[w61b360a,multi_timeAfter]",-0.0348238654185191,0.0920010873001366,-0.0796159912997807,0.0134660137597343,-0.157898476823464,0.0585091485240392,-0.249730222600312,0.129073435155073
"rel_only","r_wid[w63ea659,multi_timeAfter]",0.04294901347634,0.102155708162219,-0.0142094692247032,0.092369675539837,-0.0594790051400692,0.183816324411368,-0.12891336417206,0.288143854263217
"rel_only","r_wid[w6849aab,multi_timeAfter]",-0.00149934011434823,0.0935998403019007,-0.0442649312733909,0.0450340964018253,-0.113832240774236,0.103688294827657,-0.202447920963844,0.194001095986988
"rel_only","r_wid[w6870249,multi_timeAfter]",0.027143958761943,0.0925846979593398,-0.0217113173897817,0.0742208517230487,-0.0722170496371974,0.148790865853336,-0.149461387917495,0.238360653974108
"rel_only","r_wid[w68730bb,multi_timeAfter]",-0.00988538955948277,0.091407412849095,-0.0519809663208888,0.0348575139841829,-0.118769251305875,0.0945913062239032,-0.2158394409848,0.174952430314696
"rel_only","r_wid[w68e5aed,multi_timeAfter]",-0.0153239455930132,0.0939823842791087,-0.0605980153531811,0.0304970168900058,-0.127796288382866,0.0885329959174003,-0.226347256436574,0.177446885800693
"rel_only","r_wid[w6a59bb5,multi_timeAfter]",-0.0532311118931889,0.0966836972871848,-0.102165879368908,0.00485128455410056,-0.186324014432662,0.0387495377236568,-0.291676845645574,0.100225547789846
"rel_only","r_wid[w6bec3e7,multi_timeAfter]",0.0234699645275999,0.0995938015005986,-0.0250860583820872,0.0692727859675719,-0.0788771397789501,0.145833327291641,-0.17474098840691,0.260486956246171
"rel_only","r_wid[w6cbe87c,multi_timeAfter]",-0.00610172829661274,0.0902388879547356,-0.0490460511877513,0.0372146367120347,-0.115483797225416,0.0962084210207366,-0.198302673517509,0.190220901594797
"rel_only","r_wid[w6dd030e,multi_timeAfter]",-0.0182309900134723,0.103212594754942,-0.0626104779730642,0.030343319108327,-0.147805856847467,0.0941355158176744,-0.254958830738484,0.185719298742752
"rel_only","r_wid[w6ea0c26,multi_timeAfter]",-0.00705257035148559,0.0945089253521517,-0.0489789017308148,0.0361326387262955,-0.120763731533746,0.100493136736405,-0.216354089008761,0.188720859280066
"rel_only","r_wid[w6eb92cc,multi_timeAfter]",-0.0020346231840648,0.0925306186352399,-0.0471237837810697,0.0399662988084361,-0.112044113338364,0.1089243713336,-0.201990863744279,0.201008923056942
"rel_only","r_wid[w7232115,multi_timeAfter]",0.0045324451147146,0.0939997200680932,-0.0372193524300094,0.0464733661623884,-0.0991624019184156,0.113647346507495,-0.199126076622769,0.205791855098371
"rel_only","r_wid[w737e6e4,multi_timeAfter]",0.0329985632743657,0.0979836515845302,-0.0152170725413254,0.075722758234267,-0.0643490031191003,0.156032655536137,-0.140219825331283,0.266191896207204
"rel_only","r_wid[w768a02c,multi_timeAfter]",-0.00121318876789376,0.0935182024358281,-0.040554825063206,0.040118190452918,-0.111497806215825,0.106614658492614,-0.196911073374029,0.199889777610863
"rel_only","r_wid[w77b72cf,multi_timeAfter]",0.0510766511289639,0.0979217740542597,-0.00602164093690259,0.100371476386521,-0.0438394084667074,0.182823907046637,-0.110264787729175,0.2904224051316
"rel_only","r_wid[w7800d0f,multi_timeAfter]",-0.0394514564699216,0.0949814967032737,-0.0850001017293673,0.0126620330900487,-0.162678709052723,0.0560454600838919,-0.259204223482143,0.123552923310246
"rel_only","r_wid[w786d2f3,multi_timeAfter]",0.0309876132510197,0.0943606325200175,-0.0163527717702376,0.0731403255509398,-0.067255430012283,0.152977062115457,-0.137437099933291,0.255295539114695
"rel_only","r_wid[w7a2af65,multi_timeAfter]",-0.0358391008242609,0.0915953448048707,-0.0783561306533481,0.0125148593451945,-0.160587001452717,0.0564584149767919,-0.260972056831649,0.126641217845303
"rel_only","r_wid[w7a38a77,multi_timeAfter]",-0.00302685408517944,0.0865360401153719,-0.0462702314222114,0.0353724675021127,-0.103205037173107,0.0998099028143813,-0.181974612674515,0.183336220901534
"rel_only","r_wid[w7bfe168,multi_timeAfter]",-0.0312830304388075,0.0901421164632752,-0.075328971755584,0.0158583065997099,-0.149582238090663,0.0601873311482313,-0.2459921696837,0.131968315694196
"rel_only","r_wid[w7dbf1a9,multi_timeAfter]",0.00998568160762638,0.0863237355137981,-0.0302725899686676,0.0491251575891569,-0.0866879055693469,0.111117379141531,-0.1734091086774,0.208176900354574
"rel_only","r_wid[w7f5e428,multi_timeAfter]",-0.0466958020554959,0.0968107411455148,-0.0916940818964395,0.00667742263319743,-0.169516757902939,0.0466086876358961,-0.286409958613151,0.11056552400858
"rel_only","r_wid[w7f90916,multi_timeAfter]",0.00799118906031412,0.0949748408665404,-0.0368285757615072,0.0489401622293537,-0.0972441956617539,0.122254649922396,-0.189482388823153,0.226084508340578
"rel_only","r_wid[w82f4ec0,multi_timeAfter]",-0.039649405635023,0.0995952720820577,-0.084178463332066,0.0145268065341865,-0.169396105879708,0.0603197399300531,-0.284252222078254,0.132329406056966
"rel_only","r_wid[w8363ab3,multi_timeAfter]",0.0087266015229336,0.098958925033884,-0.0432734886522589,0.057079807373395,-0.107089662674764,0.131155817717606,-0.190808093677329,0.235488538028226
"rel_only","r_wid[w83687da,multi_timeAfter]",0.0549639215498177,0.0997362316961617,-0.00422466644410253,0.103871020884374,-0.0370527326299327,0.190266701845253,-0.10424710418547,0.305067388302826
"rel_only","r_wid[w8843fd3,multi_timeAfter]",0.0480794750642932,0.0960802885788461,-0.00642311365948884,0.0919977513888389,-0.0430913840086801,0.177285463600861,-0.104850925590962,0.284952391286993
"rel_only","r_wid[w88c84d1,multi_timeAfter]",0.0116684001776514,0.0863660351727548,-0.0296830731071112,0.0506195114880534,-0.0835059157627128,0.115159903997365,-0.161494671288668,0.208682959435759
"rel_only","r_wid[w88e738d,multi_timeAfter]",0.0155719235566937,0.0899002871452977,-0.0281814237299291,0.0591297473891464,-0.0854341124595787,0.122128510717546,-0.163241920266198,0.222467984078455
"rel_only","r_wid[w896f77a,multi_timeAfter]",-0.0272291366639039,0.0940226955610204,-0.0699518997879345,0.019290861412591,-0.14494880619949,0.0663679446963616,-0.249152384965904,0.154667963826991
"rel_only","r_wid[w8d745f1,multi_timeAfter]",-0.0172751564603068,0.102071073003336,-0.06352109777318,0.0334466279012557,-0.145371984883129,0.0959118602042889,-0.254136298927603,0.17968786735669
"rel_only","r_wid[w8de3f64,multi_timeAfter]",-0.00283407097849825,0.0855158080308063,-0.0410869425310282,0.036767713367513,-0.105078405210242,0.0937194184457446,-0.18471018714675,0.177002276462947
"rel_only","r_wid[w8e07aa1,multi_timeAfter]",0.00316000902277496,0.0880110734039854,-0.0380063999822362,0.0403568557058968,-0.0980038728506418,0.108093345020755,-0.183463046129948,0.20263212512398
"rel_only","r_wid[w8efa7d8,multi_timeAfter]",-0.0337988669496208,0.115167971362105,-0.0923486086873305,0.0292896862291575,-0.18332238559304,0.0944178076371852,-0.295392804611308,0.179724033320481
"rel_only","r_wid[w9051394,multi_timeAfter]",0.0042767192825755,0.0955717925641741,-0.0376390308173537,0.0427813770027007,-0.105762571664015,0.114241043760884,-0.196611097300324,0.217208822067894
"rel_only","r_wid[w90f4896,multi_timeAfter]",-0.00235001590867129,0.0944365382919215,-0.0418734336613668,0.0410484878042608,-0.114467032109285,0.104980726928773,-0.216275014603458,0.18905352813763
"rel_only","r_wid[w9173175,multi_timeAfter]",0.0345983905888857,0.0898149083563248,-0.0119741645361925,0.0773664840993761,-0.0535817302958312,0.150038600656418,-0.124729541848229,0.252507057873155
"rel_only","r_wid[w9182e0b,multi_timeAfter]",-0.0115449311835495,0.0908738385590513,-0.0577958584363183,0.0303894372812942,-0.120944140163727,0.0902725992427404,-0.214733618971939,0.177869949346426
"rel_only","r_wid[w924a500,multi_timeAfter]",0.000212333699738831,0.0967022260209521,-0.044710205989449,0.0443733479255498,-0.111084707317063,0.109710205743777,-0.208372676342791,0.205049284237353
"rel_only","r_wid[w941cd9f,multi_timeAfter]",0.0385308568773396,0.0956252407505169,-0.0120368792978249,0.0816848194448622,-0.0558387768846782,0.169235150760311,-0.124772922917993,0.276520038871465
"rel_only","r_wid[w95167ae,multi_timeAfter]",0.00820604216468848,0.0856893812536036,-0.0299109717650271,0.0463168072352277,-0.0819655905046258,0.109757728489323,-0.1737134600121,0.198344953519135
"rel_only","r_wid[w960c4a6,multi_timeAfter]",0.0588728593341181,0.101210550455788,-0.00243851262556915,0.107672538188847,-0.0354708966203292,0.192170041701208,-0.0941592646167763,0.307330400905146
"rel_only","r_wid[w962c662,multi_timeAfter]",-0.0111776636061289,0.0953842042139636,-0.0560081741550057,0.0336663127007782,-0.128513808022283,0.0947086458766797,-0.226758928110159,0.178560602791868
"rel_only","r_wid[w9a08173,multi_timeAfter]",0.018503179284236,0.0892085506362674,-0.025561005265477,0.0584013477875801,-0.078728406401366,0.132157983680777,-0.150742951159964,0.221420252133492
"rel_only","r_wid[w9a0bd8d,multi_timeAfter]",0.037448771899933,0.0966665615272307,-0.0161080144885867,0.0862654315475713,-0.0622966351785124,0.16436401750775,-0.131958390346312,0.271896718592552
"rel_only","r_wid[w9b641f6,multi_timeAfter]",0.0297081125998844,0.0933100640281849,-0.0193028759279599,0.0755674189540885,-0.0684920159109789,0.148253709372429,-0.147983569389986,0.244927482575138
"rel_only","r_wid[w9b9abef,multi_timeAfter]",0.0333080981187564,0.0983015492570093,-0.0157872862380353,0.0804583966457826,-0.0684285515618927,0.159545069308135,-0.151244066862556,0.263816492176902
"rel_only","r_wid[w9bde09f,multi_timeAfter]",-0.00393949147421017,0.100188904934477,-0.0527551588293696,0.0453365537517997,-0.123898212299823,0.118537928479749,-0.223835991661608,0.200414053310778
"rel_only","r_wid[w9cf2bd7,multi_timeAfter]",-0.0228941539256394,0.085145149176428,-0.062971726035102,0.017222559450675,-0.128987599749688,0.0655313167308744,-0.223048506221613,0.142571576584004
"rel_only","r_wid[w9f7c438,multi_timeAfter]",0.0101407238980681,0.0945990701905376,-0.034381231358253,0.0532319627613308,-0.0957391324751306,0.125988461113735,-0.187268244326075,0.221957051586573
"rel_only","r_wid[wa022482,multi_timeAfter]",-0.0189233871806938,0.0921854024233723,-0.0656975687052102,0.0294340373639542,-0.135425886941616,0.0836084670726065,-0.22445517415917,0.167500727689771
"rel_only","r_wid[wa136b3d,multi_timeAfter]",-0.0106467528861356,0.0841005894153895,-0.0504306846524709,0.0298096888259067,-0.112246034603224,0.0851913276290573,-0.200261075434814,0.163121977897456
"rel_only","r_wid[wa1909e0,multi_timeAfter]",0.00341117533113886,0.0899472026894013,-0.0368997702105189,0.0442041488807015,-0.099078679157568,0.107169497083121,-0.192296585257388,0.206430498671169
"rel_only","r_wid[wa1a03f2,multi_timeAfter]",0.00438212036512439,0.0882289051565258,-0.0374911570700946,0.0459061761269023,-0.100305489437088,0.107388548024459,-0.17557201472267,0.194875789598953
"rel_only","r_wid[wa4fe3e4,multi_timeAfter]",-0.0706375333989912,0.107905816672452,-0.12227226500321,0.000303680915934244,-0.219962301800617,0.029997306720382,-0.340310441980187,0.0854344141951035
"rel_only","r_wid[wa5817fc,multi_timeAfter]",0.0118233479790268,0.0901981113457757,-0.0312264023279313,0.0500964228503306,-0.0867990633881463,0.121201611188911,-0.164009397475197,0.214220779815145
"rel_only","r_wid[wa6daa50,multi_timeAfter]",0.0120058124295267,0.0979709872544501,-0.0342905774751234,0.0560153910503815,-0.0996802159475705,0.130484658415301,-0.182782834276948,0.235662487811527
"rel_only","r_wid[wa79cf20,multi_timeAfter]",0.0405419428419945,0.0998951728643845,-0.011171137751253,0.0824420794288878,-0.054713319184897,0.172182648205171,-0.128183026302676,0.291730189236687
"rel_only","r_wid[wab226bf,multi_timeAfter]",0.00859440965949127,0.0935208343901214,-0.0335986234300232,0.0487056648044692,-0.0942150273262886,0.11928227245484,-0.179086612026525,0.219565222096736
"rel_only","r_wid[wab70ec3,multi_timeAfter]",-0.0415029283662725,0.094816166614633,-0.0875073942772318,0.0117677162296906,-0.16692743562072,0.0545365926866739,-0.273117794898473,0.115035527666529
"rel_only","r_wid[wace8728,multi_timeAfter]",0.00169732746366961,0.0952398536074664,-0.0410268386101565,0.0438510140210436,-0.106507745784064,0.109796536177083,-0.199439828199895,0.203667182156284
"rel_only","r_wid[wad32437,multi_timeAfter]",-0.00247585035730777,0.099977072026649,-0.0495416803808352,0.0427645312469554,-0.118101304622693,0.114060553100053,-0.217474631709957,0.218597762989182
"rel_only","r_wid[waf52734,multi_timeAfter]",-0.00130750254285161,0.0914889219167637,-0.045233007141802,0.0435281179664332,-0.107867318876404,0.104920183895921,-0.19266765123525,0.193099207357677
"rel_only","r_wid[waf9be39,multi_timeAfter]",-0.0421954986636964,0.0930935193243839,-0.0862175930942122,0.00925295829507827,-0.165359950999333,0.0488634463219904,-0.268552570905167,0.115039398107022
"rel_only","r_wid[wafacea9,multi_timeAfter]",-0.00342792388337756,0.0999544656440902,-0.0469248878216767,0.0439817779903673,-0.128785956932802,0.109690307691464,-0.218690064990091,0.196193646817081
"rel_only","r_wid[wb0b75c3,multi_timeAfter]",0.00115068559961364,0.0956765782618847,-0.0405618636214793,0.042733591813963,-0.108630077006145,0.111794801201047,-0.203475208311629,0.206088922570444
"rel_only","r_wid[wb2d9807,multi_timeAfter]",-0.0257569832077401,0.0989453851187732,-0.0688527619969474,0.0229416141540612,-0.153675333545532,0.0723376007039399,-0.258051943177572,0.157021106435766
"rel_only","r_wid[wb361f36,multi_timeAfter]",-0.018449812047488,0.0911209121858498,-0.0636461690371807,0.0287564279710599,-0.133119144636696,0.0833189350692324,-0.225793797838123,0.15764667835409
"rel_only","r_wid[wb56c2d3,multi_timeAfter]",-0.0129493016725903,0.097177401944367,-0.0586335778885889,0.0315292156823883,-0.129325539096345,0.0961532239202906,-0.237102674009434,0.195166416204289
"rel_only","r_wid[wb5c4def,multi_timeAfter]",0.0178247775930924,0.0898217643020944,-0.0254644379549768,0.0592778330171962,-0.079231315658683,0.124362031387963,-0.15434971421595,0.219673816840866
"rel_only","r_wid[wb6ad69e,multi_timeAfter]",0.00491746034668839,0.0926224679041042,-0.038913447938806,0.0496262997168607,-0.0984139207889973,0.111268206213382,-0.192281169611615,0.207030057033168
"rel_only","r_wid[wb772565,multi_timeAfter]",0.00152399498932763,0.0944622618700297,-0.0418075471283091,0.0431666213270669,-0.107221097759685,0.112502403894266,-0.200527746000257,0.201865479855872
"rel_only","r_wid[wb85c4ff,multi_timeAfter]",0.00913372689275011,0.0874113779403828,-0.033995286109906,0.0485621604037273,-0.0863141900355355,0.115749286338986,-0.17213859479711,0.205884179029184
"rel_only","r_wid[wb8feabb,multi_timeAfter]",-0.0230890637926889,0.0905507525696338,-0.0647695583631298,0.0224993886028816,-0.139198531721274,0.0748420857004816,-0.234984557163151,0.146424028079481
"rel_only","r_wid[wb966154,multi_timeAfter]",-0.00217894551117106,0.0884733946084951,-0.0421569040345451,0.0380813591930112,-0.103826676521755,0.100147586979642,-0.197081932793572,0.187774671342611
"rel_only","r_wid[wbb74717,multi_timeAfter]",-0.020153700356344,0.086613081753901,-0.0613351990306071,0.0225640596783151,-0.130813480977707,0.074392036347246,-0.223616457865172,0.150617159963207
"rel_only","r_wid[wbc79189,multi_timeAfter]",0.0194796867896772,0.0969414193494181,-0.0280502043800873,0.0612326980317675,-0.0840534641842997,0.140579443262065,-0.165352277796599,0.254063450510713
"rel_only","r_wid[wbd0314c,multi_timeAfter]",-0.00788793619094152,0.0852481699575297,-0.0492545142922887,0.0332809679796338,-0.112197058152732,0.089534887889789,-0.195275185361709,0.16698914337858
"rel_only","r_wid[wbe2faf8,multi_timeAfter]",0.0116702103188415,0.0888419660713659,-0.0309869009398136,0.0527487577105966,-0.0850412639209128,0.120295174929706,-0.162482171334209,0.209987260913924
"rel_only","r_wid[wbe569b5,multi_timeAfter]",0.024662485634394,0.099680201576242,-0.0213353633262636,0.0662235101494473,-0.0773190471384882,0.147181891489734,-0.168688331074508,0.261830646432138
"rel_only","r_wid[wbe9243a,multi_timeAfter]",-0.0109437295231926,0.0937095111569437,-0.0518404498689416,0.0341459671946799,-0.127347543194738,0.0921893094727935,-0.229567215050796,0.179486981646106
"rel_only","r_wid[wbf1c81e,multi_timeAfter]",-0.00639906842546229,0.0903364946457812,-0.0496989189432846,0.0366822700148469,-0.116238097515131,0.098106503050191,-0.198556428716785,0.188973579718375
"rel_only","r_wid[wc097323,multi_timeAfter]",0.0220337108975489,0.0937395305410568,-0.023913021107668,0.0631207293884931,-0.0753786209289059,0.135857564729662,-0.154332079460766,0.25357041100076
"rel_only","r_wid[wc0a4260,multi_timeAfter]",-0.0442284745905254,0.102368834207692,-0.0877029248591116,0.0102697101443702,-0.176651782595729,0.0525160751481562,-0.307125097352041,0.123267739556993
"rel_only","r_wid[wc16f522,multi_timeAfter]",-0.00374785065071509,0.0920581629121217,-0.0455061947598346,0.0369774609748746,-0.111594655576552,0.100329757385519,-0.200013824741211,0.191298695859728
"rel_only","r_wid[wc263e54,multi_timeAfter]",-0.0106582052464288,0.0956045062084483,-0.0546870703178684,0.0332355156487885,-0.124678668544581,0.0958570161753544,-0.212172248355703,0.182686362502231
"rel_only","r_wid[wc294ae3,multi_timeAfter]",0.00827708814759304,0.0893486436152215,-0.0319771061082628,0.0488607991662679,-0.0923060523939089,0.112028337884251,-0.17258646692954,0.204521259790009
"rel_only","r_wid[wc43fbaa,multi_timeAfter]",-0.00217706585079656,0.100959596224106,-0.0492046923434032,0.0454027794069781,-0.120304179894295,0.113433712515387,-0.225782393618763,0.211438760705435
"rel_only","r_wid[wc4c38a3,multi_timeAfter]",0.0290627978287979,0.0946811606188002,-0.0180523618955204,0.0685000641585343,-0.0685123772403337,0.151496206280107,-0.147665940911246,0.257538991796021
"rel_only","r_wid[wc512962,multi_timeAfter]",-0.00668242593936261,0.0902928063141943,-0.0458035321063595,0.0333484924921712,-0.110775010619255,0.0928364800604371,-0.209178637816276,0.183878461616368
"rel_only","r_wid[wc54132b,multi_timeAfter]",-0.0329239852871549,0.0910103479892153,-0.0732098182323398,0.0141074707091918,-0.152924629800325,0.059349975959194,-0.24519847868302,0.134137016032155
"rel_only","r_wid[wc55b6c8,multi_timeAfter]",0.0599803783000059,0.101727176962612,-0.00373216256555607,0.113145807948376,-0.0379480133418861,0.199254634830692,-0.101637694378194,0.307303792688139
"rel_only","r_wid[wc628bde,multi_timeAfter]",0.0450643539187462,0.0937173704680978,-0.00833097205939016,0.0869353365942875,-0.0469201772718468,0.171659903844248,-0.100602826826557,0.269710695431683
"rel_only","r_wid[wc6f0e84,multi_timeAfter]",-0.0104457647363739,0.0953152780378215,-0.0534970612168748,0.0348876754989421,-0.125082916260858,0.0935693399604569,-0.224946180738151,0.190404204985149
"rel_only","r_wid[wc73f4d8,multi_timeAfter]",-0.0269148633490244,0.0988882733147361,-0.071841363463733,0.0204734303191568,-0.150332820134441,0.0716327373047599,-0.266924230412792,0.156992656273339
"rel_only","r_wid[wc8b5d36,multi_timeAfter]",0.0218589121339531,0.0963137744319098,-0.0253141061027432,0.0621349482569399,-0.0820055142573024,0.139978649859749,-0.153417982254174,0.250584307313419
"rel_only","r_wid[wcc033bc,multi_timeAfter]",-0.000699495515685352,0.094520637295444,-0.0421967131940035,0.0417356933678604,-0.110193750442051,0.108709843892724,-0.205688812863447,0.207043301163608
"rel_only","r_wid[wcc15547,multi_timeAfter]",-0.0335305694466395,0.0997248755479499,-0.0790154056412638,0.0179972735091949,-0.161743650501029,0.0703198599424928,-0.278269831232917,0.148215212028548
"rel_only","r_wid[wcc4ec90,multi_timeAfter]",0.0346975936670817,0.0933332094782365,-0.0121488654148402,0.0785191322151553,-0.0573870402768203,0.152464887205167,-0.13603929982634,0.252754599219208
"rel_only","r_wid[wcd98054,multi_timeAfter]",-0.0196519953003107,0.0902895453270305,-0.063206771492596,0.0233764393451932,-0.129507744701439,0.0753285145601539,-0.2202929732217,0.162650551359078
"rel_only","r_wid[wd0724cf,multi_timeAfter]",0.00351212753341525,0.0930167250407225,-0.0370540151870963,0.0459484785530356,-0.100662982078472,0.110616690410033,-0.193673478611021,0.209009011369426
"rel_only","r_wid[wd07cb72,multi_timeAfter]",0.00679001316897774,0.101283893215151,-0.0406756192599398,0.0516225169686512,-0.105561940701669,0.12653212417368,-0.201928957339395,0.222258745005503
"rel_only","r_wid[wd20dd5c,multi_timeAfter]",-0.0357010324322863,0.0909601429095278,-0.0756440981835004,0.0130967192989444,-0.150721426703341,0.0572089895736164,-0.25330042666192,0.116453730358648
"rel_only","r_wid[wd238f0c,multi_timeAfter]",0.0326541060193599,0.094885356988378,-0.015200444479016,0.0734367504197708,-0.0617245115746979,0.155229257783648,-0.128750896240218,0.258120012487896
"rel_only","r_wid[wd47555e,multi_timeAfter]",0.0119240851884685,0.095189088848049,-0.0342909614973124,0.053584615368071,-0.0908143961675103,0.128869633071776,-0.176256259055926,0.229432933879543
"rel_only","r_wid[wdab535b,multi_timeAfter]",0.00170040089030958,0.0905889663530391,-0.0401556728050728,0.0408584350275123,-0.10227110337439,0.107857666240944,-0.185104032775467,0.202066853435221
"rel_only","r_wid[wdad9375,multi_timeAfter]",-0.00539762387773649,0.0915047962412248,-0.048024811971948,0.0366848145099682,-0.11463002815333,0.100637496495358,-0.208107478988448,0.187788887318868
"rel_only","r_wid[wdd486da,multi_timeAfter]",0.0115933798780332,0.0913021271583127,-0.0350668768240543,0.0537317826638204,-0.0897071422606859,0.126373367439378,-0.167083295128363,0.211850004330743
"rel_only","r_wid[wdde7ef1,multi_timeAfter]",0.0169418577819187,0.099569270069718,-0.0284059625528551,0.0624232328887405,-0.0891482964662868,0.13487635441144,-0.187645356377173,0.239927961192374
"rel_only","r_wid[wdea5d27,multi_timeAfter]",-0.0164666218748868,0.0883835702234226,-0.0567693706020685,0.0245252281118019,-0.125545929103485,0.0821429791144051,-0.216419644832747,0.160441143731971
"rel_only","r_wid[wdfdc927,multi_timeAfter]",0.00679268655858088,0.0948565974712059,-0.0352918463878651,0.0488144948029908,-0.0998264920581498,0.118251510357839,-0.188721505462038,0.214898618323656
"rel_only","r_wid[we10d2c6,multi_timeAfter]",-0.0191428745676938,0.0991072676753847,-0.0618138890571828,0.0279826374454617,-0.144425709639698,0.0870860349755745,-0.25360766539432,0.180303421548394
"rel_only","r_wid[we1b8e64,multi_timeAfter]",0.00307082920934846,0.0955637773691226,-0.0382382670022465,0.0445794301696288,-0.104052249664694,0.119537176249534,-0.201323694303478,0.215761794248724
"rel_only","r_wid[we2434bb,multi_timeAfter]",0.0114827206832526,0.0968461559672962,-0.0309978199710974,0.0535324695413848,-0.0944453614377476,0.126643318152692,-0.181775758583465,0.229656254488075
"rel_only","r_wid[we245fc8,multi_timeAfter]",0.0173874198276786,0.0898532006677559,-0.0275695318545015,0.0600698862418244,-0.0821235057570573,0.126890721463917,-0.155579399257845,0.220799795081633
"rel_only","r_wid[we24a9dd,multi_timeAfter]",-0.0107916273604325,0.0903398006545482,-0.0507807510485549,0.0306737662056377,-0.12097208973252,0.0896244451458886,-0.220389579853447,0.176547054538319
"rel_only","r_wid[we26c55e,multi_timeAfter]",-0.0212485666018074,0.093684632522098,-0.0616354236138108,0.0252312976217184,-0.139619413225594,0.0792808896263828,-0.251704540147323,0.153557648926519
"rel_only","r_wid[we38f335,multi_timeAfter]",-0.0399354855796741,0.105527735885606,-0.0863037759687441,0.0138198945008668,-0.17949347646854,0.0641661143666666,-0.289922291043002,0.137606804482859
"rel_only","r_wid[we39fc55,multi_timeAfter]",-0.069229590551189,0.106078100011082,-0.119910020268237,0.000461865919657119,-0.211976954130147,0.0291897834415828,-0.340685949387195,0.0836492552120394
"rel_only","r_wid[we40084a,multi_timeAfter]",-0.00522420216495043,0.0991729337194698,-0.0554248123094813,0.0461962469124896,-0.124033880539433,0.109219875173315,-0.221852147908483,0.193596450014449
"rel_only","r_wid[we4edfb4,multi_timeAfter]",-0.00198693854720786,0.0883673740353304,-0.0425457880330973,0.041771822484993,-0.106468221466945,0.100797817322953,-0.202389183383153,0.178774280206975
"rel_only","r_wid[we55dec7,multi_timeAfter]",0.0198985405418835,0.0861035480767221,-0.0235083423912468,0.0587385213246087,-0.0742689585132365,0.131660209743333,-0.143920511911485,0.224749303823251
"rel_only","r_wid[we58a710,multi_timeAfter]",0.021121389252001,0.0995665547394158,-0.0289538405675629,0.0636946604647515,-0.0842660832186638,0.14658942151477,-0.164252285284396,0.260168037410763
"rel_only","r_wid[we824ff2,multi_timeAfter]",0.0836604490346281,0.115206368942069,0.00133783190222287,0.145195029033841,-0.022529385824138,0.244223826476154,-0.0709504564734978,0.373805639759397
"rel_only","r_wid[we83fa8f,multi_timeAfter]",0.0639622636427183,0.103181142447014,-0.00194510808162234,0.116373347158359,-0.0319950504838192,0.203512241653867,-0.0901578195498554,0.325224690501985
"rel_only","r_wid[we90925d,multi_timeAfter]",-0.00501109087468135,0.0925784823551414,-0.0460382472567509,0.039999352490595,-0.114811147802492,0.101306614315243,-0.213946262772131,0.184345414937467
"rel_only","r_wid[we9631be,multi_timeAfter]",-0.0480598789316877,0.107443714147133,-0.0996126048139214,0.012451802326718,-0.188074543235192,0.0586863791882783,-0.318368395142153,0.129750971641467
"rel_only","r_wid[we9754da,multi_timeAfter]",0.0394124031690627,0.0950561437209452,-0.00884110660565489,0.0825151094598793,-0.0512314157287858,0.160975134828586,-0.129742981225825,0.266550276256722
"rel_only","r_wid[wea09e5e,multi_timeAfter]",0.0129325105373077,0.0940111579431437,-0.0299344107574652,0.0548930089614225,-0.089717254817547,0.124401325421281,-0.180430471489155,0.232532864747036
"rel_only","r_wid[wea8ef8e,multi_timeAfter]",-0.00659415607593951,0.0930505034664703,-0.047187599587635,0.0351432663002888,-0.117372338586457,0.0993253571998654,-0.214571025141495,0.17923195105085
"rel_only","r_wid[webf5097,multi_timeAfter]",0.0246354267056881,0.0954033912738312,-0.0211414038013254,0.065695306090735,-0.0736372330244393,0.14470553020147,-0.156004123822926,0.249568408996433
"rel_only","r_wid[wed3d878,multi_timeAfter]",-0.0126069777133493,0.0946263789327192,-0.0522755153588489,0.0309015219937742,-0.126550765016699,0.0887870489198629,-0.231313563922329,0.178641795467891
"rel_only","r_wid[wee338ab,multi_timeAfter]",0.0362329340723445,0.0910759409193686,-0.0112231709067886,0.0806399902648143,-0.0532546164442519,0.152737625268246,-0.124850570715499,0.249358193331518
"rel_only","r_wid[wf2f2835,multi_timeAfter]",0.007582080426546,0.0910432019379029,-0.0359493617234387,0.0498835399427141,-0.0944462638380446,0.120579718257171,-0.184117076755576,0.208145782156558
"rel_only","r_wid[wf456a28,multi_timeAfter]",0.0307836483525236,0.0920941460637734,-0.0172467678557306,0.0755570725720901,-0.0647593142282674,0.147003187768993,-0.148731055366101,0.246445696478751
"rel_only","r_wid[wf469935,multi_timeAfter]",0.0238430818788536,0.094476581686628,-0.0218593384518058,0.0650339518399365,-0.0758553436663603,0.140721616149518,-0.158935620120293,0.248853923711965
"rel_only","r_wid[wf537da7,multi_timeAfter]",0.00481316208990384,0.0819091355658569,-0.0342820120133849,0.0443874572656549,-0.0866027093385,0.102726002731924,-0.172854742709228,0.177374194060828
"rel_only","r_wid[wf60f9d4,multi_timeAfter]",-0.05446268819629,0.100061005939213,-0.10319990733411,0.00542662474471969,-0.187247256715341,0.0407386208302908,-0.303833768973662,0.097778529238538
"rel_only","r_wid[wf63b737,multi_timeAfter]",0.014557344269882,0.0932245197576535,-0.0297104182263625,0.0567364576015324,-0.0872067941862651,0.127779094425895,-0.173276709627502,0.219744200974436
"rel_only","r_wid[wf63c50b,multi_timeAfter]",-0.0249014454909438,0.0956038010433811,-0.0670060257666293,0.0216320161827554,-0.146766640901958,0.0762347121203947,-0.251675686998209,0.151682011581331
"rel_only","r_wid[wf646ea3,multi_timeAfter]",-0.0835215516775071,0.12335001670166,-0.148426965030546,-0.000215602392708603,-0.246349006431118,0.0321282916162068,-0.379713904464974,0.100589183477637
"rel_only","r_wid[wfbb00e1,multi_timeAfter]",-0.00847490303927813,0.0929519107043883,-0.0481309952568694,0.0340383304747846,-0.122199647206794,0.0974983241549619,-0.215891004037135,0.183929271311384
"rel_only","r_wid[wfd8b568,multi_timeAfter]",0.00851780051464324,0.0925463845209016,-0.0321825946131021,0.0493280343495986,-0.0948566581123396,0.121228578958362,-0.189382257431033,0.20864079596945
"rel_only","r_wid[wffba7a1,multi_timeAfter]",0.0272743966104984,0.0937823585166248,-0.0191863150068379,0.0712463281243789,-0.0732545260265184,0.144924549177457,-0.143415382532538,0.242220511825434
"rel_only","r_wid[w0198d08,n_remembered_shown:multi_timeAfter]",-0.00871931345725696,0.0371879582927392,-0.0221437224490652,0.00856657531828985,-0.053753340009889,0.0266214289360806,-0.100993218430255,0.0564731081370208
"rel_only","r_wid[w01da968,n_remembered_shown:multi_timeAfter]",0.00044610215547598,0.0370655995758554,-0.0134848710961795,0.014424081330527,-0.0392145449930928,0.0393514991783762,-0.0815978722522129,0.0795854384579922
"rel_only","r_wid[w022dd5a,n_remembered_shown:multi_timeAfter]",0.00859850099332704,0.0364612459282793,-0.00728851590657796,0.0219048722301443,-0.0266929836066161,0.0520310370668662,-0.0583237181482658,0.0919308784101551
"rel_only","r_wid[w02461c5,n_remembered_shown:multi_timeAfter]",-0.00552733363809733,0.0385207304769209,-0.0195280349847422,0.00979142422653586,-0.0499257683295315,0.0337945147483795,-0.0936486642874054,0.0723393831869381
"rel_only","r_wid[w05ede5c,n_remembered_shown:multi_timeAfter]",-0.00515090241318246,0.0356653973864043,-0.0190841329837627,0.00999652664160814,-0.0441751055642897,0.030825220540444,-0.0932054365466357,0.0630323019929556
"rel_only","r_wid[w05f4989,n_remembered_shown:multi_timeAfter]",0.000819715558684738,0.0359901617673649,-0.0141924296563774,0.0137001748249175,-0.0376259638953127,0.0414092211793338,-0.0727457894965686,0.0806220897857556
"rel_only","r_wid[w060c642,n_remembered_shown:multi_timeAfter]",0.00589808524172873,0.035317891401571,-0.00869739955545675,0.0195023147173692,-0.030334180740728,0.0469607687417924,-0.0635420051220564,0.0903157164663789
"rel_only","r_wid[w06d51ce,n_remembered_shown:multi_timeAfter]",-0.00324353693049679,0.0362542186006054,-0.0168048122795892,0.0115934239854967,-0.0435978160984345,0.0331738977566493,-0.0831375988901315,0.0718060904680246
"rel_only","r_wid[w07271cc,n_remembered_shown:multi_timeAfter]",-0.0130017917793262,0.0391013637826041,-0.0298345485909234,0.00550863919349372,-0.0622082790972334,0.0265470256667733,-0.104313027971944,0.0614565875288592
"rel_only","r_wid[w07f26c1,n_remembered_shown:multi_timeAfter]",0.00303049579245753,0.0364587521289732,-0.0121807511067358,0.0156535656466075,-0.0348449623153704,0.041954548626235,-0.0696405739298245,0.0849655952940957
"rel_only","r_wid[w08f65eb,n_remembered_shown:multi_timeAfter]",0.00271313867485716,0.0400086454691485,-0.0124130636495153,0.0182074723692034,-0.0390835270591895,0.0462158293795657,-0.0844758120418404,0.0909500491151386
"rel_only","r_wid[w0a25e9c,n_remembered_shown:multi_timeAfter]",-0.0114572969352665,0.0377646624227132,-0.0272018120542175,0.00627211217457566,-0.0588201687749755,0.0243886746912672,-0.105305105572659,0.0612865809062872
"rel_only","r_wid[w0b0ec85,n_remembered_shown:multi_timeAfter]",0.000978689647459965,0.0366147406282274,-0.0135315667660835,0.0151854131469735,-0.0386122763702128,0.0412834352245625,-0.073840225059187,0.0812515998612658
"rel_only","r_wid[w0b3246f,n_remembered_shown:multi_timeAfter]",5.04683408563757e-05,0.0378876760125766,-0.0149476556291787,0.0140933213845486,-0.0402760752662875,0.0384798401723372,-0.0787436489337764,0.0857968388329712
"rel_only","r_wid[w0baed73,n_remembered_shown:multi_timeAfter]",-0.00190963988393714,0.0385313392484494,-0.0160084194121977,0.0126207386349699,-0.043750418852868,0.0374995496321084,-0.08974706732413,0.0845810923415885
"rel_only","r_wid[w0c031fe,n_remembered_shown:multi_timeAfter]",0.00714878389999947,0.0365934096640531,-0.00746370348138705,0.0209046502189155,-0.0279421618988738,0.048620209787862,-0.0631300907726303,0.0904021829058872
"rel_only","r_wid[w0d04a41,n_remembered_shown:multi_timeAfter]",-0.00861104726216096,0.038702585386964,-0.0229132209386683,0.00851690476952838,-0.0544874228961636,0.0290178947507431,-0.101042597150113,0.0663465788069161
"rel_only","r_wid[w0d62ec5,n_remembered_shown:multi_timeAfter]",0.00706117578853987,0.0380493735634841,-0.00941025010472368,0.0226646300294281,-0.0321994757640831,0.0516254379107515,-0.0692127660647415,0.0948636910447688
"rel_only","r_wid[w0db2e6f,n_remembered_shown:multi_timeAfter]",0.00453104407867105,0.0395649044413681,-0.0108110479402678,0.0208718212304067,-0.0366505817771443,0.0479484894629974,-0.079972458404933,0.0946921735382208
"rel_only","r_wid[w0ef0b67,n_remembered_shown:multi_timeAfter]",-0.00422068931584862,0.0377845513163059,-0.0173509902141946,0.0109418677825813,-0.0466346362659471,0.0332289404833868,-0.0927480350212591,0.0715284180102209
"rel_only","r_wid[w0fd8c2c,n_remembered_shown:multi_timeAfter]",-0.00424611574081277,0.0382936294594545,-0.0181053636370772,0.011313328123708,-0.0469910450829117,0.0345773273187996,-0.0950145850665385,0.0768902157779669
"rel_only","r_wid[w10f7bc5,n_remembered_shown:multi_timeAfter]",0.00397578030579301,0.03954209481233,-0.0112099874988557,0.0186683008896234,-0.0358764404008071,0.0479176294646503,-0.0790720713928229,0.0924288258467601
"rel_only","r_wid[w11538ef,n_remembered_shown:multi_timeAfter]",-0.00133746737464385,0.0371220796187073,-0.0165022452390473,0.0136907014046472,-0.0423282798695381,0.0388985983649454,-0.0791629929397129,0.0807354565081119
"rel_only","r_wid[w117e095,n_remembered_shown:multi_timeAfter]",-0.00113928601200391,0.0363924304816854,-0.0150739940543633,0.0125896858451448,-0.039397047198966,0.0379574075672043,-0.0803995291110576,0.0754072282124942
"rel_only","r_wid[w13e388b,n_remembered_shown:multi_timeAfter]",0.00760879218330609,0.0374848934743065,-0.00814888872664896,0.0211854254955086,-0.0266030217454473,0.0500190745024318,-0.0628320738381984,0.0935098565069361
"rel_only","r_wid[w14cb402,n_remembered_shown:multi_timeAfter]",0.0152599334589302,0.0439378183741915,-0.00638882475457506,0.0352348845340123,-0.0290511443413752,0.0681343862628431,-0.0648143161629878,0.123592538153959
"rel_only","r_wid[w1571d58,n_remembered_shown:multi_timeAfter]",-0.0120203794694778,0.0388197800155275,-0.0255985997188002,0.00655023185140265,-0.0594616513022864,0.0242508692660583,-0.11042384179252,0.0562567600494634
"rel_only","r_wid[w1629b0b,n_remembered_shown:multi_timeAfter]",0.00113326297304431,0.0373531113594736,-0.0131770645415645,0.0159035971899668,-0.0387862838334889,0.040746192947707,-0.0809174650615787,0.0829005639447487
"rel_only","r_wid[w16b46ff,n_remembered_shown:multi_timeAfter]",0.00274780870766961,0.0373406835127645,-0.0118811435188884,0.0164412794530464,-0.0351266166340563,0.0446120766044001,-0.0757963775584426,0.0864748292021806
"rel_only","r_wid[w182a5f6,n_remembered_shown:multi_timeAfter]",-0.00118718648370927,0.0375455912348501,-0.0149742105459754,0.014411394284,-0.043992393630068,0.0388240161576947,-0.0868634555483038,0.0763823434408864
"rel_only","r_wid[w19d0170,n_remembered_shown:multi_timeAfter]",-0.00341633236051406,0.0365919554036005,-0.0184773693389052,0.0112495299084563,-0.0430836811147943,0.0331699326747184,-0.0859898441593237,0.0714930833805526
"rel_only","r_wid[w1d52e8b,n_remembered_shown:multi_timeAfter]",0.00210090871369667,0.0365420949921252,-0.0124974539115286,0.0177777553668913,-0.0349448847093266,0.0426849531269035,-0.0780532209347923,0.0794192868940069
"rel_only","r_wid[w1d9c2fb,n_remembered_shown:multi_timeAfter]",0.00160346790363186,0.0367510839234149,-0.0154671640234092,0.015624390018095,-0.037803936596173,0.0438819916616958,-0.0695414361774416,0.0865547882032323
"rel_only","r_wid[w1eadd53,n_remembered_shown:multi_timeAfter]",-0.00755668407599886,0.0371765962107222,-0.0207056856814529,0.00841714768956956,-0.0500987590448299,0.0283426533600689,-0.0976496993528648,0.0672034823056066
"rel_only","r_wid[w1ef67ab,n_remembered_shown:multi_timeAfter]",0.00905679370590113,0.0371083561586353,-0.00797921670088911,0.0226218462940146,-0.0273032990312207,0.0529629791308411,-0.058193819120333,0.101247016654628
"rel_only","r_wid[w227f955,n_remembered_shown:multi_timeAfter]",0.00429569111828101,0.0392723911779744,-0.0109739755657228,0.0187203046253818,-0.0340633292169067,0.0477676912785153,-0.0753117007835319,0.0924013155578874
"rel_only","r_wid[w245142a,n_remembered_shown:multi_timeAfter]",0.0106364533216291,0.0377644541186644,-0.00745618074409226,0.0245433977859113,-0.0254385574673914,0.0578033110254439,-0.057422503988182,0.10421430667817
"rel_only","r_wid[w2457106,n_remembered_shown:multi_timeAfter]",-0.00663950154276087,0.0346456766630952,-0.0201774131710747,0.00844412673210866,-0.0473393107918222,0.0277384894282932,-0.0880009203299915,0.0610055150230532
"rel_only","r_wid[w249e8ce,n_remembered_shown:multi_timeAfter]",-0.000827409632677387,0.0339845589450617,-0.0143594107479992,0.0126936629919341,-0.0375558928875895,0.0354133353674752,-0.0754320499126189,0.0732723636389691
"rel_only","r_wid[w277fccf,n_remembered_shown:multi_timeAfter]",-0.00354467462905727,0.0374158411226175,-0.017997660609496,0.0110608547321812,-0.0444315231543601,0.0335270368415789,-0.0889169870709615,0.0754289433208257
"rel_only","r_wid[w27e1de9,n_remembered_shown:multi_timeAfter]",-0.0116559453783262,0.0385482693341047,-0.0269554382500549,0.00654340146985033,-0.0581905085469307,0.0240600979008203,-0.103590815513608,0.0584049912943534
"rel_only","r_wid[w2991322,n_remembered_shown:multi_timeAfter]",-0.0056142019722658,0.0363177972661548,-0.0201744751123807,0.00913417507653023,-0.0470490116940337,0.0310021673141472,-0.0866778727870044,0.0695042283095891
"rel_only","r_wid[w299c268,n_remembered_shown:multi_timeAfter]",-0.00344525730363869,0.0391316149105768,-0.0207688620661809,0.0138086054926976,-0.0465669670462017,0.0394219882843597,-0.0915990714108458,0.0841916108038996
"rel_only","r_wid[w29ed098,n_remembered_shown:multi_timeAfter]",0.00777244426635487,0.0376303789246022,-0.00805658493377333,0.0212889470343561,-0.0285385969698364,0.0526245830769251,-0.0639214984795835,0.0976408878093384
"rel_only","r_wid[w2a7296e,n_remembered_shown:multi_timeAfter]",0.00383372168181119,0.0378463170205278,-0.0111123260138721,0.0185562963145909,-0.0339266621028984,0.0464090934372405,-0.0802774959501896,0.0907338115474245
"rel_only","r_wid[w2bc0b21,n_remembered_shown:multi_timeAfter]",-0.00507952607906073,0.0372038336624358,-0.0184101152782742,0.00966010670779592,-0.0468876390880519,0.0314588798765332,-0.0931671105800359,0.0705794166098345
"rel_only","r_wid[w2c1f2f7,n_remembered_shown:multi_timeAfter]",0.00539401779201076,0.037417057762819,-0.0103291482222844,0.0198429719374939,-0.031551307850719,0.0471150747143337,-0.0660983173261816,0.0920702453268128
"rel_only","r_wid[w2c75db7,n_remembered_shown:multi_timeAfter]",-6.78831424533757e-06,0.037618500281024,-0.015110393841998,0.0143984230608915,-0.0398907440364706,0.0397175648478543,-0.0816728411296767,0.0795010436081602
"rel_only","r_wid[w2cb5760,n_remembered_shown:multi_timeAfter]",-0.00728977305257741,0.0403363083194289,-0.0236570192884604,0.00982382358550864,-0.0552536549065765,0.0334742541491845,-0.101610100068125,0.0749087747705263
"rel_only","r_wid[w3002e39,n_remembered_shown:multi_timeAfter]",0.00183377996582351,0.035464769956161,-0.0130390249891765,0.0153819640209229,-0.0347179615435845,0.0420297316170213,-0.0702110986734575,0.0834539451074246
"rel_only","r_wid[w308aa07,n_remembered_shown:multi_timeAfter]",0.0013866238240235,0.037447727619946,-0.0136518388902966,0.0152373229569874,-0.0380335331368741,0.0426662066946331,-0.0776385340391159,0.0854738424017918
"rel_only","r_wid[w30e05e4,n_remembered_shown:multi_timeAfter]",0.00575827471527227,0.03802339019239,-0.0104890514492459,0.0200487174168186,-0.0329223312801887,0.0472820110621219,-0.0682296610306279,0.0947382490280454
"rel_only","r_wid[w311c43d,n_remembered_shown:multi_timeAfter]",-0.00704243894399341,0.0368777271812928,-0.0206957154236223,0.00897777736912251,-0.050173059441117,0.0295050945993527,-0.0949307097080303,0.0656272942781939
"rel_only","r_wid[w313d7aa,n_remembered_shown:multi_timeAfter]",0.0124779842254587,0.0400701537535404,-0.00635149096000307,0.0278031043712356,-0.0256913672132059,0.0609552240831321,-0.0589131612988545,0.110722783333876
"rel_only","r_wid[w31b60c3,n_remembered_shown:multi_timeAfter]",-0.000335363974469527,0.0372187085768837,-0.0150465217704792,0.0140066679800013,-0.0389041393466758,0.0401274215930536,-0.0823694345603307,0.0815830543193429
"rel_only","r_wid[w3327d2a,n_remembered_shown:multi_timeAfter]",0.00472602583494621,0.0369605377853665,-0.0106004298534809,0.0187283299492734,-0.0331979093582572,0.0448559613379152,-0.0694129724123862,0.0931029775487307
"rel_only","r_wid[w35dbe71,n_remembered_shown:multi_timeAfter]",-0.0067731798057087,0.0404284466972528,-0.0224578282654436,0.0102946940608486,-0.0535612858845991,0.0346932133743252,-0.103226302855753,0.0744745471177615
"rel_only","r_wid[w365c8db,n_remembered_shown:multi_timeAfter]",-0.00167176365577306,0.0362586924713561,-0.0157064448269446,0.0128459113884025,-0.040535805613269,0.0366499513573115,-0.0838821608782971,0.0743385346946561
"rel_only","r_wid[w367fa57,n_remembered_shown:multi_timeAfter]",0.0123757919563672,0.0375752002268309,-0.00532548041916722,0.0245227403441654,-0.0213562211922935,0.058003247528245,-0.0503816647424013,0.112147535731932
"rel_only","r_wid[w36b3d2f,n_remembered_shown:multi_timeAfter]",-0.0038036700254933,0.0388557840683059,-0.0211293992145367,0.0131070074946018,-0.0480408920968014,0.0379856766264537,-0.090385057179779,0.0818791744011348
"rel_only","r_wid[w383e1fe,n_remembered_shown:multi_timeAfter]",0.00103538650531162,0.0358507290854636,-0.013284053167636,0.015359784696546,-0.0380323853273467,0.0395013500596368,-0.0787573785371302,0.0793944970986732
"rel_only","r_wid[w38a9dbf,n_remembered_shown:multi_timeAfter]",-0.00426308627224062,0.0358453260949018,-0.0168756776282639,0.0112712768559404,-0.0449861302167998,0.0318420572189542,-0.0901761992524071,0.067055878817306
"rel_only","r_wid[w397496b,n_remembered_shown:multi_timeAfter]",-0.00868722430340325,0.0409246719561387,-0.0263632628818477,0.00960682435067738,-0.0575342709746294,0.0338768773823669,-0.0979821311330121,0.072585159646367
"rel_only","r_wid[w3acba24,n_remembered_shown:multi_timeAfter]",-0.00536282996503698,0.0383583501911454,-0.021299439028908,0.00957105542353304,-0.0474657300015768,0.0340021866572773,-0.0916188538852918,0.0720571843047205
"rel_only","r_wid[w3b16ba3,n_remembered_shown:multi_timeAfter]",-0.00300023175084474,0.0374965728313395,-0.0171446981587035,0.012099328090267,-0.0428443643253058,0.0341979381052624,-0.0889274935817604,0.0751085552671164
"rel_only","r_wid[w3c1c747,n_remembered_shown:multi_timeAfter]",0.00818165697138752,0.0364166461789423,-0.00762834487554724,0.0227241660026223,-0.0278912475741746,0.0531290612016346,-0.0669885568372071,0.0930944644402393
"rel_only","r_wid[w3c538ad,n_remembered_shown:multi_timeAfter]",0.00692567643023671,0.0371276169955985,-0.00887926101912609,0.0209802414878894,-0.0304832190175652,0.0515998136709981,-0.0666926742727937,0.0956568072484323
"rel_only","r_wid[w3d5caa9,n_remembered_shown:multi_timeAfter]",-0.00872153605665227,0.0389157400893656,-0.024328734591771,0.00793740868948088,-0.0544118167610614,0.0296328700840958,-0.101375248635755,0.0679306730227643
"rel_only","r_wid[w3f5fa74,n_remembered_shown:multi_timeAfter]",-0.00764273711762551,0.036513142089403,-0.0213206711769738,0.00839693696313126,-0.049093549192146,0.0268528403077818,-0.0975802973713219,0.061288577495537
"rel_only","r_wid[w3fb3b5b,n_remembered_shown:multi_timeAfter]",-0.00453093485662657,0.0356853315838978,-0.0180889081208949,0.00995960534338863,-0.0437692135517774,0.0333172453938033,-0.086279429791553,0.0699781387715982
"rel_only","r_wid[w3fc2d2c,n_remembered_shown:multi_timeAfter]",-0.00979930911245852,0.0394004837116348,-0.0240334679406934,0.00828608325709385,-0.0576669757949494,0.0283648242675725,-0.109397329216391,0.0602006838409187
"rel_only","r_wid[w3fdf5b1,n_remembered_shown:multi_timeAfter]",-0.0092719453287679,0.0380289076237802,-0.0246125755908106,0.00766237066667459,-0.0548829618623056,0.0285841353548612,-0.103249202216961,0.0621519866538923
"rel_only","r_wid[w409b474,n_remembered_shown:multi_timeAfter]",0.013091417909156,0.03964631869435,-0.00584228242625601,0.0290373435613924,-0.0240239170116664,0.060109543205388,-0.0565328902469113,0.111108328000783
"rel_only","r_wid[w4400cbf,n_remembered_shown:multi_timeAfter]",-0.0138930663690473,0.0408681480659297,-0.0299820806144969,0.00550632709771301,-0.0654231845420806,0.0235747044866661,-0.110536609849813,0.0553425996718881
"rel_only","r_wid[w44c6cc9,n_remembered_shown:multi_timeAfter]",-0.0016799294031456,0.0374676012390524,-0.0169633889003787,0.0126500391187194,-0.0420896834262203,0.0376948908485457,-0.0846956918715991,0.0802915724981383
"rel_only","r_wid[w44f5ace,n_remembered_shown:multi_timeAfter]",-0.00033148712000653,0.0396083809191618,-0.015149836857213,0.0160135016125499,-0.0433711903494035,0.0418142908608987,-0.0887729092227677,0.0814963417615525
"rel_only","r_wid[w479605b,n_remembered_shown:multi_timeAfter]",0.00319013136437832,0.0372500069519545,-0.0116088594136453,0.0165467150565358,-0.0332060451560582,0.0434466175089389,-0.0733018639300935,0.0848009379420253
"rel_only","r_wid[w496c8be,n_remembered_shown:multi_timeAfter]",0.00744445909767323,0.041212251562426,-0.00947458174715198,0.0245252970032723,-0.0349173893239603,0.0554251717956538,-0.0797207696391184,0.100560062835245
"rel_only","r_wid[w49d88d0,n_remembered_shown:multi_timeAfter]",-0.00100413873540558,0.0361363100311235,-0.0147836168892687,0.0124264809488174,-0.0406714443743218,0.0378330155560587,-0.0843357246509044,0.0809520647093668
"rel_only","r_wid[w4a66ba2,n_remembered_shown:multi_timeAfter]",0.011822317305302,0.0424843213233217,-0.00781254189554496,0.0299055906819502,-0.030883781795189,0.0630948973335331,-0.0701375258813768,0.110625585735259
"rel_only","r_wid[w4a907eb,n_remembered_shown:multi_timeAfter]",0.0026997652312733,0.0349457565864298,-0.0117187030463334,0.0164338573545233,-0.0336033919150284,0.0418871852637713,-0.0763465268621756,0.0803957675900577
"rel_only","r_wid[w4b6424d,n_remembered_shown:multi_timeAfter]",-0.0124492415627855,0.0382415866837432,-0.02748931360222,0.00561106437630794,-0.0587158137797592,0.0236602417945968,-0.106413282131058,0.0557219389710479
"rel_only","r_wid[w4bf9dec,n_remembered_shown:multi_timeAfter]",-0.00389998900578868,0.0362350593304456,-0.0183456154652422,0.0111578616501044,-0.0450542781160518,0.0345218311048105,-0.0852007029296634,0.0712182821301565
"rel_only","r_wid[w4c2a923,n_remembered_shown:multi_timeAfter]",0.00561615417354922,0.0387474631233749,-0.0102312515545752,0.0213284644133963,-0.0354176012267167,0.0498884632011632,-0.0789622537877059,0.0935587608993336
"rel_only","r_wid[w4cc863f,n_remembered_shown:multi_timeAfter]",-0.00176132016194812,0.0382402799974229,-0.0188912905162734,0.0131387146181946,-0.0432336694401643,0.0411216440300341,-0.0814876982560601,0.0835855251179799
"rel_only","r_wid[w4ccf510,n_remembered_shown:multi_timeAfter]",-0.00222542488761038,0.0378543792957641,-0.0180939026012535,0.0128072067157334,-0.0449252931478692,0.0380997648375862,-0.0819822991161677,0.0816671531132671
"rel_only","r_wid[w4db7ccb,n_remembered_shown:multi_timeAfter]",-0.0140443742888123,0.0395060110658507,-0.0275340465089723,0.00463071332821918,-0.0613893049887191,0.020979782554324,-0.112281129786759,0.0503967700183919
"rel_only","r_wid[w4dce7b5,n_remembered_shown:multi_timeAfter]",0.00217070291575874,0.0378696709854578,-0.0127336018281956,0.0170279441522459,-0.0379260338750277,0.044607362326988,-0.0786658957521485,0.0865193310599986
"rel_only","r_wid[w4dd7b34,n_remembered_shown:multi_timeAfter]",0.00369776161780786,0.03671040408088,-0.0114451743323794,0.0178820910756704,-0.0340290700926424,0.0441481013552014,-0.0705902701393814,0.0885132078371557
"rel_only","r_wid[w4ed0320,n_remembered_shown:multi_timeAfter]",0.00762201780729468,0.0374038043772323,-0.00771467088831285,0.0208266920913181,-0.028789729697273,0.0520763816771348,-0.0641991295244412,0.100218525245981
"rel_only","r_wid[w504748f,n_remembered_shown:multi_timeAfter]",-0.0160013712552846,0.0426958025349548,-0.0355235292867675,0.00575281703682835,-0.0691272198605418,0.0259012162967941,-0.117924966166535,0.0570674502982999
"rel_only","r_wid[w5092120,n_remembered_shown:multi_timeAfter]",-0.00767360823611689,0.0411874129976554,-0.0213895472429323,0.00917817418324435,-0.0561461541525335,0.0320338164265361,-0.101967678679696,0.0697539098963233
"rel_only","r_wid[w50c12e5,n_remembered_shown:multi_timeAfter]",-0.0061781212163432,0.0374081730815882,-0.019489883294418,0.010077436244811,-0.0483651379758852,0.0304057604753921,-0.0971681765058399,0.0701724704015002
"rel_only","r_wid[w51664f0,n_remembered_shown:multi_timeAfter]",-0.00238879304312213,0.0382067815921634,-0.0166780180362501,0.0125821909543851,-0.043614191298059,0.0376166994335079,-0.0895206019174984,0.0770139683159873
"rel_only","r_wid[w53209bb,n_remembered_shown:multi_timeAfter]",-0.000112380290625895,0.0364146055800818,-0.0127963288024338,0.0146513211400732,-0.0391408483722604,0.0372690312532505,-0.0851059569068385,0.0770105492705256
"rel_only","r_wid[w53b40c8,n_remembered_shown:multi_timeAfter]",0.00620558460383849,0.038231347979975,-0.0103805645509029,0.0224385566734972,-0.0341014775826749,0.0507195610805498,-0.0736408533169314,0.0949155781427862
"rel_only","r_wid[w54c2956,n_remembered_shown:multi_timeAfter]",0.0105005910812173,0.0372796464441585,-0.00635106188419584,0.024537865309469,-0.0246300272462502,0.056384399958639,-0.059120738292626,0.100464402218478
"rel_only","r_wid[w5685230,n_remembered_shown:multi_timeAfter]",0.00161682842358661,0.0364299375796732,-0.012969599638483,0.0147290785912221,-0.0361750096133388,0.0422224778204878,-0.0759914806418582,0.0861203301891891
"rel_only","r_wid[w56b42b0,n_remembered_shown:multi_timeAfter]",-0.00518365938368483,0.0381568866294482,-0.0188061063002702,0.0108319041136314,-0.0474590830376043,0.0340577826748419,-0.0970282550820991,0.0701674425673137
"rel_only","r_wid[w580c449,n_remembered_shown:multi_timeAfter]",-0.00700153100544417,0.0376082093661738,-0.0205712797840045,0.00883395597988457,-0.0512691277140548,0.0300783250240963,-0.0985405674548335,0.0664013769913052
"rel_only","r_wid[w593f4a8,n_remembered_shown:multi_timeAfter]",0.0028821348713337,0.0371180136478968,-0.0119930792108459,0.0177608389783448,-0.0377390933051516,0.0449681690714591,-0.0762983667018413,0.089823433402976
"rel_only","r_wid[w59b3a22,n_remembered_shown:multi_timeAfter]",-0.0268498261457494,0.0462781649559238,-0.048909346108834,0.00101581443971386,-0.0902419742885125,0.0156458021681985,-0.141957624274499,0.041982420713524
"rel_only","r_wid[w59c9d33,n_remembered_shown:multi_timeAfter]",-0.00180198038315347,0.0353381962331265,-0.0160166336092524,0.0116400863132477,-0.0427582546530595,0.0376537149340559,-0.0782272333830773,0.0780233380701108
"rel_only","r_wid[w5ab5786,n_remembered_shown:multi_timeAfter]",0.00215529376840689,0.0383133175350056,-0.0128555160500797,0.0174674506492806,-0.0378404125417263,0.0422922159831265,-0.0823020585146782,0.0880771568032881
"rel_only","r_wid[w5d6df14,n_remembered_shown:multi_timeAfter]",-0.0115418231597037,0.0419783989434737,-0.0303210102797178,0.00781518766320054,-0.063398640493447,0.0302876359238778,-0.108966351664112,0.0713221555151551
"rel_only","r_wid[w5ec388a,n_remembered_shown:multi_timeAfter]",0.00319876552995389,0.0383654587137052,-0.0124983693026119,0.018198540576849,-0.0373296677101995,0.0454375921677223,-0.0785016927940916,0.0880165784728009
"rel_only","r_wid[w5f010fa,n_remembered_shown:multi_timeAfter]",-0.0100764247156001,0.039041753090719,-0.0245148825459019,0.00718068262061236,-0.055332913398612,0.0269526439201278,-0.101511602622941,0.0586483650644617
"rel_only","r_wid[w5f68d79,n_remembered_shown:multi_timeAfter]",-0.00470297858297337,0.0373472891280141,-0.0192779943476116,0.0101768166018452,-0.0473065279839128,0.0344764746102535,-0.0889543790069684,0.0715989907910724
"rel_only","r_wid[w5fb19e8,n_remembered_shown:multi_timeAfter]",-0.00366824335476132,0.0376744192301331,-0.0188891158212278,0.0118943760872706,-0.0462978577092401,0.0352282311098776,-0.0918883646399543,0.0760846765627887
"rel_only","r_wid[w601970c,n_remembered_shown:multi_timeAfter]",0.000126611005512249,0.0365330969223066,-0.0141787262641116,0.0141429773908521,-0.0396799202019972,0.0391078311568484,-0.0791243799205549,0.0810221277265573
"rel_only","r_wid[w605fd50,n_remembered_shown:multi_timeAfter]",0.0049606117531374,0.0386718507129507,-0.0116243615907176,0.0186644752640978,-0.0329616649116433,0.0490104920145318,-0.0683412423716635,0.097451758837349
"rel_only","r_wid[w60e6ea8,n_remembered_shown:multi_timeAfter]",0.0042038122373664,0.0375918122228734,-0.0105200683295011,0.0184143529143567,-0.0334516075206853,0.0453394374491485,-0.0754683794238953,0.0919718290764517
"rel_only","r_wid[w610dd08,n_remembered_shown:multi_timeAfter]",-2.47533551913489e-05,0.0351735186257351,-0.0140047642420929,0.0150913639126039,-0.0396221049116363,0.0378149625705973,-0.077955982142631,0.0739654862938774
"rel_only","r_wid[w612200e,n_remembered_shown:multi_timeAfter]",0.0157046834338142,0.0516675210521128,-0.0098946475811118,0.0381245036604469,-0.0370057216267612,0.0822032677056836,-0.083792904824001,0.136719194385557
"rel_only","r_wid[w61b360a,n_remembered_shown:multi_timeAfter]",-0.0123713918956473,0.0378045055754617,-0.027023862015442,0.00520158119242896,-0.0583949279625123,0.0237721396383151,-0.106729491948564,0.0564465812838642
"rel_only","r_wid[w63ea659,n_remembered_shown:multi_timeAfter]",0.0118044780213346,0.0410972991932796,-0.0070276317339824,0.0274753951856531,-0.0269047341145925,0.0628019958569689,-0.0656234211145264,0.109697682681417
"rel_only","r_wid[w6849aab,n_remembered_shown:multi_timeAfter]",-0.0105868161659214,0.0407912667070461,-0.0282831187856682,0.00782153235158658,-0.0601520753744567,0.029641293548235,-0.104202315755744,0.0726820414140195
"rel_only","r_wid[w6870249,n_remembered_shown:multi_timeAfter]",0.0103923613448469,0.0403720231901896,-0.00677690120451318,0.0265455732098578,-0.0300768018659845,0.0572179900763406,-0.0690809346051381,0.105337642182504
"rel_only","r_wid[w68730bb,n_remembered_shown:multi_timeAfter]",0.00554637742197395,0.0379091438985771,-0.00989247425976991,0.0205839480902497,-0.0327222939069698,0.0479370289444653,-0.0725698735264637,0.0919202000107667
"rel_only","r_wid[w68e5aed,n_remembered_shown:multi_timeAfter]",0.00899542066457935,0.0412455080137233,-0.00887021621912586,0.0264094348576581,-0.0325194754977335,0.056634594421772,-0.0749023771933094,0.10023256402526
"rel_only","r_wid[w6a59bb5,n_remembered_shown:multi_timeAfter]",-0.0122173059136314,0.0380859856493753,-0.0266355327834609,0.00591677812663979,-0.0589438047635511,0.0241266605834195,-0.1119141276627,0.0520388213310982
"rel_only","r_wid[w6bec3e7,n_remembered_shown:multi_timeAfter]",0.00398058720169618,0.0371254352821012,-0.0109189945194119,0.0169169505342235,-0.0347756876648791,0.044450216255987,-0.0702379051476252,0.0876952670921288
"rel_only","r_wid[w6cbe87c,n_remembered_shown:multi_timeAfter]",0.0124557951091108,0.0383873076501921,-0.00508306351493535,0.0279776795097314,-0.024420555362062,0.0585525574990589,-0.0591889502172167,0.101151361289793
"rel_only","r_wid[w6dd030e,n_remembered_shown:multi_timeAfter]",-0.0100348602620244,0.040878650212574,-0.026084946072361,0.00848710923081353,-0.0580931924270126,0.0302920781572037,-0.110295206784135,0.0678318312810294
"rel_only","r_wid[w6ea0c26,n_remembered_shown:multi_timeAfter]",0.00010572328693882,0.0376931090778459,-0.0139987410450827,0.0142584558739339,-0.0395873223198708,0.040962042339706,-0.0791878952029579,0.0808227213708864
"rel_only","r_wid[w6eb92cc,n_remembered_shown:multi_timeAfter]",0.0101941929840718,0.0388875834532135,-0.00718197325246855,0.0258913220342164,-0.0262981988018181,0.0560693915495124,-0.0643932113799205,0.101844015312188
"rel_only","r_wid[w7232115,n_remembered_shown:multi_timeAfter]",-0.000172844073091888,0.0374099422672473,-0.0148028396243161,0.0135625473512767,-0.0409120941063324,0.0412171101844138,-0.0818847324402845,0.0848048615945905
"rel_only","r_wid[w737e6e4,n_remembered_shown:multi_timeAfter]",0.00243764978184105,0.0363266959306987,-0.0115443946873119,0.0171804578822748,-0.0362069392389905,0.0435440200384269,-0.0786143317811391,0.0849732681079625
"rel_only","r_wid[w768a02c,n_remembered_shown:multi_timeAfter]",0.0029166579079346,0.0360822680338053,-0.0125104474073622,0.0170627307359343,-0.0349007369209936,0.044302447512086,-0.0728035412780847,0.0846649101778189
"rel_only","r_wid[w77b72cf,n_remembered_shown:multi_timeAfter]",0.00038188684240396,0.0383601275725796,-0.0171013870102212,0.0154604990275706,-0.0413004739612963,0.0426482877918791,-0.0778821890566055,0.0902529881039706
"rel_only","r_wid[w7800d0f,n_remembered_shown:multi_timeAfter]",0.013492306584273,0.0417463826075474,-0.00545915432949254,0.030628887756096,-0.0272393731072165,0.0641586897696802,-0.0642402337881972,0.113252086447362
"rel_only","r_wid[w786d2f3,n_remembered_shown:multi_timeAfter]",0.00576221413897958,0.037151698139543,-0.0118454190022454,0.0206706585100885,-0.0317878602939019,0.0482841943174155,-0.0628001431093629,0.0970267419874462
"rel_only","r_wid[w7a2af65,n_remembered_shown:multi_timeAfter]",-0.00751706937567346,0.0360808166797931,-0.0200655411416914,0.00809686456370302,-0.0495063198887127,0.0268154648886582,-0.0945761299911563,0.0591406960677554
"rel_only","r_wid[w7a38a77,n_remembered_shown:multi_timeAfter]",-0.00263766444157743,0.0368035646954173,-0.0160518228698765,0.0136817611814962,-0.0441186679847844,0.0363178642258647,-0.0899718401851338,0.0697441462456367
"rel_only","r_wid[w7bfe168,n_remembered_shown:multi_timeAfter]",-0.00375014073110559,0.0364430325098016,-0.0175455250567346,0.0111055434119897,-0.044576493749824,0.0331038489849099,-0.090645267101261,0.0739477668387058
"rel_only","r_wid[w7dbf1a9,n_remembered_shown:multi_timeAfter]",-0.000517856012197504,0.0355347490123315,-0.0140913146978111,0.0126555296722123,-0.0385496671607486,0.0364301067447188,-0.0786268029055249,0.0777456575574503
"rel_only","r_wid[w7f5e428,n_remembered_shown:multi_timeAfter]",0.00157666952336559,0.037414737360498,-0.0128572857478408,0.0164498341468198,-0.0376974910925658,0.0426079486495745,-0.0827657668715261,0.0834219908510894
"rel_only","r_wid[w7f90916,n_remembered_shown:multi_timeAfter]",-0.00305475332312212,0.0356208971119871,-0.0162992682729155,0.0111983231732629,-0.0420561989254766,0.0331090900301489,-0.0875381035377503,0.0722911450369325
"rel_only","r_wid[w82f4ec0,n_remembered_shown:multi_timeAfter]",-0.0118565507484595,0.0421212375730316,-0.0274873241788755,0.0065810386114221,-0.0601079389987758,0.0272054676997815,-0.110730344869702,0.0681871634168766
"rel_only","r_wid[w8363ab3,n_remembered_shown:multi_timeAfter]",0.0163997360033023,0.0437848372538895,-0.00526822417759386,0.0373795983158872,-0.0292645848766404,0.0719635091350723,-0.0675715043250092,0.119513257134462
"rel_only","r_wid[w83687da,n_remembered_shown:multi_timeAfter]",0.0130995471332143,0.0391451023628036,-0.00596833325515269,0.0272039419636304,-0.0234213601520243,0.0601247981756744,-0.0553490002665478,0.112124839316587
"rel_only","r_wid[w8843fd3,n_remembered_shown:multi_timeAfter]",0.00346869455422493,0.0370635383028612,-0.0119983225294898,0.0175232813771147,-0.0353613883248227,0.0473459387233734,-0.0740732998778771,0.0867341198029286
"rel_only","r_wid[w88c84d1,n_remembered_shown:multi_timeAfter]",0.00790230358737912,0.0361956103617498,-0.00788828845724852,0.0212468914858798,-0.0270816159269956,0.0508773958700511,-0.060165004123392,0.094800460004478
"rel_only","r_wid[w88e738d,n_remembered_shown:multi_timeAfter]",-0.0111413355085609,0.0365737796419364,-0.0251410940684696,0.00662098876762617,-0.0551731216637566,0.0254013504593047,-0.101412215940331,0.0543192156704699
"rel_only","r_wid[w896f77a,n_remembered_shown:multi_timeAfter]",-0.0034431845405037,0.0360707375462203,-0.017578239622594,0.010993391611325,-0.0434439062585401,0.0342743346765956,-0.0859784952233116,0.0702198818271526
"rel_only","r_wid[w8d745f1,n_remembered_shown:multi_timeAfter]",-0.0154408621223451,0.0418932409329718,-0.0339658522205686,0.00535023764753227,-0.0690923971368437,0.0255957601714997,-0.118217165703019,0.0608144030788523
"rel_only","r_wid[w8de3f64,n_remembered_shown:multi_timeAfter]",-0.00589949962185931,0.0349260741089298,-0.0190682687476595,0.00887561817410732,-0.0463011001500483,0.0289546473601196,-0.0896113845097421,0.0626857643527268
"rel_only","r_wid[w8e07aa1,n_remembered_shown:multi_timeAfter]",-0.000194807009511575,0.0357817425977964,-0.0139984737576464,0.0131302071104513,-0.0370900523402947,0.0387297321857154,-0.0787148625439146,0.0766367516325591
"rel_only","r_wid[w8efa7d8,n_remembered_shown:multi_timeAfter]",0.0263529848363839,0.0524892581706574,-0.00377313515917215,0.0500238512220247,-0.0255600105464545,0.0958153934196966,-0.0596438322896741,0.155808198645657
"rel_only","r_wid[w9051394,n_remembered_shown:multi_timeAfter]",-0.00222587360418961,0.0362280621782814,-0.016103032207968,0.0117725523444282,-0.0427935705879364,0.0361480490678891,-0.0853262212601303,0.0736491461816584
"rel_only","r_wid[w90f4896,n_remembered_shown:multi_timeAfter]",0.00037103133230168,0.0360154739110243,-0.0134095959520473,0.0141811489333916,-0.0384925784077706,0.0391360654212076,-0.078150040019707,0.0795892630641216
"rel_only","r_wid[w9173175,n_remembered_shown:multi_timeAfter]",-0.00278647905070161,0.036908666356105,-0.0164898260692347,0.0114833253819038,-0.041633542511932,0.0344189744845545,-0.0874749856964533,0.0768426008417561
"rel_only","r_wid[w9182e0b,n_remembered_shown:multi_timeAfter]",-0.00251083913267781,0.035265598065228,-0.0162011172943168,0.01280578686612,-0.0432813730681532,0.035200123121963,-0.0843316078571004,0.0666903289013656
"rel_only","r_wid[w924a500,n_remembered_shown:multi_timeAfter]",-0.00691891959701188,0.0396143692396679,-0.0219103612319858,0.00967394900932579,-0.0521626065463522,0.0344169419864528,-0.100517924420314,0.0720611289181574
"rel_only","r_wid[w941cd9f,n_remembered_shown:multi_timeAfter]",0.00462490496452769,0.0365816809222713,-0.010357747913558,0.019121860147817,-0.0333555967223568,0.0459038133440512,-0.072555454588715,0.0866959461845582
"rel_only","r_wid[w95167ae,n_remembered_shown:multi_timeAfter]",0.000965953699633356,0.0355415812201491,-0.0134407638997785,0.0142248110621268,-0.0378864365320818,0.0385624091303425,-0.073416560026158,0.0798273761943693
"rel_only","r_wid[w960c4a6,n_remembered_shown:multi_timeAfter]",0.0017653223170822,0.0375061883406474,-0.0135309392914626,0.015516548499722,-0.0371971581847418,0.0413878875797172,-0.0755461811059119,0.0873654048297682
"rel_only","r_wid[w962c662,n_remembered_shown:multi_timeAfter]",0.00511387510166912,0.0385982136150841,-0.0105453918643967,0.0201175392826823,-0.0347751099882187,0.047772375749252,-0.0753707501423818,0.0918379730070692
"rel_only","r_wid[w9a08173,n_remembered_shown:multi_timeAfter]",-0.0015308461222847,0.0361299095248051,-0.0154903578282668,0.0123123305058712,-0.0398009265740191,0.0366596134945386,-0.0809149103761263,0.0769578862213079
"rel_only","r_wid[w9a0bd8d,n_remembered_shown:multi_timeAfter]",0.0192100118675497,0.0411439950413111,-0.00300147572870775,0.0367320808862438,-0.0181728897155968,0.0728201738675278,-0.0463100326555842,0.122898842544687
"rel_only","r_wid[w9b641f6,n_remembered_shown:multi_timeAfter]",-0.0034245341264893,0.0392213738881778,-0.020616370576768,0.0118802878173569,-0.0473318829391857,0.0370232251889289,-0.0844569756831763,0.0844372970951253
"rel_only","r_wid[w9b9abef,n_remembered_shown:multi_timeAfter]",-0.00319426320257234,0.0402753794641371,-0.0211521258303447,0.0126059488841844,-0.0472347802791249,0.0399600776025753,-0.0903950540249884,0.0835623671343461
"rel_only","r_wid[w9bde09f,n_remembered_shown:multi_timeAfter]",-0.00438461302947071,0.0435912413989605,-0.0263504589755205,0.0143922813769596,-0.0548630197654972,0.0452848852517617,-0.0976987004724509,0.0958132488750562
"rel_only","r_wid[w9cf2bd7,n_remembered_shown:multi_timeAfter]",-0.00276680601200951,0.0354500480969957,-0.0148813954143379,0.0128563382946112,-0.0434952327697812,0.0349074396564581,-0.0843662769648179,0.0655175740978981
"rel_only","r_wid[w9f7c438,n_remembered_shown:multi_timeAfter]",-0.00189548787387703,0.0372846430655292,-0.0160360859616961,0.0120072652574219,-0.0422095725391634,0.0381265891854203,-0.0867187838322971,0.0775990404313281
"rel_only","r_wid[wa022482,n_remembered_shown:multi_timeAfter]",0.00735264243987891,0.0429622902558148,-0.01083526600861,0.0274780587486108,-0.0390666997391617,0.0582678343100153,-0.0826366247714071,0.0985077129957766
"rel_only","r_wid[wa136b3d,n_remembered_shown:multi_timeAfter]",-0.00565667815660785,0.0366496392767231,-0.0195827894397936,0.00880896303406035,-0.0454562487489814,0.0304440024965555,-0.0881664969513815,0.066476896937358
"rel_only","r_wid[wa1909e0,n_remembered_shown:multi_timeAfter]",-0.00180125438833985,0.0355778965619182,-0.01476670080337,0.0132379974711695,-0.0407388805308427,0.0345332829498267,-0.0844116307905505,0.0719602860339151
"rel_only","r_wid[wa1a03f2,n_remembered_shown:multi_timeAfter]",-0.00495230064828415,0.0371587103898094,-0.0194612557709605,0.0104274062522639,-0.0473322546269754,0.0322084273945161,-0.0887808775793385,0.069852508625299
"rel_only","r_wid[wa4fe3e4,n_remembered_shown:multi_timeAfter]",0.00683366314615413,0.0419037409223939,-0.00963774092622005,0.0245085308727548,-0.0362144866379044,0.0521400179234064,-0.0812744066282244,0.102642520277795
"rel_only","r_wid[wa5817fc,n_remembered_shown:multi_timeAfter]",-0.00181762195128345,0.0359557786194307,-0.0151966605188818,0.0125537698421546,-0.042260847425915,0.0356410194171363,-0.0848898278085322,0.0752886857578048
"rel_only","r_wid[wa6daa50,n_remembered_shown:multi_timeAfter]",0.00896282863527068,0.0398809796222031,-0.00827158729696638,0.0256732691673262,-0.0312853565503775,0.0550864555056908,-0.0712283592076018,0.103612373411782
"rel_only","r_wid[wa79cf20,n_remembered_shown:multi_timeAfter]",-0.000695094550338189,0.0382806603844716,-0.0154325131099983,0.014356460075224,-0.0412988416576291,0.039010707577174,-0.0854338269732351,0.0842278201935179
"rel_only","r_wid[wab226bf,n_remembered_shown:multi_timeAfter]",0.000917722842011657,0.0379221326404185,-0.0132757094304058,0.0149305270120475,-0.0368772926990855,0.0407544820493929,-0.0826500151260153,0.0852212957129142
"rel_only","r_wid[wab70ec3,n_remembered_shown:multi_timeAfter]",0.00453049561708022,0.0398596349317607,-0.012035855404966,0.0181465002788181,-0.0353194268171592,0.0495122396326287,-0.071427218036491,0.0985919263333537
"rel_only","r_wid[wace8728,n_remembered_shown:multi_timeAfter]",-0.00324943159159581,0.0379122539132214,-0.0180625186936164,0.0119376996139073,-0.0436075282628399,0.0351141423821002,-0.0880762873017758,0.0747144295828063
"rel_only","r_wid[wad32437,n_remembered_shown:multi_timeAfter]",0.0122176438768968,0.04126451228774,-0.00695633718765346,0.0295766454971209,-0.0288338501837245,0.0607273168491013,-0.0673066359999555,0.108339658254264
"rel_only","r_wid[waf52734,n_remembered_shown:multi_timeAfter]",-0.0114038606073823,0.0375763429114758,-0.0288938535169199,0.00661212646460116,-0.0589414956121967,0.0264341140079368,-0.100491841614322,0.0625664833804181
"rel_only","r_wid[waf9be39,n_remembered_shown:multi_timeAfter]",-0.0105153003969291,0.0377740245101441,-0.0229016015813917,0.00672034314282647,-0.056048735804757,0.0246517116608038,-0.104493029213143,0.0573221939965059
"rel_only","r_wid[wafacea9,n_remembered_shown:multi_timeAfter]",-0.00748509964001991,0.0407851118095923,-0.0232125964687458,0.00981387586513707,-0.0555093830236041,0.0327851073601464,-0.100347146204663,0.0756186907566897
"rel_only","r_wid[wb0b75c3,n_remembered_shown:multi_timeAfter]",-0.00233771918939857,0.0387811749438994,-0.0163190303478387,0.0129767291216218,-0.0439824109154658,0.0376985540621259,-0.089033886130894,0.0824632031293373
"rel_only","r_wid[wb2d9807,n_remembered_shown:multi_timeAfter]",-0.00808192792961107,0.0403767599902209,-0.0226532064252804,0.00925826855385666,-0.0544696648048939,0.0303866024643303,-0.105435105493328,0.0673627052369348
"rel_only","r_wid[wb361f36,n_remembered_shown:multi_timeAfter]",0.0117094752664391,0.0404106298411814,-0.00697119715597781,0.0292871316310683,-0.0294974590088616,0.0615031252015113,-0.0682933808520293,0.110002518202325
"rel_only","r_wid[wb56c2d3,n_remembered_shown:multi_timeAfter]",0.00941409773284914,0.0403631428552881,-0.0086218707571822,0.0262098364697003,-0.0310549506701731,0.0564169341097689,-0.0682422353384981,0.104045506807955
"rel_only","r_wid[wb5c4def,n_remembered_shown:multi_timeAfter]",-0.00169834024084975,0.036976801141204,-0.0159947513253696,0.0126069652564416,-0.0398066457507512,0.037816983416014,-0.0817965267396331,0.0794109030100328
"rel_only","r_wid[wb6ad69e,n_remembered_shown:multi_timeAfter]",-0.0122658886793689,0.0389805632277444,-0.0291422986443862,0.00614094541646613,-0.0595273824106563,0.0257684934992869,-0.107393305794338,0.0644629821926983
"rel_only","r_wid[wb772565,n_remembered_shown:multi_timeAfter]",0.00317107848022205,0.0352255904378034,-0.0114469441822567,0.0188221695055556,-0.034376347904387,0.0421325121495397,-0.0737331321795891,0.0791565295259355
"rel_only","r_wid[wb85c4ff,n_remembered_shown:multi_timeAfter]",0.0107005682836407,0.0383795914991271,-0.00663469201567276,0.0277956184477448,-0.0281431954863995,0.0566198086173573,-0.0654631294508508,0.0971111612415989
"rel_only","r_wid[wb8feabb,n_remembered_shown:multi_timeAfter]",0.00849094599377864,0.0371199984467532,-0.00742997889690065,0.0229432176271132,-0.0272052410539425,0.0527944716139696,-0.0642579559395033,0.0957072273460907
"rel_only","r_wid[wb966154,n_remembered_shown:multi_timeAfter]",-0.000195646141240919,0.0338434665424547,-0.0139027905651987,0.0139314964241083,-0.0382026564540343,0.0375382454523747,-0.071541206044627,0.0731427435925324
"rel_only","r_wid[wbb74717,n_remembered_shown:multi_timeAfter]",0.0050526525902028,0.0360045432289221,-0.0100978479619032,0.018117238198442,-0.0322886529115681,0.0457378994313582,-0.0659326125906186,0.090803540736924
"rel_only","r_wid[wbc79189,n_remembered_shown:multi_timeAfter]",0.00374151854209995,0.0363949405340977,-0.0109517938267896,0.0177931887254068,-0.0352909219184954,0.0438629789087334,-0.069328156672101,0.0852665410008784
"rel_only","r_wid[wbd0314c,n_remembered_shown:multi_timeAfter]",-0.00305956623052843,0.0352194111062077,-0.0176413331035288,0.0114030946896031,-0.0426888453346099,0.0347167601646259,-0.0798575060986357,0.0714405213187716
"rel_only","r_wid[wbe2faf8,n_remembered_shown:multi_timeAfter]",-0.00384561974072733,0.0354762396075178,-0.0169957878849997,0.0118988082743422,-0.0441943270647848,0.0326035878074683,-0.0865658314617855,0.0681784497904015
"rel_only","r_wid[wbe569b5,n_remembered_shown:multi_timeAfter]",0.012760472830902,0.0382671548499791,-0.0055634567574611,0.0277229710633956,-0.0223857556535079,0.0592306713698611,-0.0553478912368401,0.110065565322215
"rel_only","r_wid[wbe9243a,n_remembered_shown:multi_timeAfter]",-0.00369497939166116,0.0389248961982723,-0.0173763088763004,0.0121388825094332,-0.0483247674232213,0.0360436408930227,-0.0987357540523539,0.0739369148538552
"rel_only","r_wid[wbf1c81e,n_remembered_shown:multi_timeAfter]",0.00405006246113235,0.0387166415440819,-0.0111761068799861,0.0205452674203737,-0.036148513861857,0.047395262927527,-0.0800215934633197,0.0889868974434706
"rel_only","r_wid[wc097323,n_remembered_shown:multi_timeAfter]",0.00861311604299122,0.0373222975636422,-0.00819011548552937,0.0235274401503677,-0.0286277655146516,0.0524279880532569,-0.0624045122449596,0.0995778384530838
"rel_only","r_wid[wc0a4260,n_remembered_shown:multi_timeAfter]",0.00199544814482585,0.0391495465364763,-0.0130259345846778,0.0162249613635945,-0.0397496924928896,0.0435715146209285,-0.0810751423471813,0.0880944654147927
"rel_only","r_wid[wc16f522,n_remembered_shown:multi_timeAfter]",-0.00713891256198852,0.0373629471455708,-0.0200206822851277,0.00971740116137556,-0.0505881051088008,0.0296049321423015,-0.0969775762993786,0.0634563484351616
"rel_only","r_wid[wc263e54,n_remembered_shown:multi_timeAfter]",-0.00488950441195923,0.0375077035574216,-0.0201377112223362,0.00982711484017077,-0.0471879269403715,0.0331114858125292,-0.0874005768372511,0.0771841203811069
"rel_only","r_wid[wc294ae3,n_remembered_shown:multi_timeAfter]",0.000601431531236474,0.0368470454593184,-0.0129616349150236,0.0138466197270065,-0.0370677857846236,0.0401702790258629,-0.0833092495310218,0.0831549192899696
"rel_only","r_wid[wc43fbaa,n_remembered_shown:multi_timeAfter]",-0.00861382333779206,0.040632116956904,-0.0263703312358844,0.00940007699248548,-0.0581560658486126,0.0334114806182595,-0.100148688248046,0.0748733006204438
"rel_only","r_wid[wc4c38a3,n_remembered_shown:multi_timeAfter]",0.00538109220919721,0.0373173935882169,-0.00983930805471012,0.0199192676903737,-0.030820438895838,0.0468927232426037,-0.0690723854045213,0.0877642861049368
"rel_only","r_wid[wc512962,n_remembered_shown:multi_timeAfter]",0.00600878387144803,0.0345860804906567,-0.00887692934016454,0.018906725606882,-0.0287329336384104,0.046307521620682,-0.0611443623925475,0.0873233704726585
"rel_only","r_wid[wc54132b,n_remembered_shown:multi_timeAfter]",-0.0143522186836846,0.0375379799951358,-0.0280959972129146,0.00410423219907121,-0.0603261928797437,0.0197841839914842,-0.10901676350986,0.0477440928336929
"rel_only","r_wid[wc55b6c8,n_remembered_shown:multi_timeAfter]",-0.00201598650444048,0.0395641875141147,-0.0191664345842636,0.0133562607645303,-0.0465498450398961,0.0406792160850042,-0.0884562558767515,0.0862341337801008
"rel_only","r_wid[wc628bde,n_remembered_shown:multi_timeAfter]",-0.000972083051991143,0.0353561005980473,-0.0146757109952625,0.0134793250674112,-0.038626135888172,0.0369766690447218,-0.0762004985629978,0.0735998967808105
"rel_only","r_wid[wc6f0e84,n_remembered_shown:multi_timeAfter]",-0.00220626191301478,0.0364117045329274,-0.015883659160572,0.0126341796298897,-0.0420725475165192,0.0354847841583631,-0.0819168120787015,0.0718126668300801
"rel_only","r_wid[wc73f4d8,n_remembered_shown:multi_timeAfter]",-0.00806400834779119,0.0379189476420907,-0.0218003074187118,0.00934332889191356,-0.0527082450416198,0.0277820236416211,-0.0989423227189168,0.0655473101806082
"rel_only","r_wid[wc8b5d36,n_remembered_shown:multi_timeAfter]",0.00315046977561839,0.037241636350196,-0.0107863257643991,0.0173415842449937,-0.0346370755976942,0.0440808445971708,-0.0748171083009984,0.0871367989554066
"rel_only","r_wid[wcc033bc,n_remembered_shown:multi_timeAfter]",-0.000607282365206127,0.0366429374645791,-0.0155045196274615,0.0141846288363585,-0.0412849431801222,0.0383818327761173,-0.0794374628824999,0.0773669734261478
"rel_only","r_wid[wcc15547,n_remembered_shown:multi_timeAfter]",0.00335780288489804,0.0375178213289495,-0.011663853071648,0.0189812174226841,-0.0366083025642812,0.046160438406663,-0.075554228929417,0.0860846685337287
"rel_only","r_wid[wcc4ec90,n_remembered_shown:multi_timeAfter]",0.00844930721050001,0.0372802688217456,-0.00898086831525732,0.0223311135362386,-0.0277470855950571,0.0537862907943816,-0.0594891015216665,0.101361074047576
"rel_only","r_wid[wcd98054,n_remembered_shown:multi_timeAfter]",-0.0126888270712658,0.037765336107032,-0.0277040139526263,0.00589641908240043,-0.0585334664914961,0.0242226117226308,-0.108619482859549,0.0503401401984916
"rel_only","r_wid[wd0724cf,n_remembered_shown:multi_timeAfter]",-0.00285701638938854,0.0383818336443522,-0.0170522744194182,0.0117851754430281,-0.0433788209812791,0.0364002373064607,-0.0910457544404574,0.0781779697841083
"rel_only","r_wid[wd07cb72,n_remembered_shown:multi_timeAfter]",0.0111644118787509,0.040486853539995,-0.00730839365219216,0.0270010471739996,-0.027428393754588,0.058315767423992,-0.0637038900656938,0.107680629997672
"rel_only","r_wid[wd20dd5c,n_remembered_shown:multi_timeAfter]",0.00472613262810836,0.035127730919283,-0.0103144097967383,0.0189357884615616,-0.0322645823661851,0.0453770689989246,-0.0687826647469949,0.0830940473175099
"rel_only","r_wid[wd238f0c,n_remembered_shown:multi_timeAfter]",0.00706085067175611,0.0378206955833212,-0.0090315647095236,0.0216204106534542,-0.0292661588142836,0.0500215021908425,-0.0654021740238068,0.094521695284431
"rel_only","r_wid[wd47555e,n_remembered_shown:multi_timeAfter]",-0.00131912009191066,0.0356606795334921,-0.0157690825395055,0.0123592606970429,-0.0403914202812896,0.0367838747717704,-0.0798074045418742,0.0820256432746276
"rel_only","r_wid[wdab535b,n_remembered_shown:multi_timeAfter]",0.00530812799426787,0.035984426124806,-0.0101354253950496,0.0193188326985257,-0.031734800425709,0.04609780727794,-0.0669875287630601,0.0888528759782783
"rel_only","r_wid[wdad9375,n_remembered_shown:multi_timeAfter]",-0.00249364139453308,0.0377573122417184,-0.0162957821981579,0.0123829164640182,-0.0434304560328754,0.0376582107593066,-0.0903527967927704,0.0731813900189219
"rel_only","r_wid[wdd486da,n_remembered_shown:multi_timeAfter]",0.00972228156139947,0.038566399470505,-0.00766869261450621,0.0267425490675484,-0.029444203592301,0.0549608509608779,-0.0679058926350081,0.0991530303026742
"rel_only","r_wid[wdde7ef1,n_remembered_shown:multi_timeAfter]",0.00742182351988835,0.0384625082251808,-0.00970125467839812,0.0224585242135722,-0.0304346413258428,0.0529036758709912,-0.0687408318112602,0.100660632839648
"rel_only","r_wid[wdea5d27,n_remembered_shown:multi_timeAfter]",0.00120547964403546,0.0372492261824417,-0.0117743189142708,0.0167220846519099,-0.0384175457260221,0.0405919843980169,-0.0820005489961429,0.0793819617277708
"rel_only","r_wid[wdfdc927,n_remembered_shown:multi_timeAfter]",-0.00304876376345884,0.0378572293555188,-0.0173792635558999,0.0120710089824761,-0.0443565969369193,0.0357556368624288,-0.0860549755917006,0.078167031380456
"rel_only","r_wid[we10d2c6,n_remembered_shown:multi_timeAfter]",-0.000748408424700833,0.0390731706163381,-0.0172239007775121,0.0145814679729107,-0.0424813662057205,0.0411958633849401,-0.0840011289382669,0.0840590771223332
"rel_only","r_wid[we1b8e64,n_remembered_shown:multi_timeAfter]",0.00336405418625732,0.0375307391603982,-0.0116352476874615,0.0181608827961131,-0.0351263984433128,0.0446742924081397,-0.0706131061785829,0.0842762185558663
"rel_only","r_wid[we2434bb,n_remembered_shown:multi_timeAfter]",-0.000282179348338045,0.0369315982089966,-0.0154365038246928,0.0132261419064738,-0.0391709323268684,0.0403095857141961,-0.0803964324037996,0.0822489347279187
"rel_only","r_wid[we245fc8,n_remembered_shown:multi_timeAfter]",0.00399002238832105,0.0382454605747753,-0.012351905404705,0.0206776552949835,-0.0366235207934011,0.0467076877848924,-0.0781425745943647,0.0897875955748918
"rel_only","r_wid[we24a9dd,n_remembered_shown:multi_timeAfter]",0.00585815167375868,0.0363887162878761,-0.00909099216107815,0.0206816589544139,-0.0302964286477077,0.0485551081509837,-0.0700654796327032,0.0836242537774939
"rel_only","r_wid[we26c55e,n_remembered_shown:multi_timeAfter]",-0.00226493877965187,0.0378408279595802,-0.0173215715627106,0.0124635328317395,-0.0425606516809147,0.0363269406611369,-0.0874722932564423,0.0779743103122319
"rel_only","r_wid[we38f335,n_remembered_shown:multi_timeAfter]",-0.0128073165948943,0.0420452742333268,-0.0269228363979473,0.00612921695467307,-0.0617056891470811,0.0244536473791252,-0.118731528214141,0.0569575814110864
"rel_only","r_wid[we39fc55,n_remembered_shown:multi_timeAfter]",-0.00193810880975596,0.0402585916238793,-0.0166145290805362,0.0145059403651568,-0.0448419022577266,0.0395869948029468,-0.0981859331799906,0.084320717544158
"rel_only","r_wid[we40084a,n_remembered_shown:multi_timeAfter]",-0.0165166669054987,0.0440626255323552,-0.0362685038180877,0.00576009685456526,-0.0701370768889005,0.0260683691817164,-0.12083026723568,0.0622796363618054
"rel_only","r_wid[we4edfb4,n_remembered_shown:multi_timeAfter]",-0.00845019050369694,0.0360372512201226,-0.02359509035031,0.00777219178957165,-0.052182412159574,0.0283700364604769,-0.0961776353824721,0.061277096968575
"rel_only","r_wid[we55dec7,n_remembered_shown:multi_timeAfter]",-0.00499744949650825,0.0352152490999016,-0.0170198780066053,0.0104708625856449,-0.0459648133978038,0.0306392743099164,-0.0869995288328571,0.058387557677328
"rel_only","r_wid[we58a710,n_remembered_shown:multi_timeAfter]",0.0100193979609732,0.0382148153496058,-0.00731832503164802,0.0255533140091694,-0.0280929011208679,0.055559193100666,-0.0614471814764707,0.104163671594337
"rel_only","r_wid[we824ff2,n_remembered_shown:multi_timeAfter]",0.00806266219109808,0.0418777005800978,-0.010293442335317,0.023378875478048,-0.0331782317157679,0.0555434348869816,-0.0692477316501867,0.108701420514398
"rel_only","r_wid[we83fa8f,n_remembered_shown:multi_timeAfter]",-0.00134549338001358,0.0379736745805117,-0.0173839795871426,0.0132074915279999,-0.042489199821699,0.0407550415785794,-0.0825971911872831,0.0804699069348432
"rel_only","r_wid[we90925d,n_remembered_shown:multi_timeAfter]",0.00138253039786311,0.0382058256213158,-0.012947963761907,0.0152355614124824,-0.0400012302759598,0.0424593640546254,-0.0796772636585699,0.0890713558996228
"rel_only","r_wid[we9631be,n_remembered_shown:multi_timeAfter]",0.0143726676320284,0.0439862863631318,-0.0061984473543476,0.0332247183365637,-0.0274799520262223,0.0690602697910742,-0.0683448091787585,0.126371583100308
"rel_only","r_wid[we9754da,n_remembered_shown:multi_timeAfter]",0.00304175980510718,0.0378413117150404,-0.0131205660106131,0.0165220345823014,-0.0347344006867024,0.0446997186623122,-0.0727379992400405,0.0945067325516251
"rel_only","r_wid[wea09e5e,n_remembered_shown:multi_timeAfter]",-0.00473908398161413,0.0365290302226839,-0.0193745674460285,0.0103533719204235,-0.0466244430838528,0.0330695692711519,-0.0893613041308665,0.0713366927133426
"rel_only","r_wid[wea8ef8e,n_remembered_shown:multi_timeAfter]",0.00325754035239379,0.0355850511084615,-0.0123305914218405,0.0167680340723699,-0.0334051571330279,0.0453394784807101,-0.0679172935745343,0.0845224335649851
"rel_only","r_wid[webf5097,n_remembered_shown:multi_timeAfter]",0.00369388157087751,0.036792219072672,-0.0113607153998633,0.0166485764864905,-0.033056275321745,0.0447889794962037,-0.0699841160344815,0.08970723308263
"rel_only","r_wid[wed3d878,n_remembered_shown:multi_timeAfter]",-0.00377065166040143,0.0385590724085834,-0.0179770986524057,0.0123513432741541,-0.0469974045453919,0.0347205011713859,-0.0891129530018912,0.077601006576996
"rel_only","r_wid[wee338ab,n_remembered_shown:multi_timeAfter]",0.00398711712427471,0.036370180967091,-0.0113472528230319,0.0164243379599017,-0.0324968714574958,0.0450769109461326,-0.0716984930189528,0.0912963407281153
"rel_only","r_wid[wf2f2835,n_remembered_shown:multi_timeAfter]",-0.00229178494602029,0.0363970048772102,-0.0169682001848732,0.0118260010474666,-0.0409217286970387,0.0371758381728285,-0.0847434045495873,0.076541115118916
"rel_only","r_wid[wf456a28,n_remembered_shown:multi_timeAfter]",0.00214649613045821,0.0361191466646452,-0.0141458506668559,0.0157094891163425,-0.0359549978139943,0.0423666168300294,-0.0680623216171469,0.0871800453338044
"rel_only","r_wid[wf469935,n_remembered_shown:multi_timeAfter]",-0.00680414373012979,0.0377984417682524,-0.0207508705948793,0.00890512264896973,-0.047884568312478,0.0305781716396402,-0.0993554357032031,0.0677701513979538
"rel_only","r_wid[wf537da7,n_remembered_shown:multi_timeAfter]",0.00290727667276656,0.0361399093370457,-0.0113709399553429,0.0164928634565373,-0.0336209483645182,0.043814664751086,-0.0739739155657604,0.0820057869567905
"rel_only","r_wid[wf60f9d4,n_remembered_shown:multi_timeAfter]",-0.00655822743806608,0.0376878662204503,-0.0214112491657672,0.00991167311382721,-0.0518934598132644,0.0312307293817906,-0.0926611849076222,0.0682536920823773
"rel_only","r_wid[wf63b737,n_remembered_shown:multi_timeAfter]",0.0219389682942873,0.0436677446110939,-0.00166936964899346,0.0387210527184606,-0.0169546461165264,0.0796637689781581,-0.044405166304431,0.135411771429064
"rel_only","r_wid[wf63c50b,n_remembered_shown:multi_timeAfter]",-0.00483872771445307,0.0364382401875272,-0.0196621776091325,0.00954614174580747,-0.0461333951469644,0.0322275576983038,-0.0871405198741833,0.0738865048564834
"rel_only","r_wid[wf646ea3,n_remembered_shown:multi_timeAfter]",0.00626999008083238,0.0459522048435306,-0.0130281461306532,0.0250605353769207,-0.0419858127270565,0.0577074829165347,-0.0870669971522567,0.111592613518564
"rel_only","r_wid[wfbb00e1,n_remembered_shown:multi_timeAfter]",0.00643638689498449,0.0382331955397228,-0.00967893866892876,0.0216747086764704,-0.0326302213224243,0.0500925600595184,-0.0725800468197091,0.0953668920171745
"rel_only","r_wid[wfd8b568,n_remembered_shown:multi_timeAfter]",0.000765145607613231,0.0357689211118978,-0.0135756353656611,0.0153530503386829,-0.0371611500934564,0.0393368133813061,-0.0744413992765681,0.0786828080977372
"rel_only","r_wid[wffba7a1,n_remembered_shown:multi_timeAfter]",-0.00654382194060312,0.036600671820827,-0.0219432892092567,0.00910400294027658,-0.0489941139631004,0.0313645549365453,-0.0908571854401393,0.0656236040912164
"rel_only","lprior",-14.7399335181498,0.426656886658253,-14.9347337870267,-14.4230024630658,-15.3196958806762,-14.3096634640094,-15.8480838132831,-14.2394396157431
"rel_only","lp__",-33547.9853700929,29.4328395275013,-33567.8533504856,-33528.0822809822,-33585.4389142522,-33509.4909341216,-33605.8740383986,-33490.3657516225
"memory","b_Intercept",7.56932002875038,0.0513313350188047,7.5346521232153,7.60444861715756,7.50360105645481,7.63495899855523,7.46865108095268,7.67227551393352
"memory","b_n_total_memories_shown",0.00698819579209414,0.0117730717864579,-0.00110250857566924,0.0151213885656867,-0.00791362465480305,0.0220969814234928,-0.0165568414641181,0.0296027173991142
"memory","b_exp_versionexp_c1",-0.107685493669708,0.0728719161114511,-0.155164154851006,-0.057955407414789,-0.201585357372084,-0.0147238814458193,-0.251794678198753,0.0362965086772395
"memory","b_exp_versionexp_c2",-0.0632268476531549,0.0670266487642777,-0.108821719425094,-0.0179175990369035,-0.149065468055556,0.0230253096765207,-0.192609329004951,0.068279428817941
"memory","b_multi_timeAfter",-0.0395414175894866,0.060675526046456,-0.0782913115313522,0.0013531874379176,-0.117293723237759,0.0372750631652571,-0.161759643216557,0.0783738275796879
"memory","b_nback_performance_z",-0.0323351072504257,0.0187069512395269,-0.0450631654175389,-0.0198900003237937,-0.0558825698952993,-0.00815304820804977,-0.0689096641935616,0.00452344743472407
"memory","b_n_total_memories_shown:exp_versionexp_c1",0.0114127172325689,0.0171689809154427,-0.000199869216477642,0.0228776846992431,-0.0104370195385355,0.0334773427663208,-0.0213928204471416,0.0454614266971566
"memory","b_n_total_memories_shown:exp_versionexp_c2",0.0248644153713918,0.0151470047760515,0.0144971383252695,0.0352040189446082,0.00532115478304991,0.0445356096309733,-0.00474873793960309,0.0545400229759833
"memory","b_n_total_memories_shown:multi_timeAfter",0.0685350871424985,0.0149340583700248,0.0583419932486838,0.0784344290626244,0.049111869314656,0.0875978793568455,0.0393240577925536,0.0981025352468923
"memory","b_exp_versionexp_c1:multi_timeAfter",0.0377027306677896,0.0824955100576565,-0.0179939124491461,0.0921822151988996,-0.0680916383195157,0.143258660727486,-0.121885044025233,0.204640315163826
"memory","b_exp_versionexp_c2:multi_timeAfter",-0.0528916340940145,0.0777804304934386,-0.105444669761854,0.000446006032063974,-0.151855906686833,0.0481535861556767,-0.203105351957195,0.0986175041871486
"memory","b_n_total_memories_shown:exp_versionexp_c1:multi_timeAfter",-0.0131203108205541,0.0212621217010877,-0.0274581700148697,0.00115644418319952,-0.0402080137443679,0.0147499314001353,-0.0548152023757912,0.0281430220318561
"memory","b_n_total_memories_shown:exp_versionexp_c2:multi_timeAfter",-0.0346581673849714,0.0189971114635965,-0.0474621409994087,-0.0215809140896054,-0.0595592687594006,-0.0103548672083228,-0.0721417916177438,0.00108868370780608
"memory","sd_wid__Intercept",0.323811329279388,0.0455835266281679,0.291150462187957,0.353527364635003,0.265039976322056,0.38348393347045,0.243192654689782,0.418829637928477
"memory","sd_wid__n_total_memories_shown",0.0428674684208675,0.0190071691695909,0.0300427453642704,0.0562884710910853,0.0151546355335211,0.0666839504549257,0.00441728345881367,0.076825989580477
"memory","sd_wid__multi_timeAfter",0.0720469631779369,0.0523237193983897,0.0302209133382965,0.103900270355267,0.0117358678742774,0.142900154355776,0.00299865124824555,0.195372983529482
"memory","sd_wid__n_total_memories_shown:multi_timeAfter",0.0231973939490264,0.0134314868980347,0.0130606881759805,0.0317894091465343,0.00576595708709751,0.0411591015305307,0.00144953558163533,0.0520999187403373
"memory","cor_wid__Intercept__n_total_memories_shown",-0.534592207259763,0.255813322328235,-0.694072660216781,-0.459123383120525,-0.760796197069551,-0.239697102358476,-0.82284664901897,0.222988629736285
"memory","cor_wid__Intercept__multi_timeAfter",0.066473830065011,0.396506658092102,-0.210968425211742,0.358439459738355,-0.470276253165636,0.592406928206779,-0.698955388092874,0.796694904334795
"memory","cor_wid__n_total_memories_shown__multi_timeAfter",-0.137498885400044,0.433991296714826,-0.482098351367677,0.181266220334569,-0.686271581265333,0.480466887771666,-0.858264061721287,0.73813939038538
"memory","cor_wid__Intercept__n_total_memories_shown:multi_timeAfter",-0.191248337214885,0.374297733140402,-0.478424930297965,0.0660717064194883,-0.674695849935324,0.311303883682757,-0.84052258667859,0.572742038650645
"memory","cor_wid__n_total_memories_shown__n_total_memories_shown:multi_timeAfter",-0.245229693298621,0.421361106537674,-0.575585546750411,0.032404858498877,-0.743038022309281,0.363255334844258,-0.872567277864945,0.698859179704402
"memory","cor_wid__multi_timeAfter__n_total_memories_shown:multi_timeAfter",-0.174968035869506,0.451590665842555,-0.545371309608519,0.158083867658059,-0.753862882720134,0.4668520342552,-0.890662458351777,0.725061180454974
"memory","sigma",0.573304733932032,0.0072417590768407,0.568559118445965,0.578014237166932,0.564200257865339,0.582514542852013,0.559077727428573,0.588041068386698
"memory","ndt",1.69662073448958,1.606457436324,0.527706811160664,2.36454921670848,0.203366109631116,3.82301269605066,0.0479102476832959,6.08806856563681
"memory","Intercept",7.68393153087543,0.0196430076823347,7.67099458060889,7.69700143331806,7.65872862019464,7.70844931792629,7.644988694434,7.72233288913428
"memory","r_wid[w0198d08,Intercept]",-0.0559960033805478,0.220981182801244,-0.201448660755332,0.0841754737011601,-0.320811792158839,0.223317192876483,-0.49030648338457,0.388975327971114
"memory","r_wid[w01da968,Intercept]",-0.0617506953692997,0.254465374711905,-0.226775774609666,0.104495250287973,-0.382579702484693,0.257823940625465,-0.574636858633888,0.432366177888532
"memory","r_wid[w022dd5a,Intercept]",-0.131246935827347,0.211672538718024,-0.265357335287019,0.000829535129413417,-0.393293780449077,0.128406389657047,-0.549130322370476,0.284182576299007
"memory","r_wid[w02461c5,Intercept]",0.186103061957923,0.254941734520368,0.0142782859212502,0.349842592201808,-0.140736100195312,0.510894345255076,-0.309437212081579,0.692778440149266
"memory","r_wid[w05ede5c,Intercept]",-0.0706997737195558,0.212128411621243,-0.20554093286017,0.0615647785074406,-0.333538666749377,0.192936679641223,-0.490538796896846,0.3541958604752
"memory","r_wid[w05f4989,Intercept]",-0.0257700749951535,0.281612516044913,-0.206508538712127,0.15228768571914,-0.369452721507417,0.325330099338458,-0.598573378373687,0.561834797211735
"memory","r_wid[w060c642,Intercept]",0.0408361071852592,0.231729787330525,-0.115418529596934,0.178368432075968,-0.231340983395378,0.345897322250623,-0.365533265721303,0.565090054445431
"memory","r_wid[w06d51ce,Intercept]",0.150207565113864,0.177979887534046,0.0275778054715004,0.262730474512614,-0.0690663978126242,0.37488446263976,-0.182223521278583,0.52258596338772
"memory","r_wid[w07271cc,Intercept]",0.431766653327628,0.215642597171409,0.299582004823395,0.571582755012669,0.161527324699886,0.703935609558781,0.00914816885257426,0.849738169007434
"memory","r_wid[w07f26c1,Intercept]",0.119628658310775,0.192019433262231,-0.0125109102816707,0.238293197187182,-0.116931470713496,0.370234433704342,-0.236667057755491,0.514822018668565
"memory","r_wid[w08f65eb,Intercept]",-0.110824141009272,0.204202721195312,-0.243898696889843,0.0238808585492723,-0.375979265824478,0.147451106143117,-0.512105834119353,0.285740487643056
"memory","r_wid[w0a25e9c,Intercept]",0.357052086456659,0.210605911082528,0.217098019826828,0.492823036490784,0.104188057259355,0.625270966199747,-0.0499679638863907,0.796490352757712
"memory","r_wid[w0b0ec85,Intercept]",0.0308322567161547,0.248060153080656,-0.136777252372117,0.191667158487387,-0.289408271439201,0.344424531224145,-0.462232498536244,0.53086794178005
"memory","r_wid[w0b3246f,Intercept]",0.0390966874664073,0.244577452270771,-0.122615290267553,0.198509829357365,-0.275754104358229,0.345674069590939,-0.439366415118104,0.512146701162937
"memory","r_wid[w0baed73,Intercept]",-0.00969312704160613,0.258255074911891,-0.171740404479792,0.148521088898662,-0.328587007747921,0.304373068847922,-0.516468445435098,0.510441502681726
"memory","r_wid[w0c031fe,Intercept]",-0.182737501002285,0.192616439750058,-0.308245833567387,-0.0627856703149035,-0.419842697015275,0.0584299674490683,-0.542777901614644,0.223014550313389
"memory","r_wid[w0d04a41,Intercept]",0.196833086352729,0.259991256621964,0.0300999978137866,0.370758215365754,-0.130784658316439,0.516665115609121,-0.318458427056132,0.716106894854177
"memory","r_wid[w0d62ec5,Intercept]",-0.139160123737261,0.238046262410754,-0.291134553229121,0.0203528727127958,-0.439558995616476,0.156864628009762,-0.604557296308514,0.323378010817314
"memory","r_wid[w0db2e6f,Intercept]",-0.261509314390769,0.221526626095943,-0.404970160272518,-0.107290936346533,-0.54523468514082,0.0112217556589482,-0.7032311229192,0.15775765011639
"memory","r_wid[w0ef0b67,Intercept]",-0.0121989459179827,0.232907358309179,-0.168348922148241,0.139414128052253,-0.307318206336454,0.286209485940763,-0.463695706695904,0.471399455081203
"memory","r_wid[w0fd8c2c,Intercept]",0.136138694868214,0.255635028816509,-0.0372341861360323,0.305723005701979,-0.185435079744499,0.463348812907207,-0.360902008402143,0.627201023339869
"memory","r_wid[w10f7bc5,Intercept]",-0.193590650516002,0.23196636530433,-0.348000019180918,-0.0315790816482141,-0.488676231079321,0.0971303523177408,-0.651587510418066,0.240709755877487
"memory","r_wid[w11538ef,Intercept]",0.109512668971409,0.263751574792041,-0.061366209671128,0.27739239643487,-0.220522975030293,0.447336686347716,-0.404315681810698,0.636954582450041
"memory","r_wid[w117e095,Intercept]",-0.033758148792141,0.227054998129635,-0.184649893364299,0.114671511321385,-0.32414929683198,0.259865952290089,-0.481776487246336,0.406057335125642
"memory","r_wid[w13e388b,Intercept]",-0.066057928506257,0.263713188772255,-0.243439705862774,0.10378830719124,-0.394492391554632,0.271050879561838,-0.575771046042015,0.478223573120542
"memory","r_wid[w14cb402,Intercept]",-0.542345995444842,0.179769497793342,-0.659166205201363,-0.418918667672528,-0.773935617789828,-0.322333791741674,-0.924693130047072,-0.216050407581758
"memory","r_wid[w1571d58,Intercept]",0.194559472084567,0.263585167074898,0.0276181028214302,0.357477890482483,-0.14232268149903,0.530948105328052,-0.329049554006843,0.726657338418944
"memory","r_wid[w1629b0b,Intercept]",0.0349555741657407,0.229976726006063,-0.115121545602337,0.18157012218292,-0.249662717297564,0.322491807011958,-0.414985729767801,0.488854025496969
"memory","r_wid[w16b46ff,Intercept]",-0.0892727090189968,0.176676472746304,-0.206679323324838,0.0251617986430529,-0.313036936254451,0.133645715785443,-0.445966206803998,0.250996759931499
"memory","r_wid[w182a5f6,Intercept]",-0.0708017972882471,0.272000588982686,-0.245605430392873,0.10786294093417,-0.416734166341357,0.276999925324186,-0.61879281182908,0.459101279927984
"memory","r_wid[w19d0170,Intercept]",0.11338778947669,0.226177309121302,-0.0339994375041032,0.260772931669975,-0.173922062992055,0.398205695898676,-0.341441772466529,0.556211184223173
"memory","r_wid[w1d52e8b,Intercept]",-0.274470011450339,0.173483319059421,-0.387208637198167,-0.162280976545565,-0.489803249810138,-0.0584662391679599,-0.619154969737177,0.0605760586328214
"memory","r_wid[w1d9c2fb,Intercept]",0.281891138720662,0.216171111963414,0.138714741518642,0.412796847682613,0.0161130259284568,0.56129720415833,-0.115464498054369,0.752298108999546
"memory","r_wid[w1eadd53,Intercept]",0.123436723515076,0.203380773391468,-0.00857289518561064,0.248675603892016,-0.126631206470057,0.382531556447019,-0.258655675483338,0.537335423672658
"memory","r_wid[w1ef67ab,Intercept]",-0.236811646961293,0.197223603633984,-0.359749526855983,-0.108800705506397,-0.494098845679773,0.00352252021157215,-0.639753215183895,0.137992120496725
"memory","r_wid[w227f955,Intercept]",-0.0170891916088658,0.190329956678863,-0.145875820494347,0.111733327805037,-0.261467021894115,0.227544567500948,-0.385650463994933,0.345560022730806
"memory","r_wid[w245142a,Intercept]",-0.156402263384417,0.251855804983559,-0.319944612021666,0.0145292124627797,-0.477285228264114,0.153782848530395,-0.669012079380346,0.313884074128111
"memory","r_wid[w2457106,Intercept]",0.0655239439814378,0.180326012452346,-0.0517852521406703,0.186048641388749,-0.160147869787082,0.295666568452789,-0.286832096687491,0.41981554130293
"memory","r_wid[w249e8ce,Intercept]",-0.0110198243019597,0.198521309512816,-0.138327995814006,0.116307273072391,-0.262588008304907,0.235095036909402,-0.403589539897781,0.389409372533868
"memory","r_wid[w277fccf,Intercept]",0.197827821468785,0.258468037845575,0.0307156085670174,0.361641323798562,-0.126681057545205,0.526225418040293,-0.312425198399114,0.707988540997702
"memory","r_wid[w27e1de9,Intercept]",0.09398140441283,0.206903036574299,-0.0351596982515802,0.230862974290515,-0.164652413088387,0.353111968976793,-0.325196463658746,0.485450427439567
"memory","r_wid[w2991322,Intercept]",0.212702967129425,0.216441837941443,0.0618912862447448,0.353888070183698,-0.0565943727406384,0.486697397546057,-0.199499158370357,0.6654250137683
"memory","r_wid[w299c268,Intercept]",0.277440910993834,0.253309014343404,0.122358596609882,0.440406995520189,-0.0440524784861991,0.579303432656596,-0.253004686097277,0.78360787428961
"memory","r_wid[w29ed098,Intercept]",-0.0236955466899819,0.263667459659467,-0.19863081608931,0.139603374468109,-0.345477789895548,0.318995575998627,-0.521235502154189,0.522887479257496
"memory","r_wid[w2a7296e,Intercept]",-0.194349732672519,0.223949233667738,-0.340316408562579,-0.0485718325595381,-0.479165154877629,0.0883839675117931,-0.646495539208404,0.238388002358863
"memory","r_wid[w2bc0b21,Intercept]",0.0759175796324335,0.224827991235066,-0.0705427907722502,0.218614715635527,-0.207915760047065,0.354747933762126,-0.355275335605843,0.528937278255565
"memory","r_wid[w2c1f2f7,Intercept]",-0.13003279134683,0.24074082687051,-0.281676504176038,0.0279157008224738,-0.435272249981385,0.174427170029578,-0.605727642570094,0.35572734667782
"memory","r_wid[w2c75db7,Intercept]",0.0620490502497004,0.245705101821062,-0.101691207929139,0.218646233809795,-0.246178034571587,0.369248234624956,-0.417720415463347,0.550180973833541
"memory","r_wid[w2cb5760,Intercept]",0.264786966110073,0.292113162055344,0.0647351124620795,0.459464121414302,-0.0988404662395295,0.642880052513043,-0.276616204804014,0.858704642513317
"memory","r_wid[w3002e39,Intercept]",0.028612814137811,0.205004323111953,-0.092073927154087,0.161996255629313,-0.24303714849376,0.274335439970511,-0.404951947444494,0.410585930386485
"memory","r_wid[w308aa07,Intercept]",-0.0109617741625851,0.280827033976355,-0.190756028292242,0.173226193063762,-0.356810721911654,0.336571442883233,-0.588634114104293,0.537708816640787
"memory","r_wid[w30e05e4,Intercept]",-0.0015841033100653,0.262313924429875,-0.169031772327812,0.171724008090917,-0.326869806652263,0.324281210638094,-0.539003005290502,0.520611250188065
"memory","r_wid[w311c43d,Intercept]",0.017042269065822,0.17654382590948,-0.0941824449265215,0.134310604119501,-0.210224858472655,0.236260275990799,-0.341961323967645,0.352772917091209
"memory","r_wid[w313d7aa,Intercept]",-0.386016700287372,0.229864696315847,-0.533984329527291,-0.230293249671652,-0.676895823557392,-0.0940360376237351,-0.852021650141185,0.0460671786352272
"memory","r_wid[w31b60c3,Intercept]",0.0423715769995858,0.218446100856499,-0.10156009024611,0.187060747048911,-0.22998226109704,0.312973996268125,-0.387248324871909,0.483688390955708
"memory","r_wid[w3327d2a,Intercept]",6.81642014719089e-05,0.240576779476683,-0.166391325057832,0.157667964315133,-0.305083498907912,0.304111254193885,-0.454349307161137,0.485266179960691
"memory","r_wid[w35dbe71,Intercept]",0.200283001842731,0.289764237032489,0.0161472302526989,0.397171707867096,-0.168737664881761,0.560446489017811,-0.396053039535294,0.74913914443276
"memory","r_wid[w365c8db,Intercept]",-0.0132097673102413,0.224167286292847,-0.162343450764882,0.140015317718526,-0.295492302821847,0.275109547449017,-0.465367195362426,0.421158762479378
"memory","r_wid[w367fa57,Intercept]",-0.189757017590933,0.202528421133231,-0.31959968390415,-0.0559170887075203,-0.437634658891982,0.0608857226631082,-0.60654172807675,0.192754776403852
"memory","r_wid[w36b3d2f,Intercept]",0.262975472477055,0.299105642958345,0.0774607220438603,0.458460393342455,-0.112995803354474,0.624151474876938,-0.360344095823096,0.823725101347819
"memory","r_wid[w383e1fe,Intercept]",-0.0417004971433394,0.282647622247802,-0.223780007154896,0.136267052561814,-0.383848680167321,0.314870657986202,-0.587519463406592,0.543095381007474
"memory","r_wid[w38a9dbf,Intercept]",-0.148797151084068,0.224253076535988,-0.288986949419528,-0.0109013349072953,-0.429088124701566,0.130760464788052,-0.615200166059186,0.28930188092781
"memory","r_wid[w397496b,Intercept]",0.543420575296466,0.209236639176668,0.401474229850962,0.678263240519454,0.286602224966153,0.816540788137298,0.160569627970133,0.979343811713922
"memory","r_wid[w3acba24,Intercept]",0.273473122312641,0.192310072468045,0.155132097258461,0.395871202676187,0.0383660591483205,0.516394436218792,-0.126810156948727,0.64976872726253
"memory","r_wid[w3b16ba3,Intercept]",0.02564032253692,0.244085002969704,-0.137245811587852,0.182544736568542,-0.272321916235489,0.331374425751028,-0.423708259643532,0.546485225033384
"memory","r_wid[w3c1c747,Intercept]",-0.042242319481551,0.180485139629941,-0.161689618472563,0.0744685861273798,-0.262209050351301,0.187629434328738,-0.390463322298697,0.317538284254211
"memory","r_wid[w3c538ad,Intercept]",-0.198014753624816,0.262506679680615,-0.368461280111223,-0.0338048069195723,-0.521588310935349,0.135024047549754,-0.722898376027909,0.325320039433703
"memory","r_wid[w3d5caa9,Intercept]",0.102676556916228,0.260639386634839,-0.0548486121490216,0.271245313353227,-0.221769882414384,0.42584857589922,-0.447769789288355,0.6003720693618
"memory","r_wid[w3f5fa74,Intercept]",0.166860074443721,0.147249152361285,0.0723646694325839,0.26279955053947,-0.0145655577602128,0.353285790135834,-0.125146502656447,0.457945090561654
"memory","r_wid[w3fb3b5b,Intercept]",0.164661649468266,0.178566069954266,0.0503239397809659,0.277887163588171,-0.0569576020418407,0.38647112903726,-0.182502200303151,0.537623941699947
"memory","r_wid[w3fc2d2c,Intercept]",0.088527389729379,0.278605990952436,-0.090054679989095,0.269398587680778,-0.273677976751913,0.423771020612186,-0.499060770142666,0.621498914214184
"memory","r_wid[w3fdf5b1,Intercept]",0.239947459083099,0.251741544115562,0.077782173545442,0.400827341693254,-0.0735455510345214,0.562053088326979,-0.242537951111684,0.763969357286727
"memory","r_wid[w409b474,Intercept]",-0.168921662966001,0.275428534026878,-0.346867264435232,0.00599636624180962,-0.513672023465054,0.182008815100929,-0.697112643983531,0.389741367717091
"memory","r_wid[w4400cbf,Intercept]",0.288005426254911,0.253404767342275,0.119172495988891,0.454893875277763,-0.0277840463472742,0.612089820335354,-0.199384280100883,0.800524326439938
"memory","r_wid[w44c6cc9,Intercept]",0.162859602101757,0.275487974360937,-0.0100205407919191,0.333811423175147,-0.179195337759668,0.512159800212643,-0.377987256863718,0.723344753307013
"memory","r_wid[w44f5ace,Intercept]",-0.320334873170397,0.230662032320792,-0.46848861202606,-0.166531447448538,-0.615955963523195,-0.0330621753421021,-0.797267277469332,0.123704458025035
"memory","r_wid[w479605b,Intercept]",-0.0872212886785567,0.235024321384159,-0.240771674510432,0.0684621417199374,-0.381811832845549,0.205369282968582,-0.541810347217568,0.390305966288272
"memory","r_wid[w496c8be,Intercept]",-0.379387676820145,0.282141030980022,-0.559511923081805,-0.196578978299094,-0.734823441607204,-0.0276845697553825,-0.945033151809709,0.193413044587597
"memory","r_wid[w49d88d0,Intercept]",-0.00185859513012938,0.172800546889217,-0.117426265501372,0.113347325809627,-0.222035867530043,0.214483959816231,-0.347933525608874,0.336995947680062
"memory","r_wid[w4a66ba2,Intercept]",-0.410671660921507,0.178929957884191,-0.528039674524752,-0.286327247869001,-0.638732794579294,-0.191564414509281,-0.783814503392697,-0.0756738779898189
"memory","r_wid[w4a907eb,Intercept]",0.0838546021318589,0.153961758648899,-0.023123452307769,0.184365934378624,-0.109498291205148,0.281125378403462,-0.206388161086662,0.410721878734987
"memory","r_wid[w4b6424d,Intercept]",0.297527920013523,0.188165356163135,0.172800578503042,0.417808661274816,0.061679923140378,0.539516938014328,-0.0552012996177397,0.680501082470481
"memory","r_wid[w4bf9dec,Intercept]",0.115990585521732,0.238257779488791,-0.0460797095881633,0.273212835860917,-0.177528536827763,0.427190743083412,-0.334718475728586,0.581084634548501
"memory","r_wid[w4c2a923,Intercept]",-0.281413252278627,0.157059389768695,-0.387568103513009,-0.176287298384706,-0.481793428807604,-0.0804654597267352,-0.593417864104069,0.0232649788314173
"memory","r_wid[w4cc863f,Intercept]",0.378176944013938,0.233508696135799,0.220930602578743,0.519007179071676,0.0968961016087255,0.683365068965467,-0.0308881610386584,0.881184097875609
"memory","r_wid[w4ccf510,Intercept]",0.309570548715727,0.204010425043436,0.178092546525149,0.433184765867829,0.0594046301553237,0.571049074244355,-0.0900472417341948,0.73582840464969
"memory","r_wid[w4db7ccb,Intercept]",-0.107175511214402,0.272031190362457,-0.269884056046276,0.0737895095877888,-0.463932177390717,0.214957584762976,-0.686763449901594,0.386370976496737
"memory","r_wid[w4dce7b5,Intercept]",-0.161038119072914,0.254688437882082,-0.335029237250109,0.0125495549971791,-0.492101308212104,0.169810784569946,-0.66601107142705,0.32112524511918
"memory","r_wid[w4dd7b34,Intercept]",-0.100345053044407,0.181556871554143,-0.218601445329857,0.0158743142820947,-0.332158158579481,0.130983672503608,-0.451706831330611,0.256477622498887
"memory","r_wid[w4ed0320,Intercept]",-0.0656591863278004,0.247379900753087,-0.226112814499655,0.0952177528212457,-0.376932341584946,0.247673264074417,-0.527691804956899,0.444458716685578
"memory","r_wid[w504748f,Intercept]",0.491632743285994,0.183043073672835,0.372758436092588,0.612605394989641,0.258206438980665,0.720282484797479,0.129175476896157,0.856285555555104
"memory","r_wid[w5092120,Intercept]",-0.113989015243509,0.243331870749388,-0.270458935298135,0.0442573836858463,-0.418411490638603,0.187664158126268,-0.609729827205649,0.363035013209419
"memory","r_wid[w50c12e5,Intercept]",0.137084417966164,0.237386968864131,-0.0201997128530649,0.289038991884769,-0.157683295489041,0.440195932813906,-0.333978372188138,0.606171312043966
"memory","r_wid[w51664f0,Intercept]",0.0963648097024004,0.23405445285233,-0.0625005417690294,0.254974751746827,-0.200278634697009,0.3912251959071,-0.364454592560447,0.548879997442803
"memory","r_wid[w53209bb,Intercept]",-0.0772379479478153,0.167320543595964,-0.184420154140886,0.0346332468718772,-0.294176839698212,0.131377522231967,-0.419242796148295,0.229657137213868
"memory","r_wid[w53b40c8,Intercept]",-0.227562512868978,0.265113824620756,-0.395486562480491,-0.0674101724085913,-0.548434679991147,0.115014239763576,-0.729698171027995,0.325808552154305
"memory","r_wid[w54c2956,Intercept]",-0.124865187433073,0.194385642818949,-0.25068609175081,0.00125002775399233,-0.366899185706351,0.118020504580963,-0.512741025543512,0.274904785531742
"memory","r_wid[w5685230,Intercept]",0.110931642029312,0.274028340909133,-0.0667353578466119,0.281559103455914,-0.236939468435972,0.462748052218204,-0.417690437830888,0.668287001170697
"memory","r_wid[w56b42b0,Intercept]",0.0567924852925805,0.215490707838287,-0.0894253742252917,0.203699034885324,-0.215722010752344,0.324965519868781,-0.378257985495773,0.473559910146022
"memory","r_wid[w580c449,Intercept]",0.0866436880391901,0.219262409864111,-0.0552064609389956,0.22900843157029,-0.18799330019374,0.3673345430776,-0.35966960072866,0.512334503393094
"memory","r_wid[w593f4a8,Intercept]",-0.0841428046322114,0.259893728074286,-0.256735102150924,0.0844770643582411,-0.407376808513669,0.25812246533974,-0.575644854176406,0.44308894292868
"memory","r_wid[w59b3a22,Intercept]",0.291906254001707,0.26948837914859,0.128218278493719,0.474933996429139,-0.0548824524557896,0.609936797144462,-0.299310410019887,0.772494911911304
"memory","r_wid[w59c9d33,Intercept]",0.0940181709083562,0.236528509145347,-0.0579951394822052,0.230103182977059,-0.188664591989081,0.382277311051194,-0.353096508094802,0.601799570969999
"memory","r_wid[w5ab5786,Intercept]",-0.107255460418443,0.2198968866381,-0.255895231654366,0.0351119517382903,-0.381832162011266,0.170205868785524,-0.539916882206561,0.323061404442289
"memory","r_wid[w5d6df14,Intercept]",0.559193892428736,0.19339089519597,0.429519970729967,0.681415906047408,0.322195241697794,0.810339923348661,0.192385860670134,0.961798995102068
"memory","r_wid[w5ec388a,Intercept]",-0.103135629971733,0.272150687509929,-0.275688388571116,0.0749400223828813,-0.448652527612879,0.238321421512663,-0.6422625427092,0.419223484778649
"memory","r_wid[w5f010fa,Intercept]",0.0762265710853104,0.290074805472417,-0.110791396613943,0.258416135800889,-0.283308341722061,0.444175338078016,-0.504499425635321,0.668139980404753
"memory","r_wid[w5f68d79,Intercept]",0.255628089065723,0.21972491180282,0.108036555718249,0.39986011810386,-0.0206356548185429,0.541636650748071,-0.168311031037374,0.697226779356465
"memory","r_wid[w5fb19e8,Intercept]",0.161333589754351,0.232519115151348,0.0100348537411108,0.314143894288948,-0.128183398962642,0.454280424404219,-0.289725665146631,0.624602127474013
"memory","r_wid[w601970c,Intercept]",0.0383821124984822,0.219006280215748,-0.112946905606817,0.187981429161338,-0.237406317710894,0.323140633575575,-0.390884807195668,0.465990895568229
"memory","r_wid[w605fd50,Intercept]",0.0822874968341855,0.230906897704569,-0.0689520529542874,0.229517659794135,-0.202801788939922,0.369431050115307,-0.371704197739918,0.552184487344079
"memory","r_wid[w60e6ea8,Intercept]",0.00525099527308669,0.226934147986674,-0.148311474035153,0.15355964705676,-0.278544166887055,0.294900829249266,-0.427494730825137,0.453042257196455
"memory","r_wid[w610dd08,Intercept]",-0.126741294024213,0.22676957008069,-0.276313139899783,0.0219434147113881,-0.410887640499302,0.161350264429148,-0.571910955339079,0.315412159262782
"memory","r_wid[w612200e,Intercept]",-0.792839235803441,0.175810882944859,-0.908501288243066,-0.672203905744412,-1.02113377263339,-0.57013433408442,-1.14683120180824,-0.455891467987354
"memory","r_wid[w61b360a,Intercept]",0.248937440735935,0.190980267660622,0.126702007249339,0.370218219270093,0.0137705888049854,0.490746495656594,-0.134532729911523,0.642014729130636
"memory","r_wid[w63ea659,Intercept]",-0.301731440727419,0.249155887708878,-0.460869750027346,-0.139134557382304,-0.620567704418903,0.0101120274808843,-0.812086269285934,0.188634393231582
"memory","r_wid[w6849aab,Intercept]",0.50182821435116,0.194967082005221,0.373748348541639,0.626255586289707,0.262054003696454,0.751167662416239,0.129192778362562,0.908481743534641
"memory","r_wid[w6870249,Intercept]",-0.191660981440876,0.216542822873811,-0.341166085185613,-0.0574835229112529,-0.453652217738378,0.0872716832678156,-0.5743418651329,0.272682513441189
"memory","r_wid[w68730bb,Intercept]",-0.175149384995805,0.230650751020109,-0.330106164180791,-0.0165161191575136,-0.473253066022897,0.112821480123279,-0.643473184808053,0.266449323294475
"memory","r_wid[w68e5aed,Intercept]",-0.600232289182072,0.195385693190977,-0.726456331467363,-0.463227477645243,-0.865144693385822,-0.35457898504982,-1.00129544115764,-0.252721186863076
"memory","r_wid[w6a59bb5,Intercept]",-0.106612478290971,0.244292520198752,-0.257491722463135,0.0436014138228729,-0.410895711192424,0.19713863427772,-0.602343200128987,0.387692448946977
"memory","r_wid[w6bec3e7,Intercept]",-0.10947786757649,0.254635740230072,-0.275058085592688,0.061365007122036,-0.446796222779698,0.209469686835591,-0.629804329929186,0.365162781275473
"memory","r_wid[w6cbe87c,Intercept]",-0.306787448110135,0.164380804304048,-0.41262793839299,-0.197491545226183,-0.515539994562694,-0.0994674028079649,-0.639401622269484,0.0119229289344173
"memory","r_wid[w6dd030e,Intercept]",0.354678041496758,0.244505137079545,0.198530263688951,0.506263657716725,0.0466025393277546,0.667366709910831,-0.125784174969397,0.848843782741241
"memory","r_wid[w6ea0c26,Intercept]",0.0320318973224366,0.241847053403381,-0.119557583181967,0.194268474205146,-0.268266086068382,0.330045913049314,-0.462527483347019,0.489112411659263
"memory","r_wid[w6eb92cc,Intercept]",-0.220491145219902,0.180448270338053,-0.340893387405576,-0.0993324747803121,-0.452490840155506,0.0142652969571522,-0.571462690537621,0.133528206394385
"memory","r_wid[w7232115,Intercept]",0.127696367280055,0.25458285756185,-0.03689423438237,0.289657567441324,-0.187880275471755,0.45014927051812,-0.369162819537336,0.648138093514977
"memory","r_wid[w737e6e4,Intercept]",-0.00137836754547342,0.240901063168312,-0.156665282099084,0.157592417284965,-0.303868798850269,0.298496345615157,-0.475579569815845,0.479425823912309
"memory","r_wid[w768a02c,Intercept]",-0.0830715356460655,0.246281678274542,-0.243642031845122,0.0774499700763585,-0.390555446785721,0.217178064175702,-0.574351843395151,0.418235179064452
"memory","r_wid[w77b72cf,Intercept]",0.332258919008174,0.187975247097818,0.205249526102339,0.457906460642761,0.103377645049396,0.5712567589716,-0.0295615420941788,0.713262361450102
"memory","r_wid[w7800d0f,Intercept]",-0.440839475783509,0.161751477292638,-0.546751184505197,-0.327662572216708,-0.648687107539629,-0.238681024354834,-0.771526450662277,-0.135206963548807
"memory","r_wid[w786d2f3,Intercept]",0.101160767902473,0.219150667011567,-0.0365007029660245,0.244941750110951,-0.179489840222573,0.364469508376403,-0.356889468731222,0.512857505736119
"memory","r_wid[w7a2af65,Intercept]",-0.0236629543267487,0.188576219099026,-0.146851825954762,0.102153034907855,-0.270285543318767,0.215900851815841,-0.396950774236337,0.338463187631455
"memory","r_wid[w7a38a77,Intercept]",-0.208193930717682,0.210792530124942,-0.344129527027731,-0.0809229315463914,-0.460490210367588,0.0582195724383231,-0.603839562585728,0.241003559666794
"memory","r_wid[w7bfe168,Intercept]",0.08122582402732,0.191648652163595,-0.0413035957964833,0.206460806927367,-0.157811286479603,0.325870680086773,-0.299789156332007,0.453822380037827
"memory","r_wid[w7dbf1a9,Intercept]",0.0942735295000171,0.15531765927365,-0.00679735860973352,0.196555915663884,-0.101089473538343,0.291130712200239,-0.20879867518506,0.408071226658908
"memory","r_wid[w7f5e428,Intercept]",-0.12361348090847,0.189900065556208,-0.244634806792101,-0.00360912215844914,-0.362406141021599,0.116107556253735,-0.500919540754664,0.259217281342764
"memory","r_wid[w7f90916,Intercept]",0.0595071326008016,0.248392004260355,-0.10129632102145,0.21800364899459,-0.246592620088684,0.375877358993589,-0.423000514340007,0.575634776272888
"memory","r_wid[w82f4ec0,Intercept]",0.388396809993462,0.166984868624078,0.276026516220292,0.496826939875451,0.176669175661343,0.600592601581551,0.0719381715110893,0.721742107963764
"memory","r_wid[w8363ab3,Intercept]",-0.659870485469041,0.21602572747261,-0.79493312936827,-0.515506311488786,-0.930161602611509,-0.395379963489813,-1.09245007170353,-0.231640311011209
"memory","r_wid[w83687da,Intercept]",-0.262672138164651,0.253130664396596,-0.410928264454312,-0.092426460471171,-0.594119574932901,0.03260922508177,-0.808151008208874,0.196419577386698
"memory","r_wid[w8843fd3,Intercept]",-0.193776386696296,0.2123357789602,-0.327495055226144,-0.043472109870301,-0.470206759269363,0.0598379562129837,-0.62999067129757,0.184977749169909
"memory","r_wid[w88c84d1,Intercept]",-0.14168026930829,0.170931038650949,-0.24824021671203,-0.0305416726655998,-0.356640892389018,0.0730081819135895,-0.487065189234205,0.191067715604837
"memory","r_wid[w88e738d,Intercept]",0.334233240469651,0.229774893689393,0.172482319104001,0.476469025848738,0.0591211590219919,0.640376956282746,-0.0628651100853311,0.83238964940865
"memory","r_wid[w896f77a,Intercept]",0.0516341119023582,0.241830867005356,-0.111646219611466,0.212501269382046,-0.255707604474324,0.357339388032201,-0.428188508042493,0.529317550732836
"memory","r_wid[w8d745f1,Intercept]",0.320060766943678,0.29034032878242,0.138772441910881,0.505327748065328,-0.0480452136521638,0.676628888765349,-0.265782152443758,0.878788744532876
"memory","r_wid[w8de3f64,Intercept]",-0.0702433177219475,0.204336657890139,-0.202388284806612,0.0656556657523613,-0.32830807252059,0.182380731478237,-0.49731065909359,0.299964575932829
"memory","r_wid[w8e07aa1,Intercept]",0.0530529595990143,0.177842158698861,-0.0647618186950691,0.169182093209168,-0.167368627520344,0.27557100625985,-0.295656313605174,0.4059513826225
"memory","r_wid[w8efa7d8,Intercept]",-0.789758976667858,0.250533770003005,-0.953845980576117,-0.616126703598126,-1.11627650132507,-0.479716356719856,-1.29938032913452,-0.314704228327509
"memory","r_wid[w9051394,Intercept]",0.0349727108312966,0.27572886679605,-0.13628092180364,0.212725252354238,-0.308973064168225,0.375360342706685,-0.521101277932237,0.57507823985316
"memory","r_wid[w90f4896,Intercept]",0.0545597249798938,0.255910227831864,-0.109181926289013,0.218311931982427,-0.265423307810773,0.377375824225288,-0.452797897901093,0.562312130425441
"memory","r_wid[w9173175,Intercept]",0.113941352571854,0.168666220707085,-0.000208304434259847,0.222729716167312,-0.0966029168594118,0.336440236198668,-0.208687542243268,0.45443733455478
"memory","r_wid[w9182e0b,Intercept]",-0.169988010293229,0.19465089291827,-0.293552039093422,-0.044110724614371,-0.421655337207483,0.0683173325781395,-0.564345802649675,0.218378673454464
"memory","r_wid[w924a500,Intercept]",0.151463589612919,0.279397891613155,-0.0263393552398614,0.334697155166824,-0.197879394266654,0.495530975063302,-0.432974336758823,0.684886836504144
"memory","r_wid[w941cd9f,Intercept]",-0.227578655469891,0.191784321282574,-0.348115583623352,-0.102058611104262,-0.468102132830935,0.0120385099912676,-0.610171172363306,0.148836780750171
"memory","r_wid[w95167ae,Intercept]",0.0898385318685084,0.208884099232592,-0.054765068660733,0.220943957094973,-0.1644818452009,0.362338626500525,-0.28347653866523,0.548352036079645
"memory","r_wid[w960c4a6,Intercept]",0.0508919134019146,0.215471781637517,-0.0869940501661549,0.180727701875712,-0.212964982617476,0.325574468493698,-0.352689273607108,0.4993965155631
"memory","r_wid[w962c662,Intercept]",-0.283411857452922,0.239241655676882,-0.43609179906859,-0.120976788115933,-0.584789062577426,0.00649300524964458,-0.770580505240367,0.166311390685545
"memory","r_wid[w9a08173,Intercept]",0.0620130058096331,0.187864171854331,-0.0582926719127499,0.181575619723183,-0.172055500955248,0.295654704322039,-0.307262788691585,0.447023780155251
"memory","r_wid[w9a0bd8d,Intercept]",-0.223540099688771,0.219132641768371,-0.369277819692849,-0.0896209631680052,-0.489419616805642,0.0578312366275527,-0.622448060272729,0.255140015766905
"memory","r_wid[w9b641f6,Intercept]",0.383929196300464,0.202749366018005,0.252006815585249,0.510716866876322,0.133455675505342,0.645991798230668,-0.00333435025500259,0.805489163617984
"memory","r_wid[w9b9abef,Intercept]",0.319830158014163,0.225160899427013,0.182457072444439,0.46187745255311,0.0374143053876831,0.592863149976644,-0.131938793022287,0.758488957044108
"memory","r_wid[w9bde09f,Intercept]",0.548393552359685,0.21273699635518,0.415190174677442,0.686187364394781,0.281942955439537,0.810719351832047,0.105328341086763,0.94897839095078
"memory","r_wid[w9cf2bd7,Intercept]",-0.11584352773983,0.173210027800111,-0.228756263988781,-0.00163704714689146,-0.332416404241227,0.107267886226508,-0.45991951108978,0.22983592092352
"memory","r_wid[w9f7c438,Intercept]",0.151292982289121,0.228257396141688,0.00103822039634949,0.300403336810364,-0.130981844283795,0.440099067254665,-0.296656977571638,0.611380711811826
"memory","r_wid[wa022482,Intercept]",-0.509218941035512,0.182235794705055,-0.631102038203516,-0.388531955608749,-0.742317289729749,-0.271584458425322,-0.867882078000065,-0.155217571430007
"memory","r_wid[wa136b3d,Intercept]",0.193705157471435,0.177201844068577,0.0740906485902715,0.311525252835014,-0.0255548242366336,0.4194162621188,-0.144573388013795,0.550781486299447
"memory","r_wid[wa1909e0,Intercept]",-0.298880801263094,0.245003641825328,-0.447805910834475,-0.132205345627349,-0.618881302131032,-0.00784744570871579,-0.823593788921833,0.136724626697219
"memory","r_wid[wa1a03f2,Intercept]",0.307826395145689,0.168234958960557,0.19668927819737,0.412127061626866,0.0997491098939751,0.52419989299178,-0.00849025344680066,0.654723734379267
"memory","r_wid[wa4fe3e4,Intercept]",-0.388062280794319,0.193519872096834,-0.518829125285836,-0.256769866189596,-0.643259453129444,-0.14663210866232,-0.780188043943758,-0.0224318772160289
"memory","r_wid[wa5817fc,Intercept]",0.00995581252250647,0.208631064806618,-0.133686852970421,0.140107102233743,-0.242866307079706,0.274654661445984,-0.362100979477016,0.454308377353769
"memory","r_wid[wa6daa50,Intercept]",-0.333687917507392,0.231029617363628,-0.488537045685147,-0.180710327618656,-0.627507391031973,-0.0435193046663426,-0.790397145300559,0.11313915629126
"memory","r_wid[wa79cf20,Intercept]",-0.0342997265945754,0.252921952891479,-0.196135294161168,0.127871815819343,-0.349343850724237,0.277941971028087,-0.508103796157406,0.489121443506873
"memory","r_wid[wab226bf,Intercept]",0.133464612896288,0.239073701501366,-0.0252205190960008,0.286619643003383,-0.165368119981178,0.437967302155459,-0.315688958595648,0.628140266793712
"memory","r_wid[wab70ec3,Intercept]",0.0928171187843346,0.1672032981809,-0.0165194806104723,0.206520610376502,-0.133168640339582,0.300424254996833,-0.245813369194655,0.406108035125044
"memory","r_wid[wace8728,Intercept]",0.0656797151252687,0.210518963687844,-0.07232692193482,0.209518268863036,-0.205345648407821,0.33180131699088,-0.348622245298103,0.465040547548247
"memory","r_wid[wad32437,Intercept]",-0.420348473613324,0.228039457129622,-0.566717036776787,-0.266754578822295,-0.720418585098195,-0.134090572188828,-0.877596328120983,0.0115013437839076
"memory","r_wid[waf52734,Intercept]",0.295949848879775,0.257027151771754,0.143110992717213,0.455523301485582,-0.0243198632096421,0.602047105946024,-0.2428063119286,0.791675533287997
"memory","r_wid[waf9be39,Intercept]",-0.0487901507647943,0.208454581973556,-0.189449979511387,0.0876745535216858,-0.308955733772804,0.215460684336325,-0.462366803866982,0.359615748159148
"memory","r_wid[wafacea9,Intercept]",0.279161011392703,0.276604545068476,0.0946739934480597,0.465274206600618,-0.0753785476106654,0.629023521686123,-0.24837763201937,0.835367132392904
"memory","r_wid[wb0b75c3,Intercept]",0.0283099511717644,0.264252399781427,-0.144226260378373,0.202567900041065,-0.305919202421058,0.355427209654257,-0.502137409948362,0.553372769654312
"memory","r_wid[wb2d9807,Intercept]",0.080349848457182,0.237493737594626,-0.0750492997559686,0.238737999896334,-0.222083987768146,0.368904043089087,-0.378684528601236,0.557037546164172
"memory","r_wid[wb361f36,Intercept]",-0.480439990769363,0.21079914519859,-0.615252592792189,-0.348122812748386,-0.745230010694947,-0.216761308962809,-0.896478648829963,-0.0690139633281347
"memory","r_wid[wb56c2d3,Intercept]",-0.391115700972934,0.22822147194206,-0.537538302214698,-0.240706319471024,-0.687231890812582,-0.116099615394865,-0.842954731022476,0.0591953028029817
"memory","r_wid[wb5c4def,Intercept]",0.0867876062215654,0.195004444903258,-0.037736555474581,0.21598088115538,-0.160585618263172,0.331374278802391,-0.307892554400032,0.468331493322922
"memory","r_wid[wb6ad69e,Intercept]",0.255115400517651,0.268116688158168,0.0925261322147868,0.431951351837826,-0.0847998118073828,0.568805232339709,-0.318985350671636,0.7574981185485
"memory","r_wid[wb772565,Intercept]",-0.181652183099603,0.247447397567348,-0.342087802024776,-0.0234088181380773,-0.497125373320125,0.122693627288338,-0.689824849726626,0.296860161849703
"memory","r_wid[wb85c4ff,Intercept]",-0.39471426473235,0.181129824228614,-0.506429266866943,-0.272212521980227,-0.628299895498088,-0.175415290349017,-0.774790547442109,-0.0572944659985663
"memory","r_wid[wb8feabb,Intercept]",-0.255086551980566,0.169261105315116,-0.364964578759006,-0.141700864615351,-0.474444903214135,-0.0450235952769778,-0.598960355732467,0.0704659155035715
"memory","r_wid[wb966154,Intercept]",0.0439876093635788,0.214953273464466,-0.103009234306202,0.173547499349194,-0.210247200777982,0.332525808691334,-0.345230050838875,0.525874796982205
"memory","r_wid[wbb74717,Intercept]",0.0213953234010263,0.183843001282256,-0.0908152244814867,0.139235968476023,-0.21314916643411,0.248223415100435,-0.36666599501037,0.375911100547625
"memory","r_wid[wbc79189,Intercept]",-0.145714946079849,0.277574561601704,-0.317435407795691,0.0353151712962142,-0.494431984342598,0.197539799486862,-0.710091178475561,0.383553222337174
"memory","r_wid[wbd0314c,Intercept]",0.227948989659866,0.180983972149193,0.108377409470937,0.340194902650718,0.00725609615618249,0.45369311230285,-0.120172696970375,0.602001985868348
"memory","r_wid[wbe2faf8,Intercept]",-0.045435829181311,0.225844328189478,-0.19321292547446,0.0902999282316448,-0.320045558893638,0.25017024970038,-0.460286203926919,0.444836567725849
"memory","r_wid[wbe569b5,Intercept]",-0.167217586736884,0.256112285718681,-0.33387008887811,0.00044716795908271,-0.489026850272327,0.146979138427455,-0.674535005490989,0.337714306115342
"memory","r_wid[wbe9243a,Intercept]",-0.00123654561286613,0.256216369009928,-0.159957680686405,0.162774056388249,-0.327398807475132,0.318038641743408,-0.534638745258164,0.510905209123677
"memory","r_wid[wbf1c81e,Intercept]",-0.390749948855509,0.188322427730312,-0.509370768985617,-0.259843855270988,-0.639264700985044,-0.157828254524904,-0.783004833173135,-0.0415135610300619
"memory","r_wid[wc097323,Intercept]",-0.124778093030298,0.292189751822854,-0.313485334980969,0.0548182920352863,-0.479800077066863,0.240764818841802,-0.681385034633268,0.496146211525829
"memory","r_wid[wc0a4260,Intercept]",-0.0620224264769457,0.223494932463032,-0.21193128565064,0.0851274787971332,-0.339293149513715,0.216551153390274,-0.497491605516024,0.380610123815056
"memory","r_wid[wc16f522,Intercept]",0.121720522970785,0.172370847992739,0.00564393585071555,0.234095449417697,-0.094213913286894,0.34208685463241,-0.198533753123927,0.475601080235969
"memory","r_wid[wc263e54,Intercept]",0.256379914823673,0.18327643212721,0.135700842021567,0.375584768150241,0.0252710356645454,0.487893093065709,-0.100301684640674,0.622690080822888
"memory","r_wid[wc294ae3,Intercept]",0.0674049765480659,0.221831844565651,-0.0753674856236028,0.214718440812282,-0.213890972145326,0.347597940899149,-0.367406382790082,0.507038805576174
"memory","r_wid[wc43fbaa,Intercept]",0.490368985520461,0.256849968658485,0.316135732685846,0.660740689629315,0.171898156601124,0.819257166191099,0.00462005096823393,1.00361417007542
"memory","r_wid[wc4c38a3,Intercept]",-0.0147924164878943,0.18616966548739,-0.138940811279807,0.10411453378409,-0.244500455258595,0.22478542864556,-0.37179480459972,0.371608621018907
"memory","r_wid[wc512962,Intercept]",-0.137783736551594,0.257210297134188,-0.299705088303856,0.0180865715581909,-0.44744495112579,0.180089041699993,-0.639459970348485,0.409684118726529
"memory","r_wid[wc54132b,Intercept]",0.303398955104615,0.173152535226466,0.186109424236954,0.414939654872797,0.0873727578388582,0.531865789240777,-0.0135633065986941,0.658201016116467
"memory","r_wid[wc55b6c8,Intercept]",0.27210307163391,0.190115511323699,0.145839579554941,0.395492737571606,0.0363793853230337,0.511847576980738,-0.0929771548216667,0.663037726559376
"memory","r_wid[wc628bde,Intercept]",0.0229177935572665,0.200834986906035,-0.104335045762479,0.145835629214251,-0.228366269598987,0.269298798386405,-0.373239393404452,0.434050846381686
"memory","r_wid[wc6f0e84,Intercept]",0.0115627262839939,0.252997236146909,-0.15338697007446,0.176743996887246,-0.302945665250776,0.333308568341766,-0.490943436397703,0.50561670730905
"memory","r_wid[wc73f4d8,Intercept]",-0.0122520633378654,0.249833567529109,-0.17070365895276,0.140884649160232,-0.322828982542661,0.300316922035988,-0.495579345563729,0.487088040783839
"memory","r_wid[wc8b5d36,Intercept]",-0.0947601731442113,0.24485954043791,-0.252394414618014,0.0600137505992046,-0.403122980238488,0.215157605793508,-0.581205805565692,0.400349245039365
"memory","r_wid[wcc033bc,Intercept]",0.0494274567503715,0.246602587631484,-0.116297798052031,0.216003743969111,-0.258306853670908,0.36113468998063,-0.438955350173208,0.525169448146135
"memory","r_wid[wcc15547,Intercept]",-0.13783227408541,0.211035577058024,-0.277739510531615,0.00322366341483257,-0.407797196273772,0.124467580595557,-0.564444376323036,0.270724120164518
"memory","r_wid[wcc4ec90,Intercept]",0.0178706006989338,0.228692261504455,-0.127041929727782,0.162294368091651,-0.265778609128194,0.311217140162739,-0.447280292209364,0.467867245485373
"memory","r_wid[wcd98054,Intercept]",0.277537691095873,0.195374914046195,0.146928858463286,0.401227478078932,0.0405520415104785,0.531821784719193,-0.087494522541463,0.686382690619532
"memory","r_wid[wd0724cf,Intercept]",0.10171514453757,0.274723856721819,-0.0784828078354858,0.273790078948326,-0.238642481597924,0.443474479138795,-0.428247547056091,0.646662190982568
"memory","r_wid[wd07cb72,Intercept]",-0.3329865332999,0.275463351676549,-0.508014556397404,-0.151915007167409,-0.687757051964109,0.0050916813152161,-0.897881063100782,0.189829158442118
"memory","r_wid[wd20dd5c,Intercept]",-0.175689004492283,0.237813593686371,-0.327871922022384,-0.0327991871260644,-0.466022751906343,0.126920701900692,-0.628692867825556,0.319275563367578
"memory","r_wid[wd238f0c,Intercept]",-0.0328909712421734,0.17336553292623,-0.147449661121114,0.0861298063416606,-0.253141527476073,0.185572844319743,-0.374950522859891,0.29345145758567
"memory","r_wid[wd47555e,Intercept]",0.102167845412035,0.244186156112084,-0.0574215079634451,0.264899185441337,-0.202687313464172,0.410775796475675,-0.379543202335669,0.586165505259015
"memory","r_wid[wdab535b,Intercept]",-0.0869934767774767,0.2252884641937,-0.236073383102691,0.0676430320813337,-0.370843718017928,0.191306776190585,-0.539490143289914,0.353530911075598
"memory","r_wid[wdad9375,Intercept]",0.14452887167809,0.245776067355284,-0.0256378568770246,0.299066937737346,-0.155759815623588,0.464802619002837,-0.288755768047627,0.670563534848158
"memory","r_wid[wdd486da,Intercept]",-0.352476602481355,0.169055039024055,-0.460558206392696,-0.238824298591466,-0.566062505394345,-0.142684100927861,-0.695811642618006,-0.0201277068977067
"memory","r_wid[wdde7ef1,Intercept]",-0.240199857058774,0.261941722677654,-0.41158895078679,-0.0616080471909022,-0.57608091886034,0.0856333634301944,-0.76478490606705,0.284597827989331
"memory","r_wid[wdea5d27,Intercept]",-0.159740418861288,0.151774711911247,-0.25924342837396,-0.0562222391823909,-0.354963167398678,0.0312904831110939,-0.463886937361329,0.136115731142658
"memory","r_wid[wdfdc927,Intercept]",0.188484018091967,0.270568982142588,0.0158910340914073,0.363284863490267,-0.149834976129378,0.534241957668963,-0.358846514892264,0.709508437271504
"memory","r_wid[we10d2c6,Intercept]",0.125251256062535,0.255422170801882,-0.0447555924213369,0.299972409682458,-0.209415958415581,0.447343497543221,-0.383847072429755,0.606511733553692
"memory","r_wid[we1b8e64,Intercept]",-0.119334233057857,0.254130945990699,-0.279135763229937,0.0454657672537993,-0.429615842710582,0.197751435991084,-0.63014665336269,0.382051873270448
"memory","r_wid[we2434bb,Intercept]",0.177169932434625,0.241709828321899,0.017272911795146,0.336315069510615,-0.124554768608825,0.483146169975567,-0.29386812841924,0.660825613404278
"memory","r_wid[we245fc8,Intercept]",-0.369318584182267,0.224688038578144,-0.510649301886858,-0.234080054628998,-0.64453428316948,-0.089258554567293,-0.815737628885159,0.09421809899221
"memory","r_wid[we24a9dd,Intercept]",-0.322812703223151,0.169856163393949,-0.433430090879218,-0.206712247137409,-0.545563305376723,-0.111084974379544,-0.676560597353297,-0.00587811205820869
"memory","r_wid[we26c55e,Intercept]",0.171442786080982,0.223173754808693,0.0282961010806983,0.312874402055085,-0.109793276874833,0.450529330189353,-0.267617587417288,0.628281440523771
"memory","r_wid[we38f335,Intercept]",-0.00519392119605479,0.271719994642148,-0.17197275135608,0.163711622567563,-0.344105676496513,0.327979700789326,-0.571237595567514,0.529587823053905
"memory","r_wid[we39fc55,Intercept]",-0.253080838470503,0.206394338339923,-0.379711622110599,-0.115832069610057,-0.521395683995213,-0.00457118289732272,-0.701314141009826,0.117081355097882
"memory","r_wid[we40084a,Intercept]",0.541339651303712,0.215390786309009,0.396629690987307,0.680503676269702,0.272444604270263,0.817014363295707,0.136139557971285,0.990970772951115
"memory","r_wid[we4edfb4,Intercept]",0.265238949853786,0.227705498108324,0.122792076357252,0.409382297789969,-0.0206421132183721,0.543723152468025,-0.192738651945714,0.706987652948568
"memory","r_wid[we55dec7,Intercept]",-0.0737807889578412,0.161536053420896,-0.180228771201131,0.0323252266671111,-0.277373914126763,0.127502234707939,-0.39457577740857,0.254545997256728
"memory","r_wid[we58a710,Intercept]",-0.196005224194248,0.296671910760157,-0.390997379059498,-0.0187573139561532,-0.5525917893795,0.194082189147515,-0.755933150659795,0.429388154021789
"memory","r_wid[we824ff2,Intercept]",0.158021940473645,0.216520378415644,0.0181494527713974,0.291844150856989,-0.108877812531468,0.429481264521191,-0.253344643945425,0.599813472484782
"memory","r_wid[we83fa8f,Intercept]",0.305140282217369,0.190786845560905,0.178187532280494,0.427142019967591,0.0701428861000371,0.553037093698278,-0.0533034737320979,0.70647954500311
"memory","r_wid[we90925d,Intercept]",-0.0585515586866684,0.256481031919018,-0.226489619444669,0.105484563087725,-0.372129995316013,0.267018691615869,-0.562565365736072,0.45627580281008
"memory","r_wid[we9631be,Intercept]",-0.423510481125397,0.226930585741132,-0.577608343116808,-0.26478514292745,-0.711545413634507,-0.141628428220183,-0.867901230097453,0.0139384141909243
"memory","r_wid[we9754da,Intercept]",0.203240681155978,0.203225410661549,0.0671243825862321,0.330163923002286,-0.0402353794988351,0.463059095679311,-0.162349108639226,0.633204006859624
"memory","r_wid[wea09e5e,Intercept]",0.186301066542564,0.259151246456725,0.0206066774179529,0.354299834106703,-0.139818755543379,0.505940311930811,-0.335974639491594,0.689326071757311
"memory","r_wid[wea8ef8e,Intercept]",0.1409691861851,0.223239710663467,-0.0117253116336149,0.291536772628164,-0.139343535523408,0.41990612441778,-0.299505943960755,0.580470012174065
"memory","r_wid[webf5097,Intercept]",0.0252495441136253,0.268006402491807,-0.149620736897116,0.196366686716255,-0.309989258254285,0.361053992517555,-0.499125727166799,0.572354160756441
"memory","r_wid[wed3d878,Intercept]",0.0590247304076521,0.287011904415851,-0.126367226944961,0.249257284419396,-0.295456043905893,0.420912748149419,-0.522350318193221,0.609817523342333
"memory","r_wid[wee338ab,Intercept]",0.0779253281037329,0.213150698684559,-0.0614580247256365,0.209340503727647,-0.180867219540393,0.354038978307142,-0.316337365784049,0.516889597175842
"memory","r_wid[wf2f2835,Intercept]",0.177643106419602,0.230623093026657,0.0226970587605149,0.319498591842077,-0.105944136305781,0.469324934463811,-0.270077716190012,0.643604704232847
"memory","r_wid[wf456a28,Intercept]",0.23324349377746,0.218650770250454,0.0907023713277068,0.370141780381785,-0.025583918948206,0.510484965886966,-0.192419680197786,0.679678288079953
"memory","r_wid[wf469935,Intercept]",0.190973039756157,0.232683691120593,0.0380474201191059,0.33893294702111,-0.0957602806960253,0.485044624934086,-0.26583213607231,0.665102698884251
"memory","r_wid[wf537da7,Intercept]",-0.0947029033884051,0.174542272216807,-0.20585098859899,0.0193348879989193,-0.315839115161357,0.121731172250624,-0.449183604874371,0.247389065786218
"memory","r_wid[wf60f9d4,Intercept]",0.282020486234527,0.178556221428261,0.159201501118524,0.403303218998465,0.0580802623203163,0.513489684209129,-0.0537879603997717,0.643940447179914
"memory","r_wid[wf63b737,Intercept]",-0.333523735648503,0.194560619466667,-0.457151469199984,-0.205381450617363,-0.579972987860708,-0.0910857655515602,-0.744712942612058,0.0365515156428377
"memory","r_wid[wf63c50b,Intercept]",0.181810723608956,0.251236770356124,0.0144219214352805,0.348619693022844,-0.135986771348881,0.499927791521688,-0.311739962431889,0.68218733678983
"memory","r_wid[wf646ea3,Intercept]",-0.493246169141451,0.228141683454762,-0.639427141910579,-0.341030204317341,-0.788640678218199,-0.218691707516253,-0.96627438204671,-0.0736458093200147
"memory","r_wid[wfbb00e1,Intercept]",-0.121516002994803,0.219311872000806,-0.264324572905269,0.0211814159256086,-0.398354896185173,0.160754775248068,-0.547829008758738,0.310069106475003
"memory","r_wid[wfd8b568,Intercept]",0.0640696754856852,0.244230040666721,-0.0937034201878334,0.223007755073919,-0.245060921483755,0.373481801744837,-0.412669094615618,0.564571066623377
"memory","r_wid[wffba7a1,Intercept]",0.229117642983583,0.233315009534296,0.0801039512133809,0.372281427373303,-0.0544271363088443,0.510561254474706,-0.217481687763472,0.721755102628881
"memory","r_wid[w0198d08,n_total_memories_shown]",-0.00291606901150287,0.0430667632003128,-0.0277449938573692,0.0219217848822918,-0.055663913490807,0.0483645057194692,-0.092675338889022,0.0843782403144954
"memory","r_wid[w01da968,n_total_memories_shown]",-0.000248108326444733,0.0471115613758018,-0.0260056707554177,0.0246545846205268,-0.0570943852118618,0.0560333494527078,-0.100091949852643,0.0963162876797151
"memory","r_wid[w022dd5a,n_total_memories_shown]",-0.00448384035851072,0.0413890051306014,-0.0272676274628378,0.0182011547819995,-0.0562109990883609,0.0441173129821115,-0.0951001935123232,0.0779689335281954
"memory","r_wid[w02461c5,n_total_memories_shown]",-0.00201778871551577,0.0442730870633358,-0.0255155866378654,0.0216203418436942,-0.056088276363701,0.0501224464484568,-0.0920158700420684,0.0895449685795337
"memory","r_wid[w05ede5c,n_total_memories_shown]",0.0022868592753887,0.0445337140452536,-0.022051902061261,0.0262714500357083,-0.0518100207573433,0.0567936105978101,-0.0906823538518561,0.0951679807800469
"memory","r_wid[w05f4989,n_total_memories_shown]",0.000721526554409493,0.0452263288501556,-0.0248733124906777,0.0251735785360327,-0.0536552746966312,0.0555753722622561,-0.0926284089924186,0.0975618063060949
"memory","r_wid[w060c642,n_total_memories_shown]",-0.0279481091322661,0.0440268821272125,-0.0538191755701207,0.00107631206834893,-0.0904680639346231,0.0193266836940418,-0.129317873158846,0.0443775951521927
"memory","r_wid[w06d51ce,n_total_memories_shown]",-0.0224385620350947,0.0415694220763011,-0.045492460982805,0.00322278699753273,-0.0764426629753309,0.0217177466152258,-0.120996034509038,0.0497830955585758
"memory","r_wid[w07271cc,n_total_memories_shown]",0.000180886574528627,0.0458445520582284,-0.0255815885080491,0.0252670657622759,-0.0538260203486566,0.0571207645917706,-0.0942799751774197,0.0969137518060536
"memory","r_wid[w07f26c1,n_total_memories_shown]",-0.0261447181289742,0.0454621954971723,-0.0531285350825952,0.00243685674059214,-0.086509190977079,0.0226365512455138,-0.128505334569573,0.0513437385157393
"memory","r_wid[w08f65eb,n_total_memories_shown]",-0.000444472395087722,0.0403807679270631,-0.0228173661234515,0.0222288701012147,-0.0504181236124116,0.0499947626545924,-0.0881074876644837,0.0815863116621104
"memory","r_wid[w0a25e9c,n_total_memories_shown]",-0.0124267532369181,0.0445819911755103,-0.038309065507377,0.0124185208096358,-0.0690418654122262,0.0381544892413032,-0.109164081656699,0.0738764990892322
"memory","r_wid[w0b0ec85,n_total_memories_shown]",-0.000797703567488299,0.0423332044831111,-0.02448550287015,0.022805660709056,-0.0538439796722242,0.0498657626718357,-0.0877843002905237,0.0850627107422927
"memory","r_wid[w0b3246f,n_total_memories_shown]",0.0117552903438401,0.0455809618613088,-0.0139549884281622,0.0355889337983236,-0.0394705484198841,0.0691377278421764,-0.0729155419314156,0.114344806349163
"memory","r_wid[w0baed73,n_total_memories_shown]",-0.00142236194558279,0.044294901723458,-0.0243980487169222,0.0220909500464028,-0.0543048993589501,0.0517500783254661,-0.0978652897929089,0.0921413330997751
"memory","r_wid[w0c031fe,n_total_memories_shown]",-0.0105444678058238,0.0459368836659547,-0.0335620798338284,0.0148760651016505,-0.0703016872608184,0.0401681777231254,-0.115038509952077,0.0738385283168382
"memory","r_wid[w0d04a41,n_total_memories_shown]",0.00513716861722432,0.0444606574251576,-0.0192849474437658,0.0289281115615959,-0.0466979806207535,0.0615031676909709,-0.083271421915157,0.101002905611357
"memory","r_wid[w0d62ec5,n_total_memories_shown]",0.00361865877402891,0.0430707184517177,-0.0196256204182358,0.0264359776061869,-0.047596647085205,0.0578912215651011,-0.0862560782985539,0.0950024182590651
"memory","r_wid[w0db2e6f,n_total_memories_shown]",0.0220657193027763,0.0457150391457131,-0.00542878494780741,0.0474033891001411,-0.0282769358538695,0.0830483754984011,-0.0620867259288867,0.127097675074468
"memory","r_wid[w0ef0b67,n_total_memories_shown]",-0.0100304240889422,0.0453704841956534,-0.0326783823622133,0.0149226868016272,-0.0669576052678256,0.0425747806639633,-0.114724685071101,0.0772481241515603
"memory","r_wid[w0fd8c2c,n_total_memories_shown]",0.00131334707469241,0.044283649373827,-0.0228158925449235,0.0242446401336888,-0.0514333768518627,0.0557479308124139,-0.0879301650762964,0.100815351449316
"memory","r_wid[w10f7bc5,n_total_memories_shown]",0.0094270889957404,0.0431766251561555,-0.0147681226236993,0.0323243481275559,-0.0414983142260278,0.0646442471450426,-0.0737293015698184,0.105664723150225
"memory","r_wid[w11538ef,n_total_memories_shown]",-0.00209078599575968,0.044898117195219,-0.0252753003396194,0.0213005984385348,-0.0571029832373414,0.0522473377832927,-0.0996301732841446,0.0914459647591938
"memory","r_wid[w117e095,n_total_memories_shown]",0.00252336933149994,0.0442213848178559,-0.0207725622535891,0.0258457488978379,-0.050781102860167,0.056729332700225,-0.0883779684123485,0.0962955320607894
"memory","r_wid[w13e388b,n_total_memories_shown]",-0.0144368767079945,0.0473005602368347,-0.0391084447510482,0.0123343420956618,-0.0748752974480679,0.0377740072476419,-0.123017146322565,0.0739699899875909
"memory","r_wid[w14cb402,n_total_memories_shown]",0.0327544094718417,0.0436137984353051,0.00241094083097605,0.0591281940263035,-0.0157169828141753,0.0925636546850624,-0.0429691499132058,0.1294937609058
"memory","r_wid[w1571d58,n_total_memories_shown]",0.00247027893996969,0.044805204425499,-0.0223175531506311,0.0274644686965391,-0.0515126183024274,0.057992709627802,-0.0897114001188741,0.0942783809017761
"memory","r_wid[w1629b0b,n_total_memories_shown]",-0.00555001194151066,0.0451177737975582,-0.0283345922504943,0.0173718161160417,-0.0607243692682153,0.045704525774078,-0.10072881397542,0.0855516761726313
"memory","r_wid[w16b46ff,n_total_memories_shown]",0.0165152977357644,0.0421614960062646,-0.00823946587544042,0.0403647494452993,-0.031162466814755,0.0710066395571414,-0.0642216550560108,0.111021729745739
"memory","r_wid[w182a5f6,n_total_memories_shown]",-0.000695503932969458,0.0468276937738316,-0.0262120824952415,0.0249451878154408,-0.0566375850789479,0.0558279906031382,-0.102099846873473,0.0956661123816582
"memory","r_wid[w19d0170,n_total_memories_shown]",0.00742474041060165,0.0410426458681574,-0.015827436998783,0.0297954946367777,-0.0405729502407115,0.0597928361326481,-0.0693484361146308,0.0988554439385446
"memory","r_wid[w1d52e8b,n_total_memories_shown]",0.0111227833986308,0.0436406837745862,-0.0128918135659758,0.0339470113486494,-0.0390949831247086,0.0663425381569665,-0.0767817653534759,0.108008789314771
"memory","r_wid[w1d9c2fb,n_total_memories_shown]",-0.0161403123538719,0.0389506681680121,-0.0385397740116667,0.00714198672218014,-0.0680046022549126,0.0277120346451077,-0.10038379148443,0.0556794618685625
"memory","r_wid[w1eadd53,n_total_memories_shown]",-0.0125903471292904,0.0448320134687309,-0.0356072450309624,0.0113068394900239,-0.0702493278862167,0.039408669813993,-0.113599768303162,0.0713192805324864
"memory","r_wid[w1ef67ab,n_total_memories_shown]",0.0217983503982769,0.0422940523365981,-0.00350058784534907,0.0447416532345742,-0.0234459574433933,0.0783302929965881,-0.0552426946771664,0.117801238786411
"memory","r_wid[w227f955,n_total_memories_shown]",0.00789603130247163,0.042726675658756,-0.0156925311286512,0.0303841753400702,-0.0421304704724608,0.0618909758649243,-0.0753849304180256,0.102165407584041
"memory","r_wid[w245142a,n_total_memories_shown]",0.003455246301328,0.0455131093251219,-0.0219734435990113,0.0285906607221636,-0.05238572236549,0.0603182688768582,-0.086754274926923,0.10001168173395
"memory","r_wid[w2457106,n_total_memories_shown]",-0.00302399178190293,0.0389178283211194,-0.0238907773198857,0.0183584975414818,-0.0517271727460674,0.044393315058785,-0.0836678844028121,0.0775656000997166
"memory","r_wid[w249e8ce,n_total_memories_shown]",0.00539436871132646,0.0400260102590351,-0.0172869389219376,0.0285830938843316,-0.0424354327549178,0.0563495761019112,-0.0784309564305354,0.0878590801791728
"memory","r_wid[w277fccf,n_total_memories_shown]",-0.00310809727875538,0.0425067044859669,-0.0268064185207515,0.0194847872859582,-0.0541246042954406,0.0489902371621834,-0.0918075180775784,0.0853274462818259
"memory","r_wid[w27e1de9,n_total_memories_shown]",0.0144227673134809,0.0384168171905247,-0.00824316876749192,0.0374093878180372,-0.0299627198039919,0.0653084709907795,-0.0570434097304347,0.0958717478352871
"memory","r_wid[w2991322,n_total_memories_shown]",-0.010498328589618,0.0443232447015163,-0.034109650722191,0.0131866657936826,-0.0654076867942224,0.0398449194985621,-0.106956321217279,0.0763854989268957
"memory","r_wid[w299c268,n_total_memories_shown]",0.00364532266286944,0.0458917277756677,-0.0214186802292931,0.028101165905086,-0.050728652550564,0.0619318911868456,-0.0854786509518939,0.105472278187061
"memory","r_wid[w29ed098,n_total_memories_shown]",-0.0217236785376975,0.0486817154985752,-0.0493855978539799,0.00785563422707124,-0.0851223730697916,0.0305893515792169,-0.136220598529856,0.0626916991549099
"memory","r_wid[w2a7296e,n_total_memories_shown]",0.0126432998849116,0.0449389167368176,-0.0114864066971084,0.0373084629716358,-0.0385161537121977,0.068367755416481,-0.0736566979120056,0.113660120242003
"memory","r_wid[w2bc0b21,n_total_memories_shown]",0.00310971106390841,0.0433977763896436,-0.0201792720390392,0.0263145298717922,-0.0477243951052669,0.0570729652048257,-0.0858207470297689,0.094076444407935
"memory","r_wid[w2c1f2f7,n_total_memories_shown]",0.000260989843982226,0.0443220517821526,-0.0236374741025468,0.0241086513271106,-0.0558339809998714,0.0541970884085561,-0.0940725534578304,0.0936713435499504
"memory","r_wid[w2c75db7,n_total_memories_shown]",-0.00779590803500297,0.0448119523694698,-0.031115946456817,0.0158284784890055,-0.0637470440108497,0.0446477066335405,-0.106701644831599,0.0834949325011516
"memory","r_wid[w2cb5760,n_total_memories_shown]",-0.0187230851531081,0.0467538444963323,-0.0444241663381156,0.00799367509020397,-0.0793833660763748,0.0341251578904568,-0.124911326021012,0.0671486443089536
"memory","r_wid[w3002e39,n_total_memories_shown]",0.0130865759404444,0.0433063949302187,-0.0120655682435087,0.0366602091036951,-0.0356979291235222,0.0697270991218564,-0.065823591475469,0.110104228903841
"memory","r_wid[w308aa07,n_total_memories_shown]",0.00606995056243241,0.0455687876995417,-0.0185241344390694,0.0300005543481619,-0.0485277062675141,0.0636340927386528,-0.0816567411578269,0.102786047755087
"memory","r_wid[w30e05e4,n_total_memories_shown]",-0.00150366702081182,0.0446435847315872,-0.0263812185649995,0.0222240735264677,-0.0552201453233073,0.0515844650231986,-0.0946419060795893,0.094623720934783
"memory","r_wid[w311c43d,n_total_memories_shown]",0.0143643845309798,0.0382023567124432,-0.00804700577877893,0.0361173184085549,-0.029699609255857,0.0649235744788392,-0.0576764730866373,0.0984057913904102
"memory","r_wid[w313d7aa,n_total_memories_shown]",0.0203940465413608,0.0474104314963257,-0.00714048628522629,0.0469279547506133,-0.0343860955779658,0.0841674207824334,-0.0661992264685295,0.128347568307822
"memory","r_wid[w31b60c3,n_total_memories_shown]",-0.00272100258500778,0.0418524632323706,-0.0249540309647931,0.0201656125449987,-0.0533519084009754,0.0482368087929668,-0.091787282848283,0.081811374167412
"memory","r_wid[w3327d2a,n_total_memories_shown]",-0.0132770569156018,0.0451919823546754,-0.0387315629326204,0.0121492130142723,-0.0709706668910713,0.0383900832383982,-0.11425773409679,0.071843596763612
"memory","r_wid[w35dbe71,n_total_memories_shown]",0.0126834660815097,0.0468681353436394,-0.01518872928894,0.0379191694463837,-0.0397633574016708,0.0751850030764515,-0.0738434619161948,0.120072450979644
"memory","r_wid[w365c8db,n_total_memories_shown]",0.0100049972599685,0.0447645940637504,-0.0148741246439538,0.0342243948007637,-0.0409519432737634,0.0668469619270379,-0.0776232665959419,0.109970710458838
"memory","r_wid[w367fa57,n_total_memories_shown]",0.0131305386807506,0.0385144409409878,-0.00829006730538201,0.0344656870424721,-0.0310145131999912,0.063030672361335,-0.0621106362675381,0.0973731915005899
"memory","r_wid[w36b3d2f,n_total_memories_shown]",0.00933825869223745,0.0480977508108855,-0.01783220371668,0.0342078467810215,-0.0452341559858584,0.0717208228983559,-0.0836652584591455,0.118119671928828
"memory","r_wid[w383e1fe,n_total_memories_shown]",-0.00809540484156701,0.0443924347001726,-0.0320625870413181,0.0168850705265511,-0.0652439501253906,0.0442724702779363,-0.104527887941441,0.0751456083923444
"memory","r_wid[w38a9dbf,n_total_memories_shown]",0.00561147450503472,0.0423186946681267,-0.016783294841426,0.0286242167631567,-0.0460468695817034,0.0572218151197575,-0.0786109490066908,0.0949885914725862
"memory","r_wid[w397496b,n_total_memories_shown]",-0.031078625516431,0.041790177126601,-0.0561228931309872,-0.00230906634371123,-0.0859910272082717,0.0160489230265587,-0.125315558234457,0.0405487034312642
"memory","r_wid[w3acba24,n_total_memories_shown]",0.00635421474974531,0.0439509599655882,-0.0179188078296451,0.0301747140848291,-0.0449478088155828,0.0601725790245193,-0.0754266369946136,0.101411546024832
"memory","r_wid[w3b16ba3,n_total_memories_shown]",-0.0173679496311392,0.0465367510245479,-0.0429587445652145,0.00973541535903369,-0.081348482866906,0.0337152196898954,-0.119883576376104,0.0680110082234218
"memory","r_wid[w3c1c747,n_total_memories_shown]",-0.00784601799006026,0.0419894974005577,-0.0299844031112201,0.0157911139197756,-0.0607092158560877,0.0406911302948788,-0.0993143506885518,0.0740758281282891
"memory","r_wid[w3c538ad,n_total_memories_shown]",-0.00867311349123812,0.0477788134309523,-0.0347533509731245,0.0173742132820832,-0.0679746775436909,0.0480512738759726,-0.112664609155535,0.0867165364332579
"memory","r_wid[w3d5caa9,n_total_memories_shown]",0.0210920015006234,0.0487203341723135,-0.00755646124529467,0.0474152996940309,-0.0316332699481399,0.0850356651390538,-0.0626660564377307,0.136436786097557
"memory","r_wid[w3f5fa74,n_total_memories_shown]",-0.0199086772805669,0.0418909628165541,-0.0441872005702204,0.00436263237127063,-0.0745317647160485,0.0256848839592307,-0.112040780267543,0.0588951103521111
"memory","r_wid[w3fb3b5b,n_total_memories_shown]",-0.00850300614963137,0.0415820743258694,-0.0307952518591752,0.0125905255124807,-0.0591535122345439,0.0391088647295181,-0.0985387796690819,0.0765032188487894
"memory","r_wid[w3fc2d2c,n_total_memories_shown]",0.019133289507958,0.0471401728827061,-0.00909025015516719,0.0443187565174771,-0.0313970953048611,0.0813112694501895,-0.062501367208228,0.128997797907287
"memory","r_wid[w3fdf5b1,n_total_memories_shown]",-0.00603734387590653,0.0446219260817019,-0.0313750879122283,0.019199421847607,-0.0594717424698746,0.0470469821036194,-0.0991676563915258,0.0841156669180794
"memory","r_wid[w409b474,n_total_memories_shown]",-0.0220161098736626,0.0481372628798317,-0.047969738145954,0.0075097121817703,-0.0876960027283051,0.0302007156034668,-0.131333121858615,0.0624037500081516
"memory","r_wid[w4400cbf,n_total_memories_shown]",-0.00446575738387524,0.0429185776618192,-0.0298668008865044,0.0200950115356967,-0.0583155851736811,0.0494499090591276,-0.0936542143125096,0.0857765112470989
"memory","r_wid[w44c6cc9,n_total_memories_shown]",-0.00399873259355369,0.0452924077175334,-0.0294795439869083,0.0199439693933716,-0.0594003428745242,0.0506929327117451,-0.0967177491413194,0.0885740801764795
"memory","r_wid[w44f5ace,n_total_memories_shown]",0.0266913548718407,0.0477797191090268,-0.00301801419433705,0.0535618388653706,-0.0255534382485129,0.0914983898581986,-0.0584192539238159,0.13675847054988
"memory","r_wid[w479605b,n_total_memories_shown]",-0.00112168621817821,0.0448930584390734,-0.0243542435672793,0.0233826793009253,-0.0546746360682798,0.0501300789956998,-0.0977950375899347,0.0927628936968292
"memory","r_wid[w496c8be,n_total_memories_shown]",0.00517312825585732,0.0479908765011794,-0.0204806830231632,0.0325674353868827,-0.0515389675515833,0.0631762797541129,-0.0966325582440085,0.10501348583209
"memory","r_wid[w49d88d0,n_total_memories_shown]",0.00652197373901954,0.0373754841678623,-0.014413597500265,0.026603382001953,-0.0375723544064355,0.0541147497148517,-0.0666964143056353,0.0874148879651139
"memory","r_wid[w4a66ba2,n_total_memories_shown]",0.02016496684041,0.043807799436197,-0.00578061409744638,0.0456357437891636,-0.0300256339792584,0.07851945502825,-0.0629135816778779,0.115837172613599
"memory","r_wid[w4a907eb,n_total_memories_shown]",-0.0216430603681586,0.041796947746541,-0.0444696367514638,0.00387048985220505,-0.0792297785481755,0.0228558382518517,-0.116580828266532,0.0537640766122623
"memory","r_wid[w4b6424d,n_total_memories_shown]",-0.0144261246901989,0.041447252634921,-0.037258660730066,0.00995704566098736,-0.0678422421971176,0.0324926876280724,-0.10326908934177,0.0617506686262387
"memory","r_wid[w4bf9dec,n_total_memories_shown]",-0.00854893628063364,0.0419896650660243,-0.0312608957444722,0.0149280198489319,-0.0638711233173203,0.0409798458288335,-0.0957595938072271,0.0736912379995282
"memory","r_wid[w4c2a923,n_total_memories_shown]",0.00931018162171686,0.038964181480575,-0.0130809166373209,0.0325158613005887,-0.0375836524498809,0.0599425220228312,-0.0690440698634215,0.0917974739298637
"memory","r_wid[w4cc863f,n_total_memories_shown]",-0.0271051026452024,0.045209902409844,-0.0530391501977768,0.00120374399845383,-0.0862234408746926,0.0210468089308432,-0.127958656306445,0.0514886812547363
"memory","r_wid[w4ccf510,n_total_memories_shown]",-0.0138902293779639,0.0437819371128207,-0.0380149946317984,0.0100554612268748,-0.0706381549817206,0.0359612739987523,-0.112183567251685,0.0691276504676304
"memory","r_wid[w4db7ccb,n_total_memories_shown]",0.024677182065527,0.0474701178983322,-0.00464501601956466,0.0513227873770289,-0.0270986970923566,0.0872870322447844,-0.0603580121715517,0.132268350849188
"memory","r_wid[w4dce7b5,n_total_memories_shown]",0.00813640712838577,0.0439268452182824,-0.0164244851649934,0.0331684497243366,-0.0423642172849555,0.0630377415969964,-0.0802570293588997,0.102080988668355
"memory","r_wid[w4dd7b34,n_total_memories_shown]",-0.000852786567502405,0.0439581478847766,-0.0239587682822332,0.0219903740576321,-0.0544369968314108,0.0511658436630053,-0.096992180916446,0.0888115101938338
"memory","r_wid[w4ed0320,n_total_memories_shown]",-0.0145913809631845,0.0439556073906279,-0.038458165277955,0.0103229920336679,-0.0720143123253004,0.0355289311139144,-0.115502917244665,0.0700279348311481
"memory","r_wid[w504748f,n_total_memories_shown]",0.0068767307883043,0.0455437134385841,-0.0199387068277934,0.031127558840013,-0.0455311352454898,0.0658417617107114,-0.0794005149066793,0.109510802414138
"memory","r_wid[w5092120,n_total_memories_shown]",0.0214820282028972,0.0469741614839086,-0.00603374108732085,0.0484322173192907,-0.0303540272852986,0.0829598303605026,-0.0615599979084508,0.129204445735445
"memory","r_wid[w50c12e5,n_total_memories_shown]",-0.00152700586948798,0.0450413945645866,-0.025361135260089,0.0213604641562802,-0.0552528494664951,0.0525745241027829,-0.0958714263310139,0.0938680207121163
"memory","r_wid[w51664f0,n_total_memories_shown]",-0.00317044601828334,0.0436935607886528,-0.0253539213617919,0.0206935935789255,-0.055510816026733,0.0496275922414609,-0.0953345269972498,0.0844072184968057
"memory","r_wid[w53209bb,n_total_memories_shown]",0.0102435773720126,0.0404889620823637,-0.011659687339887,0.0316644601070971,-0.0364159339890811,0.0624237863468952,-0.0680017911558634,0.0990546343838149
"memory","r_wid[w53b40c8,n_total_memories_shown]",-0.0167467329495241,0.0464483239098019,-0.0424707434029126,0.0111406677548426,-0.0751117515636136,0.0339534691028539,-0.125136066156038,0.0662236630741049
"memory","r_wid[w54c2956,n_total_memories_shown]",-0.00709719126165011,0.043647537863836,-0.0300421887624114,0.0164363468154701,-0.0648354716132881,0.0447247796945597,-0.10261925611272,0.0813955960987937
"memory","r_wid[w5685230,n_total_memories_shown]",-0.0197824079094184,0.0459820170005672,-0.0452872484426556,0.00692329151750883,-0.0807661006877145,0.0306829640469109,-0.125167135841362,0.0629249180966608
"memory","r_wid[w56b42b0,n_total_memories_shown]",0.00185448679956544,0.0438332880639327,-0.020708660391382,0.0257686829470271,-0.0501762865988272,0.0552416447013903,-0.0909270177502602,0.0938678836978168
"memory","r_wid[w580c449,n_total_memories_shown]",0.0136590446341364,0.0444362782132707,-0.011723421027238,0.0377497977556004,-0.0372885201238162,0.0700286392689698,-0.0692869065079317,0.113159714430378
"memory","r_wid[w593f4a8,n_total_memories_shown]",-0.013082509709464,0.0465272562783196,-0.0377109153665864,0.0125074751723893,-0.0732082674484066,0.0388736590972235,-0.116871414749423,0.0785100665113338
"memory","r_wid[w59b3a22,n_total_memories_shown]",0.0324096679002137,0.0489130647264283,-0.00139786719700475,0.0616876788248307,-0.0198874775109247,0.0982875378842858,-0.046834111578666,0.143151994650893
"memory","r_wid[w59c9d33,n_total_memories_shown]",-0.00813809192608292,0.041574981817479,-0.0300005493851452,0.0153285800312552,-0.060712682576202,0.0397266256433727,-0.0988296475934041,0.0711050002623529
"memory","r_wid[w5ab5786,n_total_memories_shown]",0.00464051970604316,0.0445370215458123,-0.0192007497033699,0.0290178565524434,-0.0482526850750563,0.0604139541349069,-0.0853771256280574,0.0996915541756728
"memory","r_wid[w5d6df14,n_total_memories_shown]",-0.013112533660414,0.0465077710965824,-0.0403050035631881,0.0131460770485033,-0.0725128651097812,0.0427609971574621,-0.107574683977485,0.0805565789183713
"memory","r_wid[w5ec388a,n_total_memories_shown]",0.00533613472727226,0.047122420898454,-0.018631956842015,0.0309198631064889,-0.0501849124542881,0.0630640204561821,-0.0921147627211388,0.106625324116471
"memory","r_wid[w5f010fa,n_total_memories_shown]",-0.00303252238099743,0.0464056502515026,-0.0275817487604473,0.0216101658185167,-0.0597078757849044,0.0530213432566056,-0.102807331543648,0.095362400262812
"memory","r_wid[w5f68d79,n_total_memories_shown]",-0.0200957674465933,0.0448076080580974,-0.0451427961490591,0.00559908104410864,-0.0800301079713085,0.0301083199550976,-0.119203637268221,0.0615142621911634
"memory","r_wid[w5fb19e8,n_total_memories_shown]",-0.00586154936087176,0.0438920661857966,-0.0292861891804594,0.0187317058783389,-0.0613338733748498,0.0467268336361424,-0.0994029060094342,0.0827094859289566
"memory","r_wid[w601970c,n_total_memories_shown]",-0.0030322539374959,0.0399129802084132,-0.0253318102647023,0.0181044777156262,-0.0524669894229336,0.0453308285529436,-0.0864011146800988,0.0803438174221012
"memory","r_wid[w605fd50,n_total_memories_shown]",-0.00451561421660892,0.0444070240968874,-0.0282336947138939,0.0181909612879097,-0.0573192294203959,0.0481820153494377,-0.100617838828406,0.0888842734884908
"memory","r_wid[w60e6ea8,n_total_memories_shown]",-0.0157617839181978,0.0452136402657304,-0.0408201928507515,0.00999709397623726,-0.074169384530471,0.0356985389362702,-0.116970277063296,0.0689128569763642
"memory","r_wid[w610dd08,n_total_memories_shown]",0.00518882836862668,0.0417547895450784,-0.0178439673783991,0.0281883528982251,-0.0437044455490157,0.0564614077806368,-0.0824334231382355,0.0941077249646656
"memory","r_wid[w612200e,n_total_memories_shown]",0.0372862573785151,0.0478929442417515,0.00474460166645982,0.0660217862271148,-0.0164837048091827,0.101126411260264,-0.0478360221417923,0.143124249689327
"memory","r_wid[w61b360a,n_total_memories_shown]",0.00209027343396007,0.0407843887052562,-0.0203939658733442,0.0250573048975469,-0.0483508085012706,0.0528615640958894,-0.0800179546659249,0.089323162843896
"memory","r_wid[w63ea659,n_total_memories_shown]",-0.00684457181361291,0.0470317282286267,-0.0331411790291763,0.0200729066633097,-0.0671922571163127,0.0481784857990885,-0.111975575030564,0.0824155931650794
"memory","r_wid[w6849aab,n_total_memories_shown]",-0.0141573188066959,0.0441130791033034,-0.0411502080332083,0.0115578408849396,-0.0699370767826468,0.0376016709383205,-0.109154482083359,0.0742273385537356
"memory","r_wid[w6870249,n_total_memories_shown]",-0.0398381837373267,0.0520958133950217,-0.070360777611835,-0.00151274385586291,-0.111080573738074,0.0149477813547867,-0.162959164369716,0.0413371216024065
"memory","r_wid[w68730bb,n_total_memories_shown]",0.0122724566298069,0.0455374373186577,-0.0127345667661992,0.0370102073817071,-0.0387859301788702,0.0697743753582508,-0.0757270589222233,0.113692164168758
"memory","r_wid[w68e5aed,n_total_memories_shown]",0.0533744187196973,0.0464876486939226,0.0172423441924618,0.0838239502095246,-0.000700086456754325,0.117184197549671,-0.0163579364003062,0.157186901922437
"memory","r_wid[w6a59bb5,n_total_memories_shown]",0.00903326172073749,0.0457548939255334,-0.0161218824193489,0.0347525233889364,-0.0457062696828155,0.0679442412540796,-0.0845666138349249,0.103374914554607
"memory","r_wid[w6bec3e7,n_total_memories_shown]",0.0183735224729798,0.0485746872018313,-0.00924330230559874,0.0448553102172304,-0.0356712783514441,0.0804753770341088,-0.06732152653268,0.12891867001001
"memory","r_wid[w6cbe87c,n_total_memories_shown]",0.00538469549109583,0.0369876335228265,-0.015976519897953,0.0265342515039263,-0.0390892053731477,0.0520033591268764,-0.0696766044480204,0.0830037964380653
"memory","r_wid[w6dd030e,n_total_memories_shown]",-0.012311541293287,0.0437164425106039,-0.0358730113039279,0.0122130506860851,-0.0669250002424713,0.0372671970688741,-0.109295617178846,0.0734504891679261
"memory","r_wid[w6ea0c26,n_total_memories_shown]",0.0103236270170484,0.0435281481321123,-0.0147061601174145,0.0338846222988182,-0.039778532886719,0.0662118959715907,-0.0728589690878765,0.104109381482687
"memory","r_wid[w6eb92cc,n_total_memories_shown]",0.017696812527514,0.0415837450582901,-0.00644695934325032,0.0406021460858609,-0.0290289203986081,0.0725919516037152,-0.0585677855645984,0.110512720238527
"memory","r_wid[w7232115,n_total_memories_shown]",-0.00779769059201085,0.0439766684856004,-0.031201780645273,0.0157738274360265,-0.0624125530252868,0.0435482961528965,-0.100421288848477,0.0763299492423332
"memory","r_wid[w737e6e4,n_total_memories_shown]",-0.0115131279437839,0.0436473838027079,-0.0357190691801898,0.0125992568596999,-0.067346487868057,0.0371752618527128,-0.10821402078111,0.0779117036984723
"memory","r_wid[w768a02c,n_total_memories_shown]",0.00128596408034853,0.0437748742018762,-0.0230659681138851,0.0256461323537016,-0.0515190521699865,0.0549336694336178,-0.0916808688643653,0.0934427938210649
"memory","r_wid[w77b72cf,n_total_memories_shown]",-0.0214712586139846,0.0409069539491495,-0.044663258087249,0.00335255171852058,-0.0740144046678997,0.0246846721744452,-0.112889775864267,0.0537608628903765
"memory","r_wid[w7800d0f,n_total_memories_shown]",0.0381830323495854,0.0473084243841239,0.00428859932170318,0.0659039000424911,-0.0131969493320981,0.101906612693937,-0.0376221863827983,0.144464802665739
"memory","r_wid[w786d2f3,n_total_memories_shown]",0.0101965253131253,0.0416264164797513,-0.013533040716323,0.0327987731367914,-0.0370356973691979,0.0642568730571186,-0.0716664968113796,0.100975788887474
"memory","r_wid[w7a2af65,n_total_memories_shown]",0.0192005176597203,0.0392609988660696,-0.00555896164918069,0.0432042026495721,-0.0248096278421014,0.0712869676016978,-0.0518507273511773,0.105315276276607
"memory","r_wid[w7a38a77,n_total_memories_shown]",-0.0132356690609643,0.0438167914461039,-0.0376232148079493,0.0125311363487674,-0.0705647275624041,0.035379236589496,-0.109926275021227,0.0672016233064282
"memory","r_wid[w7bfe168,n_total_memories_shown]",0.0161222099345524,0.0414717132781263,-0.00860668098332841,0.0383469039507265,-0.0309391639281694,0.0700677131864165,-0.0584193857916567,0.113344822961972
"memory","r_wid[w7dbf1a9,n_total_memories_shown]",-0.00281372349977782,0.043015507088534,-0.0258344207499333,0.0192863704981171,-0.0565888908184915,0.0485144141369479,-0.0920445370261131,0.0892177293150298
"memory","r_wid[w7f5e428,n_total_memories_shown]",0.00959028970867279,0.0415668855671787,-0.0138284117813082,0.0330217207185686,-0.0392749574318296,0.0634720028096233,-0.0746999580975161,0.0960168195233616
"memory","r_wid[w7f90916,n_total_memories_shown]",-0.00546321280316091,0.0436235141289881,-0.0294775611924076,0.0181237902228757,-0.0574753702133644,0.046156282987564,-0.0977553945683383,0.0844006009976735
"memory","r_wid[w82f4ec0,n_total_memories_shown]",-0.00625088730602645,0.0412512776109103,-0.0297459658449276,0.0175833926781116,-0.057007402519131,0.0439618422298594,-0.0907660808315474,0.0778262368900755
"memory","r_wid[w8363ab3,n_total_memories_shown]",0.010235252151728,0.0478904936257965,-0.0165525504540709,0.0384799528880081,-0.0469746106543327,0.0700843038846961,-0.0891547802715857,0.106897522824489
"memory","r_wid[w83687da,n_total_memories_shown]",0.016978208766366,0.0449877637035069,-0.00899500097529488,0.041384573820217,-0.0342007361541007,0.076454129351816,-0.0666381721604871,0.116264077157112
"memory","r_wid[w8843fd3,n_total_memories_shown]",0.0218439423346207,0.0426291526115454,-0.00488601020257687,0.0466610610311853,-0.0258012919679336,0.0788802671472903,-0.0513734068014635,0.117943806340609
"memory","r_wid[w88c84d1,n_total_memories_shown]",-0.00190594744484863,0.0385389287107874,-0.0240390473632402,0.0195013645677074,-0.0497757078379419,0.0441992531362402,-0.0839032646351822,0.0764067719578434
"memory","r_wid[w88e738d,n_total_memories_shown]",-0.043535662991432,0.0457667824508134,-0.0707819509639153,-0.00859882634669037,-0.105590299068307,0.004426203564987,-0.149118159451126,0.0250055325418184
"memory","r_wid[w896f77a,n_total_memories_shown]",0.000769080747071869,0.0456067053210874,-0.0230838949772552,0.0249484326667063,-0.0535820519164285,0.0557082342330054,-0.0922071170057474,0.0922368197268144
"memory","r_wid[w8d745f1,n_total_memories_shown]",0.01643926434461,0.0486141582888965,-0.012552997982165,0.044753528965067,-0.0387132443543792,0.0799920986444634,-0.0703481773062393,0.126328506455831
"memory","r_wid[w8de3f64,n_total_memories_shown]",0.0231908334419724,0.0424943934207899,-0.00302939145294438,0.0465274592541877,-0.0232928363142505,0.0823391539460475,-0.0506865599885151,0.118673809405815
"memory","r_wid[w8e07aa1,n_total_memories_shown]",-0.0096185245613875,0.0400491903813884,-0.0316325019481531,0.0128949055589076,-0.0595736364909416,0.0356464737240882,-0.0974927241047571,0.0678783563911469
"memory","r_wid[w8efa7d8,n_total_memories_shown]",0.00686323555310175,0.047146379673746,-0.0205513894055753,0.0354106298126302,-0.0511460843787254,0.0668911016617541,-0.0934634204414201,0.103338662524023
"memory","r_wid[w9051394,n_total_memories_shown]",0.00222731258284357,0.0444667315824434,-0.0212475073668498,0.0258666938701766,-0.0499011821782808,0.0577945736033101,-0.0907900700169768,0.0973449321974729
"memory","r_wid[w90f4896,n_total_memories_shown]",0.00221404430473694,0.0434391809377927,-0.0218094042434799,0.025663188709741,-0.0498530824069881,0.0558828998322351,-0.0874057208901989,0.0935055710593348
"memory","r_wid[w9173175,n_total_memories_shown]",-0.0286098960194717,0.0468840930637513,-0.0549998900451525,0.0010722565625923,-0.0923129170774527,0.0208406156649323,-0.136381888961403,0.0533040822788743
"memory","r_wid[w9182e0b,n_total_memories_shown]",0.0100148893832606,0.0413504953337825,-0.0126009033322302,0.032049856997028,-0.0379179223681173,0.0632386816590634,-0.0743258246673364,0.0994226972314354
"memory","r_wid[w924a500,n_total_memories_shown]",0.013113023305689,0.0476848724464542,-0.0132767799397182,0.0374454244123703,-0.0405685493281109,0.0721754016414728,-0.0768076848829086,0.123909589620445
"memory","r_wid[w941cd9f,n_total_memories_shown]",0.00733881943138992,0.0431298960714739,-0.0165463023429106,0.0299182807622538,-0.0429202007650718,0.061053972899192,-0.0781640916735389,0.10129725981916
"memory","r_wid[w95167ae,n_total_memories_shown]",-0.0308802067763786,0.0450391310193984,-0.0564109400594262,-0.000279044677000746,-0.091300741523654,0.0168053704439013,-0.134761952668867,0.0441077249354271
"memory","r_wid[w960c4a6,n_total_memories_shown]",-0.0157421393768688,0.0425809220239628,-0.0400021535414671,0.00856080190297639,-0.0726656766130142,0.0318812884780714,-0.111431140369407,0.0628505414711588
"memory","r_wid[w962c662,n_total_memories_shown]",0.0188959737245907,0.0456655579990257,-0.00680525596279974,0.0432014409484772,-0.0301128240285046,0.0768309240329095,-0.0681778420722486,0.125287140916335
"memory","r_wid[w9a08173,n_total_memories_shown]",-0.00842840368573808,0.0415035660035066,-0.0310326581800388,0.0138042943865213,-0.0606839171849988,0.0391388065235979,-0.0976705966685016,0.075888436860628
"memory","r_wid[w9a0bd8d,n_total_memories_shown]",-0.030050700467228,0.0452889025205459,-0.057750221429464,0.00109146207846691,-0.0912516975013649,0.0188846882515426,-0.135465127003145,0.044510348147364
"memory","r_wid[w9b641f6,n_total_memories_shown]",-0.0161281154489649,0.0433697610114799,-0.040427825531281,0.00822594606207655,-0.0703722834769414,0.0348105110253393,-0.112000364824747,0.0687540985791373
"memory","r_wid[w9b9abef,n_total_memories_shown]",-0.00255654110724649,0.0435428664330577,-0.0272659072822843,0.0206401272494904,-0.0541405733937167,0.052146390610786,-0.0917234943941027,0.0913674716571689
"memory","r_wid[w9bde09f,n_total_memories_shown]",0.00740473259205825,0.0446930120975564,-0.019219302768501,0.0313715817581888,-0.0447727170927641,0.0655006289449896,-0.0728736178805294,0.109037495951528
"memory","r_wid[w9cf2bd7,n_total_memories_shown]",-8.07717175388362e-05,0.0383005500734798,-0.0210059728169338,0.0213798765233379,-0.0483498007802443,0.0467896093121987,-0.0806844091830983,0.078435238980977
"memory","r_wid[w9f7c438,n_total_memories_shown]",-0.00882798781947792,0.0444016531413061,-0.0319916024691037,0.0149110317674364,-0.0629636948919312,0.0420019831556638,-0.106270090773359,0.0783113918478574
"memory","r_wid[wa022482,n_total_memories_shown]",0.00763237887530284,0.0409282805289239,-0.0153082051801844,0.0326442084650062,-0.0432254741072895,0.0588605144854257,-0.0779439923256534,0.0901704976347385
"memory","r_wid[wa136b3d,n_total_memories_shown]",-0.0113011987969058,0.0408144769957671,-0.0339982422954199,0.0126551320432541,-0.065515834594095,0.0356910459785353,-0.100866046508306,0.065825480516886
"memory","r_wid[wa1909e0,n_total_memories_shown]",0.0274478876617035,0.0468055256747484,-0.00214630999578796,0.0547354495248636,-0.0242126701776785,0.0885474497360009,-0.0531315863690069,0.132734852103705
"memory","r_wid[wa1a03f2,n_total_memories_shown]",-0.0281775714334405,0.0462202230660939,-0.0526844207566259,0.000415008934122343,-0.0864689199997632,0.0203972807340419,-0.135634395923247,0.054348981634642
"memory","r_wid[wa4fe3e4,n_total_memories_shown]",0.0432225802370714,0.0454803981010618,0.0091301658296832,0.0704256695236542,-0.00667420288354112,0.104779876909782,-0.0290853538958643,0.145434123858062
"memory","r_wid[wa5817fc,n_total_memories_shown]",-0.0271551539468196,0.0437659253150999,-0.0524736221975241,0.00137755900160946,-0.085614158832399,0.0194099471824293,-0.129014249532424,0.0469628074576614
"memory","r_wid[wa6daa50,n_total_memories_shown]",0.00755879916133479,0.0459344940253925,-0.0165168246629645,0.0333521256606871,-0.0473321605095261,0.0645534798917872,-0.0883266766664131,0.102439893609637
"memory","r_wid[wa79cf20,n_total_memories_shown]",-0.0102410171673247,0.0456680297611624,-0.0345138950026765,0.0149966055571309,-0.0669615863583899,0.0398396439823879,-0.112180169627101,0.0741631465000039
"memory","r_wid[wab226bf,n_total_memories_shown]",-0.0220571287485986,0.0455669116170387,-0.047738666737016,0.00513184453118528,-0.0825060600786301,0.0274176668372455,-0.125156995942639,0.0616018126531182
"memory","r_wid[wab70ec3,n_total_memories_shown]",0.0201072053229917,0.0424712882207782,-0.00551920352799829,0.044557150448508,-0.0268726131310703,0.0757054122366072,-0.0580071348922034,0.114347035122811
"memory","r_wid[wace8728,n_total_memories_shown]",0.0020365962471574,0.0424980679108774,-0.0222422695608594,0.025135466949758,-0.0479703980938829,0.0548939788412271,-0.0858963827486276,0.0928401413183122
"memory","r_wid[wad32437,n_total_memories_shown]",0.014419383128572,0.0449556190535591,-0.0107683501524155,0.0399012939551376,-0.0376094373140511,0.0708653536087771,-0.0747728014386356,0.110553948868284
"memory","r_wid[waf52734,n_total_memories_shown]",0.00492880217689166,0.0453203748916127,-0.0196367370131457,0.0277497659931224,-0.0461893101178204,0.0608335570957989,-0.0841271469164056,0.104867761559754
"memory","r_wid[waf9be39,n_total_memories_shown]",0.0100421358347986,0.0373735074704742,-0.0107710000550185,0.0319288339562731,-0.0340242099516796,0.0574628807064324,-0.064719028833978,0.0883972547499168
"memory","r_wid[wafacea9,n_total_memories_shown]",-0.011552844985517,0.0457163877012332,-0.0365342089524355,0.0141758069658569,-0.0699532733825298,0.0427730246420341,-0.111773107135632,0.0777679452573893
"memory","r_wid[wb0b75c3,n_total_memories_shown]",0.00504308286670366,0.0455225465296947,-0.0206103925132066,0.0301821317706877,-0.048835780661088,0.0609560025156517,-0.0879729264030179,0.104925892320119
"memory","r_wid[wb2d9807,n_total_memories_shown]",0.00299409188052106,0.0452412968877362,-0.0207494013979549,0.0264583683842552,-0.049531016812233,0.0576342317728134,-0.0903659746025671,0.102103865510278
"memory","r_wid[wb361f36,n_total_memories_shown]",0.00598937735551221,0.0478788808707656,-0.0197220796486314,0.0329089969899598,-0.0522540382828064,0.0640287668409447,-0.0947897528641947,0.101306945591333
"memory","r_wid[wb56c2d3,n_total_memories_shown]",0.0104099865716906,0.0445240567291708,-0.0141777359111344,0.0355103602588906,-0.0423347403621699,0.0657553693134945,-0.0804071307365238,0.10396579894586
"memory","r_wid[wb5c4def,n_total_memories_shown]",0.00200620693498936,0.0373347163021199,-0.0190210716725707,0.0222246003719974,-0.0431286078169345,0.049109601966229,-0.0728985445599977,0.080873416135465
"memory","r_wid[wb6ad69e,n_total_memories_shown]",0.0112577373733423,0.044548303504568,-0.0151442314153621,0.0367866010561328,-0.0399335725396971,0.0698794946026228,-0.0706176011012127,0.107959098437985
"memory","r_wid[wb772565,n_total_memories_shown]",0.00426089554270314,0.04268723570025,-0.0181473842173029,0.0270478346869574,-0.0462251604589976,0.0554915332241723,-0.0845321849218443,0.0928245002753505
"memory","r_wid[wb85c4ff,n_total_memories_shown]",0.0219716576451001,0.0435425316021459,-0.00409376290288324,0.0458615514306114,-0.0268582808775913,0.0801022287181547,-0.0564412675703171,0.119088222107421
"memory","r_wid[wb8feabb,n_total_memories_shown]",0.0172452217305127,0.0388518325035977,-0.00568816449300605,0.0394939047530451,-0.0268048330802491,0.0674525533926481,-0.0567970269885354,0.103577398350801
"memory","r_wid[wb966154,n_total_memories_shown]",-0.0267140642854259,0.0462976490923019,-0.0534536581798693,0.00265561913031845,-0.0891591815183853,0.0226359797431335,-0.133704141367609,0.0534723047928575
"memory","r_wid[wbb74717,n_total_memories_shown]",0.0148793915378106,0.0401660491124112,-0.00829036107021627,0.0365035945202535,-0.0302063154575287,0.0670095285604448,-0.0593077166287009,0.106878451477269
"memory","r_wid[wbc79189,n_total_memories_shown]",-0.00316570766260516,0.045565500490008,-0.027979702357484,0.0206325052166168,-0.0578573711953298,0.0502091101238524,-0.0981983847612658,0.090934504076573
"memory","r_wid[wbd0314c,n_total_memories_shown]",-0.0110144938467327,0.0402911083046542,-0.0333725132432704,0.0108993310985373,-0.061547809270455,0.0356804564840517,-0.097965696903886,0.0702963155033683
"memory","r_wid[wbe2faf8,n_total_memories_shown]",-0.022607877829124,0.0428485000663669,-0.0465145254102056,0.00388065556503264,-0.0802612064890055,0.0247481023020227,-0.119321876657543,0.0535181417430169
"memory","r_wid[wbe569b5,n_total_memories_shown]",-0.00710888084951424,0.0443147619284531,-0.032028901944785,0.0168584803235827,-0.0624398735452556,0.0448761889332648,-0.102832880193115,0.0803523998255352
"memory","r_wid[wbe9243a,n_total_memories_shown]",0.0108165431700143,0.0438185196172639,-0.0129935683047017,0.0344398905785565,-0.0398941289059133,0.0681146788191006,-0.07556960509621,0.103431687125888
"memory","r_wid[wbf1c81e,n_total_memories_shown]",0.0377303304283368,0.043740753448777,0.0053645872446834,0.0655489621572754,-0.00903842236493544,0.0977249865066156,-0.0330964742891086,0.1357049841069
"memory","r_wid[wc097323,n_total_memories_shown]",-0.0177241060243746,0.0468590031151411,-0.0437030587930475,0.00951322627123799,-0.0790996311468446,0.03367109758451,-0.125764022168004,0.0708100992094016
"memory","r_wid[wc0a4260,n_total_memories_shown]",0.0114627876229007,0.045177899843745,-0.0124747382367224,0.0342080283680756,-0.03863655620899,0.0684867079629704,-0.0788907587471343,0.11312263579207
"memory","r_wid[wc16f522,n_total_memories_shown]",-0.0201666426441729,0.044637437685709,-0.0440137858306499,0.00592687187370592,-0.077347122045913,0.0286405929508116,-0.125241406888928,0.0589644650643975
"memory","r_wid[wc263e54,n_total_memories_shown]",-0.00634544264762313,0.0394289843162412,-0.0292312386693163,0.0162612002354847,-0.0552072449685427,0.0403855744562796,-0.0885688406017041,0.0726763609241132
"memory","r_wid[wc294ae3,n_total_memories_shown]",-1.90947882577021e-06,0.0418319543061651,-0.0238643257692954,0.0227765044118116,-0.0500271013910136,0.0519838144254124,-0.0877644440672541,0.0866004689383828
"memory","r_wid[wc43fbaa,n_total_memories_shown]",-0.0151352570594888,0.0469207758611405,-0.0407831404538098,0.0112243824887541,-0.0745033353327279,0.0408814363760148,-0.116459406538346,0.07580693073721
"memory","r_wid[wc4c38a3,n_total_memories_shown]",-0.0183578094372314,0.043222790081216,-0.0421845030605238,0.00669329568536605,-0.0752894397083434,0.0287658359801294,-0.117049105999261,0.0614254094766252
"memory","r_wid[wc512962,n_total_memories_shown]",-0.00337837899347041,0.0429347316595948,-0.0252682777652258,0.0206681532364553,-0.0574337800839447,0.0464699587836423,-0.0964745520861013,0.0799777199114264
"memory","r_wid[wc54132b,n_total_memories_shown]",-0.0181879891914933,0.0414368285992749,-0.041305514193135,0.00620646128754531,-0.0729987852426939,0.0288868090123618,-0.110562275594025,0.0596722860373095
"memory","r_wid[wc55b6c8,n_total_memories_shown]",-0.014426001517698,0.0458584839637657,-0.0400998973770846,0.0111311454338256,-0.073092960947468,0.0373910440570384,-0.113447947620107,0.0751423080693199
"memory","r_wid[wc628bde,n_total_memories_shown]",-0.00451741896122592,0.0426975687402359,-0.0277731207136393,0.0186292467217405,-0.0574179437811074,0.0474688375664809,-0.0967206375757466,0.0846125362007503
"memory","r_wid[wc6f0e84,n_total_memories_shown]",0.00487669900791322,0.045510648048053,-0.0206093747862144,0.0299725872501485,-0.0476316449611296,0.0604717531603774,-0.0857606624019351,0.101407215381481
"memory","r_wid[wc73f4d8,n_total_memories_shown]",0.00105295832214357,0.0448105507881915,-0.0227604576402059,0.0249149867792133,-0.0530700838406249,0.0551773083668655,-0.0931893539711591,0.0944045819916808
"memory","r_wid[wc8b5d36,n_total_memories_shown]",-0.00558066066626559,0.0443861533175332,-0.0293233531338313,0.0178044525062426,-0.0613936956863982,0.0465308900333226,-0.0985698556965817,0.0863543856103224
"memory","r_wid[wcc033bc,n_total_memories_shown]",-0.00205337323800719,0.044750202047571,-0.0271272375534079,0.0211981352414502,-0.0566044469948273,0.0510501722464891,-0.0945461176855734,0.0897708261431589
"memory","r_wid[wcc15547,n_total_memories_shown]",0.0157171499270721,0.042673667322631,-0.00802354195110269,0.0385107608051479,-0.0314063554183056,0.0688981666703409,-0.0670660007215282,0.11334521644735
"memory","r_wid[wcc4ec90,n_total_memories_shown]",-0.00144060687557746,0.0417985364757885,-0.0246510757280841,0.0218035277463086,-0.0534185412402256,0.0481024005686101,-0.0868387153000111,0.0868346529972071
"memory","r_wid[wcd98054,n_total_memories_shown]",-0.0194843027738758,0.0372446776437063,-0.0411364803280994,0.00361466031062216,-0.0702288559876212,0.0224407140767516,-0.103918613047042,0.0469909345153727
"memory","r_wid[wd0724cf,n_total_memories_shown]",0.00102108556668109,0.045786724639721,-0.0247521825068331,0.0266324299613213,-0.0539402013975619,0.0564935442563521,-0.090396901964294,0.0943738358158853
"memory","r_wid[wd07cb72,n_total_memories_shown]",0.00361217979611708,0.0471672544601608,-0.0219342970345633,0.0309561970263314,-0.0549887110275652,0.0612782727356913,-0.0920451361365154,0.0993233767739536
"memory","r_wid[wd20dd5c,n_total_memories_shown]",-0.00202519601724079,0.0466619672673164,-0.0273066105777431,0.0247476278382741,-0.0588479722317117,0.0537825009643024,-0.107621658712826,0.0901848263242163
"memory","r_wid[wd238f0c,n_total_memories_shown]",0.011003677636162,0.0416983173099307,-0.0127650498501652,0.0336313278500408,-0.0378242250846456,0.0647061556688072,-0.0682437270993169,0.103965816631853
"memory","r_wid[wd47555e,n_total_memories_shown]",-0.00365506557540059,0.0441561681807728,-0.0277473380988167,0.0191181995571857,-0.0580765478301693,0.0476828172499815,-0.0982690346146008,0.0913131285111061
"memory","r_wid[wdab535b,n_total_memories_shown]",0.00318067135284025,0.0417067754877163,-0.0192316028767815,0.0253121523615113,-0.0473675307555615,0.0539601483855156,-0.0819991833230025,0.091741925659286
"memory","r_wid[wdad9375,n_total_memories_shown]",-0.0403183273700848,0.0482351883286031,-0.0711151004945548,-0.00387881820378053,-0.108001651461612,0.0112182542091661,-0.145889288082528,0.0362830754789146
"memory","r_wid[wdd486da,n_total_memories_shown]",0.00667006450296947,0.0425834913217392,-0.0159825981555941,0.0317108361924912,-0.0443698058489898,0.0580846911479463,-0.0825655043683524,0.0964629996359005
"memory","r_wid[wdde7ef1,n_total_memories_shown]",0.00456994611404063,0.0463496232021795,-0.0197062013780373,0.0310120955267757,-0.0515925597440215,0.06138096502365,-0.091886817971697,0.101078232856165
"memory","r_wid[wdea5d27,n_total_memories_shown]",0.0156407617040758,0.0398999961775764,-0.00734972003695959,0.0393006493512619,-0.0286291208839996,0.0669763923955805,-0.061531725432286,0.101149725058508
"memory","r_wid[wdfdc927,n_total_memories_shown]",-0.00322648423193991,0.0435543759222865,-0.0260709678892784,0.020420301495387,-0.0572784512977777,0.0497682259827001,-0.0948859766964785,0.0867566917719308
"memory","r_wid[we10d2c6,n_total_memories_shown]",0.0250199143213013,0.04801061542495,-0.00535471741623475,0.0525357703484091,-0.0266663690638312,0.0892444029271274,-0.0584287422439092,0.138783085377607
"memory","r_wid[we1b8e64,n_total_memories_shown]",0.0025021328537511,0.0441064133550792,-0.0217005124093952,0.0259287924827336,-0.0505893534414295,0.0582738979954338,-0.0866193012393371,0.0929350102229502
"memory","r_wid[we2434bb,n_total_memories_shown]",-0.0070164462523848,0.0437218891347503,-0.0309431825548161,0.0159577032263559,-0.0601174039454528,0.0440964067548674,-0.101261553748478,0.0828553842673857
"memory","r_wid[we245fc8,n_total_memories_shown]",-0.00447278534977937,0.0413037123853255,-0.0267760265869166,0.0202726922477845,-0.057582136925246,0.0442275070071979,-0.0953462862849364,0.075618855873778
"memory","r_wid[we24a9dd,n_total_memories_shown]",0.0440941002839399,0.0447051915850247,0.0095852392834066,0.0720795901538121,-0.00453066044991264,0.106659645129853,-0.0236374919294439,0.150401454923135
"memory","r_wid[we26c55e,n_total_memories_shown]",-0.00551629103142569,0.0448200109533442,-0.028519969273133,0.0183645986338183,-0.0607180755466064,0.0475707470451569,-0.0997608558720878,0.0837817270922879
"memory","r_wid[we38f335,n_total_memories_shown]",0.00899587516967182,0.0449418949895753,-0.014998880602354,0.0339957887663201,-0.0437813066875441,0.0653028847002869,-0.084060416579638,0.10682016153702
"memory","r_wid[we39fc55,n_total_memories_shown]",0.0313836785043589,0.0456365385245984,0.000251974722138555,0.0579971735559076,-0.0180781949323833,0.0933841073631052,-0.0437265388214861,0.138275028279886
"memory","r_wid[we40084a,n_total_memories_shown]",-0.0117815735619048,0.0437934231552634,-0.0372055717179737,0.0140753637583803,-0.0665490311812969,0.0406761650795246,-0.106649572917574,0.0763689107999097
"memory","r_wid[we4edfb4,n_total_memories_shown]",0.002975235539731,0.0437175534392665,-0.0219809160344751,0.0265786498180822,-0.0482727295157704,0.0578744497190219,-0.0824105303401383,0.0992757907054058
"memory","r_wid[we55dec7,n_total_memories_shown]",-0.00607102254727688,0.0397209510290521,-0.0275174262366982,0.0157465411178975,-0.0560567762594629,0.0419752525455451,-0.0921714540076879,0.0728035554410965
"memory","r_wid[we58a710,n_total_memories_shown]",-0.0160473360485689,0.0482840184004646,-0.0419613661817445,0.0117838340906886,-0.0791630766370746,0.0374925661386048,-0.12718774696973,0.0705274329956005
"memory","r_wid[we824ff2,n_total_memories_shown]",-0.0130381190110356,0.0488761603446819,-0.0398556164574366,0.0131800454570844,-0.0739734470543432,0.044411426321254,-0.121566427420878,0.0813892059529259
"memory","r_wid[we83fa8f,n_total_memories_shown]",-0.0307788509318411,0.0444446370736669,-0.0572408182415314,-0.000532465739846158,-0.0903118053806553,0.0181954996120423,-0.128327238906172,0.0444351960777341
"memory","r_wid[we90925d,n_total_memories_shown]",-0.00502019310154515,0.0445089858959118,-0.0285670783740751,0.0198027823800555,-0.0611265621537444,0.047841302046345,-0.102311779335334,0.0821450292175493
"memory","r_wid[we9631be,n_total_memories_shown]",0.0281778208567498,0.0473005995360545,-0.00100817228179544,0.0537849277731363,-0.0234486595992491,0.0915754768552232,-0.0551667126237576,0.136110809557223
"memory","r_wid[we9754da,n_total_memories_shown]",-0.0244379876531793,0.0425605472401313,-0.0496279311568538,0.00235729579163649,-0.0816745120870202,0.0217941917479023,-0.121523866642479,0.0503386889825027
"memory","r_wid[wea09e5e,n_total_memories_shown]",0.00170109816202703,0.0440056226031842,-0.0220571920994547,0.0249044048996626,-0.051198795314178,0.0552189300629704,-0.0866028681550649,0.0950788249782759
"memory","r_wid[wea8ef8e,n_total_memories_shown]",0.00234544504794733,0.0449261800450751,-0.0221716641230384,0.0264981610616531,-0.0502392307542631,0.0586862921392966,-0.0919581933685758,0.0977884086287221
"memory","r_wid[webf5097,n_total_memories_shown]",-0.00922876091266737,0.0458156008933723,-0.034309317710379,0.0150180402545387,-0.067191409239339,0.0436920065972628,-0.106375049036608,0.0825489450991544
"memory","r_wid[wed3d878,n_total_memories_shown]",0.00595794137562446,0.0469537307650608,-0.0193531479776032,0.0304276180105393,-0.0470203054522404,0.0637876215985735,-0.0880160146265457,0.108057291408155
"memory","r_wid[wee338ab,n_total_memories_shown]",-0.0145603294555936,0.0442066876209619,-0.0376141275152074,0.010166031262981,-0.0724089940122257,0.0338028388120801,-0.113375524152611,0.0684146227427847
"memory","r_wid[wf2f2835,n_total_memories_shown]",-0.0119093746972551,0.045959767648183,-0.0359272590033781,0.0118660450867361,-0.0676994723183622,0.0399198340310286,-0.113066801288485,0.0779699371127745
"memory","r_wid[wf456a28,n_total_memories_shown]",-0.0135965646381928,0.0428602881928029,-0.0365737488054658,0.0100568707637637,-0.0671701342519828,0.0344506843228257,-0.110745549942852,0.069756135830442
"memory","r_wid[wf469935,n_total_memories_shown]",-0.0126237294139331,0.043685808382462,-0.0367573744731674,0.0117800719944455,-0.0691789073620216,0.0380265408428803,-0.106625733849169,0.0738014535021185
"memory","r_wid[wf537da7,n_total_memories_shown]",0.00407530305250683,0.0398704536884267,-0.0181445256681627,0.0258073696822044,-0.0421031382620814,0.0538822964684479,-0.0798655243933059,0.0872844807796368
"memory","r_wid[wf60f9d4,n_total_memories_shown]",-0.00909937192774393,0.0394798108971438,-0.0313132672356345,0.0132120500232569,-0.0605786476470348,0.0380850572629198,-0.0932907943189371,0.0680801365133328
"memory","r_wid[wf63b737,n_total_memories_shown]",0.0063759484261271,0.0373914486055954,-0.0144054311063012,0.027891381108363,-0.0390898227847556,0.0541808789269525,-0.0701494846372822,0.0861696490926889
"memory","r_wid[wf63c50b,n_total_memories_shown]",0.00600161836071358,0.0444377743003253,-0.0174863968974151,0.0295960347241945,-0.0451751088941596,0.0606535557447004,-0.084130053085032,0.103485573335757
"memory","r_wid[wf646ea3,n_total_memories_shown]",0.0382756950389943,0.0509660627394243,0.00306889792937639,0.0675947292654068,-0.0148456318567717,0.10562118592465,-0.0468649288453813,0.151491075027859
"memory","r_wid[wfbb00e1,n_total_memories_shown]",-0.000254926870287854,0.0430275269946496,-0.0235140013264768,0.0239312239478354,-0.0537877151259151,0.0500946227278771,-0.0912800538340413,0.0874708124109945
"memory","r_wid[wfd8b568,n_total_memories_shown]",-0.00756071166104229,0.0454874919870914,-0.0317937678344287,0.0167259469044583,-0.0635458816472881,0.0443555855026936,-0.106820772511632,0.0867627430587197
"memory","r_wid[wffba7a1,n_total_memories_shown]",-0.0110023604360132,0.0397112889102998,-0.0339696470931031,0.0115942609568054,-0.0599730167270164,0.0350272589202031,-0.0984590524853596,0.0679919014265485
"memory","r_wid[w0198d08,multi_timeAfter]",-0.0125851997517815,0.086892068947294,-0.0422041757453102,0.0220576591631987,-0.103944338639665,0.0680889866936464,-0.217120872099838,0.154057414217862
"memory","r_wid[w01da968,multi_timeAfter]",0.00497540643503279,0.0817126868009351,-0.0287328678773602,0.0350099084325116,-0.0839642948327982,0.0960695576270393,-0.167452566701141,0.194266597353191
"memory","r_wid[w022dd5a,multi_timeAfter]",0.0129903307835013,0.0835470250331173,-0.0225065182524808,0.0425964962567989,-0.0693132244794254,0.111255468098037,-0.145976961355899,0.21096389434669
"memory","r_wid[w02461c5,multi_timeAfter]",-0.0055647680764376,0.0900674678659339,-0.0409383289162255,0.0296570459507577,-0.102116526884987,0.0874223733719792,-0.212736630947084,0.186057228050304
"memory","r_wid[w05ede5c,multi_timeAfter]",-0.0154993773081067,0.0842441002152556,-0.0467809668618059,0.0211426394032009,-0.113647996050984,0.0667511943233595,-0.225032388857513,0.143453979308397
"memory","r_wid[w05f4989,multi_timeAfter]",0.00154596841717509,0.0848599147673552,-0.0297268162931209,0.0316629409668632,-0.086476935675244,0.0890220244922295,-0.181160269425507,0.179913536433985
"memory","r_wid[w060c642,multi_timeAfter]",0.0227654541724215,0.0812218320489844,-0.0136338545016993,0.0540754522927424,-0.0549367390073861,0.118791377638121,-0.12868269171299,0.220391743229682
"memory","r_wid[w06d51ce,multi_timeAfter]",0.00285084871964652,0.0787135198134537,-0.0301243763397788,0.0336328211989879,-0.0803903450174058,0.0922325420878055,-0.159604198481316,0.174078570320908
"memory","r_wid[w07271cc,multi_timeAfter]",-0.00248355531020491,0.095321784176251,-0.0420315319170388,0.0386570121827028,-0.105866665081995,0.0964362306740153,-0.206236424093779,0.203330898895493
"memory","r_wid[w07f26c1,multi_timeAfter]",0.0348766838201426,0.0862627329352068,-0.00696717423278271,0.0640545635722192,-0.0398339361887682,0.139678764482081,-0.10255961338399,0.265515638733142
"memory","r_wid[w08f65eb,multi_timeAfter]",-0.0017539807054972,0.0829313329508447,-0.0326467793229565,0.0293388216120398,-0.0925249437144472,0.082531774747514,-0.178657071913706,0.170404365041663
"memory","r_wid[w0a25e9c,multi_timeAfter]",0.00618199451144672,0.0908554575547886,-0.0305665159558956,0.0393819797216998,-0.0892533527567478,0.104890052947596,-0.177173663085361,0.209137189335803
"memory","r_wid[w0b0ec85,multi_timeAfter]",0.00560183520418303,0.0816425409304867,-0.0280278524246905,0.0353731680654943,-0.0792593002088629,0.0951085424779981,-0.166126569265157,0.190215200169572
"memory","r_wid[w0b3246f,multi_timeAfter]",-0.0144503774526692,0.0833297732067112,-0.0426822046631207,0.0205064564797097,-0.109277866317765,0.0696432558032493,-0.219757767578797,0.139762557566928
"memory","r_wid[w0baed73,multi_timeAfter]",0.000287804927171501,0.0828104737939105,-0.0306347126248654,0.0314154295543507,-0.0833537718836329,0.0890245547981103,-0.169135488497129,0.169172256290909
"memory","r_wid[w0c031fe,multi_timeAfter]",0.00935895009837702,0.0829781285586815,-0.0247637534885054,0.0412194369390329,-0.0717254402967287,0.102838484066855,-0.163987188856552,0.201394779293742
"memory","r_wid[w0d04a41,multi_timeAfter]",-0.0018165234248095,0.0911622419960104,-0.0343051497494972,0.0300886231971105,-0.0983289466597696,0.0887236301680678,-0.204372793007295,0.205044757510975
"memory","r_wid[w0d62ec5,multi_timeAfter]",-0.00819323096493266,0.0863038151703357,-0.0387307730300986,0.0273763719491802,-0.0979498858371042,0.0775303721349696,-0.211115035868381,0.161358316522504
"memory","r_wid[w0db2e6f,multi_timeAfter]",-0.0103820402863941,0.0822532045725059,-0.0409111060406841,0.0242091395128774,-0.104439654840908,0.0728188845292165,-0.198819877216863,0.152118374283059
"memory","r_wid[w0ef0b67,multi_timeAfter]",0.0062533965552121,0.0860804985166787,-0.0277787297244401,0.0382272068763616,-0.0805368370298813,0.0969562407993421,-0.175025625763572,0.196748078970573
"memory","r_wid[w0fd8c2c,multi_timeAfter]",0.00115243194478748,0.0875477380890709,-0.0327030803525425,0.0338511946682401,-0.0906170989465769,0.0946151256354621,-0.185755057569229,0.193754659323324
"memory","r_wid[w10f7bc5,multi_timeAfter]",0.000194445688211893,0.0847575899517027,-0.0335997602521982,0.0329539277051382,-0.0895595239630844,0.0878326026748503,-0.175760602713569,0.188652831700573
"memory","r_wid[w11538ef,multi_timeAfter]",0.000909244526144673,0.0846781877074817,-0.031505135561015,0.0320237795549537,-0.0875583782848885,0.092315669341128,-0.17380064499419,0.184479374962924
"memory","r_wid[w117e095,multi_timeAfter]",0.00497956003135876,0.0848663126920466,-0.0275120712880261,0.0360215909917442,-0.0838495195586927,0.0975581508024457,-0.174292243803342,0.195901729455795
"memory","r_wid[w13e388b,multi_timeAfter]",0.0203271666541698,0.0880249956787036,-0.0183415536746295,0.0535555878607843,-0.0623846904017952,0.127391341183987,-0.144654137972279,0.231016129767854
"memory","r_wid[w14cb402,multi_timeAfter]",-0.0405959471124508,0.101655190687825,-0.0788243554839915,0.0106458257889556,-0.167762571146193,0.0524343755891549,-0.294260509891315,0.12939242270479
"memory","r_wid[w1571d58,multi_timeAfter]",-0.00606371021207202,0.0897122118951526,-0.0391069595113421,0.0282805450271843,-0.105308757185777,0.083670312032884,-0.2018723302968,0.177751084458033
"memory","r_wid[w1629b0b,multi_timeAfter]",0.0120031568678367,0.0818371696147018,-0.023486322706529,0.0422145647995338,-0.0683454725871091,0.10739968392462,-0.147637465315342,0.202657352371997
"memory","r_wid[w16b46ff,multi_timeAfter]",-0.0217906002991899,0.0852619595721643,-0.0519343836387215,0.0150493787701312,-0.121987160751738,0.0589962340614195,-0.238560062313241,0.133634820593364
"memory","r_wid[w182a5f6,multi_timeAfter]",-0.00148590391356607,0.0937807745511835,-0.0337795246404151,0.033235156492579,-0.0985869708177675,0.0923983889007466,-0.211540669941952,0.194443468015982
"memory","r_wid[w19d0170,multi_timeAfter]",-0.000197728231795869,0.079737875296119,-0.0308788803134355,0.0303072702415527,-0.0845219898436131,0.0823940998885975,-0.173934182804979,0.176141599222874
"memory","r_wid[w1d52e8b,multi_timeAfter]",-0.0124764339257877,0.0829053840251704,-0.0458627288011028,0.0216022198990048,-0.10627084584044,0.0727997348581458,-0.205910038923388,0.154235034629185
"memory","r_wid[w1d9c2fb,multi_timeAfter]",0.0183995870305361,0.0848725246709286,-0.0183755268507896,0.0494467997498934,-0.0630555531461719,0.115782056004386,-0.14503069140026,0.226319678967536
"memory","r_wid[w1eadd53,multi_timeAfter]",0.00706877503245101,0.0787183984746307,-0.0236452379983435,0.0369663071170961,-0.0735087325707238,0.0940365142264473,-0.158881425187099,0.178791529994141
"memory","r_wid[w1ef67ab,multi_timeAfter]",-0.0336311386129722,0.0890481101792104,-0.0661215068474703,0.0100216829601772,-0.146454565419769,0.0476803044602715,-0.257334939777985,0.108181205669501
"memory","r_wid[w227f955,multi_timeAfter]",0.0299695655095028,0.092146253089726,-0.013786480513913,0.0622117892848961,-0.0505749742332274,0.138947788671101,-0.116596659726368,0.263094875187588
"memory","r_wid[w245142a,multi_timeAfter]",0.0133217758772244,0.0869774705288825,-0.0228744950929895,0.0465771071464987,-0.0719911679070162,0.115004929861318,-0.163406839629162,0.210126085940972
"memory","r_wid[w2457106,multi_timeAfter]",-0.0129954321753661,0.0768154934466645,-0.040889787170787,0.0189146557236844,-0.0998519369914103,0.0626984670005899,-0.199092744293116,0.140435076815123
"memory","r_wid[w249e8ce,multi_timeAfter]",-0.00722429246572179,0.0768540739447466,-0.0369935533018419,0.0239101862867126,-0.0943043564717913,0.0692673168079587,-0.186307868322639,0.153239087757531
"memory","r_wid[w277fccf,multi_timeAfter]",0.0071562472804317,0.085604087922449,-0.0270177159265214,0.0400351605062938,-0.0821096549678828,0.10164898984043,-0.168385813892249,0.202518450485086
"memory","r_wid[w27e1de9,multi_timeAfter]",-0.0222674688242621,0.0829051285433979,-0.0550542000658536,0.0151565977674411,-0.121350872998883,0.0557617314063958,-0.215439360090656,0.130913780989025
"memory","r_wid[w2991322,multi_timeAfter]",-0.00469467904260353,0.0860793433524564,-0.035325355922277,0.0266305821247633,-0.0977289909006165,0.0829608902222753,-0.200267574307192,0.179708396656964
"memory","r_wid[w299c268,multi_timeAfter]",0.0101826712896209,0.0909894322471883,-0.0285558415686084,0.046553524774398,-0.0832276144112829,0.111859142505631,-0.172910783109975,0.216213126358212
"memory","r_wid[w29ed098,multi_timeAfter]",0.0229188537218072,0.0918717978651239,-0.0165611887628656,0.0560147785393471,-0.0618655752122264,0.12972013043145,-0.144725725877353,0.239839747953999
"memory","r_wid[w2a7296e,multi_timeAfter]",-0.00680289483174596,0.0858155285308087,-0.0395459153136708,0.0261478659815485,-0.0970130415582658,0.0825415304642469,-0.195139432128542,0.17375291681787
"memory","r_wid[w2bc0b21,multi_timeAfter]",-0.0123201493288433,0.0868673233401802,-0.0418831897486107,0.0243725416701393,-0.112658328763457,0.0730159847084648,-0.217686663422376,0.15772541120457
"memory","r_wid[w2c1f2f7,multi_timeAfter]",-0.00461566535236968,0.0844159128720234,-0.0366088074238653,0.0273617677542617,-0.0973453531974704,0.0834967207026603,-0.194385817220337,0.172967662702949
"memory","r_wid[w2c75db7,multi_timeAfter]",0.0135785753007876,0.0842308256379709,-0.0217377101293272,0.0423279215666061,-0.0680711793438132,0.109246740390314,-0.153981614097513,0.221706931825533
"memory","r_wid[w2cb5760,multi_timeAfter]",0.00440443957102631,0.0883318606869903,-0.0302561981077371,0.0390059259889067,-0.0873558943427679,0.100039246332251,-0.186226352884489,0.198148464622802
"memory","r_wid[w3002e39,multi_timeAfter]",0.00371410435817918,0.0793838446353771,-0.0284154973490632,0.0364063859796788,-0.0786185899916927,0.0920963785528045,-0.165420470822908,0.178126007825435
"memory","r_wid[w308aa07,multi_timeAfter]",0.00264427409676837,0.0874043435767613,-0.0323383569682966,0.0353090870664658,-0.089016354660094,0.0959919786479238,-0.174002631902255,0.194684002775044
"memory","r_wid[w30e05e4,multi_timeAfter]",0.0080683230289572,0.0839563996097844,-0.0256097022809,0.0401932229935209,-0.0765094176689533,0.101394203734737,-0.167960013787002,0.196648696849089
"memory","r_wid[w311c43d,multi_timeAfter]",-0.0118188995998053,0.0758150311160016,-0.0401891141223625,0.020505244522131,-0.100020704583187,0.0655037545370377,-0.194400945307845,0.138187268289508
"memory","r_wid[w313d7aa,multi_timeAfter]",-0.00208665297253332,0.0907291404974265,-0.0374805914026123,0.0342419647304215,-0.102353152638725,0.0955352607683915,-0.196826575104199,0.192725066525518
"memory","r_wid[w31b60c3,multi_timeAfter]",0.0133730966490611,0.0824754707722772,-0.0204997253422989,0.0418985210229972,-0.0679600394586466,0.106920569752138,-0.150827451734128,0.213443312318318
"memory","r_wid[w3327d2a,multi_timeAfter]",0.0157019791512502,0.0849285859164318,-0.0183372233389709,0.0476725636272007,-0.0642940093476511,0.115039250305591,-0.15316619292695,0.216123918491715
"memory","r_wid[w35dbe71,multi_timeAfter]",-0.00375556854248144,0.0918241059674029,-0.0392476628194826,0.0329735145756372,-0.106143415786723,0.0916875958620198,-0.212405663897658,0.186557605907739
"memory","r_wid[w365c8db,multi_timeAfter]",-0.00377999551097127,0.0853616505177018,-0.0324704039343652,0.0293536465125694,-0.0934831532359792,0.0822209990890033,-0.194636221941331,0.168939864329629
"memory","r_wid[w367fa57,multi_timeAfter]",-0.018043049501721,0.0803552024545537,-0.0479509788287918,0.0175882243298174,-0.108998925786709,0.0574445918099703,-0.212319778069227,0.131984493150742
"memory","r_wid[w36b3d2f,multi_timeAfter]",0.00448152600754183,0.0954553262468269,-0.0341500160522214,0.0442128912752557,-0.0983741536166315,0.108565987541966,-0.200253458391538,0.218499150825677
"memory","r_wid[w383e1fe,multi_timeAfter]",0.000164949974383283,0.0846256980148541,-0.0316519841571123,0.0318174650134487,-0.0860522061658166,0.0889629309285651,-0.188260533982331,0.177098285916924
"memory","r_wid[w38a9dbf,multi_timeAfter]",-0.0075244273972005,0.0804458565749179,-0.0371518346535437,0.026322804729432,-0.0959219971950053,0.0732969199312529,-0.202944658940247,0.154667076933015
"memory","r_wid[w397496b,multi_timeAfter]",0.0303639213629731,0.0954959413106785,-0.015688763695494,0.0678452107744414,-0.0599249440102264,0.142605236693601,-0.133946407181119,0.263248415199411
"memory","r_wid[w3acba24,multi_timeAfter]",-0.00736711974902702,0.0869293561375072,-0.040886394648063,0.0310014623160877,-0.10563944540453,0.0862585401092053,-0.20795023227939,0.166368326809084
"memory","r_wid[w3b16ba3,multi_timeAfter]",-0.000844958749654912,0.0881462787331213,-0.033273623168891,0.0330919239814072,-0.0933083325557563,0.0891187887066388,-0.204565764803114,0.184942298886604
"memory","r_wid[w3c1c747,multi_timeAfter]",0.0116883357901095,0.0769646611670156,-0.0207269187406066,0.0407911920116351,-0.0670168994995042,0.0956479788424723,-0.140393500706813,0.189633067024209
"memory","r_wid[w3c538ad,multi_timeAfter]",0.00725026803008175,0.0905228528937718,-0.0299121217119046,0.0412883873418964,-0.0825724187776837,0.108085982967397,-0.180841830855962,0.213964530754128
"memory","r_wid[w3d5caa9,multi_timeAfter]",-0.0122111797816295,0.0930832458919042,-0.0452170245664262,0.0255313664600272,-0.110810329212716,0.0769897455883791,-0.233365481408555,0.167579983581713
"memory","r_wid[w3f5fa74,multi_timeAfter]",0.0150711527169963,0.075425652985472,-0.0189960509841585,0.0453682944171961,-0.0620002017191296,0.108622062391271,-0.136440742439042,0.192284809342406
"memory","r_wid[w3fb3b5b,multi_timeAfter]",0.00481135754974322,0.078649305655538,-0.026964628054924,0.0366196711245452,-0.0795413380493684,0.0924937750383872,-0.168041851968201,0.181719017238749
"memory","r_wid[w3fc2d2c,multi_timeAfter]",-0.0135739103492224,0.0868293651294122,-0.0461130921440897,0.0222125073577579,-0.113189242162737,0.0750674259312126,-0.218277225891082,0.156149866110569
"memory","r_wid[w3fdf5b1,multi_timeAfter]",0.00134920014357581,0.086846526771274,-0.0311233065133112,0.033516279216757,-0.0891907499655214,0.0936153219343749,-0.191250529649288,0.193298857811606
"memory","r_wid[w409b474,multi_timeAfter]",0.022457169090711,0.0946650750180542,-0.0186151139174217,0.0581790513107362,-0.0711138053281366,0.137956384041677,-0.155522877777311,0.239460225540455
"memory","r_wid[w4400cbf,multi_timeAfter]",0.00284658285704713,0.0881444838283839,-0.0334176660156718,0.03630800384404,-0.0909986524400462,0.0966562327460731,-0.184055502967293,0.196846564681432
"memory","r_wid[w44c6cc9,multi_timeAfter]",0.00367177639039355,0.0871999395457749,-0.0314440269024326,0.0361213301774186,-0.0860263531825236,0.097663875838291,-0.18225298799021,0.19457422805002
"memory","r_wid[w44f5ace,multi_timeAfter]",-0.0378718185826831,0.098102094709601,-0.0738966627740232,0.0111461080847823,-0.161250161753236,0.0514956391254221,-0.283549509557658,0.123393169974669
"memory","r_wid[w479605b,multi_timeAfter]",0.00695901521252908,0.0849410984198121,-0.0274184863558585,0.0379200185057702,-0.0783184553870586,0.103308204398622,-0.16758232775792,0.190777112847203
"memory","r_wid[w496c8be,multi_timeAfter]",-0.00606776076893521,0.0953364501111536,-0.0408821381075065,0.032593320577626,-0.107627496488089,0.0922158027373707,-0.225632538690581,0.187863604797031
"memory","r_wid[w49d88d0,multi_timeAfter]",0.0071890891633822,0.0767551799765789,-0.0247430236734674,0.03517757202077,-0.0727177660704837,0.0944923439748656,-0.144370314489511,0.178839694476351
"memory","r_wid[w4a66ba2,multi_timeAfter]",-0.0149484230618841,0.0871156686638354,-0.0509594056207555,0.0226593558996741,-0.116333504281552,0.0742946248952367,-0.219813417263445,0.156152743555167
"memory","r_wid[w4a907eb,multi_timeAfter]",0.0167632207050854,0.0794558194667815,-0.0168721996067691,0.0478653175804684,-0.0595539667511489,0.109254074557164,-0.143607337927886,0.206471666326367
"memory","r_wid[w4b6424d,multi_timeAfter]",0.00366400737122147,0.0811242763740987,-0.0285726012704683,0.0357754335630117,-0.0810030071180922,0.0886079309220811,-0.165481029947928,0.185694490494771
"memory","r_wid[w4bf9dec,multi_timeAfter]",0.0070993131946162,0.0848921153601226,-0.0269883949912966,0.0378937685530542,-0.0778277246363834,0.0975478925966678,-0.166089945624065,0.195566276160143
"memory","r_wid[w4c2a923,multi_timeAfter]",0.00805498589878763,0.0815762114110141,-0.02812326502103,0.0398702172550686,-0.0757428793564233,0.0994800554311954,-0.153801016516869,0.200911238058517
"memory","r_wid[w4cc863f,multi_timeAfter]",0.0241828295934296,0.0929746562318871,-0.0170756905991389,0.0589122329881736,-0.0643634109360975,0.134022455629822,-0.152369284642111,0.247543980006197
"memory","r_wid[w4ccf510,multi_timeAfter]",0.0244276242869413,0.086191092096055,-0.0156939910406692,0.0556553607932656,-0.0543378708272949,0.128844541765722,-0.130462567420309,0.244492507802989
"memory","r_wid[w4db7ccb,multi_timeAfter]",-0.0277245418103862,0.0895317649416851,-0.0614104164956047,0.0130813598471511,-0.139392325733886,0.0525854721343559,-0.250166906186886,0.123736692638776
"memory","r_wid[w4dce7b5,multi_timeAfter]",-0.0137841664093017,0.0885367882222084,-0.044781703752799,0.0234677430444241,-0.114065806909726,0.0734685318064492,-0.217097200532433,0.160908486594748
"memory","r_wid[w4dd7b34,multi_timeAfter]",-0.0199855545810396,0.0819878458889789,-0.050142100284311,0.0169525068327978,-0.117284572790017,0.0598358548185614,-0.225897223471932,0.130833035628901
"memory","r_wid[w4ed0320,multi_timeAfter]",0.00856344758360532,0.0859204144558166,-0.0242692577860987,0.0420596251445854,-0.0759178111703367,0.103446996018201,-0.17151541500817,0.196979242602523
"memory","r_wid[w504748f,multi_timeAfter]",-0.0135833145249227,0.0981254078715899,-0.0552804857639373,0.0309174179114283,-0.128724853951574,0.0899671407354665,-0.236637159678794,0.175849573435539
"memory","r_wid[w5092120,multi_timeAfter]",-0.0301668917882829,0.0947370801338718,-0.0632147615163381,0.0116631736328034,-0.146386959718248,0.0571549742504661,-0.268338420086318,0.133647059209317
"memory","r_wid[w50c12e5,multi_timeAfter]",0.0108134484915885,0.0869212727097838,-0.0269262793411918,0.043314628254198,-0.0763234773131553,0.109423906252702,-0.1578895364849,0.214723118334407
"memory","r_wid[w51664f0,multi_timeAfter]",0.00311590114731517,0.0866681602373646,-0.029531787026172,0.0364286036083256,-0.0890093816341036,0.0949635496861195,-0.18669530897185,0.198674910330307
"memory","r_wid[w53209bb,multi_timeAfter]",0.0129179294804458,0.0783578281044835,-0.0211766636657653,0.0406377048789688,-0.0639570875004926,0.100210078371175,-0.141947441790972,0.202043269020699
"memory","r_wid[w53b40c8,multi_timeAfter]",1.68664817705357e-05,0.0884843052321274,-0.0351223908930651,0.0350851969273773,-0.0947978250345014,0.101198246330057,-0.196062625203338,0.195247984161793
"memory","r_wid[w54c2956,multi_timeAfter]",0.014586085907951,0.0829599367196963,-0.0201257336146464,0.0446914316697869,-0.065374608029738,0.109070593775581,-0.139515212725509,0.209073954061678
"memory","r_wid[w5685230,multi_timeAfter]",0.0168206370933738,0.0876299592014146,-0.0188286675427828,0.0475102546080594,-0.0655336687146657,0.116236076847588,-0.154050875722867,0.217910993721236
"memory","r_wid[w56b42b0,multi_timeAfter]",-0.0121567641919721,0.0830513230460904,-0.0418238869515993,0.0227017470860821,-0.10778609831107,0.0670712868151485,-0.206661839310244,0.148622198779206
"memory","r_wid[w580c449,multi_timeAfter]",-0.0224639276451907,0.0931677533512916,-0.0524330377984094,0.017973430275689,-0.130533005551725,0.0672290011891689,-0.25565144124302,0.145109248260934
"memory","r_wid[w593f4a8,multi_timeAfter]",0.0112782515125352,0.0904205914210884,-0.0244775642194407,0.0432672603533775,-0.0727138756353924,0.11271544976131,-0.16244400788232,0.211162309032843
"memory","r_wid[w59b3a22,multi_timeAfter]",-0.0224068176879564,0.106403780920744,-0.0651393814771924,0.0225417874144818,-0.14871772095796,0.0844940923077062,-0.274577552471698,0.19241417303107
"memory","r_wid[w59c9d33,multi_timeAfter]",0.00370524377529309,0.0770888279300818,-0.027395270991007,0.032869721901122,-0.077660020060836,0.0850179943650831,-0.155861986341433,0.171126643953526
"memory","r_wid[w5ab5786,multi_timeAfter]",-0.0103850500453339,0.0878303320510639,-0.0418276117119604,0.0262455949282509,-0.107557646152347,0.0775130691639171,-0.21019012248932,0.162920583591868
"memory","r_wid[w5d6df14,multi_timeAfter]",0.00596358076044885,0.0966951956983626,-0.0364140134446748,0.0466260459431933,-0.0999779463129049,0.116728587557448,-0.203425540129018,0.221204258219109
"memory","r_wid[w5ec388a,multi_timeAfter]",-0.00809758961769833,0.0869735602648288,-0.0390351055719532,0.0262303530847677,-0.101076493260355,0.0804848075857612,-0.214810576244379,0.164529925472444
"memory","r_wid[w5f010fa,multi_timeAfter]",-0.00690934342111321,0.0857307536617594,-0.0358090785198085,0.0274894403291632,-0.0988006059800966,0.077726891423481,-0.200684582970281,0.160685487984498
"memory","r_wid[w5f68d79,multi_timeAfter]",0.0286791452286298,0.0898440390239186,-0.0127570136121173,0.0622616123718638,-0.0552112408476915,0.137564834370306,-0.12776085110211,0.254429295924896
"memory","r_wid[w5fb19e8,multi_timeAfter]",0.00564245743998919,0.0844578746513873,-0.0281299473716375,0.0361549555295568,-0.0808463330796301,0.0978186469702004,-0.175261817795943,0.201656676745189
"memory","r_wid[w601970c,multi_timeAfter]",0.00165155674706136,0.0811418520384585,-0.0299123321458716,0.032678725916303,-0.0859380408988407,0.0871074213000027,-0.170444928363754,0.184509256117438
"memory","r_wid[w605fd50,multi_timeAfter]",0.0118925072464826,0.08541099844657,-0.0229332549046296,0.0431203622448508,-0.0736875472922852,0.107085190239566,-0.155945222172365,0.211206349266663
"memory","r_wid[w60e6ea8,multi_timeAfter]",0.0209224732280885,0.0884947413036295,-0.018704500916601,0.0541374428377823,-0.0636920904339365,0.12880044237315,-0.135070315106919,0.232758869696448
"memory","r_wid[w610dd08,multi_timeAfter]",-0.0131609210048561,0.0847631984977747,-0.0429607650616505,0.0226605400627719,-0.108246739154932,0.0723268827376305,-0.217420746439563,0.145946999668229
"memory","r_wid[w612200e,multi_timeAfter]",-0.0443007421343799,0.116438009759739,-0.0925389049081668,0.0164079882683043,-0.18566371967644,0.0690800265982861,-0.328780869731242,0.150879487562526
"memory","r_wid[w61b360a,multi_timeAfter]",-0.0136954416426366,0.0838197306143266,-0.0463340252758163,0.0224932324841658,-0.111336969733644,0.0668626801715454,-0.206941646680412,0.158841004807863
"memory","r_wid[w63ea659,multi_timeAfter]",0.0191573198717882,0.0988778160705896,-0.0226441057128206,0.0538685194610287,-0.0782057511128591,0.137047491197657,-0.164725063452813,0.252003797069826
"memory","r_wid[w6849aab,multi_timeAfter]",0.00913336071034198,0.104520535651964,-0.0343705040667015,0.0498999272630804,-0.101031998187213,0.123670700586558,-0.202023227424869,0.23930649263189
"memory","r_wid[w6870249,multi_timeAfter]",0.012017717681237,0.0957050699704208,-0.0273222385696934,0.0515600190028259,-0.0874361985488408,0.121202327611199,-0.191621128795673,0.222942993359759
"memory","r_wid[w68730bb,multi_timeAfter]",-0.00866850780678716,0.0875666778217917,-0.0417286336596691,0.0268355270695921,-0.10714455841697,0.0825241458664751,-0.207336136578246,0.171329977942505
"memory","r_wid[w68e5aed,multi_timeAfter]",-0.0239417180721866,0.0952890194996834,-0.0632397415265262,0.0198384843238059,-0.138576601750382,0.0692564217072567,-0.241319354817243,0.152788730212878
"memory","r_wid[w6a59bb5,multi_timeAfter]",-0.0249379396614896,0.0888561237225668,-0.0590660708891403,0.0148156667339391,-0.131992535342156,0.0573622080705362,-0.233328692699359,0.142908355821287
"memory","r_wid[w6bec3e7,multi_timeAfter]",0.00251013518581193,0.0871442462318713,-0.0325568822657129,0.0354801681231644,-0.091960024608153,0.0946553322078953,-0.177766604018125,0.194058304285407
"memory","r_wid[w6cbe87c,multi_timeAfter]",-0.00522136067808036,0.0819682944529636,-0.0386395966564317,0.0302345250206853,-0.0971472311464303,0.0850843591785319,-0.195308188630852,0.163466266440959
"memory","r_wid[w6dd030e,multi_timeAfter]",0.000564564788035001,0.0920380449734145,-0.0359698899470364,0.0357576484773943,-0.0969598752390943,0.0981376413525861,-0.205002473767921,0.193225561077764
"memory","r_wid[w6ea0c26,multi_timeAfter]",-0.00654867696512763,0.0811472493485549,-0.0379939569304073,0.0242126395592355,-0.0985366859424293,0.0773358578262626,-0.186622601328839,0.172147530204292
"memory","r_wid[w6eb92cc,multi_timeAfter]",-0.00861867325601148,0.0846995822596074,-0.0410127496437282,0.0255003909544696,-0.104568929194593,0.0791662154694223,-0.201073271894773,0.164394898859295
"memory","r_wid[w7232115,multi_timeAfter]",0.00520993393852707,0.0847607646918482,-0.027683048066457,0.0371977836925549,-0.0816163256248989,0.0978932311912425,-0.16796437667085,0.187524661525666
"memory","r_wid[w737e6e4,multi_timeAfter]",0.0150230999954726,0.0836949537554546,-0.0185646978734205,0.0462944210784611,-0.0689987318568557,0.109470040783304,-0.148958730043396,0.211377156852225
"memory","r_wid[w768a02c,multi_timeAfter]",-0.000156282139102439,0.0826330211904396,-0.0300084680976037,0.032236156725062,-0.0831438899618761,0.0835790087823022,-0.177174506217013,0.175611717697728
"memory","r_wid[w77b72cf,multi_timeAfter]",0.0426383679988173,0.100493097310611,-0.00753652530508371,0.0765721069428205,-0.0422108035794803,0.162968193796434,-0.108068826278989,0.284808698689912
"memory","r_wid[w7800d0f,multi_timeAfter]",-0.0373078972628917,0.0920794071850416,-0.0760197565966452,0.0107515055018415,-0.157006726648687,0.0489276746049101,-0.269523397975781,0.120218677634346
"memory","r_wid[w786d2f3,multi_timeAfter]",0.00613017422496248,0.0830326056462529,-0.0258889887974252,0.0369688526693921,-0.0800515609473904,0.0952899754508165,-0.170367441457313,0.193014693604829
"memory","r_wid[w7a2af65,multi_timeAfter]",-0.0163444070956739,0.0826416660910457,-0.04637785857551,0.0181266548049804,-0.115258076675895,0.0658730588361287,-0.216679542497598,0.14644409286064
"memory","r_wid[w7a38a77,multi_timeAfter]",0.00192080944203133,0.0844657696289432,-0.0343320969846101,0.0346676001007624,-0.0886433605278016,0.0929324591517471,-0.176298339061712,0.189552965807529
"memory","r_wid[w7bfe168,multi_timeAfter]",-0.0118158929694324,0.0794761102849953,-0.0407364852935374,0.0210763531169506,-0.100090579048568,0.0669357114589817,-0.200060815989965,0.148872091303146
"memory","r_wid[w7dbf1a9,multi_timeAfter]",0.00842671834556546,0.0758938621818214,-0.0230067893876455,0.0387556697825915,-0.072166960147933,0.0933233068808934,-0.144652069527663,0.183185197314483
"memory","r_wid[w7f5e428,multi_timeAfter]",-0.0194943120175561,0.0800586949714887,-0.0512151257407438,0.0172890978660471,-0.117840824642326,0.0575667603500904,-0.208826032813795,0.13664850686653
"memory","r_wid[w7f90916,multi_timeAfter]",0.00651698640940093,0.0836442151537371,-0.0270432920712388,0.0381841235063166,-0.0794187809498601,0.0963453740471532,-0.170851410918875,0.199716866023722
"memory","r_wid[w82f4ec0,multi_timeAfter]",-0.0143031937334894,0.0883883844259182,-0.0503103749146082,0.0269069006304868,-0.123173424996135,0.0777085641224956,-0.219332638908937,0.156499222553115
"memory","r_wid[w8363ab3,multi_timeAfter]",-0.0100041161882719,0.107856069575344,-0.0545133750838746,0.0381166462831791,-0.132803136809804,0.107482890318943,-0.26487966737697,0.20226361765131
"memory","r_wid[w83687da,multi_timeAfter]",0.00190200590667595,0.0890765068368126,-0.0331640535521837,0.0361907327303674,-0.0928073309853418,0.099847484293769,-0.196245240051047,0.195568128402089
"memory","r_wid[w8843fd3,multi_timeAfter]",0.00762083143412101,0.0805511722648845,-0.0239942530437973,0.0369044977281258,-0.0725360118109923,0.0984983311142773,-0.155016945851743,0.187112963456722
"memory","r_wid[w88c84d1,multi_timeAfter]",0.0067988706338375,0.0786955902825604,-0.0263376389249382,0.0366219690042138,-0.0734096123996122,0.0965347014463769,-0.157379025916032,0.185577711010018
"memory","r_wid[w88e738d,multi_timeAfter]",0.0265650750431893,0.0875870854467646,-0.0135422970900805,0.0583191945332839,-0.0517816804353101,0.129750291521444,-0.123510402411055,0.241938558080493
"memory","r_wid[w896f77a,multi_timeAfter]",-0.0103565665540221,0.0859656630677808,-0.0390215273631822,0.0244091488898824,-0.108400941047066,0.0718632512197392,-0.216214134025248,0.161179402791943
"memory","r_wid[w8d745f1,multi_timeAfter]",-0.0111123351086184,0.102115635276015,-0.0492124204299193,0.0302009310973799,-0.126501400896855,0.0950955363961018,-0.241528452446822,0.199841108306621
"memory","r_wid[w8de3f64,multi_timeAfter]",-0.0216630699695103,0.0829418764174887,-0.0496924493297342,0.0155008232068442,-0.116136734322266,0.0559747911794842,-0.231914468677124,0.12279830355937
"memory","r_wid[w8e07aa1,multi_timeAfter]",0.00199361001266361,0.0795914737458854,-0.0289387702635813,0.0319775224242717,-0.0808297940401849,0.08407260582102,-0.162466481904575,0.179028299459882
"memory","r_wid[w8efa7d8,multi_timeAfter]",-0.0260971001483681,0.127493019179417,-0.074796308986426,0.0327244644476275,-0.170375743253743,0.101849734461091,-0.335168761603947,0.21396977128177
"memory","r_wid[w9051394,multi_timeAfter]",-0.002291184550324,0.0852092279111181,-0.033029683915824,0.0290350411518997,-0.0861576359431616,0.0841641872002131,-0.184157772005268,0.172190442179804
"memory","r_wid[w90f4896,multi_timeAfter]",0.00105886480646897,0.0829245036471775,-0.0300709368522159,0.0332411291474144,-0.0874773851116206,0.0904273780901994,-0.176405000579005,0.16997599749984
"memory","r_wid[w9173175,multi_timeAfter]",0.0239629088802474,0.08344128573168,-0.0137308839151838,0.0550254156995565,-0.0560559322822628,0.126980534477973,-0.12842033371312,0.228658801876345
"memory","r_wid[w9182e0b,multi_timeAfter]",-0.00925450587553477,0.0787160077176156,-0.0383857041671397,0.0235950371445848,-0.099644154298109,0.0674971474125274,-0.185041912457859,0.148478703499761
"memory","r_wid[w924a500,multi_timeAfter]",-0.00568091515556577,0.0866861148160375,-0.037998680696011,0.0300956633048463,-0.103367319158555,0.0870130303018632,-0.199107979674493,0.181732777323736
"memory","r_wid[w941cd9f,multi_timeAfter]",0.0107111753010312,0.0835739389139765,-0.0224290605161917,0.0416534181107635,-0.0734643629472266,0.102698168107382,-0.1589709258409,0.211720028806481
"memory","r_wid[w95167ae,multi_timeAfter]",0.00486680036836369,0.0797208576113133,-0.0265794874836596,0.0343677980658438,-0.0744543075383494,0.0929379015052217,-0.162797442728248,0.184459387352656
"memory","r_wid[w960c4a6,multi_timeAfter]",0.0230543384455873,0.087727523110246,-0.013737915453279,0.0533783404608991,-0.0549989376287518,0.125639944363041,-0.138811978581897,0.238321938863853
"memory","r_wid[w962c662,multi_timeAfter]",-0.0120790282736261,0.0861622031155932,-0.0467694092475554,0.0235181445763516,-0.113630735696767,0.0764437501536848,-0.208353573063223,0.166021756606078
"memory","r_wid[w9a08173,multi_timeAfter]",0.0163493231808606,0.0770145537095003,-0.018464855271282,0.0447397668455735,-0.0586759876335015,0.10706919579735,-0.124930553007557,0.204632255737487
"memory","r_wid[w9a0bd8d,multi_timeAfter]",0.0198098726526393,0.0959238203036309,-0.0232523172985371,0.0572311224203869,-0.0744647665485299,0.137132902411295,-0.164360267798165,0.244469822823528
"memory","r_wid[w9b641f6,multi_timeAfter]",0.0233225600272157,0.0906060483770481,-0.0196991502370947,0.0586542924613812,-0.0628937176328842,0.13353728606082,-0.133400742632379,0.233432957932826
"memory","r_wid[w9b9abef,multi_timeAfter]",0.0125399726076558,0.0932660775721055,-0.0259920737602009,0.0475862374344686,-0.0800093227789377,0.118975185272734,-0.173782236394454,0.232487502790632
"memory","r_wid[w9bde09f,multi_timeAfter]",0.004220688467547,0.101160242074487,-0.0401535482272724,0.0479298412231825,-0.107404680034992,0.123223593026998,-0.20152609086357,0.221318864500111
"memory","r_wid[w9cf2bd7,multi_timeAfter]",-0.0122003329531912,0.0794042860722508,-0.0419820358329757,0.0217248710749978,-0.103837045447785,0.0654106492902429,-0.198041259842496,0.143198171742111
"memory","r_wid[w9f7c438,multi_timeAfter]",0.0138563294695286,0.0827062938611063,-0.0226772367575239,0.0449755473501613,-0.069507209532026,0.107850696672271,-0.147368608569118,0.217907989853741
"memory","r_wid[wa022482,multi_timeAfter]",-0.0199922103857024,0.0968289443090837,-0.0611508503629141,0.0258474087135771,-0.130584570032546,0.0810843571631744,-0.261653638376345,0.156563179064275
"memory","r_wid[wa136b3d,multi_timeAfter]",-0.000142943047434971,0.0761701537857408,-0.0282881602982537,0.0324967987802424,-0.0833910440156685,0.0815181512981059,-0.168067018009552,0.158962003720197
"memory","r_wid[wa1909e0,multi_timeAfter]",-0.0104277547031299,0.0800677121385703,-0.0420763016147769,0.0239384086073069,-0.101060499675399,0.0755551090443144,-0.196202916380274,0.156225478454805
"memory","r_wid[wa1a03f2,multi_timeAfter]",0.0168418789787036,0.0789783050873018,-0.0185752529783524,0.050998435748526,-0.063514256132817,0.11193286122948,-0.139734155928418,0.198869804283452
"memory","r_wid[wa4fe3e4,multi_timeAfter]",-0.0545866748251847,0.104856629438149,-0.0919318607601999,0.00308690644754216,-0.184947274178519,0.0329163395839494,-0.324617329212247,0.0881865003278413
"memory","r_wid[wa5817fc,multi_timeAfter]",0.00541695714880301,0.0831848874153572,-0.0264976565050953,0.0348175214830672,-0.0817211364123494,0.0979947540014433,-0.160269316754013,0.186079393423969
"memory","r_wid[wa6daa50,multi_timeAfter]",0.0025000259580972,0.091441117226544,-0.0338808237079706,0.0375713240470784,-0.094643456032952,0.104766726105004,-0.191854901264595,0.209877107416939
"memory","r_wid[wa79cf20,multi_timeAfter]",0.0145071160825039,0.0875342306015828,-0.0203307896274135,0.0434616382171461,-0.0667053185785987,0.109428404439134,-0.151036465922893,0.21792552062476
"memory","r_wid[wab226bf,multi_timeAfter]",0.0143162122923406,0.0816249869957704,-0.0185136177748864,0.0435812202734067,-0.0663903204096458,0.108970361283298,-0.152432090844314,0.210729145020393
"memory","r_wid[wab70ec3,multi_timeAfter]",-0.0197071649460347,0.0814049858793019,-0.0505098175347191,0.0175227370006795,-0.119928127790625,0.0599143816898584,-0.214227628643243,0.132207557566134
"memory","r_wid[wace8728,multi_timeAfter]",0.00159288034080874,0.0788419688112722,-0.0310852198464568,0.0319875687355495,-0.0812239478059113,0.0878677062586636,-0.163647689435086,0.172680527008001
"memory","r_wid[wad32437,multi_timeAfter]",-0.0104982170346503,0.0928441840117009,-0.047859100702248,0.030588314850724,-0.116239436796339,0.0861510794737252,-0.229139843546197,0.171526634977723
"memory","r_wid[waf52734,multi_timeAfter]",0.00161873064680879,0.0892101458329154,-0.0374112365390956,0.0357263241420815,-0.0899380990027607,0.0949610070207758,-0.184571849327415,0.198419720746234
"memory","r_wid[waf9be39,multi_timeAfter]",-0.0148142570540692,0.0818641099672965,-0.0464262269393112,0.0196843280787898,-0.112644259292381,0.0660143163837754,-0.203146307262092,0.148044170363547
"memory","r_wid[wafacea9,multi_timeAfter]",0.0103185161707403,0.0918380072111833,-0.0263694956604917,0.0447135727771895,-0.087327572454105,0.110671766567319,-0.169457839685091,0.217675468512293
"memory","r_wid[wb0b75c3,multi_timeAfter]",-0.00487668371111754,0.0834593422598257,-0.0363120535825397,0.0272859509755118,-0.0977528827614534,0.0805696451340692,-0.189145434736126,0.174906779402779
"memory","r_wid[wb2d9807,multi_timeAfter]",-0.00722860234132455,0.0858335296928304,-0.037772576630916,0.0269523861758225,-0.102323599315166,0.0809075810898483,-0.210436161764383,0.165787016351939
"memory","r_wid[wb361f36,multi_timeAfter]",-0.0155913995257272,0.0986385817223032,-0.0557972929183566,0.0278610105865147,-0.131078132086633,0.0899047284289891,-0.245270219921965,0.177865489418222
"memory","r_wid[wb56c2d3,multi_timeAfter]",-0.0105949629936107,0.0918841169125106,-0.0503549396465648,0.0285144223360272,-0.115374689271237,0.08982399953105,-0.217638886103096,0.178749175432143
"memory","r_wid[wb5c4def,multi_timeAfter]",0.0136622983742215,0.0767022376580359,-0.0187076608680613,0.0407394222528359,-0.0616034402761266,0.102423737967441,-0.135372133885856,0.195562868881962
"memory","r_wid[wb6ad69e,multi_timeAfter]",-0.00103974048104968,0.086466888760202,-0.0368874006483405,0.0354638412722901,-0.0967627320852996,0.0918332618133918,-0.189781768347477,0.189731273205594
"memory","r_wid[wb772565,multi_timeAfter]",-0.0015980431593793,0.0861255519651166,-0.0340022797665811,0.0306249220990448,-0.0931706585525796,0.0873212813534083,-0.197713383891199,0.18770094206908
"memory","r_wid[wb85c4ff,multi_timeAfter]",-0.0114066368329599,0.0897572794763608,-0.046459729361101,0.0260113694406015,-0.107715337505411,0.0827882226340945,-0.20524561319918,0.163495047090894
"memory","r_wid[wb8feabb,multi_timeAfter]",-0.0151065943145809,0.0810500014511676,-0.0459694811373778,0.0192421067024497,-0.107365562848041,0.0677667840818024,-0.211526191374801,0.139069938622541
"memory","r_wid[wb966154,multi_timeAfter]",-0.000264960947088157,0.0844273096439898,-0.0302041213795535,0.0314448645794717,-0.0856338875081366,0.0859496470027642,-0.187577867451476,0.179552618695986
"memory","r_wid[wbb74717,multi_timeAfter]",-0.0186148964018853,0.0811642749951751,-0.0452852610279558,0.0166203501843581,-0.117285272756936,0.057230068836976,-0.219156552536113,0.125692697803778
"memory","r_wid[wbc79189,multi_timeAfter]",0.00675049978329092,0.0877759969265826,-0.0293988328682944,0.0383292550522568,-0.0822267679960466,0.10324608163228,-0.175120686859789,0.219233775317303
"memory","r_wid[wbd0314c,multi_timeAfter]",0.00456858610162635,0.0774061635091534,-0.0266474252570932,0.0356862984948008,-0.0780162686881048,0.0885798203332429,-0.157227883746219,0.177193666903659
"memory","r_wid[wbe2faf8,multi_timeAfter]",0.0135132814998546,0.0821533389185208,-0.0218762498306462,0.0421043046511938,-0.0649181089594938,0.106500931962235,-0.143461118885912,0.207264802564504
"memory","r_wid[wbe569b5,multi_timeAfter]",0.0104740032014498,0.0873235496851135,-0.0240558749049665,0.0441844224789699,-0.0770557348971802,0.106315659954691,-0.172627882825279,0.20944548555545
"memory","r_wid[wbe9243a,multi_timeAfter]",-0.00231262383049093,0.0809200068501577,-0.032617127923837,0.0311726939589982,-0.0926696945113847,0.0843076940368268,-0.181051752977667,0.174032116390641
"memory","r_wid[wbf1c81e,multi_timeAfter]",-0.0148261957313449,0.0841853861191792,-0.0506021041447764,0.0217718735346321,-0.113904621517156,0.0738904147617838,-0.208304590935406,0.157408652727952
"memory","r_wid[wc097323,multi_timeAfter]",0.00671135930886298,0.0882969193870476,-0.0278615266295998,0.0406867670007995,-0.0838369689456472,0.102183428584187,-0.173204395835874,0.204010405091658
"memory","r_wid[wc0a4260,multi_timeAfter]",-0.0289134099623911,0.0884008353280149,-0.0582991839423224,0.012403688172113,-0.133043645957903,0.050423647327326,-0.265453622373868,0.115904200910504
"memory","r_wid[wc16f522,multi_timeAfter]",0.00963291948689845,0.0801177301667843,-0.0240386321941762,0.0405554486137434,-0.0707995812388978,0.100687530824854,-0.151702020542686,0.191537524419934
"memory","r_wid[wc263e54,multi_timeAfter]",0.00312350776594155,0.0803353168277069,-0.030118605932586,0.0351281162152716,-0.0856662919636487,0.0910142164163503,-0.159815339715362,0.188646735065257
"memory","r_wid[wc294ae3,multi_timeAfter]",0.00537026809564439,0.0841195418175101,-0.0257143428486699,0.0367035143993263,-0.0788781782311263,0.0967982413770974,-0.173227579540773,0.188656807183862
"memory","r_wid[wc43fbaa,multi_timeAfter]",0.0039758323311208,0.0979379114785782,-0.0372309423683309,0.0435476524972209,-0.0996796749743139,0.111790347043339,-0.209640980708645,0.219179491308874
"memory","r_wid[wc4c38a3,multi_timeAfter]",0.0221210474764178,0.0832123832229665,-0.0151835663942921,0.0517644991829293,-0.0561656125775332,0.11877580641697,-0.12267867249076,0.219734932683305
"memory","r_wid[wc512962,multi_timeAfter]",-0.00712534017789787,0.0827191985780198,-0.0354090673102612,0.0252789110127113,-0.0956770488476085,0.0728589794135068,-0.19274084496413,0.163644925080357
"memory","r_wid[wc54132b,multi_timeAfter]",0.00124067241384645,0.0894981861000707,-0.034335004410969,0.0361050711075365,-0.0985698301826473,0.0956548280136942,-0.181670026758787,0.199490344667302
"memory","r_wid[wc55b6c8,multi_timeAfter]",0.0337048332567786,0.0904584797723881,-0.0118590633490114,0.0685819397038751,-0.0491313215270265,0.148153510016948,-0.114889687738462,0.260797000938741
"memory","r_wid[wc628bde,multi_timeAfter]",0.0149202093627899,0.0827110491290941,-0.0194978249755899,0.0431548690833437,-0.0631101744622894,0.108333140477135,-0.135681664997845,0.215337203383927
"memory","r_wid[wc6f0e84,multi_timeAfter]",-0.00307411129413921,0.0854988370465193,-0.0354431378615835,0.0311096208633436,-0.0925000343686563,0.0851066567389809,-0.188891545857318,0.189182114404246
"memory","r_wid[wc73f4d8,multi_timeAfter]",-0.0101367205700218,0.0861319256615088,-0.0409374912962104,0.0246888495492129,-0.106095099179772,0.0749422653104899,-0.206970537704676,0.170217346099221
"memory","r_wid[wc8b5d36,multi_timeAfter]",0.00849565752337024,0.0839743482405533,-0.0251330547276126,0.0393332051069871,-0.0777661851757725,0.100879267943078,-0.162369113880257,0.195788807526474
"memory","r_wid[wcc033bc,multi_timeAfter]",0.00124721609317514,0.0803750889855951,-0.0281680070960706,0.0304548728296974,-0.0824056436344897,0.0847501551832769,-0.171210660896815,0.179261162307149
"memory","r_wid[wcc15547,multi_timeAfter]",-0.0220521179898344,0.0865362236137603,-0.0504162869735951,0.0169065612816532,-0.123482368537415,0.0597197051518643,-0.242216181038617,0.129234981314588
"memory","r_wid[wcc4ec90,multi_timeAfter]",0.0020646584842023,0.0831951550462572,-0.027626179825362,0.0327167165255973,-0.0838134175799679,0.0857320003208505,-0.179783749387287,0.186277977713158
"memory","r_wid[wcd98054,multi_timeAfter]",0.010499112309127,0.0806711091998868,-0.0236942490295518,0.0404818626829812,-0.071027423565347,0.105711193962543,-0.15445913394201,0.192811002737025
"memory","r_wid[wd0724cf,multi_timeAfter]",0.000224435038203412,0.0848819023240891,-0.0341587201695209,0.0329673236246802,-0.0910969995636394,0.0910337515023557,-0.188568013688589,0.196441703681652
"memory","r_wid[wd07cb72,multi_timeAfter]",-0.00347361673820463,0.0954629425725611,-0.0412668344216732,0.0343433269284414,-0.106513891178348,0.0953736799714495,-0.222796551093325,0.197869322396583
"memory","r_wid[wd20dd5c,multi_timeAfter]",-0.0142568640144178,0.0837067255419881,-0.0485881984392657,0.0184631418633032,-0.110204542615724,0.0662471241411272,-0.201706889949153,0.157664735570283
"memory","r_wid[wd238f0c,multi_timeAfter]",0.0120824701024277,0.0811840842140963,-0.0237450398836343,0.0417199944375742,-0.0696791701597451,0.104302899333863,-0.146350362800959,0.218492225713917
"memory","r_wid[wd47555e,multi_timeAfter]",0.00242835363711767,0.0819470381747855,-0.0282041483934074,0.0350954767790745,-0.0855676918338813,0.0913390968585353,-0.181182950465196,0.177353040769468
"memory","r_wid[wdab535b,multi_timeAfter]",0.00298164557921586,0.0823409537218744,-0.0299348486332033,0.0328284477768656,-0.0834470759600269,0.0922112027830238,-0.170154769482771,0.190557877210117
"memory","r_wid[wdad9375,multi_timeAfter]",0.0191500574955328,0.0856622800415865,-0.0191739489825877,0.051970538526681,-0.0643468994270717,0.122577482809579,-0.144119024642116,0.218324828223193
"memory","r_wid[wdd486da,multi_timeAfter]",0.0058725996061782,0.0856734806230086,-0.0305512179977571,0.041736718774072,-0.0836218515307722,0.1037169355172,-0.167500044242565,0.192147968893906
"memory","r_wid[wdde7ef1,multi_timeAfter]",0.000353239462179281,0.0877522967547903,-0.0343461136732311,0.0343110327509158,-0.0915482348719044,0.097071743708614,-0.183176350173365,0.188399533771519
"memory","r_wid[wdea5d27,multi_timeAfter]",-0.0128050648493038,0.0784437511161648,-0.0443366518597204,0.0228869737131518,-0.104187215806438,0.0674733006937466,-0.197447145639577,0.139857528828753
"memory","r_wid[wdfdc927,multi_timeAfter]",0.00863799216338921,0.087914347378091,-0.0261849643687907,0.0404927806901741,-0.0790131140224745,0.101619034903176,-0.173055246979007,0.215651913843902
"memory","r_wid[we10d2c6,multi_timeAfter]",-0.0158494672217016,0.0878328519026013,-0.0489792745276436,0.0210584789204622,-0.117553659727565,0.0679379577583202,-0.22461870201492,0.160179324023842
"memory","r_wid[we1b8e64,multi_timeAfter]",0.001093213780222,0.0818387511669759,-0.0310991197968059,0.0325730410371266,-0.0839199278116267,0.08824423375806,-0.172981372916032,0.172228900044881
"memory","r_wid[we2434bb,multi_timeAfter]",0.00900982436677491,0.0847080372685865,-0.0247019830459306,0.0400149674152779,-0.0756976400220659,0.105658260485979,-0.166017376531938,0.206564837853197
"memory","r_wid[we245fc8,multi_timeAfter]",-0.00203842692909662,0.0893727481134824,-0.0396724967085145,0.0352132746184778,-0.097935724318866,0.0962050577991884,-0.198357537546955,0.188280348168598
"memory","r_wid[we24a9dd,multi_timeAfter]",-0.0192087321286179,0.0812759020261184,-0.0518255623549417,0.018214488403144,-0.118855368844184,0.0644572659080044,-0.210060742395734,0.131277663198071
"memory","r_wid[we26c55e,multi_timeAfter]",-0.00881983741900618,0.0835178805522169,-0.0412701540370665,0.027081429888417,-0.106724777952743,0.0787980513765503,-0.192456720049372,0.156919399817935
"memory","r_wid[we38f335,multi_timeAfter]",-0.0177854529289347,0.0927652565098679,-0.0504974892371318,0.0200989207700102,-0.127764810525025,0.0707178005926935,-0.243604853460322,0.158321411207827
"memory","r_wid[we39fc55,multi_timeAfter]",-0.0444194627503516,0.0972138477089474,-0.0803194400099903,0.00633833509148888,-0.168277958462391,0.0382413754778502,-0.297204152254571,0.100350545427197
"memory","r_wid[we40084a,multi_timeAfter]",0.00765926146304364,0.0985223433244083,-0.0360600332077468,0.0493341245357693,-0.0977200003574189,0.116373286133819,-0.190512820764109,0.226243148557734
"memory","r_wid[we4edfb4,multi_timeAfter]",-0.00200138427481328,0.0896173536819198,-0.0360300813573782,0.0334876095839231,-0.0993892275137478,0.0898703952716182,-0.195712553662082,0.193181507263491
"memory","r_wid[we55dec7,multi_timeAfter]",0.0148503143509588,0.0788485214822249,-0.0186213067019009,0.0428243014400561,-0.0619622553336857,0.105843922707937,-0.138350720256474,0.196368450552561
"memory","r_wid[we58a710,multi_timeAfter]",0.00773649740230296,0.0920180568362454,-0.0287137567192758,0.0447318399010601,-0.0887789674764059,0.110014073062419,-0.185588514009394,0.213904913465849
"memory","r_wid[we824ff2,multi_timeAfter]",0.0405992748658882,0.0986261830393752,-0.00903111665304796,0.075166996993182,-0.0445805519884893,0.165006436718331,-0.117504084240742,0.28508591688323
"memory","r_wid[we83fa8f,multi_timeAfter]",0.0426588380936536,0.094298806589776,-0.00665545074805864,0.0811018761905456,-0.0434590781088727,0.15870684636929,-0.108480739576691,0.286088065977081
"memory","r_wid[we90925d,multi_timeAfter]",-0.00521040853970976,0.0827560838617136,-0.0379089259687561,0.0293271256053339,-0.0972001735510574,0.0808304966338595,-0.192013390872753,0.170417654997752
"memory","r_wid[we9631be,multi_timeAfter]",-0.0381336217081736,0.0998244156912899,-0.076143546400922,0.0123636829677477,-0.163248439780817,0.0541374892555317,-0.305794423211507,0.122242175781353
"memory","r_wid[we9754da,multi_timeAfter]",0.0275454373894477,0.0840864295887944,-0.011192552854581,0.0600771497218569,-0.0501914928637347,0.129484273892214,-0.11930736709488,0.233482465499521
"memory","r_wid[wea09e5e,multi_timeAfter]",0.0053931087777738,0.08600008439546,-0.0288111989347268,0.0372206225478474,-0.0818888389449209,0.0990443005122683,-0.171478455044869,0.198185216639214
"memory","r_wid[wea8ef8e,multi_timeAfter]",0.00129973822725093,0.0876587163189728,-0.0326195480667334,0.0339634832767778,-0.0901787235098102,0.0946118733576728,-0.186815657470744,0.192922387562906
"memory","r_wid[webf5097,multi_timeAfter]",0.0140040221475371,0.0860844671482052,-0.0222883360306272,0.0452687395332302,-0.0733338079682015,0.112317042372827,-0.152517424244878,0.218759748354776
"memory","r_wid[wed3d878,multi_timeAfter]",-0.00638139305075771,0.0875343878278001,-0.0391462688804116,0.0257575140935905,-0.100243264608365,0.0855526655382402,-0.199375466016512,0.183494993933488
"memory","r_wid[wee338ab,multi_timeAfter]",0.0170469006149873,0.0806992170965458,-0.0175904579848547,0.0477198163257382,-0.0603733119271658,0.110904150473793,-0.140654115755015,0.213023835967493
"memory","r_wid[wf2f2835,multi_timeAfter]",0.00983668826521311,0.0857813034945844,-0.0263317283553661,0.0389120719428991,-0.079530833557577,0.108010057401046,-0.154419292205841,0.21325831734585
"memory","r_wid[wf456a28,multi_timeAfter]",0.0234659554810345,0.0859085901409574,-0.0146942746423867,0.0537361556027024,-0.0552144005095671,0.120923878111226,-0.131435129439478,0.237877654649264
"memory","r_wid[wf469935,multi_timeAfter]",0.0189936231808845,0.0853956220517133,-0.0187729839253022,0.0533128146613833,-0.0617488087467102,0.120185824108733,-0.138133046146515,0.223864715981103
"memory","r_wid[wf537da7,multi_timeAfter]",0.00115810237750832,0.0742995605604716,-0.0288379932122247,0.030949784133005,-0.0791568029893393,0.0798768910038495,-0.159493315788823,0.169819983827287
"memory","r_wid[wf60f9d4,multi_timeAfter]",-0.0264025858640638,0.0885523150727646,-0.0580844783903409,0.0146520181851905,-0.135037649387596,0.0548484242997117,-0.250690696125021,0.131385055846234
"memory","r_wid[wf63b737,multi_timeAfter]",0.00477073574158081,0.0825576475807367,-0.0314877576936212,0.0382153859710402,-0.0843393284800281,0.0994917805779812,-0.163817452080393,0.192931409250117
"memory","r_wid[wf63c50b,multi_timeAfter]",-0.012348674020329,0.0903424280007541,-0.0451164925643275,0.0257112898370037,-0.115104975700671,0.0765814384686971,-0.222505659059803,0.158960756979399
"memory","r_wid[wf646ea3,multi_timeAfter]",-0.0686604173700063,0.122813221499564,-0.111953450803923,0.00272701697743892,-0.225686545124286,0.032973742764919,-0.39345505509123,0.086502216769372
"memory","r_wid[wfbb00e1,multi_timeAfter]",-0.00285210140267142,0.0849415950135585,-0.0334545825368734,0.0299127908155911,-0.0927619937511086,0.0853183528816104,-0.192536874173292,0.172257278084413
"memory","r_wid[wfd8b568,multi_timeAfter]",0.00957225540094188,0.0877121445791666,-0.0257453263323369,0.0394002047100949,-0.0763727396055387,0.104558704642104,-0.164933198069307,0.209183755308054
"memory","r_wid[wffba7a1,multi_timeAfter]",0.0166368715902975,0.0851127576459046,-0.0197707170744736,0.0471636014437868,-0.062929198964296,0.112748779804703,-0.148568148940478,0.209217971269072
"memory","r_wid[w0198d08,n_total_memories_shown:multi_timeAfter]",-0.0065898471615132,0.0227838636807103,-0.0170767355873444,0.00556415397877484,-0.0350205455860358,0.0170813783507667,-0.0603826051847365,0.0336749458752847
"memory","r_wid[w01da968,n_total_memories_shown:multi_timeAfter]",0.00306826239461725,0.0243480371145366,-0.00863324650990352,0.0145303088544927,-0.0238767136063366,0.0324418251158672,-0.0469738516053424,0.0559609214858253
"memory","r_wid[w022dd5a,n_total_memories_shown:multi_timeAfter]",0.0115213113485801,0.023870125011822,-0.00187981216434361,0.0232749943355522,-0.0130440526468785,0.0426795102076065,-0.0293108299507955,0.0689003975626775
"memory","r_wid[w02461c5,n_total_memories_shown:multi_timeAfter]",-0.00759181916534659,0.026434506967592,-0.0197910506431089,0.00486046070556854,-0.0395749789519255,0.019452477329476,-0.0681716921773471,0.0440627104581447
"memory","r_wid[w05ede5c,n_total_memories_shown:multi_timeAfter]",-0.0056598651818428,0.0233998519951539,-0.0167416129604717,0.00652087658538832,-0.035118540658868,0.0190316365256954,-0.0603947488593465,0.0363319007967622
"memory","r_wid[w05f4989,n_total_memories_shown:multi_timeAfter]",-0.000450619220404516,0.0236485194084074,-0.0111913781170379,0.0111878283709791,-0.028386011774179,0.0266345447809253,-0.0511115091538073,0.0486264001842707
"memory","r_wid[w060c642,n_total_memories_shown:multi_timeAfter]",0.00812815255662847,0.0229870285163281,-0.00373502467780402,0.0197374454529685,-0.0160925466671375,0.0368914513255138,-0.0352080640239717,0.0588707496107442
"memory","r_wid[w06d51ce,n_total_memories_shown:multi_timeAfter]",0.00154252697593705,0.0238250595631164,-0.00963053491004819,0.0114399345726174,-0.0241686339611706,0.0288142678926546,-0.0479174383826766,0.0545990341876232
"memory","r_wid[w07271cc,n_total_memories_shown:multi_timeAfter]",-0.0165202270938313,0.0275294898696954,-0.0303950364972762,0.000188506374706565,-0.0514141289691131,0.0107834144355316,-0.082878713959027,0.0314237377197741
"memory","r_wid[w07f26c1,n_total_memories_shown:multi_timeAfter]",0.00699943655543353,0.0250755714285914,-0.00561901060170477,0.0185832538087909,-0.0184642668913442,0.037837477869692,-0.0402033185020304,0.0627388887552576
"memory","r_wid[w08f65eb,n_total_memories_shown:multi_timeAfter]",0.00353298863441656,0.0241508202505805,-0.00756837453397236,0.0149995453439552,-0.023512500300333,0.0327120349945414,-0.0467929217698987,0.0547384572272192
"memory","r_wid[w0a25e9c,n_total_memories_shown:multi_timeAfter]",-0.014547687558949,0.0265929787463022,-0.0267746567571532,0.000839153246010618,-0.0471844466577157,0.0112221887368194,-0.0796569757420941,0.0299013566024021
"memory","r_wid[w0b0ec85,n_total_memories_shown:multi_timeAfter]",0.000790763601158107,0.0254297435657671,-0.0117129141338945,0.0125306781229413,-0.0278352234870562,0.0314038789002564,-0.051460585221543,0.0547825077717505
"memory","r_wid[w0b3246f,n_total_memories_shown:multi_timeAfter]",-0.00801245353680115,0.0246164376181755,-0.0204748778911767,0.00431830011096346,-0.0383533053349062,0.0178866620756388,-0.0652166256006705,0.0377750817754153
"memory","r_wid[w0baed73,n_total_memories_shown:multi_timeAfter]",0.000862222806406239,0.0248901961965892,-0.0104069402233463,0.0115027014784308,-0.0269156229675754,0.0297824396763673,-0.050085696630258,0.0548330299192636
"memory","r_wid[w0c031fe,n_total_memories_shown:multi_timeAfter]",0.0115387837292137,0.024921151265424,-0.00216024555842118,0.0233526885948333,-0.0131478946297957,0.0436569939529882,-0.0321063218681445,0.0705040285005781
"memory","r_wid[w0d04a41,n_total_memories_shown:multi_timeAfter]",-0.0107787881190959,0.0258895032786011,-0.0234718269669058,0.00316008173122264,-0.0436539382993944,0.0156179240058045,-0.0726685713857496,0.0367502067785277
"memory","r_wid[w0d62ec5,n_total_memories_shown:multi_timeAfter]",0.00127691353205047,0.024789709794135,-0.00964067575266492,0.0131898525556914,-0.0276696097421572,0.0297683040923109,-0.0515902093606537,0.0528234951139998
"memory","r_wid[w0db2e6f,n_total_memories_shown:multi_timeAfter]",0.00406280071491644,0.0261345966788014,-0.00865968838982744,0.0159951461690004,-0.0240217273881028,0.0341256102831886,-0.0494114937233833,0.0627407250337485
"memory","r_wid[w0ef0b67,n_total_memories_shown:multi_timeAfter]",-0.00208311810632918,0.02580448931198,-0.0123035627265708,0.0100726298102275,-0.0312466973806546,0.0248911539068825,-0.0620494883877073,0.048740940775222
"memory","r_wid[w0fd8c2c,n_total_memories_shown:multi_timeAfter]",-0.00549410510226984,0.0244837922193727,-0.0168256494950491,0.00648185304289979,-0.0342756921146761,0.0208139260297222,-0.0621680056256357,0.0417550369800163
"memory","r_wid[w10f7bc5,n_total_memories_shown:multi_timeAfter]",0.00572119000346543,0.0263681863986344,-0.00689334579191394,0.0185595794899812,-0.0218368731027104,0.0371104794698563,-0.0470246988943259,0.0646179354058139
"memory","r_wid[w11538ef,n_total_memories_shown:multi_timeAfter]",-0.00320876151722329,0.024633850221569,-0.0148194507558088,0.00898434080944502,-0.03198980158983,0.0237052259671554,-0.0568377305149241,0.0474378305349557
"memory","r_wid[w117e095,n_total_memories_shown:multi_timeAfter]",-0.00123318144658524,0.0254675300460299,-0.0126280830916411,0.0101964714938298,-0.0298812448570523,0.0264110627659757,-0.0567223343311169,0.0515692923613105
"memory","r_wid[w13e388b,n_total_memories_shown:multi_timeAfter]",0.0128165726490345,0.0267387351731199,-0.0019137382717123,0.024741832010172,-0.0131230626192006,0.0483176163756823,-0.0315961713250696,0.078963878621666
"memory","r_wid[w14cb402,n_total_memories_shown:multi_timeAfter]",0.00714404633586297,0.0277947319966464,-0.00685667808054332,0.0206307393445493,-0.0236595917019608,0.0403744914510381,-0.0483365949651813,0.0673435492442161
"memory","r_wid[w1571d58,n_total_memories_shown:multi_timeAfter]",-0.0135038050866065,0.02689808197034,-0.0266301245697565,0.00207396806082028,-0.0476016772362707,0.0127654341164791,-0.0763406370272167,0.0302798682577837
"memory","r_wid[w1629b0b,n_total_memories_shown:multi_timeAfter]",0.00092662131694092,0.0242369540375659,-0.010693520181895,0.0120238179383536,-0.0262380844460849,0.0293522805774303,-0.0494620898545967,0.0530388826723759
"memory","r_wid[w16b46ff,n_total_memories_shown:multi_timeAfter]",-0.000808999667000871,0.0246252370112015,-0.0123112403979467,0.0105671045652538,-0.0286920289627581,0.0265892194040705,-0.0539652043769167,0.0517538271043308
"memory","r_wid[w182a5f6,n_total_memories_shown:multi_timeAfter]",0.00138046208313618,0.0259826875744803,-0.0104542090623272,0.0139472166969266,-0.0274556173067287,0.0312715049616428,-0.0528591637594156,0.0559249773437815
"memory","r_wid[w19d0170,n_total_memories_shown:multi_timeAfter]",-0.00569240788141131,0.0237327710600053,-0.0167876577785159,0.00596110475732512,-0.0348166069080533,0.0203833710185755,-0.0579708403941931,0.0387002614323011
"memory","r_wid[w1d52e8b,n_total_memories_shown:multi_timeAfter]",0.00573440131493093,0.0252999294447057,-0.00650407239619197,0.0183966016291923,-0.0214400122548666,0.0366685825437443,-0.0452685795088038,0.0609046230339803
"memory","r_wid[w1d9c2fb,n_total_memories_shown:multi_timeAfter]",-0.00584205296870855,0.0227627492939601,-0.0169827405944335,0.00547213547088356,-0.0334972005572719,0.0197878630188708,-0.0588859987229043,0.0407549006559026
"memory","r_wid[w1eadd53,n_total_memories_shown:multi_timeAfter]",-0.00109319342467139,0.0228350744140423,-0.0116561769703791,0.00901536795331293,-0.0275528481248195,0.0245831492254883,-0.0502680379571994,0.0482777663177595
"memory","r_wid[w1ef67ab,n_total_memories_shown:multi_timeAfter]",-3.54809808157834e-06,0.0245490744332005,-0.0109675474523367,0.0115281102786136,-0.0279451844095739,0.0272331559109122,-0.0552201417956888,0.0496290095677712
"memory","r_wid[w227f955,n_total_memories_shown:multi_timeAfter]",0.00390957685346788,0.0254359712077458,-0.00787522821757956,0.0155206365319725,-0.0218279627874463,0.0332327795436815,-0.0461605361689907,0.0608390026863919
"memory","r_wid[w245142a,n_total_memories_shown:multi_timeAfter]",0.0118318962036631,0.0264274286430887,-0.00278304711386246,0.0236394105728898,-0.0141514348095406,0.0464636249252334,-0.0327554101774413,0.0761205551652305
"memory","r_wid[w2457106,n_total_memories_shown:multi_timeAfter]",-0.00394490333477527,0.0222649338260246,-0.0144270057944283,0.00635239588894156,-0.0300339421998659,0.0207497659448003,-0.054325786271433,0.0403313301992447
"memory","r_wid[w249e8ce,n_total_memories_shown:multi_timeAfter]",-0.00914545310415212,0.023334848409536,-0.020126400151211,0.00363770372158467,-0.0389261214030666,0.0142869660694856,-0.0646907589233031,0.0315544609250305
"memory","r_wid[w277fccf,n_total_memories_shown:multi_timeAfter]",-0.00484701900923181,0.0243577282394439,-0.0162396558194367,0.00669719811985135,-0.0326816975750601,0.0214659581070769,-0.059885847322014,0.0435387702193515
"memory","r_wid[w27e1de9,n_total_memories_shown:multi_timeAfter]",-0.0065031731276464,0.0241133644345972,-0.0178358818360383,0.00490865278042269,-0.0352147929115809,0.0193700449846792,-0.0600661085564037,0.0410977899177049
"memory","r_wid[w2991322,n_total_memories_shown:multi_timeAfter]",-0.00779895043882234,0.0258508112742165,-0.0195145579220491,0.0046158181348699,-0.038892090876605,0.0182167900437404,-0.0670739843991064,0.0406117679526117
"memory","r_wid[w299c268,n_total_memories_shown:multi_timeAfter]",-0.00217074314099108,0.0236415889631662,-0.0144796356409489,0.00904413332752141,-0.0297126719141475,0.0248046219423429,-0.0508937522657968,0.0495069792608924
"memory","r_wid[w29ed098,n_total_memories_shown:multi_timeAfter]",0.010427615496759,0.0260282187082575,-0.0031288385111059,0.0230422124575782,-0.0161718615709589,0.0427636370683823,-0.035929292063255,0.0714118437324881
"memory","r_wid[w2a7296e,n_total_memories_shown:multi_timeAfter]",0.00353524201890205,0.0259333099505941,-0.00825883755461367,0.0154921196221017,-0.0256298773462574,0.0334885351109129,-0.0510444349606033,0.0617646515536244
"memory","r_wid[w2bc0b21,n_total_memories_shown:multi_timeAfter]",-0.00826954942660645,0.0255377388909591,-0.020982169226522,0.00523127315260848,-0.0406453733705886,0.0174363657299801,-0.0665634248525896,0.0387278377902082
"memory","r_wid[w2c1f2f7,n_total_memories_shown:multi_timeAfter]",0.003722859706089,0.0247757432495103,-0.00846698354643697,0.0151951393196647,-0.023593608801524,0.0338067913330373,-0.0447489223668814,0.0584216504129707
"memory","r_wid[w2c75db7,n_total_memories_shown:multi_timeAfter]",0.000730366875211778,0.024188388682882,-0.010993683073131,0.011998401002013,-0.0261135812352758,0.0289066008176794,-0.0503051912686,0.0519225934284787
"memory","r_wid[w2cb5760,n_total_memories_shown:multi_timeAfter]",-0.00475302076988777,0.0269718060630361,-0.0170446519736581,0.00812102087016809,-0.0370200196193153,0.0249566500529562,-0.0663364762495101,0.047848346937437
"memory","r_wid[w3002e39,n_total_memories_shown:multi_timeAfter]",0.00235778342733525,0.0232487176348461,-0.00923419610266311,0.012663321466242,-0.0229049556018186,0.0298373570148531,-0.0433996568346349,0.0566101932468749
"memory","r_wid[w308aa07,n_total_memories_shown:multi_timeAfter]",0.000648802893038782,0.0263647857254913,-0.0111112377500294,0.0120073038185699,-0.027680488367965,0.0306853155540516,-0.056141430139708,0.0571145961133158
"memory","r_wid[w30e05e4,n_total_memories_shown:multi_timeAfter]",0.00603411002625012,0.0243976465635368,-0.00625307036806994,0.017148861470622,-0.0196286467967859,0.0356076829152583,-0.0395147884513543,0.0636472014480652
"memory","r_wid[w311c43d,n_total_memories_shown:multi_timeAfter]",-0.00601404444873097,0.0235994066349197,-0.0166480154658981,0.00541678621933129,-0.0352837232826741,0.0184221028910051,-0.0593282861479953,0.0407859980130449
"memory","r_wid[w313d7aa,n_total_memories_shown:multi_timeAfter]",0.00949402681550179,0.026875274747273,-0.004332486157469,0.0231474369276877,-0.0186199708198669,0.0431637125077533,-0.0420689522711913,0.0700337458340656
"memory","r_wid[w31b60c3,n_total_memories_shown:multi_timeAfter]",-0.00112295354936199,0.0251157895065501,-0.0116692756042778,0.0104626384899759,-0.0290182411760498,0.0256842360477709,-0.0562927850892938,0.049319881752269
"memory","r_wid[w3327d2a,n_total_memories_shown:multi_timeAfter]",0.00616960841388297,0.0246812146527652,-0.00527799339381927,0.0172407343734638,-0.0195175889367881,0.0359476000622648,-0.04377868726222,0.0634001727357194
"memory","r_wid[w35dbe71,n_total_memories_shown:multi_timeAfter]",-0.0118750722982308,0.0261717923434676,-0.0246064430892083,0.00233096978267811,-0.0446722616565599,0.0148394895909344,-0.0748177928472203,0.0331867844025352
"memory","r_wid[w365c8db,n_total_memories_shown:multi_timeAfter]",-0.00237406975154873,0.0251984511453199,-0.0139376136155741,0.00900915568344034,-0.0311506127095963,0.0252762519938282,-0.0590947867649904,0.0505181640377023
"memory","r_wid[w367fa57,n_total_memories_shown:multi_timeAfter]",0.0060711973452851,0.0230710470760796,-0.00508710170104909,0.0160113244789356,-0.0180990201354567,0.0341967725614112,-0.0372543955288703,0.0584537185514696
"memory","r_wid[w36b3d2f,n_total_memories_shown:multi_timeAfter]",-0.00708910690901464,0.0252610390355393,-0.0196580542170674,0.00497207438243952,-0.0364501920594261,0.0203993437574648,-0.0628180430779186,0.0437436857126772
"memory","r_wid[w383e1fe,n_total_memories_shown:multi_timeAfter]",0.00344814619811508,0.0242061396517339,-0.00765326846057805,0.014356394754889,-0.0224072999372578,0.031706136344212,-0.0461325637046725,0.056600429421104
"memory","r_wid[w38a9dbf,n_total_memories_shown:multi_timeAfter]",-0.00049384403016352,0.0222261065592359,-0.010506760827596,0.0106261092998463,-0.0265370218743646,0.0246424816601312,-0.0501784857316683,0.0430924029990298
"memory","r_wid[w397496b,n_total_memories_shown:multi_timeAfter]",-0.00619277094536928,0.0262587630196447,-0.0195276211484283,0.00649866466750115,-0.0383797528387422,0.0236621996179756,-0.0628718425413761,0.0485302305823386
"memory","r_wid[w3acba24,n_total_memories_shown:multi_timeAfter]",-0.0104689603500904,0.0251631660367773,-0.0229484526331444,0.00284454404543364,-0.0421581299502165,0.0161908662637535,-0.0687694484018875,0.0364351738976533
"memory","r_wid[w3b16ba3,n_total_memories_shown:multi_timeAfter]",0.000620019056635735,0.0253114884328963,-0.0111200370153461,0.0120850837199114,-0.0280667015577756,0.0291917942243712,-0.052224717450404,0.0548110876548663
"memory","r_wid[w3c1c747,n_total_memories_shown:multi_timeAfter]",0.00428799135206149,0.0233994111909976,-0.007121274938419,0.0146745698869311,-0.0204433226732588,0.0321194731593281,-0.0427197182664745,0.0590697531307252
"memory","r_wid[w3c538ad,n_total_memories_shown:multi_timeAfter]",0.0107902624121596,0.0261653768974753,-0.00302211917128719,0.0225076967438025,-0.0152816182179894,0.0430880367505133,-0.0368588299670193,0.0726581463495262
"memory","r_wid[w3d5caa9,n_total_memories_shown:multi_timeAfter]",-0.0106241458390477,0.0270418878683923,-0.0235137289060782,0.00332935409892297,-0.0437796676640676,0.0160845895677768,-0.0734234858374288,0.0416389663425379
"memory","r_wid[w3f5fa74,n_total_memories_shown:multi_timeAfter]",-0.0030387539235638,0.0242277347666977,-0.0138624627329699,0.00858052344099293,-0.0314340030934874,0.0246451727717007,-0.0592779718005226,0.0458289010552958
"memory","r_wid[w3fb3b5b,n_total_memories_shown:multi_timeAfter]",-0.00410560449999989,0.0245592756573192,-0.0154635385915115,0.00757529206554515,-0.0327978171470103,0.0229741187314271,-0.0593955761556215,0.0469120134113202
"memory","r_wid[w3fc2d2c,n_total_memories_shown:multi_timeAfter]",-0.0112535041699924,0.0258519255393388,-0.0230927465622307,0.00321085764991867,-0.0446182962667945,0.0147021116143605,-0.0744557238567147,0.0335733822041387
"memory","r_wid[w3fdf5b1,n_total_memories_shown:multi_timeAfter]",-0.0118269625660276,0.0257478746734981,-0.0242388181298213,0.00212142481845802,-0.0451857146462719,0.0138279202929037,-0.0735462119884775,0.0319860371809564
"memory","r_wid[w409b474,n_total_memories_shown:multi_timeAfter]",0.0189375436628562,0.028151989554608,0.000651585807575095,0.032521636132785,-0.00798466534910043,0.0551306716897802,-0.0225864039859457,0.0882556037560011
"memory","r_wid[w4400cbf,n_total_memories_shown:multi_timeAfter]",-0.0119936720872993,0.0261893418523454,-0.0242732904890211,0.00184570351779058,-0.0456869384266543,0.0136272310815807,-0.074853631915118,0.0365017109328608
"memory","r_wid[w44c6cc9,n_total_memories_shown:multi_timeAfter]",-0.00472479442701613,0.0236886225413376,-0.0160011040418886,0.00712112944501446,-0.0335682550790412,0.0220589436399343,-0.0576985990243815,0.0418372207332201
"memory","r_wid[w44f5ace,n_total_memories_shown:multi_timeAfter]",0.00375119412445871,0.0278474821709373,-0.00855978547899879,0.0169236074707334,-0.0269566405349126,0.0353759287139124,-0.0525819969327207,0.0646938675911917
"memory","r_wid[w479605b,n_total_memories_shown:multi_timeAfter]",0.00515540647546883,0.0253002037664507,-0.00692986509606627,0.0166231422548465,-0.0209182216023037,0.0348911406620529,-0.0465753786677516,0.0640595092349304
"memory","r_wid[w496c8be,n_total_memories_shown:multi_timeAfter]",0.0110394865160891,0.0288542675785157,-0.00306979670144679,0.024092016712528,-0.0187081969650214,0.0466200133973064,-0.0436151449680135,0.0781739543077448
"memory","r_wid[w49d88d0,n_total_memories_shown:multi_timeAfter]",-0.000896911679352447,0.0226729354929547,-0.0114996147695074,0.010015099797674,-0.0270979063074755,0.0240115191440078,-0.0497439897865645,0.046828567426042
"memory","r_wid[w4a66ba2,n_total_memories_shown:multi_timeAfter]",0.0119518200754899,0.0267691426970706,-0.00214743692690667,0.025228363739248,-0.0160298428478451,0.0452547454938694,-0.0374633355249163,0.072962360880258
"memory","r_wid[w4a907eb,n_total_memories_shown:multi_timeAfter]",0.00399789321798058,0.0238240688332898,-0.00754603891402166,0.0154637176416054,-0.022013463364509,0.0325585126045348,-0.0433878662801816,0.0577003672324669
"memory","r_wid[w4b6424d,n_total_memories_shown:multi_timeAfter]",-0.00767991710012448,0.023541543036852,-0.0196272719402644,0.00442036169733013,-0.0367712941548866,0.0174801079508747,-0.0603259235240366,0.0374957164355461
"memory","r_wid[w4bf9dec,n_total_memories_shown:multi_timeAfter]",-0.00492933053851562,0.0251024489772018,-0.0167876814860428,0.00783850187200993,-0.0351941436824307,0.021968085074563,-0.0622213232837004,0.0434255981965352
"memory","r_wid[w4c2a923,n_total_memories_shown:multi_timeAfter]",0.00478204092985709,0.0252515319544186,-0.00682612745914133,0.0178449338816099,-0.0236136101416276,0.0351086124296574,-0.0492396828807221,0.0578980817405839
"memory","r_wid[w4cc863f,n_total_memories_shown:multi_timeAfter]",-0.000637350365297214,0.0250311013245367,-0.012807808899635,0.0108522454995929,-0.0283526708287075,0.0291281470553839,-0.0514643134401452,0.0533631668978268
"memory","r_wid[w4ccf510,n_total_memories_shown:multi_timeAfter]",-0.00487309537001188,0.0249126991156952,-0.0169528351784448,0.00678911247668062,-0.0343721607635311,0.0223683038117692,-0.0586675709139983,0.0472040099845059
"memory","r_wid[w4db7ccb,n_total_memories_shown:multi_timeAfter]",-0.0155960860965225,0.0258816972973649,-0.029064403399257,0.000487166155653914,-0.0510220385606533,0.00949689171609885,-0.0770667337024371,0.0252830530062612
"memory","r_wid[w4dce7b5,n_total_memories_shown:multi_timeAfter]",0.00245031582551074,0.0251504790072958,-0.00959718574221273,0.0142023923893877,-0.0253390354378023,0.0316387449067365,-0.0518238454413966,0.0576631011997174
"memory","r_wid[w4dd7b34,n_total_memories_shown:multi_timeAfter]",0.00016051010598142,0.0235981454805645,-0.0109144979241128,0.0117930371391184,-0.0274566903230208,0.0269081805461958,-0.0525375531846827,0.0503069546408059
"memory","r_wid[w4ed0320,n_total_memories_shown:multi_timeAfter]",0.0101904252090538,0.0264738216947651,-0.00352875261038519,0.0220830392886997,-0.0161666566773908,0.0430225833221977,-0.0352536374679653,0.0739436172800896
"memory","r_wid[w504748f,n_total_memories_shown:multi_timeAfter]",-0.0203412833201964,0.0295633854190354,-0.036333611943297,-0.00108759451181363,-0.0596180054692185,0.00933743211328792,-0.0907560249798803,0.0288739042319947
"memory","r_wid[w5092120,n_total_memories_shown:multi_timeAfter]",-0.0109883354921244,0.0278956413589222,-0.0229174047482439,0.0042663749646217,-0.047024329165475,0.0165054062697589,-0.0809447213637597,0.0349229193908139
"memory","r_wid[w50c12e5,n_total_memories_shown:multi_timeAfter]",-0.00271173328617008,0.024885587414072,-0.0143864880078376,0.00903404118263767,-0.0317399282578111,0.0251979505450457,-0.0543851132571554,0.0495745923565319
"memory","r_wid[w51664f0,n_total_memories_shown:multi_timeAfter]",-0.00295891332874516,0.0250225890262028,-0.0145237845407065,0.00858889830000181,-0.030992582831551,0.0244261437700312,-0.0565489593024161,0.0475814559327199
"memory","r_wid[w53209bb,n_total_memories_shown:multi_timeAfter]",0.00102588514264906,0.0235784614879416,-0.00946986475216314,0.012004466456468,-0.0250937637530814,0.0275399675285475,-0.0484441978661764,0.0521927245875638
"memory","r_wid[w53b40c8,n_total_memories_shown:multi_timeAfter]",0.00899241418031877,0.0255847638636932,-0.00395792853645717,0.021515208946784,-0.0180810369929066,0.040371492660428,-0.040077656082626,0.0685844101467201
"memory","r_wid[w54c2956,n_total_memories_shown:multi_timeAfter]",0.00847808561159992,0.0253050816545843,-0.00423751951967607,0.020215916476218,-0.0171575569341365,0.0395029409833625,-0.0388952766088549,0.0685841369967662
"memory","r_wid[w5685230,n_total_memories_shown:multi_timeAfter]",0.00785082874589094,0.0247695971381964,-0.00485213974399067,0.0193076442214092,-0.0166027565513849,0.0380250929976253,-0.0363760497133959,0.06607979945621
"memory","r_wid[w56b42b0,n_total_memories_shown:multi_timeAfter]",-0.00396296461084415,0.0258508906246474,-0.0154447284726496,0.00815670653655405,-0.0343760511663523,0.0232871199173091,-0.0626648139768997,0.0461580722549823
"memory","r_wid[w580c449,n_total_memories_shown:multi_timeAfter]",-0.0100201684539728,0.0263235301356263,-0.0226994609727532,0.00339192164548632,-0.0431454321210932,0.0174716097190892,-0.072463569718572,0.0379663018603816
"memory","r_wid[w593f4a8,n_total_memories_shown:multi_timeAfter]",0.00842712832408777,0.0263326455538958,-0.00448043450302471,0.0203573430683505,-0.0179531509786168,0.0405098041524479,-0.0386162449835837,0.06805284531254
"memory","r_wid[w59b3a22,n_total_memories_shown:multi_timeAfter]",-0.0259763924906446,0.029966748173138,-0.0424786426284384,-0.00398147317412625,-0.0663911675365119,0.00369241965466268,-0.100096917522182,0.0175035100294188
"memory","r_wid[w59c9d33,n_total_memories_shown:multi_timeAfter]",-0.00330925621511405,0.0208199224743918,-0.0136024362333957,0.00680757822211556,-0.0284660382920971,0.0196857624108212,-0.0500303922568412,0.0393306085817814
"memory","r_wid[w5ab5786,n_total_memories_shown:multi_timeAfter]",0.00141083448494906,0.0258641326895444,-0.0103584527157234,0.0129633836066804,-0.0275932940701485,0.0305834063870203,-0.0511054902658704,0.056795820262111
"memory","r_wid[w5d6df14,n_total_memories_shown:multi_timeAfter]",-0.0165590626761152,0.0281925555284162,-0.0318512445711944,0.000534785615179687,-0.0542633863736055,0.0119355377090868,-0.0817614631746087,0.0319553156125205
"memory","r_wid[w5ec388a,n_total_memories_shown:multi_timeAfter]",0.00191171656951558,0.0263578461136578,-0.0106564625255303,0.0139538787133707,-0.0272800333755198,0.0324682958621125,-0.0536886288388905,0.0626427555400513
"memory","r_wid[w5f010fa,n_total_memories_shown:multi_timeAfter]",-0.00954251480578106,0.0266833750229846,-0.0210891579748985,0.00383943859696202,-0.0423017077576035,0.0166018308971481,-0.0759414920583792,0.0382905252382925
"memory","r_wid[w5f68d79,n_total_memories_shown:multi_timeAfter]",-0.002841149672953,0.0256680935522796,-0.0149280870942135,0.00954093410635386,-0.0332426834308233,0.0266930561057246,-0.0585784742845729,0.049777821884559
"memory","r_wid[w5fb19e8,n_total_memories_shown:multi_timeAfter]",-0.00349845224836298,0.0242846049450217,-0.0147881600992179,0.00798916041305824,-0.0319628126030185,0.0226377424396592,-0.0577654623102469,0.0462581547188246
"memory","r_wid[w601970c,n_total_memories_shown:multi_timeAfter]",-0.000205619288761,0.0251149160399776,-0.0122764452061528,0.0115207808899401,-0.0288471617433106,0.0287486901515431,-0.0528022505934615,0.0561205036919989
"memory","r_wid[w605fd50,n_total_memories_shown:multi_timeAfter]",0.00572052983827474,0.0250794451112048,-0.00641158468535509,0.0165228896137084,-0.019314409825728,0.0361870065124059,-0.0431081829394818,0.062649396284711
"memory","r_wid[w60e6ea8,n_total_memories_shown:multi_timeAfter]",0.00697628839046687,0.024996967574256,-0.00536543437216015,0.0181187236253135,-0.0187673977840208,0.0371383417058872,-0.0396813116458876,0.0659226982850574
"memory","r_wid[w610dd08,n_total_memories_shown:multi_timeAfter]",0.00310365706430313,0.0241699837977519,-0.00860224073929482,0.0143839128599441,-0.0235048616981628,0.0313119908887504,-0.0452473163064975,0.0559819975189892
"memory","r_wid[w612200e,n_total_memories_shown:multi_timeAfter]",0.0155510645094112,0.0339419247807301,-0.00304783434342703,0.032480474940363,-0.0207707677905228,0.0577205929701688,-0.0465377549179489,0.0923701174226285
"memory","r_wid[w61b360a,n_total_memories_shown:multi_timeAfter]",-0.0135031471008055,0.0247364318699435,-0.0260191873687128,0.000857722464922038,-0.045821268543966,0.0108775307935244,-0.0711803371371425,0.0301575501796766
"memory","r_wid[w63ea659,n_total_memories_shown:multi_timeAfter]",0.0172711608768666,0.0283780854420043,-0.000271515706372809,0.0321135098521951,-0.0102035994709552,0.0531503914693117,-0.0291316783274182,0.0870430980559204
"memory","r_wid[w6849aab,n_total_memories_shown:multi_timeAfter]",-0.0143014675174495,0.0284325342721302,-0.0284022613440777,0.00166572111738558,-0.0501087850210987,0.0153742893312225,-0.0809094577834418,0.0358576188010878
"memory","r_wid[w6870249,n_total_memories_shown:multi_timeAfter]",0.0226600338009501,0.0305644172559709,0.00188074482377591,0.0376718642664779,-0.00663860003492035,0.0615329432184743,-0.0216149411777078,0.0973516487330158
"memory","r_wid[w68730bb,n_total_memories_shown:multi_timeAfter]",0.0041250259609017,0.0262458060269084,-0.00802412368487447,0.0156629145064113,-0.0244360444974674,0.0342730658560478,-0.0489989879458144,0.0614579339406052
"memory","r_wid[w68e5aed,n_total_memories_shown:multi_timeAfter]",0.00605912014368159,0.0281520671710144,-0.00842787086724177,0.0199730674385583,-0.0250028730746948,0.0405546940070207,-0.0484443989737466,0.0681176346470308
"memory","r_wid[w6a59bb5,n_total_memories_shown:multi_timeAfter]",-0.0140558430923653,0.0256710942798347,-0.0272528519693764,0.00170478545167445,-0.0476881854638469,0.0111583901252023,-0.0767755976759796,0.024521565290361
"memory","r_wid[w6bec3e7,n_total_memories_shown:multi_timeAfter]",0.00149838402414532,0.0259794046562371,-0.0109223003917922,0.0130735721752992,-0.0265434005948084,0.0309282555117327,-0.0518579293738766,0.0611655042217939
"memory","r_wid[w6cbe87c,n_total_memories_shown:multi_timeAfter]",0.0136800823757193,0.0259452211005849,-0.00124537403754963,0.026233894168165,-0.0125879716145801,0.0467523298982551,-0.0305782410117694,0.0769056559353305
"memory","r_wid[w6dd030e,n_total_memories_shown:multi_timeAfter]",-0.0122249116560903,0.026522400947007,-0.0255978289278038,0.00227694127377415,-0.0461306317814919,0.0149439270110231,-0.0740996256532698,0.0344641208685979
"memory","r_wid[w6ea0c26,n_total_memories_shown:multi_timeAfter]",-0.00481521121572299,0.0247275750594733,-0.0161063192722795,0.00729456181129043,-0.0339804908725458,0.0215665912500006,-0.0599321401097836,0.0449558886270195
"memory","r_wid[w6eb92cc,n_total_memories_shown:multi_timeAfter]",0.00462136322140731,0.026370334270722,-0.00753221544408848,0.016152791397927,-0.0240549780903162,0.0349691396905795,-0.0471223127849674,0.0633355367536927
"memory","r_wid[w7232115,n_total_memories_shown:multi_timeAfter]",-0.00293355810407335,0.0244845788145473,-0.0144807669106733,0.00904128640513791,-0.0320207425456333,0.0234912252728232,-0.0575528088053488,0.045355867296344
"memory","r_wid[w737e6e4,n_total_memories_shown:multi_timeAfter]",0.00811780313150379,0.0250597446242205,-0.00445108296719554,0.0192853725884039,-0.0167629992499317,0.0401375251448825,-0.0384978342323802,0.0643373411870106
"memory","r_wid[w768a02c,n_total_memories_shown:multi_timeAfter]",0.00290565542439761,0.0248948481846688,-0.00828130579553262,0.0137425360079509,-0.0239815751164974,0.0326666037365407,-0.0458730325264814,0.0584478669300757
"memory","r_wid[w77b72cf,n_total_memories_shown:multi_timeAfter]",-0.000767866099150757,0.0259881572209406,-0.0123524254739909,0.0114229540586894,-0.0284349901720174,0.0283145583375977,-0.0530325149096295,0.0495948729116157
"memory","r_wid[w7800d0f,n_total_memories_shown:multi_timeAfter]",0.00692380303211874,0.0287837472400608,-0.00687440873493701,0.0201999447704795,-0.0246502520056762,0.0417794453337475,-0.0511280826448561,0.0724592760808545
"memory","r_wid[w786d2f3,n_total_memories_shown:multi_timeAfter]",-0.000236376036864244,0.0214956500840771,-0.0108576131780962,0.0100966978094248,-0.024782373971883,0.0248600345332265,-0.0447511601067744,0.0448334596369373
"memory","r_wid[w7a2af65,n_total_memories_shown:multi_timeAfter]",-0.0118614984358032,0.0251833739731647,-0.022880572171179,0.00232235880511445,-0.0438664746573528,0.0129053116086813,-0.0730412790284352,0.028342554324561
"memory","r_wid[w7a38a77,n_total_memories_shown:multi_timeAfter]",0.00584271993535349,0.0234393598413978,-0.00524612699253426,0.0177813932459517,-0.0197867667631867,0.0339307951165878,-0.0423298403023676,0.0553675749848142
"memory","r_wid[w7bfe168,n_total_memories_shown:multi_timeAfter]",-0.00973834773120383,0.0242541057855889,-0.0213895609674404,0.00343926990644838,-0.040769033596453,0.0149240918829481,-0.0673369388778753,0.03503817025589
"memory","r_wid[w7dbf1a9,n_total_memories_shown:multi_timeAfter]",-0.00264220383276355,0.0249022512551031,-0.0133716384031352,0.00854136619708949,-0.0298729776794847,0.02440971006867,-0.0572145536664431,0.0478988399994587
"memory","r_wid[w7f5e428,n_total_memories_shown:multi_timeAfter]",-0.00549705358672209,0.0239123297146408,-0.0163028684529759,0.00688746259521658,-0.0362944652307935,0.0203045771035984,-0.0619100978634939,0.0385513375302361
"memory","r_wid[w7f90916,n_total_memories_shown:multi_timeAfter]",-0.00108218765341389,0.0242945770376995,-0.0118988611882126,0.010250950378298,-0.028210768161015,0.0252931561102835,-0.0537606097140308,0.0510258530694599
"memory","r_wid[w82f4ec0,n_total_memories_shown:multi_timeAfter]",-0.0127659459495473,0.0268918860217235,-0.0265259899199942,0.00170631835134607,-0.0462340021993568,0.0155749080207584,-0.0723865428441079,0.0375966490084885
"memory","r_wid[w8363ab3,n_total_memories_shown:multi_timeAfter]",0.0205638692530083,0.0300535178506601,0.000589615635381689,0.0370642006848638,-0.0104290239491818,0.0607412417044094,-0.0289491469388401,0.0932897602576937
"memory","r_wid[w83687da,n_total_memories_shown:multi_timeAfter]",0.0172230096557371,0.026027753241704,1.26987120219698e-05,0.0311665007977518,-0.00791025860438147,0.0517826665693764,-0.023857694127683,0.0801659930622592
"memory","r_wid[w8843fd3,n_total_memories_shown:multi_timeAfter]",0.00771120121065639,0.0236876417465357,-0.00452957019206764,0.0193009582186696,-0.0171865411459867,0.0371190875161864,-0.0362585157668482,0.0619310159977171
"memory","r_wid[w88c84d1,n_total_memories_shown:multi_timeAfter]",0.00740091580421131,0.0226065734275211,-0.00418406307565039,0.0187537557054653,-0.0163935937282379,0.0363392835102456,-0.0351735467153399,0.0583741468788371
"memory","r_wid[w88e738d,n_total_memories_shown:multi_timeAfter]",-0.00455171636402849,0.0243923545959153,-0.0159427289530675,0.00718768385367145,-0.0331040922004254,0.0226776788394107,-0.0598417696601626,0.0434744861313742
"memory","r_wid[w896f77a,n_total_memories_shown:multi_timeAfter]",-0.00368293688627842,0.0251711466752793,-0.0146484473032702,0.00792715600719545,-0.0321813725739333,0.0232932445970189,-0.0628111666722314,0.0458045404585832
"memory","r_wid[w8d745f1,n_total_memories_shown:multi_timeAfter]",-0.0218451728909586,0.0292095839088177,-0.0379849800042867,-0.00165937438298654,-0.0602945227917619,0.00664324137386123,-0.091130116856149,0.022458014002196
"memory","r_wid[w8de3f64,n_total_memories_shown:multi_timeAfter]",-0.00251728937418851,0.0224855205099421,-0.0134139012323428,0.00802245822493108,-0.0296632391129143,0.0226629250090013,-0.0511923072277965,0.0458076570120181
"memory","r_wid[w8e07aa1,n_total_memories_shown:multi_timeAfter]",0.00165272044695983,0.0240016241223605,-0.00917106052283672,0.0118211435289594,-0.0243408877769078,0.0287121862269728,-0.0478815831064995,0.0535781539172532
"memory","r_wid[w8efa7d8,n_total_memories_shown:multi_timeAfter]",0.0234481141973464,0.0351659536250048,0.000411864603481743,0.0402084097767793,-0.0119846482993758,0.0688481716676894,-0.0331005662219634,0.110178127530191
"memory","r_wid[w9051394,n_total_memories_shown:multi_timeAfter]",-0.00271659334362132,0.0246632757366976,-0.0131496422307393,0.00853483079522738,-0.0314853300828604,0.0233605464221989,-0.0570186451332507,0.0469121339906843
"memory","r_wid[w90f4896,n_total_memories_shown:multi_timeAfter]",-0.00403996689949488,0.0242154005359798,-0.0146845049123805,0.00760006533685607,-0.0333793629813919,0.0228666548621457,-0.0579571313338422,0.0447952759129915
"memory","r_wid[w9173175,n_total_memories_shown:multi_timeAfter]",0.00726450043529795,0.025900650962994,-0.0056417280454644,0.019691955057198,-0.0198922805830151,0.0388853705592006,-0.0402581980779239,0.0682670641568853
"memory","r_wid[w9182e0b,n_total_memories_shown:multi_timeAfter]",0.000523685064109494,0.0236903923437447,-0.0103421942633113,0.0119789679982273,-0.0271657000690246,0.0267476776997637,-0.0503618720751578,0.0485734695512335
"memory","r_wid[w924a500,n_total_memories_shown:multi_timeAfter]",-0.00979120312141157,0.0263841837743528,-0.0224001224246153,0.0039171505060841,-0.0427618645322345,0.0170486899391625,-0.0689503009800489,0.0366472086660161
"memory","r_wid[w941cd9f,n_total_memories_shown:multi_timeAfter]",0.010443401832234,0.0245949448004526,-0.0025876990027782,0.0222345267850059,-0.0144859985951222,0.0407992656693586,-0.0349502475408302,0.0696882214429295
"memory","r_wid[w95167ae,n_total_memories_shown:multi_timeAfter]",0.00618109169562789,0.0225602179122492,-0.00498686413795911,0.0164638302534122,-0.0177759795450033,0.0332919215210387,-0.0367784965548903,0.0582468897119868
"memory","r_wid[w960c4a6,n_total_memories_shown:multi_timeAfter]",0.0113188997805244,0.0249228260042789,-0.00252703159742141,0.0232380645692926,-0.0134414184691013,0.0430708424180949,-0.0292712290237602,0.0719216175617298
"memory","r_wid[w962c662,n_total_memories_shown:multi_timeAfter]",0.00299496264934505,0.0256526377271375,-0.00892486248948381,0.0154219770447107,-0.02619531139038,0.0325878050236753,-0.0515859771225131,0.0607854873607261
"memory","r_wid[w9a08173,n_total_memories_shown:multi_timeAfter]",0.00139284186684937,0.0235783104737332,-0.00958925944806475,0.0121423604024641,-0.024394040112201,0.0292514992499074,-0.0482525470395678,0.0526671894107667
"memory","r_wid[w9a0bd8d,n_total_memories_shown:multi_timeAfter]",0.0223983411481191,0.0280881419836999,0.00220933983970927,0.0378540846276796,-0.00497529625463062,0.0595351794528762,-0.0194141711576262,0.0902206394412874
"memory","r_wid[w9b641f6,n_total_memories_shown:multi_timeAfter]",-0.00466221226961026,0.0251351634722329,-0.0173149788604619,0.00777694279787366,-0.0343783242516458,0.0240261920548314,-0.0590705356978993,0.04775378693922
"memory","r_wid[w9b9abef,n_total_memories_shown:multi_timeAfter]",-0.0030807157210857,0.025138396682749,-0.0154819133099599,0.00855044377083104,-0.0321436237482653,0.0250874962999702,-0.0535542109736155,0.0493665982725989
"memory","r_wid[w9bde09f,n_total_memories_shown:multi_timeAfter]",-0.0141401375942999,0.0283780882373591,-0.0300484610966397,0.0016692661205788,-0.049385550664482,0.0157996654540486,-0.0770887178569566,0.0385524180027824
"memory","r_wid[w9cf2bd7,n_total_memories_shown:multi_timeAfter]",-0.00157827895760747,0.023213459415756,-0.0118312310405748,0.00988372822895527,-0.0300321091891203,0.0240968467068612,-0.0549179653955385,0.0451209023400577
"memory","r_wid[w9f7c438,n_total_memories_shown:multi_timeAfter]",-0.00124260943325112,0.0245241712856287,-0.0132453424002643,0.0102562904432139,-0.029807822551728,0.0266097478685088,-0.0544147573312154,0.0496333307551675
"memory","r_wid[wa022482,n_total_memories_shown:multi_timeAfter]",0.0124579813195321,0.0278296485113581,-0.00240629102521759,0.026108744191154,-0.0158517241449594,0.0465150748778006,-0.0383726814247959,0.0773579922260269
"memory","r_wid[wa136b3d,n_total_memories_shown:multi_timeAfter]",-0.00583001094522476,0.0226353604129438,-0.0165543928826908,0.00512657724565819,-0.0337084317637881,0.0186485280623633,-0.0566368633257608,0.0380358047574142
"memory","r_wid[wa1909e0,n_total_memories_shown:multi_timeAfter]",0.000818016684224666,0.0220669555942987,-0.0100382514450472,0.0119528111660844,-0.025363233065405,0.0267077424994533,-0.0458831519397328,0.0472656664247581
"memory","r_wid[wa1a03f2,n_total_memories_shown:multi_timeAfter]",-0.00228250196920458,0.0252282387221296,-0.0144592424128956,0.00891322979688931,-0.0323530323133099,0.0262703182202185,-0.0532993912580703,0.0535794847270513
"memory","r_wid[wa4fe3e4,n_total_memories_shown:multi_timeAfter]",-0.00342135857371207,0.027663536937675,-0.0168216793294015,0.00979550644696215,-0.036005480862458,0.0259021804348616,-0.0649485755832223,0.0514016459252407
"memory","r_wid[wa5817fc,n_total_memories_shown:multi_timeAfter]",0.00636592987299418,0.0234616680972073,-0.00531726771708817,0.0174632974987003,-0.0188013067899134,0.0348072453792874,-0.0396902038884941,0.0596012312983363
"memory","r_wid[wa6daa50,n_total_memories_shown:multi_timeAfter]",0.0101755243326419,0.0270584738450683,-0.00369208306338141,0.0231523263106387,-0.0177489642902218,0.0438666922690649,-0.0393089734173084,0.074524656775018
"memory","r_wid[wa79cf20,n_total_memories_shown:multi_timeAfter]",0.00850176912856493,0.0247458765944893,-0.00426562613985927,0.0199480255286306,-0.016632771650331,0.0390686799616649,-0.0358502298608267,0.0667253731123636
"memory","r_wid[wab226bf,n_total_memories_shown:multi_timeAfter]",0.00151438477612943,0.0244131283219023,-0.0103263911660942,0.0128200657959859,-0.0251999247800125,0.0299629575731237,-0.0476798587651208,0.0537094347263224
"memory","r_wid[wab70ec3,n_total_memories_shown:multi_timeAfter]",-0.00922951397751533,0.0242195604033861,-0.0211525851473886,0.00361504634087551,-0.0396714071712402,0.0153150621709606,-0.0657830816048913,0.0353018261356395
"memory","r_wid[wace8728,n_total_memories_shown:multi_timeAfter]",-0.00470182794021555,0.0250758352166599,-0.0166453272313601,0.00756307850227603,-0.0343898929998844,0.0217145218841195,-0.0595520187353566,0.046009220329695
"memory","r_wid[wad32437,n_total_memories_shown:multi_timeAfter]",0.0135075680403866,0.0280404072520499,-0.00207701483233213,0.026089597106232,-0.014377328076829,0.0491064766696143,-0.0338462216207417,0.0815499466670106
"memory","r_wid[waf52734,n_total_memories_shown:multi_timeAfter]",-0.012743336219931,0.0237376900485603,-0.0240527847106272,0.000661063991414161,-0.0417479862675681,0.0106910411969696,-0.0683858343942355,0.027735339791747
"memory","r_wid[waf9be39,n_total_memories_shown:multi_timeAfter]",-0.0108202983500455,0.0241116728453122,-0.0224964142753176,0.00239821873722176,-0.0405347626807915,0.0129589291759477,-0.0717033761731592,0.0296262158349785
"memory","r_wid[wafacea9,n_total_memories_shown:multi_timeAfter]",-0.00781936455546521,0.0275122759931474,-0.0208589539857674,0.00567672801366269,-0.0404301438720409,0.0210608081364043,-0.0722394116420374,0.0449644231101706
"memory","r_wid[wb0b75c3,n_total_memories_shown:multi_timeAfter]",-0.00222788200900605,0.024671995275241,-0.0134248012159219,0.00966464401477855,-0.0316756307672149,0.0255517581494795,-0.0578421519837652,0.0488785432404249
"memory","r_wid[wb2d9807,n_total_memories_shown:multi_timeAfter]",-0.00544263867020253,0.025376226325898,-0.0169723669513731,0.00678889522079162,-0.0370645261429356,0.0218281665441468,-0.0629740552545569,0.0446726150119467
"memory","r_wid[wb361f36,n_total_memories_shown:multi_timeAfter]",0.0115117813013155,0.0267455927156075,-0.00291735509002383,0.0252448814952745,-0.0165086601033178,0.0459874243220892,-0.0384387151558206,0.0725052072461454
"memory","r_wid[wb56c2d3,n_total_memories_shown:multi_timeAfter]",0.00875031984065462,0.0265720465087845,-0.00448465494195509,0.0215981837204448,-0.0199830448436863,0.0413464600525877,-0.0431323048025515,0.0696706479596214
"memory","r_wid[wb5c4def,n_total_memories_shown:multi_timeAfter]",-0.00282502056900403,0.0210949752070037,-0.0126378923877478,0.00755768323061536,-0.0287758209828179,0.0208076007564834,-0.050331550004788,0.0399550204156177
"memory","r_wid[wb6ad69e,n_total_memories_shown:multi_timeAfter]",-0.010558210683949,0.0225264176260879,-0.0232414245940356,0.0019686105778992,-0.0390155013836187,0.0141854589103583,-0.0589725085171323,0.0328569123794067
"memory","r_wid[wb772565,n_total_memories_shown:multi_timeAfter]",0.00456844215605504,0.025098379183925,-0.00723490727428527,0.0161608403152979,-0.0216371943831182,0.0349274778122566,-0.0481257355899145,0.0599812886957762
"memory","r_wid[wb85c4ff,n_total_memories_shown:multi_timeAfter]",0.0107789671704198,0.0264616809845687,-0.00334051470976544,0.0239634776705996,-0.0164073701345792,0.0432493798196049,-0.0360291399930529,0.0710433916781879
"memory","r_wid[wb8feabb,n_total_memories_shown:multi_timeAfter]",0.00563537207701883,0.0230746147023068,-0.00580268682051032,0.0170112138247084,-0.0190512914940764,0.033784834742189,-0.0399162962693802,0.0562408974558079
"memory","r_wid[wb966154,n_total_memories_shown:multi_timeAfter]",0.00257650238737196,0.0231026946891862,-0.00857043504825811,0.0133644891231871,-0.023354357032393,0.029544013360525,-0.0450693345711863,0.0552135581685749
"memory","r_wid[wbb74717,n_total_memories_shown:multi_timeAfter]",0.000387269033922085,0.022713735982034,-0.0107621983212505,0.0106200948319128,-0.0250716113281988,0.02669463714401,-0.0433747299501165,0.05068619924468
"memory","r_wid[wbc79189,n_total_memories_shown:multi_timeAfter]",0.0061311908675717,0.025181582689086,-0.00618158428992435,0.0174396060348248,-0.0209372801180568,0.0364367660086204,-0.0435192371345223,0.0659684427118887
"memory","r_wid[wbd0314c,n_total_memories_shown:multi_timeAfter]",-0.00478723416426273,0.0225040395202592,-0.0165385197831257,0.00682871263098036,-0.0331897468354492,0.0201706954822142,-0.0535952867247219,0.0405080751103555
"memory","r_wid[wbe2faf8,n_total_memories_shown:multi_timeAfter]",0.000277224639501318,0.0227431980159478,-0.00980626602399799,0.0117339838120175,-0.0260066632963789,0.0259440706945575,-0.0534794193995974,0.04398949385428
"memory","r_wid[wbe569b5,n_total_memories_shown:multi_timeAfter]",0.013147734325375,0.025805704775546,-0.00144389774140232,0.0248501848020447,-0.0120980162702054,0.0453232614711466,-0.0303178901725445,0.0765630912533159
"memory","r_wid[wbe9243a,n_total_memories_shown:multi_timeAfter]",-0.0040372713031078,0.0246705023140879,-0.0152181151985051,0.00742329521102559,-0.0326678217111581,0.0222922703539432,-0.0577592118964952,0.0458744709566507
"memory","r_wid[wbf1c81e,n_total_memories_shown:multi_timeAfter]",-0.00263291647463961,0.0255689344276871,-0.0135989812598665,0.0107821237175606,-0.0340477617101094,0.0258734101484538,-0.0606140500308249,0.0472706457301622
"memory","r_wid[wc097323,n_total_memories_shown:multi_timeAfter]",0.0121138189463048,0.0250529116868751,-0.00198614385605034,0.0254326351576073,-0.0128143611405066,0.0441809571277621,-0.032720497721308,0.070990155075326
"memory","r_wid[wc0a4260,n_total_memories_shown:multi_timeAfter]",-0.00215087699051064,0.0238667407678004,-0.0136729940659888,0.00957788651867571,-0.0305384005465794,0.0242250732469259,-0.055064008536749,0.0482652718081672
"memory","r_wid[wc16f522,n_total_memories_shown:multi_timeAfter]",-0.0044271894237604,0.0251815767887697,-0.0147587984770219,0.00726400433320665,-0.0346105212691839,0.0219630018526761,-0.061903391741853,0.0451480119088777
"memory","r_wid[wc263e54,n_total_memories_shown:multi_timeAfter]",-0.00873546743202618,0.02409822849985,-0.0205716842772333,0.00417623747552957,-0.0396676529039728,0.01748192236685,-0.0651387562726278,0.035788942447774
"memory","r_wid[wc294ae3,n_total_memories_shown:multi_timeAfter]",-0.000874199969913101,0.024992497603905,-0.012158334925351,0.01070597220778,-0.0288595283599593,0.0274679452817912,-0.0536908127148249,0.05073217804836
"memory","r_wid[wc43fbaa,n_total_memories_shown:multi_timeAfter]",-0.0130728773663053,0.0282690626862354,-0.027013791478195,0.0026097653232165,-0.0483926881661875,0.0166920724501894,-0.079050038768945,0.0379134089926623
"memory","r_wid[wc4c38a3,n_total_memories_shown:multi_timeAfter]",0.00705747290288099,0.0244554250071526,-0.00502637274759313,0.0186965022841632,-0.0195205716131109,0.0375882379854652,-0.0378952302099901,0.0643761393472636
"memory","r_wid[wc512962,n_total_memories_shown:multi_timeAfter]",0.00264956026456307,0.0216301798109901,-0.00792675757716882,0.0134424628792775,-0.0211295580666066,0.0283772152802204,-0.0416544934506042,0.0492552691517106
"memory","r_wid[wc54132b,n_total_memories_shown:multi_timeAfter]",-0.0178427874153022,0.0277024841171319,-0.030687262342722,-5.22701756311e-06,-0.0543591309108879,0.00822512152267471,-0.0882351261077304,0.0241965774450106
"memory","r_wid[wc55b6c8,n_total_memories_shown:multi_timeAfter]",0.000919377945505187,0.0259736835052408,-0.0114254742308335,0.0128094371273483,-0.0280453815354258,0.0320221182246987,-0.051421831463432,0.0570716677829772
"memory","r_wid[wc628bde,n_total_memories_shown:multi_timeAfter]",0.00590348504263539,0.0229337904381894,-0.0056304660621922,0.0173623369154998,-0.0173173929296161,0.0346308873928255,-0.0393844773606905,0.0549305985985535
"memory","r_wid[wc6f0e84,n_total_memories_shown:multi_timeAfter]",-0.00405766867768072,0.0242934354158667,-0.0153782743498666,0.00798161977782087,-0.0326478921215515,0.0224115923295923,-0.0576390180552657,0.0431305731186562
"memory","r_wid[wc73f4d8,n_total_memories_shown:multi_timeAfter]",-0.00590359085566361,0.0251029577430717,-0.0168212461620821,0.0065734708054969,-0.0367085307696278,0.0207408940580706,-0.0672554270732928,0.0397925473795225
"memory","r_wid[wc8b5d36,n_total_memories_shown:multi_timeAfter]",0.00724303290253287,0.0253242827740806,-0.00507926972719797,0.0179425386881002,-0.0181585335241881,0.0370357031953192,-0.0399124665105787,0.0667241285549871
"memory","r_wid[wcc033bc,n_total_memories_shown:multi_timeAfter]",-0.000560668051029342,0.0254261137656887,-0.0121305280530085,0.0108512965076004,-0.0293785520410908,0.0267764179156268,-0.0544141804106285,0.0556022452511885
"memory","r_wid[wcc15547,n_total_memories_shown:multi_timeAfter]",0.000499011604457811,0.0253562185275874,-0.0106160303837955,0.0117510949705985,-0.02768026200363,0.0296216542077459,-0.0534224842476045,0.0555413943413453
"memory","r_wid[wcc4ec90,n_total_memories_shown:multi_timeAfter]",0.00797583108347408,0.0226234101598509,-0.00421839472174822,0.0189232156352139,-0.0153001160440924,0.0362086390781178,-0.0325052334282218,0.0614869361918688
"memory","r_wid[wcd98054,n_total_memories_shown:multi_timeAfter]",-0.0104863356794111,0.0232215621209357,-0.0216261792842975,0.00247649666250814,-0.0406955408090861,0.0130405990008577,-0.0668127806239062,0.0292165554774717
"memory","r_wid[wd0724cf,n_total_memories_shown:multi_timeAfter]",-0.00515958638283841,0.0248361514289667,-0.0171973028411115,0.00722626123658264,-0.0348079434091298,0.0200863276178474,-0.0612809752787574,0.0455682718651971
"memory","r_wid[wd07cb72,n_total_memories_shown:multi_timeAfter]",0.010779736794672,0.0264474800082676,-0.00280499748515179,0.0242529071817942,-0.0170455939003014,0.042805318248982,-0.0358683446833202,0.0724309210197657
"memory","r_wid[wd20dd5c,n_total_memories_shown:multi_timeAfter]",-0.00297916918201789,0.0235371090161288,-0.0141495095242853,0.0094323707310174,-0.0313667561884657,0.0225406181000763,-0.0557825567861131,0.04292973942793
"memory","r_wid[wd238f0c,n_total_memories_shown:multi_timeAfter]",0.00404560038623577,0.0249307895039059,-0.00823769282739593,0.016104569867001,-0.0226327688175274,0.0348610892386206,-0.0472470949738292,0.0600117156421375
"memory","r_wid[wd47555e,n_total_memories_shown:multi_timeAfter]",-0.000115267485198471,0.025007072867376,-0.0123291814134275,0.0112124734892994,-0.0287736471607438,0.0285308544786171,-0.0533849977210091,0.0566701169666558
"memory","r_wid[wdab535b,n_total_memories_shown:multi_timeAfter]",0.00372663482174933,0.025156438166398,-0.00786931554251964,0.0156868512628145,-0.0252140138370356,0.0344589686656549,-0.0467623853706654,0.0603595730039764
"memory","r_wid[wdad9375,n_total_memories_shown:multi_timeAfter]",-0.000187308397727687,0.0245104161489522,-0.0112499933732292,0.0122088795757115,-0.0274616940690059,0.0278749726165256,-0.0560682099335288,0.0495816754202169
"memory","r_wid[wdd486da,n_total_memories_shown:multi_timeAfter]",0.0113174618005672,0.026243813537211,-0.00260302584035838,0.0242293736322376,-0.01609054084772,0.0435899766725418,-0.035966681529301,0.0717877127142237
"memory","r_wid[wdde7ef1,n_total_memories_shown:multi_timeAfter]",0.00778347746087936,0.0253235307472621,-0.00490722822015729,0.0197331540740067,-0.0191461226496851,0.0381782130666501,-0.0410005271798391,0.0658295058712077
"memory","r_wid[wdea5d27,n_total_memories_shown:multi_timeAfter]",0.00191641929434623,0.0247807212527708,-0.00938183993436894,0.0132208041602739,-0.0260592706452865,0.0299161986221607,-0.0501828405659408,0.0535940431890695
"memory","r_wid[wdfdc927,n_total_memories_shown:multi_timeAfter]",-0.00461653279640479,0.0244183278794816,-0.0168079177066468,0.00698987477695891,-0.0334881895673663,0.0222653294946235,-0.0563935593852445,0.0449092835757567
"memory","r_wid[we10d2c6,n_total_memories_shown:multi_timeAfter]",-0.0076878564402724,0.0266493484198238,-0.0194858940414408,0.00504553978655406,-0.0395711496218191,0.0197121187052244,-0.0671812896580209,0.0434113096483602
"memory","r_wid[we1b8e64,n_total_memories_shown:multi_timeAfter]",0.00486654173789801,0.0245254126550143,-0.00683388095617644,0.0160624892898888,-0.0219086490155279,0.0338205582374895,-0.0418707510054664,0.0607381676523318
"memory","r_wid[we2434bb,n_total_memories_shown:multi_timeAfter]",-0.000448738514064435,0.0252772196149545,-0.0123526940557321,0.0106437400615049,-0.0280927887663892,0.0282985815027697,-0.054738687950263,0.0537924855021228
"memory","r_wid[we245fc8,n_total_memories_shown:multi_timeAfter]",0.0146503553941602,0.0247582207919217,-7.29412249691825e-05,0.027365239702955,-0.00975710369448674,0.0463335163683566,-0.0277008391761373,0.0726246755998117
"memory","r_wid[we24a9dd,n_total_memories_shown:multi_timeAfter]",-0.000443080690011638,0.0258241194769419,-0.0120566315989841,0.0124547068187374,-0.0307607695670075,0.0285790607331788,-0.0564704975813155,0.0518054170320492
"memory","r_wid[we26c55e,n_total_memories_shown:multi_timeAfter]",-0.00643099500591685,0.0255705690492547,-0.0183813970012291,0.0061202669569975,-0.0377504230669858,0.0208450819317202,-0.0656591987054397,0.043176247185112
"memory","r_wid[we38f335,n_total_memories_shown:multi_timeAfter]",-0.0125067997936866,0.0269037736539628,-0.0254417305274805,0.00285858943552075,-0.0474708802477444,0.0139350831665489,-0.0762513930834054,0.0316021048828722
"memory","r_wid[we39fc55,n_total_memories_shown:multi_timeAfter]",-0.00444432523385037,0.0258456551921571,-0.0162219872782147,0.00856449201104828,-0.0356487846713277,0.0216246269518462,-0.0643446570834914,0.0462309210438847
"memory","r_wid[we40084a,n_total_memories_shown:multi_timeAfter]",-0.0155898493648807,0.0285169705635923,-0.0298562122957185,0.000715975791581845,-0.0517092015096629,0.0128859014105135,-0.0832798414108902,0.0345676945852476
"memory","r_wid[we4edfb4,n_total_memories_shown:multi_timeAfter]",-0.0126409307695412,0.0243736825747207,-0.0252101311018683,0.00127172571323081,-0.042849471388038,0.0120357188435902,-0.0698533977142478,0.0294845111047983
"memory","r_wid[we55dec7,n_total_memories_shown:multi_timeAfter]",0.00442238273551168,0.0244659109509237,-0.00646699425130108,0.0156885962498648,-0.0212268941592149,0.0334307186490973,-0.0444508341401308,0.0586479342229284
"memory","r_wid[we58a710,n_total_memories_shown:multi_timeAfter]",0.0126076243659602,0.0262839157106509,-0.00217325723002013,0.024872557100924,-0.0138651330941483,0.046255426271759,-0.0325399072565774,0.0758758518242383
"memory","r_wid[we824ff2,n_total_memories_shown:multi_timeAfter]",0.0127315312395041,0.0276705135303373,-0.00303348990721951,0.0261817592055705,-0.0138783156650905,0.0489542425979645,-0.0329282819307495,0.0791446981278692
"memory","r_wid[we83fa8f,n_total_memories_shown:multi_timeAfter]",0.00628363601368601,0.0269685728952598,-0.0074308787888944,0.0194688210518878,-0.0213614497870125,0.0401802987041667,-0.0452653454620268,0.0699122209354152
"memory","r_wid[we90925d,n_total_memories_shown:multi_timeAfter]",0.00160568585275528,0.0249011983088177,-0.00975557049120806,0.0134046852387996,-0.0268692432793398,0.0302799161537288,-0.0503251438438004,0.0539315209701033
"memory","r_wid[we9631be,n_total_memories_shown:multi_timeAfter]",0.00704808799582258,0.0283975581364325,-0.0068959355322399,0.020216330777991,-0.023627461924408,0.0419038804740357,-0.0495617414431542,0.0714402055579373
"memory","r_wid[we9754da,n_total_memories_shown:multi_timeAfter]",0.00681135693418009,0.0233154135393303,-0.00558275154790917,0.0185431677915843,-0.0180664720199346,0.0371638856098306,-0.0360487381588306,0.0601316250492642
"memory","r_wid[wea09e5e,n_total_memories_shown:multi_timeAfter]",-0.0054768980243369,0.0243656809223997,-0.017104452414732,0.00643261601670141,-0.0341524133025167,0.0207263286582765,-0.0605326145791259,0.0426218127334643
"memory","r_wid[wea8ef8e,n_total_memories_shown:multi_timeAfter]",-0.00445047906138592,0.0256243995310737,-0.0164331222689428,0.00726860255621668,-0.0341699753608932,0.0234782252395675,-0.0608928349996269,0.0472571702380901
"memory","r_wid[webf5097,n_total_memories_shown:multi_timeAfter]",0.00602266379526291,0.0246094351909877,-0.00631208848291755,0.0174137374919764,-0.0199545197292366,0.0361299155892828,-0.0393934088541925,0.0620951004261658
"memory","r_wid[wed3d878,n_total_memories_shown:multi_timeAfter]",-0.00695820641918929,0.0255154639795928,-0.018278226957571,0.0061566159324509,-0.0383073978612763,0.0195647167474154,-0.0677313677220598,0.0397355337504996
"memory","r_wid[wee338ab,n_total_memories_shown:multi_timeAfter]",0.00681692344916591,0.023877640734918,-0.00530311554906284,0.0179238400449283,-0.0175627670501692,0.0371717694197016,-0.0387724637821668,0.0628533184792652
"memory","r_wid[wf2f2835,n_total_memories_shown:multi_timeAfter]",-0.0026474114208691,0.0247688818135807,-0.0140300540789384,0.00884531578324018,-0.032022282398301,0.0250058645573955,-0.0586385935130394,0.0497317337148785
"memory","r_wid[wf456a28,n_total_memories_shown:multi_timeAfter]",-0.00112896738039043,0.0230797724133519,-0.0124380106144882,0.0100568643140903,-0.0269792076188212,0.0254481306729536,-0.0498976863629141,0.0462336946859739
"memory","r_wid[wf469935,n_total_memories_shown:multi_timeAfter]",-0.00242256242036416,0.0245821016965488,-0.0144760663114723,0.00870122828400314,-0.0310387636070626,0.025375688108646,-0.053842343223459,0.0483340015817109
"memory","r_wid[wf537da7,n_total_memories_shown:multi_timeAfter]",0.0063328990582468,0.0232227720017028,-0.00528143208718132,0.0166434248885285,-0.0186503937628085,0.0345896057260749,-0.0382292184966443,0.0600780559589876
"memory","r_wid[wf60f9d4,n_total_memories_shown:multi_timeAfter]",-0.0116465433416865,0.0254261069763207,-0.0241661928157209,0.00241187858543246,-0.0438509094498377,0.013475936254632,-0.0707296239382104,0.0344391766727496
"memory","r_wid[wf63b737,n_total_memories_shown:multi_timeAfter]",0.0155679016721138,0.0244348096642831,3.57101823520887e-05,0.0283537504487426,-0.00861756344894195,0.0473644271777289,-0.0245238546570518,0.0746537566338418
"memory","r_wid[wf63c50b,n_total_memories_shown:multi_timeAfter]",-0.00899797527657197,0.0255277791187047,-0.0217183545720482,0.00417555643296532,-0.0407178162574763,0.0179033931985947,-0.068264163176554,0.0383866554348505
"memory","r_wid[wf646ea3,n_total_memories_shown:multi_timeAfter]",0.00423320258026926,0.0317849931522485,-0.0100698297488671,0.0175787964779602,-0.0302282492816624,0.0396243890978546,-0.0584494941248512,0.078366399051245
"memory","r_wid[wfbb00e1,n_total_memories_shown:multi_timeAfter]",0.00458040556386982,0.0250767472075006,-0.00693090214097017,0.016212010947314,-0.021249554622539,0.0337213471746817,-0.0468120337914944,0.0606228386981349
"memory","r_wid[wfd8b568,n_total_memories_shown:multi_timeAfter]",0.000537729825211924,0.0249689995651593,-0.0108103887931071,0.0116078072300504,-0.026277764267678,0.0295460824072558,-0.0526032783725934,0.0537024631561385
"memory","r_wid[wffba7a1,n_total_memories_shown:multi_timeAfter]",-2.05082024298588e-05,0.0230486064044427,-0.0114027075702599,0.0104341435406261,-0.0251270476958173,0.0262491674319572,-0.04344582008657,0.0500491016576002
"memory","lprior",-15.0048928786455,0.464728487402597,-15.2406996519851,-14.6857854038777,-15.5935265503289,-14.4864925533536,-16.099463216281,-14.3267849131153
"memory","lp__",-33530.7138488236,29.5789853967385,-33550.1667985279,-33510.6014472343,-33567.9978428828,-33493.6518187921,-33589.6208390293,-33472.2360867715
