"model","parameter","estimate","error","ci_50_lower","ci_50_upper","ci_80_lower","ci_80_upper","ci_95_lower","ci_95_upper"
"speed_acc","b_Intercept",5.73364999868638,0.797810298986753,5.18994751093623,6.2749382103739,4.6919936609657,6.76401716855375,4.18953395875573,7.30917322134656
"speed_acc","b_log_rt",-0.594645411781914,0.102088523926318,-0.663547125225753,-0.525220734090184,-0.727779910245326,-0.461963854110026,-0.796649703491146,-0.398595767134201
"speed_acc","b_exp_versionexp_c1",-2.51402063406774,1.00691501539631,-3.18973376257787,-1.83401825028096,-3.80938169813545,-1.21491718479573,-4.51141554435486,-0.552305254133034
"speed_acc","b_exp_versionexp_c2",-2.98043073967472,0.951013125545407,-3.6072732213248,-2.32978257520014,-4.18575899562114,-1.76584441680066,-4.87307479533863,-1.13173488295806
"speed_acc","b_multi_timeAfter",-5.99387796384395,1.07588193926671,-6.7209300399587,-5.27083332284385,-7.35533796756925,-4.62422607940659,-8.08362416984764,-3.85344163128353
"speed_acc","b_nback_performance_z",0.171276529666996,0.0467108541632416,0.139387636343466,0.20265961281077,0.112921580373562,0.232260142521227,0.0803756519208954,0.260907699327182
"speed_acc","b_log_rt:exp_versionexp_c1",0.281954711681004,0.130452798284242,0.193743031284458,0.368681119939759,0.113908596396878,0.449633574040742,0.029880439204016,0.544240936663556
"speed_acc","b_log_rt:exp_versionexp_c2",0.367645811418792,0.122418509178109,0.284072897486317,0.449136727003119,0.211698217985979,0.52387086633931,0.128430426593257,0.611744507014482
"speed_acc","b_log_rt:multi_timeAfter",0.689427525194517,0.136878439298234,0.597600860295451,0.780907692390656,0.515178260994313,0.861730577250524,0.41880291831043,0.95940777416918
"speed_acc","b_exp_versionexp_c1:multi_timeAfter",3.53487746157089,1.40507283393727,2.59496267881815,4.46650072088866,1.70347464015254,5.31193955413167,0.817586739190312,6.36212244766443
"speed_acc","b_exp_versionexp_c2:multi_timeAfter",5.5173182222985,1.30195888326418,4.62304418581454,6.38792402947732,3.890402909809,7.20992309220246,2.98408750781558,7.99733832884336
"speed_acc","b_log_rt:exp_versionexp_c1:multi_timeAfter",-0.418745813634953,0.180656973228361,-0.539183999895937,-0.297018534465012,-0.649503070625419,-0.183314086360373,-0.7811855343709,-0.0652329097931177
"speed_acc","b_log_rt:exp_versionexp_c2:multi_timeAfter",-0.681031286431496,0.166911386025526,-0.792592113626927,-0.567256627720692,-0.895528568461655,-0.471622928940436,-1.00899050539999,-0.357467016472384
"speed_acc","sd_wid__Intercept",0.495602352152352,0.359862398521791,0.294608810611847,0.591966723791739,0.140073176746143,0.83940189595746,0.0311354237259885,1.5077137438444
"speed_acc","sd_wid__log_rt",0.0516616783062162,0.0447923669833168,0.0223984658922406,0.0660685584118473,0.00898039733708598,0.0940996634839096,0.00227473387125352,0.180426131337987
"speed_acc","sd_wid__multi_timeAfter",0.391928979462004,0.308947965894802,0.183159545045431,0.525618266786179,0.0773320718629237,0.701486681179601,0.0186545752979679,1.14532435187181
"speed_acc","sd_wid__log_rt:multi_timeAfter",0.0485600405954444,0.039047037176674,0.0215836186505176,0.0646612281974963,0.00894138144748199,0.0894299738031706,0.00222493800601948,0.142135856086946
"speed_acc","cor_wid__Intercept__log_rt",-0.239002718604988,0.483559934380074,-0.640411984091852,0.128785569929054,-0.846878134540201,0.463126063737572,-0.954931047970231,0.739338222619137
"speed_acc","cor_wid__Intercept__multi_timeAfter",-0.0546899527870073,0.431924463767768,-0.384838212500656,0.270701357252418,-0.608763674250561,0.552844433669043,-0.799546009204257,0.780777014564109
"speed_acc","cor_wid__log_rt__multi_timeAfter",-0.0591141134271173,0.439747449983336,-0.407911918851034,0.265536268808859,-0.647681143464429,0.544400627214061,-0.833747525319802,0.775822520105983
"speed_acc","cor_wid__Intercept__log_rt:multi_timeAfter",-0.154506479311374,0.436407985272623,-0.505802380436241,0.164097772657207,-0.705646599435685,0.465526126419189,-0.864177427864553,0.729606848369576
"speed_acc","cor_wid__log_rt__log_rt:multi_timeAfter",-0.109412294733723,0.442382156695663,-0.464390802495331,0.218208197390978,-0.685084310904243,0.511518425376574,-0.845590560963607,0.765311503128279
"speed_acc","cor_wid__multi_timeAfter__log_rt:multi_timeAfter",-0.170934477016146,0.476689270715468,-0.562203454599381,0.198593387098439,-0.792251508346461,0.504995553558496,-0.932032926482456,0.750383542086983
"speed_acc","Intercept",0.851427657091928,0.0516330218066842,0.816959910453469,0.884417989467955,0.785881314051135,0.917048663388795,0.753992944546867,0.956501577537409
"speed_acc","r_wid[w0198d08,Intercept]",-0.173570564057072,0.539939365721935,-0.367673708187915,0.0776212964086573,-0.72585954970661,0.318286579570948,-1.37218120187641,0.71924691103799
"speed_acc","r_wid[w01da968,Intercept]",0.147165952351145,0.631706843746509,-0.1176358933618,0.401724404198119,-0.434150659176029,0.798468171768115,-0.941409962099573,1.49911548902258
"speed_acc","r_wid[w022dd5a,Intercept]",-0.480897428822168,0.641277494896916,-0.774366960703956,-0.0816126890726717,-1.1620524016199,0.110245174710093,-1.89339042603695,0.499458592304373
"speed_acc","r_wid[w02461c5,Intercept]",0.0895694154292552,0.566649710606157,-0.153247063059739,0.33117780197146,-0.443051497396171,0.689762610039891,-0.974126914907207,1.2516136869949
"speed_acc","r_wid[w05ede5c,Intercept]",0.0507303757255391,0.506370544633853,-0.173874486935359,0.26233661986326,-0.443127241272257,0.560550439654188,-0.871212977825622,1.10829663334273
"speed_acc","r_wid[w05f4989,Intercept]",-0.00360516715768825,0.600459339660733,-0.255654031889859,0.239724288121588,-0.590808703525481,0.557304263181161,-1.12695839386287,1.08547614451449
"speed_acc","r_wid[w060c642,Intercept]",0.132505064271985,0.556823387955166,-0.123210177546905,0.322895410104777,-0.381579973997859,0.672010568009365,-0.73681368541356,1.37418869729094
"speed_acc","r_wid[w06d51ce,Intercept]",-0.218615610378028,0.594732703346636,-0.425786980577817,0.0541048536072839,-0.788318544152237,0.274381630411445,-1.49483186999823,0.679920265587788
"speed_acc","r_wid[w07271cc,Intercept]",0.49929810024636,0.661385265944766,0.0775515528605912,0.841306371572008,-0.126344059452832,1.24901959938035,-0.510837607339867,1.92388103665968
"speed_acc","r_wid[w07f26c1,Intercept]",-0.145466207533226,0.599826724140223,-0.326898325844968,0.138057085402156,-0.70283790129576,0.374983193427022,-1.51356961190653,0.73285340498953
"speed_acc","r_wid[w08f65eb,Intercept]",-0.258802732283197,0.597091998225525,-0.512650030384528,0.039047757846052,-0.921039923791987,0.277313335521578,-1.5266361661553,0.720607053921355
"speed_acc","r_wid[w0a25e9c,Intercept]",-0.176916194698063,0.536648155365859,-0.446959496029436,0.056910629037518,-0.752102258746394,0.315208024647192,-1.23584440915603,0.870503333240737
"speed_acc","r_wid[w0b0ec85,Intercept]",0.0712947821371414,0.579530072669595,-0.178172119846882,0.310148554968669,-0.500920223230153,0.657308608144315,-0.951015874996239,1.29863794576662
"speed_acc","r_wid[w0b3246f,Intercept]",-0.0123417009911988,0.556847732986219,-0.270441667643854,0.199174140846984,-0.588070792090199,0.549981770977607,-1.05299974626442,1.13202047331308
"speed_acc","r_wid[w0baed73,Intercept]",-0.123261280914967,0.602424442580662,-0.394939689426724,0.122932300346369,-0.757487362295364,0.430008364364416,-1.34633138558947,1.12284101850379
"speed_acc","r_wid[w0c031fe,Intercept]",-0.0321885595995861,0.543795592053159,-0.239647073921144,0.21697974209859,-0.550202735797128,0.484027191042523,-1.19994088833936,0.934680183560602
"speed_acc","r_wid[w0d04a41,Intercept]",-0.206204608286825,0.627209268753032,-0.483083626704865,0.056846617011261,-0.866130259796061,0.338910291696521,-1.52041505752057,0.92252222524842
"speed_acc","r_wid[w0d62ec5,Intercept]",0.00498483523850502,0.559779613813505,-0.246664182758518,0.2409480858519,-0.559929536648387,0.590207223760093,-1.06201602742655,1.08465975224258
"speed_acc","r_wid[w0db2e6f,Intercept]",0.111062420289983,0.612262140651533,-0.155227837815352,0.37531895428606,-0.451618218195425,0.773319856096862,-1.02292257813256,1.32803522615377
"speed_acc","r_wid[w0ef0b67,Intercept]",-0.318900058438711,0.706662003979009,-0.580071304570956,0.0252775080090643,-1.04417789121172,0.250704346972839,-1.77555090820924,0.708611716748534
"speed_acc","r_wid[w0fd8c2c,Intercept]",-0.00925702976618115,0.551713506239593,-0.241436090812344,0.231276336562161,-0.56200711203662,0.529324370282284,-1.10745868721865,1.07598197605668
"speed_acc","r_wid[w10f7bc5,Intercept]",-0.0160027270335493,0.560264663365971,-0.264140198105548,0.228574179278048,-0.593815168896693,0.54012066809165,-1.10275445948042,1.12217869534845
"speed_acc","r_wid[w11538ef,Intercept]",0.164437897127855,0.587451641036884,-0.097084545523451,0.403063220331306,-0.373587056029748,0.78289405387725,-0.917034403929051,1.41821179708668
"speed_acc","r_wid[w117e095,Intercept]",-0.163681367011636,0.604267220830187,-0.408640652271261,0.10875458971023,-0.771867174922772,0.380279855137485,-1.43088366813555,0.870714723432707
"speed_acc","r_wid[w13e388b,Intercept]",-0.106074348819188,0.575136329701281,-0.363918445718824,0.147038733858436,-0.738692477666107,0.463533623987839,-1.27508130682445,0.978272222737274
"speed_acc","r_wid[w14cb402,Intercept]",-0.133794470330388,0.51002201031598,-0.359005052687974,0.0992954630839286,-0.669904617677374,0.367894948428446,-1.25641973564824,0.755639884680061
"speed_acc","r_wid[w1571d58,Intercept]",-0.0393560578598127,0.544623534521052,-0.271228951229611,0.206464035601422,-0.614012673169154,0.51511647100095,-1.14264634972824,0.996371459930528
"speed_acc","r_wid[w1629b0b,Intercept]",0.146070985370855,0.589774141399775,-0.116394823474353,0.408206010999914,-0.42627604250115,0.779111915119305,-0.948474792282787,1.32169449117011
"speed_acc","r_wid[w16b46ff,Intercept]",-0.176848375218683,0.581075540282123,-0.389140542172991,0.0951315671027569,-0.73891328801229,0.351903480394472,-1.45030235062833,0.757818666441336
"speed_acc","r_wid[w182a5f6,Intercept]",0.0288463434905495,0.569889429876101,-0.225673319466991,0.260424922474065,-0.533272631502985,0.597619118983685,-1.07010168682579,1.2156032768411
"speed_acc","r_wid[w19d0170,Intercept]",0.298287546636288,0.613149897754604,-0.0132335959512332,0.570416783066798,-0.228437116966812,0.961667145597292,-0.656960808057387,1.60270105268428
"speed_acc","r_wid[w1d52e8b,Intercept]",0.100465892225648,0.561432633935708,-0.145915664780905,0.322763516780232,-0.411140150113287,0.641359476351985,-0.91102987830924,1.22764084449228
"speed_acc","r_wid[w1d9c2fb,Intercept]",-0.103153928133725,0.552724841168688,-0.372039025543519,0.13124729793305,-0.688370068470423,0.425296628537694,-1.17976186775894,1.01126830013295
"speed_acc","r_wid[w1eadd53,Intercept]",0.171693378073407,0.587415660844627,-0.0966232757586025,0.399305683760488,-0.348434074727198,0.72780802202483,-0.767661363940687,1.31173468723571
"speed_acc","r_wid[w1ef67ab,Intercept]",0.111947822771654,0.516607160415974,-0.106339721657122,0.349179855503189,-0.369498438743687,0.651801656959935,-0.858184271271353,1.10342771864125
"speed_acc","r_wid[w227f955,Intercept]",0.0481021457334964,0.55811641316161,-0.210421206820009,0.263931719538399,-0.489428094292749,0.610303532646231,-0.957721166502731,1.28331134591214
"speed_acc","r_wid[w245142a,Intercept]",-0.000594815990576485,0.59683250647216,-0.252350524133336,0.235026110480659,-0.576633323599596,0.583434849234249,-1.14863616371434,1.23935615074924
"speed_acc","r_wid[w2457106,Intercept]",-0.316420744171969,0.578489446629053,-0.581172861295783,0.000630326380405959,-0.964465566546836,0.21098896157082,-1.56951323674817,0.637223429847515
"speed_acc","r_wid[w249e8ce,Intercept]",-0.100189923000186,0.5272711261168,-0.341907941474233,0.15447705041314,-0.65373639158978,0.41808175829568,-1.21456330913196,0.869369589447485
"speed_acc","r_wid[w277fccf,Intercept]",-0.0671281481904839,0.596985472684499,-0.314838273517128,0.154873736647065,-0.663947198734045,0.475698428990504,-1.16125500930594,1.07072724800095
"speed_acc","r_wid[w27e1de9,Intercept]",-0.151055818200576,0.570280837873324,-0.386085246928878,0.108352468209117,-0.752435262797179,0.388516569431828,-1.34530263728157,0.846134901951148
"speed_acc","r_wid[w2991322,Intercept]",0.106614591100009,0.588749493277627,-0.142873123645164,0.366762056669195,-0.442900511881589,0.721816614966851,-1.02428806048087,1.30457260642481
"speed_acc","r_wid[w299c268,Intercept]",0.0230016620898875,0.601519561105795,-0.237886925194642,0.213726865016134,-0.52236201118013,0.554961532536825,-0.963101948827128,1.2684806828713
"speed_acc","r_wid[w29ed098,Intercept]",0.0144220408383791,0.598200255090505,-0.249409813252934,0.251383122048517,-0.565065087791387,0.621275345135882,-1.08231916438768,1.23096455212921
"speed_acc","r_wid[w2a7296e,Intercept]",0.0327867340680053,0.604083917600024,-0.211950117719904,0.282233642432331,-0.529089574209957,0.617974772477939,-1.02092332076754,1.17088198496405
"speed_acc","r_wid[w2bc0b21,Intercept]",-0.102364588430076,0.604655211767516,-0.347154298616983,0.14124653356212,-0.688424116613223,0.435609705856635,-1.27449376491221,0.990870822441211
"speed_acc","r_wid[w2c1f2f7,Intercept]",0.00737487529760087,0.575401577907179,-0.225633724715271,0.277370010026017,-0.587284048652438,0.5972882668974,-1.24733300581904,1.12701008776804
"speed_acc","r_wid[w2c75db7,Intercept]",0.139058364909706,0.627721691298179,-0.120282570859537,0.382298323741234,-0.409987022085845,0.756579549562906,-0.889676761324154,1.37842038293165
"speed_acc","r_wid[w2cb5760,Intercept]",0.0618115789103404,0.577212292603616,-0.189237716154491,0.318092816873973,-0.502615348830789,0.662623796683761,-1.07319850116746,1.20916105100246
"speed_acc","r_wid[w3002e39,Intercept]",0.212883171039711,0.564266205320924,-0.0476436258213583,0.454067178464607,-0.304974847442915,0.820426831986623,-0.762710366713102,1.3506494651997
"speed_acc","r_wid[w308aa07,Intercept]",0.0899689434866442,0.628557307922051,-0.172167003655834,0.347821879158421,-0.486835921835587,0.704169707562078,-0.938142448589924,1.31616800424879
"speed_acc","r_wid[w30e05e4,Intercept]",-0.130029605235864,0.618563273558788,-0.412565618684305,0.137933928196313,-0.797360653325376,0.432362758541226,-1.35160431486835,1.08650983365885
"speed_acc","r_wid[w311c43d,Intercept]",-0.0124933523257661,0.536460544912755,-0.226958914594013,0.212517753798105,-0.520274553403137,0.52868598056315,-1.08809172044698,1.03966558925965
"speed_acc","r_wid[w313d7aa,Intercept]",-0.475868611561225,0.699226576025342,-0.761965577258711,-0.0400804946928089,-1.22681134147076,0.138714017305721,-2.23825749625158,0.528920572407906
"speed_acc","r_wid[w31b60c3,Intercept]",-0.154788362271841,0.630962751244222,-0.438953259958181,0.0970074052635133,-0.798699420396016,0.390452277258023,-1.33269316580447,0.927886794450094
"speed_acc","r_wid[w3327d2a,Intercept]",0.0271603697052636,0.609707677697912,-0.21396144764337,0.287253232290084,-0.543881747069225,0.618147937057073,-1.14575765091848,1.18987967148727
"speed_acc","r_wid[w35dbe71,Intercept]",0.0742192129725224,0.604921698138295,-0.16474238079358,0.297241353992972,-0.464306563427787,0.664902731565464,-1.07971682104361,1.30326791810726
"speed_acc","r_wid[w365c8db,Intercept]",0.102308727537633,0.627986441162454,-0.166861261677487,0.344021308495094,-0.481702548864176,0.700285154108359,-1.02251534646021,1.3597469948508
"speed_acc","r_wid[w367fa57,Intercept]",0.521460025445764,0.683195579786615,0.0789658732811226,0.818198874763619,-0.0904873439333005,1.26008984845641,-0.399077818544075,2.03607089034732
"speed_acc","r_wid[w36b3d2f,Intercept]",0.171372220063362,0.602697914090449,-0.092178056663274,0.433008227286004,-0.370819946986854,0.814781494422185,-0.878654601176521,1.35241944448175
"speed_acc","r_wid[w383e1fe,Intercept]",-0.268497485143731,0.621279009892592,-0.554441058120041,0.0275407995925032,-0.916371297929002,0.290063316776972,-1.55324656725981,0.768983353092981
"speed_acc","r_wid[w38a9dbf,Intercept]",-0.0466449965382751,0.52570482662848,-0.2830833655825,0.168065448385461,-0.56093036350509,0.462809484987894,-1.08434650569779,0.986125479410315
"speed_acc","r_wid[w397496b,Intercept]",0.420821859777482,0.672099383057567,0.0227244250800584,0.733465294052753,-0.172447892670746,1.1601891063418,-0.609782133001038,1.87211962595054
"speed_acc","r_wid[w3acba24,Intercept]",-0.230265992568333,0.579864630916943,-0.464771261956067,0.057119024815568,-0.78997697780487,0.268324169176191,-1.52741478548376,0.644076082446472
"speed_acc","r_wid[w3b16ba3,Intercept]",0.126692402686986,0.561629905213087,-0.122909330359634,0.374245045606919,-0.387790251589668,0.742830691365011,-0.921416254841249,1.2697253409001
"speed_acc","r_wid[w3c1c747,Intercept]",-0.461370708095193,0.616573688684935,-0.776790965555448,-0.0604080066216819,-1.16278046961389,0.11021829807293,-1.87494900600877,0.467824344126131
"speed_acc","r_wid[w3c538ad,Intercept]",0.166865568907101,0.616171775736914,-0.105257936398968,0.420592921416291,-0.394324743977173,0.782511488055093,-0.90659692310926,1.40727082493284
"speed_acc","r_wid[w3d5caa9,Intercept]",0.12014807173053,0.629638699724362,-0.141102896915052,0.363247068220053,-0.453056347980872,0.776201993028117,-1.02264215321526,1.42988959198349
"speed_acc","r_wid[w3f5fa74,Intercept]",-0.329163845311038,0.584853464786098,-0.599511406091219,0.00225298934022964,-0.965017810691328,0.208216344953334,-1.62207943260372,0.579594659825975
"speed_acc","r_wid[w3fb3b5b,Intercept]",-0.183187522293262,0.558537872313241,-0.416947315662959,0.0626016684297111,-0.756434493005429,0.314616344683213,-1.32155456371343,0.763927253979059
"speed_acc","r_wid[w3fc2d2c,Intercept]",0.10581939818525,0.605390619843206,-0.157168300979756,0.350337542672285,-0.468477713448783,0.743261903495695,-1.00615002022522,1.32677458884681
"speed_acc","r_wid[w3fdf5b1,Intercept]",-0.13999316275681,0.623211500169076,-0.357486030466597,0.122087910085975,-0.724409492018502,0.397348803272032,-1.29901171613035,0.857196361950143
"speed_acc","r_wid[w409b474,Intercept]",-0.104426140013013,0.631544699224719,-0.355985836588434,0.162410580505454,-0.719155461563364,0.483386614306599,-1.38514650050803,1.06948064555636
"speed_acc","r_wid[w4400cbf,Intercept]",-0.00867214371687131,0.582356142933477,-0.271506420712858,0.208719483954848,-0.566838351799071,0.532457902048896,-1.05024810707392,1.15540017378677
"speed_acc","r_wid[w44c6cc9,Intercept]",0.0622705611384632,0.624261077657538,-0.194452826978638,0.298918180854614,-0.534491385006888,0.675213284331138,-1.06815455394083,1.3163230729724
"speed_acc","r_wid[w44f5ace,Intercept]",-0.185296302000815,0.60389026861285,-0.434062167749373,0.0930299785638636,-0.811956563530442,0.377255651406768,-1.47097158323053,0.832290073913177
"speed_acc","r_wid[w479605b,Intercept]",0.0762117895161112,0.583585634961988,-0.192852870353632,0.336166094492199,-0.506380747429448,0.691961205542004,-1.02816959797481,1.303452176155
"speed_acc","r_wid[w496c8be,Intercept]",0.0933810526873302,0.607323309592239,-0.173400904595895,0.346842142218786,-0.509938116629361,0.731696252719652,-0.992342449216902,1.31740651412814
"speed_acc","r_wid[w49d88d0,Intercept]",-0.242566289296256,0.563424957664112,-0.529929208827069,0.0384415147632876,-0.907001475818969,0.279220036269605,-1.44706955743243,0.780965988440155
"speed_acc","r_wid[w4a66ba2,Intercept]",-0.213187310425369,0.55853346241188,-0.462472323026937,0.0509215016363858,-0.84796953697182,0.289236378758661,-1.36147195895875,0.769114095971046
"speed_acc","r_wid[w4a907eb,Intercept]",-0.268113204175911,0.577034590995293,-0.492162904588778,0.0287658173870954,-0.857166965413519,0.249336314033898,-1.58039364725992,0.642581820516525
"speed_acc","r_wid[w4b6424d,Intercept]",-0.0816475248129526,0.545124287871384,-0.340322405812702,0.134412014929481,-0.64299522609115,0.409389255415008,-1.0825934400079,0.99745181866665
"speed_acc","r_wid[w4bf9dec,Intercept]",-0.156865539860449,0.579959137006249,-0.402901001376846,0.109529210900542,-0.773568279056447,0.409226075060646,-1.38894285608752,0.883134153892637
"speed_acc","r_wid[w4c2a923,Intercept]",-0.221744209219652,0.542778185405498,-0.433751512615978,0.0511785722687064,-0.805414680284902,0.256546177707265,-1.53890027274273,0.623876195965521
"speed_acc","r_wid[w4cc863f,Intercept]",-0.0638513983451273,0.549767569047754,-0.310775931799799,0.167824283853586,-0.617694146671644,0.465773443945033,-1.14067118589363,0.963625245733485
"speed_acc","r_wid[w4ccf510,Intercept]",0.085568598384459,0.560159438775302,-0.162111017238833,0.319061845186612,-0.4359162494583,0.680569073342031,-1.01736671076979,1.2610432594383
"speed_acc","r_wid[w4db7ccb,Intercept]",0.153978809248536,0.598195821999725,-0.105135303162944,0.403308949739917,-0.384954611636382,0.739868296199388,-0.899606954364479,1.3816367282925
"speed_acc","r_wid[w4dce7b5,Intercept]",-0.015345351936546,0.617360370666133,-0.250962741978552,0.246713178811484,-0.608808817707311,0.551478194409901,-1.19808328210712,1.12034199829153
"speed_acc","r_wid[w4dd7b34,Intercept]",-0.0537824813623419,0.578041102305375,-0.266588940054858,0.186114124585832,-0.601174571515515,0.477671701154232,-1.277221119517,1.00397118112072
"speed_acc","r_wid[w4ed0320,Intercept]",0.127620493598766,0.549227158389866,-0.114450774855267,0.380802568694499,-0.421563305845973,0.715637375634191,-0.926454768050469,1.31609388629057
"speed_acc","r_wid[w504748f,Intercept]",0.105427356067703,0.572011430441613,-0.133501072877572,0.355220373451047,-0.412352098675067,0.690905813503677,-0.971233651464384,1.26293287044891
"speed_acc","r_wid[w5092120,Intercept]",0.194515084816241,0.592392704881003,-0.0918080899961596,0.462240889922855,-0.371821776107703,0.827776196465612,-0.885901233596786,1.46821259956413
"speed_acc","r_wid[w50c12e5,Intercept]",0.116376202187158,0.592737441516405,-0.153264851923779,0.341810200910437,-0.441557654402202,0.706331128061445,-0.904127003141285,1.34840157009651
"speed_acc","r_wid[w51664f0,Intercept]",0.170307918807958,0.606688687019916,-0.103025130994525,0.442316303995647,-0.385797185941128,0.821561960518585,-0.943884800922729,1.42780279357456
"speed_acc","r_wid[w53209bb,Intercept]",-0.181231165768607,0.526161449554533,-0.436591601310506,0.0574639346668544,-0.771389400889885,0.296596747430004,-1.28196543860642,0.822403850642564
"speed_acc","r_wid[w53b40c8,Intercept]",0.00392338733291281,0.58726819462977,-0.230085911168488,0.251213591128875,-0.569230638368786,0.592338914571744,-1.20608781456974,1.10717038338741
"speed_acc","r_wid[w54c2956,Intercept]",0.0487994691839786,0.532891755204865,-0.172572402712251,0.276097746416492,-0.47114732237421,0.597387696874351,-0.967627088058874,1.10931345494204
"speed_acc","r_wid[w5685230,Intercept]",0.109255865727521,0.57521697205505,-0.127113277497622,0.356892350617397,-0.427148446337513,0.716384826334523,-0.987023269175217,1.23832530500525
"speed_acc","r_wid[w56b42b0,Intercept]",-0.0845218364146043,0.563072320493287,-0.333718315166132,0.150365088652208,-0.702301874427081,0.474009110603401,-1.20808107917187,1.02695456108925
"speed_acc","r_wid[w580c449,Intercept]",-0.0927064114976365,0.657872575450933,-0.361946525553384,0.151904118812655,-0.729158299830019,0.485610238401523,-1.34084872120366,1.00648373568897
"speed_acc","r_wid[w593f4a8,Intercept]",0.0944345744161357,0.580122342971964,-0.162337568536325,0.343985500569784,-0.483792493582308,0.705046966236952,-1.00780773652403,1.29983883580808
"speed_acc","r_wid[w59b3a22,Intercept]",0.0997425310023377,0.523566720170078,-0.151263030898704,0.316155901479544,-0.398681526500614,0.622768544459275,-0.856884145827148,1.21187649029251
"speed_acc","r_wid[w59c9d33,Intercept]",0.167547944354564,0.557763579446573,-0.0808957979554954,0.398816006105833,-0.355852568024113,0.749249479169141,-0.80847401070523,1.40152360131052
"speed_acc","r_wid[w5ab5786,Intercept]",0.178042310107414,0.593606620274775,-0.0959086719148425,0.443001100573937,-0.378952656136667,0.799873279619726,-0.866547373039511,1.37000741460318
"speed_acc","r_wid[w5d6df14,Intercept]",-0.43923132406062,0.635333198450391,-0.748405369993217,-0.0542730405967266,-1.12028139692708,0.118746784710565,-1.81285279922375,0.585792165770959
"speed_acc","r_wid[w5ec388a,Intercept]",0.127877782378709,0.654562043513048,-0.153067077320417,0.38240183915315,-0.49676531791664,0.787351896915524,-0.984114128069024,1.43740120515165
"speed_acc","r_wid[w5f010fa,Intercept]",-0.10750576902295,0.57159285186803,-0.361786778225397,0.166055502158544,-0.728529108723639,0.445226813278544,-1.38380238289876,0.911093722124419
"speed_acc","r_wid[w5f68d79,Intercept]",0.13461654520108,0.614389194881045,-0.143988191927739,0.393988456947909,-0.426399329971245,0.758874334395292,-0.908233359517524,1.35464017842376
"speed_acc","r_wid[w5fb19e8,Intercept]",0.200038143230608,0.616504401051917,-0.0727949611665857,0.457834328722238,-0.356846320478247,0.851227811767471,-0.922694127610369,1.50777953612102
"speed_acc","r_wid[w601970c,Intercept]",-0.299278641896403,0.677720148476468,-0.580034916365887,0.0293978505638889,-1.01090743934689,0.299125252764655,-1.72761949158198,0.773358830286743
"speed_acc","r_wid[w605fd50,Intercept]",-0.0717960549862165,0.632843682040876,-0.309941172228217,0.185547091934126,-0.65671644311316,0.49781208359159,-1.21314860680756,0.991252996632425
"speed_acc","r_wid[w60e6ea8,Intercept]",-0.0280294610933563,0.598467484089849,-0.296314108573061,0.216576999833683,-0.653149477688803,0.561724171464943,-1.2058854190812,1.20994407612738
"speed_acc","r_wid[w610dd08,Intercept]",-0.096182828321738,0.568647001973041,-0.332443825322235,0.165577033074273,-0.675296660743378,0.463670315528677,-1.28513101187659,0.916759044911349
"speed_acc","r_wid[w612200e,Intercept]",-0.202326784176448,0.53510697496521,-0.434054138160426,0.0738899062457881,-0.801717718624736,0.316023244696367,-1.47895643159395,0.680744070491474
"speed_acc","r_wid[w61b360a,Intercept]",-0.143442558761716,0.562455728317775,-0.338978781822312,0.10677092694587,-0.672209785142684,0.353401924263049,-1.33336706576431,0.708102230419186
"speed_acc","r_wid[w63ea659,Intercept]",-0.0130555680578787,0.559609000517115,-0.253624330725014,0.239334991156449,-0.605233254851615,0.562713397883308,-1.13024079933331,1.06681324990179
"speed_acc","r_wid[w6849aab,Intercept]",0.179326342950797,0.567568881790922,-0.0576154092753106,0.452357195542977,-0.340716108425838,0.816145463981967,-0.893822638808138,1.26404972952057
"speed_acc","r_wid[w6870249,Intercept]",-0.107760881761173,0.534486570218512,-0.343326211412047,0.123319408209404,-0.661863499049134,0.398919985332963,-1.13824106958672,0.86253382555378
"speed_acc","r_wid[w68730bb,Intercept]",-0.025989902037815,0.620119987587449,-0.282999424406217,0.235477899872338,-0.63378258134678,0.584539036526447,-1.21585300358107,1.19786366613079
"speed_acc","r_wid[w68e5aed,Intercept]",-0.110189370457499,0.51529554487498,-0.345991983849189,0.0994491344618652,-0.628044761857099,0.384091075187439,-1.13864914794417,0.858857245127811
"speed_acc","r_wid[w6a59bb5,Intercept]",0.0542277043205171,0.587416055466635,-0.202364380522699,0.242966989779313,-0.483477245659949,0.553497066778875,-0.918967715968418,1.40581018632158
"speed_acc","r_wid[w6bec3e7,Intercept]",-0.00265883016508912,0.585669846120637,-0.259840800678833,0.239744130064083,-0.599361393133125,0.587277287642106,-1.14944222959881,1.18310257900629
"speed_acc","r_wid[w6cbe87c,Intercept]",0.22009074355236,0.56360178684031,-0.052333264975664,0.481528080708528,-0.300079379758953,0.842483254707486,-0.766089819403506,1.43401922961429
"speed_acc","r_wid[w6dd030e,Intercept]",-0.00531270430867559,0.546699531725982,-0.238992839658641,0.238084555405966,-0.566833024136826,0.548136716455267,-1.08343657582467,1.08530358282379
"speed_acc","r_wid[w6ea0c26,Intercept]",-0.158221099530457,0.574832006682331,-0.402226397762441,0.112621405125996,-0.783166896117121,0.404149818579305,-1.40201387318943,0.895880161636725
"speed_acc","r_wid[w6eb92cc,Intercept]",-0.329154026138845,0.585723347150508,-0.592341349833299,0.0055243783095162,-0.968869538396758,0.203391903221115,-1.60544034263273,0.517745591310855
"speed_acc","r_wid[w7232115,Intercept]",0.0499064779647556,0.593767461294795,-0.182524794216057,0.319600573679811,-0.484933110919307,0.646912825159151,-1.11383553593993,1.25433086321366
"speed_acc","r_wid[w737e6e4,Intercept]",0.156319142502139,0.631692482485683,-0.11182832264097,0.399357367908992,-0.404607284599714,0.774535282674049,-0.910485289834829,1.42462236472293
"speed_acc","r_wid[w768a02c,Intercept]",0.0697786618869098,0.585019108613686,-0.175828614889325,0.304974847520949,-0.480571484984581,0.671187021634782,-0.995362004120253,1.30934761745603
"speed_acc","r_wid[w77b72cf,Intercept]",0.212585602989114,0.544865977089561,-0.0459357894931751,0.446660607200966,-0.277695795797504,0.787360970984732,-0.69056764427307,1.40480049960089
"speed_acc","r_wid[w7800d0f,Intercept]",-0.0235504459483182,0.508335150364013,-0.269489097640744,0.184280975822534,-0.55966398067172,0.476812052789762,-0.94838180730006,1.0563813869617
"speed_acc","r_wid[w786d2f3,Intercept]",-0.546970434902583,0.716113772698478,-0.842449242382749,-0.0895386538246499,-1.28909647394057,0.0797131410814579,-2.12444909223213,0.403118105233657
"speed_acc","r_wid[w7a2af65,Intercept]",-0.38374454649104,0.598002084880795,-0.658838806377496,-0.0286517521392542,-1.05371877376209,0.171991062233996,-1.7371243285921,0.578916724791066
"speed_acc","r_wid[w7a38a77,Intercept]",-0.00907993293594475,0.543155452384765,-0.219563914531081,0.23422212450779,-0.512034920441536,0.515400005904239,-1.10477487756089,0.983735317304474
"speed_acc","r_wid[w7bfe168,Intercept]",-0.131128544418296,0.55217587930566,-0.366804059598806,0.106532723051568,-0.716378384737095,0.375121783057284,-1.23155358041302,0.905262979253607
"speed_acc","r_wid[w7dbf1a9,Intercept]",-0.167414376366336,0.527124836465873,-0.40219859651526,0.0737581977118421,-0.714029657542556,0.323826301565507,-1.31800577451564,0.775145276944263
"speed_acc","r_wid[w7f5e428,Intercept]",0.361846131344212,0.627282499247663,0.00200164085654905,0.610967266010636,-0.164975656779704,1.02626831872007,-0.541628116636545,1.87467663129975
"speed_acc","r_wid[w7f90916,Intercept]",-0.0688407379296632,0.601355944739667,-0.313311373512864,0.190831098891689,-0.668045339042355,0.517907697187455,-1.30139092918248,1.04899800875858
"speed_acc","r_wid[w82f4ec0,Intercept]",0.164766605354722,0.559180718557853,-0.0889692354481502,0.366865561337455,-0.339478966391849,0.70881452086484,-0.728739953281799,1.35873794458699
"speed_acc","r_wid[w8363ab3,Intercept]",0.186949814198023,0.540914242838059,-0.073183703182289,0.395751068333346,-0.323956577144435,0.740613514681312,-0.68692892189034,1.41481478628522
"speed_acc","r_wid[w83687da,Intercept]",0.0578406670101689,0.530036547032376,-0.155538293475483,0.308978765683202,-0.453823796020037,0.610662870922161,-1.14501951152377,1.0839329622045
"speed_acc","r_wid[w8843fd3,Intercept]",0.212769791246704,0.558267984945985,-0.0476034512739358,0.434559375021584,-0.273936363923245,0.791660048429505,-0.800434816114898,1.422107338222
"speed_acc","r_wid[w88c84d1,Intercept]",-0.180840012108956,0.51061491489949,-0.393574149091371,0.0613673907298841,-0.719107760443145,0.294619568268997,-1.28229890362538,0.667609056979223
"speed_acc","r_wid[w88e738d,Intercept]",-0.200993952537681,0.564199494944089,-0.465623890795888,0.0464844118625031,-0.778830546148971,0.305809426716586,-1.38865888061485,0.86150041077626
"speed_acc","r_wid[w896f77a,Intercept]",0.072032929021942,0.590557637904281,-0.17867594963639,0.311016791719171,-0.492909588395147,0.663762908359433,-1.04961029575691,1.28549948755097
"speed_acc","r_wid[w8d745f1,Intercept]",0.0608877897438761,0.580188996011001,-0.169264547078678,0.312207847282509,-0.48412000307119,0.655917014434839,-1.08861878238283,1.14693585225916
"speed_acc","r_wid[w8de3f64,Intercept]",-0.0912635118583775,0.591314666733923,-0.297269265112422,0.17948627438868,-0.617806358299116,0.446042618345161,-1.3397620345566,0.796375899226598
"speed_acc","r_wid[w8e07aa1,Intercept]",-0.418705326874287,0.625852345653444,-0.73897899213035,-0.0402493433913344,-1.11130605470169,0.146111954030708,-1.71158987486093,0.592758770588041
"speed_acc","r_wid[w8efa7d8,Intercept]",0.124765367986136,0.573222927176917,-0.135240798639771,0.347342712303837,-0.437876972635132,0.731322526462415,-0.857234806239197,1.42264420152881
"speed_acc","r_wid[w9051394,Intercept]",-0.0167204304289644,0.63515030362657,-0.279811856605337,0.227119782930263,-0.616681355679065,0.558867257992397,-1.19481871295644,1.13805237479525
"speed_acc","r_wid[w90f4896,Intercept]",-0.0849903471412193,0.58222023159221,-0.350892343375344,0.150380790548031,-0.683821227252887,0.469655488124757,-1.20625430727787,1.08192087969087
"speed_acc","r_wid[w9173175,Intercept]",0.0186245365693928,0.543926014624361,-0.228522437437662,0.22100664007422,-0.510592389427049,0.551924983810459,-1.04908009143938,1.12044694458246
"speed_acc","r_wid[w9182e0b,Intercept]",0.0714019872054791,0.475539444776957,-0.147114305403017,0.289512087589319,-0.414090782087339,0.584888697890528,-0.876257713083332,1.09175316371673
"speed_acc","r_wid[w924a500,Intercept]",-0.0782076643520295,0.574698027655716,-0.328074937082186,0.175599028918639,-0.685184131358875,0.497499477659508,-1.22513357010458,0.995768142236192
"speed_acc","r_wid[w941cd9f,Intercept]",0.22193151149801,0.524350936983501,-0.0460299709239008,0.446492701385756,-0.263281713308242,0.817619074545627,-0.63076843563232,1.33149584307849
"speed_acc","r_wid[w95167ae,Intercept]",0.16524012295999,0.543388175698598,-0.0693430582246672,0.38979088748579,-0.332569433451852,0.713838088064908,-0.816522531216991,1.25767783177622
"speed_acc","r_wid[w960c4a6,Intercept]",0.289148721595586,0.606573961296062,-0.0162191312264033,0.528123758450899,-0.225738727446964,0.918008773235538,-0.780944908424569,1.61189684066959
"speed_acc","r_wid[w962c662,Intercept]",-0.0449146800583714,0.566121033105208,-0.273662414305688,0.203060681275306,-0.609036288784028,0.495590235416158,-1.20009371050703,0.944726407043346
"speed_acc","r_wid[w9a08173,Intercept]",-0.193876618404394,0.588580867078109,-0.411673088969634,0.0555685551363117,-0.778146088711236,0.307740848472319,-1.44771381358865,0.808506879131418
"speed_acc","r_wid[w9a0bd8d,Intercept]",0.208668312265629,0.559464742128742,-0.0761224900532476,0.430331262372154,-0.293547611868526,0.817722228561163,-0.646519843526105,1.49514499254638
"speed_acc","r_wid[w9b641f6,Intercept]",0.0338538914267743,0.53125823575295,-0.176175644481547,0.263743994407962,-0.447048248370929,0.579131081535333,-1.02252982379236,1.04884269153935
"speed_acc","r_wid[w9b9abef,Intercept]",0.112524937446301,0.524009920636159,-0.119827198029852,0.35214399607561,-0.402515180251513,0.674460750820843,-0.883723188968425,1.15477167175165
"speed_acc","r_wid[w9bde09f,Intercept]",0.279835839852027,0.588984009003512,-0.0130455311412186,0.56301792069169,-0.241845996704349,0.938626016191473,-0.821544966822441,1.51030006154196
"speed_acc","r_wid[w9cf2bd7,Intercept]",0.00858438357304298,0.505931347983899,-0.211944500027239,0.23442273693464,-0.491948036604699,0.515232337740567,-0.997134283648939,1.06216668252614
"speed_acc","r_wid[w9f7c438,Intercept]",0.149240782599814,0.616998140201798,-0.110243375362127,0.426848690316834,-0.433327848752688,0.779862881382574,-1.00594347131807,1.40291750715605
"speed_acc","r_wid[wa022482,Intercept]",0.241771291821834,0.532613121774049,-0.0274101670065242,0.485989130339498,-0.260058664950113,0.824876903689335,-0.683891335321201,1.37515144801961
"speed_acc","r_wid[wa136b3d,Intercept]",-0.104551658688465,0.511948402979705,-0.304555202674001,0.126817281628363,-0.657807803743979,0.38628312151535,-1.23293178418048,0.814405009394402
"speed_acc","r_wid[wa1909e0,Intercept]",0.260146143151148,0.570721943107,-0.0300804281233676,0.513896348136901,-0.264710994288939,0.8927621447822,-0.668367075329777,1.55493035484949
"speed_acc","r_wid[wa1a03f2,Intercept]",-0.0167365969079788,0.548961002682303,-0.252708501269025,0.183191944242323,-0.558606315983268,0.464704079011681,-1.00487609820421,1.05918054120724
"speed_acc","r_wid[wa4fe3e4,Intercept]",0.0047162686374213,0.536126836627047,-0.205793152245393,0.235082305250346,-0.514002057924688,0.534581476888711,-1.08597215337139,0.974845913477712
"speed_acc","r_wid[wa5817fc,Intercept]",-0.113396177302129,0.549672529284882,-0.329939213537962,0.125731906437169,-0.678230601453725,0.389002167434853,-1.3079898772787,0.911907468420337
"speed_acc","r_wid[wa6daa50,Intercept]",-0.0592586947234419,0.579679354344547,-0.29860678324878,0.192442338154007,-0.649415930189994,0.494962461271507,-1.20951028957719,1.07001282972809
"speed_acc","r_wid[wa79cf20,Intercept]",-0.0258684196114461,0.640225594156644,-0.292701331346503,0.201447671148639,-0.626148587167173,0.53795659094724,-1.18137074220896,1.1536699561599
"speed_acc","r_wid[wab226bf,Intercept]",-0.137945874345546,0.607316298132149,-0.427263445910399,0.124935139360583,-0.805696087228599,0.408110053571073,-1.3128080432307,1.0211551734569
"speed_acc","r_wid[wab70ec3,Intercept]",-0.0131704613319297,0.520872267152791,-0.239338040373301,0.195289189994074,-0.524592455811295,0.479455512662124,-0.976842408797867,1.05136292626706
"speed_acc","r_wid[wace8728,Intercept]",0.033352349848868,0.582465710295884,-0.214062209094813,0.274152844342242,-0.544623839725818,0.615923848064477,-1.12673619860962,1.29137572821753
"speed_acc","r_wid[wad32437,Intercept]",-0.185845218965686,0.597853996418332,-0.441958348990932,0.0916514805857475,-0.854366557068951,0.35884597319215,-1.41319249547123,0.838800311348447
"speed_acc","r_wid[waf52734,Intercept]",0.183016396379793,0.597253946075756,-0.0908342895859596,0.416229147060849,-0.35019125858393,0.809609991522279,-0.801542538408003,1.44249522500887
"speed_acc","r_wid[waf9be39,Intercept]",0.21139301098362,0.54752828932588,-0.0490862751107864,0.45640484223041,-0.294197547234265,0.804659932431092,-0.735970871789365,1.41886842227526
"speed_acc","r_wid[wafacea9,Intercept]",0.00897949164645605,0.601549346407271,-0.246673543300757,0.261448634800426,-0.575955967563257,0.602799627962605,-1.1694107588078,1.22335437539413
"speed_acc","r_wid[wb0b75c3,Intercept]",0.109067249759885,0.568609708337213,-0.137597780866694,0.350293495986953,-0.425675934072753,0.709435883454327,-0.954586424298824,1.35846309128044
"speed_acc","r_wid[wb2d9807,Intercept]",-0.0195670498343854,0.574358298119915,-0.284392979245242,0.22140077090464,-0.613426429714597,0.585346374753935,-1.19914655134446,1.19024942532824
"speed_acc","r_wid[wb361f36,Intercept]",0.127041486891808,0.529171149042593,-0.123835522354218,0.353594543352247,-0.391228008254048,0.679509458681508,-0.793173814985415,1.28062148739256
"speed_acc","r_wid[wb56c2d3,Intercept]",0.0152878233989588,0.553703206575643,-0.229792672608496,0.258631009269822,-0.549486920664096,0.591246909827381,-1.04484798007525,1.10696452246368
"speed_acc","r_wid[wb5c4def,Intercept]",0.269265248888654,0.624815107791259,-0.028424361958847,0.468897632199064,-0.25596799119111,0.858255235123317,-0.599902413357537,1.64575400288107
"speed_acc","r_wid[wb6ad69e,Intercept]",0.0681377057830401,0.551229068472871,-0.156523718934003,0.280037563144579,-0.431736679043802,0.593020043243281,-0.961348563624576,1.2106299542322
"speed_acc","r_wid[wb772565,Intercept]",0.167454546013878,0.636060679091437,-0.114506190061579,0.409881077996287,-0.39385938623882,0.803600336397167,-0.893493217020375,1.48656742076581
"speed_acc","r_wid[wb85c4ff,Intercept]",0.0592044627854263,0.516861680499452,-0.177974382675673,0.267284657535187,-0.441212847953208,0.580829930151426,-0.868545621972676,1.21352969900427
"speed_acc","r_wid[wb8feabb,Intercept]",-0.0610984735829261,0.510059147422284,-0.284039511255759,0.170062011390939,-0.579281229645002,0.425010431844779,-1.11183636889764,0.861131026322306
"speed_acc","r_wid[wb966154,Intercept]",-0.0932109630095017,0.560062317077596,-0.326451256585717,0.109884368606297,-0.654170563805807,0.413532908643537,-1.14925585916815,0.995630280850555
"speed_acc","r_wid[wbb74717,Intercept]",-0.186772155787866,0.568511030290025,-0.38512185413813,0.0727119975499172,-0.769716184089074,0.322739900612379,-1.47196131127018,0.732502855155231
"speed_acc","r_wid[wbc79189,Intercept]",0.114527883724318,0.605251589368669,-0.160082749883634,0.348983498831073,-0.467567772178678,0.779966443021866,-0.940261141445836,1.48632584589008
"speed_acc","r_wid[wbd0314c,Intercept]",0.154074634723841,0.540148267593352,-0.0769852901688785,0.359559457033117,-0.317023386596723,0.699436078644062,-0.746922496827376,1.29555589820009
"speed_acc","r_wid[wbe2faf8,Intercept]",0.113386639867375,0.595801253379774,-0.135636721454972,0.330659955719792,-0.404948728157007,0.644343464483811,-0.842755877126677,1.23812574818653
"speed_acc","r_wid[wbe569b5,Intercept]",-0.0632963418824601,0.615891046489003,-0.328962630967387,0.164914578388583,-0.672626944633764,0.49524419372921,-1.20971681698822,1.09928105006384
"speed_acc","r_wid[wbe9243a,Intercept]",-0.11714486187648,0.589186263897964,-0.383789612357977,0.151225259721034,-0.743886237664911,0.448818814213852,-1.35445072718705,0.972518705769629
"speed_acc","r_wid[wbf1c81e,Intercept]",0.0827564116016774,0.54781316240628,-0.131887733463149,0.339141592963486,-0.412579372596078,0.653731422846328,-1.05193612734401,1.13286167747649
"speed_acc","r_wid[wc097323,Intercept]",0.0231500125019287,0.590463491154723,-0.218642364122579,0.248908554256638,-0.560996368833183,0.606530781873071,-1.06245125649681,1.15833291044805
"speed_acc","r_wid[wc0a4260,Intercept]",-0.0465148534101751,0.547010376910669,-0.281294098456379,0.199257983009038,-0.621414717320011,0.482761796959991,-1.23956582202162,1.04186229146881
"speed_acc","r_wid[wc16f522,Intercept]",-0.245339532548119,0.599945328557503,-0.482870069828939,0.0294448778518211,-0.86071377891811,0.254728883262219,-1.49826194854758,0.733709754069315
"speed_acc","r_wid[wc263e54,Intercept]",0.251647554729303,0.580832405671923,-0.0329938302158169,0.475774771180101,-0.26912146360846,0.842660815336532,-0.680270637646367,1.5312584994114
"speed_acc","r_wid[wc294ae3,Intercept]",-0.0543339489510206,0.581698496340949,-0.284730871394625,0.208304449422687,-0.647572545513591,0.521619202594417,-1.36028262897432,0.97945817267966
"speed_acc","r_wid[wc43fbaa,Intercept]",-0.120683220919572,0.552144327434744,-0.371868474332531,0.128146551751639,-0.705157400219728,0.405181221842773,-1.34012194847871,0.946686335278779
"speed_acc","r_wid[wc4c38a3,Intercept]",0.217105143716074,0.598004012655931,-0.0601889459790933,0.455045295010043,-0.301174911527292,0.805476099185736,-0.733787890448333,1.38330028337515
"speed_acc","r_wid[wc512962,Intercept]",0.128821449674133,0.540927056206606,-0.109177775835489,0.369542227290999,-0.382430544004003,0.671525663742894,-0.866493890515922,1.22397614167105
"speed_acc","r_wid[wc54132b,Intercept]",0.266557208082216,0.588682532665796,-0.0164899681276135,0.503418390303196,-0.232492759073044,0.854283390873053,-0.683392868575505,1.45332696211541
"speed_acc","r_wid[wc55b6c8,Intercept]",0.263380067767793,0.59345954813634,-0.0383522702938169,0.49692095809717,-0.268663762808094,0.89952745521226,-0.623495412551954,1.56167130276894
"speed_acc","r_wid[wc628bde,Intercept]",0.539489202595077,0.672898066575844,0.0857243408387312,0.851923560411028,-0.0890314788551223,1.35052173267464,-0.456955916853016,2.17212173926713
"speed_acc","r_wid[wc6f0e84,Intercept]",0.103135556191304,0.59124005535707,-0.138624610229867,0.336941974001648,-0.409451425401891,0.724841309351709,-0.950265121666385,1.28767654549829
"speed_acc","r_wid[wc73f4d8,Intercept]",0.101252948645676,0.614777247775845,-0.163085126817427,0.351322339582315,-0.447429562854161,0.716808094557855,-1.04017189024906,1.33740671179839
"speed_acc","r_wid[wc8b5d36,Intercept]",-0.0689053464894818,0.603571948222883,-0.332452888443146,0.170828592636397,-0.689719027593823,0.482266940707998,-1.21698625739561,1.038601501906
"speed_acc","r_wid[wcc033bc,Intercept]",-0.0846171687072588,0.586459071943405,-0.305357676746028,0.185789245945267,-0.687512679670588,0.467193835881292,-1.34859534342317,0.978518788821138
"speed_acc","r_wid[wcc15547,Intercept]",-0.104250820499383,0.55522014477672,-0.354516973718491,0.133186387382879,-0.701355215720524,0.426979686247646,-1.24889385196424,0.958488529785493
"speed_acc","r_wid[wcc4ec90,Intercept]",0.284100039431663,0.563298016320329,-0.00947417334895361,0.513055234086286,-0.198985778829185,0.899176566931683,-0.581514957318223,1.59635458683078
"speed_acc","r_wid[wcd98054,Intercept]",0.361501129861117,0.620238474051101,0.00926260650086347,0.623764363744531,-0.178715138557245,1.04143785968035,-0.563143581002875,1.72675399777256
"speed_acc","r_wid[wd0724cf,Intercept]",-0.0715244911998262,0.620085940705761,-0.291221914780423,0.194355258757134,-0.673070509529762,0.503482475146003,-1.36397329427153,0.99971228544702
"speed_acc","r_wid[wd07cb72,Intercept]",0.132173336764869,0.591293254001183,-0.140062244392889,0.385308496354302,-0.437955701788963,0.772001403442495,-0.933517039656778,1.35785629413549
"speed_acc","r_wid[wd20dd5c,Intercept]",0.245028905788734,0.5680947022753,-0.0374820420255149,0.491629486009246,-0.270766486318836,0.858187697739707,-0.715888025185293,1.48958965758335
"speed_acc","r_wid[wd238f0c,Intercept]",0.211124657392417,0.651023170337725,-0.0680269977500073,0.423861690951685,-0.304194975226195,0.794004078878927,-0.772357637681815,1.57492112618708
"speed_acc","r_wid[wd47555e,Intercept]",0.169365000322331,0.627381382438386,-0.108030196243728,0.417556640181445,-0.388331093791554,0.837126279494546,-0.922205093599764,1.48135810763592
"speed_acc","r_wid[wdab535b,Intercept]",-0.188979261138808,0.622735404210739,-0.461437929942096,0.0954117605294586,-0.876403194490312,0.414275358807679,-1.51814234820303,0.987759179417077
"speed_acc","r_wid[wdad9375,Intercept]",0.315404446168421,0.614297616881988,-0.00955765823342832,0.565583802638372,-0.221281102008306,0.979761787196354,-0.677517238384627,1.64061791042915
"speed_acc","r_wid[wdd486da,Intercept]",-0.14452028374285,0.532965762064398,-0.361175576037952,0.0962711256928408,-0.673825105334622,0.343639256064397,-1.33662102219831,0.727809444451988
"speed_acc","r_wid[wdde7ef1,Intercept]",0.16540504918385,0.590558158989531,-0.100067972904789,0.39955926890537,-0.384569265951425,0.795344368019632,-0.85889872329503,1.44403712634228
"speed_acc","r_wid[wdea5d27,Intercept]",-0.289287363253078,0.577843628866339,-0.51637018186188,0.0129616359671721,-0.893490779855297,0.228361147024675,-1.58403850943665,0.575022918442604
"speed_acc","r_wid[wdfdc927,Intercept]",-0.0295898376435863,0.548315068040032,-0.28244322849323,0.2159704919632,-0.60980979963926,0.538218905575074,-1.1256544757999,1.04963668473437
"speed_acc","r_wid[we10d2c6,Intercept]",0.0169348895628867,0.648997020403112,-0.229436567366365,0.282506345429195,-0.582656243653021,0.650213118541035,-1.2646555541763,1.24233198915404
"speed_acc","r_wid[we1b8e64,Intercept]",0.147258636748829,0.598819127632136,-0.128008031094001,0.402518083362751,-0.411157035446039,0.78974417313078,-0.955324016117565,1.36665076961389
"speed_acc","r_wid[we2434bb,Intercept]",0.103553059449922,0.549415771237144,-0.151746020422733,0.355773310563144,-0.431016946432811,0.699751392883064,-0.939686223874322,1.21108508269598
"speed_acc","r_wid[we245fc8,Intercept]",0.17265048245745,0.554839553241777,-0.0879461175631832,0.392390382059025,-0.332236469424308,0.742704552007812,-0.717049131015975,1.35126183193986
"speed_acc","r_wid[we24a9dd,Intercept]",0.0371591221464466,0.489362347270078,-0.198355509635316,0.238701080238446,-0.46007636476979,0.560687568161078,-0.87482502724222,1.05985630858049
"speed_acc","r_wid[we26c55e,Intercept]",0.105487807117262,0.589082490635291,-0.150286534533842,0.341733052783268,-0.448952609788435,0.697063926337854,-0.956026513568152,1.25964363297784
"speed_acc","r_wid[we38f335,Intercept]",-0.122026692090797,0.620585255191602,-0.377520468944043,0.137331000042372,-0.753238427288256,0.416327693710026,-1.37944272791836,0.953363394053879
"speed_acc","r_wid[we39fc55,Intercept]",-0.517195586360269,0.661442916918011,-0.808636550935666,-0.0874031062798497,-1.24094982710698,0.0789414851796361,-2.03059521126799,0.376228761341339
"speed_acc","r_wid[we40084a,Intercept]",-0.0852836904984294,0.5547315525748,-0.313571945590967,0.149316618004453,-0.654894528566306,0.433276007984841,-1.21037046506834,0.957572761867673
"speed_acc","r_wid[we4edfb4,Intercept]",-0.0922413217062676,0.48564875372487,-0.317697670333646,0.110857480257173,-0.59387068221801,0.37481860932613,-1.03155051427616,0.816123847493301
"speed_acc","r_wid[we55dec7,Intercept]",-0.271860216818967,0.518859080916916,-0.497619316647479,0.00988040329240268,-0.839510533706469,0.209616094589161,-1.50132401720343,0.574159731848265
"speed_acc","r_wid[we58a710,Intercept]",-0.0196209685991672,0.606777507630719,-0.291426342635315,0.241324687866021,-0.615171173572643,0.572802470887622,-1.14568688719697,1.14985252097944
"speed_acc","r_wid[we824ff2,Intercept]",0.0850185364459119,0.536915963392148,-0.158811089786982,0.303986760443936,-0.422748110516558,0.629525312487283,-0.86265433546832,1.2106447931531
"speed_acc","r_wid[we83fa8f,Intercept]",0.245886073868083,0.54273873199481,-0.0310450508540601,0.480232764009003,-0.252522752275017,0.828031569876655,-0.644141960740711,1.41866847076268
"speed_acc","r_wid[we90925d,Intercept]",0.0249564963024541,0.60548605061614,-0.232967922718762,0.268666302411259,-0.564892607539972,0.592616633066136,-1.05389679192806,1.24078878890713
"speed_acc","r_wid[we9631be,Intercept]",-0.0668949381761297,0.577256856661,-0.310860245406535,0.183423381054894,-0.66011593478942,0.485656753455834,-1.25862845588155,1.07976808426542
"speed_acc","r_wid[we9754da,Intercept]",0.00507743726253801,0.524099823393885,-0.20182347158195,0.256232872656352,-0.51155310121262,0.545575708776619,-1.11827708479227,0.962264342475728
"speed_acc","r_wid[wea09e5e,Intercept]",-0.275297515447943,0.666707322445729,-0.537499362899865,0.0459702940292586,-0.921985168466977,0.296070768949642,-1.69060200009197,0.729640337280761
"speed_acc","r_wid[wea8ef8e,Intercept]",-0.265460458728106,0.624174711394611,-0.533017374877489,0.0176638873951687,-0.955481671303925,0.286713729030829,-1.54474749852336,0.781015267943675
"speed_acc","r_wid[webf5097,Intercept]",0.0850048103518854,0.607628969408099,-0.17155247501334,0.319244803543471,-0.464801067157294,0.690473186814382,-0.976253957434668,1.28564911576365
"speed_acc","r_wid[wed3d878,Intercept]",0.121783721784725,0.654963765333837,-0.150082503253697,0.388251885815684,-0.461693685333691,0.796199404717494,-1.05072445529259,1.47705763046421
"speed_acc","r_wid[wee338ab,Intercept]",-0.281806307067023,0.597045682774885,-0.537161690324957,0.0183696664277916,-0.897951179387726,0.230767845704339,-1.57841504263804,0.634306050911063
"speed_acc","r_wid[wf2f2835,Intercept]",-0.0118457729161531,0.561595121423953,-0.253292729886216,0.236797198173817,-0.570828290891306,0.558679831813064,-1.1653101958051,1.1026560450879
"speed_acc","r_wid[wf456a28,Intercept]",0.13905844619407,0.554394447270424,-0.11665862969137,0.35369373875249,-0.390403950743373,0.7067336103239,-0.809576257406662,1.32517336334496
"speed_acc","r_wid[wf469935,Intercept]",0.164194654688085,0.564235345462297,-0.112861880837844,0.430929698326376,-0.382946476239507,0.819222320864123,-0.903246801640672,1.38147804872349
"speed_acc","r_wid[wf537da7,Intercept]",-0.320419469344807,0.589678055018908,-0.56198498979645,-0.00137529493519092,-0.943593948504644,0.200307061122815,-1.64620327575825,0.620583704791486
"speed_acc","r_wid[wf60f9d4,Intercept]",-0.213712831301288,0.595115350266958,-0.406681274092099,0.0607737027057392,-0.777434696964134,0.286040601730844,-1.61948289855232,0.656257677849856
"speed_acc","r_wid[wf63b737,Intercept]",-0.0167214119844905,0.496000843581777,-0.230125430576945,0.211205300246497,-0.520986697126882,0.488386667816048,-0.993795252368832,0.995761666649653
"speed_acc","r_wid[wf63c50b,Intercept]",-0.219974577987889,0.598218855043491,-0.501029329031483,0.0645217681160241,-0.90370725916392,0.348904555079254,-1.55585453637271,0.927173852692962
"speed_acc","r_wid[wf646ea3,Intercept]",-0.0112524609713176,0.553772019141551,-0.268360158552087,0.229772054087065,-0.59179437750896,0.553292020385045,-1.10471427147199,1.0938200741247
"speed_acc","r_wid[wfbb00e1,Intercept]",-0.0883658464870471,0.616516053408621,-0.324024799650681,0.16900263020613,-0.685400197900991,0.481290289805557,-1.34642291723207,0.945411998763261
"speed_acc","r_wid[wfd8b568,Intercept]",0.155049664852321,0.593550139787462,-0.101743665834876,0.407584980527578,-0.402427863897311,0.791673532662503,-0.960708647593044,1.42711989721992
"speed_acc","r_wid[wffba7a1,Intercept]",0.11440297343272,0.553328654353312,-0.134334553442852,0.334269213216946,-0.399070218724963,0.664705055483473,-0.836221208448749,1.3118357182968
"speed_acc","r_wid[w0198d08,log_rt]",0.000656421402657884,0.0651716740173544,-0.0245252239906967,0.0183049226783683,-0.0604343281466928,0.0571750216136228,-0.112194793095414,0.144993557352084
"speed_acc","r_wid[w01da968,log_rt]",0.00823475463592887,0.0729521759136571,-0.0166231077817308,0.0336832858850192,-0.0541450650100616,0.0785268910384385,-0.127194407453034,0.151410551956627
"speed_acc","r_wid[w022dd5a,log_rt]",-0.0200772246619669,0.0772692998490788,-0.0583632000023683,0.00790321306886442,-0.102590009158325,0.0465844568328482,-0.168987011362937,0.141214376416952
"speed_acc","r_wid[w02461c5,log_rt]",0.00955111662113247,0.0664315467570936,-0.014703260600988,0.032351259064886,-0.0490946281173533,0.076325319397405,-0.109282187265037,0.150396238067509
"speed_acc","r_wid[w05ede5c,log_rt]",-0.000245991180985125,0.0599749034281441,-0.0197103050640676,0.0221508175550565,-0.0532018034318955,0.0573050702677028,-0.114678129363214,0.110741693488977
"speed_acc","r_wid[w05f4989,log_rt]",-0.00548007295365381,0.0688416290397692,-0.0274041412751117,0.0189384213570319,-0.0682195380714956,0.0559579005645006,-0.137715088278918,0.116274352971353
"speed_acc","r_wid[w060c642,log_rt]",-0.00579677174670856,0.0664168240838005,-0.0233175115877853,0.0193852216438461,-0.0612473589548074,0.0520512485369906,-0.144623314945838,0.104789905608295
"speed_acc","r_wid[w06d51ce,log_rt]",-0.000508335713797295,0.0674722216368051,-0.0266590321356824,0.0172573612806253,-0.0619591885574735,0.0560167895651898,-0.114167631740717,0.144540980512418
"speed_acc","r_wid[w07271cc,log_rt]",0.0319279519543008,0.0786216375785808,-0.00359850501248604,0.0685081779807256,-0.0356918979988789,0.122501314643107,-0.114025466754677,0.192193042828366
"speed_acc","r_wid[w07f26c1,log_rt]",0.00990831981137571,0.0728182585498707,-0.0185480382284312,0.0272627830518357,-0.0493667075885101,0.0699712802605126,-0.101896842918593,0.166945160283182
"speed_acc","r_wid[w08f65eb,log_rt]",-0.0113747626353648,0.0682006395245433,-0.0411120027879509,0.0138312848846896,-0.0851428578643826,0.049238730923784,-0.146887633320132,0.126041591969385
"speed_acc","r_wid[w0a25e9c,log_rt]",-0.0215457904815682,0.0632730206962592,-0.04595273669071,0.00658734486114057,-0.0887118061979949,0.0330465153453798,-0.166031406956321,0.086914393557507
"speed_acc","r_wid[w0b0ec85,log_rt]",0.00238522721303217,0.0645234028585923,-0.0190990152027414,0.0263132157031735,-0.0560493761857605,0.0650325358824749,-0.132412013982993,0.128456274597092
"speed_acc","r_wid[w0b3246f,log_rt]",-0.00968180155280786,0.0646743594624007,-0.0309407300449125,0.0151216196060004,-0.0732195217953784,0.0480155820136864,-0.144742696435788,0.103704166806298
"speed_acc","r_wid[w0baed73,log_rt]",-0.0140665095366544,0.0672398893104386,-0.0367534069176594,0.0125275432162472,-0.0858308702431006,0.0435901981758429,-0.160198880176124,0.101867749231754
"speed_acc","r_wid[w0c031fe,log_rt]",0.012860429016297,0.064969001257697,-0.0131858106786287,0.0322869455193519,-0.0418705473656103,0.0722446273892031,-0.0866980389246446,0.159681085970396
"speed_acc","r_wid[w0d04a41,log_rt]",-0.0211648915903297,0.0730965610452705,-0.0465271485945198,0.00742836488831447,-0.0918840325900227,0.0372299240197678,-0.17634094700768,0.103675465915621
"speed_acc","r_wid[w0d62ec5,log_rt]",-0.000790568901208966,0.0661630993299156,-0.0230921870603294,0.022332280276425,-0.0629732394382764,0.0603444895239244,-0.130534245040374,0.132655543602296
"speed_acc","r_wid[w0db2e6f,log_rt]",0.00833943106942877,0.0698763691821029,-0.0166030491298481,0.0313767215145923,-0.0532474282994881,0.0765465440496012,-0.117035449881367,0.156453655265039
"speed_acc","r_wid[w0ef0b67,log_rt]",-0.0108620012684554,0.0825978207277676,-0.0432293869027995,0.0127976892783149,-0.0892468913419392,0.0516502868296132,-0.150442305029521,0.139102214708852
"speed_acc","r_wid[w0fd8c2c,log_rt]",0.00133116779900788,0.0642060436799209,-0.0210958140822508,0.0240429019169284,-0.0592533173278551,0.0583748054227935,-0.125656312542627,0.126579479122178
"speed_acc","r_wid[w10f7bc5,log_rt]",-0.00165940400045843,0.0645495374642556,-0.024063664647304,0.0201204098493645,-0.0617723327678966,0.0597260166053219,-0.127412088182038,0.127733086949555
"speed_acc","r_wid[w11538ef,log_rt]",0.0109941067373969,0.0664488789373323,-0.0132379308288189,0.0370145384769824,-0.0476074674797135,0.0809057211061401,-0.118159013888502,0.1458293222663
"speed_acc","r_wid[w117e095,log_rt]",-0.00109242253609313,0.0681951304298474,-0.0274594776026399,0.0205402280187482,-0.0664310412139142,0.0620542136687387,-0.132320386764041,0.135514578818439
"speed_acc","r_wid[w13e388b,log_rt]",-0.00499656337980106,0.0644834440885046,-0.0294809145520632,0.0186725851093707,-0.0673251414620467,0.052502161404541,-0.135359549389743,0.122272762244524
"speed_acc","r_wid[w14cb402,log_rt]",-0.00170289110822472,0.0612239052700533,-0.0256658009396666,0.0198926804055856,-0.0594435496399681,0.0540839537295174,-0.119104871496292,0.127879343407744
"speed_acc","r_wid[w1571d58,log_rt]",8.81991131657714e-05,0.0619268326074613,-0.0239675632884469,0.0231229229516367,-0.0591681242619041,0.0587431196199224,-0.122916698021525,0.124842102018058
"speed_acc","r_wid[w1629b0b,log_rt]",0.00939625565875248,0.0679281038117588,-0.0144682086418736,0.035435113710411,-0.0513667654745205,0.0780004635718924,-0.113552878370902,0.147648598413061
"speed_acc","r_wid[w16b46ff,log_rt]",0.00481589423211436,0.0696176453728048,-0.0226328951927179,0.0227630484958354,-0.056598570394002,0.0632510318262687,-0.109153682895503,0.155510679103095
"speed_acc","r_wid[w182a5f6,log_rt]",-0.00140891861939143,0.065114036166419,-0.0234175750642893,0.0217938948500085,-0.0646700978553331,0.0613600855485117,-0.134038375108351,0.130064736070098
"speed_acc","r_wid[w19d0170,log_rt]",0.0186424012157096,0.0701409118706201,-0.00911373233102504,0.049021087156038,-0.0427760476379521,0.0952278073719634,-0.118107671842351,0.158632213297215
"speed_acc","r_wid[w1d52e8b,log_rt]",0.00628361684878333,0.0681605994810529,-0.0150647437897713,0.0307910279488916,-0.0468313536810118,0.0682666997825935,-0.113367234284496,0.14114557326986
"speed_acc","r_wid[w1d9c2fb,log_rt]",-0.0193686218851173,0.0654201141127059,-0.0428472580255876,0.00801431409296189,-0.0869784252578629,0.0336903308595241,-0.160893856093155,0.0960930226153388
"speed_acc","r_wid[w1eadd53,log_rt]",0.00625554382931452,0.0696624607478663,-0.0140710337909905,0.032207344229126,-0.0499064503640478,0.0731759668058276,-0.12053788000262,0.128871393026307
"speed_acc","r_wid[w1ef67ab,log_rt]",0.0147301205592766,0.0614768497202001,-0.0100034650966337,0.0367557798218222,-0.0386314491197781,0.0783590044514995,-0.0915045204854929,0.140797681075021
"speed_acc","r_wid[w227f955,log_rt]",-0.00116675655526424,0.0664623318494077,-0.0229911355312841,0.0242848779233826,-0.0615794798418424,0.0600265193278473,-0.129598817412499,0.120974981277534
"speed_acc","r_wid[w245142a,log_rt]",-0.00127610613066424,0.0671294963234624,-0.0237571411596114,0.0207554511585132,-0.0639600932598513,0.0604329962394944,-0.128294600734214,0.126461222346804
"speed_acc","r_wid[w2457106,log_rt]",-0.0208808330648812,0.068227983267524,-0.0491558860329742,0.00657313800689729,-0.0983232297475865,0.03710207370425,-0.157910469358719,0.110820003048984
"speed_acc","r_wid[w249e8ce,log_rt]",0.00188448583395832,0.0615738543370558,-0.0246538351069787,0.0226998254661861,-0.0596536567149751,0.062432337103002,-0.108081602267474,0.139614117352386
"speed_acc","r_wid[w277fccf,log_rt]",-0.00961255624421008,0.0690960380051866,-0.0318543909980852,0.0158107932863168,-0.0757653881715657,0.0491062507625024,-0.150344158712066,0.111269150147917
"speed_acc","r_wid[w27e1de9,log_rt]",-0.00754557137500238,0.0663507634413672,-0.0337142971034187,0.0166336712587246,-0.0730771629501555,0.0511316186877855,-0.146190361650544,0.111850018935135
"speed_acc","r_wid[w2991322,log_rt]",0.0125933541573667,0.0672137230222346,-0.0140721855280368,0.0347522492060823,-0.0438676229673726,0.0781085082441565,-0.0998880787900804,0.163339483951221
"speed_acc","r_wid[w299c268,log_rt]",-0.0126016511942108,0.0710117415244801,-0.0303043232580777,0.0136240337795109,-0.0710580968222098,0.0438574924961197,-0.155031274663558,0.0924580587266428
"speed_acc","r_wid[w29ed098,log_rt]",-0.00540413079185188,0.0670990157801521,-0.0278623933499079,0.0181236618273147,-0.0703653955270757,0.0566754877251677,-0.138044842921379,0.117636015030728
"speed_acc","r_wid[w2a7296e,log_rt]",0.00116156332053774,0.0710804006131553,-0.0224085684410189,0.0243143712786496,-0.0587902430604792,0.0623465123054791,-0.132269433577714,0.131599220188385
"speed_acc","r_wid[w2bc0b21,log_rt]",-0.00992459324452107,0.0683685037860178,-0.0314059355871146,0.013416625385889,-0.072637820714816,0.0440015049695114,-0.150862071749781,0.107751243114533
"speed_acc","r_wid[w2c1f2f7,log_rt]",0.00393814296698198,0.0648063430805758,-0.0216705210603141,0.0279433394020653,-0.0581949073662088,0.0680683890019914,-0.127699672754926,0.138283597071013
"speed_acc","r_wid[w2c75db7,log_rt]",0.00420430613716795,0.0734518588431623,-0.0165155384002762,0.0291261396850627,-0.0555403279218536,0.0724008460824054,-0.132737672930184,0.137814994769193
"speed_acc","r_wid[w2cb5760,log_rt]",0.0066652877728856,0.0650994488404886,-0.0171718776016112,0.0296854928415891,-0.0521726434039198,0.0712824210958862,-0.121958863466263,0.144303490772412
"speed_acc","r_wid[w3002e39,log_rt]",0.0137117006411917,0.066554470110782,-0.0118072801915373,0.0394775948408014,-0.0446791729882155,0.0856864302331689,-0.108689428485733,0.150243765666731
"speed_acc","r_wid[w308aa07,log_rt]",0.00555186772114589,0.0707250576406386,-0.0196111129844234,0.0304934631507976,-0.0566764654154046,0.0707142791018731,-0.123717269128362,0.136763877035694
"speed_acc","r_wid[w30e05e4,log_rt]",-0.0134496464662327,0.0707155049599056,-0.0384447198716142,0.0137682479185342,-0.0828078648422015,0.0482982134347692,-0.164410468645591,0.114848212147979
"speed_acc","r_wid[w311c43d,log_rt]",0.00239604791836902,0.0619016871680889,-0.0196064091543252,0.0219000877892274,-0.054280390427946,0.0569568914106303,-0.116848799962873,0.133011517200606
"speed_acc","r_wid[w313d7aa,log_rt]",-0.0172232656537856,0.0818123037859751,-0.0514898131471298,0.00913263125484753,-0.105333550646132,0.0494184273278893,-0.179852010803616,0.167560853190038
"speed_acc","r_wid[w31b60c3,log_rt]",-0.0156195813642812,0.0726667597353154,-0.0423164024087118,0.011843029077466,-0.0865236244598274,0.0451448373168134,-0.155162408009472,0.106876304993226
"speed_acc","r_wid[w3327d2a,log_rt]",0.00250914507956237,0.0703873886353375,-0.0229583658036121,0.0245983842385541,-0.0609259576465996,0.0680267063521296,-0.134024458132115,0.145704535579442
"speed_acc","r_wid[w35dbe71,log_rt]",0.00631019616725823,0.0686456155959435,-0.01768126909219,0.0281895535790374,-0.0531729548239747,0.0719360788091015,-0.114740648149034,0.138730240418562
"speed_acc","r_wid[w365c8db,log_rt]",0.00265842716543935,0.0694294216196604,-0.0177797958382535,0.0267742250589398,-0.0571476145203891,0.0634767613757325,-0.125844984444123,0.131627396301634
"speed_acc","r_wid[w367fa57,log_rt]",0.0227452880810198,0.0805474956723078,-0.00600210218605745,0.0610262329795242,-0.0416700115422879,0.113612765551263,-0.139043924473184,0.169933329562431
"speed_acc","r_wid[w36b3d2f,log_rt]",0.012366318805875,0.0691678397641359,-0.0125588979422156,0.0371918103234834,-0.0458504443623217,0.0830371360664558,-0.114856432601538,0.149115191864942
"speed_acc","r_wid[w383e1fe,log_rt]",-0.0180317092610327,0.0736843082350773,-0.0444137991237851,0.00905748077023917,-0.0936191567014185,0.0420176458802331,-0.170330008391964,0.117673973774625
"speed_acc","r_wid[w38a9dbf,log_rt]",-0.00655798849413201,0.0627058522761418,-0.0280057356535375,0.0172697290473581,-0.0669137052482538,0.0484900756691369,-0.132950713653483,0.106648100546496
"speed_acc","r_wid[w397496b,log_rt]",0.0264057772627649,0.0779415350204659,-0.00514408504608232,0.0578959612716908,-0.0364339466335815,0.113248818984057,-0.113842490365162,0.185406121310955
"speed_acc","r_wid[w3acba24,log_rt]",-0.00648694480183104,0.0660332661250806,-0.0324740272981672,0.0135954763307662,-0.0718345265923769,0.0481267150399961,-0.129348844946065,0.125819261057068
"speed_acc","r_wid[w3b16ba3,log_rt]",0.0104070697828286,0.0651584501120074,-0.0145637769158031,0.0341315092062941,-0.0482782058244798,0.077022420203093,-0.112164543989852,0.147171272580714
"speed_acc","r_wid[w3c1c747,log_rt]",-0.0231154269626622,0.0744113863616741,-0.0589958792532849,0.00747396856605835,-0.106718413896409,0.0424105085568996,-0.18053582929486,0.136612013486589
"speed_acc","r_wid[w3c538ad,log_rt]",0.00639356553105743,0.0700097861744896,-0.0161004264280466,0.0321743846937095,-0.051523848652563,0.0717902465297906,-0.120762890767631,0.131429038563433
"speed_acc","r_wid[w3d5caa9,log_rt]",0.00857624286236828,0.0739161180086145,-0.0157384773199934,0.0341648719799116,-0.0551553380842161,0.0807272989938963,-0.126255965891894,0.149881895143307
"speed_acc","r_wid[w3f5fa74,log_rt]",-0.011651914809658,0.0699112675217981,-0.0431798894291309,0.0113847445446379,-0.085376012416288,0.0477679022994535,-0.136154423341696,0.144849008062859
"speed_acc","r_wid[w3fb3b5b,log_rt]",-0.0100933944348407,0.0654764611461809,-0.0342152797246998,0.0125656808540016,-0.0770493791164637,0.0471254993707185,-0.141836099326107,0.113261818600697
"speed_acc","r_wid[w3fc2d2c,log_rt]",0.0108613401602717,0.0684157449866427,-0.0144592698228516,0.0343863264887216,-0.0464973375902162,0.0777087614012892,-0.114080774252654,0.15186495462408
"speed_acc","r_wid[w3fdf5b1,log_rt]",-0.0039260557444463,0.0710845343408862,-0.0289752440072168,0.0174032424124862,-0.069518414175696,0.052873082605646,-0.135264727141724,0.120999072318246
"speed_acc","r_wid[w409b474,log_rt]",-0.0055782417748833,0.0715977756840545,-0.0299850964806015,0.0162011353004792,-0.0729838013907045,0.056128035587486,-0.145551625653994,0.135546464841158
"speed_acc","r_wid[w4400cbf,log_rt]",-0.00645228949551946,0.0668215849096255,-0.0259592307841245,0.0176338389044392,-0.0658633243568841,0.052159028396062,-0.14266511718652,0.108920478634495
"speed_acc","r_wid[w44c6cc9,log_rt]",-6.57119712748423e-05,0.0688542962333542,-0.0212285689078103,0.0251001570190023,-0.0593197670230347,0.0614306244766744,-0.140074684922135,0.124846637462996
"speed_acc","r_wid[w44f5ace,log_rt]",-0.00469451631014686,0.0689028432232681,-0.0300682525369269,0.0171833046013953,-0.0698455394451275,0.0546597750489311,-0.13980762435493,0.130585535213
"speed_acc","r_wid[w479605b,log_rt]",0.00413368543424601,0.0651286715824559,-0.0188875782927338,0.0275662759885153,-0.0556581781297084,0.0717194487094813,-0.127040146946553,0.131350798070832
"speed_acc","r_wid[w496c8be,log_rt]",0.00312753234024166,0.0679618245303425,-0.0202455828946896,0.0276230625470151,-0.0578664863859566,0.0664052414395016,-0.135087161249917,0.136364013644904
"speed_acc","r_wid[w49d88d0,log_rt]",-0.027637374817533,0.0678926195839873,-0.055294995478529,0.00487281695281621,-0.104522159207186,0.0323709021779296,-0.191374558330571,0.0834596454420333
"speed_acc","r_wid[w4a66ba2,log_rt]",-0.0137659403290606,0.0673267890849128,-0.038788550960999,0.0106443518291928,-0.0803032854678794,0.040060812943337,-0.156420857943903,0.111449298170143
"speed_acc","r_wid[w4a907eb,log_rt]",-0.00436618113809116,0.0695022730931041,-0.0334282332248445,0.0137247807982703,-0.0720213853795616,0.0583664793188761,-0.124607028825829,0.143640916267888
"speed_acc","r_wid[w4b6424d,log_rt]",-0.0148651412750515,0.0640928309937747,-0.0354107869386199,0.0115991498603194,-0.0784900315912347,0.0394514031304437,-0.15666167220448,0.097160753467975
"speed_acc","r_wid[w4bf9dec,log_rt]",-0.00904605078513213,0.0657470555745708,-0.0347048287425797,0.0140203628805124,-0.0748164120929019,0.049319748592544,-0.142832293054123,0.115105106490279
"speed_acc","r_wid[w4c2a923,log_rt]",-0.00481613003277324,0.0640061350018741,-0.0316420462093741,0.0145638547985889,-0.0700717236027226,0.0493770411845017,-0.119870075807155,0.148986098544291
"speed_acc","r_wid[w4cc863f,log_rt]",-0.00699143563227068,0.0626217307454833,-0.0283317012636548,0.0155755356049908,-0.0655406424665111,0.0473994494593594,-0.133424498308381,0.108622476369498
"speed_acc","r_wid[w4ccf510,log_rt]",0.00795006273575633,0.0666140804099907,-0.0167172907772473,0.0311854943322425,-0.0508011317682791,0.0775288405300538,-0.120341711243306,0.149873376413898
"speed_acc","r_wid[w4db7ccb,log_rt]",0.00618328673579917,0.0697913231252423,-0.0154603355946276,0.0318515440813566,-0.0529816966224613,0.0726672198007997,-0.130089014696946,0.127835048519159
"speed_acc","r_wid[w4dce7b5,log_rt]",-0.00235202060197166,0.0717199891422603,-0.0264512148154627,0.0206313247962479,-0.0652318940778051,0.0599292576563677,-0.140533403654406,0.13563959253662
"speed_acc","r_wid[w4dd7b34,log_rt]",0.00705416187211898,0.0674242382715402,-0.0192377305770207,0.026834005357188,-0.0512431234727315,0.070055979259747,-0.102235285334065,0.150815953933772
"speed_acc","r_wid[w4ed0320,log_rt]",0.0105063536515315,0.0634549300262224,-0.0146718536706956,0.0344970856305997,-0.0478229672354695,0.0793241312558882,-0.109390383433655,0.144776534893224
"speed_acc","r_wid[w504748f,log_rt]",0.0132866473279965,0.0668553005921881,-0.0120172727584728,0.0368094633053163,-0.0431670630269654,0.0801315261079719,-0.10873827612343,0.154708552699916
"speed_acc","r_wid[w5092120,log_rt]",0.00452854275148904,0.0658086118712033,-0.01901849714455,0.0310588971818526,-0.0581413483742312,0.0752909747727098,-0.131387076226198,0.136404660403096
"speed_acc","r_wid[w50c12e5,log_rt]",0.00416838191660153,0.0668256433467459,-0.0175730577909941,0.0284173177865394,-0.0522609400460817,0.069640522501363,-0.13294675156951,0.131886988865955
"speed_acc","r_wid[w51664f0,log_rt]",0.0119370563896929,0.0675688261742033,-0.0135233731530427,0.036370119827969,-0.0478844812539082,0.0827018968710401,-0.11742106758834,0.155896519486884
"speed_acc","r_wid[w53209bb,log_rt]",-0.0134930330888093,0.0627081057692942,-0.036535176834895,0.0106542407711012,-0.0756257966916748,0.0408781894237921,-0.140386630967982,0.107763829551632
"speed_acc","r_wid[w53b40c8,log_rt]",0.00432451463121532,0.066307018792854,-0.0201504869174441,0.0274716287682291,-0.0570389100669886,0.0656757889664039,-0.120096408806498,0.144492032282313
"speed_acc","r_wid[w54c2956,log_rt]",0.00581064652674584,0.0624355911450419,-0.0177468151888013,0.0268832607391985,-0.0522915721265615,0.0662234616598298,-0.113765288729359,0.136965926459301
"speed_acc","r_wid[w5685230,log_rt]",0.0138495864749834,0.0650232320238898,-0.0125315595905936,0.0370943115984479,-0.0418241724749236,0.0810270823130446,-0.0972621665810845,0.151771953904552
"speed_acc","r_wid[w56b42b0,log_rt]",-0.0104897318912535,0.0655095193255571,-0.0332520160280158,0.0139433355114113,-0.0769113263352009,0.0466612655696902,-0.14963499100442,0.107650242975093
"speed_acc","r_wid[w580c449,log_rt]",-0.00975189679147165,0.0759340536582324,-0.0325615100459671,0.0161592821770851,-0.0751804668289697,0.051324334828974,-0.14486007071751,0.123470850114254
"speed_acc","r_wid[w593f4a8,log_rt]",0.00434554605855017,0.0648960855733476,-0.0193081474290169,0.0272282244586105,-0.0564638744856398,0.0683171659222857,-0.121560197467805,0.138064718325898
"speed_acc","r_wid[w59b3a22,log_rt]",-0.00188163168699691,0.0600472242449297,-0.0202047607759143,0.022920342917956,-0.0601618185698759,0.0550362753507002,-0.127891168398003,0.103039463591378
"speed_acc","r_wid[w59c9d33,log_rt]",0.00586971417459309,0.0651027590903369,-0.0168325192021683,0.0330786842098315,-0.0546249837372503,0.0718010358196593,-0.12822224980085,0.12725458483289
"speed_acc","r_wid[w5ab5786,log_rt]",0.00683299074418736,0.0681072606825249,-0.0175468524876244,0.0322695469534,-0.0544330751372675,0.0742481310348517,-0.114709735196917,0.148836905121337
"speed_acc","r_wid[w5d6df14,log_rt]",-0.0291547284691767,0.0731717120330729,-0.0642755654538798,0.00276803440046536,-0.109986305232946,0.0322025575764059,-0.174220904923981,0.111343381837487
"speed_acc","r_wid[w5ec388a,log_rt]",0.00238837177402053,0.0723868534198621,-0.0206315989300344,0.0300356417494605,-0.0607967634754812,0.0714116162261179,-0.134765308426595,0.138754473198661
"speed_acc","r_wid[w5f010fa,log_rt]",0.000780207630764048,0.0624799885662542,-0.0228094669646086,0.0211733122209433,-0.0602658775033754,0.0600842105198519,-0.124484537926738,0.142314668166957
"speed_acc","r_wid[w5f68d79,log_rt]",0.00906297197830233,0.0689944141258165,-0.0153485020719113,0.0346023383783439,-0.0491371169963832,0.0775086784424306,-0.119514286387397,0.14278059015836
"speed_acc","r_wid[w5fb19e8,log_rt]",0.013224423817033,0.0712880138772964,-0.0119651265911544,0.0387324865094085,-0.0478918732657807,0.0842860597619331,-0.116580419521069,0.156822720723181
"speed_acc","r_wid[w601970c,log_rt]",-0.0107142549974149,0.0788193813748083,-0.0423394426752835,0.0158605909604025,-0.0883504227095308,0.054502210453307,-0.154459014381926,0.14752800818483
"speed_acc","r_wid[w605fd50,log_rt]",-0.000830137630136394,0.0710505105575329,-0.0244153452354665,0.0200942032255518,-0.0661725077551909,0.0577172831242669,-0.126412880098831,0.12790235603267
"speed_acc","r_wid[w60e6ea8,log_rt]",-0.00751371999813331,0.0669084009567627,-0.0293693700178046,0.017200129849141,-0.0707646088430372,0.0510168654278236,-0.149217462196783,0.112040426079677
"speed_acc","r_wid[w610dd08,log_rt]",-0.00327334240461958,0.0650705855291782,-0.0276009091766306,0.0173156375220193,-0.0680313040198652,0.0557268206075551,-0.125456678715999,0.131049906560153
"speed_acc","r_wid[w612200e,log_rt]",0.00466097781104509,0.063015972079306,-0.0214967754346894,0.0230234415722117,-0.0566578582365017,0.0667466995760189,-0.106684139358698,0.151709906944621
"speed_acc","r_wid[w61b360a,log_rt]",0.00225248956973691,0.0653647527374839,-0.0225734763611071,0.0204346288341316,-0.05592866031562,0.0540775666413455,-0.107372568491667,0.14218947854484
"speed_acc","r_wid[w63ea659,log_rt]",-0.00149955487381601,0.063585287622203,-0.0244574932250122,0.0198250330894865,-0.0621667645757066,0.0621238295283391,-0.129085133294419,0.132147869588097
"speed_acc","r_wid[w6849aab,log_rt]",0.0190343696755839,0.0675533991031854,-0.00874281490959506,0.0427889993573654,-0.0379753121665231,0.0882814277040916,-0.101661440151492,0.167865298619231
"speed_acc","r_wid[w6870249,log_rt]",-0.0108827879089282,0.0653244292111611,-0.0332261545455051,0.0132489341913783,-0.0747687111612741,0.0439968075629435,-0.153813124273808,0.102201352579209
"speed_acc","r_wid[w68730bb,log_rt]",0.00119919756476619,0.0714768249766571,-0.0247627732784947,0.0249344976625844,-0.0617645307288805,0.0646609793167076,-0.126043295955348,0.132516558762008
"speed_acc","r_wid[w68e5aed,log_rt]",-0.0102095098306193,0.0611420740089452,-0.032078421979882,0.0122870496189063,-0.0716906987557109,0.0435411691111536,-0.140697210477459,0.101638676143798
"speed_acc","r_wid[w6a59bb5,log_rt]",-0.0128364725631427,0.0709979251520022,-0.0314227286135028,0.0151875235892651,-0.0743616817976279,0.0443139733233361,-0.16750333589129,0.0999804499914616
"speed_acc","r_wid[w6bec3e7,log_rt]",0.00204696337216564,0.0664803555601576,-0.0212815715709004,0.026028107261329,-0.0588096842849187,0.0667565995901788,-0.123202484134725,0.137390989096672
"speed_acc","r_wid[w6cbe87c,log_rt]",0.0154586450979127,0.0668296543035959,-0.0109592282555991,0.0412293128967226,-0.040227279678769,0.0865536775375482,-0.105451670923693,0.159691147009416
"speed_acc","r_wid[w6dd030e,log_rt]",-0.00141584596610665,0.0618248703492545,-0.0238951310274521,0.0225845062537601,-0.0631117097401174,0.0576684176546123,-0.12907413011347,0.122183911842821
"speed_acc","r_wid[w6ea0c26,log_rt]",-0.00719461367594762,0.0637921820584123,-0.0327531466297099,0.0166799015195344,-0.0723124511910474,0.0472293189920645,-0.135290558785979,0.123249037245772
"speed_acc","r_wid[w6eb92cc,log_rt]",-0.00700988117711494,0.0691550912542333,-0.0358129068410734,0.0141810670677484,-0.0771078014170606,0.0520292040169273,-0.138336167013013,0.136204712026186
"speed_acc","r_wid[w7232115,log_rt]",0.00750594741450138,0.0679174682817554,-0.0187098225472303,0.0298380835195741,-0.0549840842865827,0.0746108923443423,-0.121870635348374,0.144622220722469
"speed_acc","r_wid[w737e6e4,log_rt]",0.00749395618966921,0.0725526832456937,-0.0158885417600238,0.0336366755860827,-0.0540854947388209,0.0760021600022913,-0.134023016086338,0.143274155173764
"speed_acc","r_wid[w768a02c,log_rt]",0.00383728846890196,0.0665867474559679,-0.0186276322673144,0.0276700848112898,-0.0577324897828102,0.0684522124875567,-0.130876636412213,0.135174496841674
"speed_acc","r_wid[w77b72cf,log_rt]",0.0105920526279562,0.0636054309831398,-0.0119695436862423,0.0357408092936619,-0.0466211681835721,0.075573158089536,-0.116355363997035,0.141815931069981
"speed_acc","r_wid[w7800d0f,log_rt]",-0.0154422223218345,0.0609501318133461,-0.0358409160492227,0.0112296945825345,-0.0802523325633966,0.039703401851049,-0.156758480391608,0.0840652651116972
"speed_acc","r_wid[w786d2f3,log_rt]",-0.0223839875068536,0.0849996908860863,-0.061449491581463,0.00535581315454886,-0.11201388636843,0.0390230960792734,-0.172670893979921,0.145104370227954
"speed_acc","r_wid[w7a2af65,log_rt]",-0.0175515744868652,0.0722013262876832,-0.0492778321646603,0.00922790162746999,-0.0964183455802381,0.0459037205381464,-0.160367569502347,0.129099890653386
"speed_acc","r_wid[w7a38a77,log_rt]",0.00577849367839509,0.067319565747806,-0.0202009764823923,0.0255222317828534,-0.0541871984281745,0.0650830343221979,-0.107090497870027,0.15042242015191
"speed_acc","r_wid[w7bfe168,log_rt]",-0.0108662426096366,0.0631559422351137,-0.0355756799653906,0.0135193295107721,-0.0756688139036678,0.044230358664185,-0.140415134650042,0.102841784630785
"speed_acc","r_wid[w7dbf1a9,log_rt]",-0.00493607997422936,0.0618628227551066,-0.0286835483919865,0.0149169449334083,-0.0635171932598613,0.0504349381007419,-0.125957267952034,0.126753596419987
"speed_acc","r_wid[w7f5e428,log_rt]",0.0140098073932017,0.073389511169155,-0.00909945990809574,0.0437859046219044,-0.0410751830674844,0.0878477923861953,-0.135281264465893,0.146394849727467
"speed_acc","r_wid[w7f90916,log_rt]",-0.00371641676993069,0.0668768574676566,-0.0269976701133995,0.0189338304520268,-0.0704679100271107,0.0552334190021927,-0.139843429844559,0.126456696986342
"speed_acc","r_wid[w82f4ec0,log_rt]",0.00227368792253937,0.064662763505689,-0.016121755001836,0.0275736704728592,-0.0503546384837374,0.0625983514103268,-0.13240088420215,0.113077956955662
"speed_acc","r_wid[w8363ab3,log_rt]",0.000546845581205122,0.0628614384050334,-0.0186793083059488,0.0271464726623695,-0.056231615886395,0.0610767722882514,-0.136713918748556,0.111962444616275
"speed_acc","r_wid[w83687da,log_rt]",0.0137562683662447,0.0619417290699304,-0.0107396905654721,0.0343690833349722,-0.0406645158970261,0.077669818604355,-0.10129681273907,0.157283436264074
"speed_acc","r_wid[w8843fd3,log_rt]",0.00514899263472084,0.0665420273025775,-0.0155772367291824,0.0303787084117335,-0.0513951473472123,0.0702294623341707,-0.133576188067756,0.135733648018994
"speed_acc","r_wid[w88c84d1,log_rt]",-0.00616711631975677,0.0601935581459975,-0.0305964191593868,0.013746318432623,-0.0678305679609505,0.046700006174048,-0.118688957101259,0.115025113432383
"speed_acc","r_wid[w88e738d,log_rt]",-0.0128799862981476,0.0671065235081478,-0.0364598201873361,0.0103612065624593,-0.0768250437254037,0.0411660505634712,-0.142119357505474,0.110827578085962
"speed_acc","r_wid[w896f77a,log_rt]",0.00554561535424727,0.0674646811014195,-0.0194368712924754,0.0299365210122554,-0.0540766027579103,0.0716681943826617,-0.122625859570348,0.14171920526032
"speed_acc","r_wid[w8d745f1,log_rt]",0.0102792002619192,0.0660304487632045,-0.0138832238739081,0.0312885430725972,-0.0482257798877667,0.0730324639224341,-0.105698604178649,0.151366591462194
"speed_acc","r_wid[w8de3f64,log_rt]",0.00580089008945928,0.0710312362947828,-0.021903048521598,0.0245704814115922,-0.0570419200371172,0.0659158892319747,-0.109443460996331,0.153342953042603
"speed_acc","r_wid[w8e07aa1,log_rt]",-0.0304091530826037,0.0761535637615967,-0.0661252961813683,0.0039109949407315,-0.114518777032224,0.0340923403036792,-0.184829625869676,0.106256413165472
"speed_acc","r_wid[w8efa7d8,log_rt]",0.00274361366248587,0.0672863985829815,-0.0194711649880293,0.0283029588856031,-0.0575217201254368,0.0680155402506827,-0.136052560819378,0.132398249262519
"speed_acc","r_wid[w9051394,log_rt]",-0.00208889887505518,0.0726626282574882,-0.0248574866024526,0.0212596423367682,-0.0647506215126509,0.0629199597832744,-0.127106413635587,0.123653039984524
"speed_acc","r_wid[w90f4896,log_rt]",-0.00847493221321318,0.0661348445662499,-0.0318990492295107,0.0156011493663191,-0.0754578594400665,0.0516764897573252,-0.145178053032432,0.112357584991425
"speed_acc","r_wid[w9173175,log_rt]",-0.000734565290235762,0.0641098647675529,-0.0218465464678175,0.0230218672792914,-0.0582098162754627,0.0579282044851881,-0.128293247698075,0.124715133287135
"speed_acc","r_wid[w9182e0b,log_rt]",0.000806987576239145,0.0569858070738351,-0.0197411218287629,0.0220074340843595,-0.0547217441331565,0.0605518909150827,-0.121195956021847,0.118084980471093
"speed_acc","r_wid[w924a500,log_rt]",-0.00623768635360771,0.0641299450745778,-0.0303021908059787,0.0176998594307686,-0.0704790077932314,0.0520381937673649,-0.132818067793938,0.111593299625492
"speed_acc","r_wid[w941cd9f,log_rt]",0.00641416242115459,0.0646645124184603,-0.0150381408021265,0.0312607623911483,-0.0486482249428904,0.0718738090149269,-0.126598565511487,0.138240946813085
"speed_acc","r_wid[w95167ae,log_rt]",0.0118427779951527,0.0649343866475801,-0.0116264020054894,0.0364327419966529,-0.0416687893609666,0.0794482971671072,-0.103277744135483,0.13995896815001
"speed_acc","r_wid[w960c4a6,log_rt]",0.0139692590524017,0.0694991718573366,-0.0106652915224523,0.043108882779369,-0.0448996886472948,0.0867288442528822,-0.11403367047902,0.153129497015648
"speed_acc","r_wid[w962c662,log_rt]",0.00244496945043088,0.0661157368085892,-0.0222891787997944,0.0245940696479309,-0.0580886952155118,0.0655362340812418,-0.118826758155805,0.140112784070672
"speed_acc","r_wid[w9a08173,log_rt]",-0.0077802195569236,0.0706333751161276,-0.0332162185795561,0.0131147568971909,-0.0715628777919817,0.044428212365161,-0.133229753433887,0.128389410729316
"speed_acc","r_wid[w9a0bd8d,log_rt]",0.00299361044562323,0.0663822904081256,-0.0176696829804739,0.0278438677164831,-0.0545097627913513,0.0664415453722178,-0.13018599166404,0.126692816047554
"speed_acc","r_wid[w9b641f6,log_rt]",0.00540943906434516,0.0631345965162809,-0.0172019417531737,0.0256071396028753,-0.0509900694635724,0.0629060941062917,-0.111830562969195,0.131858688964822
"speed_acc","r_wid[w9b9abef,log_rt]",0.00636423785311699,0.0601600508013669,-0.0155252065107771,0.0302368005217904,-0.0465524697767491,0.0664198962306952,-0.111569532506545,0.12211418120666
"speed_acc","r_wid[w9bde09f,log_rt]",0.0259360472232977,0.0698381608900182,-0.0056710491727477,0.0542004143083023,-0.0311433008448458,0.104760210957707,-0.0865888715255062,0.183762904306485
"speed_acc","r_wid[w9cf2bd7,log_rt]",0.00775683411657727,0.0602032252976116,-0.0171290370573596,0.0293947894725191,-0.0483925110290728,0.0687613726327803,-0.100700584459044,0.135115851641158
"speed_acc","r_wid[w9f7c438,log_rt]",0.0105137204660346,0.0690483530498418,-0.0136084810984991,0.0353844699265446,-0.0471125255908895,0.0795228473804561,-0.120023347752527,0.151585477484424
"speed_acc","r_wid[wa022482,log_rt]",0.0175198792509227,0.0648693481282266,-0.00840891920773132,0.0429395125120014,-0.0359084920378631,0.0873843860764585,-0.101602054384834,0.156334637957717
"speed_acc","r_wid[wa136b3d,log_rt]",0.00407351975053751,0.0600522946790918,-0.0196209673687857,0.0221375458428859,-0.052390111340996,0.061112349736065,-0.107005341889856,0.133786300729291
"speed_acc","r_wid[wa1909e0,log_rt]",0.00838226099281173,0.0662954773594445,-0.0132147738724541,0.0354321923686228,-0.0509905674105688,0.0785311592719371,-0.139629918196789,0.135669973391009
"speed_acc","r_wid[wa1a03f2,log_rt]",-0.0135194013411722,0.0649931092237796,-0.0332173809709778,0.0119683788643789,-0.0741564542217785,0.041157640519808,-0.160739819280683,0.0883632980476053
"speed_acc","r_wid[wa4fe3e4,log_rt]",0.00568438601975472,0.0639516718400922,-0.0181657565364121,0.0266434222052963,-0.0512167916507106,0.0667129778167355,-0.116514147557143,0.136736876382545
"speed_acc","r_wid[wa5817fc,log_rt]",-0.000675472838794413,0.0644898635547392,-0.0239661076537974,0.0207454135066683,-0.0597115600780846,0.0559203982923078,-0.120806702876697,0.134624265030935
"speed_acc","r_wid[wa6daa50,log_rt]",-0.00469756003520114,0.0629726057797671,-0.0284705855988619,0.0194926592621011,-0.0698836531071828,0.0549926327108249,-0.13587441615607,0.11921160724767
"speed_acc","r_wid[wa79cf20,log_rt]",-0.00665230420069089,0.0724171511851727,-0.0265648217165796,0.0180092470278981,-0.0669660147928075,0.0559346898316945,-0.138672523661532,0.110903843979126
"speed_acc","r_wid[wab226bf,log_rt]",-0.01418265075241,0.068070357847814,-0.0364458204044348,0.0115977532986533,-0.0791120378729396,0.0432611638332527,-0.15723001727871,0.107131005454557
"speed_acc","r_wid[wab70ec3,log_rt]",-0.0068672794210044,0.0607798598931637,-0.0272711774907033,0.0151648685297392,-0.0637603007794058,0.0461909982736087,-0.129958168033896,0.103663660491245
"speed_acc","r_wid[wace8728,log_rt]",-0.00123475085532064,0.065795006091578,-0.0232491134911208,0.0220834986955717,-0.0631675585669061,0.0618669110910994,-0.137369996559991,0.128270825615796
"speed_acc","r_wid[wad32437,log_rt]",-0.0107593359355411,0.0681425262563995,-0.0363619946409841,0.0138282790462495,-0.0813673747900589,0.04627654153586,-0.147479695879522,0.114610046297233
"speed_acc","r_wid[waf52734,log_rt]",0.00715531741813076,0.0670163464955771,-0.0129939683674216,0.0323552706369822,-0.044882131418383,0.069958185629251,-0.126733808607,0.132831662151962
"speed_acc","r_wid[waf9be39,log_rt]",0.0116915617859831,0.065271383579726,-0.0113886586120917,0.0366011208189303,-0.0431915310336635,0.077857756369724,-0.121007849097068,0.145457656078761
"speed_acc","r_wid[wafacea9,log_rt]",0.000957203081231478,0.0683921904694787,-0.0228428041417053,0.0256279463235723,-0.061563209369105,0.0677340081122998,-0.135451328069048,0.132407439407058
"speed_acc","r_wid[wb0b75c3,log_rt]",0.0044431143381355,0.06642929914881,-0.0185983214021437,0.0274413559328521,-0.0565055194526178,0.0706594746023455,-0.138904160187884,0.13453951674971
"speed_acc","r_wid[wb2d9807,log_rt]",-0.00411689719423301,0.062322115569406,-0.0268841722781566,0.0191368051091602,-0.067420740703656,0.0549794921361557,-0.135570040224447,0.121011857318204
"speed_acc","r_wid[wb361f36,log_rt]",-0.00318322784758178,0.0625642296759666,-0.02366992686185,0.0232633326407895,-0.0643147120332859,0.0572086752670689,-0.142228803870045,0.106903069739808
"speed_acc","r_wid[wb56c2d3,log_rt]",0.000372617029404149,0.0638648775840706,-0.0220696990530469,0.023194848073797,-0.0604685366169697,0.0605003708644129,-0.125022513282351,0.124793380568688
"speed_acc","r_wid[wb5c4def,log_rt]",0.000968650527727683,0.0721656130780921,-0.0169786611265171,0.0300997191029174,-0.0571380582187082,0.067702169849559,-0.156490084831242,0.11894387912855
"speed_acc","r_wid[wb6ad69e,log_rt]",0.000526716105033144,0.0644253171719191,-0.020169120038275,0.0221325607335827,-0.0531874665846059,0.0577545448123265,-0.12366255863747,0.121162839903389
"speed_acc","r_wid[wb772565,log_rt]",0.00646150502980642,0.0705680976105303,-0.0164415302383852,0.0329033975713986,-0.0554741069497438,0.0752903338047369,-0.124996338230004,0.143049393060963
"speed_acc","r_wid[wb85c4ff,log_rt]",-0.00525933496530704,0.0626290648861489,-0.0237864043956717,0.0187113329072222,-0.0646088139541641,0.0514634852083735,-0.149552296936206,0.106972121380609
"speed_acc","r_wid[wb8feabb,log_rt]",-0.00232866821863179,0.0602053521348736,-0.0244592399615487,0.0186996100790363,-0.0601071290218051,0.0532256396493171,-0.12320472317226,0.117775620482701
"speed_acc","r_wid[wb966154,log_rt]",-0.0161760925922905,0.0649440233163508,-0.0375948594310979,0.0104024974371521,-0.0788699532199617,0.0388357062526726,-0.157047576534329,0.089945849309479
"speed_acc","r_wid[wbb74717,log_rt]",0.00336112548572206,0.0664195564869377,-0.0240368988250169,0.0212061803075383,-0.0568589414217466,0.0592557717969971,-0.105459102691464,0.158048765331401
"speed_acc","r_wid[wbc79189,log_rt]",0.00233045516978836,0.0669126834033764,-0.0189701848348736,0.027396345529597,-0.0575855543309589,0.0648521387262156,-0.134777734799144,0.129348661087913
"speed_acc","r_wid[wbd0314c,log_rt]",0.0044228491480534,0.0637474695657396,-0.0151392890146069,0.0268298345322593,-0.0485259974997163,0.064905477892215,-0.123594000490313,0.125602084321228
"speed_acc","r_wid[wbe2faf8,log_rt]",-0.00190716006520501,0.0688987352999946,-0.0208686658951582,0.0238210577562727,-0.0590221412425795,0.0589447825867154,-0.136182258081869,0.112328344927562
"speed_acc","r_wid[wbe569b5,log_rt]",-0.00797432609233873,0.070619941786195,-0.0301500172857385,0.017984006816631,-0.0736001055994081,0.0549827189606217,-0.151675144630037,0.120642541903639
"speed_acc","r_wid[wbe9243a,log_rt]",-0.00818540890414714,0.0659701555089528,-0.0321390213152314,0.0154584239083328,-0.0744423163063561,0.0510661933041447,-0.142795424592077,0.113042352079145
"speed_acc","r_wid[wbf1c81e,log_rt]",0.0182452157571698,0.0653640101986653,-0.00868019227938529,0.0397407276188058,-0.0353603291002351,0.082494643133212,-0.0933640739462261,0.167661841311117
"speed_acc","r_wid[wc097323,log_rt]",-0.00284579321587655,0.0677160504702533,-0.0252604229163109,0.0225404643831854,-0.0660139072650566,0.0601355864598112,-0.145770644460542,0.119870510604486
"speed_acc","r_wid[wc0a4260,log_rt]",0.000797064464400963,0.0619931750313988,-0.0241158001628744,0.0225208186975726,-0.0615710271694392,0.0625218075504428,-0.114265260268582,0.126692125092038
"speed_acc","r_wid[wc16f522,log_rt]",-0.0106125326793792,0.0713618603839976,-0.0353975596434915,0.0119003839517008,-0.0764536073564271,0.043274207020998,-0.146956322685109,0.125362796136003
"speed_acc","r_wid[wc263e54,log_rt]",0.00705373174089968,0.0665849505586382,-0.0121238947991027,0.0332137030635464,-0.043328116674183,0.0708459963108117,-0.127262330659829,0.126009719016161
"speed_acc","r_wid[wc294ae3,log_rt]",0.00368877304456625,0.0638357207703706,-0.0213882770178461,0.0251397890160768,-0.0564510259271192,0.063030847348278,-0.107324730505325,0.142066872786976
"speed_acc","r_wid[wc43fbaa,log_rt]",-0.00954702521740912,0.0617901446359616,-0.0337125422467994,0.0135524325668632,-0.0710680116089786,0.0444497368359617,-0.14123292627656,0.105299630885411
"speed_acc","r_wid[wc4c38a3,log_rt]",0.00788731078216418,0.0736117843794513,-0.0143378350941032,0.0346589553536857,-0.0477327811193169,0.0755748697953823,-0.126967518844554,0.137159362106434
"speed_acc","r_wid[wc512962,log_rt]",0.00360848176465319,0.064379492995014,-0.0182311777618518,0.0274332846488028,-0.0550253133592583,0.0692080936900016,-0.130164877117889,0.123483405656513
"speed_acc","r_wid[wc54132b,log_rt]",0.00937964803596161,0.0683004368319533,-0.0125472648546629,0.035099567796826,-0.0431194349435345,0.0748355194904797,-0.125289597538872,0.132235084333839
"speed_acc","r_wid[wc55b6c8,log_rt]",0.00611071645878635,0.0701245783244095,-0.0147137383520144,0.034099271492023,-0.0506660197693204,0.0742788754629689,-0.132478626324804,0.135532542182254
"speed_acc","r_wid[wc628bde,log_rt]",0.0262333480682372,0.0786602911602755,-0.00521763405830852,0.0650711949931709,-0.041506421726607,0.117426664801504,-0.139108621665366,0.181674288800369
"speed_acc","r_wid[wc6f0e84,log_rt]",0.00851669930073588,0.0691208483503408,-0.0164546000675201,0.0318417011913649,-0.0509329308588457,0.0727936176455603,-0.110092990887083,0.142627489458542
"speed_acc","r_wid[wc73f4d8,log_rt]",0.00313266971675644,0.0702338996603428,-0.020168174050851,0.0291029310735556,-0.0578834289192327,0.0701693241679416,-0.141080898741771,0.143233752528065
"speed_acc","r_wid[wc8b5d36,log_rt]",-0.00657603161147296,0.0700212358091577,-0.0298042634937326,0.0179900387828653,-0.0723371679824619,0.0561002733276447,-0.146766612144586,0.119894225020776
"speed_acc","r_wid[wcc033bc,log_rt]",0.000237982823750727,0.0660529022290602,-0.0252234374465784,0.0215016576343025,-0.0635922326957623,0.0589422582568334,-0.121709289522996,0.143447762596231
"speed_acc","r_wid[wcc15547,log_rt]",-0.00752866934401646,0.0637969332337341,-0.0304125544654731,0.0149533970064987,-0.072302037003486,0.0502821563784725,-0.142350321090411,0.118084421655242
"speed_acc","r_wid[wcc4ec90,log_rt]",0.0052485355281418,0.0656746506508852,-0.0137105063388123,0.0317537349855739,-0.0494199626950004,0.0701969967259609,-0.142808772079627,0.122030295423756
"speed_acc","r_wid[wcd98054,log_rt]",0.0169149071084464,0.0728254019601843,-0.00697224688092383,0.0480637168768562,-0.0431280041528286,0.0929263760111308,-0.131022740975234,0.148366993464524
"speed_acc","r_wid[wd0724cf,log_rt]",0.00390006151816675,0.0695299099509142,-0.0213865661301629,0.0248535610025597,-0.0608929458528554,0.0652499091155371,-0.116108136920833,0.148182262771137
"speed_acc","r_wid[wd07cb72,log_rt]",0.00552719719259463,0.0655030785857954,-0.0181779603974992,0.0307978126180462,-0.0537532636117155,0.0717504593133863,-0.118662346025668,0.135284638104171
"speed_acc","r_wid[wd20dd5c,log_rt]",0.00871168385624909,0.065567763851188,-0.0151768295235367,0.0360881217739353,-0.0500032576608379,0.0780743673721203,-0.131881667399675,0.137497386193177
"speed_acc","r_wid[wd238f0c,log_rt]",0.00596621886053223,0.0770901288126331,-0.014974820667057,0.033784431678201,-0.0510359219421904,0.0763246343805634,-0.14206568722895,0.133982803346285
"speed_acc","r_wid[wd47555e,log_rt]",0.0115890963961739,0.0713725488600234,-0.0136841897227797,0.036601761353627,-0.0470042337205428,0.0815901200401841,-0.119933861606661,0.156858830536841
"speed_acc","r_wid[wdab535b,log_rt]",-0.00992337103443851,0.0704218468781504,-0.0383983371523919,0.0154818806295332,-0.0830091559785356,0.0543568778615888,-0.153547644726772,0.131424370094684
"speed_acc","r_wid[wdad9375,log_rt]",0.0153111567876161,0.0701785979236152,-0.00800357643639936,0.0433997667744231,-0.0374904416090258,0.090238641434161,-0.125083713696428,0.151221224262943
"speed_acc","r_wid[wdd486da,log_rt]",-0.00320457772765326,0.0640404551285827,-0.0280265883569381,0.016489685385692,-0.0630019819218132,0.0496108268466419,-0.116448546170872,0.131376987824049
"speed_acc","r_wid[wdde7ef1,log_rt]",0.00687309321501728,0.0712430478111298,-0.0170824337009933,0.0327160108189354,-0.0544965702362814,0.0761713081420969,-0.137553655955617,0.146890739157792
"speed_acc","r_wid[wdea5d27,log_rt]",-0.000574918539930966,0.068130251770135,-0.0287841849155392,0.0187358710002036,-0.0647465943050781,0.0573442524257722,-0.116499741035294,0.161920804082698
"speed_acc","r_wid[wdfdc927,log_rt]",-0.00290617937569968,0.061682635266319,-0.0255789127011283,0.0199804872025821,-0.0631618472090839,0.0540152429841985,-0.130807479485456,0.119376641592464
"speed_acc","r_wid[we10d2c6,log_rt]",0.0100792444443473,0.0714123735100946,-0.0162135593880216,0.0319171449434874,-0.0514687916749703,0.0783383685124177,-0.109355661840629,0.15953805408922
"speed_acc","r_wid[we1b8e64,log_rt]",0.00925909846774325,0.0660707996831553,-0.0152697780635422,0.0339516708142092,-0.0506953869406609,0.0771094496154495,-0.117407686962392,0.141227175120385
"speed_acc","r_wid[we2434bb,log_rt]",0.00738568811150583,0.062274873596895,-0.0163295405386742,0.0308177656239769,-0.0486437369859557,0.0704491302240342,-0.112969585157768,0.137271195158341
"speed_acc","r_wid[we245fc8,log_rt]",0.00232764668674352,0.0661273264208184,-0.0181579137413485,0.0278705525952977,-0.055586850794406,0.0682059788863901,-0.140696276494013,0.126181588985656
"speed_acc","r_wid[we24a9dd,log_rt]",-0.00700247832678618,0.0594820550034981,-0.025654152323422,0.0156389663083103,-0.0643683383711272,0.0475121473114143,-0.147117134571541,0.0981431419262731
"speed_acc","r_wid[we26c55e,log_rt]",0.00663050856099925,0.0656866378018784,-0.0156534848157132,0.030713081914339,-0.0500795214768079,0.0709613156249947,-0.110554171207415,0.134338633351307
"speed_acc","r_wid[we38f335,log_rt]",-0.0106466667705715,0.0710663278470088,-0.0339900016675925,0.0157640534644906,-0.0794944142013949,0.0486487830956326,-0.14933045251108,0.111108385236211
"speed_acc","r_wid[we39fc55,log_rt]",-0.0215650359911402,0.0779174691673778,-0.0593467624989071,0.00650679441127299,-0.109754777201576,0.0437478136973682,-0.163582312228197,0.150338636465414
"speed_acc","r_wid[we40084a,log_rt]",-0.00773826161992991,0.0628825864419283,-0.0307757903100298,0.0151022616484049,-0.0715584990055573,0.0478604195831305,-0.134330319193491,0.11374016850668
"speed_acc","r_wid[we4edfb4,log_rt]",-0.0075654340748572,0.0573178150539524,-0.0280267927223488,0.0129969819268164,-0.0621822249830208,0.0441614115286268,-0.124557999324065,0.0970208995730115
"speed_acc","r_wid[we55dec7,log_rt]",-0.012194733812541,0.0606358367715892,-0.0380493547936405,0.0093506704452909,-0.0782040531121229,0.0388971638961037,-0.127912318354805,0.110205498220726
"speed_acc","r_wid[we58a710,log_rt]",0.000667482716518727,0.0683610892840439,-0.0241328953112973,0.0233563002637818,-0.0617401852666828,0.064484235425853,-0.126670524118091,0.137488369912184
"speed_acc","r_wid[we824ff2,log_rt]",0.00288612372373522,0.0635892093745351,-0.0193878361703774,0.0255549579366945,-0.0514209079761362,0.0642044409421497,-0.119560579045403,0.123634158785155
"speed_acc","r_wid[we83fa8f,log_rt]",0.00648623951091712,0.0643481734312691,-0.0139616493813129,0.0325879448089967,-0.0513663805091243,0.069971179186505,-0.123440767186908,0.129923730290415
"speed_acc","r_wid[we90925d,log_rt]",-0.00223515931647315,0.070412373226533,-0.0230138323392935,0.0220293335310176,-0.0640283922060272,0.0598372909434925,-0.140588517578602,0.122788079132377
"speed_acc","r_wid[we9631be,log_rt]",-0.00600733760551813,0.0645914714505665,-0.0278968886178132,0.0164433621283058,-0.0691884379726926,0.0531075436295248,-0.14158612605901,0.119055541482677
"speed_acc","r_wid[we9754da,log_rt]",0.013602727208868,0.0607125922608581,-0.0117599616099847,0.0324514541462704,-0.0410263903662929,0.0752020737481514,-0.0882555685320684,0.153500441350323
"speed_acc","r_wid[wea09e5e,log_rt]",-0.0104270509847465,0.0737289475506352,-0.04022381465711,0.0118333226112477,-0.0843093930416425,0.0479875405080097,-0.14813503742682,0.131967617733489
"speed_acc","r_wid[wea8ef8e,log_rt]",-0.0179829147891711,0.0709229266448859,-0.0459260903371131,0.00931474571671326,-0.0918623765734364,0.0405797153158756,-0.159263458790945,0.108749283880857
"speed_acc","r_wid[webf5097,log_rt]",0.00530207688612454,0.0680911873328358,-0.0160532951364463,0.027411387513583,-0.0516271562074176,0.0687627321375011,-0.126647088338842,0.138245413275619
"speed_acc","r_wid[wed3d878,log_rt]",0.00725915321455692,0.0729335468749745,-0.017469598559409,0.031104777124248,-0.055131436981906,0.0756523592886831,-0.124533799286796,0.154872800256018
"speed_acc","r_wid[wee338ab,log_rt]",-0.0113925700271638,0.0710558452640704,-0.0401095389982535,0.0109500265060637,-0.0795670213084452,0.0477079731736915,-0.135584273964509,0.129584786971918
"speed_acc","r_wid[wf2f2835,log_rt]",0.00118102049904843,0.0629451991560156,-0.0241437747634713,0.0224254969902086,-0.0608842150575076,0.0622517358201366,-0.120779175123668,0.136524628598617
"speed_acc","r_wid[wf456a28,log_rt]",-0.00312912357571573,0.0644380570555909,-0.0226901747001924,0.0228107009877017,-0.0624480164663495,0.055318983029968,-0.149011607809998,0.11060767268247
"speed_acc","r_wid[wf469935,log_rt]",0.0122126833619452,0.0630761126427817,-0.01148978264551,0.036882679482624,-0.0469631190488592,0.0795274461853073,-0.108593564763152,0.149930608720879
"speed_acc","r_wid[wf537da7,log_rt]",-0.0100492411745188,0.0685932490508729,-0.0375929054875447,0.0109333228855189,-0.0824692160169528,0.0479835300230855,-0.133408371968619,0.13937490189174
"speed_acc","r_wid[wf60f9d4,log_rt]",0.000504241990769436,0.0703724239475278,-0.0265493054123654,0.0183799401867128,-0.0623667814965685,0.0589947308865867,-0.119093643454931,0.168007748882954
"speed_acc","r_wid[wf63b737,log_rt]",0.00179790346415977,0.0593694077306587,-0.0219132455096528,0.0226045776763498,-0.054668465796622,0.0603144738184013,-0.115686287284458,0.123151682692314
"speed_acc","r_wid[wf63c50b,log_rt]",-0.0192835769363766,0.0667194094315926,-0.0462173934162657,0.00863637170389431,-0.0957640366130344,0.0395030778330876,-0.170859381097334,0.104695224345842
"speed_acc","r_wid[wf646ea3,log_rt]",-0.00658544225958929,0.0643728266650039,-0.0287189769769881,0.0183297317980378,-0.0735753286907411,0.0542922876911299,-0.142586305017487,0.112505407410643
"speed_acc","r_wid[wfbb00e1,log_rt]",-0.000978392774742484,0.0680558388386457,-0.0253744752501963,0.0216139264479549,-0.0634044604944581,0.0592342572111884,-0.12763201046812,0.12924704083183
"speed_acc","r_wid[wfd8b568,log_rt]",0.0107419711875624,0.0698783841135361,-0.0146444538001598,0.0365892200735316,-0.0505385475348199,0.0817318891149616,-0.120429645295409,0.150824500612849
"speed_acc","r_wid[wffba7a1,log_rt]",0.000872513360514596,0.063893237521,-0.0193333340344755,0.0248403267215446,-0.0548373374033286,0.0612224094470561,-0.136183946387021,0.122698734377986
"speed_acc","r_wid[w0198d08,multi_timeAfter]",0.0765026461735448,0.458747271101561,-0.100725497207417,0.273510634407716,-0.337484476189294,0.569781880251876,-0.877402430244256,1.01049726250757
"speed_acc","r_wid[w01da968,multi_timeAfter]",0.0522757149576817,0.500152494102224,-0.144270592555727,0.22775453585404,-0.422192027968278,0.554896477554208,-0.90889593559896,1.08193022390432
"speed_acc","r_wid[w022dd5a,multi_timeAfter]",-0.175162840343449,0.519736722381962,-0.379713328557462,0.0648587441334788,-0.746664293497915,0.315643640712261,-1.38277767620067,0.686479900151838
"speed_acc","r_wid[w02461c5,multi_timeAfter]",-0.0372696233137676,0.472206213487916,-0.208878736483893,0.148751688108966,-0.538398791255206,0.430666738055622,-1.05800347704226,0.928421384934048
"speed_acc","r_wid[w05ede5c,multi_timeAfter]",0.020765297698671,0.451507329584735,-0.157817397421016,0.180507455954818,-0.410454265818231,0.454593049141103,-0.798464376423797,0.914687586117386
"speed_acc","r_wid[w05f4989,multi_timeAfter]",0.0438130444527901,0.486167181106583,-0.148645523785558,0.227910940005867,-0.421385518230518,0.555579912921271,-0.920191811960793,1.08866449737043
"speed_acc","r_wid[w060c642,multi_timeAfter]",0.00399392965784856,0.434195203435399,-0.183387079678731,0.16072430554541,-0.441404201668698,0.453906091497122,-0.847688602141226,0.922269620621546
"speed_acc","r_wid[w06d51ce,multi_timeAfter]",-0.0705277090724574,0.430730388949355,-0.239103999190926,0.123807967042421,-0.536458813021487,0.359979748648138,-0.998847525553964,0.741249104707534
"speed_acc","r_wid[w07271cc,multi_timeAfter]",0.149827256901856,0.586127361750855,-0.110256468744827,0.355650734494739,-0.390759644544209,0.728035737199345,-0.824293518976088,1.44563406538382
"speed_acc","r_wid[w07f26c1,multi_timeAfter]",0.171520006758221,0.467321330262815,-0.0470234985625302,0.362577960497024,-0.252710318796256,0.731113963999452,-0.655456878052475,1.24070321649463
"speed_acc","r_wid[w08f65eb,multi_timeAfter]",-0.0348707068414921,0.511591414952033,-0.230314230429768,0.167028303283824,-0.548549522997866,0.445854478156097,-1.07358875993543,0.957744242558385
"speed_acc","r_wid[w0a25e9c,multi_timeAfter]",0.0886146251043856,0.47388886901762,-0.104405396473952,0.271508694138773,-0.334163951747163,0.60415357143257,-0.770147507430223,1.07490107710508
"speed_acc","r_wid[w0b0ec85,multi_timeAfter]",-0.0257841206062734,0.484900885759371,-0.205352890895602,0.156545145515835,-0.51221449404228,0.429938195068244,-1.00423191157348,0.934154636203811
"speed_acc","r_wid[w0b3246f,multi_timeAfter]",-0.0196601237999368,0.487654353092267,-0.19987857874406,0.16450679105658,-0.473180162293815,0.424501306368025,-0.999674494116482,0.976673170116454
"speed_acc","r_wid[w0baed73,multi_timeAfter]",-0.100892156401778,0.512381406839781,-0.28420039608536,0.115991916289702,-0.648184571995088,0.370271696686895,-1.21637948052886,0.807286256815641
"speed_acc","r_wid[w0c031fe,multi_timeAfter]",-0.0934978271050656,0.456022537161969,-0.259366270971563,0.0996793298741423,-0.56037704239278,0.328350158392096,-1.05321793651452,0.693712299746196
"speed_acc","r_wid[w0d04a41,multi_timeAfter]",-0.0155161226823618,0.559911489131486,-0.182697081536104,0.183229468403882,-0.486561008987072,0.503600614819053,-1.09237127295944,0.978624603039052
"speed_acc","r_wid[w0d62ec5,multi_timeAfter]",-0.107339051849177,0.476249365214884,-0.288247057489361,0.0844907760929386,-0.636127369846815,0.321792753655956,-1.19299178939743,0.744906839717324
"speed_acc","r_wid[w0db2e6f,multi_timeAfter]",-0.00284660504734181,0.469948279284668,-0.183174935728727,0.196833126965781,-0.48873222469378,0.471193036743948,-1.02061893726005,0.905748453589907
"speed_acc","r_wid[w0ef0b67,multi_timeAfter]",-0.0146980559382151,0.505201977143834,-0.194020870449525,0.18757115313977,-0.512371919072014,0.497535084426567,-1.02824316330649,0.957702871753908
"speed_acc","r_wid[w0fd8c2c,multi_timeAfter]",0.0447159392117481,0.500381660417956,-0.157799162354031,0.220429802670003,-0.441222765818066,0.548815382489926,-0.886449543318097,1.12176074815392
"speed_acc","r_wid[w10f7bc5,multi_timeAfter]",-0.0765391170468159,0.462927696278034,-0.266130550617569,0.117139877962439,-0.572227649911024,0.369956308123052,-1.0907758689243,0.821712418537158
"speed_acc","r_wid[w11538ef,multi_timeAfter]",0.0519380844982865,0.501418084047009,-0.156986059898044,0.223077325874926,-0.429966500501938,0.538854750794963,-0.858421391404285,1.08889743080569
"speed_acc","r_wid[w117e095,multi_timeAfter]",-0.0696940499408756,0.493935588326718,-0.247599296189773,0.127152480889536,-0.580375034874106,0.396546523196828,-1.16762365572281,0.832707989381837
"speed_acc","r_wid[w13e388b,multi_timeAfter]",-0.00183111635710489,0.474394353187191,-0.176154027891198,0.186819813243531,-0.467439293750576,0.492382823199083,-1.00956793104456,0.946286306403077
"speed_acc","r_wid[w14cb402,multi_timeAfter]",-0.016633365380693,0.415368206832767,-0.176659774435757,0.165723909683839,-0.445380654511618,0.419368541308275,-0.923991260512727,0.830816599392713
"speed_acc","r_wid[w1571d58,multi_timeAfter]",-0.0407445272598593,0.488290390193883,-0.218865223654173,0.149278151699943,-0.503687155142631,0.421550911803283,-1.02742683653635,0.904992892612352
"speed_acc","r_wid[w1629b0b,multi_timeAfter]",0.00449907379444347,0.481383897690071,-0.181724394453886,0.182408913828791,-0.474413325713941,0.470793007585939,-0.969640211040045,0.940820350330743
"speed_acc","r_wid[w16b46ff,multi_timeAfter]",-0.0595815921943406,0.455015106264323,-0.223759440437262,0.125544633719871,-0.524724300481961,0.388475586009055,-1.03418239565568,0.772816723953207
"speed_acc","r_wid[w182a5f6,multi_timeAfter]",-0.0246171031698239,0.501743366819937,-0.211878731111432,0.172408178634381,-0.526118989350647,0.447308480526073,-1.05379198603168,0.933455689534331
"speed_acc","r_wid[w19d0170,multi_timeAfter]",0.0268946130641362,0.480088236162083,-0.162304496480354,0.213604159790261,-0.43463184130946,0.516221241519927,-0.952833221623058,1.00508501891726
"speed_acc","r_wid[w1d52e8b,multi_timeAfter]",-0.177446289376038,0.467671688376341,-0.367571947684947,0.0419642157494645,-0.734596828926965,0.238959887461208,-1.26614595835818,0.607280597429295
"speed_acc","r_wid[w1d9c2fb,multi_timeAfter]",0.217544249134813,0.507114750152382,-0.0285549656168631,0.426288535354414,-0.225658065776949,0.838144622939087,-0.611361142097743,1.38173595469841
"speed_acc","r_wid[w1eadd53,multi_timeAfter]",0.0292462549456755,0.478171848544394,-0.167624940341195,0.187648412448924,-0.435830009086343,0.482269192832396,-0.812016702322957,1.04039169090891
"speed_acc","r_wid[w1ef67ab,multi_timeAfter]",-0.0316904640370843,0.448027355604489,-0.206504018885572,0.161870895048713,-0.49824517454807,0.402806389873125,-0.973524512961544,0.815313319302428
"speed_acc","r_wid[w227f955,multi_timeAfter]",-0.210402072592389,0.52638957000193,-0.424729800313112,0.0363695723508713,-0.842066917608303,0.244306638811646,-1.39216138910919,0.663955304464902
"speed_acc","r_wid[w245142a,multi_timeAfter]",-0.062596963950772,0.462643202991168,-0.237351086039586,0.123303541392752,-0.561352558887242,0.369702362959204,-1.01045067146467,0.81019388760359
"speed_acc","r_wid[w2457106,multi_timeAfter]",0.220194193625939,0.505307685875919,-0.0338237948777635,0.44827810156023,-0.226615358854105,0.836083208411712,-0.627715575228274,1.40663889545209
"speed_acc","r_wid[w249e8ce,multi_timeAfter]",-0.189068471842271,0.470743743026745,-0.389402387200552,0.0417080240805242,-0.743609191769199,0.229998508924647,-1.24979819771354,0.596286393850295
"speed_acc","r_wid[w277fccf,multi_timeAfter]",-0.0710823027509172,0.465486381609262,-0.245579937054751,0.116305235062367,-0.572414114345179,0.383464043051321,-1.13069878858111,0.850663177105021
"speed_acc","r_wid[w27e1de9,multi_timeAfter]",0.250272385788041,0.54271094133823,-0.0195444373894834,0.480781247751984,-0.208182986082091,0.904790083725331,-0.601637840129759,1.5083417244878
"speed_acc","r_wid[w2991322,multi_timeAfter]",-0.0879099199741894,0.515830470851006,-0.267708062418964,0.124209986723503,-0.61213943551918,0.367025144432689,-1.1942215536029,0.804720582303861
"speed_acc","r_wid[w299c268,multi_timeAfter]",-0.0672596906851002,0.449336820103458,-0.252164589661638,0.107437468686421,-0.550217016367857,0.357112867197673,-1.03863006899849,0.805934225356497
"speed_acc","r_wid[w29ed098,multi_timeAfter]",-0.0726172964491249,0.463802673217631,-0.257621439805639,0.121442433875043,-0.59506732587537,0.392636711785132,-1.07637695661807,0.872229505415103
"speed_acc","r_wid[w2a7296e,multi_timeAfter]",0.0899331136011743,0.486213568388361,-0.112322680324981,0.269746349408391,-0.374279547490964,0.612829190817682,-0.81342457679679,1.19848245689732
"speed_acc","r_wid[w2bc0b21,multi_timeAfter]",0.0828203027529392,0.469690823785061,-0.112130707767689,0.270723015225746,-0.364576428720407,0.603952268445579,-0.822095677190939,1.08948206732249
"speed_acc","r_wid[w2c1f2f7,multi_timeAfter]",0.11733808474131,0.495012035383815,-0.106987795058748,0.308807539761239,-0.343430952241008,0.690877818464586,-0.716956005223249,1.24826008829449
"speed_acc","r_wid[w2c75db7,multi_timeAfter]",0.0102268408366756,0.475479705511195,-0.179857611493684,0.185682333573538,-0.452058301843561,0.489183458988141,-0.91027662883357,0.957311542489302
"speed_acc","r_wid[w2cb5760,multi_timeAfter]",-0.0146208744361489,0.462452207862229,-0.202744089268444,0.165663756540559,-0.501678070648741,0.444194604987315,-0.947443228575547,0.930192545505873
"speed_acc","r_wid[w3002e39,multi_timeAfter]",-0.0410372889047067,0.449794538357633,-0.22775153983594,0.135777696778263,-0.530024486271189,0.383685460977625,-1.00964953803827,0.869023779527109
"speed_acc","r_wid[w308aa07,multi_timeAfter]",0.0136654009227569,0.536349736098183,-0.185202874476611,0.194930978298741,-0.495273558592651,0.506192438912824,-0.977124762557644,1.02265291088401
"speed_acc","r_wid[w30e05e4,multi_timeAfter]",-0.0731392846805737,0.534453199565211,-0.250768171344396,0.14066667520376,-0.628891352365907,0.411666778704865,-1.16517397434129,0.918106268687944
"speed_acc","r_wid[w311c43d,multi_timeAfter]",-0.0271574981433074,0.427431179787706,-0.196922889899822,0.157169391117047,-0.480437243921721,0.402746300029638,-0.938793261733966,0.804659660855107
"speed_acc","r_wid[w313d7aa,multi_timeAfter]",-0.0199725329794459,0.503068549183363,-0.224564449109283,0.177142687127952,-0.531512626522512,0.490174731790221,-1.03519883955397,1.01094951936782
"speed_acc","r_wid[w31b60c3,multi_timeAfter]",-0.100766817094249,0.506453290764566,-0.281108163056927,0.11040103726424,-0.651025860397354,0.370856360430246,-1.24554079575384,0.813052067100251
"speed_acc","r_wid[w3327d2a,multi_timeAfter]",0.110724741735467,0.481350947658051,-0.0986708997877823,0.298228668585131,-0.33980674239976,0.647980693006907,-0.74032250186403,1.17442128417477
"speed_acc","r_wid[w35dbe71,multi_timeAfter]",-0.0543587432010759,0.513660949535091,-0.246532792243489,0.137114876447087,-0.576735374567465,0.415765507595398,-1.09280585373579,0.907108697806615
"speed_acc","r_wid[w365c8db,multi_timeAfter]",-0.0571964457104542,0.45341112945215,-0.240695870945273,0.1215992925195,-0.550329931003125,0.389550835942503,-1.0468666100985,0.860279140067369
"speed_acc","r_wid[w367fa57,multi_timeAfter]",0.0911820795862249,0.523929177165152,-0.140678763812783,0.28711777540221,-0.439849628060986,0.633090786891662,-0.833261530554272,1.23497444208073
"speed_acc","r_wid[w36b3d2f,multi_timeAfter]",0.0344069522348276,0.49783529906043,-0.160162723488219,0.217695111943165,-0.456434892853985,0.55813749263164,-0.969131754757098,1.12122813467988
"speed_acc","r_wid[w383e1fe,multi_timeAfter]",-0.033979875285962,0.526907036875909,-0.212223364871375,0.176359764608324,-0.545140916798954,0.485105430343743,-1.22688141119208,0.906454411802407
"speed_acc","r_wid[w38a9dbf,multi_timeAfter]",0.112626839758941,0.475140537540016,-0.0784616604266751,0.280249513947756,-0.3147937017055,0.600483446788167,-0.715671323779125,1.12250496635841
"speed_acc","r_wid[w397496b,multi_timeAfter]",0.040735275789909,0.541749824824864,-0.18207324323904,0.230071206966305,-0.486445640841941,0.561895513197222,-0.941062075775241,1.15896423912384
"speed_acc","r_wid[w3acba24,multi_timeAfter]",0.0462928902459775,0.461628107823986,-0.127075691358929,0.238545910328698,-0.398191859565686,0.55907740782334,-0.954318704657817,1.00383582673429
"speed_acc","r_wid[w3b16ba3,multi_timeAfter]",0.0174584734004259,0.49541263788473,-0.170211436580036,0.185872130622487,-0.456720412743339,0.514988941909367,-0.980817637533485,1.03786040923504
"speed_acc","r_wid[w3c1c747,multi_timeAfter]",-0.155921555621597,0.558187100906056,-0.344888863851573,0.0892418603294729,-0.727062774277245,0.341573592537087,-1.39503774612128,0.746834252180944
"speed_acc","r_wid[w3c538ad,multi_timeAfter]",0.105561690330667,0.493601053887777,-0.103929655477715,0.288140190581817,-0.353647093386401,0.622955781406941,-0.748920327488379,1.17602896125371
"speed_acc","r_wid[w3d5caa9,multi_timeAfter]",-0.0523192677793347,0.513226698013777,-0.243593821585133,0.134221080901937,-0.571760489100155,0.420452364924742,-1.11124900560805,0.862414139256373
"speed_acc","r_wid[w3f5fa74,multi_timeAfter]",-0.191334534749583,0.493655751444835,-0.375778868838299,0.049981240154587,-0.771903260383676,0.282589037203804,-1.3661758194436,0.624261848284992
"speed_acc","r_wid[w3fb3b5b,multi_timeAfter]",-0.0359593578980254,0.490394912377474,-0.206422260087119,0.147409925401481,-0.499838652110296,0.424879288816098,-1.00325288169141,0.885057810786579
"speed_acc","r_wid[w3fc2d2c,multi_timeAfter]",-0.0129259349269968,0.494741434072582,-0.207706707016145,0.161683970496513,-0.514911874381416,0.465814444155073,-1.00953401969764,0.95470991131086
"speed_acc","r_wid[w3fdf5b1,multi_timeAfter]",0.0417429647055619,0.473399936136207,-0.139191504464829,0.244469191181146,-0.408181939051562,0.546636346551612,-0.942605204553038,1.03013519940929
"speed_acc","r_wid[w409b474,multi_timeAfter]",-0.129507705947462,0.508770287540023,-0.317130965592912,0.0839848775378077,-0.698103357351514,0.33234981916667,-1.2956072498376,0.824933401536428
"speed_acc","r_wid[w4400cbf,multi_timeAfter]",-0.0393573886477493,0.515146347023559,-0.226960515995816,0.137511279982892,-0.546657552499149,0.432182032489055,-1.04930703892829,0.925116029870967
"speed_acc","r_wid[w44c6cc9,multi_timeAfter]",0.0517792846245322,0.508314384713231,-0.142025114045589,0.23985199431926,-0.418264524428571,0.551013986115449,-0.929249891892042,1.08537883473714
"speed_acc","r_wid[w44f5ace,multi_timeAfter]",-0.0904361969231829,0.512770440317774,-0.266979350944672,0.116575225392605,-0.612021836662522,0.372697822132297,-1.22179985849305,0.821807471607313
"speed_acc","r_wid[w479605b,multi_timeAfter]",0.0106609299013625,0.541145074889626,-0.159175096728449,0.195657410350518,-0.441787437587301,0.500603166067247,-0.926407640133039,1.01569059590593
"speed_acc","r_wid[w496c8be,multi_timeAfter]",0.04815833945648,0.513621743618816,-0.152682212669342,0.225502575834161,-0.433640412951227,0.53575344896336,-0.846641913049585,1.1339433721238
"speed_acc","r_wid[w49d88d0,multi_timeAfter]",0.202906967828814,0.517240819044793,-0.0446007109596676,0.412498273315748,-0.257235719697702,0.832947713613892,-0.674699474318193,1.40999091346999
"speed_acc","r_wid[w4a66ba2,multi_timeAfter]",0.0468977658899248,0.444859907599876,-0.118606194993115,0.236123212876435,-0.372245678408951,0.519674454022035,-0.824689289749663,0.944601592981439
"speed_acc","r_wid[w4a907eb,multi_timeAfter]",-0.196149790567443,0.513988378587288,-0.388795671712102,0.0473566970394103,-0.78197042589956,0.256103300426813,-1.45859544087602,0.635398060413065
"speed_acc","r_wid[w4b6424d,multi_timeAfter]",0.0403625978021899,0.438652018836502,-0.133102512305595,0.219345397038928,-0.396123898388255,0.515911085535816,-0.779836974941131,0.968339853166265
"speed_acc","r_wid[w4bf9dec,multi_timeAfter]",0.0535374248243956,0.485333092204084,-0.121945273198139,0.245880130806693,-0.397154640940641,0.580435254417197,-0.955291533022819,1.09082932114997
"speed_acc","r_wid[w4c2a923,multi_timeAfter]",0.043281527678174,0.424914498875879,-0.129116069147393,0.208561440794032,-0.38811739383283,0.498872120864873,-0.791876824432903,0.986649210751255
"speed_acc","r_wid[w4cc863f,multi_timeAfter]",-0.00935131780836729,0.478560101634582,-0.188539351125915,0.165724493183903,-0.471652208961512,0.431381784493413,-0.967434932131279,0.942264324671689
"speed_acc","r_wid[w4ccf510,multi_timeAfter]",-0.269107718887224,0.510109592918388,-0.490519882853851,0.00641447665137674,-0.90329490810749,0.155988807527839,-1.42958078720277,0.492656517308735
"speed_acc","r_wid[w4db7ccb,multi_timeAfter]",0.217218568728776,0.480858056600777,-0.0262186341230463,0.416278143816994,-0.199894401934586,0.79893539980668,-0.546729615596138,1.34102833125492
"speed_acc","r_wid[w4dce7b5,multi_timeAfter]",0.0779912354964606,0.530199951094454,-0.119996706480039,0.24402537734967,-0.38713847301369,0.573461511716194,-0.817263044540927,1.21015577280474
"speed_acc","r_wid[w4dd7b34,multi_timeAfter]",-0.25806492630856,0.498145129278448,-0.450571759836531,0.0112441262240359,-0.871259510096516,0.167637631729394,-1.41909430866584,0.507794356718788
"speed_acc","r_wid[w4ed0320,multi_timeAfter]",0.0756271372886966,0.518105421678054,-0.131816524501271,0.254706147433696,-0.387389166353154,0.606561807341325,-0.813049621588695,1.10872874874525
"speed_acc","r_wid[w504748f,multi_timeAfter]",-0.237195945209422,0.524973502068367,-0.468364491048195,0.0216911019992575,-0.856210003009711,0.209037521010523,-1.3878202499275,0.642828099682057
"speed_acc","r_wid[w5092120,multi_timeAfter]",0.18584636042624,0.51340814345995,-0.0531928978428727,0.375480938394783,-0.266758863979367,0.776797496056542,-0.642555665133672,1.39683351308038
"speed_acc","r_wid[w50c12e5,multi_timeAfter]",0.00256227159748041,0.473971127864463,-0.186173625159861,0.18675593230982,-0.501666503487146,0.469403510268486,-0.956024777881676,1.01705141901165
"speed_acc","r_wid[w51664f0,multi_timeAfter]",0.0454872938779325,0.494137675586413,-0.1525437701817,0.232458071198906,-0.433032067236446,0.549805743854937,-0.921410932498768,1.11214678426981
"speed_acc","r_wid[w53209bb,multi_timeAfter]",0.0441539156489008,0.461413345209082,-0.136565794807492,0.223067115738967,-0.383711112307709,0.533582115453336,-0.876500350412174,0.991789656650149
"speed_acc","r_wid[w53b40c8,multi_timeAfter]",-0.0504499355603634,0.48281158156095,-0.233642151499176,0.143305481405596,-0.539745622092842,0.4137068131309,-1.08968589975861,0.838819334393195
"speed_acc","r_wid[w54c2956,multi_timeAfter]",-0.0290144354957748,0.45644711140353,-0.19949302429005,0.164509007933493,-0.492732652604777,0.397002086616806,-1.00752451966722,0.845048292457438
"speed_acc","r_wid[w5685230,multi_timeAfter]",-0.0127421163002615,0.516552206085052,-0.183786241030906,0.178725216633694,-0.504267744372691,0.464087352560047,-1.0143672706947,0.935453150268703
"speed_acc","r_wid[w56b42b0,multi_timeAfter]",0.0749872798080011,0.444595309848238,-0.116817509439023,0.242821100213996,-0.376595456478642,0.577803793525254,-0.7871460040916,1.06623459337839
"speed_acc","r_wid[w580c449,multi_timeAfter]",0.00184666033453004,0.492094952554541,-0.167352989209454,0.196462526812396,-0.473209307768714,0.497093869931528,-0.958859097229697,0.95251456003591
"speed_acc","r_wid[w593f4a8,multi_timeAfter]",0.0180634933933248,0.487445097459976,-0.17591669815005,0.207938919569735,-0.479035669136194,0.519624421764126,-0.956979947746544,1.04369067198018
"speed_acc","r_wid[w59b3a22,multi_timeAfter]",0.1531802406987,0.464534590186769,-0.0587020766163961,0.345535216955648,-0.258922547289343,0.682258570085982,-0.654537669482969,1.22251647610557
"speed_acc","r_wid[w59c9d33,multi_timeAfter]",0.193883342876123,0.488855967078548,-0.0470808261109622,0.384881089952221,-0.255045411567748,0.772228633892541,-0.577980141096161,1.34782968801237
"speed_acc","r_wid[w5ab5786,multi_timeAfter]",0.0655401074517044,0.520020112283458,-0.144305841725854,0.256227186021192,-0.420507902579322,0.576856995381127,-0.856526919268377,1.20110908635579
"speed_acc","r_wid[w5d6df14,multi_timeAfter]",-0.0432568563299369,0.497054397755142,-0.236820328059094,0.174837175322614,-0.555027624903171,0.479486237237282,-1.11970094360191,0.898908850435066
"speed_acc","r_wid[w5ec388a,multi_timeAfter]",0.094093421487593,0.487587198415345,-0.111900134887607,0.270580312850936,-0.353796593109361,0.615514263808538,-0.813522693022822,1.17171616611716
"speed_acc","r_wid[w5f010fa,multi_timeAfter]",-0.107079544075218,0.484702580919896,-0.291053311794644,0.106348704618632,-0.649136927097073,0.357552269594355,-1.23442839974375,0.744378497466848
"speed_acc","r_wid[w5f68d79,multi_timeAfter]",0.0512095574975079,0.503222336010715,-0.143170482525539,0.235049292931369,-0.440685232350094,0.577841382742488,-0.908822198541487,1.12266215135057
"speed_acc","r_wid[w5fb19e8,multi_timeAfter]",0.064593335148352,0.518534508143902,-0.130137800029563,0.243442241101159,-0.417642849465629,0.609664452242839,-0.919782183584372,1.17887708756446
"speed_acc","r_wid[w601970c,multi_timeAfter]",-0.240622266452799,0.572096229830255,-0.435880684973103,0.041722384629171,-0.868247761972601,0.236431845586986,-1.55645491823571,0.583806067664377
"speed_acc","r_wid[w605fd50,multi_timeAfter]",0.0132070844216096,0.48446041202195,-0.165944407258415,0.196208768976867,-0.463307527378108,0.524878155185249,-0.964447979796851,1.0133178770148
"speed_acc","r_wid[w60e6ea8,multi_timeAfter]",0.0241869540709677,0.458138161034581,-0.157813165058583,0.208747841726626,-0.4279604819444,0.533206681073713,-0.90940329731288,0.940321546314142
"speed_acc","r_wid[w610dd08,multi_timeAfter]",0.105481872948334,0.485885026336546,-0.095207711501077,0.272003899008957,-0.324301137935056,0.625802374235057,-0.70852906134545,1.11188960573014
"speed_acc","r_wid[w612200e,multi_timeAfter]",-0.0890395943194679,0.481829559014733,-0.251158543175582,0.11218576210704,-0.576292325278233,0.354551244307443,-1.12770960174664,0.738660138023657
"speed_acc","r_wid[w61b360a,multi_timeAfter]",0.00705253074032885,0.446528651303527,-0.148382112794638,0.191070436055596,-0.42551753898183,0.462908513769134,-0.834764482734826,0.841596225044413
"speed_acc","r_wid[w63ea659,multi_timeAfter]",-0.0455448026216397,0.47605646836631,-0.235666016965148,0.143130920023953,-0.556695951749221,0.422155248260522,-1.06072440887308,0.953123001665105
"speed_acc","r_wid[w6849aab,multi_timeAfter]",0.0922411577372706,0.526250307152657,-0.117797283057067,0.266254197506434,-0.368945777082701,0.600222427237091,-0.813346323146098,1.19403859891041
"speed_acc","r_wid[w6870249,multi_timeAfter]",0.110515030838391,0.442137383527581,-0.0847575940308363,0.280038347560084,-0.314450606468144,0.585578677473031,-0.643424232685451,1.11901955934482
"speed_acc","r_wid[w68730bb,multi_timeAfter]",-0.107960500445365,0.522995685708662,-0.289125460445586,0.110307562411806,-0.645655575235518,0.345795065917526,-1.2069391792837,0.752616879435762
"speed_acc","r_wid[w68e5aed,multi_timeAfter]",0.0504985625747778,0.452740092289516,-0.137292263339449,0.213782573995336,-0.374386479127664,0.52316514513703,-0.739956017879058,0.932795200691882
"speed_acc","r_wid[w6a59bb5,multi_timeAfter]",0.206554374518876,0.480507501056008,-0.0362316202004931,0.417690797269429,-0.211925802404757,0.772217817527613,-0.54693877183491,1.32615461359075
"speed_acc","r_wid[w6bec3e7,multi_timeAfter]",-0.0929626684854922,0.535638618957561,-0.277171279485672,0.106819635911129,-0.650561387311722,0.36284952425131,-1.11748398435348,0.812037316616189
"speed_acc","r_wid[w6cbe87c,multi_timeAfter]",-0.216481561266922,0.518960372302465,-0.429735849112407,0.0343702919302456,-0.825593710749548,0.231994354697807,-1.40250871813659,0.629552949991642
"speed_acc","r_wid[w6dd030e,multi_timeAfter]",0.122465364490055,0.510302857445385,-0.0840168436289076,0.298709082736878,-0.320996770047644,0.669407256350597,-0.701965780801065,1.25200910028497
"speed_acc","r_wid[w6ea0c26,multi_timeAfter]",-0.11094149487482,0.506308090679243,-0.282220569938538,0.0969893895791217,-0.639353401580089,0.352264361046413,-1.19589961988523,0.77774819815458
"speed_acc","r_wid[w6eb92cc,multi_timeAfter]",-0.0933365340850195,0.495391697461982,-0.268474233689306,0.116930538608222,-0.603489480713331,0.356531989975147,-1.13211191152575,0.776636386325319
"speed_acc","r_wid[w7232115,multi_timeAfter]",-0.0301986004319559,0.488019096557387,-0.201530300794871,0.154223807233965,-0.520664505802352,0.426981279774003,-1.03137628616542,0.935816138145576
"speed_acc","r_wid[w737e6e4,multi_timeAfter]",0.0846548201174264,0.49209580421726,-0.129120240560045,0.271285314576362,-0.404233298978648,0.606376460500444,-0.830827789507056,1.16294894705891
"speed_acc","r_wid[w768a02c,multi_timeAfter]",-0.00905016388207518,0.464975616306373,-0.193140219647556,0.17153740727162,-0.495402318752477,0.456815125600979,-1.01552639056254,0.964256256901964
"speed_acc","r_wid[w77b72cf,multi_timeAfter]",0.0743556470892064,0.527211870653811,-0.129760646291628,0.246258324950421,-0.394760930281996,0.543574159531698,-0.79976156861296,1.10790474043853
"speed_acc","r_wid[w7800d0f,multi_timeAfter]",0.147869144378004,0.471903137532295,-0.0691365931217355,0.316317849514832,-0.276690205482547,0.678247261903334,-0.655148362315326,1.23527011718319
"speed_acc","r_wid[w786d2f3,multi_timeAfter]",0.0520509778907651,0.537381566666093,-0.14671113206428,0.27779282414005,-0.42130553553357,0.637061891473301,-1.03795955015462,1.10305025960954
"speed_acc","r_wid[w7a2af65,multi_timeAfter]",-0.196751365689812,0.545593278492408,-0.398482881224826,0.0612999721738594,-0.80254435157129,0.285608952327803,-1.41688765785122,0.662137045789437
"speed_acc","r_wid[w7a38a77,multi_timeAfter]",-0.128175346072561,0.432872963845555,-0.307935620064011,0.071661478858129,-0.635228122679082,0.274910062730864,-1.14535028389878,0.631385353154256
"speed_acc","r_wid[w7bfe168,multi_timeAfter]",0.0455487232705959,0.516801754231072,-0.137484256017948,0.228865245184215,-0.3935838777718,0.526654024627477,-0.852522053908278,1.05131601202939
"speed_acc","r_wid[w7dbf1a9,multi_timeAfter]",-0.130560666474255,0.51191065060383,-0.299679634182678,0.0812384431570358,-0.620260599575107,0.316963997157673,-1.22101480690952,0.699578767557082
"speed_acc","r_wid[w7f5e428,multi_timeAfter]",-0.0317904634820105,0.501441273059771,-0.242181150610679,0.144037937389152,-0.54270836372773,0.428842050669573,-1.00942053298915,0.925886448437756
"speed_acc","r_wid[w7f90916,multi_timeAfter]",0.048984167152959,0.493487318388391,-0.146935516524403,0.224776567255562,-0.406546122374024,0.531745238846568,-0.916653071104872,1.08243352790318
"speed_acc","r_wid[w82f4ec0,multi_timeAfter]",0.0760619951624373,0.487331821739849,-0.120422585541881,0.246919006411912,-0.350038405016174,0.527269315178522,-0.75213264022528,1.00775970958354
"speed_acc","r_wid[w8363ab3,multi_timeAfter]",0.11519830382921,0.494631454477732,-0.0955899017010063,0.27667332898327,-0.330717325763945,0.615252973225173,-0.741730720872428,1.27191071096794
"speed_acc","r_wid[w83687da,multi_timeAfter]",0.00830557203112462,0.437606082148837,-0.159312051651887,0.184830954881968,-0.437633902564997,0.456246697536196,-0.898104772327696,0.892264414491031
"speed_acc","r_wid[w8843fd3,multi_timeAfter]",0.10264793843938,0.488335545553829,-0.112434563658455,0.275364334730082,-0.345703281383918,0.640930707450553,-0.711630736438155,1.17778404260976
"speed_acc","r_wid[w88c84d1,multi_timeAfter]",0.0234376345324546,0.559300932073126,-0.129888357750034,0.217530517523742,-0.390952230888903,0.514311040114067,-0.903495707257962,0.971954796229997
"speed_acc","r_wid[w88e738d,multi_timeAfter]",-0.0870064048691574,0.429468746963872,-0.25468424930291,0.109678918692519,-0.569763868247534,0.335473135984966,-1.03596570698501,0.689925205782654
"speed_acc","r_wid[w896f77a,multi_timeAfter]",-0.0584431982099923,0.483949358729781,-0.241033611789312,0.125969071916112,-0.547580830102152,0.391949779316576,-1.06810932746019,0.888447499923301
"speed_acc","r_wid[w8d745f1,multi_timeAfter]",0.0172454679452402,0.505927703924473,-0.166068461422031,0.195134532386393,-0.462497518566788,0.530579595839489,-0.960078471716058,1.07388214485152
"speed_acc","r_wid[w8de3f64,multi_timeAfter]",0.202274486000489,0.485215130290937,-0.0270912198123036,0.403584460150092,-0.219026593514173,0.767968963546602,-0.636560603221859,1.31466712768663
"speed_acc","r_wid[w8e07aa1,multi_timeAfter]",-0.145493059587445,0.567258680677273,-0.331960868583744,0.114619014268187,-0.707235849819426,0.352603715172629,-1.39688446182919,0.773959376398209
"speed_acc","r_wid[w8efa7d8,multi_timeAfter]",-0.0041372986053677,0.495943942995918,-0.193809087681996,0.169516534262869,-0.462977619801475,0.468173229498079,-0.932111533342811,1.01537926253158
"speed_acc","r_wid[w9051394,multi_timeAfter]",-0.142889954144716,0.502459986132021,-0.343533356827056,0.0667973599790201,-0.689177744684667,0.291216375030735,-1.22184401708767,0.694030201100899
"speed_acc","r_wid[w90f4896,multi_timeAfter]",-0.0806337863081322,0.490583913297452,-0.261315421028815,0.115334391506869,-0.570477846442972,0.391751461193618,-1.12073745971939,0.823968930566896
"speed_acc","r_wid[w9173175,multi_timeAfter]",-0.23138337485212,0.498697604407258,-0.441568049197516,0.0256251769047421,-0.817487762013524,0.199565354707321,-1.38437493244064,0.562667425356733
"speed_acc","r_wid[w9182e0b,multi_timeAfter]",0.0225878303847095,0.481049640571768,-0.163708964611108,0.181851677118438,-0.436038924024145,0.46533952984861,-0.836579297142583,0.934052696233076
"speed_acc","r_wid[w924a500,multi_timeAfter]",-0.0346778148052396,0.476273762866757,-0.229718014973544,0.147107744792336,-0.525707804413898,0.435082423049904,-1.05613682841412,0.96115349440881
"speed_acc","r_wid[w941cd9f,multi_timeAfter]",-0.0186105066428426,0.46587850252142,-0.21698302367545,0.135617394411146,-0.507528332460511,0.414618449018408,-0.927673029034769,1.0143710474997
"speed_acc","r_wid[w95167ae,multi_timeAfter]",-0.0908548082477056,0.433748203362039,-0.270640285820766,0.0924556716351343,-0.580334407834478,0.332834239646372,-1.05190276877657,0.714823393914011
"speed_acc","r_wid[w960c4a6,multi_timeAfter]",0.0634891337170332,0.482913152666718,-0.132867310743061,0.241433089457551,-0.401318571560565,0.529385892024755,-0.813379598734031,1.03868367305026
"speed_acc","r_wid[w962c662,multi_timeAfter]",0.0369102430688562,0.474568222346264,-0.147204248331493,0.212050529869546,-0.422496473094167,0.516039198939561,-0.85394975771589,0.997130299010912
"speed_acc","r_wid[w9a08173,multi_timeAfter]",0.0504253842449601,0.446771534331992,-0.125186501023886,0.232693186910766,-0.369924448559594,0.536272391973495,-0.822607255832727,0.984082594830078
"speed_acc","r_wid[w9a0bd8d,multi_timeAfter]",-0.0496526197444243,0.455767460879079,-0.229904327722041,0.131993234845496,-0.550920656449128,0.39866377354566,-1.00894367870412,0.829077770399207
"speed_acc","r_wid[w9b641f6,multi_timeAfter]",0.0212471366252838,0.439850293002739,-0.154394474924253,0.193367331597107,-0.436652366641715,0.470896332875614,-0.869972455662244,0.917780940151646
"speed_acc","r_wid[w9b9abef,multi_timeAfter]",0.12278797763679,0.498605612420329,-0.0705556597739149,0.302514540676582,-0.296227566417972,0.650724680223475,-0.690329821585091,1.15333442048833
"speed_acc","r_wid[w9bde09f,multi_timeAfter]",-0.10997618750888,0.515613349845087,-0.3147668891392,0.0997867205344387,-0.673916921622611,0.350772376596659,-1.20919704115694,0.769126846343719
"speed_acc","r_wid[w9cf2bd7,multi_timeAfter]",-0.201779121684217,0.454949834520201,-0.389689021629412,0.0310308206964529,-0.75989046834901,0.222259949844522,-1.25536981429824,0.534866510780637
"speed_acc","r_wid[w9f7c438,multi_timeAfter]",0.0530332950591057,0.496766688125001,-0.1474817584124,0.239446471735614,-0.416672451309399,0.557666519819573,-0.891209030339051,1.14660984801593
"speed_acc","r_wid[wa022482,multi_timeAfter]",-0.0612731527807384,0.468443437349466,-0.245109577478674,0.124044943363767,-0.546270697564485,0.362090701901416,-1.0723194543478,0.833165905966381
"speed_acc","r_wid[wa136b3d,multi_timeAfter]",-0.169647078130791,0.481798870150603,-0.333475026419448,0.0537716372209018,-0.712606027580255,0.246463120530663,-1.27638309256754,0.572378608915201
"speed_acc","r_wid[wa1909e0,multi_timeAfter]",0.145653685350385,0.496622394147865,-0.0711962582184891,0.32852793683802,-0.303201343400563,0.661828216394043,-0.693306530140488,1.22365743144677
"speed_acc","r_wid[wa1a03f2,multi_timeAfter]",0.0607198449193073,0.425210703030923,-0.112903185961456,0.22738795861752,-0.349345881400016,0.525330621079639,-0.749075003021171,1.01143557558059
"speed_acc","r_wid[wa4fe3e4,multi_timeAfter]",-0.0253562119367443,0.440121146519307,-0.209073446737339,0.152189306021474,-0.506449017723846,0.407291977214992,-0.903357943025171,0.842459079285925
"speed_acc","r_wid[wa5817fc,multi_timeAfter]",0.0208962398023483,0.460287066007595,-0.151328348767483,0.202589768076169,-0.423388280197716,0.510649406464047,-0.922839786864222,0.943933393740541
"speed_acc","r_wid[wa6daa50,multi_timeAfter]",0.0442311893592755,0.465354978249431,-0.158816537377701,0.226762954486639,-0.4082649208154,0.544220590094553,-0.83844571987696,1.04054874152452
"speed_acc","r_wid[wa79cf20,multi_timeAfter]",0.0508234854572585,0.458727622064277,-0.142111867961406,0.226031444579755,-0.400217199279045,0.536298272130034,-0.836380414840106,1.07093439108368
"speed_acc","r_wid[wab226bf,multi_timeAfter]",-0.0876002440095144,0.513287191705231,-0.284421936459828,0.115353555177218,-0.62466659101788,0.390695528760162,-1.18117899948284,0.817876834983952
"speed_acc","r_wid[wab70ec3,multi_timeAfter]",-0.0233591623916728,0.424177191315255,-0.181450853857523,0.146605567290727,-0.465761987052389,0.408968672499166,-0.964716702140929,0.808883437351643
"speed_acc","r_wid[wace8728,multi_timeAfter]",0.0470937632160768,0.468539967659064,-0.138179160087267,0.219166897572224,-0.404589505540914,0.526644295703146,-0.842540608459175,1.05652394078898
"speed_acc","r_wid[wad32437,multi_timeAfter]",0.118509494234798,0.50574286834406,-0.095774724885931,0.30384491343266,-0.345539499392948,0.691787847755031,-0.719014315515664,1.21680592619352
"speed_acc","r_wid[waf52734,multi_timeAfter]",-0.0838866137357597,0.476070160843224,-0.270144196339921,0.0968427637595089,-0.61363720136056,0.346903393233824,-1.08773591877111,0.852688324135702
"speed_acc","r_wid[waf9be39,multi_timeAfter]",0.0695915701394998,0.457415897521125,-0.12708170226109,0.240726656041633,-0.368063963195293,0.558272968810451,-0.752814079945538,1.06632626374735
"speed_acc","r_wid[wafacea9,multi_timeAfter]",-0.058880298346695,0.51161523768892,-0.251607022770839,0.133782838666607,-0.596194604275962,0.41128217063568,-1.08555212950581,0.926344464407623
"speed_acc","r_wid[wb0b75c3,multi_timeAfter]",0.0100167060750952,0.509785542119384,-0.174485317292848,0.186945417614863,-0.489593869962537,0.483634780489069,-0.951505662705077,1.0835501809442
"speed_acc","r_wid[wb2d9807,multi_timeAfter]",-0.0115261562259125,0.487451724360913,-0.182816245582479,0.171169091716896,-0.498366950917473,0.460664063269072,-1.03895414965267,0.964271174620669
"speed_acc","r_wid[wb361f36,multi_timeAfter]",0.20180303763494,0.494844616013523,-0.0417562082328082,0.38180329166964,-0.234121048717242,0.75360870807896,-0.57690001576351,1.40066467107625
"speed_acc","r_wid[wb56c2d3,multi_timeAfter]",-0.0497961358627997,0.530842062866616,-0.229180641549332,0.142101395988554,-0.538022231228233,0.432762109675516,-1.05230556876384,0.88974969433113
"speed_acc","r_wid[wb5c4def,multi_timeAfter]",-0.0144350226899107,0.457791373128211,-0.199466205377472,0.144188818728107,-0.502994130940815,0.431915687241305,-0.90494227838814,0.939147590774758
"speed_acc","r_wid[wb6ad69e,multi_timeAfter]",0.0322948362286132,0.434926973694969,-0.13541538272519,0.20456797905365,-0.396074504789172,0.489602808235871,-0.834984056129831,0.945722521173648
"speed_acc","r_wid[wb772565,multi_timeAfter]",0.0776375039084289,0.486910702080312,-0.125655313576149,0.270106467467307,-0.391492039235113,0.615767791919621,-0.883483098815618,1.17429801270996
"speed_acc","r_wid[wb85c4ff,multi_timeAfter]",0.0543153901556524,0.482364440991025,-0.131792632520552,0.203400547131074,-0.383063269844799,0.488911219120823,-0.765333940519327,1.00748732563648
"speed_acc","r_wid[wb8feabb,multi_timeAfter]",-1.6254224045617e-05,0.429646645483286,-0.165329884420755,0.173426254020574,-0.447427672130488,0.436624197989152,-0.941345247944695,0.876729605362494
"speed_acc","r_wid[wb966154,multi_timeAfter]",0.135648334394017,0.473703350777302,-0.0719861147000398,0.323270258311972,-0.296585970322371,0.683093067322702,-0.673874834891363,1.20618949058912
"speed_acc","r_wid[wbb74717,multi_timeAfter]",-0.0980338754538368,0.431668988486531,-0.247590903111235,0.108775650210394,-0.583167343353757,0.313425913610799,-1.10523426866801,0.631784778565436
"speed_acc","r_wid[wbc79189,multi_timeAfter]",0.0308457044669566,0.489804388948465,-0.172802958335943,0.208693391904867,-0.444949209489708,0.513758602830926,-0.923593605694349,1.06982112622678
"speed_acc","r_wid[wbd0314c,multi_timeAfter]",-0.0198673782496524,0.447065804673322,-0.200769606720593,0.148630018961705,-0.488318966639954,0.412049907334449,-0.905810099160861,0.870020842613128
"speed_acc","r_wid[wbe2faf8,multi_timeAfter]",0.131661603619018,0.433352336532097,-0.0701577975071692,0.293469375242648,-0.267426513935489,0.633518314421778,-0.597928830447064,1.16055052409871
"speed_acc","r_wid[wbe569b5,multi_timeAfter]",-0.125342950344677,0.494998206610095,-0.320412148897124,0.0855446808167008,-0.667515910526955,0.327304024204348,-1.22981095854254,0.732374732897892
"speed_acc","r_wid[wbe9243a,multi_timeAfter]",0.0933650204843152,0.497666544928752,-0.115443054281626,0.278588630785109,-0.367113080926978,0.647120823071124,-0.863398400813252,1.2347148674432
"speed_acc","r_wid[wbf1c81e,multi_timeAfter]",-0.0975436993391454,0.445363186759132,-0.254726933959229,0.109081754564917,-0.584106965128201,0.325378118599292,-1.09515478289532,0.659091653040357
"speed_acc","r_wid[wc097323,multi_timeAfter]",0.0880244234635378,0.50120858173491,-0.106336583250002,0.258566852817433,-0.365162615843068,0.628371311710962,-0.847167776382712,1.18670249038515
"speed_acc","r_wid[wc0a4260,multi_timeAfter]",-0.0414078153106459,0.467955347951439,-0.218512810669336,0.141195095101707,-0.530257971691792,0.430407041773386,-1.03284696749524,0.866020969508678
"speed_acc","r_wid[wc16f522,multi_timeAfter]",0.0286558038064178,0.499973845896609,-0.153940453133247,0.220349029452698,-0.42886198666909,0.521582209008668,-0.926072359557315,1.01278476869032
"speed_acc","r_wid[wc263e54,multi_timeAfter]",0.0511631767737376,0.464699087479985,-0.14092689399936,0.223231977881035,-0.420648051606756,0.527472512843772,-0.798326945330265,0.997806876398836
"speed_acc","r_wid[wc294ae3,multi_timeAfter]",0.0303363518172817,0.474767450042445,-0.158370692446622,0.219295307930463,-0.431510087493129,0.509850587620455,-0.901709814664395,1.02668220922472
"speed_acc","r_wid[wc43fbaa,multi_timeAfter]",-0.00602448806776046,0.476885907292488,-0.19707770945746,0.176771287856663,-0.499266058130025,0.493332286436706,-0.966037356477743,0.947924336072283
"speed_acc","r_wid[wc4c38a3,multi_timeAfter]",0.00130671861144177,0.486916206837472,-0.182902390874811,0.17332781160222,-0.496020742570474,0.43602658096822,-0.935858652607386,0.972063300706967
"speed_acc","r_wid[wc512962,multi_timeAfter]",0.188554074029272,0.46701082520158,-0.0411980871344644,0.358019117456049,-0.220663780053453,0.707374091805611,-0.572942969543904,1.29674971155072
"speed_acc","r_wid[wc54132b,multi_timeAfter]",0.102374490207552,0.468068441343577,-0.104768991217655,0.263569432329066,-0.335789088798244,0.617281008915506,-0.69226684799813,1.15647373955355
"speed_acc","r_wid[wc55b6c8,multi_timeAfter]",-0.143070642493913,0.490179348187104,-0.345103873388903,0.0636379291328426,-0.72057275208147,0.266398379046628,-1.17455429591738,0.772683032487435
"speed_acc","r_wid[wc628bde,multi_timeAfter]",0.154566709693034,0.5800836874792,-0.0938818308510032,0.366110407856634,-0.365454293564107,0.740607404186952,-0.837048630581145,1.43981529969777
"speed_acc","r_wid[wc6f0e84,multi_timeAfter]",0.000384835235662563,0.472964915378742,-0.190064643996687,0.180720232289944,-0.488208083304454,0.46026485897608,-0.960107054477763,0.979091584485031
"speed_acc","r_wid[wc73f4d8,multi_timeAfter]",0.097813101656845,0.486942794169386,-0.111669632244972,0.288478416636906,-0.366036239952854,0.622566064988054,-0.778549959999282,1.1303643326997
"speed_acc","r_wid[wc8b5d36,multi_timeAfter]",-0.127897963664081,0.490602749652078,-0.315299722207037,0.0875085760655882,-0.672093070341872,0.327517587749291,-1.27632965887631,0.718278188387791
"speed_acc","r_wid[wcc033bc,multi_timeAfter]",0.0155297971691983,0.505058431001562,-0.170491825696112,0.203987343386204,-0.462972949589159,0.50807663013136,-1.01183531862987,1.04658134356106
"speed_acc","r_wid[wcc15547,multi_timeAfter]",0.0558095704108194,0.4872856446993,-0.136613908909998,0.23983944138387,-0.390178471855871,0.549752610358506,-0.807560111888847,1.04508702240001
"speed_acc","r_wid[wcc4ec90,multi_timeAfter]",0.0748513113461719,0.49316700347619,-0.121975732450227,0.24656647162114,-0.382593427144038,0.575623242802911,-0.78575769876506,1.10030071698189
"speed_acc","r_wid[wcd98054,multi_timeAfter]",0.00162066969311593,0.493811472232939,-0.19145910086619,0.16761424423911,-0.491004550626425,0.452417492452633,-0.951006872337431,0.966904313631151
"speed_acc","r_wid[wd0724cf,multi_timeAfter]",0.000395827197011164,0.485273454732632,-0.18784901945098,0.193474989482832,-0.50508398299398,0.481124698182923,-1.00064283494465,0.935754313360683
"speed_acc","r_wid[wd07cb72,multi_timeAfter]",0.0631979137967772,0.525245343175627,-0.149816267614112,0.232737433068413,-0.433019934614147,0.597888604928858,-0.870397929332748,1.17456050805117
"speed_acc","r_wid[wd20dd5c,multi_timeAfter]",0.167031619703279,0.502280700446437,-0.0701104856572091,0.348806603356896,-0.277843176065917,0.705493148826251,-0.62515463785208,1.30777168770128
"speed_acc","r_wid[wd238f0c,multi_timeAfter]",-0.0330873518072163,0.468968450821946,-0.223487520302027,0.138987277710695,-0.528400441504686,0.401846658140797,-1.00271217744253,0.920652492653292
"speed_acc","r_wid[wd47555e,multi_timeAfter]",0.0160272292902367,0.492202335081775,-0.180477626675181,0.19666054154042,-0.462286120587743,0.500622345858688,-0.953361540837644,0.989071863120572
"speed_acc","r_wid[wdab535b,multi_timeAfter]",-0.190313825907337,0.517442961899211,-0.379520872822203,0.0574735265421607,-0.787633063413129,0.293565340300664,-1.47601206133864,0.644070432795807
"speed_acc","r_wid[wdad9375,multi_timeAfter]",0.0211543959563845,0.478899064509665,-0.173841280661505,0.187008965198693,-0.46288137617941,0.491756460139577,-0.890692773394611,1.02872426827827
"speed_acc","r_wid[wdd486da,multi_timeAfter]",-0.00869906691896607,0.416005481437778,-0.164867736311897,0.16529841107851,-0.452899553331405,0.41934607663651,-0.860650566001747,0.830769335632195
"speed_acc","r_wid[wdde7ef1,multi_timeAfter]",0.0690794131189487,0.479311799167349,-0.122077230816041,0.254672945021948,-0.390735309473652,0.5720051897537,-0.838909227669448,1.11065468211835
"speed_acc","r_wid[wdea5d27,multi_timeAfter]",-0.166828056221424,0.490566752548653,-0.346909514488353,0.0637836499165253,-0.726265170968837,0.27429782900236,-1.32963778841751,0.655211498851129
"speed_acc","r_wid[wdfdc927,multi_timeAfter]",-0.00917212737494888,0.477134315713815,-0.189127279048429,0.171250839191927,-0.496238159695266,0.491547049801252,-1.00045034357259,0.981814951450717
"speed_acc","r_wid[we10d2c6,multi_timeAfter]",-0.0670782484368441,0.491111850607085,-0.238473571323021,0.125118807273595,-0.581036906551915,0.396492748988619,-1.14356009157283,0.855709559677953
"speed_acc","r_wid[we1b8e64,multi_timeAfter]",0.0533158018465329,0.485262485200706,-0.145983026926737,0.250326789346637,-0.448422566836452,0.579442809471353,-0.879963903304932,1.10670512421715
"speed_acc","r_wid[we2434bb,multi_timeAfter]",-0.0156104749351652,0.453110714594208,-0.204404864405065,0.176778853852662,-0.50545645225036,0.472380417122227,-0.978299572568102,0.890606315812761
"speed_acc","r_wid[we245fc8,multi_timeAfter]",-0.0296518240190908,0.469920706666624,-0.220177910439543,0.127607145860606,-0.506291151970107,0.395625902348393,-0.916139064028303,0.911412405204206
"speed_acc","r_wid[we24a9dd,multi_timeAfter]",0.0806850855587228,0.43199090189464,-0.107382288784625,0.239760107674305,-0.325595075241621,0.54184176727671,-0.719797529969966,1.0540486749626
"speed_acc","r_wid[we26c55e,multi_timeAfter]",-0.0654808529488761,0.498613933117207,-0.242026507097228,0.133399158651005,-0.56316807437759,0.388367665175534,-1.09889836265078,0.838237971695173
"speed_acc","r_wid[we38f335,multi_timeAfter]",0.0388496334452639,0.479730221720255,-0.149777232745836,0.228597650626098,-0.418314446539425,0.535454618387915,-0.955616640358881,1.0682884740165
"speed_acc","r_wid[we39fc55,multi_timeAfter]",-0.152255849512384,0.557242189265192,-0.314672307680347,0.0979358993773867,-0.713738759951208,0.356798021987891,-1.47002657981616,0.72625402823841
"speed_acc","r_wid[we40084a,multi_timeAfter]",0.174785433162182,0.480706778203458,-0.0466373841897804,0.362988564539358,-0.231441251139157,0.748754513764034,-0.634055494844271,1.23314359130947
"speed_acc","r_wid[we4edfb4,multi_timeAfter]",-0.0556858021134819,0.51250981261324,-0.203643842866774,0.139519654067535,-0.487575692414205,0.379082899543746,-1.03693896349494,0.807079783038507
"speed_acc","r_wid[we55dec7,multi_timeAfter]",0.000547233127930174,0.462318099469381,-0.16712265337421,0.178396455450862,-0.417476121247589,0.46400640474975,-0.893017883685154,0.926298071277412
"speed_acc","r_wid[we58a710,multi_timeAfter]",-0.0862879255590313,0.469892931222364,-0.264939937019796,0.116232448605696,-0.61620588653635,0.370368172448065,-1.17424287418278,0.839024678030435
"speed_acc","r_wid[we824ff2,multi_timeAfter]",-0.187892350136453,0.490287061248081,-0.396082558465983,0.0421325815217737,-0.747662202104969,0.24026050769682,-1.26118849306015,0.604457915895989
"speed_acc","r_wid[we83fa8f,multi_timeAfter]",0.0312354600739149,0.473606256527632,-0.157722594110095,0.208340657248006,-0.425181569944221,0.506077984182745,-0.864606930549897,0.980465434637005
"speed_acc","r_wid[we90925d,multi_timeAfter]",0.0451902008447975,0.48850451570091,-0.146729731928388,0.215185128045414,-0.42154189923267,0.512152572344041,-0.860269653053756,1.00221214536277
"speed_acc","r_wid[we9631be,multi_timeAfter]",0.034080158702577,0.465866710213817,-0.155472181057533,0.209034191420759,-0.42047946900214,0.537347954107806,-0.893037011508428,0.986075424548153
"speed_acc","r_wid[we9754da,multi_timeAfter]",-0.072053017752187,0.442096729635955,-0.247564152821764,0.115012746296241,-0.562762248527643,0.360641261520385,-1.02677143812998,0.780933163053328
"speed_acc","r_wid[wea09e5e,multi_timeAfter]",-0.0541283581299716,0.470556453196447,-0.231613100240825,0.14831774455619,-0.552987190669196,0.411128535624839,-1.08202012754633,0.837165888198955
"speed_acc","r_wid[wea8ef8e,multi_timeAfter]",-0.0730945732352407,0.508715834544102,-0.265861129310257,0.131330275823339,-0.594364709741912,0.403024630320002,-1.14938222459753,0.880214459989646
"speed_acc","r_wid[webf5097,multi_timeAfter]",-0.0142159290067244,0.472059228159305,-0.191547063259324,0.182269530662817,-0.484869480587162,0.450862746959343,-0.964773999598324,0.8972344246592
"speed_acc","r_wid[wed3d878,multi_timeAfter]",0.0368808344614441,0.518144268947088,-0.173836306389509,0.192332351691641,-0.44139833524192,0.52429782407212,-0.908017279343687,1.18538419742328
"speed_acc","r_wid[wee338ab,multi_timeAfter]",-0.117818330000058,0.509376828149443,-0.280005192654135,0.0926650168997837,-0.619914082429595,0.324107749511994,-1.20788746876864,0.686084518967598
"speed_acc","r_wid[wf2f2835,multi_timeAfter]",0.015648673072629,0.468213591934793,-0.157446899877787,0.200230848252803,-0.457479783189412,0.501775744861244,-0.936554825180474,0.966328610755789
"speed_acc","r_wid[wf456a28,multi_timeAfter]",0.193296879412644,0.487726507001323,-0.0434539482131436,0.388291924313056,-0.237459992333851,0.780467151114296,-0.610241882783923,1.35437571054032
"speed_acc","r_wid[wf469935,multi_timeAfter]",0.0678196088730784,0.484352473535023,-0.127882401933114,0.245690992943443,-0.394951779209029,0.573367426483062,-0.774661418275269,1.11708594885731
"speed_acc","r_wid[wf537da7,multi_timeAfter]",-0.151048793424001,0.514401755432158,-0.314325273928359,0.0765725971109064,-0.684264705767132,0.297103224364439,-1.36450803557401,0.647496305597871
"speed_acc","r_wid[wf60f9d4,multi_timeAfter]",0.00921013311999151,0.457154479511588,-0.157384009421062,0.193195661776331,-0.428281654232702,0.471509120987454,-0.902609864353522,0.942157149867641
"speed_acc","r_wid[wf63b737,multi_timeAfter]",-0.130985504589386,0.46216805645028,-0.305666701187214,0.0667551452768539,-0.647293212542385,0.284715721059567,-1.14121569436398,0.696705842556783
"speed_acc","r_wid[wf63c50b,multi_timeAfter]",0.131729759805957,0.494777877347482,-0.089436101388733,0.330987877512323,-0.325309899195718,0.713228465042916,-0.777430657810102,1.27220813406344
"speed_acc","r_wid[wf646ea3,multi_timeAfter]",0.151862936105853,0.50479214237232,-0.076614196090919,0.338824557039843,-0.280089316098032,0.694332903789732,-0.658410668444669,1.30866925364103
"speed_acc","r_wid[wfbb00e1,multi_timeAfter]",-0.0179615878952957,0.492601240071428,-0.183716606741254,0.181682256892169,-0.502704382879733,0.465563924720666,-1.03371983305427,0.868857762450397
"speed_acc","r_wid[wfd8b568,multi_timeAfter]",0.0407641287056339,0.497740290650738,-0.142356908092637,0.238349096049842,-0.429377403315812,0.561197435467481,-0.949410320181175,1.03073883076436
"speed_acc","r_wid[wffba7a1,multi_timeAfter]",-0.00351969448354049,0.433231048584253,-0.189148392724688,0.17226574382681,-0.465792206370304,0.440375810674633,-0.926275413617685,0.905410911909143
"speed_acc","r_wid[w0198d08,log_rt:multi_timeAfter]",0.0193248394671825,0.0594621053977953,-0.00769808483566604,0.0408848277856464,-0.0334755225946475,0.0871096269130043,-0.076429583066217,0.156865505568955
"speed_acc","r_wid[w01da968,log_rt:multi_timeAfter]",-0.00224728732092255,0.0626030656901349,-0.0226633473200628,0.0222310037572121,-0.0651295872803134,0.0572902457203057,-0.135454070862582,0.116121893019705
"speed_acc","r_wid[w022dd5a,log_rt:multi_timeAfter]",-0.000274393025832779,0.0647182233274317,-0.0277949472623866,0.0234596217692314,-0.0671837971613919,0.0629008946958194,-0.127607402802778,0.140525112596342
"speed_acc","r_wid[w02461c5,log_rt:multi_timeAfter]",-0.00482645130417254,0.0590426358059683,-0.0270202385328721,0.0182811058074243,-0.0659478543522976,0.0545813467397497,-0.129775206450152,0.104413956542971
"speed_acc","r_wid[w05ede5c,log_rt:multi_timeAfter]",0.000169824883882681,0.0584799664999058,-0.0195293796338838,0.0221319174629891,-0.0528205244414925,0.0572222806991118,-0.120102985842004,0.112216993359074
"speed_acc","r_wid[w05f4989,log_rt:multi_timeAfter]",0.00136899973621193,0.059662380020783,-0.0227642233159969,0.0246801347300796,-0.0558687878636268,0.0635543960311366,-0.117892596957495,0.12469566333561
"speed_acc","r_wid[w060c642,log_rt:multi_timeAfter]",-0.00670792709492266,0.0538961605645434,-0.0260167415169821,0.0155852707344799,-0.0628758833855745,0.0466012790530317,-0.131301072471178,0.0914515931881638
"speed_acc","r_wid[w06d51ce,log_rt:multi_timeAfter]",0.0013407136519953,0.0557966220227104,-0.0203206388786707,0.0219685398706745,-0.0553339494569571,0.0573044287469488,-0.113756504270538,0.118405161016894
"speed_acc","r_wid[w07271cc,log_rt:multi_timeAfter]",-0.00488955066270103,0.0718298896475588,-0.0277692836109537,0.0270367525120692,-0.0721967863253637,0.0642879487205,-0.165343023679568,0.120807556499503
"speed_acc","r_wid[w07f26c1,log_rt:multi_timeAfter]",0.0214627172602058,0.0593325239841459,-0.00612457015794766,0.0458604822444949,-0.0311672603012737,0.0897244656106424,-0.0803771168726048,0.157430659867497
"speed_acc","r_wid[w08f65eb,log_rt:multi_timeAfter]",0.0035825340421207,0.0637583468220411,-0.0206138238859547,0.0259547303211751,-0.0564610175030948,0.0675957111012721,-0.116209723352567,0.13746512850765
"speed_acc","r_wid[w0a25e9c,log_rt:multi_timeAfter]",0.0177412687437087,0.0608631938124189,-0.00909996594429724,0.0396280930402881,-0.0335109179606028,0.0855547523517568,-0.0823920033074186,0.151455227669731
"speed_acc","r_wid[w0b0ec85,log_rt:multi_timeAfter]",-0.00672726132078736,0.0586823979989328,-0.0284691199106342,0.0163575480448632,-0.0691364757005784,0.0508732314234881,-0.138463115410585,0.108974132921737
"speed_acc","r_wid[w0b3246f,log_rt:multi_timeAfter]",-0.000550488833929442,0.0649715457782285,-0.0248027788919712,0.0209521731938668,-0.0614722562771386,0.0598828950639913,-0.130046384785037,0.126136034060337
"speed_acc","r_wid[w0baed73,log_rt:multi_timeAfter]",-0.00269270807080286,0.0634375303609317,-0.0266780659073575,0.0202224526117566,-0.0657614117030876,0.0568315974841919,-0.123462682544263,0.125325928210444
"speed_acc","r_wid[w0c031fe,log_rt:multi_timeAfter]",-0.00623168809709971,0.0585206735233236,-0.0280382536529084,0.0140237123456149,-0.0676454457284533,0.0461456393826076,-0.126973925768801,0.107861344901652
"speed_acc","r_wid[w0d04a41,log_rt:multi_timeAfter]",0.00844327772305658,0.0689629600809831,-0.0179187540854589,0.0293375168264373,-0.0485837781632616,0.069036154166317,-0.105901378073382,0.14604511641681
"speed_acc","r_wid[w0d62ec5,log_rt:multi_timeAfter]",-0.0140826447587239,0.0595185933995896,-0.0354513598685974,0.00990834354013882,-0.0770568096887647,0.0396122329390142,-0.14729091886843,0.0921527023523232
"speed_acc","r_wid[w0db2e6f,log_rt:multi_timeAfter]",-0.00165279484185795,0.0578143564549978,-0.0249036405570164,0.0200004840133054,-0.0615503879462045,0.0573216318009662,-0.118670603785531,0.11247288024711
"speed_acc","r_wid[w0ef0b67,log_rt:multi_timeAfter]",0.00964841247156277,0.0682451151449724,-0.0171310325619097,0.0312554067308385,-0.0524112322979881,0.0753660015936192,-0.109785359495856,0.159869848929921
"speed_acc","r_wid[w0fd8c2c,log_rt:multi_timeAfter]",0.00290077847467598,0.0593230957695994,-0.0193007535950305,0.0249081113482597,-0.0568070427002024,0.0627747741442448,-0.108841676958254,0.12440164006346
"speed_acc","r_wid[w10f7bc5,log_rt:multi_timeAfter]",-0.00780271674066749,0.0594344685898545,-0.0311499268066507,0.0159559599441469,-0.0737420877114114,0.0495942157547919,-0.135409376776044,0.109077157451665
"speed_acc","r_wid[w11538ef,log_rt:multi_timeAfter]",-0.00169554040663339,0.063464709381978,-0.0227691372169309,0.0238023214312395,-0.0620704470845333,0.05939524061384,-0.135708846175099,0.116207686507037
"speed_acc","r_wid[w117e095,log_rt:multi_timeAfter]",0.00043530108459869,0.0643150977323033,-0.0236223405591799,0.022982060058125,-0.0629254037255136,0.0627738026730832,-0.117538490161055,0.136836365723971
"speed_acc","r_wid[w13e388b,log_rt:multi_timeAfter]",0.00703181204259044,0.0593557078250819,-0.0166692693547342,0.0294222290141004,-0.0485296602840232,0.0678224520996951,-0.106758288064831,0.13628827780945
"speed_acc","r_wid[w14cb402,log_rt:multi_timeAfter]",0.0045196096898621,0.054039633185008,-0.0176466153031051,0.0241037553563509,-0.0491378480485352,0.0605238565180882,-0.0991553951273534,0.123928996278582
"speed_acc","r_wid[w1571d58,log_rt:multi_timeAfter]",1.90862970647857e-05,0.0591039955012917,-0.0229204029699084,0.0226411180263156,-0.0586025994995915,0.0585919218196202,-0.118235461663599,0.120916812845666
"speed_acc","r_wid[w1629b0b,log_rt:multi_timeAfter]",-0.0026680130299625,0.0608584223156782,-0.0250455375205799,0.0212553517632815,-0.0659674186674227,0.0588894533534056,-0.129925351751215,0.118684384915935
"speed_acc","r_wid[w16b46ff,log_rt:multi_timeAfter]",0.004021658139749,0.0584467849290719,-0.0202518899769567,0.0246541128283621,-0.0524771100712961,0.0617799436147123,-0.106460500922562,0.13022425080422
"speed_acc","r_wid[w182a5f6,log_rt:multi_timeAfter]",-0.0051081855534598,0.0630288224663929,-0.0262928054417597,0.0184293927607836,-0.0676040881991892,0.0527258399262043,-0.134889630389352,0.105941115882953
"speed_acc","r_wid[w19d0170,log_rt:multi_timeAfter]",-0.00704151524583949,0.0609232762793824,-0.0294113967058783,0.0171835199961012,-0.0714167668977578,0.0513488848082591,-0.136955703211763,0.11101402770138
"speed_acc","r_wid[w1d52e8b,log_rt:multi_timeAfter]",-0.0173235380005652,0.0579817089936433,-0.0407842153090294,0.00816883081060156,-0.0838254073304115,0.0358255140935249,-0.148556025844961,0.0840500510205465
"speed_acc","r_wid[w1d9c2fb,log_rt:multi_timeAfter]",0.0231603876169169,0.062004113121664,-0.00496540923281621,0.0479900497595777,-0.0296058476212584,0.0957710721282826,-0.0792278592410425,0.159883892569024
"speed_acc","r_wid[w1eadd53,log_rt:multi_timeAfter]",-0.0067102043287353,0.0591425016968163,-0.0263958787302641,0.0171112646929786,-0.0641308695070808,0.0511776751976625,-0.132463866017453,0.101802328017467
"speed_acc","r_wid[w1ef67ab,log_rt:multi_timeAfter]",-0.00414730079423299,0.0585960480615831,-0.0249515855095924,0.0193364563416234,-0.0640420217155814,0.0510813527903963,-0.129566454757985,0.106861759960417
"speed_acc","r_wid[w227f955,log_rt:multi_timeAfter]",-0.0247097588156452,0.0648167785581292,-0.051074355225412,0.00476589120095738,-0.0988925974769052,0.0293576530542589,-0.170547872144996,0.0888255634218259
"speed_acc","r_wid[w245142a,log_rt:multi_timeAfter]",-0.0076472656083479,0.0605187253390696,-0.0284834643005246,0.016581124201967,-0.0703657959066512,0.0485746682363535,-0.141106544855874,0.106532596702577
"speed_acc","r_wid[w2457106,log_rt:multi_timeAfter]",0.0321704729189815,0.0651374597326392,-0.00217860995678648,0.0589322735264712,-0.0222064549056476,0.113005792118179,-0.0670056059647285,0.189043263907922
"speed_acc","r_wid[w249e8ce,log_rt:multi_timeAfter]",-0.0185986181339453,0.0601369963611782,-0.0427666618103276,0.00778974872772715,-0.086863711418188,0.0324782003511164,-0.150083700383362,0.0836300553632296
"speed_acc","r_wid[w277fccf,log_rt:multi_timeAfter]",-0.00440113807375535,0.0593667218204525,-0.0264439236234343,0.0194767842801916,-0.0660035581020864,0.0545439189259048,-0.135094213583036,0.114053555701961
"speed_acc","r_wid[w27e1de9,log_rt:multi_timeAfter]",0.0316774762749403,0.0694771567972866,-0.00246516447552241,0.0583465229742907,-0.0241780864557265,0.111112854089886,-0.0732849826326886,0.194923684932016
"speed_acc","r_wid[w2991322,log_rt:multi_timeAfter]",-0.00832349125706691,0.0646676214540817,-0.0317194637736451,0.0150543966539719,-0.0742775207081348,0.0472558059916078,-0.141048237561452,0.112430768413907
"speed_acc","r_wid[w299c268,log_rt:multi_timeAfter]",-0.0123657957520564,0.0552543585299181,-0.0329763585950631,0.0108589798695282,-0.0749802136160003,0.0380252752000357,-0.133225869040118,0.0863218196106929
"speed_acc","r_wid[w29ed098,log_rt:multi_timeAfter]",-0.0118450763770272,0.0605142681762566,-0.0359907923421869,0.0127524474916289,-0.0781807830653171,0.0466843540027042,-0.146684776153328,0.105002324713117
"speed_acc","r_wid[w2a7296e,log_rt:multi_timeAfter]",0.00781293243400136,0.0585411960484877,-0.015003113711619,0.0315198429391184,-0.048861203702525,0.0736946465783536,-0.111380911230489,0.137133714823151
"speed_acc","r_wid[w2bc0b21,log_rt:multi_timeAfter]",0.0122611126700122,0.0592097168001029,-0.0122284308651714,0.0335525379743342,-0.0423671261609197,0.07796847272205,-0.0925742051637396,0.151887673117583
"speed_acc","r_wid[w2c1f2f7,log_rt:multi_timeAfter]",0.00841642447090226,0.0613799617317112,-0.016236848298302,0.0328486869341207,-0.0499642434099148,0.0723345194918699,-0.110144262955859,0.134960942996596
"speed_acc","r_wid[w2c75db7,log_rt:multi_timeAfter]",-0.00412098872705495,0.0621249456976731,-0.0259070283148704,0.0182540213821757,-0.0636057413755833,0.0543873945677267,-0.128464250898806,0.112267998840605
"speed_acc","r_wid[w2cb5760,log_rt:multi_timeAfter]",-0.00298602345720286,0.0591503079434826,-0.0256769191887054,0.0194295092206848,-0.0661294738518192,0.0571826886346516,-0.127185014040835,0.121353932492937
"speed_acc","r_wid[w3002e39,log_rt:multi_timeAfter]",-0.011452507018291,0.0577432891002956,-0.0321949704612789,0.0133745903080658,-0.0731053786232835,0.0425701084403308,-0.145162926868392,0.0897172036075292
"speed_acc","r_wid[w308aa07,log_rt:multi_timeAfter]",-0.00445761487643096,0.0695112241475841,-0.0259509566895731,0.0199881608363018,-0.0686717285148112,0.0575606023929596,-0.144261226484683,0.118788086756129
"speed_acc","r_wid[w30e05e4,log_rt:multi_timeAfter]",-0.0024304031281837,0.0643480431116819,-0.0277812909476938,0.0207594052466298,-0.0650279332734708,0.057022014352703,-0.129166436531909,0.124979166888553
"speed_acc","r_wid[w311c43d,log_rt:multi_timeAfter]",0.00184834372097587,0.0548684263304621,-0.0191654946515825,0.0232510267536319,-0.0535402419998558,0.0589323796762119,-0.110112196745284,0.11847432332744
"speed_acc","r_wid[w313d7aa,log_rt:multi_timeAfter]",0.00978539389174202,0.0631240524203763,-0.0171153775669892,0.0323513669988342,-0.0503202290580221,0.0791270590004597,-0.100987174615342,0.146799102041771
"speed_acc","r_wid[w31b60c3,log_rt:multi_timeAfter]",-0.00206709539135548,0.0603800255680192,-0.0264571089107333,0.0199274886326014,-0.0635617157528016,0.0561443293149545,-0.118973731083566,0.116855532423058
"speed_acc","r_wid[w3327d2a,log_rt:multi_timeAfter]",0.0113747444067318,0.0591356009585788,-0.0136169132670503,0.0325574847048332,-0.0450258764752843,0.0770432810700182,-0.0951275629206549,0.146582078392718
"speed_acc","r_wid[w35dbe71,log_rt:multi_timeAfter]",-0.00993205024026728,0.0635209958684473,-0.0325096619373097,0.0139840326002907,-0.0759420551170601,0.0482997303522825,-0.146696295539122,0.104777741741778
"speed_acc","r_wid[w365c8db,log_rt:multi_timeAfter]",-0.00866125731341696,0.0577504882900639,-0.0308458050154961,0.0141707181663558,-0.0719082572459904,0.0477183915052552,-0.141556110305711,0.107488280702408
"speed_acc","r_wid[w367fa57,log_rt:multi_timeAfter]",-0.0104784651195598,0.0663521944602067,-0.0346661670933413,0.0187706413445653,-0.0793165947126467,0.0535815071224051,-0.160247218890173,0.105694028670151
"speed_acc","r_wid[w36b3d2f,log_rt:multi_timeAfter]",0.00176653600422762,0.0614583908000572,-0.0203784590497664,0.0252911192232488,-0.0605634772052746,0.0627356623617564,-0.124968006759027,0.127807454331039
"speed_acc","r_wid[w383e1fe,log_rt:multi_timeAfter]",0.00858780944644172,0.0662875038087016,-0.0178252084501834,0.0300537542565355,-0.0517892169348275,0.0755857683455711,-0.108064354219442,0.148733507907422
"speed_acc","r_wid[w38a9dbf,log_rt:multi_timeAfter]",0.00814129450392071,0.0599561615363872,-0.0134392995045852,0.0304612915568037,-0.0448346519326637,0.0687072081305363,-0.0993801946231755,0.134189184057379
"speed_acc","r_wid[w397496b,log_rt:multi_timeAfter]",-0.0130440548746371,0.0704043450677222,-0.0355412345247792,0.0152032974108929,-0.0803164115583216,0.0482296910035707,-0.169451865232649,0.103840552760894
"speed_acc","r_wid[w3acba24,log_rt:multi_timeAfter]",0.0187582644687175,0.0586584316044093,-0.00789775021381344,0.0399927110927991,-0.0324810645166023,0.0830253266279802,-0.0772781679780955,0.162794801514432
"speed_acc","r_wid[w3b16ba3,log_rt:multi_timeAfter]",-0.00515350730952599,0.0605637985281289,-0.0266339960626134,0.0184373626752953,-0.064556250085336,0.0520201194408815,-0.131776975022586,0.11021610113039
"speed_acc","r_wid[w3c1c747,log_rt:multi_timeAfter]",-0.000983051702534422,0.0692527763613371,-0.0300900102767131,0.0231336942042857,-0.0712482704061903,0.066501455823414,-0.128298876101474,0.137755562442598
"speed_acc","r_wid[w3c538ad,log_rt:multi_timeAfter]",0.00365150367807172,0.0613817465431115,-0.0183876245084321,0.0273993177002882,-0.0542582477730401,0.0648646918895939,-0.118152721120494,0.130554906327082
"speed_acc","r_wid[w3d5caa9,log_rt:multi_timeAfter]",-0.0115289954733252,0.0653897103023123,-0.0342247828566932,0.0143783547280362,-0.0776084763980199,0.0452605925343871,-0.150015742868509,0.102073624831649
"speed_acc","r_wid[w3f5fa74,log_rt:multi_timeAfter]",-0.0051195076823331,0.059366394667506,-0.0306084750554895,0.0170502976741004,-0.0683896405778457,0.0531289081873621,-0.126977554163597,0.120467484016683
"speed_acc","r_wid[w3fb3b5b,log_rt:multi_timeAfter]",0.00639319327215177,0.0627533052065832,-0.0174638886552084,0.0271524521066107,-0.0507250673669472,0.0667721297340325,-0.104548807602884,0.13079160993434
"speed_acc","r_wid[w3fc2d2c,log_rt:multi_timeAfter]",-0.00704346661838134,0.0628815395050583,-0.0286676813748973,0.0185442142110214,-0.0707591449142517,0.0520864171896918,-0.14680513334728,0.109164420552611
"speed_acc","r_wid[w3fdf5b1,log_rt:multi_timeAfter]",0.0134516463957242,0.0587451015918908,-0.0129408970863869,0.0346239749582714,-0.0417384366977197,0.0799207872555571,-0.0881671293772915,0.150940195958558
"speed_acc","r_wid[w409b474,log_rt:multi_timeAfter]",-0.00882518114805058,0.0617340011060518,-0.0329094185001294,0.0159179034597892,-0.0755304485504159,0.0494581376234923,-0.137380936848398,0.109980795174334
"speed_acc","r_wid[w4400cbf,log_rt:multi_timeAfter]",-0.00734130343690802,0.0628446021409445,-0.0278883821373738,0.0165693072506435,-0.0685908160703941,0.0490911260242596,-0.136794585506564,0.108101219984956
"speed_acc","r_wid[w44c6cc9,log_rt:multi_timeAfter]",0.00379864348734814,0.06049343802497,-0.0191224155548109,0.0250586755690736,-0.0543255993014174,0.0668760046067126,-0.109954327513733,0.125000358400056
"speed_acc","r_wid[w44f5ace,log_rt:multi_timeAfter]",0.0011381665240021,0.062923282804117,-0.0240026317087397,0.0227487772684604,-0.0612173120739135,0.061435755163254,-0.117830207653279,0.129249776521245
"speed_acc","r_wid[w479605b,log_rt:multi_timeAfter]",0.000418366889882267,0.0682221400617496,-0.0227462816779731,0.0229935988297726,-0.0634936154610819,0.059874431765572,-0.125728839566695,0.119861404902441
"speed_acc","r_wid[w496c8be,log_rt:multi_timeAfter]",-0.00064354899316849,0.0652353507613255,-0.022817781048577,0.0233571758674839,-0.0618671498626392,0.0612171152849445,-0.136934330724645,0.122897086517791
"speed_acc","r_wid[w49d88d0,log_rt:multi_timeAfter]",0.0271103706411504,0.064890347235845,-0.00464837767274102,0.0530624814455675,-0.0270851956059926,0.108251248710817,-0.0755107915875769,0.178657764600729
"speed_acc","r_wid[w4a66ba2,log_rt:multi_timeAfter]",0.0122095365553087,0.0588305975510732,-0.0124780379033401,0.0331383551049643,-0.0416176972920251,0.0728758964050874,-0.089498206268442,0.142497380690911
"speed_acc","r_wid[w4a907eb,log_rt:multi_timeAfter]",-0.00939511490877561,0.062444741910335,-0.034026773520878,0.0147927126725477,-0.0771615840061737,0.0484728256135411,-0.137997524936323,0.112724671963261
"speed_acc","r_wid[w4b6424d,log_rt:multi_timeAfter]",0.010003716551558,0.0549753562564984,-0.0128333336717162,0.0302726392356334,-0.042624921879018,0.0698916371226885,-0.0915353842661691,0.128580045908417
"speed_acc","r_wid[w4bf9dec,log_rt:multi_timeAfter]",0.0157990991046178,0.062380497650711,-0.0116720501638707,0.0375599800881431,-0.0395497248038393,0.0834389705789735,-0.0925670684608364,0.158449919991558
"speed_acc","r_wid[w4c2a923,log_rt:multi_timeAfter]",0.0053510145863473,0.0551363252597532,-0.0154568565211587,0.0274552429793841,-0.046744547463241,0.0626147093509321,-0.102359419823464,0.119863960134451
"speed_acc","r_wid[w4cc863f,log_rt:multi_timeAfter]",-0.000807138456745008,0.0605858072620179,-0.0229114920007677,0.0210448837771276,-0.0589871610112799,0.0539121223177409,-0.119459378867336,0.120810216944061
"speed_acc","r_wid[w4ccf510,log_rt:multi_timeAfter]",-0.0299388817028835,0.0652054063279856,-0.0561578625181436,0.00246164964553866,-0.107327843267411,0.024746612506796,-0.182776668641069,0.0711183500406801
"speed_acc","r_wid[w4db7ccb,log_rt:multi_timeAfter]",0.0142075305316538,0.0611458869293106,-0.0116160472958789,0.0397666894992934,-0.0432775882552966,0.0847395699794439,-0.0998837581816046,0.148067002265485
"speed_acc","r_wid[w4dce7b5,log_rt:multi_timeAfter]",0.00583921691111903,0.0659225397086747,-0.0173123004232523,0.0288663430459499,-0.0505133791606212,0.0723240585878274,-0.106600062710462,0.136878834984271
"speed_acc","r_wid[w4dd7b34,log_rt:multi_timeAfter]",-0.0210206999816489,0.0629439520495608,-0.0478103785016463,0.00656698506879196,-0.0955563379400238,0.0333809178273274,-0.158930799759725,0.0929895513386755
"speed_acc","r_wid[w4ed0320,log_rt:multi_timeAfter]",0.000588599189154165,0.0661454874582474,-0.0215216029794619,0.0243288585042512,-0.0622518474297631,0.0646463362581393,-0.123304101627313,0.128052145134174
"speed_acc","r_wid[w504748f,log_rt:multi_timeAfter]",-0.0301031724478328,0.0662535651995099,-0.0584464267001219,0.00275762305182863,-0.107985868596105,0.0242335030685498,-0.179051561822554,0.0772508791386791
"speed_acc","r_wid[w5092120,log_rt:multi_timeAfter]",0.00760143647143826,0.0638383106858544,-0.0164790238178289,0.0336993609206429,-0.0507239455761129,0.0764354248598134,-0.11560575113808,0.14282166096488
"speed_acc","r_wid[w50c12e5,log_rt:multi_timeAfter]",-0.00610714414515263,0.0577505588918921,-0.0275779653227073,0.0185209830933699,-0.070331137980809,0.0534519296603718,-0.135166017752449,0.106319040048656
"speed_acc","r_wid[w51664f0,log_rt:multi_timeAfter]",-0.0025763553143057,0.0621662583900766,-0.0248124421944702,0.0217176505983499,-0.0677370073880727,0.0593654709977596,-0.135507935966707,0.126961538130198
"speed_acc","r_wid[w53209bb,log_rt:multi_timeAfter]",0.0109068636784976,0.0563021345338288,-0.0125311324515775,0.0331297070188103,-0.0428378959428832,0.070772562999143,-0.0913260408163139,0.132535607524268
"speed_acc","r_wid[w53b40c8,log_rt:multi_timeAfter]",-0.00320484719815106,0.0597887259727512,-0.025813407071138,0.0190408567382874,-0.0629816313105396,0.0523878977942334,-0.12058476061249,0.114226398514509
"speed_acc","r_wid[w54c2956,log_rt:multi_timeAfter]",-0.00166305561701477,0.0571115960717191,-0.0237144541845248,0.0191292527599796,-0.0600489596359538,0.0565834764357989,-0.123534590421186,0.116265755220464
"speed_acc","r_wid[w5685230,log_rt:multi_timeAfter]",-0.000628803623587992,0.0644208537390455,-0.0229259313237985,0.0218359250172312,-0.0623524243970304,0.0580194103294959,-0.123706802622643,0.125323613333166
"speed_acc","r_wid[w56b42b0,log_rt:multi_timeAfter]",0.00746953427286233,0.0564290151756641,-0.0158633319341746,0.0301257596410921,-0.0489748820030177,0.0716539059960463,-0.102472390423603,0.135664383373694
"speed_acc","r_wid[w580c449,log_rt:multi_timeAfter]",0.00627026659801737,0.0646123067663504,-0.0185905682806545,0.0273930376131236,-0.0531943538462458,0.068239327990821,-0.107610217898271,0.134852054031217
"speed_acc","r_wid[w593f4a8,log_rt:multi_timeAfter]",-0.000360052513154871,0.0596813926165819,-0.0229166621065756,0.0232989677224676,-0.0584174893701907,0.0623702805948702,-0.128675115854076,0.121577858262785
"speed_acc","r_wid[w59b3a22,log_rt:multi_timeAfter]",0.0134449435206261,0.0592919015098929,-0.0115495119298263,0.0366814472244037,-0.0393185593337423,0.0781866969497505,-0.0986448914048368,0.142388633177001
"speed_acc","r_wid[w59c9d33,log_rt:multi_timeAfter]",0.0121101338191141,0.0589449039333697,-0.0121050250152137,0.0353446995783646,-0.0424500629995103,0.0780190299823973,-0.100184968503007,0.141131879743599
"speed_acc","r_wid[w5ab5786,log_rt:multi_timeAfter]",-0.00197004369044415,0.0658491703797598,-0.0236148304028615,0.0219230496394398,-0.0649136785355024,0.0597930235645373,-0.139064438627488,0.121723743271057
"speed_acc","r_wid[w5d6df14,log_rt:multi_timeAfter]",0.0119467404331514,0.0601482466385617,-0.0156167836799305,0.0348416058688972,-0.045397480343989,0.0795612230048618,-0.09891346358324,0.149782161390747
"speed_acc","r_wid[w5ec388a,log_rt:multi_timeAfter]",0.00424944683852753,0.0625857348243982,-0.0201538357345233,0.0288906024327523,-0.0602367841307533,0.0714756966532018,-0.124987984474862,0.132264963589515
"speed_acc","r_wid[w5f010fa,log_rt:multi_timeAfter]",-0.00422864670217085,0.059553703911048,-0.0268233758168118,0.0181200152475805,-0.0692137812357747,0.0534478587261419,-0.122057314669595,0.115428816943415
"speed_acc","r_wid[w5f68d79,log_rt:multi_timeAfter]",0.00251186446656091,0.0632754044981799,-0.0211519167592141,0.0240075642969888,-0.0582534374091636,0.066333945394915,-0.120169297555652,0.133174607102356
"speed_acc","r_wid[w5fb19e8,log_rt:multi_timeAfter]",0.00234345238728087,0.063922303721324,-0.0208565938275607,0.0266196940364532,-0.0587480265316828,0.0654272681280133,-0.126047967295574,0.122717266916826
"speed_acc","r_wid[w601970c,log_rt:multi_timeAfter]",-0.0107045952389359,0.0708814398929502,-0.0400588366924957,0.0138524765412053,-0.086307950713321,0.0532421456693535,-0.146080052328136,0.126654627882596
"speed_acc","r_wid[w605fd50,log_rt:multi_timeAfter]",0.00715590280868477,0.0607167074052922,-0.0172564651779692,0.0294805587939614,-0.0509610398742321,0.0691738647481402,-0.105034725559135,0.143273837480835
"speed_acc","r_wid[w60e6ea8,log_rt:multi_timeAfter]",0.00974748104242443,0.0590162330375203,-0.0156102921357434,0.0319672038742732,-0.0472814497295986,0.0734182984640481,-0.0978682086951552,0.144055397283103
"speed_acc","r_wid[w610dd08,log_rt:multi_timeAfter]",0.0127763066154394,0.06245171651659,-0.0109061531525289,0.0349428994554214,-0.0402926208062678,0.0786389995231026,-0.0935913614216535,0.142942692957214
"speed_acc","r_wid[w612200e,log_rt:multi_timeAfter]",0.000961923192215923,0.0623919723940586,-0.0235466305765031,0.0215993658432182,-0.0587270510522763,0.0623663274244,-0.123066007374992,0.117109660186389
"speed_acc","r_wid[w61b360a,log_rt:multi_timeAfter]",0.0107624033577055,0.0572178565711042,-0.0130132702747004,0.0287546319407166,-0.0397580043029148,0.0685192167323694,-0.0885700687757682,0.133773886659051
"speed_acc","r_wid[w63ea659,log_rt:multi_timeAfter]",-0.00493114372684357,0.0607542533269012,-0.0257533275936386,0.0177333591519047,-0.0671391308691101,0.0536215084320482,-0.135241682705157,0.114030919661446
"speed_acc","r_wid[w6849aab,log_rt:multi_timeAfter]",0.00427389778602669,0.0634835160759756,-0.0153389060987345,0.0288498950230141,-0.0512240229516354,0.0649730420427262,-0.122433529723978,0.126954647513845
"speed_acc","r_wid[w6870249,log_rt:multi_timeAfter]",0.00904305702947735,0.0551136898875517,-0.0132717456396114,0.0298111773066303,-0.0417208150403677,0.0689731340173584,-0.0928589920946686,0.131007279144672
"speed_acc","r_wid[w68730bb,log_rt:multi_timeAfter]",-0.00793812098829206,0.0672698433861937,-0.0318363246275177,0.0155823154525937,-0.0761268298688117,0.0509950711738037,-0.149492219211148,0.119503207969774
"speed_acc","r_wid[w68e5aed,log_rt:multi_timeAfter]",0.00180580291232833,0.0578402317048005,-0.0187622967814916,0.0232666244313462,-0.0511944692419379,0.0564688154036064,-0.107262213591803,0.122509181458354
"speed_acc","r_wid[w6a59bb5,log_rt:multi_timeAfter]",0.0145145115544741,0.0600159385361249,-0.00902553981983929,0.0384424793249782,-0.0378686172480494,0.0797672550487843,-0.0991215300240279,0.144199495340134
"speed_acc","r_wid[w6bec3e7,log_rt:multi_timeAfter]",-0.0126904766330024,0.067691144547952,-0.0353360488289042,0.0117962843670929,-0.0803718614030849,0.0455047373690205,-0.153873303206507,0.0982367357762629
"speed_acc","r_wid[w6cbe87c,log_rt:multi_timeAfter]",-0.0244675410986721,0.0630884664379179,-0.0509692833881324,0.00448090943864413,-0.0983781724498935,0.0277278199159452,-0.170462380455448,0.0818676909069662
"speed_acc","r_wid[w6dd030e,log_rt:multi_timeAfter]",0.0121442686321427,0.0630001681180546,-0.0128441733616204,0.0340145810909507,-0.0437684504365332,0.0777448907973539,-0.0924612123941851,0.141969127164686
"speed_acc","r_wid[w6ea0c26,log_rt:multi_timeAfter]",-0.00551183256757134,0.0628717678775927,-0.0303634908747922,0.0169752860075934,-0.0690948331213661,0.05252233767448,-0.130245305024043,0.117342500220457
"speed_acc","r_wid[w6eb92cc,log_rt:multi_timeAfter]",0.00595034983697141,0.0640994237725395,-0.0214653380916574,0.0278648487042474,-0.0555779145558799,0.0696619237699812,-0.106223966010693,0.141357680181342
"speed_acc","r_wid[w7232115,log_rt:multi_timeAfter]",-0.00449828641132276,0.0616777633160201,-0.0256314571128286,0.0182797411578309,-0.0661782837100813,0.0515396449080003,-0.134290791628362,0.110137812428134
"speed_acc","r_wid[w737e6e4,log_rt:multi_timeAfter]",0.00262746458839511,0.0604393658571155,-0.0194520792864504,0.0264341408350766,-0.0535491278536524,0.0648639974769292,-0.123410724747415,0.127667376347652
"speed_acc","r_wid[w768a02c,log_rt:multi_timeAfter]",-0.00425624686826777,0.0601745421399343,-0.0276214073904117,0.0178794252988668,-0.06946437945406,0.0571723202402823,-0.130888059733363,0.121675497308243
"speed_acc","r_wid[w77b72cf,log_rt:multi_timeAfter]",-0.00101198336146445,0.063902658630847,-0.0203396945547759,0.0224220572335306,-0.0562643702444527,0.0598013673081997,-0.121517231042574,0.115858886961943
"speed_acc","r_wid[w7800d0f,log_rt:multi_timeAfter]",0.0113289601460619,0.0576815646544757,-0.0111866722878794,0.0348274196615177,-0.0392112691442525,0.07427008765111,-0.103133040136376,0.131365874796724
"speed_acc","r_wid[w786d2f3,log_rt:multi_timeAfter]",0.0267791810161148,0.0688432317950498,-0.00720363407743064,0.0512233732750982,-0.0337535396745667,0.101669487508379,-0.0743536761402106,0.179746717829998
"speed_acc","r_wid[w7a2af65,log_rt:multi_timeAfter]",-0.00483095364867593,0.068704258356138,-0.032655166237713,0.0190362531338686,-0.0747840565101983,0.0564329752129413,-0.141299795223436,0.133403981842447
"speed_acc","r_wid[w7a38a77,log_rt:multi_timeAfter]",-0.00921498543311614,0.0536392142964175,-0.031600155940859,0.0138739743504411,-0.0701450938121138,0.0443488240327353,-0.132136676708546,0.0961160103816368
"speed_acc","r_wid[w7bfe168,log_rt:multi_timeAfter]",0.0126861636196379,0.0667720523516164,-0.0127838612299128,0.0341457255634627,-0.0393165309906857,0.0759040605990499,-0.0882326380920421,0.152116824468054
"speed_acc","r_wid[w7dbf1a9,log_rt:multi_timeAfter]",-0.00460190180963339,0.0631080258689246,-0.0280906546234487,0.0164546124878005,-0.0671044749418056,0.0492241558948828,-0.126139009556491,0.11290310455875
"speed_acc","r_wid[w7f5e428,log_rt:multi_timeAfter]",-0.0236138261119557,0.0676118390203806,-0.0446763566743617,0.00786711049632896,-0.0903656637584886,0.030519095530935,-0.178717682558209,0.0753269809610931
"speed_acc","r_wid[w7f90916,log_rt:multi_timeAfter]",0.00662710683615078,0.0621666604973289,-0.0163418667521682,0.0296270366524499,-0.0520771837936988,0.0705171579557802,-0.111560529981764,0.139634507766522
"speed_acc","r_wid[w82f4ec0,log_rt:multi_timeAfter]",-0.00172048502956044,0.0602794985788642,-0.0222237702766031,0.0213173474414141,-0.0570142103526392,0.0556414282643062,-0.117809090542259,0.111502282825522
"speed_acc","r_wid[w8363ab3,log_rt:multi_timeAfter]",-0.0040219387928203,0.0628469276849832,-0.0227363887260101,0.0204383864292758,-0.0644377584069159,0.0539660257044974,-0.148384075262332,0.108706247709509
"speed_acc","r_wid[w83687da,log_rt:multi_timeAfter]",-0.000529363466759147,0.0550843447604924,-0.0212369448929026,0.0206403125851119,-0.058399712234838,0.056949512150455,-0.116131109830645,0.116636204762598
"speed_acc","r_wid[w8843fd3,log_rt:multi_timeAfter]",0.000825170039984713,0.0604862329414488,-0.0200327390390227,0.0245113572514512,-0.0600027937828195,0.0627851042107986,-0.126203918864049,0.120996275326585
"speed_acc","r_wid[w88c84d1,log_rt:multi_timeAfter]",0.0184101402302253,0.0713204500715879,-0.00925199396169948,0.0376858413316798,-0.0348223375986249,0.0825262434748358,-0.075284345277329,0.154565648417727
"speed_acc","r_wid[w88e738d,log_rt:multi_timeAfter]",-0.00138829807170894,0.0546898884987495,-0.0249555450928103,0.0188237505528775,-0.0582846662309702,0.0528483926093525,-0.106318258593707,0.111669318624799
"speed_acc","r_wid[w896f77a,log_rt:multi_timeAfter]",-0.010162579544825,0.0623945697852002,-0.0302361416900046,0.0152289179659279,-0.0747214993913159,0.0447182239629079,-0.151964893341526,0.100461833769112
"speed_acc","r_wid[w8d745f1,log_rt:multi_timeAfter]",-0.00235458643261075,0.0601656342574072,-0.0247062207912657,0.0209334023820757,-0.0628836587509659,0.0532892411416024,-0.125248524326112,0.113087563032626
"speed_acc","r_wid[w8de3f64,log_rt:multi_timeAfter]",0.0250017236601329,0.0617144224950306,-0.00473156157082456,0.0512682106430456,-0.0290314093984807,0.101220145743283,-0.0794005422294459,0.165542201496324
"speed_acc","r_wid[w8e07aa1,log_rt:multi_timeAfter]",0.00410202649615938,0.069084541686676,-0.0260942429632964,0.0266885660805095,-0.0620533345441771,0.0721969483866162,-0.115150773185292,0.158186581934941
"speed_acc","r_wid[w8efa7d8,log_rt:multi_timeAfter]",-0.0072020931287817,0.0639372985461941,-0.0298029387846545,0.0179684525116725,-0.0695180350552927,0.0513433152799754,-0.143693876721412,0.107975373260489
"speed_acc","r_wid[w9051394,log_rt:multi_timeAfter]",-0.0139634285041557,0.0641104896330614,-0.0347716827229216,0.0114672379209887,-0.082546451719327,0.0435800251373702,-0.158017706060308,0.0962305913578306
"speed_acc","r_wid[w90f4896,log_rt:multi_timeAfter]",-0.00131372653895645,0.0588093323013099,-0.0252699629447617,0.020549551105787,-0.0628362906919063,0.0575622618132934,-0.119508288307332,0.117573174925132
"speed_acc","r_wid[w9173175,log_rt:multi_timeAfter]",-0.0201166973387574,0.0589231688536978,-0.0441253248396949,0.00491482949740008,-0.0882335689116655,0.0319380802939696,-0.15524639131558,0.0821439619109918
"speed_acc","r_wid[w9182e0b,log_rt:multi_timeAfter]",-0.00612792488121106,0.058773745814611,-0.024937618998988,0.0168861300357707,-0.0613008596341155,0.0467663216265138,-0.1225520186603,0.0950360937691502
"speed_acc","r_wid[w924a500,log_rt:multi_timeAfter]",-0.0034594963258927,0.0576787484570501,-0.0256538703988126,0.0207571528920652,-0.0642542856085588,0.0564997272156273,-0.127101410534346,0.11170479964631
"speed_acc","r_wid[w941cd9f,log_rt:multi_timeAfter]",-0.0175614755965698,0.0641443228336102,-0.0372617515495873,0.0107007190970161,-0.0841207323471667,0.0389277123513924,-0.165441631839344,0.0850460769987666
"speed_acc","r_wid[w95167ae,log_rt:multi_timeAfter]",-0.0120826349471145,0.0569157032722646,-0.0319300760763669,0.0117816978433935,-0.0728901367880392,0.0398140415201212,-0.145902040707062,0.0895075258166491
"speed_acc","r_wid[w960c4a6,log_rt:multi_timeAfter]",-0.00463399723190267,0.0623350179721708,-0.026384895350525,0.020478132813728,-0.0658728723429781,0.0554479939390163,-0.134396923302143,0.111909775039968
"speed_acc","r_wid[w962c662,log_rt:multi_timeAfter]",0.00341962172492157,0.0584384758109665,-0.0181655952275567,0.0257495916029322,-0.0523756235470753,0.0620657943311722,-0.112555949068565,0.123339466382427
"speed_acc","r_wid[w9a08173,log_rt:multi_timeAfter]",0.0128288288527854,0.057291707822082,-0.0112348667322833,0.0330183727280876,-0.0399236758299557,0.0749803585096479,-0.0916966141476723,0.145091063883962
"speed_acc","r_wid[w9a0bd8d,log_rt:multi_timeAfter]",-0.0100990253406658,0.0555249811839984,-0.0303245061212006,0.0133706762512068,-0.0718465430451748,0.0390778326050513,-0.135664433619907,0.0880811126345965
"speed_acc","r_wid[w9b641f6,log_rt:multi_timeAfter]",0.00276807528755696,0.0554811067633825,-0.0185315035548046,0.0256534414103209,-0.0503598461307685,0.0611823008930172,-0.109440175120496,0.116878161274353
"speed_acc","r_wid[w9b9abef,log_rt:multi_timeAfter]",0.0124206941535765,0.0632090548252718,-0.0106386829185802,0.0341860300141531,-0.0414007571471497,0.0752957861558408,-0.0957694117338687,0.136870085356808
"speed_acc","r_wid[w9bde09f,log_rt:multi_timeAfter]",-0.0216915694422307,0.063686598855209,-0.0445595230936611,0.00669808552171293,-0.0903145316154976,0.0316737862402736,-0.163544301969371,0.0794576946640599
"speed_acc","r_wid[w9cf2bd7,log_rt:multi_timeAfter]",-0.0163386421899386,0.0573359067750078,-0.0390983583861503,0.00865685780834181,-0.085090286160339,0.0359881592220317,-0.147822410093442,0.0892735012569527
"speed_acc","r_wid[w9f7c438,log_rt:multi_timeAfter]",0.000916658229165391,0.0617044340602487,-0.0212686530096991,0.0263786699229323,-0.057816416653032,0.0639567530010631,-0.128789807535468,0.120477008735794
"speed_acc","r_wid[wa022482,log_rt:multi_timeAfter]",-0.0161751114708128,0.0614693472219641,-0.0374836784901771,0.0108061858458483,-0.0816767848479374,0.0388546907381502,-0.154464261409755,0.0868228518955712
"speed_acc","r_wid[wa136b3d,log_rt:multi_timeAfter]",-0.010317660436377,0.059459400524726,-0.0352082308148687,0.0116537878837581,-0.0740185105188206,0.0450665007272825,-0.140058556512426,0.102171700585903
"speed_acc","r_wid[wa1909e0,log_rt:multi_timeAfter]",0.00586951719655349,0.0623368569175119,-0.0173171466929243,0.0312793916188372,-0.0538437103216741,0.0713393640779032,-0.112558173912513,0.128195048370708
"speed_acc","r_wid[wa1a03f2,log_rt:multi_timeAfter]",0.00769723510326939,0.0518721876017649,-0.0139509663232793,0.027913267011485,-0.0414697330706951,0.0651580199968,-0.0907056881283504,0.119846127710305
"speed_acc","r_wid[wa4fe3e4,log_rt:multi_timeAfter]",-0.00457709351242617,0.056509027966128,-0.024087648490065,0.018042732029235,-0.0621430017822442,0.0507045618495051,-0.120958938836584,0.10141908228954
"speed_acc","r_wid[wa5817fc,log_rt:multi_timeAfter]",0.00839462304010085,0.0565447581011911,-0.0151148744720483,0.029247077355753,-0.0452874064219078,0.0684991398070588,-0.0944525493956846,0.129509008559074
"speed_acc","r_wid[wa6daa50,log_rt:multi_timeAfter]",0.00565275199378765,0.0601110029245064,-0.0180376480853031,0.0272865230440989,-0.0517444268192182,0.0676611401945613,-0.114518848403226,0.140607442772767
"speed_acc","r_wid[wa79cf20,log_rt:multi_timeAfter]",0.00478945121238616,0.0578355471295529,-0.0168363204684859,0.0271071099412301,-0.050078217249096,0.0655472792424275,-0.105328877520074,0.125516884946988
"speed_acc","r_wid[wab226bf,log_rt:multi_timeAfter]",-0.00647708498892927,0.0638343041943608,-0.0295540903374135,0.0163267157249643,-0.070864090087815,0.0504253219471069,-0.134008243055626,0.113211191502763
"speed_acc","r_wid[wab70ec3,log_rt:multi_timeAfter]",0.00226468917332711,0.053225587480508,-0.0189477106297832,0.0218630448267973,-0.0496788374459948,0.0580096436985435,-0.109332877759541,0.119222340356542
"speed_acc","r_wid[wace8728,log_rt:multi_timeAfter]",0.00265299950640106,0.0584251521021836,-0.0191039193771665,0.0242078982792318,-0.0520300713568953,0.0607860852609237,-0.107890622205353,0.124012625501306
"speed_acc","r_wid[wad32437,log_rt:multi_timeAfter]",0.0148490475677968,0.0612225208936489,-0.0108491563155963,0.0368618083327715,-0.0391860545035955,0.0821118499346585,-0.0957626358013772,0.149416436717957
"speed_acc","r_wid[waf52734,log_rt:multi_timeAfter]",-0.0203736020782451,0.061806442382717,-0.040840351643098,0.0076564650130059,-0.0892561647554497,0.0306780805110912,-0.174967035160625,0.0803802347232457
"speed_acc","r_wid[waf9be39,log_rt:multi_timeAfter]",-0.00403288789468889,0.0577570630507481,-0.0234093698970639,0.0194100722256957,-0.0614847970629372,0.0519088356966231,-0.126544701829756,0.100556291125952
"speed_acc","r_wid[wafacea9,log_rt:multi_timeAfter]",-0.0101255075659257,0.0644140393277659,-0.03325596530894,0.0146069686440132,-0.0774167586852126,0.0482095611693956,-0.151782695574839,0.113784868649242
"speed_acc","r_wid[wb0b75c3,log_rt:multi_timeAfter]",-0.00353528217693162,0.0642350004864033,-0.024871459749884,0.0190532639957736,-0.0654577844940259,0.056312013831361,-0.135004326579992,0.116361316971518
"speed_acc","r_wid[wb2d9807,log_rt:multi_timeAfter]",0.000637082548562778,0.063529257117265,-0.0225070671383801,0.0219779161480563,-0.0598435783348837,0.0612889402073032,-0.129672317305847,0.134342252310772
"speed_acc","r_wid[wb361f36,log_rt:multi_timeAfter]",0.00797489590303776,0.061827141472284,-0.0144329162691949,0.0314746192187958,-0.0471775099571342,0.0757381609986179,-0.113092800580676,0.131899533394994
"speed_acc","r_wid[wb56c2d3,log_rt:multi_timeAfter]",-0.00343947094302761,0.0649250993521749,-0.0270681844834251,0.0181844409620319,-0.0626083638618602,0.0528275501551221,-0.124379471737567,0.113976156205853
"speed_acc","r_wid[wb5c4def,log_rt:multi_timeAfter]",-0.0100089702758822,0.0581335988890772,-0.0293722543938615,0.0146583494226019,-0.0703399101005096,0.043057524461177,-0.13963115222662,0.0920412355751988
"speed_acc","r_wid[wb6ad69e,log_rt:multi_timeAfter]",0.00337664720678107,0.0531523435621235,-0.017328580773164,0.0238281004779659,-0.049670156576957,0.0580735421958371,-0.104819933990931,0.112646318962747
"speed_acc","r_wid[wb772565,log_rt:multi_timeAfter]",0.00118599681544637,0.0616452320763204,-0.0225164198911508,0.0246595683861201,-0.0598386271503951,0.0636667625704781,-0.127092385728347,0.125942168053066
"speed_acc","r_wid[wb85c4ff,log_rt:multi_timeAfter]",-0.00225560053394315,0.0593902790320884,-0.0220834151036841,0.020724233512486,-0.0574478951592658,0.054905489974288,-0.122453747534757,0.105341701985918
"speed_acc","r_wid[wb8feabb,log_rt:multi_timeAfter]",0.0080911985986989,0.0545641321954544,-0.0151287846842048,0.0285100936071113,-0.0441083467691153,0.0676660221035842,-0.0890536865753119,0.137982970278866
"speed_acc","r_wid[wb966154,log_rt:multi_timeAfter]",0.0145198472710862,0.0576708825132459,-0.0102494502626182,0.0352448462428792,-0.0364626719532494,0.0791859234618136,-0.0893118682562718,0.142930481064839
"speed_acc","r_wid[wbb74717,log_rt:multi_timeAfter]",0.000694055446822062,0.0544130817236173,-0.0217562604669552,0.0195115445686381,-0.0544944418152483,0.0546815414768607,-0.105237616847129,0.119714581095772
"speed_acc","r_wid[wbc79189,log_rt:multi_timeAfter]",-0.00447184894940721,0.0619971314565672,-0.0251758997628688,0.0202883832201736,-0.0647172730912314,0.055834921322138,-0.139492988534351,0.112509582790548
"speed_acc","r_wid[wbd0314c,log_rt:multi_timeAfter]",-0.0107558033974058,0.0563613903300888,-0.0302489692287252,0.0140546652111389,-0.0696362424659011,0.0410678230670998,-0.1314749806792,0.088122530482053
"speed_acc","r_wid[wbe2faf8,log_rt:multi_timeAfter]",0.00569777586141958,0.0554509835361712,-0.0157995976449369,0.0277978758468543,-0.0486034934057011,0.0678382772089161,-0.110311390492017,0.119354783476554
"speed_acc","r_wid[wbe569b5,log_rt:multi_timeAfter]",-0.0116998382857123,0.0618208902361447,-0.0350460308848439,0.0132928808207761,-0.0797154406532216,0.0450124886224311,-0.14907960738553,0.108726855804576
"speed_acc","r_wid[wbe9243a,log_rt:multi_timeAfter]",0.014499281637296,0.0624509368345271,-0.0117017127991692,0.0371466762749413,-0.0426085141896016,0.0842524151520007,-0.0915990408882945,0.156020608250725
"speed_acc","r_wid[wbf1c81e,log_rt:multi_timeAfter]",-0.00660853689348322,0.0559474171014266,-0.0291667965609524,0.014864943560815,-0.0668848719581876,0.0451906053946469,-0.123068438946004,0.10267414543235
"speed_acc","r_wid[wc097323,log_rt:multi_timeAfter]",0.0109868782251313,0.0620613675520283,-0.0148393351156311,0.0353640101986068,-0.0472669401899283,0.0774219281109621,-0.104690454170105,0.150347959906122
"speed_acc","r_wid[wc0a4260,log_rt:multi_timeAfter]",-0.00335692227499757,0.0595724921217576,-0.025450283652361,0.0193422588765191,-0.0662895311595613,0.0565446178425248,-0.128605495861688,0.120769296029256
"speed_acc","r_wid[wc16f522,log_rt:multi_timeAfter]",0.0187621722897552,0.0655563786358642,-0.00880415612381029,0.0419757195839584,-0.0367536549141207,0.0890877797663312,-0.0815372851563481,0.162624031463428
"speed_acc","r_wid[wc263e54,log_rt:multi_timeAfter]",-0.00288490230313775,0.0584802733914718,-0.0226266159708449,0.0197374887657889,-0.0608225409770749,0.0566562256219952,-0.128971749245695,0.107363901239403
"speed_acc","r_wid[wc294ae3,log_rt:multi_timeAfter]",0.0051366988413475,0.0607697894323867,-0.0168717053128248,0.028477085372847,-0.0526300761295038,0.0686195942962702,-0.113519298170565,0.133888007854176
"speed_acc","r_wid[wc43fbaa,log_rt:multi_timeAfter]",0.00160647931110174,0.0585974419876184,-0.0206309209821084,0.0230235977348703,-0.0541046954923314,0.0616160317267149,-0.11121383444076,0.1240854418437
"speed_acc","r_wid[wc4c38a3,log_rt:multi_timeAfter]",-0.0116183670203196,0.0620230381487691,-0.0322823763277791,0.0139823928314994,-0.0723085818126755,0.0456697267332037,-0.151484258186427,0.0963564082771398
"speed_acc","r_wid[wc512962,log_rt:multi_timeAfter]",0.00937394250305652,0.0587293266893022,-0.0130977180300094,0.0329425621159903,-0.0456400189524159,0.071999014385013,-0.107515787539596,0.1341733937722
"speed_acc","r_wid[wc54132b,log_rt:multi_timeAfter]",-0.00247260382539193,0.0603967819677196,-0.0238070060785912,0.0234887532539947,-0.0608213786950193,0.0569575467854034,-0.138119143670659,0.116809936665277
"speed_acc","r_wid[wc55b6c8,log_rt:multi_timeAfter]",-0.0295408477828584,0.0651966381290781,-0.0543237813640056,0.00354062904530927,-0.107164143291747,0.0263112138016385,-0.191338318914096,0.0679073176503325
"speed_acc","r_wid[wc628bde,log_rt:multi_timeAfter]",-0.00277143249753479,0.0730039738193636,-0.0275341572322183,0.0271056138141413,-0.0713842079892823,0.0662716900222363,-0.156057909305486,0.132573255331903
"speed_acc","r_wid[wc6f0e84,log_rt:multi_timeAfter]",-0.00327342757443811,0.061292127460424,-0.0235646326208479,0.0197229075201316,-0.0621571225648917,0.053732488728211,-0.135552935410673,0.116861106696151
"speed_acc","r_wid[wc73f4d8,log_rt:multi_timeAfter]",0.00716489177736273,0.0592047237051967,-0.0159230517025447,0.0296338768899769,-0.0494834101827815,0.0702980100283883,-0.108633943492681,0.134051559893203
"speed_acc","r_wid[wc8b5d36,log_rt:multi_timeAfter]",-0.011879516599877,0.0604323877094769,-0.0351878930948608,0.0136916244027173,-0.0774744348643811,0.0434373875183549,-0.145795442362317,0.10250741075115
"speed_acc","r_wid[wcc033bc,log_rt:multi_timeAfter]",0.00487987725536263,0.0618171424094386,-0.0189811729367165,0.0258788065206834,-0.053435421578948,0.0664637046287899,-0.107790047636693,0.137682127665628
"speed_acc","r_wid[wcc15547,log_rt:multi_timeAfter]",0.00503551873662291,0.0601480662743354,-0.0173027485107229,0.0262889253752323,-0.0505667907119985,0.0646174148883832,-0.109765273382679,0.133043749498528
"speed_acc","r_wid[wcc4ec90,log_rt:multi_timeAfter]",-0.00582073963853042,0.0616683889675409,-0.0271689807731587,0.0199573454511975,-0.0667248031771612,0.0521762753396497,-0.140189278621949,0.10054390156096
"speed_acc","r_wid[wcd98054,log_rt:multi_timeAfter]",-0.0171092264865969,0.0618296193982714,-0.040039567376683,0.010419551416395,-0.0837784517349239,0.0380617234565191,-0.157075305938367,0.0808666815288381
"speed_acc","r_wid[wd0724cf,log_rt:multi_timeAfter]",0.00248301989909737,0.0599647815305727,-0.0195795408326373,0.0259371361507391,-0.0568397842136379,0.0630758603278704,-0.120012255876967,0.128296799327933
"speed_acc","r_wid[wd07cb72,log_rt:multi_timeAfter]",0.000706867754771946,0.062726172880396,-0.0215633048389486,0.0233567056470606,-0.0584257007752838,0.0621576160301843,-0.121471213731914,0.123316332572765
"speed_acc","r_wid[wd20dd5c,log_rt:multi_timeAfter]",0.000849229599991264,0.062765549484572,-0.0185939673380943,0.026380407008733,-0.0560027949052428,0.0658145397854935,-0.128312947076441,0.118073438546791
"speed_acc","r_wid[wd238f0c,log_rt:multi_timeAfter]",-0.0123536020239632,0.0588811401022048,-0.0324990037560019,0.0122688588491574,-0.075984935870703,0.042329325208456,-0.149548424526747,0.0898544783743606
"speed_acc","r_wid[wd47555e,log_rt:multi_timeAfter]",-0.00353382775248221,0.0621966840201696,-0.0243869848365403,0.0217851750654458,-0.0674622093618191,0.058895115760221,-0.135971711528319,0.116051672995675
"speed_acc","r_wid[wdab535b,log_rt:multi_timeAfter]",-0.0128260174840578,0.0657201892883923,-0.0389152945059646,0.0122748295937261,-0.0877531073446752,0.0490877504259486,-0.151784359509689,0.123777583912587
"speed_acc","r_wid[wdad9375,log_rt:multi_timeAfter]",-0.0109717579610569,0.0599823665360147,-0.031899835289856,0.015430003241444,-0.0750753249752289,0.046979570165054,-0.14847102352148,0.0966682926720079
"speed_acc","r_wid[wdd486da,log_rt:multi_timeAfter]",0.00293851407430105,0.0551179622106028,-0.0190328396266189,0.0237071546155732,-0.0530879267069818,0.0606291963852477,-0.107278346245986,0.126849161358354
"speed_acc","r_wid[wdde7ef1,log_rt:multi_timeAfter]",0.00124496008357611,0.0603183514455081,-0.0206852120230751,0.0237554859972239,-0.0589081253537947,0.0616620132862134,-0.122442731307157,0.123199312191461
"speed_acc","r_wid[wdea5d27,log_rt:multi_timeAfter]",-0.00168799598610916,0.0604395645837633,-0.0267564295254024,0.0202506555958196,-0.0634818825579059,0.055476841785128,-0.123663015135335,0.130582238309228
"speed_acc","r_wid[wdfdc927,log_rt:multi_timeAfter]",0.000147184865712812,0.0589110458063169,-0.0232770818470154,0.0224563975051868,-0.0590219235005643,0.0615031110286026,-0.120298368938833,0.119368069925156
"speed_acc","r_wid[we10d2c6,log_rt:multi_timeAfter]",-0.00718529893086255,0.0588951521050435,-0.0290191417781565,0.0155457370561574,-0.0688998225195976,0.047356941021067,-0.134886537404923,0.105839294955704
"speed_acc","r_wid[we1b8e64,log_rt:multi_timeAfter]",0.00196409673718897,0.0605199174950381,-0.0221919017823301,0.0272733721288317,-0.059466968183211,0.0653581549028743,-0.125616875403358,0.127859948174777
"speed_acc","r_wid[we2434bb,log_rt:multi_timeAfter]",-0.00411530083796478,0.0572077133781996,-0.026802433684663,0.0196373234972421,-0.0679601173774333,0.0532823974269665,-0.128818412580578,0.109911176019805
"speed_acc","r_wid[we245fc8,log_rt:multi_timeAfter]",-0.0146142933304206,0.0599819682464187,-0.0341210368321301,0.011287693365715,-0.0791804191485789,0.0385890015165936,-0.148190389221473,0.0835317634802357
"speed_acc","r_wid[we24a9dd,log_rt:multi_timeAfter]",0.00265892207210337,0.0533326120274305,-0.0176186529281759,0.0246118172638046,-0.0503956879857001,0.0603841461980324,-0.111329491491321,0.110153223170911
"speed_acc","r_wid[we26c55e,log_rt:multi_timeAfter]",-0.0113830633170632,0.0645827551151082,-0.0344979126907436,0.0134207666110199,-0.0817645071540058,0.0453794881393795,-0.146287988310902,0.0995106936042293
"speed_acc","r_wid[we38f335,log_rt:multi_timeAfter]",0.0117728377790956,0.0599542083808081,-0.0134289743829781,0.0335758996679363,-0.0431780543056174,0.0775515024391326,-0.0980465713264783,0.146788517981241
"speed_acc","r_wid[we39fc55,log_rt:multi_timeAfter]",0.0124732960538203,0.0734620330024841,-0.019797338497697,0.034404597548064,-0.0536189198326938,0.081662178885687,-0.105351300949814,0.193104559120859
"speed_acc","r_wid[we40084a,log_rt:multi_timeAfter]",0.0264811816340237,0.0612457102958723,-0.00280158617097017,0.0501905630492719,-0.024449437112741,0.098003946143646,-0.0672367112671551,0.170530826139401
"speed_acc","r_wid[we4edfb4,log_rt:multi_timeAfter]",0.00310248874152973,0.0624378080976871,-0.0194019288362361,0.0214399592077266,-0.0514284542952601,0.0554720542759981,-0.10610082172819,0.117535892152738
"speed_acc","r_wid[we55dec7,log_rt:multi_timeAfter]",0.010526207920161,0.0610577077479454,-0.0140569373997121,0.0302569775105294,-0.0430896809537658,0.0695253727642944,-0.0930625112764543,0.151656856419042
"speed_acc","r_wid[we58a710,log_rt:multi_timeAfter]",-0.0059557815897317,0.0601257047574709,-0.0288435708144588,0.0164851292737623,-0.0709619105543898,0.0548769688090405,-0.134741468201677,0.117029585137396
"speed_acc","r_wid[we824ff2,log_rt:multi_timeAfter]",-0.0260563997874301,0.0638120922583782,-0.0518808521217922,0.00440140447129314,-0.10017188639039,0.028600465463333,-0.173578826104021,0.0774855647152925
"speed_acc","r_wid[we83fa8f,log_rt:multi_timeAfter]",-0.00473831190818341,0.0590392274637592,-0.0258467636533165,0.0183074087207659,-0.0632229197155399,0.0503516785433426,-0.124621309808548,0.0998136787897527
"speed_acc","r_wid[we90925d,log_rt:multi_timeAfter]",0.00535357849219628,0.0636122346593062,-0.0177858867522378,0.0260577613783261,-0.0512942593052609,0.0671931707942178,-0.109814264923912,0.142815826916069
"speed_acc","r_wid[we9631be,log_rt:multi_timeAfter]",0.00778773638695181,0.0608796893225502,-0.0150294462278804,0.0286758117304851,-0.0463371028804743,0.0700007101414593,-0.102824758857738,0.14074403104693
"speed_acc","r_wid[we9754da,log_rt:multi_timeAfter]",-0.00894040038390584,0.055783672621006,-0.0312040900540585,0.0135059865394096,-0.0686274398649435,0.0449854698403126,-0.131835502299404,0.0971350346212629
"speed_acc","r_wid[wea09e5e,log_rt:multi_timeAfter]",0.0032138840206121,0.0560294130029458,-0.0209984776135497,0.0248654413313265,-0.0544398478167585,0.0647339861408882,-0.10951279948963,0.123235152432372
"speed_acc","r_wid[wea8ef8e,log_rt:multi_timeAfter]",0.000349939221830023,0.0628325271811665,-0.0227932591990866,0.0224401704907931,-0.0614145462826423,0.0631821664327108,-0.122045070237984,0.130887787658179
"speed_acc","r_wid[webf5097,log_rt:multi_timeAfter]",-0.00107794074432023,0.0609252472628209,-0.0234132779597065,0.0208852410957344,-0.0618409604557615,0.05457776090847,-0.131313684049548,0.121096707296729
"speed_acc","r_wid[wed3d878,log_rt:multi_timeAfter]",-0.00406938003640798,0.0656883905944527,-0.025377457060047,0.0217158189583843,-0.0681137087870689,0.0597153606402468,-0.14146190679803,0.120278051215409
"speed_acc","r_wid[wee338ab,log_rt:multi_timeAfter]",0.00136891163523222,0.0625258149764674,-0.0237728040656647,0.0220732332137585,-0.056471290922743,0.0595067250846491,-0.109918055054411,0.126002029365557
"speed_acc","r_wid[wf2f2835,log_rt:multi_timeAfter]",0.0047959208171659,0.058357290579513,-0.0184612942270375,0.0259643675682632,-0.0519512482977045,0.0616948650262741,-0.103851314937153,0.131348379836059
"speed_acc","r_wid[wf456a28,log_rt:multi_timeAfter]",0.0146758528571971,0.0604028981234838,-0.0102097484902763,0.0394222117039327,-0.0404445097911979,0.0839084855706057,-0.0977945871568202,0.141045050901796
"speed_acc","r_wid[wf469935,log_rt:multi_timeAfter]",0.00089481711645959,0.0596529061922709,-0.0215138559413633,0.0243425898297435,-0.0620762547588541,0.0647325806115799,-0.118137160570796,0.122547117425554
"speed_acc","r_wid[wf537da7,log_rt:multi_timeAfter]",0.00504487645908493,0.0666051962941585,-0.0213185257594386,0.0268249715427295,-0.0548035758170904,0.066618908249583,-0.115358805533645,0.138320936990381
"speed_acc","r_wid[wf60f9d4,log_rt:multi_timeAfter]",0.00816123619057468,0.0564352054000735,-0.0144583483463967,0.0282591778632727,-0.044585398112133,0.0637865557160179,-0.0945030892404409,0.129381651668128
"speed_acc","r_wid[wf63b737,log_rt:multi_timeAfter]",-0.0113555593345993,0.0597130725500932,-0.033714984560098,0.0113145545604989,-0.0745812435583876,0.0400648363564453,-0.139086576314438,0.103075481752936
"speed_acc","r_wid[wf63c50b,log_rt:multi_timeAfter]",0.0212621408997178,0.0614720633212133,-0.00767354581089947,0.0462677247984566,-0.0340890546724188,0.0921143979847193,-0.0870911906178892,0.16615336869416
"speed_acc","r_wid[wf646ea3,log_rt:multi_timeAfter]",0.0131038318464021,0.0639826054760288,-0.0111723544077753,0.0369823460226747,-0.0416888772151472,0.0821817227065742,-0.104504569799999,0.15283912309145
"speed_acc","r_wid[wfbb00e1,log_rt:multi_timeAfter]",0.00411766577901303,0.0639080584545729,-0.0202023539160155,0.0239428987006305,-0.0553336534960627,0.0643466347895953,-0.120224072735502,0.143284319836462
"speed_acc","r_wid[wfd8b568,log_rt:multi_timeAfter]",0.00187199402291963,0.0637052789391588,-0.0214935438867741,0.0247429511604011,-0.0598832274277911,0.0639925129521479,-0.123433261634312,0.129108423489239
"speed_acc","r_wid[wffba7a1,log_rt:multi_timeAfter]",-0.00771734706966848,0.0550610411650583,-0.0282195517665844,0.0154140703209764,-0.0673454536644635,0.046240167955858,-0.133687526038507,0.0965468299058364
"speed_acc","lprior",-10.2173676809061,0.775904579825652,-10.4914471610475,-9.68911794486219,-11.1876769714813,-9.52950349404893,-12.3591982465067,-9.43596348330455
"speed_acc","lp__",-3679.13078980634,28.376193345988,-3697.47935848178,-3660.18442903565,-3715.99450088012,-3643.57307139644,-3737.17012280748,-3624.89723628248
