"","mean","se_mean","sd","2.5%","25%","50%","75%","97.5%","n_eff","Rhat"
"beta_mu[1]",0.422323222873635,0.00143108686431478,0.0996624305118921,0.224334408987944,0.355399476377848,0.42226874472917,0.490289789121643,0.615963215246054,4849.87960576448,0.99920670368938
"beta_mu[2]",0.142396787519573,0.000753014118358305,0.0358020078872762,0.0772490859818946,0.11824473984052,0.141117391343356,0.16567718314857,0.217074436048496,2260.52091687177,1.00069640362159
"tau_unif[1]",0.0708961590675131,0.00132651693242613,0.0500382294457238,0.00338681237233003,0.0302333461082086,0.0614674554262221,0.102948509271081,0.18654818357569,1422.91275540098,1.00244154323882
"tau_unif[2]",0.0656435681910759,0.000476330775125939,0.0177325838977085,0.0316405124430755,0.053886987228926,0.0652434352555837,0.0768563735880838,0.101428497972545,1385.88362485892,1.00146221403365
"Lcorr[1,1]",1,NA,0,1,1,1,1,1,NA,NA
"Lcorr[1,2]",0,NA,0,0,0,0,0,0,NA,NA
"Lcorr[2,1]",0.165272622417904,0.0191169851284152,0.408575268116113,-0.69585353010203,-0.1155969611479,0.200606349300451,0.484923640794299,0.843742669417369,456.778174077091,1.01010019430036
"Lcorr[2,2]",0.887846742253347,0.00478609357682489,0.132383864735901,0.512650750289997,0.833824326932832,0.938876356872743,0.986119951210261,0.999818838065594,765.081568824974,1.0041515096619
"z[1,1]",-0.072465886836317,0.0228260688379559,0.994627737624444,-1.96782123929802,-0.770017647746993,-0.0912153146305933,0.588884687652179,1.93574058646576,1898.71109220554,1.00256960359941
"z[1,2]",-0.131114498047637,0.0195834745405589,0.958139339726608,-1.97196523990242,-0.796051532567511,-0.138516389572658,0.476040035808926,1.85099931644005,2393.74480357783,0.999864218063815
"z[1,3]",0.441218404988264,0.0212733391915342,0.979371146153661,-1.54218402861792,-0.215631956609104,0.474306139116835,1.10185042561682,2.29641390237651,2119.45051084941,1.00307597478078
"z[1,4]",-0.0753444206381941,0.0136916053929676,0.932201175578652,-1.91680978122006,-0.706844849626946,-0.0738947780074318,0.519920432385051,1.8145096936324,4635.64900130768,0.999693776049031
"z[1,5]",-0.0977457881041205,0.0159419340462572,0.957301845515361,-1.98116705949894,-0.745758201510824,-0.0869727913954685,0.550005961409862,1.80639136369064,3605.91741641621,1.00035143148325
"z[1,6]",-0.47567388666603,0.0392674880987208,1.19638768107083,-2.75144307947208,-1.32409203945022,-0.524658576714385,0.343862413419121,1.91131292518194,928.277071612374,1.005410016958
"z[1,7]",0.165448597038713,0.0250195691104231,1.02839368406184,-1.84693859711888,-0.533637300824054,0.171154586394517,0.866872850954695,2.1275244894696,1689.50370910482,1.00201719051906
"z[1,8]",2.2139216599724e-05,0.0220319717937993,0.994335557912569,-1.9099415471512,-0.679227397472797,-0.00279045866313937,0.668213424349575,1.9457839505854,2036.85074730856,1.00048181730061
"z[1,9]",0.0217059608233081,0.0231713245943168,1.00871430981067,-1.96533499010289,-0.643593808730026,0.0408222993299097,0.711839729582426,1.94279412167775,1895.110952744,1.00021946247545
"z[1,10]",-0.228629157924956,0.0134134999561957,0.934965523819369,-2.10268695926338,-0.860210838294222,-0.227586678569449,0.391497976057185,1.62706285027586,4858.55327686226,0.999187698011627
"z[1,11]",0.309915584431068,0.0176171098611127,0.969355071550713,-1.61977762317913,-0.349640689433993,0.327692239652542,0.96514474141748,2.20452508826531,3027.5857215814,1.00069638980324
"z[1,12]",-0.381604463566264,0.0209636036164852,1.02137911867299,-2.40126823541734,-1.06477421571605,-0.40741355287909,0.303856611204881,1.61311066994987,2373.78876920848,1.00240429385716
"z[1,13]",-0.387436313364613,0.0181933535358294,1.00204876385592,-2.34776972545376,-1.0636761356038,-0.398503400192263,0.288770288801157,1.63618392501012,3033.5572502499,1.00047695036813
"z[1,14]",0.150221242990791,0.0126991304270762,0.936443147989409,-1.71417321637968,-0.483864171976476,0.149508936780084,0.79363042074335,2.04205506504837,5437.69526013853,1.00007059644232
"z[1,15]",0.12091917390889,0.0136484511168138,0.955846743082021,-1.7507397917047,-0.53707225924523,0.120002190408901,0.74766699650233,1.99321564087947,4904.66999995438,1.00010355559111
"z[1,16]",-0.0185034938100138,0.0125133568490566,0.984404566823173,-1.92383746530528,-0.683981792990118,-0.0366112097301898,0.641368931611103,1.90408417399433,6188.70213170301,0.999669692837183
"z[1,17]",0.421499731466694,0.015960512470822,0.953100680786789,-1.48882935965746,-0.221032297837045,0.421856122894443,1.0567368977414,2.29192876532003,3566.02099532785,1.00008410338145
"z[1,18]",0.301634894410168,0.015888473665347,0.965890828873756,-1.59780734272609,-0.356407819968294,0.32183561516642,0.962524981124542,2.13417983375781,3695.65760529937,1.00021472124056
"z[1,19]",0.245587366603726,0.0161588403923802,0.962943728426408,-1.60621675030872,-0.407761593516111,0.262070001435308,0.889178397399876,2.11621052782014,3551.25154314785,0.999525066192357
"z[1,20]",0.0476281115013638,0.0197000319593942,0.959476865304701,-1.81792637854603,-0.606420280600352,0.0463158459911221,0.69708937168106,1.92864600491227,2372.11179903895,1.00080772850543
"z[1,21]",-0.157273146215841,0.0127918264023725,0.918597771696283,-1.94389719371263,-0.787515474107892,-0.172190744345165,0.44998862168056,1.64749812158593,5156.86379985351,0.999396617413385
"z[1,22]",0.0886039749244232,0.0154669480653547,0.93222938760439,-1.81357369386668,-0.53165483256868,0.10561927406558,0.709162198714271,1.93085888258976,3632.75680096046,1.00031673515536
"z[1,23]",0.107430270820111,0.0142051074268814,0.946241543289952,-1.72648418636773,-0.536635179602825,0.122882294044573,0.755739154635925,1.9328358669281,4437.26102801323,1.00130892594622
"z[1,24]",-0.118471525048057,0.0125061799204776,0.940306254742856,-1.95812685529597,-0.74793292387282,-0.122638341996621,0.512601785228445,1.74281057123453,5653.13432827124,0.999844082830164
"z[1,25]",-0.199969760125642,0.0124003237039932,0.943175963061402,-2.09232803708849,-0.847418858238973,-0.199636433141686,0.4509297618042,1.66153107119349,5785.21366942504,0.999299774645762
"z[1,26]",-0.285835317377048,0.0275907368370283,1.03675956264586,-2.23605606370441,-0.996885221643507,-0.330313443949453,0.412122403753985,1.75177965744549,1411.98311029484,1.00289097914918
"z[1,27]",-0.221829132691554,0.0179442512462947,0.988767996252572,-2.12346263043241,-0.902318884964277,-0.226099653433407,0.425793775081492,1.76710557354712,3036.25413515573,1.00060458153254
"z[1,28]",-0.0408858773919624,0.0134380865478603,0.961710332090885,-1.94006395249516,-0.696616061903954,-0.0401191309821533,0.632793256575672,1.81512587526079,5121.69480798237,0.999632127315073
"z[1,29]",0.158435096609014,0.0125441775126609,0.93312716805634,-1.70044871684084,-0.474370684077551,0.169000928526249,0.780435626567216,1.97020593952367,5533.46651319533,0.999320860515125
"z[1,30]",-0.245448208780852,0.0146702510243777,0.940265160536669,-2.08296620824806,-0.882376525278434,-0.259697059609587,0.384693756544327,1.60351411861018,4107.9542553778,0.999770929704045
"z[1,31]",-0.313682127379808,0.02136976651397,0.977828723826697,-2.20497608985515,-0.983369271302062,-0.333486209491628,0.334554378699364,1.6772505415864,2093.75579763162,1.00253249417621
"z[1,32]",-0.0848870749467261,0.0171296790428883,0.95088331028664,-1.96300879952357,-0.721878176781609,-0.0858944632077307,0.546042451858266,1.84832704470052,3081.45619425414,1.00024312318598
"z[1,33]",0.176401089529599,0.020208906069839,1.0327924015259,-1.90501972020078,-0.500586000187894,0.179375679651356,0.892140866833264,2.11902426016042,2611.80324732992,0.999938178393333
"z[1,34]",0.0924034904597724,0.020416263505192,0.95161059183167,-1.78035501683928,-0.528535648111162,0.0823914326534754,0.727346883007059,1.99519404989548,2172.53113853576,1.00089954529197
"z[1,35]",-0.022744217926785,0.011673963205841,0.909074628646174,-1.81933648921849,-0.634708348145157,-0.0239441624662658,0.57364978561511,1.77800667860111,6064.04526058456,1.00103799001062
"z[1,36]",-0.0532452432603878,0.0185960017274037,0.99216461621467,-2.04344679943657,-0.720531391093653,-0.0537317739802708,0.598092771160078,1.89006879749802,2846.61224749313,1.00027672190346
"z[1,37]",0.216433791512763,0.0138863237245546,0.93563124283348,-1.66884511618587,-0.401522612238269,0.207389047028495,0.849480322067713,2.02953720353665,4539.78055009998,0.99976958301719
"z[1,38]",0.485630241659753,0.0145331903167413,0.922461413243415,-1.32647141098657,-0.134636223013778,0.499187223930874,1.10448516658762,2.27325819635895,4028.78874842456,0.999744535910116
"z[1,39]",-0.1636618143751,0.012191241086896,0.916745444460224,-1.9125097158849,-0.782393031300108,-0.161899088724523,0.424146755588739,1.66074965699886,5654.59730186981,1.00068840915311
"z[1,40]",0.00525078896752077,0.0135612181056588,0.919475280224716,-1.81234785346878,-0.609450599553427,-0.0114632748091043,0.618626767928495,1.80790546477859,4597.08690774627,1.00053746503963
"z[1,41]",0.285886784414091,0.0164588922487717,0.953115764057272,-1.58306144544396,-0.346092772548085,0.291743083626484,0.929090532039148,2.14707344991368,3353.4366088112,0.999993519572606
"z[1,42]",0.241154447934053,0.0132606225362328,0.932141178090438,-1.55286881636998,-0.377260299364451,0.250148640748218,0.858762263213746,2.09651490212855,4941.23559584933,0.99952688087596
"z[1,43]",-0.339101634132212,0.0160647778488403,0.96026910357097,-2.14445556317537,-1.00458118490941,-0.365864359263798,0.312975441347297,1.5709942214839,3573.02835677405,0.999459700433172
"z[1,44]",0.0680704346381144,0.0122712332200719,0.967582207453698,-1.85492506471097,-0.56033956883288,0.0688557571948149,0.712506837129448,2.02341127114429,6217.26425918053,0.999650585861101
"z[1,45]",0.282764661382625,0.0163687796067076,0.975157763268549,-1.62535959491133,-0.380215212868327,0.295202272877356,0.92744630476156,2.22490389736309,3549.09122509262,1.00001644093768
"z[1,46]",0.0870518964079502,0.0149255573779537,1.00061745800493,-1.87255497372885,-0.58931911424247,0.107200525428806,0.754306376152119,1.97101048658412,4494.43428723818,0.999436739866109
"z[1,47]",-0.120390355122732,0.013914622099095,0.936854292647745,-2.00630472825022,-0.724659911325417,-0.149785996402541,0.504772400456539,1.80732551755532,4533.16231843164,0.999291561449581
"z[1,48]",-0.355079281495863,0.0124324148382484,0.920695293954305,-2.18452089903581,-0.96461451610084,-0.341282310618675,0.264984568524577,1.44821692202238,5484.29567133854,0.999372173940482
"z[1,49]",-0.0798480396478916,0.0201480791476846,0.970240474356955,-1.98834038773513,-0.720575093841656,-0.0671649750967393,0.575386484154353,1.78701570710181,2318.95050222669,1.00086243127261
"z[1,50]",0.0247052895883044,0.0191308080935822,0.944732597944147,-1.74448828120346,-0.605303236700931,0.00258873827092566,0.650445394399175,1.91761247812257,2438.65953170564,0.999596745706048
"z[2,1]",-0.876980845990836,0.0132753121261076,0.819576027572767,-2.46629145338552,-1.41908684406523,-0.895052251795735,-0.341926456343143,0.826668194218708,3811.43933749952,0.999843386055679
"z[2,2]",-0.68293923852026,0.012496849249111,0.747170757263984,-2.12484735976501,-1.17522387667852,-0.702309280395904,-0.207775004640892,0.84114092831717,3574.6923465655,1.00107121331565
"z[2,3]",0.748675298930762,0.0116667976881691,0.795277747960801,-0.778232422740761,0.209911644836435,0.745695635594196,1.27200043972122,2.33152389161701,4646.58972916846,0.999501917137063
"z[2,4]",0.252078089778382,0.0108073099101,0.749502257937533,-1.19236959062082,-0.243418268551704,0.24895960789486,0.741863162965078,1.7513448516252,4809.61906190509,0.999654934317885
"z[2,5]",0.398583945958793,0.0112449266983847,0.829641020132011,-1.26114369660623,-0.145759139120574,0.388083831337263,0.938457759717345,2.04647259331784,5443.3614855207,0.999748669337962
"z[2,6]",-1.72980198677489,0.0149758300885519,0.829804244943654,-3.32733741477396,-2.28259644167445,-1.74748200754509,-1.21086316535664,0.00988736352433174,3070.21999873811,1.00014731433418
"z[2,7]",1.00049392910995,0.0115394632133768,0.824532694765815,-0.581611541300509,0.441872519211597,0.993388775587695,1.54346833534536,2.61743384201493,5105.5736838715,0.999376826296575
"z[2,8]",0.783336965146586,0.0121444145699745,0.841399977692166,-0.888221208752331,0.229190898087982,0.785870423906709,1.34351520789003,2.45433573150551,4800.11700892691,1.00011432870031
"z[2,9]",0.966927009599263,0.0102889970577114,0.827112784378995,-0.639248042126685,0.414468943014787,0.95598033422692,1.52662684735419,2.6163037761582,6462.24443402788,1.00017246968095
"z[2,10]",0.171832237483636,0.0102286137117473,0.776275873365096,-1.33910349340785,-0.335675008171032,0.169836164208108,0.698895830278943,1.71239515356216,5759.68353518951,0.999925282733877
"z[2,11]",0.561162831260822,0.0115041602460107,0.826124284549705,-1.02476439835636,0.0178852830016209,0.544839626596663,1.09435909927358,2.20429469278757,5156.80765017849,0.999281810150162
"z[2,12]",-0.73868038033737,0.0125211305742373,0.826685988136395,-2.28550238576095,-1.29224071566265,-0.756795304696799,-0.19574584117782,0.947132955292242,4359.07221870168,0.999482854688916
"z[2,13]",-0.468539463207355,0.0120262140511788,0.867557118513953,-2.14379755004822,-1.03168434698685,-0.491310628635062,0.099388407833297,1.20190330723838,5204.01208382723,0.999531866276987
"z[2,14]",0.262129148655813,0.0103970656872429,0.785664979292843,-1.27684243341835,-0.252253754157294,0.250351429620473,0.761832040869025,1.83029080766152,5710.22491407148,0.999379894757336
"z[2,15]",0.316185100968998,0.0105305025463606,0.808822670470777,-1.20461686348872,-0.228467239157659,0.309164207241174,0.837302590940043,1.93598102475818,5899.40804635504,0.999714440335862
"z[2,16]",-0.0404417902058002,0.0116601457655695,0.879175361359954,-1.74049745167874,-0.643036431693224,-0.0484679995229759,0.544220880551587,1.75497971358679,5685.16479341542,0.999757538586268
"z[2,17]",0.289544571725717,0.01262227593264,0.813352060879455,-1.29636471836862,-0.256106131310916,0.283844001482844,0.829102170556904,1.93770391878467,4152.23383422121,1.00033066008808
"z[2,18]",0.310901684797171,0.0113893769106707,0.8486314072244,-1.36438162711567,-0.259493451766424,0.312872044589113,0.863139291573399,1.99853745003688,5551.85698906501,0.999759190146709
"z[2,19]",-0.640737799436117,0.0116675884389548,0.760559846837698,-2.115304589578,-1.14090285689237,-0.640373777621678,-0.138850977927987,0.848316615453254,4249.17467028279,0.999936205996205
"z[2,20]",-0.681832971088204,0.0105322878605916,0.746358617180757,-2.13299005377184,-1.15743535445783,-0.67637062576921,-0.208815704499193,0.832335549242555,5021.68725625232,0.999512176076268
"z[2,21]",0.188839921142053,0.0100591164811637,0.75651756227231,-1.25519939523513,-0.33655480271018,0.198711722194234,0.695201067514929,1.72152435157439,5656.11661044496,0.999121273863695
"z[2,22]",0.535817698592224,0.0107183373465916,0.802527427576037,-1.03776664402659,0.0198541257004222,0.525017785858053,1.05106727313815,2.15674841246716,5606.15271932658,0.99947242874881
"z[2,23]",0.258582247162286,0.0112614689678582,0.791712345306069,-1.27744149894501,-0.265864872613504,0.258491378666742,0.784051949021955,1.82806645114872,4942.47800382795,0.999646632020526
"z[2,24]",0.204154672841929,0.0108959511557762,0.790203853319634,-1.33429133750956,-0.315258485553253,0.19459475720936,0.724637865010452,1.79768496308568,5259.54276653992,0.9996915107225
"z[2,25]",0.129427676579434,0.0101415680996795,0.777827542464302,-1.37073247327078,-0.376828428031462,0.120445609248141,0.632200666458365,1.66951755683827,5882.42517950509,0.999497760822765
"z[2,26]",-1.17354124377711,0.0121634986983213,0.786732595415251,-2.68544096934226,-1.68621130292296,-1.19315321392577,-0.672115463666812,0.517115407782696,4183.47580812665,0.999810794610549
"z[2,27]",-0.626579250120804,0.0117701974674943,0.847214911204381,-2.27289492561909,-1.17917980510731,-0.629108665435594,-0.0863324948996037,1.09266844854756,5181.07266898692,0.999769420512908
"z[2,28]",0.164904967857632,0.0111730316451091,0.817391846632964,-1.46830843560212,-0.388298262473773,0.169905317977258,0.72258361910366,1.74399655903559,5352.03007375817,0.999312602355928
"z[2,29]",-0.0436983424501405,0.012079697948128,0.824840198484421,-1.65368275634631,-0.618743926176602,-0.0525369890718195,0.507825828533404,1.58172607212662,4662.59277432063,1.00040913247818
"z[2,30]",0.454485112333183,0.0109909606321699,0.778072441038602,-1.05367556388357,-0.0504429603608029,0.450227837332189,0.945973342728537,2.03876389655018,5011.51184950511,1.00030009707559
"z[2,31]",-0.7251813516949,0.0122235270257485,0.792504465983128,-2.26302487077213,-1.25257135043727,-0.745690050786272,-0.218474164595696,0.893849028483063,4203.49332776927,0.999910570207706
"z[2,32]",-0.511140854511373,0.0113140450630464,0.751378330462208,-1.95404602864231,-1.01802972031629,-0.53489169114704,-0.0109727192426917,0.994178088535626,4410.43599203807,1.00020485653176
"z[2,33]",0.760242496453892,0.013110562357555,0.94461505252438,-1.0596868996522,0.111221007772604,0.748915150834117,1.41387074348394,2.63506955030177,5191.19188984819,0.999823377688112
"z[2,34]",0.816786576624076,0.0108575450941207,0.82081577002908,-0.823949214035899,0.275076386185586,0.823264216456962,1.33153412399539,2.45653893292854,5715.15614082989,1.00034845880979
"z[2,35]",0.0595067513133382,0.0106968403708542,0.792375694330418,-1.44098400576024,-0.47954916113103,0.0587139492261923,0.585849167865284,1.65965272186162,5487.20595207203,0.999226027978835
"z[2,36]",0.701811475312506,0.0124461342574065,0.889664307433845,-1.01549197765274,0.108750271313302,0.699982779109151,1.2875695378329,2.47425976253949,5109.5584541195,0.999569631162827
"z[2,37]",0.0309011547681223,0.0115170257945242,0.804962123868639,-1.549232569823,-0.506213394929688,0.0222413422625043,0.567802199322725,1.62285236894698,4885.06349176203,0.999780395061213
"z[2,38]",-0.0840882964370013,0.0120297801879217,0.732432593447598,-1.51082317493315,-0.56915532547142,-0.0730636384930748,0.386149962770491,1.40942059930452,3706.9774219027,0.999429685187727
"z[2,39]",-0.213954383182619,0.010567856054729,0.766344707906674,-1.69364320787207,-0.721457916161426,-0.210437245833494,0.284660823658363,1.35012923122932,5258.65339892077,0.999911729798395
"z[2,40]",0.367625451175293,0.00997220746470594,0.71070069243272,-1.03195650074361,-0.120371188668364,0.370364536656002,0.82720595015774,1.80314747147136,5079.14798958658,1.00109628540935
"z[2,41]",-0.494731023369366,0.0106531977778287,0.733380580776991,-1.88485874221916,-0.996086802047883,-0.501829568263623,-0.0213130837658451,1.00012475136705,4739.13229611358,1.00100437565869
"z[2,42]",-0.248657842318919,0.00965198176702458,0.738509856750928,-1.71050139519679,-0.713902761265944,-0.261023257447763,0.239094731441431,1.20060675507046,5854.3624501543,0.999805719234987
"z[2,43]",-0.312840331059189,0.0105030138250265,0.779234407877506,-1.81793051747788,-0.829934671381888,-0.326144854079936,0.191920019615418,1.24978947084463,5504.37948710595,1.00048782341233
"z[2,44]",-0.190190637557638,0.0106415609347115,0.831602734835164,-1.79147138330126,-0.751832824161835,-0.204037780110884,0.354647366427044,1.47903761249346,6106.90473723244,0.999597456959353
"z[2,45]",0.478783943839351,0.0114325284290605,0.812554499334093,-1.10336407899959,-0.0649885095267018,0.472858543305089,1.01273755479791,2.05909907826588,5051.50071619187,0.999269702770991
"z[2,46]",0.475740818891047,0.0126095368012001,0.944619728883857,-1.40768113932583,-0.161298964959397,0.497050012914144,1.10546347396769,2.27175288677334,5611.97537407697,1.00031891965599
"z[2,47]",0.0870267117780946,0.0111179378689123,0.754978115811647,-1.37412605222976,-0.410344981400689,0.0678646052083402,0.556403302570406,1.63330444318857,4611.26669746807,1.0000114247167
"z[2,48]",0.0658857057872285,0.0106605167948159,0.78590240575737,-1.45549785859062,-0.476842830773542,0.0513919026459628,0.560397504955308,1.66270460072156,5434.76436375678,1.00038470316113
"z[2,49]",-0.742739140652042,0.010832419007245,0.7740845494074,-2.2293822327099,-1.26022771934618,-0.754946799335648,-0.257705345711401,0.869956524580112,5106.53011108348,0.999663726828252
"z[2,50]",-0.598122632389624,0.0118858668284694,0.75915184731453,-2.06903415598687,-1.08615387716994,-0.598622411059862,-0.114781556320243,0.87941634785296,4079.39337528864,0.999604869933453
"tau[1]",0.178070497434506,0.00334799821328483,0.12641743476811,0.00846706330511713,0.0756064028397164,0.153862464248969,0.258284385249541,0.471856774532121,1425.75043204182,1.00243772685392
"tau[2]",0.164397700738304,0.00119624573013938,0.0445474178550489,0.0791276883609755,0.134848017571258,0.163340417991862,0.192520149242715,0.254444396583628,1386.76946388622,1.00145907208659
"u[1,1]",-0.0145982937757408,0.00397864137746765,0.196568869052181,-0.443172559564509,-0.103052415923921,-0.00639910718800383,0.0699984845098777,0.416932299201649,2440.9556463247,1.00191078377229
"u[1,2]",-0.162320098031239,0.00225691508769536,0.131218241091378,-0.443489842591769,-0.245779770849068,-0.153961033081239,-0.0705479889369405,0.0741593964745532,3380.32131769944,0.999781485717239
"u[2,1]",-0.0282347569265219,0.00394549767588562,0.199785884048771,-0.486672967272558,-0.106138671295132,-0.0105569447320293,0.0521611024493134,0.395223981113861,2564.04720043072,0.999620843093848
"u[2,2]",-0.125360671316812,0.00168796533379131,0.106177161951515,-0.34425447336578,-0.194253440208261,-0.123733020256144,-0.0527525819646359,0.0756035683387615,3956.71873331676,0.999731801295121
"u[3,1]",0.106536621398354,0.00544548341129423,0.22973512533852,-0.234057247499946,-0.0143327107056619,0.0477624997434671,0.191008804779349,0.699533748881993,1779.8439416695,1.0026705084278
"u[3,2]",0.149051236990934,0.00215847579722303,0.132836722926547,-0.0812595905630036,0.0569557264618255,0.140161773484117,0.226120001740862,0.450283994496667,3787.40666801066,1.00072396466183
"u[4,1]",-0.0226495361624933,0.00286052056419999,0.193664603084855,-0.468982785680588,-0.0967949660492097,-0.00520731051608254,0.0580339748390306,0.370821499026141,4583.63842722653,0.999835466774351
"u[4,2]",0.0397510478059598,0.00144688234450276,0.111852093625909,-0.168795908472136,-0.0341276966385663,0.0370101977055842,0.110982373442135,0.275070530971876,5976.15427982105,0.999644877447127
"u[5,1]",-0.0237871182737194,0.00319520817733867,0.196516289004098,-0.485758610291452,-0.09918947885744,-0.00606074667468607,0.0675115570585644,0.36214584927186,3782.67292324137,0.999806647654704
"u[5,2]",0.0686535255214905,0.00160343424045079,0.125337693194223,-0.163723753305059,-0.0134950052302662,0.0603052354772568,0.14664158051632,0.333337808239219,6110.27965934978,0.999164644549866
"u[6,1]",-0.107394172595782,0.00748879389309743,0.251742704298929,-0.757931251078715,-0.215535602437181,-0.0529220639218694,0.0262930620654935,0.314313071474174,1130.03014829878,1.00506055542642
"u[6,2]",-0.325275513604736,0.00305573024455534,0.146344215121049,-0.640659472650937,-0.416614849733618,-0.314536213695356,-0.224607682544626,-0.0629634772980271,2293.61803108892,1.00027968249228
"u[7,1]",0.0379806190760379,0.00452338051176529,0.214593240205925,-0.385099460059639,-0.0555471153407706,0.0129854902941537,0.125608554475984,0.548457282231925,2250.63894425758,1.00236167925766
"u[7,2]",0.185570010839603,0.00211320813203,0.136721286664822,-0.0407090816575182,0.0893926839901227,0.17165134902205,0.26741685754195,0.490381608078214,4185.88918717179,1.00023680484612
"u[8,1]",-0.00359053149794113,0.00391168381668833,0.199715558996097,-0.446769054484662,-0.0888182668794038,-0.000104086080248267,0.0839792073959229,0.419256760195356,2606.73158311038,0.999863644808381
"u[8,2]",0.140797039980668,0.00189079747709916,0.130314439500882,-0.0893026308593646,0.0506341361097304,0.132170274677466,0.220664934671313,0.41860066858692,4750.0157813821,1.00017223867055
"u[9,1]",0.000372810040744742,0.00416475094382545,0.205812872303596,-0.458849491769621,-0.0859385915740111,0.00229128339874234,0.0904581950032819,0.432095587924701,2442.11997994629,1.00046118645138
"u[9,2]",0.173454744173507,0.00215733532699572,0.140443221620753,-0.0678940259996844,0.0750980594477397,0.161699195196256,0.259415947008322,0.478000054663079,4238.05175378787,0.999985387388131
"u[10,1]",-0.0631878749802009,0.0032415089812258,0.202084113711604,-0.581273832294393,-0.134953212624754,-0.019702990208005,0.0373001978252743,0.271396346855246,3886.60038630381,1.00006565006549
"u[10,2]",0.0219255880976471,0.001407509542493,0.113092957686552,-0.191555731165243,-0.0548861520028074,0.0189900387872666,0.0929428567760355,0.257349853648867,6456.07294286194,0.999340804702073
"u[11,1]",0.0747798485895467,0.00405978684165157,0.214739142685172,-0.286774987750097,-0.0283416439908322,0.0310275222966761,0.152542679247156,0.600760925815923,2797.79549531612,1.0014685929062
"u[11,2]",0.111527352652909,0.00183710316012431,0.133719061172334,-0.126152974445709,0.0203759462887887,0.0993752146562185,0.193609508814648,0.409252702785119,5298.09265502022,0.99933556263615
"u[12,1]",-0.0964705858454752,0.00518890088041832,0.233874421076781,-0.688080690673306,-0.181332573257207,-0.0380490841935159,0.0227080524517208,0.271761784411415,2031.49005862226,1.00327573454182
"u[12,2]",-0.146585350806313,0.00212702394654268,0.134368973106124,-0.435800705919153,-0.227682713782964,-0.139652146312458,-0.0545055954400101,0.0937454714459667,3990.73819522447,1.00045881967637
"u[13,1]",-0.101044370595361,0.00475917334587649,0.23513139081299,-0.721620780761173,-0.186722416222501,-0.03842994220352,0.0221808507405096,0.254232735193415,2440.94603603127,1.00072355100112
"u[13,2]",-0.102095606784253,0.00214685600397672,0.141799466729302,-0.402728313580814,-0.190251653598594,-0.0935500563154559,-0.00484154727811417,0.159758947366712,4362.57958967337,1.0002304740936
"u[14,1]",0.0377450472461767,0.0030643845014128,0.203988652792876,-0.347600270746934,-0.0494667025730092,0.0112604230067069,0.112819914026399,0.536464791589378,4431.24237444791,1.00022355234789
"u[14,2]",0.0501558842906145,0.00148181803054078,0.119372580571016,-0.169560961459967,-0.0290670018101751,0.0436100888323931,0.125785674700443,0.298338100596382,6489.62220672112,0.999298209894353
"u[15,1]",0.029035770743401,0.00307286690870377,0.197102372425451,-0.374516403700935,-0.0558721256630385,0.00902597668072364,0.107889784324102,0.48393019480019,4114.30233514179,1.0013173025797
"u[15,2]",0.0594512050895309,0.00152689011768598,0.121893516248095,-0.172974208670401,-0.0224449951722582,0.0553235421196613,0.135002309548442,0.310778275915347,6373.02529150878,0.999325256847049
"u[16,1]",-0.00469406261007101,0.002860083948971,0.206701871081226,-0.467860168405786,-0.0888438246486406,-0.00180523139165043,0.07806570559194,0.443420424751369,5223.13504135958,0.99965567488433
"u[16,2]",-0.0101593501753243,0.00180604082560903,0.140997921112485,-0.295495703571476,-0.100320264536871,-0.00980743993703291,0.0807581788460619,0.269068610963736,6094.95203433455,0.999586357605793
"u[17,1]",0.104573572245737,0.00409661918780189,0.214549586957136,-0.206159682955279,-0.0150616929860142,0.0438735973479104,0.187283334278105,0.663566435145567,2742.86337785638,1.00176109296228
"u[17,2]",0.0674952151924311,0.00170204393467382,0.122355484965179,-0.16011174855396,-0.0143805749163804,0.0601128545681434,0.146824278463037,0.316135802072059,5167.79589798104,0.99958522836979
"u[18,1]",0.075811160452022,0.00412827774471717,0.220749653001978,-0.280785703383454,-0.0308014742653395,0.029540205072947,0.153562700877754,0.624588445921867,2859.31657962305,1.00012149618351
"u[18,2]",0.0687680381860775,0.00197236524752215,0.136405855200231,-0.191251968169159,-0.0192136719890672,0.0611303949138796,0.151589978140787,0.357986777144751,4782.90045254924,1.00026798208116
"u[19,1]",0.0637350826259709,0.00345305114800875,0.208819088729667,-0.282657938327019,-0.0394839918644793,0.0226649522479247,0.138383995220277,0.617608242261681,3657.07923303155,0.999572306452456
"u[19,2]",-0.102556687881032,0.0016541430271991,0.114145456699265,-0.32914235214375,-0.177975820453175,-0.0993920576038689,-0.0266007861655544,0.119200243803594,4761.79991576325,0.999712041807082
"u[20,1]",0.0147795818196919,0.00323558131838212,0.191181206203655,-0.375920325076927,-0.0710878800520676,0.00276383606807168,0.0937156290341931,0.451073703315147,3491.28864744289,1.0001729351588
"u[20,2]",-0.118538957088084,0.00159214621669487,0.110387849797724,-0.345945287084606,-0.189388403129669,-0.116993167747201,-0.0430082889147351,0.0882404193046777,4807.02797487017,0.999616075689256
"u[21,1]",-0.0392234045525854,0.00299898941114385,0.188981777957713,-0.479527235236679,-0.118573619660719,-0.01366814639769,0.0483199688511167,0.324334791846151,3970.90956514896,0.999361215171543
"u[21,2]",0.027676996264754,0.00131922343823121,0.110219734074937,-0.176804397760882,-0.0483111623646956,0.0229897998501303,0.098432538199631,0.258187782584543,6980.42717217477,0.999612286098958
"u[22,1]",0.016854895570985,0.00313619270065118,0.187782940043168,-0.39590311888961,-0.060053763455999,0.00844563440646004,0.0902601915149229,0.428556812703442,3585.14552906137,1.00080669227568
"u[22,2]",0.0987176780090598,0.00164458939679759,0.120464392461355,-0.122680305287556,0.014878915471541,0.0911613456232524,0.174681533011691,0.349271194681234,5365.40386271759,0.999421534190248
"u[23,1]",0.0280298303874137,0.00312102586287187,0.200024042058874,-0.373702662586154,-0.0565616945778253,0.00919550050014033,0.104113796093914,0.500256042336783,4107.42520049126,1.00076236331575
"u[23,2]",0.0487443701334062,0.00159012285844073,0.119801636413424,-0.174072844913245,-0.0312888671325045,0.0449767341047571,0.123282172241907,0.300597771588974,5676.28429850178,0.99938544978128
"u[24,1]",-0.0320273172969195,0.00284824800545966,0.198240443116176,-0.476689727570907,-0.107141391817698,-0.00989526979693574,0.0540373499384342,0.360866927708513,4844.27641103866,0.999177205980152
"u[24,2]",0.0324469392432293,0.00157989482241654,0.119661150582411,-0.191957090134109,-0.0466516815839104,0.0279018554064543,0.10527320653027,0.283157110049731,5736.53961633945,0.999428368590644
"u[25,1]",-0.0503863032947846,0.00290384555431007,0.200345695461151,-0.540458963566223,-0.127658540284039,-0.0161409257025169,0.043648607447522,0.317943313697775,4760.06632032884,0.999271778441291
"u[25,2]",0.0178477204256613,0.00145611350222006,0.11432029706652,-0.201346972678045,-0.0570689135676794,0.014762924673363,0.0892415845780478,0.251822876750973,6163.90917281099,0.999596937715417
"u[26,1]",-0.0671822851473057,0.00525244651051776,0.216416784405018,-0.601866171218595,-0.154286339027022,-0.030688339352215,0.0385309646630272,0.332631553576621,1697.69083054373,1.0026658395354
"u[26,2]",-0.220067688781478,0.00220440267215742,0.1265652539608,-0.487075989195248,-0.300705868612202,-0.212810403492191,-0.131953836694173,0.0100178489963276,3296.45485315195,0.999627382681165
"u[27,1]",-0.0536496256888665,0.00393511542476899,0.212264756826244,-0.581163175889517,-0.135657329839436,-0.0201089797571133,0.0433075203460288,0.338135215655369,2909.65055375663,1.00051636042896
"u[27,2]",-0.122054349471354,0.00191083146785541,0.136721461721724,-0.408204240570134,-0.207358659586532,-0.1140197187313,-0.029239689237347,0.123040791651052,5119.51260195203,0.999579351155753
"u[28,1]",-0.0134669568936725,0.00322857112422236,0.208106642026848,-0.474407382449458,-0.0956602290960915,-0.00243703593155755,0.0748245559366318,0.414206005940152,4154.80998594369,0.999525520642957
"u[28,2]",0.0272446633656976,0.00159807867988442,0.124586204466758,-0.21139088087582,-0.0549512839893359,0.0233080540887751,0.107967503624475,0.284600043219908,6077.76068120706,0.999594673601052
"u[29,1]",0.0427967791732293,0.00292144614552842,0.197620559760158,-0.326137632068154,-0.0465905757553141,0.0140569744360826,0.119799220604425,0.500347854949574,4575.81524078285,0.999263885444774
"u[29,2]",-0.00277759211824965,0.00178955442171105,0.125819762560574,-0.245553660827548,-0.0840677238546063,-0.00538741273298817,0.0754177971815401,0.253252977701833,4943.19681345597,1.00038699522496
"u[30,1]",-0.0626785815876088,0.00322728520572517,0.198931534057723,-0.539662740537698,-0.141050121260111,-0.0219060765408763,0.0342893390860394,0.278301215523899,3799.55354499335,0.999380312458327
"u[30,2]",0.0730862114819825,0.00161106596611254,0.118082613275515,-0.144038200930905,-0.00627510878835798,0.0662454325381626,0.145469871577571,0.323919318683796,5372.11455933551,0.999514576295786
"u[31,1]",-0.0727918961435417,0.00437580067809434,0.20831787925056,-0.606923806285011,-0.15323313134969,-0.028300393664861,0.0304339932305409,0.291356720560403,2266.40765709354,1.00294603083318
"u[31,2]",-0.141219736395022,0.00183670250028856,0.122594991234738,-0.394208192011306,-0.219119776360441,-0.135358243638057,-0.0590667161046653,0.0814474778149234,4455.20630460612,0.999153333396334
"u[32,1]",-0.0157946690723096,0.003353585531486,0.187181371804332,-0.446900154759645,-0.095640291961884,-0.00526483645766097,0.0654989666063344,0.381486195430941,3115.34735754633,1.00037141591428
"u[32,2]",-0.0929237306644037,0.00155320408317051,0.111129335685316,-0.319395325799015,-0.165106287950592,-0.0899714906151188,-0.0181860592568986,0.124213112345779,5119.17986830456,0.999592175280346
"u[33,1]",0.0394733282451508,0.00390757041824966,0.211092527711408,-0.384356156479961,-0.0546492983281038,0.0153157022884985,0.1241457107869,0.528751538365232,2918.3145091602,1.00037786333421
"u[33,2]",0.146749611977055,0.00240648083352529,0.16407691296856,-0.140108001556192,0.034110081208078,0.132854405438734,0.246460181887034,0.511532543106654,4648.68521095397,0.999615796326186
"u[34,1]",0.0183821642643057,0.00356495219588393,0.188025558849922,-0.367880649777091,-0.0614517517522859,0.00546658334372658,0.0950001663200951,0.450359523003192,2781.80289777546,1.00060350226119
"u[34,2]",0.149006156538883,0.00209351756195778,0.134717872003891,-0.0886079980106063,0.0565457244639846,0.139810049421376,0.229211523248871,0.446971622435432,4140.92353843825,1.00042975419381
"u[35,1]",-0.006961399282475,0.00255251631417688,0.183285792216429,-0.414526209517665,-0.0842787909821406,-0.00112818065217814,0.0703644157374851,0.389522805164869,5156.09070753406,0.999771946490598
"u[35,2]",0.00864071728178715,0.00148983166995928,0.121604766828862,-0.236516754498323,-0.0697240170457843,0.0095943627753907,0.0861130333406725,0.250897555955621,6662.34003567111,0.999292814303446
"u[36,1]",-0.0170417547591628,0.00358182537633775,0.199227187406279,-0.477861785555617,-0.0929034922141079,-0.00363505247005034,0.0709165155367168,0.390771766549739,3093.77260621642,1.00116246145757
"u[36,2]",0.12361550661637,0.00230834887703759,0.145493333499565,-0.137986918203113,0.0260153184332924,0.114571186680818,0.211425477114284,0.427791385882904,3972.67734721716,0.999586812558587
"u[37,1]",0.0554374627387419,0.00339287507665898,0.204488140994678,-0.289296584722024,-0.0403600169812291,0.0173807978412422,0.127150243326338,0.563729123647235,3632.45727238577,0.999815712880195
"u[37,2]",0.0128641224539085,0.00166471511070236,0.12067224978121,-0.211632242925211,-0.0660033402100682,0.00827450638954015,0.0888476263445013,0.25206720059521,5254.54331018934,0.999964597100281
"u[38,1]",0.12083215689197,0.00445336847947131,0.222351091893852,-0.171284085553671,-0.00922869159701396,0.0528719035336149,0.207043280443148,0.720808554213313,2492.87941339248,1.00005087545051
"u[38,2]",0.00151840016112795,0.00139606748495632,0.104548745341948,-0.197109197526063,-0.0674571021459449,0.00143144042626602,0.0681737600515224,0.205381944683298,5608.217213926,0.999414394676506
"u[39,1]",-0.0361593231053791,0.00277570065889666,0.19009054192726,-0.469529435038489,-0.108614337253896,-0.0135514849006915,0.0490185562174338,0.335955787334848,4690.03151100977,1.00052249656335
"u[39,2]",-0.0437724425914097,0.00139039261501517,0.113178622691286,-0.270777774576781,-0.117537604277536,-0.0422176111946083,0.0308534698389084,0.177950295556338,6626.03772746008,0.999524735313296
"u[40,1]",0.000829509004607085,0.00270840677886004,0.186268152028176,-0.407553380744898,-0.0751444856209435,-0.000430144818585354,0.0760720119667276,0.410160544659269,4729.87243166545,0.999784843121681
"u[40,2]",0.0631518753384107,0.00130902872903015,0.102415894439131,-0.130393400398605,-0.0041316144639471,0.0588284649454576,0.128558257460154,0.27533659780513,6121.19716387607,0.999390755436278
"u[41,1]",0.0744490990624487,0.00365116083889079,0.206563420245132,-0.269028707515839,-0.0287250406547958,0.0285039475551712,0.148647362963858,0.596746899840383,3200.69950430468,0.999551553788684
"u[41,2]",-0.0760612600107125,0.00149994172703044,0.105994048463567,-0.286362718005837,-0.146415585900318,-0.0739684067327626,-0.00572644741109676,0.128095272377303,4993.60500858574,1.00054639678369
"u[42,1]",0.061953764294653,0.00314750679129285,0.202319106856662,-0.296746071129629,-0.0388808839932592,0.0220306785152382,0.134804501646403,0.574877502206875,4131.81099103517,0.999439018825356
"u[42,2]",-0.0349037560195568,0.00138074539765358,0.106650500903457,-0.239455902128284,-0.103446007670354,-0.0350335597988419,0.0316331345797342,0.179159102752839,5966.21075268726,0.999702681372589
"u[43,1]",-0.0827264119860783,0.0041475413336921,0.209273008769245,-0.625209846218881,-0.161053366514516,-0.0347200960910108,0.0266565687018828,0.266356025108434,2545.92139641533,1.00032316890243
"u[43,2]",-0.0679723828153066,0.00161664699402194,0.119408432065843,-0.313295665714579,-0.144733645026286,-0.0659786278628055,0.0103400693541639,0.159884019403568,5455.56322604731,1.00082300507757
"u[44,1]",0.0164888607855298,0.00278938742981457,0.200120132792399,-0.410783237613178,-0.0651953132024526,0.00410931138826068,0.091274625412087,0.478591420437951,5147.11516888139,0.999402529920314
"u[44,2]",-0.0322754860524288,0.00164216487532284,0.127993474449438,-0.280722067127551,-0.118575990207457,-0.0300318955262657,0.0498006802178786,0.218950136274126,6074.94204941633,0.999567284391678
"u[45,1]",0.0730048624647039,0.00397819750585215,0.218563052340888,-0.305566627040476,-0.0320025071658442,0.0263981852442169,0.151248248576193,0.607139311895296,3018.42794395517,1.00117529652724
"u[45,2]",0.0970795793010913,0.00178598789284371,0.125562133743745,-0.123584211959587,0.00953018931820467,0.0900571597030941,0.175004614939966,0.36795428185877,4942.65563798154,0.999375348137721
"u[46,1]",0.0215484462422081,0.0034852254042522,0.217186330948034,-0.429166025673042,-0.0671581489646806,0.0061737510705295,0.104068989426165,0.531062425550899,3883.3204979082,0.999890033284115
"u[46,2]",0.0912953801466492,0.00212191466350101,0.15610860447796,-0.209939519122722,-0.0125884931109703,0.0833528367097492,0.186033269514125,0.429604429775051,5412.49931982364,1.00005731061333
"u[47,1]",-0.0309816366787009,0.00313665812364518,0.194504167848387,-0.49621440600837,-0.10811007892558,-0.0100797424150244,0.0566772434284026,0.343100357936546,3845.24000515211,0.999190169172162
"u[47,2]",0.0124240324072799,0.00137048368851614,0.105845017579972,-0.189408362935676,-0.0599633147992057,0.00985545218246914,0.0791207328887821,0.232537358050689,5964.76168862497,0.999577027185553
"u[48,1]",-0.086164033692805,0.00329164041193244,0.206075367324335,-0.608410278550457,-0.161793494815037,-0.0335760902548779,0.0217174793637606,0.238067638331658,3919.4704462718,0.999589933279617
"u[48,2]",-0.00131802078673884,0.00144076605840683,0.111298795678157,-0.213373947849613,-0.0751428385800905,-0.0036483137383331,0.0707414448348184,0.224796349633197,5967.52150065398,1.0005294578899
"u[49,1]",-0.0164674646580327,0.00404293696636103,0.200839037987655,-0.488893283701865,-0.0965949150200662,-0.00412924913526464,0.0650710610223946,0.417025144266763,2467.75661275724,1.00163272911139
"u[49,2]",-0.135682505729189,0.0019059426454326,0.12050349459037,-0.382749505116381,-0.210391569245402,-0.130829489076089,-0.0506250146834743,0.0869508721232747,3997.41859346199,0.999331381584431
"u[50,1]",0.00874886064584772,0.00350724444184525,0.190490253894642,-0.387599920869233,-0.0742586946020801,9.7198721665899e-05,0.0906721631174911,0.434631085127937,2949.94181524007,0.999502375244049
"u[50,2]",-0.106234565030976,0.00158080798479622,0.11335196329703,-0.343735090709036,-0.179206796227988,-0.101725188214868,-0.0283328882436377,0.0970246009925505,5141.61852344182,0.999377161044684
"feature_sums[1,1,1]",0,NA,0,0,0,0,0,0,NA,NA
"feature_sums[1,1,2]",5,NA,0,5,5,5,5,5,NA,NA
"feature_sums[1,1,3]",3,NA,0,3,3,3,3,3,NA,NA
"feature_sums[1,1,4]",0,NA,0,0,0,0,0,0,NA,NA
"feature_sums[1,1,5]",-7,NA,0,-7,-7,-7,-7,-7,NA,NA
"feature_sums[1,1,6]",3,NA,0,3,3,3,3,3,NA,NA
"feature_sums[1,1,7]",3,NA,0,3,3,3,3,3,NA,NA
"feature_sums[1,1,8]",-9,NA,0,-9,-9,-9,-9,-9,NA,NA
"feature_sums[1,2,1]",-7,NA,0,-7,-7,-7,-7,-7,NA,NA
"feature_sums[1,2,2]",0,NA,0,0,0,0,0,0,NA,NA
"feature_sums[1,2,3]",2,NA,0,2,2,2,2,2,NA,NA
"feature_sums[1,2,4]",-5,NA,0,-5,-5,-5,-5,-5,NA,NA
"feature_sums[1,2,5]",-2,NA,0,-2,-2,-2,-2,-2,NA,NA
"feature_sums[1,2,6]",2,NA,0,2,2,2,2,2,NA,NA
"feature_sums[1,2,7]",0,NA,0,0,0,0,0,0,NA,NA
"feature_sums[1,2,8]",-4,NA,0,-4,-4,-4,-4,-4,NA,NA
"feature_sums[1,3,1]",4,NA,0,4,4,4,4,4,NA,NA
"feature_sums[1,3,2]",1,NA,0,1,1,1,1,1,NA,NA
"feature_sums[1,3,3]",0,NA,0,0,0,0,0,0,NA,NA
"feature_sums[1,3,4]",-3,NA,0,-3,-3,-3,-3,-3,NA,NA
"feature_sums[1,3,5]",3,NA,0,3,3,3,3,3,NA,NA
"feature_sums[1,3,6]",0,NA,0,0,0,0,0,0,NA,NA
"feature_sums[1,3,7]",-4,NA,0,-4,-4,-4,-4,-4,NA,NA
"feature_sums[1,3,8]",5,NA,0,5,5,5,5,5,NA,NA
"feature_sums[1,4,1]",-3,NA,0,-3,-3,-3,-3,-3,NA,NA
"feature_sums[1,4,2]",6,NA,0,6,6,6,6,6,NA,NA
"feature_sums[1,4,3]",2,NA,0,2,2,2,2,2,NA,NA
"feature_sums[1,4,4]",-2,NA,0,-2,-2,-2,-2,-2,NA,NA
"feature_sums[1,4,5]",0,NA,0,0,0,0,0,0,NA,NA
"feature_sums[1,4,6]",0,NA,0,0,0,0,0,0,NA,NA
"feature_sums[1,4,7]",3,NA,0,3,3,3,3,3,NA,NA
"feature_sums[1,4,8]",-2,NA,0,-2,-2,-2,-2,-2,NA,NA
"feature_sums[1,5,1]",1,NA,0,1,1,1,1,1,NA,NA
"feature_sums[1,5,2]",2,NA,0,2,2,2,2,2,NA,NA
"feature_sums[1,5,3]",0,NA,0,0,0,0,0,0,NA,NA
"feature_sums[1,5,4]",-6,NA,0,-6,-6,-6,-6,-6,NA,NA
"feature_sums[1,5,5]",-7,NA,0,-7,-7,-7,-7,-7,NA,NA
"feature_sums[1,5,6]",2,NA,0,2,2,2,2,2,NA,NA
"feature_sums[1,5,7]",4,NA,0,4,4,4,4,4,NA,NA
"feature_sums[1,5,8]",0,NA,0,0,0,0,0,0,NA,NA
"feature_sums[2,1,1]",2,NA,0,2,2,2,2,2,NA,NA
"feature_sums[2,1,2]",-2,NA,0,-2,-2,-2,-2,-2,NA,NA
"feature_sums[2,1,3]",-3,NA,0,-3,-3,-3,-3,-3,NA,NA
"feature_sums[2,1,4]",7,NA,0,7,7,7,7,7,NA,NA
"feature_sums[2,1,5]",4,NA,0,4,4,4,4,4,NA,NA
"feature_sums[2,1,6]",0,NA,0,0,0,0,0,0,NA,NA
"feature_sums[2,1,7]",0,NA,0,0,0,0,0,0,NA,NA
"feature_sums[2,1,8]",-2,NA,0,-2,-2,-2,-2,-2,NA,NA
"feature_sums[2,2,1]",4,NA,0,4,4,4,4,4,NA,NA
"feature_sums[2,2,2]",6,NA,0,6,6,6,6,6,NA,NA
"feature_sums[2,2,3]",0,NA,0,0,0,0,0,0,NA,NA
"feature_sums[2,2,4]",1,NA,0,1,1,1,1,1,NA,NA
"feature_sums[2,2,5]",-8,NA,0,-8,-8,-8,-8,-8,NA,NA
"feature_sums[2,2,6]",-6,NA,0,-6,-6,-6,-6,-6,NA,NA
"feature_sums[2,2,7]",5,NA,0,5,5,5,5,5,NA,NA
"feature_sums[2,2,8]",0,NA,0,0,0,0,0,0,NA,NA
"feature_sums[2,3,1]",8,NA,0,8,8,8,8,8,NA,NA
"feature_sums[2,3,2]",0,NA,0,0,0,0,0,0,NA,NA
"feature_sums[2,3,3]",-1,NA,0,-1,-1,-1,-1,-1,NA,NA
"feature_sums[2,3,4]",-1,NA,0,-1,-1,-1,-1,-1,NA,NA
"feature_sums[2,3,5]",-4,NA,0,-4,-4,-4,-4,-4,NA,NA
"feature_sums[2,3,6]",6,NA,0,6,6,6,6,6,NA,NA
"feature_sums[2,3,7]",0,NA,0,0,0,0,0,0,NA,NA
"feature_sums[2,3,8]",-2,NA,0,-2,-2,-2,-2,-2,NA,NA
"feature_sums[2,4,1]",3,NA,0,3,3,3,3,3,NA,NA
"feature_sums[2,4,2]",0,NA,0,0,0,0,0,0,NA,NA
"feature_sums[2,4,3]",-2,NA,0,-2,-2,-2,-2,-2,NA,NA
"feature_sums[2,4,4]",-1,NA,0,-1,-1,-1,-1,-1,NA,NA
"feature_sums[2,4,5]",0,NA,0,0,0,0,0,0,NA,NA
"feature_sums[2,4,6]",5,NA,0,5,5,5,5,5,NA,NA
"feature_sums[2,4,7]",1,NA,0,1,1,1,1,1,NA,NA
"feature_sums[2,4,8]",-2,NA,0,-2,-2,-2,-2,-2,NA,NA
"feature_sums[2,5,1]",0,NA,0,0,0,0,0,0,NA,NA
"feature_sums[2,5,2]",3,NA,0,3,3,3,3,3,NA,NA
"feature_sums[2,5,3]",-1,NA,0,-1,-1,-1,-1,-1,NA,NA
"feature_sums[2,5,4]",0,NA,0,0,0,0,0,0,NA,NA
"feature_sums[2,5,5]",8,NA,0,8,8,8,8,8,NA,NA
"feature_sums[2,5,6]",9,NA,0,9,9,9,9,9,NA,NA
"feature_sums[2,5,7]",2,NA,0,2,2,2,2,2,NA,NA
"feature_sums[2,5,8]",-3,NA,0,-3,-3,-3,-3,-3,NA,NA
"feature_sums[3,1,1]",0,NA,0,0,0,0,0,0,NA,NA
"feature_sums[3,1,2]",-7,NA,0,-7,-7,-7,-7,-7,NA,NA
"feature_sums[3,1,3]",3,NA,0,3,3,3,3,3,NA,NA
"feature_sums[3,1,4]",2,NA,0,2,2,2,2,2,NA,NA
"feature_sums[3,1,5]",-9,NA,0,-9,-9,-9,-9,-9,NA,NA
"feature_sums[3,1,6]",2,NA,0,2,2,2,2,2,NA,NA
"feature_sums[3,1,7]",3,NA,0,3,3,3,3,3,NA,NA
"feature_sums[3,1,8]",0,NA,0,0,0,0,0,0,NA,NA
"feature_sums[3,2,1]",9,NA,0,9,9,9,9,9,NA,NA
"feature_sums[3,2,2]",8,NA,0,8,8,8,8,8,NA,NA
"feature_sums[3,2,3]",-5,NA,0,-5,-5,-5,-5,-5,NA,NA
"feature_sums[3,2,4]",-4,NA,0,-4,-4,-4,-4,-4,NA,NA
"feature_sums[3,2,5]",-1,NA,0,-1,-1,-1,-1,-1,NA,NA
"feature_sums[3,2,6]",0,NA,0,0,0,0,0,0,NA,NA
"feature_sums[3,2,7]",0,NA,0,0,0,0,0,0,NA,NA
"feature_sums[3,2,8]",-1,NA,0,-1,-1,-1,-1,-1,NA,NA
"feature_sums[3,3,1]",-5,NA,0,-5,-5,-5,-5,-5,NA,NA
"feature_sums[3,3,2]",-6,NA,0,-6,-6,-6,-6,-6,NA,NA
"feature_sums[3,3,3]",-2,NA,0,-2,-2,-2,-2,-2,NA,NA
"feature_sums[3,3,4]",0,NA,0,0,0,0,0,0,NA,NA
"feature_sums[3,3,5]",0,NA,0,0,0,0,0,0,NA,NA
"feature_sums[3,3,6]",9,NA,0,9,9,9,9,9,NA,NA
"feature_sums[3,3,7]",8,NA,0,8,8,8,8,8,NA,NA
"feature_sums[3,3,8]",-2,NA,0,-2,-2,-2,-2,-2,NA,NA
"feature_sums[3,4,1]",-2,NA,0,-2,-2,-2,-2,-2,NA,NA
"feature_sums[3,4,2]",1,NA,0,1,1,1,1,1,NA,NA
"feature_sums[3,4,3]",0,NA,0,0,0,0,0,0,NA,NA
"feature_sums[3,4,4]",0,NA,0,0,0,0,0,0,NA,NA
"feature_sums[3,4,5]",2,NA,0,2,2,2,2,2,NA,NA
"feature_sums[3,4,6]",-3,NA,0,-3,-3,-3,-3,-3,NA,NA
"feature_sums[3,4,7]",1,NA,0,1,1,1,1,1,NA,NA
"feature_sums[3,4,8]",3,NA,0,3,3,3,3,3,NA,NA
"feature_sums[3,5,1]",7,NA,0,7,7,7,7,7,NA,NA
"feature_sums[3,5,2]",0,NA,0,0,0,0,0,0,NA,NA
"feature_sums[3,5,3]",0,NA,0,0,0,0,0,0,NA,NA
"feature_sums[3,5,4]",5,NA,0,5,5,5,5,5,NA,NA
"feature_sums[3,5,5]",-2,NA,0,-2,-2,-2,-2,-2,NA,NA
"feature_sums[3,5,6]",-1,NA,0,-1,-1,-1,-1,-1,NA,NA
"feature_sums[3,5,7]",-6,NA,0,-6,-6,-6,-6,-6,NA,NA
"feature_sums[3,5,8]",-5,NA,0,-5,-5,-5,-5,-5,NA,NA
"feature_sums[4,1,1]",-1,NA,0,-1,-1,-1,-1,-1,NA,NA
"feature_sums[4,1,2]",0,NA,0,0,0,0,0,0,NA,NA
"feature_sums[4,1,3]",0,NA,0,0,0,0,0,0,NA,NA
"feature_sums[4,1,4]",8,NA,0,8,8,8,8,8,NA,NA
"feature_sums[4,1,5]",-6,NA,0,-6,-6,-6,-6,-6,NA,NA
"feature_sums[4,1,6]",-4,NA,0,-4,-4,-4,-4,-4,NA,NA
"feature_sums[4,1,7]",9,NA,0,9,9,9,9,9,NA,NA
"feature_sums[4,1,8]",-2,NA,0,-2,-2,-2,-2,-2,NA,NA
"feature_sums[4,2,1]",0,NA,0,0,0,0,0,0,NA,NA
"feature_sums[4,2,2]",-3,NA,0,-3,-3,-3,-3,-3,NA,NA
"feature_sums[4,2,3]",-4,NA,0,-4,-4,-4,-4,-4,NA,NA
"feature_sums[4,2,4]",1,NA,0,1,1,1,1,1,NA,NA
"feature_sums[4,2,5]",-1,NA,0,-1,-1,-1,-1,-1,NA,NA
"feature_sums[4,2,6]",0,NA,0,0,0,0,0,0,NA,NA
"feature_sums[4,2,7]",6,NA,0,6,6,6,6,6,NA,NA
"feature_sums[4,2,8]",3,NA,0,3,3,3,3,3,NA,NA
"feature_sums[4,3,1]",-3,NA,0,-3,-3,-3,-3,-3,NA,NA
"feature_sums[4,3,2]",-7,NA,0,-7,-7,-7,-7,-7,NA,NA
"feature_sums[4,3,3]",1,NA,0,1,1,1,1,1,NA,NA
"feature_sums[4,3,4]",0,NA,0,0,0,0,0,0,NA,NA
"feature_sums[4,3,5]",0,NA,0,0,0,0,0,0,NA,NA
"feature_sums[4,3,6]",6,NA,0,6,6,6,6,6,NA,NA
"feature_sums[4,3,7]",-1,NA,0,-1,-1,-1,-1,-1,NA,NA
"feature_sums[4,3,8]",-2,NA,0,-2,-2,-2,-2,-2,NA,NA
"feature_sums[4,4,1]",-2,NA,0,-2,-2,-2,-2,-2,NA,NA
"feature_sums[4,4,2]",-5,NA,0,-5,-5,-5,-5,-5,NA,NA
"feature_sums[4,4,3]",-5,NA,0,-5,-5,-5,-5,-5,NA,NA
"feature_sums[4,4,4]",-3,NA,0,-3,-3,-3,-3,-3,NA,NA
"feature_sums[4,4,5]",0,NA,0,0,0,0,0,0,NA,NA
"feature_sums[4,4,6]",0,NA,0,0,0,0,0,0,NA,NA
"feature_sums[4,4,7]",2,NA,0,2,2,2,2,2,NA,NA
"feature_sums[4,4,8]",3,NA,0,3,3,3,3,3,NA,NA
"feature_sums[4,5,1]",8,NA,0,8,8,8,8,8,NA,NA
"feature_sums[4,5,2]",-2,NA,0,-2,-2,-2,-2,-2,NA,NA
"feature_sums[4,5,3]",-3,NA,0,-3,-3,-3,-3,-3,NA,NA
"feature_sums[4,5,4]",9,NA,0,9,9,9,9,9,NA,NA
"feature_sums[4,5,5]",-2,NA,0,-2,-2,-2,-2,-2,NA,NA
"feature_sums[4,5,6]",-4,NA,0,-4,-4,-4,-4,-4,NA,NA
"feature_sums[4,5,7]",0,NA,0,0,0,0,0,0,NA,NA
"feature_sums[4,5,8]",0,NA,0,0,0,0,0,0,NA,NA
"feature_sums[5,1,1]",-2,NA,0,-2,-2,-2,-2,-2,NA,NA
"feature_sums[5,1,2]",2,NA,0,2,2,2,2,2,NA,NA
"feature_sums[5,1,3]",4,NA,0,4,4,4,4,4,NA,NA
"feature_sums[5,1,4]",0,NA,0,0,0,0,0,0,NA,NA
"feature_sums[5,1,5]",0,NA,0,0,0,0,0,0,NA,NA
"feature_sums[5,1,6]",-1,NA,0,-1,-1,-1,-1,-1,NA,NA
"feature_sums[5,1,7]",4,NA,0,4,4,4,4,4,NA,NA
"feature_sums[5,1,8]",5,NA,0,5,5,5,5,5,NA,NA
"feature_sums[5,2,1]",-1,NA,0,-1,-1,-1,-1,-1,NA,NA
"feature_sums[5,2,2]",0,NA,0,0,0,0,0,0,NA,NA
"feature_sums[5,2,3]",0,NA,0,0,0,0,0,0,NA,NA
"feature_sums[5,2,4]",-3,NA,0,-3,-3,-3,-3,-3,NA,NA
"feature_sums[5,2,5]",8,NA,0,8,8,8,8,8,NA,NA
"feature_sums[5,2,6]",-3,NA,0,-3,-3,-3,-3,-3,NA,NA
"feature_sums[5,2,7]",-4,NA,0,-4,-4,-4,-4,-4,NA,NA
"feature_sums[5,2,8]",9,NA,0,9,9,9,9,9,NA,NA
"feature_sums[5,3,1]",5,NA,0,5,5,5,5,5,NA,NA
"feature_sums[5,3,2]",7,NA,0,7,7,7,7,7,NA,NA
"feature_sums[5,3,3]",0,NA,0,0,0,0,0,0,NA,NA
"feature_sums[5,3,4]",-2,NA,0,-2,-2,-2,-2,-2,NA,NA
"feature_sums[5,3,5]",4,NA,0,4,4,4,4,4,NA,NA
"feature_sums[5,3,6]",0,NA,0,0,0,0,0,0,NA,NA
"feature_sums[5,3,7]",-1,NA,0,-1,-1,-1,-1,-1,NA,NA
"feature_sums[5,3,8]",3,NA,0,3,3,3,3,3,NA,NA
"feature_sums[5,4,1]",0,NA,0,0,0,0,0,0,NA,NA
"feature_sums[5,4,2]",3,NA,0,3,3,3,3,3,NA,NA
"feature_sums[5,4,3]",6,NA,0,6,6,6,6,6,NA,NA
"feature_sums[5,4,4]",4,NA,0,4,4,4,4,4,NA,NA
"feature_sums[5,4,5]",2,NA,0,2,2,2,2,2,NA,NA
"feature_sums[5,4,6]",0,NA,0,0,0,0,0,0,NA,NA
"feature_sums[5,4,7]",-5,NA,0,-5,-5,-5,-5,-5,NA,NA
"feature_sums[5,4,8]",-4,NA,0,-4,-4,-4,-4,-4,NA,NA
"feature_sums[5,5,1]",-9,NA,0,-9,-9,-9,-9,-9,NA,NA
"feature_sums[5,5,2]",1,NA,0,1,1,1,1,1,NA,NA
"feature_sums[5,5,3]",3,NA,0,3,3,3,3,3,NA,NA
"feature_sums[5,5,4]",-7,NA,0,-7,-7,-7,-7,-7,NA,NA
"feature_sums[5,5,5]",2,NA,0,2,2,2,2,2,NA,NA
"feature_sums[5,5,6]",2,NA,0,2,2,2,2,2,NA,NA
"feature_sums[5,5,7]",0,NA,0,0,0,0,0,0,NA,NA
"feature_sums[5,5,8]",0,NA,0,0,0,0,0,0,NA,NA
"feature_sums[6,1,1]",0,NA,0,0,0,0,0,0,NA,NA
"feature_sums[6,1,2]",-5,NA,0,-5,-5,-5,-5,-5,NA,NA
"feature_sums[6,1,3]",5,NA,0,5,5,5,5,5,NA,NA
"feature_sums[6,1,4]",8,NA,0,8,8,8,8,8,NA,NA
"feature_sums[6,1,5]",1,NA,0,1,1,1,1,1,NA,NA
"feature_sums[6,1,6]",0,NA,0,0,0,0,0,0,NA,NA
"feature_sums[6,1,7]",-5,NA,0,-5,-5,-5,-5,-5,NA,NA
"feature_sums[6,1,8]",-2,NA,0,-2,-2,-2,-2,-2,NA,NA
"feature_sums[6,2,1]",2,NA,0,2,2,2,2,2,NA,NA
"feature_sums[6,2,2]",-4,NA,0,-4,-4,-4,-4,-4,NA,NA
"feature_sums[6,2,3]",-2,NA,0,-2,-2,-2,-2,-2,NA,NA
"feature_sums[6,2,4]",0,NA,0,0,0,0,0,0,NA,NA
"feature_sums[6,2,5]",0,NA,0,0,0,0,0,0,NA,NA
"feature_sums[6,2,6]",-1,NA,0,-1,-1,-1,-1,-1,NA,NA
"feature_sums[6,2,7]",-2,NA,0,-2,-2,-2,-2,-2,NA,NA
"feature_sums[6,2,8]",3,NA,0,3,3,3,3,3,NA,NA
"feature_sums[6,3,1]",0,NA,0,0,0,0,0,0,NA,NA
"feature_sums[6,3,2]",0,NA,0,0,0,0,0,0,NA,NA
"feature_sums[6,3,3]",5,NA,0,5,5,5,5,5,NA,NA
"feature_sums[6,3,4]",-5,NA,0,-5,-5,-5,-5,-5,NA,NA
"feature_sums[6,3,5]",-2,NA,0,-2,-2,-2,-2,-2,NA,NA
"feature_sums[6,3,6]",8,NA,0,8,8,8,8,8,NA,NA
"feature_sums[6,3,7]",-1,NA,0,-1,-1,-1,-1,-1,NA,NA
"feature_sums[6,3,8]",-1,NA,0,-1,-1,-1,-1,-1,NA,NA
"feature_sums[6,4,1]",4,NA,0,4,4,4,4,4,NA,NA
"feature_sums[6,4,2]",8,NA,0,8,8,8,8,8,NA,NA
"feature_sums[6,4,3]",0,NA,0,0,0,0,0,0,NA,NA
"feature_sums[6,4,4]",2,NA,0,2,2,2,2,2,NA,NA
"feature_sums[6,4,5]",4,NA,0,4,4,4,4,4,NA,NA
"feature_sums[6,4,6]",-6,NA,0,-6,-6,-6,-6,-6,NA,NA
"feature_sums[6,4,7]",-4,NA,0,-4,-4,-4,-4,-4,NA,NA
"feature_sums[6,4,8]",0,NA,0,0,0,0,0,0,NA,NA
"feature_sums[6,5,1]",3,NA,0,3,3,3,3,3,NA,NA
"feature_sums[6,5,2]",-3,NA,0,-3,-3,-3,-3,-3,NA,NA
"feature_sums[6,5,3]",-1,NA,0,-1,-1,-1,-1,-1,NA,NA
"feature_sums[6,5,4]",4,NA,0,4,4,4,4,4,NA,NA
"feature_sums[6,5,5]",-5,NA,0,-5,-5,-5,-5,-5,NA,NA
"feature_sums[6,5,6]",-4,NA,0,-4,-4,-4,-4,-4,NA,NA
"feature_sums[6,5,7]",0,NA,0,0,0,0,0,0,NA,NA
"feature_sums[6,5,8]",0,NA,0,0,0,0,0,0,NA,NA
"feature_sums[7,1,1]",8,NA,0,8,8,8,8,8,NA,NA
"feature_sums[7,1,2]",-1,NA,0,-1,-1,-1,-1,-1,NA,NA
"feature_sums[7,1,3]",0,NA,0,0,0,0,0,0,NA,NA
"feature_sums[7,1,4]",6,NA,0,6,6,6,6,6,NA,NA
"feature_sums[7,1,5]",-1,NA,0,-1,-1,-1,-1,-1,NA,NA
"feature_sums[7,1,6]",0,NA,0,0,0,0,0,0,NA,NA
"feature_sums[7,1,7]",4,NA,0,4,4,4,4,4,NA,NA
"feature_sums[7,1,8]",6,NA,0,6,6,6,6,6,NA,NA
"feature_sums[7,2,1]",-8,NA,0,-8,-8,-8,-8,-8,NA,NA
"feature_sums[7,2,2]",-9,NA,0,-9,-9,-9,-9,-9,NA,NA
"feature_sums[7,2,3]",-4,NA,0,-4,-4,-4,-4,-4,NA,NA
"feature_sums[7,2,4]",-3,NA,0,-3,-3,-3,-3,-3,NA,NA
"feature_sums[7,2,5]",0,NA,0,0,0,0,0,0,NA,NA
"feature_sums[7,2,6]",1,NA,0,1,1,1,1,1,NA,NA
"feature_sums[7,2,7]",1,NA,0,1,1,1,1,1,NA,NA
"feature_sums[7,2,8]",0,NA,0,0,0,0,0,0,NA,NA
"feature_sums[7,3,1]",0,NA,0,0,0,0,0,0,NA,NA
"feature_sums[7,3,2]",2,NA,0,2,2,2,2,2,NA,NA
"feature_sums[7,3,3]",-3,NA,0,-3,-3,-3,-3,-3,NA,NA
"feature_sums[7,3,4]",0,NA,0,0,0,0,0,0,NA,NA
"feature_sums[7,3,5]",-2,NA,0,-2,-2,-2,-2,-2,NA,NA
"feature_sums[7,3,6]",7,NA,0,7,7,7,7,7,NA,NA
"feature_sums[7,3,7]",9,NA,0,9,9,9,9,9,NA,NA
"feature_sums[7,3,8]",-5,NA,0,-5,-5,-5,-5,-5,NA,NA
"feature_sums[7,4,1]",3,NA,0,3,3,3,3,3,NA,NA
"feature_sums[7,4,2]",6,NA,0,6,6,6,6,6,NA,NA
"feature_sums[7,4,3]",-3,NA,0,-3,-3,-3,-3,-3,NA,NA
"feature_sums[7,4,4]",3,NA,0,3,3,3,3,3,NA,NA
"feature_sums[7,4,5]",4,NA,0,4,4,4,4,4,NA,NA
"feature_sums[7,4,6]",0,NA,0,0,0,0,0,0,NA,NA
"feature_sums[7,4,7]",0,NA,0,0,0,0,0,0,NA,NA
"feature_sums[7,4,8]",-5,NA,0,-5,-5,-5,-5,-5,NA,NA
"feature_sums[7,5,1]",1,NA,0,1,1,1,1,1,NA,NA
"feature_sums[7,5,2]",0,NA,0,0,0,0,0,0,NA,NA
"feature_sums[7,5,3]",0,NA,0,0,0,0,0,0,NA,NA
"feature_sums[7,5,4]",-5,NA,0,-5,-5,-5,-5,-5,NA,NA
"feature_sums[7,5,5]",-9,NA,0,-9,-9,-9,-9,-9,NA,NA
"feature_sums[7,5,6]",2,NA,0,2,2,2,2,2,NA,NA
"feature_sums[7,5,7]",1,NA,0,1,1,1,1,1,NA,NA
"feature_sums[7,5,8]",-4,NA,0,-4,-4,-4,-4,-4,NA,NA
"feature_sums[8,1,1]",-4,NA,0,-4,-4,-4,-4,-4,NA,NA
"feature_sums[8,1,2]",9,NA,0,9,9,9,9,9,NA,NA
"feature_sums[8,1,3]",8,NA,0,8,8,8,8,8,NA,NA
"feature_sums[8,1,4]",-4,NA,0,-4,-4,-4,-4,-4,NA,NA
"feature_sums[8,1,5]",-1,NA,0,-1,-1,-1,-1,-1,NA,NA
"feature_sums[8,1,6]",-2,NA,0,-2,-2,-2,-2,-2,NA,NA
"feature_sums[8,1,7]",0,NA,0,0,0,0,0,0,NA,NA
"feature_sums[8,1,8]",0,NA,0,0,0,0,0,0,NA,NA
"feature_sums[8,2,1]",4,NA,0,4,4,4,4,4,NA,NA
"feature_sums[8,2,2]",2,NA,0,2,2,2,2,2,NA,NA
"feature_sums[8,2,3]",0,NA,0,0,0,0,0,0,NA,NA
"feature_sums[8,2,4]",3,NA,0,3,3,3,3,3,NA,NA
"feature_sums[8,2,5]",-1,NA,0,-1,-1,-1,-1,-1,NA,NA
"feature_sums[8,2,6]",-3,NA,0,-3,-3,-3,-3,-3,NA,NA
"feature_sums[8,2,7]",-1,NA,0,-1,-1,-1,-1,-1,NA,NA
"feature_sums[8,2,8]",0,NA,0,0,0,0,0,0,NA,NA
"feature_sums[8,3,1]",6,NA,0,6,6,6,6,6,NA,NA
"feature_sums[8,3,2]",8,NA,0,8,8,8,8,8,NA,NA
"feature_sums[8,3,3]",-4,NA,0,-4,-4,-4,-4,-4,NA,NA
"feature_sums[8,3,4]",-5,NA,0,-5,-5,-5,-5,-5,NA,NA
"feature_sums[8,3,5]",4,NA,0,4,4,4,4,4,NA,NA
"feature_sums[8,3,6]",0,NA,0,0,0,0,0,0,NA,NA
"feature_sums[8,3,7]",0,NA,0,0,0,0,0,0,NA,NA
"feature_sums[8,3,8]",3,NA,0,3,3,3,3,3,NA,NA
"feature_sums[8,4,1]",-3,NA,0,-3,-3,-3,-3,-3,NA,NA
"feature_sums[8,4,2]",0,NA,0,0,0,0,0,0,NA,NA
"feature_sums[8,4,3]",-2,NA,0,-2,-2,-2,-2,-2,NA,NA
"feature_sums[8,4,4]",3,NA,0,3,3,3,3,3,NA,NA
"feature_sums[8,4,5]",0,NA,0,0,0,0,0,0,NA,NA
"feature_sums[8,4,6]",-1,NA,0,-1,-1,-1,-1,-1,NA,NA
"feature_sums[8,4,7]",2,NA,0,2,2,2,2,2,NA,NA
"feature_sums[8,4,8]",-5,NA,0,-5,-5,-5,-5,-5,NA,NA
"feature_sums[8,5,1]",0,NA,0,0,0,0,0,0,NA,NA
"feature_sums[8,5,2]",-2,NA,0,-2,-2,-2,-2,-2,NA,NA
"feature_sums[8,5,3]",-8,NA,0,-8,-8,-8,-8,-8,NA,NA
"feature_sums[8,5,4]",0,NA,0,0,0,0,0,0,NA,NA
"feature_sums[8,5,5]",6,NA,0,6,6,6,6,6,NA,NA
"feature_sums[8,5,6]",-6,NA,0,-6,-6,-6,-6,-6,NA,NA
"feature_sums[8,5,7]",-1,NA,0,-1,-1,-1,-1,-1,NA,NA
"feature_sums[8,5,8]",5,NA,0,5,5,5,5,5,NA,NA
"feature_sums[9,1,1]",1,NA,0,1,1,1,1,1,NA,NA
"feature_sums[9,1,2]",-3,NA,0,-3,-3,-3,-3,-3,NA,NA
"feature_sums[9,1,3]",-8,NA,0,-8,-8,-8,-8,-8,NA,NA
"feature_sums[9,1,4]",-3,NA,0,-3,-3,-3,-3,-3,NA,NA
"feature_sums[9,1,5]",0,NA,0,0,0,0,0,0,NA,NA
"feature_sums[9,1,6]",0,NA,0,0,0,0,0,0,NA,NA
"feature_sums[9,1,7]",3,NA,0,3,3,3,3,3,NA,NA
"feature_sums[9,1,8]",2,NA,0,2,2,2,2,2,NA,NA
"feature_sums[9,2,1]",0,NA,0,0,0,0,0,0,NA,NA
"feature_sums[9,2,2]",2,NA,0,2,2,2,2,2,NA,NA
"feature_sums[9,2,3]",5,NA,0,5,5,5,5,5,NA,NA
"feature_sums[9,2,4]",0,NA,0,0,0,0,0,0,NA,NA
"feature_sums[9,2,5]",5,NA,0,5,5,5,5,5,NA,NA
"feature_sums[9,2,6]",7,NA,0,7,7,7,7,7,NA,NA
"feature_sums[9,2,7]",-2,NA,0,-2,-2,-2,-2,-2,NA,NA
"feature_sums[9,2,8]",-1,NA,0,-1,-1,-1,-1,-1,NA,NA
"feature_sums[9,3,1]",1,NA,0,1,1,1,1,1,NA,NA
"feature_sums[9,3,2]",0,NA,0,0,0,0,0,0,NA,NA
"feature_sums[9,3,3]",-1,NA,0,-1,-1,-1,-1,-1,NA,NA
"feature_sums[9,3,4]",-1,NA,0,-1,-1,-1,-1,-1,NA,NA
"feature_sums[9,3,5]",9,NA,0,9,9,9,9,9,NA,NA
"feature_sums[9,3,6]",8,NA,0,8,8,8,8,8,NA,NA
"feature_sums[9,3,7]",0,NA,0,0,0,0,0,0,NA,NA
"feature_sums[9,3,8]",2,NA,0,2,2,2,2,2,NA,NA
"feature_sums[9,4,1]",6,NA,0,6,6,6,6,6,NA,NA
"feature_sums[9,4,2]",0,NA,0,0,0,0,0,0,NA,NA
"feature_sums[9,4,3]",0,NA,0,0,0,0,0,0,NA,NA
"feature_sums[9,4,4]",9,NA,0,9,9,9,9,9,NA,NA
"feature_sums[9,4,5]",1,NA,0,1,1,1,1,1,NA,NA
"feature_sums[9,4,6]",-2,NA,0,-2,-2,-2,-2,-2,NA,NA
"feature_sums[9,4,7]",-3,NA,0,-3,-3,-3,-3,-3,NA,NA
"feature_sums[9,4,8]",-3,NA,0,-3,-3,-3,-3,-3,NA,NA
"feature_sums[9,5,1]",-1,NA,0,-1,-1,-1,-1,-1,NA,NA
"feature_sums[9,5,2]",1,NA,0,1,1,1,1,1,NA,NA
"feature_sums[9,5,3]",7,NA,0,7,7,7,7,7,NA,NA
"feature_sums[9,5,4]",-4,NA,0,-4,-4,-4,-4,-4,NA,NA
"feature_sums[9,5,5]",-3,NA,0,-3,-3,-3,-3,-3,NA,NA
"feature_sums[9,5,6]",6,NA,0,6,6,6,6,6,NA,NA
"feature_sums[9,5,7]",0,NA,0,0,0,0,0,0,NA,NA
"feature_sums[9,5,8]",0,NA,0,0,0,0,0,0,NA,NA
"feature_sums[10,1,1]",-5,NA,0,-5,-5,-5,-5,-5,NA,NA
"feature_sums[10,1,2]",0,NA,0,0,0,0,0,0,NA,NA
"feature_sums[10,1,3]",0,NA,0,0,0,0,0,0,NA,NA
"feature_sums[10,1,4]",-4,NA,0,-4,-4,-4,-4,-4,NA,NA
"feature_sums[10,1,5]",9,NA,0,9,9,9,9,9,NA,NA
"feature_sums[10,1,6]",8,NA,0,8,8,8,8,8,NA,NA
"feature_sums[10,1,7]",-1,NA,0,-1,-1,-1,-1,-1,NA,NA
"feature_sums[10,1,8]",-1,NA,0,-1,-1,-1,-1,-1,NA,NA
"feature_sums[10,2,1]",3,NA,0,3,3,3,3,3,NA,NA
"feature_sums[10,2,2]",3,NA,0,3,3,3,3,3,NA,NA
"feature_sums[10,2,3]",-1,NA,0,-1,-1,-1,-1,-1,NA,NA
"feature_sums[10,2,4]",7,NA,0,7,7,7,7,7,NA,NA
"feature_sums[10,2,5]",5,NA,0,5,5,5,5,5,NA,NA
"feature_sums[10,2,6]",0,NA,0,0,0,0,0,0,NA,NA
"feature_sums[10,2,7]",0,NA,0,0,0,0,0,0,NA,NA
"feature_sums[10,2,8]",-3,NA,0,-3,-3,-3,-3,-3,NA,NA
"feature_sums[10,3,1]",2,NA,0,2,2,2,2,2,NA,NA
"feature_sums[10,3,2]",6,NA,0,6,6,6,6,6,NA,NA
"feature_sums[10,3,3]",0,NA,0,0,0,0,0,0,NA,NA
"feature_sums[10,3,4]",0,NA,0,0,0,0,0,0,NA,NA
"feature_sums[10,3,5]",-6,NA,0,-6,-6,-6,-6,-6,NA,NA
"feature_sums[10,3,6]",-8,NA,0,-8,-8,-8,-8,-8,NA,NA
"feature_sums[10,3,7]",3,NA,0,3,3,3,3,3,NA,NA
"feature_sums[10,3,8]",1,NA,0,1,1,1,1,1,NA,NA
"feature_sums[10,4,1]",-8,NA,0,-8,-8,-8,-8,-8,NA,NA
"feature_sums[10,4,2]",4,NA,0,4,4,4,4,4,NA,NA
"feature_sums[10,4,3]",2,NA,0,2,2,2,2,2,NA,NA
"feature_sums[10,4,4]",0,NA,0,0,0,0,0,0,NA,NA
"feature_sums[10,4,5]",0,NA,0,0,0,0,0,0,NA,NA
"feature_sums[10,4,6]",2,NA,0,2,2,2,2,2,NA,NA
"feature_sums[10,4,7]",3,NA,0,3,3,3,3,3,NA,NA
"feature_sums[10,4,8]",-9,NA,0,-9,-9,-9,-9,-9,NA,NA
"feature_sums[10,5,1]",0,NA,0,0,0,0,0,0,NA,NA
"feature_sums[10,5,2]",-9,NA,0,-9,-9,-9,-9,-9,NA,NA
"feature_sums[10,5,3]",-1,NA,0,-1,-1,-1,-1,-1,NA,NA
"feature_sums[10,5,4]",3,NA,0,3,3,3,3,3,NA,NA
"feature_sums[10,5,5]",5,NA,0,5,5,5,5,5,NA,NA
"feature_sums[10,5,6]",3,NA,0,3,3,3,3,3,NA,NA
"feature_sums[10,5,7]",-7,NA,0,-7,-7,-7,-7,-7,NA,NA
"feature_sums[10,5,8]",0,NA,0,0,0,0,0,0,NA,NA
"feature_sums[11,1,1]",2,NA,0,2,2,2,2,2,NA,NA
"feature_sums[11,1,2]",-1,NA,0,-1,-1,-1,-1,-1,NA,NA
"feature_sums[11,1,3]",-8,NA,0,-8,-8,-8,-8,-8,NA,NA
"feature_sums[11,1,4]",6,NA,0,6,6,6,6,6,NA,NA
"feature_sums[11,1,5]",0,NA,0,0,0,0,0,0,NA,NA
"feature_sums[11,1,6]",0,NA,0,0,0,0,0,0,NA,NA
"feature_sums[11,1,7]",5,NA,0,5,5,5,5,5,NA,NA
"feature_sums[11,1,8]",-6,NA,0,-6,-6,-6,-6,-6,NA,NA
"feature_sums[11,2,1]",6,NA,0,6,6,6,6,6,NA,NA
"feature_sums[11,2,2]",7,NA,0,7,7,7,7,7,NA,NA
"feature_sums[11,2,3]",6,NA,0,6,6,6,6,6,NA,NA
"feature_sums[11,2,4]",5,NA,0,5,5,5,5,5,NA,NA
"feature_sums[11,2,5]",-2,NA,0,-2,-2,-2,-2,-2,NA,NA
"feature_sums[11,2,6]",-2,NA,0,-2,-2,-2,-2,-2,NA,NA
"feature_sums[11,2,7]",0,NA,0,0,0,0,0,0,NA,NA
"feature_sums[11,2,8]",0,NA,0,0,0,0,0,0,NA,NA
"feature_sums[11,3,1]",0,NA,0,0,0,0,0,0,NA,NA
"feature_sums[11,3,2]",-1,NA,0,-1,-1,-1,-1,-1,NA,NA
"feature_sums[11,3,3]",-2,NA,0,-2,-2,-2,-2,-2,NA,NA
"feature_sums[11,3,4]",0,NA,0,0,0,0,0,0,NA,NA
"feature_sums[11,3,5]",5,NA,0,5,5,5,5,5,NA,NA
"feature_sums[11,3,6]",9,NA,0,9,9,9,9,9,NA,NA
"feature_sums[11,3,7]",4,NA,0,4,4,4,4,4,NA,NA
"feature_sums[11,3,8]",-1,NA,0,-1,-1,-1,-1,-1,NA,NA
"feature_sums[11,4,1]",-1,NA,0,-1,-1,-1,-1,-1,NA,NA
"feature_sums[11,4,2]",0,NA,0,0,0,0,0,0,NA,NA
"feature_sums[11,4,3]",0,NA,0,0,0,0,0,0,NA,NA
"feature_sums[11,4,4]",3,NA,0,3,3,3,3,3,NA,NA
"feature_sums[11,4,5]",6,NA,0,6,6,6,6,6,NA,NA
"feature_sums[11,4,6]",4,NA,0,4,4,4,4,4,NA,NA
"feature_sums[11,4,7]",-1,NA,0,-1,-1,-1,-1,-1,NA,NA
"feature_sums[11,4,8]",-3,NA,0,-3,-3,-3,-3,-3,NA,NA
"feature_sums[11,5,1]",-2,NA,0,-2,-2,-2,-2,-2,NA,NA
"feature_sums[11,5,2]",-1,NA,0,-1,-1,-1,-1,-1,NA,NA
"feature_sums[11,5,3]",4,NA,0,4,4,4,4,4,NA,NA
"feature_sums[11,5,4]",1,NA,0,1,1,1,1,1,NA,NA
"feature_sums[11,5,5]",0,NA,0,0,0,0,0,0,NA,NA
"feature_sums[11,5,6]",3,NA,0,3,3,3,3,3,NA,NA
"feature_sums[11,5,7]",1,NA,0,1,1,1,1,1,NA,NA
"feature_sums[11,5,8]",0,NA,0,0,0,0,0,0,NA,NA
"feature_sums[12,1,1]",-1,NA,0,-1,-1,-1,-1,-1,NA,NA
"feature_sums[12,1,2]",2,NA,0,2,2,2,2,2,NA,NA
"feature_sums[12,1,3]",-1,NA,0,-1,-1,-1,-1,-1,NA,NA
"feature_sums[12,1,4]",1,NA,0,1,1,1,1,1,NA,NA
"feature_sums[12,1,5]",3,NA,0,3,3,3,3,3,NA,NA
"feature_sums[12,1,6]",-2,NA,0,-2,-2,-2,-2,-2,NA,NA
"feature_sums[12,1,7]",0,NA,0,0,0,0,0,0,NA,NA
"feature_sums[12,1,8]",0,NA,0,0,0,0,0,0,NA,NA
"feature_sums[12,2,1]",6,NA,0,6,6,6,6,6,NA,NA
"feature_sums[12,2,2]",-1,NA,0,-1,-1,-1,-1,-1,NA,NA
"feature_sums[12,2,3]",-2,NA,0,-2,-2,-2,-2,-2,NA,NA
"feature_sums[12,2,4]",0,NA,0,0,0,0,0,0,NA,NA
"feature_sums[12,2,5]",0,NA,0,0,0,0,0,0,NA,NA
"feature_sums[12,2,6]",3,NA,0,3,3,3,3,3,NA,NA
"feature_sums[12,2,7]",-5,NA,0,-5,-5,-5,-5,-5,NA,NA
"feature_sums[12,2,8]",-3,NA,0,-3,-3,-3,-3,-3,NA,NA
"feature_sums[12,3,1]",0,NA,0,0,0,0,0,0,NA,NA
"feature_sums[12,3,2]",0,NA,0,0,0,0,0,0,NA,NA
"feature_sums[12,3,3]",-7,NA,0,-7,-7,-7,-7,-7,NA,NA
"feature_sums[12,3,4]",-4,NA,0,-4,-4,-4,-4,-4,NA,NA
"feature_sums[12,3,5]",2,NA,0,2,2,2,2,2,NA,NA
"feature_sums[12,3,6]",3,NA,0,3,3,3,3,3,NA,NA
"feature_sums[12,3,7]",8,NA,0,8,8,8,8,8,NA,NA
"feature_sums[12,3,8]",4,NA,0,4,4,4,4,4,NA,NA
"feature_sums[12,4,1]",4,NA,0,4,4,4,4,4,NA,NA
"feature_sums[12,4,2]",-5,NA,0,-5,-5,-5,-5,-5,NA,NA
"feature_sums[12,4,3]",0,NA,0,0,0,0,0,0,NA,NA
"feature_sums[12,4,4]",2,NA,0,2,2,2,2,2,NA,NA
"feature_sums[12,4,5]",-6,NA,0,-6,-6,-6,-6,-6,NA,NA
"feature_sums[12,4,6]",0,NA,0,0,0,0,0,0,NA,NA
"feature_sums[12,4,7]",1,NA,0,1,1,1,1,1,NA,NA
"feature_sums[12,4,8]",2,NA,0,2,2,2,2,2,NA,NA
"feature_sums[12,5,1]",-3,NA,0,-3,-3,-3,-3,-3,NA,NA
"feature_sums[12,5,2]",-7,NA,0,-7,-7,-7,-7,-7,NA,NA
"feature_sums[12,5,3]",3,NA,0,3,3,3,3,3,NA,NA
"feature_sums[12,5,4]",0,NA,0,0,0,0,0,0,NA,NA
"feature_sums[12,5,5]",-2,NA,0,-2,-2,-2,-2,-2,NA,NA
"feature_sums[12,5,6]",4,NA,0,4,4,4,4,4,NA,NA
"feature_sums[12,5,7]",0,NA,0,0,0,0,0,0,NA,NA
"feature_sums[12,5,8]",1,NA,0,1,1,1,1,1,NA,NA
"feature_sums[13,1,1]",2,NA,0,2,2,2,2,2,NA,NA
"feature_sums[13,1,2]",-6,NA,0,-6,-6,-6,-6,-6,NA,NA
"feature_sums[13,1,3]",0,NA,0,0,0,0,0,0,NA,NA
"feature_sums[13,1,4]",6,NA,0,6,6,6,6,6,NA,NA
"feature_sums[13,1,5]",-4,NA,0,-4,-4,-4,-4,-4,NA,NA
"feature_sums[13,1,6]",0,NA,0,0,0,0,0,0,NA,NA
"feature_sums[13,1,7]",3,NA,0,3,3,3,3,3,NA,NA
"feature_sums[13,1,8]",1,NA,0,1,1,1,1,1,NA,NA
"feature_sums[13,2,1]",-1,NA,0,-1,-1,-1,-1,-1,NA,NA
"feature_sums[13,2,2]",-3,NA,0,-3,-3,-3,-3,-3,NA,NA
"feature_sums[13,2,3]",-7,NA,0,-7,-7,-7,-7,-7,NA,NA
"feature_sums[13,2,4]",6,NA,0,6,6,6,6,6,NA,NA
"feature_sums[13,2,5]",5,NA,0,5,5,5,5,5,NA,NA
"feature_sums[13,2,6]",-6,NA,0,-6,-6,-6,-6,-6,NA,NA
"feature_sums[13,2,7]",0,NA,0,0,0,0,0,0,NA,NA
"feature_sums[13,2,8]",0,NA,0,0,0,0,0,0,NA,NA
"feature_sums[13,3,1]",0,NA,0,0,0,0,0,0,NA,NA
"feature_sums[13,3,2]",-5,NA,0,-5,-5,-5,-5,-5,NA,NA
"feature_sums[13,3,3]",4,NA,0,4,4,4,4,4,NA,NA
"feature_sums[13,3,4]",0,NA,0,0,0,0,0,0,NA,NA
"feature_sums[13,3,5]",-5,NA,0,-5,-5,-5,-5,-5,NA,NA
"feature_sums[13,3,6]",-1,NA,0,-1,-1,-1,-1,-1,NA,NA
"feature_sums[13,3,7]",-2,NA,0,-2,-2,-2,-2,-2,NA,NA
"feature_sums[13,3,8]",3,NA,0,3,3,3,3,3,NA,NA
"feature_sums[13,4,1]",1,NA,0,1,1,1,1,1,NA,NA
"feature_sums[13,4,2]",-3,NA,0,-3,-3,-3,-3,-3,NA,NA
"feature_sums[13,4,3]",4,NA,0,4,4,4,4,4,NA,NA
"feature_sums[13,4,4]",1,NA,0,1,1,1,1,1,NA,NA
"feature_sums[13,4,5]",0,NA,0,0,0,0,0,0,NA,NA
"feature_sums[13,4,6]",0,NA,0,0,0,0,0,0,NA,NA
"feature_sums[13,4,7]",-4,NA,0,-4,-4,-4,-4,-4,NA,NA
"feature_sums[13,4,8]",3,NA,0,3,3,3,3,3,NA,NA
"feature_sums[13,5,1]",7,NA,0,7,7,7,7,7,NA,NA
"feature_sums[13,5,2]",0,NA,0,0,0,0,0,0,NA,NA
"feature_sums[13,5,3]",-3,NA,0,-3,-3,-3,-3,-3,NA,NA
"feature_sums[13,5,4]",6,NA,0,6,6,6,6,6,NA,NA
"feature_sums[13,5,5]",0,NA,0,0,0,0,0,0,NA,NA
"feature_sums[13,5,6]",-3,NA,0,-3,-3,-3,-3,-3,NA,NA
"feature_sums[13,5,7]",-6,NA,0,-6,-6,-6,-6,-6,NA,NA
"feature_sums[13,5,8]",-5,NA,0,-5,-5,-5,-5,-5,NA,NA
"feature_sums[14,1,1]",9,NA,0,9,9,9,9,9,NA,NA
"feature_sums[14,1,2]",8,NA,0,8,8,8,8,8,NA,NA
"feature_sums[14,1,3]",0,NA,0,0,0,0,0,0,NA,NA
"feature_sums[14,1,4]",-3,NA,0,-3,-3,-3,-3,-3,NA,NA
"feature_sums[14,1,5]",-3,NA,0,-3,-3,-3,-3,-3,NA,NA
"feature_sums[14,1,6]",0,NA,0,0,0,0,0,0,NA,NA
"feature_sums[14,1,7]",-4,NA,0,-4,-4,-4,-4,-4,NA,NA
"feature_sums[14,1,8]",-3,NA,0,-3,-3,-3,-3,-3,NA,NA
"feature_sums[14,2,1]",-6,NA,0,-6,-6,-6,-6,-6,NA,NA
"feature_sums[14,2,2]",-2,NA,0,-2,-2,-2,-2,-2,NA,NA
"feature_sums[14,2,3]",1,NA,0,1,1,1,1,1,NA,NA
"feature_sums[14,2,4]",3,NA,0,3,3,3,3,3,NA,NA
"feature_sums[14,2,5]",0,NA,0,0,0,0,0,0,NA,NA
"feature_sums[14,2,6]",1,NA,0,1,1,1,1,1,NA,NA
"feature_sums[14,2,7]",7,NA,0,7,7,7,7,7,NA,NA
"feature_sums[14,2,8]",0,NA,0,0,0,0,0,0,NA,NA
"feature_sums[14,3,1]",-1,NA,0,-1,-1,-1,-1,-1,NA,NA
"feature_sums[14,3,2]",-4,NA,0,-4,-4,-4,-4,-4,NA,NA
"feature_sums[14,3,3]",-1,NA,0,-1,-1,-1,-1,-1,NA,NA
"feature_sums[14,3,4]",0,NA,0,0,0,0,0,0,NA,NA
"feature_sums[14,3,5]",5,NA,0,5,5,5,5,5,NA,NA
"feature_sums[14,3,6]",2,NA,0,2,2,2,2,2,NA,NA
"feature_sums[14,3,7]",0,NA,0,0,0,0,0,0,NA,NA
"feature_sums[14,3,8]",5,NA,0,5,5,5,5,5,NA,NA
"feature_sums[14,4,1]",0,NA,0,0,0,0,0,0,NA,NA
"feature_sums[14,4,2]",1,NA,0,1,1,1,1,1,NA,NA
"feature_sums[14,4,3]",-3,NA,0,-3,-3,-3,-3,-3,NA,NA
"feature_sums[14,4,4]",-2,NA,0,-2,-2,-2,-2,-2,NA,NA
"feature_sums[14,4,5]",3,NA,0,3,3,3,3,3,NA,NA
"feature_sums[14,4,6]",0,NA,0,0,0,0,0,0,NA,NA
"feature_sums[14,4,7]",-9,NA,0,-9,-9,-9,-9,-9,NA,NA
"feature_sums[14,4,8]",-8,NA,0,-8,-8,-8,-8,-8,NA,NA
"feature_sums[14,5,1]",3,NA,0,3,3,3,3,3,NA,NA
"feature_sums[14,5,2]",0,NA,0,0,0,0,0,0,NA,NA
"feature_sums[14,5,3]",-8,NA,0,-8,-8,-8,-8,-8,NA,NA
"feature_sums[14,5,4]",5,NA,0,5,5,5,5,5,NA,NA
"feature_sums[14,5,5]",0,NA,0,0,0,0,0,0,NA,NA
"feature_sums[14,5,6]",4,NA,0,4,4,4,4,4,NA,NA
"feature_sums[14,5,7]",8,NA,0,8,8,8,8,8,NA,NA
"feature_sums[14,5,8]",-6,NA,0,-6,-6,-6,-6,-6,NA,NA
"feature_sums[15,1,1]",0,NA,0,0,0,0,0,0,NA,NA
"feature_sums[15,1,2]",1,NA,0,1,1,1,1,1,NA,NA
"feature_sums[15,1,3]",-8,NA,0,-8,-8,-8,-8,-8,NA,NA
"feature_sums[15,1,4]",-7,NA,0,-7,-7,-7,-7,-7,NA,NA
"feature_sums[15,1,5]",1,NA,0,1,1,1,1,1,NA,NA
"feature_sums[15,1,6]",3,NA,0,3,3,3,3,3,NA,NA
"feature_sums[15,1,7]",4,NA,0,4,4,4,4,4,NA,NA
"feature_sums[15,1,8]",0,NA,0,0,0,0,0,0,NA,NA
"feature_sums[15,2,1]",-6,NA,0,-6,-6,-6,-6,-6,NA,NA
"feature_sums[15,2,2]",-2,NA,0,-2,-2,-2,-2,-2,NA,NA
"feature_sums[15,2,3]",0,NA,0,0,0,0,0,0,NA,NA
"feature_sums[15,2,4]",2,NA,0,2,2,2,2,2,NA,NA
"feature_sums[15,2,5]",-2,NA,0,-2,-2,-2,-2,-2,NA,NA
"feature_sums[15,2,6]",0,NA,0,0,0,0,0,0,NA,NA
"feature_sums[15,2,7]",3,NA,0,3,3,3,3,3,NA,NA
"feature_sums[15,2,8]",-5,NA,0,-5,-5,-5,-5,-5,NA,NA
"feature_sums[15,3,1]",4,NA,0,4,4,4,4,4,NA,NA
"feature_sums[15,3,2]",1,NA,0,1,1,1,1,1,NA,NA
"feature_sums[15,3,3]",3,NA,0,3,3,3,3,3,NA,NA
"feature_sums[15,3,4]",0,NA,0,0,0,0,0,0,NA,NA
"feature_sums[15,3,5]",0,NA,0,0,0,0,0,0,NA,NA
"feature_sums[15,3,6]",5,NA,0,5,5,5,5,5,NA,NA
"feature_sums[15,3,7]",-2,NA,0,-2,-2,-2,-2,-2,NA,NA
"feature_sums[15,3,8]",-1,NA,0,-1,-1,-1,-1,-1,NA,NA
"feature_sums[15,4,1]",-4,NA,0,-4,-4,-4,-4,-4,NA,NA
"feature_sums[15,4,2]",0,NA,0,0,0,0,0,0,NA,NA
"feature_sums[15,4,3]",-1,NA,0,-1,-1,-1,-1,-1,NA,NA
"feature_sums[15,4,4]",-6,NA,0,-6,-6,-6,-6,-6,NA,NA
"feature_sums[15,4,5]",0,NA,0,0,0,0,0,0,NA,NA
"feature_sums[15,4,6]",-3,NA,0,-3,-3,-3,-3,-3,NA,NA
"feature_sums[15,4,7]",1,NA,0,1,1,1,1,1,NA,NA
"feature_sums[15,4,8]",5,NA,0,5,5,5,5,5,NA,NA
"feature_sums[15,5,1]",-4,NA,0,-4,-4,-4,-4,-4,NA,NA
"feature_sums[15,5,2]",6,NA,0,6,6,6,6,6,NA,NA
"feature_sums[15,5,3]",5,NA,0,5,5,5,5,5,NA,NA
"feature_sums[15,5,4]",-7,NA,0,-7,-7,-7,-7,-7,NA,NA
"feature_sums[15,5,5]",-4,NA,0,-4,-4,-4,-4,-4,NA,NA
"feature_sums[15,5,6]",0,NA,0,0,0,0,0,0,NA,NA
"feature_sums[15,5,7]",0,NA,0,0,0,0,0,0,NA,NA
"feature_sums[15,5,8]",-2,NA,0,-2,-2,-2,-2,-2,NA,NA
"feature_sums[16,1,1]",0,NA,0,0,0,0,0,0,NA,NA
"feature_sums[16,1,2]",2,NA,0,2,2,2,2,2,NA,NA
"feature_sums[16,1,3]",5,NA,0,5,5,5,5,5,NA,NA
"feature_sums[16,1,4]",0,NA,0,0,0,0,0,0,NA,NA
"feature_sums[16,1,5]",5,NA,0,5,5,5,5,5,NA,NA
"feature_sums[16,1,6]",-2,NA,0,-2,-2,-2,-2,-2,NA,NA
"feature_sums[16,1,7]",-3,NA,0,-3,-3,-3,-3,-3,NA,NA
"feature_sums[16,1,8]",7,NA,0,7,7,7,7,7,NA,NA
"feature_sums[16,2,1]",5,NA,0,5,5,5,5,5,NA,NA
"feature_sums[16,2,2]",5,NA,0,5,5,5,5,5,NA,NA
"feature_sums[16,2,3]",1,NA,0,1,1,1,1,1,NA,NA
"feature_sums[16,2,4]",-7,NA,0,-7,-7,-7,-7,-7,NA,NA
"feature_sums[16,2,5]",0,NA,0,0,0,0,0,0,NA,NA
"feature_sums[16,2,6]",0,NA,0,0,0,0,0,0,NA,NA
"feature_sums[16,2,7]",-5,NA,0,-5,-5,-5,-5,-5,NA,NA
"feature_sums[16,2,8]",3,NA,0,3,3,3,3,3,NA,NA
"feature_sums[16,3,1]",0,NA,0,0,0,0,0,0,NA,NA
"feature_sums[16,3,2]",0,NA,0,0,0,0,0,0,NA,NA
"feature_sums[16,3,3]",-1,NA,0,-1,-1,-1,-1,-1,NA,NA
"feature_sums[16,3,4]",2,NA,0,2,2,2,2,2,NA,NA
"feature_sums[16,3,5]",-1,NA,0,-1,-1,-1,-1,-1,NA,NA
"feature_sums[16,3,6]",-2,NA,0,-2,-2,-2,-2,-2,NA,NA
"feature_sums[16,3,7]",6,NA,0,6,6,6,6,6,NA,NA
"feature_sums[16,3,8]",4,NA,0,4,4,4,4,4,NA,NA
"feature_sums[16,4,1]",-3,NA,0,-3,-3,-3,-3,-3,NA,NA
"feature_sums[16,4,2]",-7,NA,0,-7,-7,-7,-7,-7,NA,NA
"feature_sums[16,4,3]",-6,NA,0,-6,-6,-6,-6,-6,NA,NA
"feature_sums[16,4,4]",1,NA,0,1,1,1,1,1,NA,NA
"feature_sums[16,4,5]",4,NA,0,4,4,4,4,4,NA,NA
"feature_sums[16,4,6]",1,NA,0,1,1,1,1,1,NA,NA
"feature_sums[16,4,7]",0,NA,0,0,0,0,0,0,NA,NA
"feature_sums[16,4,8]",0,NA,0,0,0,0,0,0,NA,NA
"feature_sums[16,5,1]",-2,NA,0,-2,-2,-2,-2,-2,NA,NA
"feature_sums[16,5,2]",-2,NA,0,-2,-2,-2,-2,-2,NA,NA
"feature_sums[16,5,3]",0,NA,0,0,0,0,0,0,NA,NA
"feature_sums[16,5,4]",0,NA,0,0,0,0,0,0,NA,NA
"feature_sums[16,5,5]",-3,NA,0,-3,-3,-3,-3,-3,NA,NA
"feature_sums[16,5,6]",-7,NA,0,-7,-7,-7,-7,-7,NA,NA
"feature_sums[16,5,7]",1,NA,0,1,1,1,1,1,NA,NA
"feature_sums[16,5,8]",5,NA,0,5,5,5,5,5,NA,NA
"feature_sums[17,1,1]",5,NA,0,5,5,5,5,5,NA,NA
"feature_sums[17,1,2]",0,NA,0,0,0,0,0,0,NA,NA
"feature_sums[17,1,3]",5,NA,0,5,5,5,5,5,NA,NA
"feature_sums[17,1,4]",-1,NA,0,-1,-1,-1,-1,-1,NA,NA
"feature_sums[17,1,5]",-5,NA,0,-5,-5,-5,-5,-5,NA,NA
"feature_sums[17,1,6]",8,NA,0,8,8,8,8,8,NA,NA
"feature_sums[17,1,7]",0,NA,0,0,0,0,0,0,NA,NA
"feature_sums[17,1,8]",-2,NA,0,-2,-2,-2,-2,-2,NA,NA
"feature_sums[17,2,1]",1,NA,0,1,1,1,1,1,NA,NA
"feature_sums[17,2,2]",0,NA,0,0,0,0,0,0,NA,NA
"feature_sums[17,2,3]",-9,NA,0,-9,-9,-9,-9,-9,NA,NA
"feature_sums[17,2,4]",-3,NA,0,-3,-3,-3,-3,-3,NA,NA
"feature_sums[17,2,5]",0,NA,0,0,0,0,0,0,NA,NA
"feature_sums[17,2,6]",5,NA,0,5,5,5,5,5,NA,NA
"feature_sums[17,2,7]",3,NA,0,3,3,3,3,3,NA,NA
"feature_sums[17,2,8]",-7,NA,0,-7,-7,-7,-7,-7,NA,NA
"feature_sums[17,3,1]",-5,NA,0,-5,-5,-5,-5,-5,NA,NA
"feature_sums[17,3,2]",2,NA,0,2,2,2,2,2,NA,NA
"feature_sums[17,3,3]",0,NA,0,0,0,0,0,0,NA,NA
"feature_sums[17,3,4]",0,NA,0,0,0,0,0,0,NA,NA
"feature_sums[17,3,5]",3,NA,0,3,3,3,3,3,NA,NA
"feature_sums[17,3,6]",-7,NA,0,-7,-7,-7,-7,-7,NA,NA
"feature_sums[17,3,7]",1,NA,0,1,1,1,1,1,NA,NA
"feature_sums[17,3,8]",4,NA,0,4,4,4,4,4,NA,NA
"feature_sums[17,4,1]",-6,NA,0,-6,-6,-6,-6,-6,NA,NA
"feature_sums[17,4,2]",-3,NA,0,-3,-3,-3,-3,-3,NA,NA
"feature_sums[17,4,3]",-2,NA,0,-2,-2,-2,-2,-2,NA,NA
"feature_sums[17,4,4]",-7,NA,0,-7,-7,-7,-7,-7,NA,NA
"feature_sums[17,4,5]",0,NA,0,0,0,0,0,0,NA,NA
"feature_sums[17,4,6]",3,NA,0,3,3,3,3,3,NA,NA
"feature_sums[17,4,7]",1,NA,0,1,1,1,1,1,NA,NA
"feature_sums[17,4,8]",0,NA,0,0,0,0,0,0,NA,NA
"feature_sums[17,5,1]",0,NA,0,0,0,0,0,0,NA,NA
"feature_sums[17,5,2]",1,NA,0,1,1,1,1,1,NA,NA
"feature_sums[17,5,3]",6,NA,0,6,6,6,6,6,NA,NA
"feature_sums[17,5,4]",5,NA,0,5,5,5,5,5,NA,NA
"feature_sums[17,5,5]",1,NA,0,1,1,1,1,1,NA,NA
"feature_sums[17,5,6]",0,NA,0,0,0,0,0,0,NA,NA
"feature_sums[17,5,7]",-2,NA,0,-2,-2,-2,-2,-2,NA,NA
"feature_sums[17,5,8]",-1,NA,0,-1,-1,-1,-1,-1,NA,NA
"feature_sums[18,1,1]",0,NA,0,0,0,0,0,0,NA,NA
"feature_sums[18,1,2]",3,NA,0,3,3,3,3,3,NA,NA
"feature_sums[18,1,3]",5,NA,0,5,5,5,5,5,NA,NA
"feature_sums[18,1,4]",0,NA,0,0,0,0,0,0,NA,NA
"feature_sums[18,1,5]",-2,NA,0,-2,-2,-2,-2,-2,NA,NA
"feature_sums[18,1,6]",-1,NA,0,-1,-1,-1,-1,-1,NA,NA
"feature_sums[18,1,7]",-4,NA,0,-4,-4,-4,-4,-4,NA,NA
"feature_sums[18,1,8]",-3,NA,0,-3,-3,-3,-3,-3,NA,NA
"feature_sums[18,2,1]",1,NA,0,1,1,1,1,1,NA,NA
"feature_sums[18,2,2]",1,NA,0,1,1,1,1,1,NA,NA
"feature_sums[18,2,3]",5,NA,0,5,5,5,5,5,NA,NA
"feature_sums[18,2,4]",2,NA,0,2,2,2,2,2,NA,NA
"feature_sums[18,2,5]",0,NA,0,0,0,0,0,0,NA,NA
"feature_sums[18,2,6]",0,NA,0,0,0,0,0,0,NA,NA
"feature_sums[18,2,7]",-7,NA,0,-7,-7,-7,-7,-7,NA,NA
"feature_sums[18,2,8]",-4,NA,0,-4,-4,-4,-4,-4,NA,NA
"feature_sums[18,3,1]",5,NA,0,5,5,5,5,5,NA,NA
"feature_sums[18,3,2]",2,NA,0,2,2,2,2,2,NA,NA
"feature_sums[18,3,3]",0,NA,0,0,0,0,0,0,NA,NA
"feature_sums[18,3,4]",0,NA,0,0,0,0,0,0,NA,NA
"feature_sums[18,3,5]",-5,NA,0,-5,-5,-5,-5,-5,NA,NA
"feature_sums[18,3,6]",3,NA,0,3,3,3,3,3,NA,NA
"feature_sums[18,3,7]",1,NA,0,1,1,1,1,1,NA,NA
"feature_sums[18,3,8]",-4,NA,0,-4,-4,-4,-4,-4,NA,NA
"feature_sums[18,4,1]",-1,NA,0,-1,-1,-1,-1,-1,NA,NA
"feature_sums[18,4,2]",-9,NA,0,-9,-9,-9,-9,-9,NA,NA
"feature_sums[18,4,3]",-7,NA,0,-7,-7,-7,-7,-7,NA,NA
"feature_sums[18,4,4]",1,NA,0,1,1,1,1,1,NA,NA
"feature_sums[18,4,5]",2,NA,0,2,2,2,2,2,NA,NA
"feature_sums[18,4,6]",2,NA,0,2,2,2,2,2,NA,NA
"feature_sums[18,4,7]",0,NA,0,0,0,0,0,0,NA,NA
"feature_sums[18,4,8]",0,NA,0,0,0,0,0,0,NA,NA
"feature_sums[18,5,1]",0,NA,0,0,0,0,0,0,NA,NA
"feature_sums[18,5,2]",0,NA,0,0,0,0,0,0,NA,NA
"feature_sums[18,5,3]",2,NA,0,2,2,2,2,2,NA,NA
"feature_sums[18,5,4]",3,NA,0,3,3,3,3,3,NA,NA
"feature_sums[18,5,5]",-9,NA,0,-9,-9,-9,-9,-9,NA,NA
"feature_sums[18,5,6]",-8,NA,0,-8,-8,-8,-8,-8,NA,NA
"feature_sums[18,5,7]",4,NA,0,4,4,4,4,4,NA,NA
"feature_sums[18,5,8]",2,NA,0,2,2,2,2,2,NA,NA
"feature_sums[19,1,1]",7,NA,0,7,7,7,7,7,NA,NA
"feature_sums[19,1,2]",3,NA,0,3,3,3,3,3,NA,NA
"feature_sums[19,1,3]",0,NA,0,0,0,0,0,0,NA,NA
"feature_sums[19,1,4]",-3,NA,0,-3,-3,-3,-3,-3,NA,NA
"feature_sums[19,1,5]",2,NA,0,2,2,2,2,2,NA,NA
"feature_sums[19,1,6]",0,NA,0,0,0,0,0,0,NA,NA
"feature_sums[19,1,7]",-4,NA,0,-4,-4,-4,-4,-4,NA,NA
"feature_sums[19,1,8]",5,NA,0,5,5,5,5,5,NA,NA
"feature_sums[19,2,1]",3,NA,0,3,3,3,3,3,NA,NA
"feature_sums[19,2,2]",6,NA,0,6,6,6,6,6,NA,NA
"feature_sums[19,2,3]",-4,NA,0,-4,-4,-4,-4,-4,NA,NA
"feature_sums[19,2,4]",-6,NA,0,-6,-6,-6,-6,-6,NA,NA
"feature_sums[19,2,5]",0,NA,0,0,0,0,0,0,NA,NA
"feature_sums[19,2,6]",0,NA,0,0,0,0,0,0,NA,NA
"feature_sums[19,2,7]",3,NA,0,3,3,3,3,3,NA,NA
"feature_sums[19,2,8]",2,NA,0,2,2,2,2,2,NA,NA
"feature_sums[19,3,1]",-1,NA,0,-1,-1,-1,-1,-1,NA,NA
"feature_sums[19,3,2]",-5,NA,0,-5,-5,-5,-5,-5,NA,NA
"feature_sums[19,3,3]",6,NA,0,6,6,6,6,6,NA,NA
"feature_sums[19,3,4]",4,NA,0,4,4,4,4,4,NA,NA
"feature_sums[19,3,5]",0,NA,0,0,0,0,0,0,NA,NA
"feature_sums[19,3,6]",5,NA,0,5,5,5,5,5,NA,NA
"feature_sums[19,3,7]",-1,NA,0,-1,-1,-1,-1,-1,NA,NA
"feature_sums[19,3,8]",0,NA,0,0,0,0,0,0,NA,NA
"feature_sums[19,4,1]",5,NA,0,5,5,5,5,5,NA,NA
"feature_sums[19,4,2]",0,NA,0,0,0,0,0,0,NA,NA
"feature_sums[19,4,3]",-7,NA,0,-7,-7,-7,-7,-7,NA,NA
"feature_sums[19,4,4]",-4,NA,0,-4,-4,-4,-4,-4,NA,NA
"feature_sums[19,4,5]",-1,NA,0,-1,-1,-1,-1,-1,NA,NA
"feature_sums[19,4,6]",3,NA,0,3,3,3,3,3,NA,NA
"feature_sums[19,4,7]",0,NA,0,0,0,0,0,0,NA,NA
"feature_sums[19,4,8]",-2,NA,0,-2,-2,-2,-2,-2,NA,NA
"feature_sums[19,5,1]",0,NA,0,0,0,0,0,0,NA,NA
"feature_sums[19,5,2]",-3,NA,0,-3,-3,-3,-3,-3,NA,NA
"feature_sums[19,5,3]",8,NA,0,8,8,8,8,8,NA,NA
"feature_sums[19,5,4]",0,NA,0,0,0,0,0,0,NA,NA
"feature_sums[19,5,5]",-8,NA,0,-8,-8,-8,-8,-8,NA,NA
"feature_sums[19,5,6]",6,NA,0,6,6,6,6,6,NA,NA
"feature_sums[19,5,7]",-3,NA,0,-3,-3,-3,-3,-3,NA,NA
"feature_sums[19,5,8]",-6,NA,0,-6,-6,-6,-6,-6,NA,NA
"feature_sums[20,1,1]",3,NA,0,3,3,3,3,3,NA,NA
"feature_sums[20,1,2]",8,NA,0,8,8,8,8,8,NA,NA
"feature_sums[20,1,3]",-6,NA,0,-6,-6,-6,-6,-6,NA,NA
"feature_sums[20,1,4]",0,NA,0,0,0,0,0,0,NA,NA
"feature_sums[20,1,5]",5,NA,0,5,5,5,5,5,NA,NA
"feature_sums[20,1,6]",-7,NA,0,-7,-7,-7,-7,-7,NA,NA
"feature_sums[20,1,7]",0,NA,0,0,0,0,0,0,NA,NA
"feature_sums[20,1,8]",1,NA,0,1,1,1,1,1,NA,NA
"feature_sums[20,2,1]",-5,NA,0,-5,-5,-5,-5,-5,NA,NA
"feature_sums[20,2,2]",-1,NA,0,-1,-1,-1,-1,-1,NA,NA
"feature_sums[20,2,3]",0,NA,0,0,0,0,0,0,NA,NA
"feature_sums[20,2,4]",0,NA,0,0,0,0,0,0,NA,NA
"feature_sums[20,2,5]",2,NA,0,2,2,2,2,2,NA,NA
"feature_sums[20,2,6]",-4,NA,0,-4,-4,-4,-4,-4,NA,NA
"feature_sums[20,2,7]",1,NA,0,1,1,1,1,1,NA,NA
"feature_sums[20,2,8]",3,NA,0,3,3,3,3,3,NA,NA
"feature_sums[20,3,1]",0,NA,0,0,0,0,0,0,NA,NA
"feature_sums[20,3,2]",5,NA,0,5,5,5,5,5,NA,NA
"feature_sums[20,3,3]",3,NA,0,3,3,3,3,3,NA,NA
"feature_sums[20,3,4]",-3,NA,0,-3,-3,-3,-3,-3,NA,NA
"feature_sums[20,3,5]",-4,NA,0,-4,-4,-4,-4,-4,NA,NA
"feature_sums[20,3,6]",-1,NA,0,-1,-1,-1,-1,-1,NA,NA
"feature_sums[20,3,7]",2,NA,0,2,2,2,2,2,NA,NA
"feature_sums[20,3,8]",0,NA,0,0,0,0,0,0,NA,NA
"feature_sums[20,4,1]",-3,NA,0,-3,-3,-3,-3,-3,NA,NA
"feature_sums[20,4,2]",0,NA,0,0,0,0,0,0,NA,NA
"feature_sums[20,4,3]",9,NA,0,9,9,9,9,9,NA,NA
"feature_sums[20,4,4]",-1,NA,0,-1,-1,-1,-1,-1,NA,NA
"feature_sums[20,4,5]",-2,NA,0,-2,-2,-2,-2,-2,NA,NA
"feature_sums[20,4,6]",7,NA,0,7,7,7,7,7,NA,NA
"feature_sums[20,4,7]",0,NA,0,0,0,0,0,0,NA,NA
"feature_sums[20,4,8]",-2,NA,0,-2,-2,-2,-2,-2,NA,NA
"feature_sums[20,5,1]",5,NA,0,5,5,5,5,5,NA,NA
"feature_sums[20,5,2]",3,NA,0,3,3,3,3,3,NA,NA
"feature_sums[20,5,3]",-2,NA,0,-2,-2,-2,-2,-2,NA,NA
"feature_sums[20,5,4]",-1,NA,0,-1,-1,-1,-1,-1,NA,NA
"feature_sums[20,5,5]",0,NA,0,0,0,0,0,0,NA,NA
"feature_sums[20,5,6]",0,NA,0,0,0,0,0,0,NA,NA
"feature_sums[20,5,7]",4,NA,0,4,4,4,4,4,NA,NA
"feature_sums[20,5,8]",5,NA,0,5,5,5,5,5,NA,NA
"feature_sums[21,1,1]",-4,NA,0,-4,-4,-4,-4,-4,NA,NA
"feature_sums[21,1,2]",9,NA,0,9,9,9,9,9,NA,NA
"feature_sums[21,1,3]",-1,NA,0,-1,-1,-1,-1,-1,NA,NA
"feature_sums[21,1,4]",-5,NA,0,-5,-5,-5,-5,-5,NA,NA
"feature_sums[21,1,5]",0,NA,0,0,0,0,0,0,NA,NA
"feature_sums[21,1,6]",-2,NA,0,-2,-2,-2,-2,-2,NA,NA
"feature_sums[21,1,7]",7,NA,0,7,7,7,7,7,NA,NA
"feature_sums[21,1,8]",0,NA,0,0,0,0,0,0,NA,NA
"feature_sums[21,2,1]",0,NA,0,0,0,0,0,0,NA,NA
"feature_sums[21,2,2]",0,NA,0,0,0,0,0,0,NA,NA
"feature_sums[21,2,3]",-4,NA,0,-4,-4,-4,-4,-4,NA,NA
"feature_sums[21,2,4]",8,NA,0,8,8,8,8,8,NA,NA
"feature_sums[21,2,5]",5,NA,0,5,5,5,5,5,NA,NA
"feature_sums[21,2,6]",-7,NA,0,-7,-7,-7,-7,-7,NA,NA
"feature_sums[21,2,7]",3,NA,0,3,3,3,3,3,NA,NA
"feature_sums[21,2,8]",3,NA,0,3,3,3,3,3,NA,NA
"feature_sums[21,3,1]",-3,NA,0,-3,-3,-3,-3,-3,NA,NA
"feature_sums[21,3,2]",-5,NA,0,-5,-5,-5,-5,-5,NA,NA
"feature_sums[21,3,3]",8,NA,0,8,8,8,8,8,NA,NA
"feature_sums[21,3,4]",0,NA,0,0,0,0,0,0,NA,NA
"feature_sums[21,3,5]",-3,NA,0,-3,-3,-3,-3,-3,NA,NA
"feature_sums[21,3,6]",-2,NA,0,-2,-2,-2,-2,-2,NA,NA
"feature_sums[21,3,7]",0,NA,0,0,0,0,0,0,NA,NA
"feature_sums[21,3,8]",9,NA,0,9,9,9,9,9,NA,NA
"feature_sums[21,4,1]",-5,NA,0,-5,-5,-5,-5,-5,NA,NA
"feature_sums[21,4,2]",-1,NA,0,-1,-1,-1,-1,-1,NA,NA
"feature_sums[21,4,3]",0,NA,0,0,0,0,0,0,NA,NA
"feature_sums[21,4,4]",3,NA,0,3,3,3,3,3,NA,NA
"feature_sums[21,4,5]",2,NA,0,2,2,2,2,2,NA,NA
"feature_sums[21,4,6]",-8,NA,0,-8,-8,-8,-8,-8,NA,NA
"feature_sums[21,4,7]",-3,NA,0,-3,-3,-3,-3,-3,NA,NA
"feature_sums[21,4,8]",0,NA,0,0,0,0,0,0,NA,NA
"feature_sums[21,5,1]",3,NA,0,3,3,3,3,3,NA,NA
"feature_sums[21,5,2]",-5,NA,0,-5,-5,-5,-5,-5,NA,NA
"feature_sums[21,5,3]",0,NA,0,0,0,0,0,0,NA,NA
"feature_sums[21,5,4]",8,NA,0,8,8,8,8,8,NA,NA
"feature_sums[21,5,5]",5,NA,0,5,5,5,5,5,NA,NA
"feature_sums[21,5,6]",0,NA,0,0,0,0,0,0,NA,NA
"feature_sums[21,5,7]",-4,NA,0,-4,-4,-4,-4,-4,NA,NA
"feature_sums[21,5,8]",1,NA,0,1,1,1,1,1,NA,NA
"feature_sums[22,1,1]",0,NA,0,0,0,0,0,0,NA,NA
"feature_sums[22,1,2]",-4,NA,0,-4,-4,-4,-4,-4,NA,NA
"feature_sums[22,1,3]",-2,NA,0,-2,-2,-2,-2,-2,NA,NA
"feature_sums[22,1,4]",-4,NA,0,-4,-4,-4,-4,-4,NA,NA
"feature_sums[22,1,5]",-8,NA,0,-8,-8,-8,-8,-8,NA,NA
"feature_sums[22,1,6]",0,NA,0,0,0,0,0,0,NA,NA
"feature_sums[22,1,7]",6,NA,0,6,6,6,6,6,NA,NA
"feature_sums[22,1,8]",4,NA,0,4,4,4,4,4,NA,NA
"feature_sums[22,2,1]",0,NA,0,0,0,0,0,0,NA,NA
"feature_sums[22,2,2]",-5,NA,0,-5,-5,-5,-5,-5,NA,NA
"feature_sums[22,2,3]",7,NA,0,7,7,7,7,7,NA,NA
"feature_sums[22,2,4]",3,NA,0,3,3,3,3,3,NA,NA
"feature_sums[22,2,5]",-6,NA,0,-6,-6,-6,-6,-6,NA,NA
"feature_sums[22,2,6]",0,NA,0,0,0,0,0,0,NA,NA
"feature_sums[22,2,7]",2,NA,0,2,2,2,2,2,NA,NA
"feature_sums[22,2,8]",5,NA,0,5,5,5,5,5,NA,NA
"feature_sums[22,3,1]",1,NA,0,1,1,1,1,1,NA,NA
"feature_sums[22,3,2]",4,NA,0,4,4,4,4,4,NA,NA
"feature_sums[22,3,3]",-3,NA,0,-3,-3,-3,-3,-3,NA,NA
"feature_sums[22,3,4]",0,NA,0,0,0,0,0,0,NA,NA
"feature_sums[22,3,5]",-1,NA,0,-1,-1,-1,-1,-1,NA,NA
"feature_sums[22,3,6]",-2,NA,0,-2,-2,-2,-2,-2,NA,NA
"feature_sums[22,3,7]",0,NA,0,0,0,0,0,0,NA,NA
"feature_sums[22,3,8]",-5,NA,0,-5,-5,-5,-5,-5,NA,NA
"feature_sums[22,4,1]",3,NA,0,3,3,3,3,3,NA,NA
"feature_sums[22,4,2]",-7,NA,0,-7,-7,-7,-7,-7,NA,NA
"feature_sums[22,4,3]",0,NA,0,0,0,0,0,0,NA,NA
"feature_sums[22,4,4]",2,NA,0,2,2,2,2,2,NA,NA
"feature_sums[22,4,5]",-3,NA,0,-3,-3,-3,-3,-3,NA,NA
"feature_sums[22,4,6]",3,NA,0,3,3,3,3,3,NA,NA
"feature_sums[22,4,7]",-2,NA,0,-2,-2,-2,-2,-2,NA,NA
"feature_sums[22,4,8]",0,NA,0,0,0,0,0,0,NA,NA
"feature_sums[22,5,1]",1,NA,0,1,1,1,1,1,NA,NA
"feature_sums[22,5,2]",0,NA,0,0,0,0,0,0,NA,NA
"feature_sums[22,5,3]",1,NA,0,1,1,1,1,1,NA,NA
"feature_sums[22,5,4]",-3,NA,0,-3,-3,-3,-3,-3,NA,NA
"feature_sums[22,5,5]",0,NA,0,0,0,0,0,0,NA,NA
"feature_sums[22,5,6]",-4,NA,0,-4,-4,-4,-4,-4,NA,NA
"feature_sums[22,5,7]",-6,NA,0,-6,-6,-6,-6,-6,NA,NA
"feature_sums[22,5,8]",3,NA,0,3,3,3,3,3,NA,NA
"feature_sums[23,1,1]",1,NA,0,1,1,1,1,1,NA,NA
"feature_sums[23,1,2]",-3,NA,0,-3,-3,-3,-3,-3,NA,NA
"feature_sums[23,1,3]",-1,NA,0,-1,-1,-1,-1,-1,NA,NA
"feature_sums[23,1,4]",-4,NA,0,-4,-4,-4,-4,-4,NA,NA
"feature_sums[23,1,5]",-4,NA,0,-4,-4,-4,-4,-4,NA,NA
"feature_sums[23,1,6]",0,NA,0,0,0,0,0,0,NA,NA
"feature_sums[23,1,7]",0,NA,0,0,0,0,0,0,NA,NA
"feature_sums[23,1,8]",3,NA,0,3,3,3,3,3,NA,NA
"feature_sums[23,2,1]",-1,NA,0,-1,-1,-1,-1,-1,NA,NA
"feature_sums[23,2,2]",0,NA,0,0,0,0,0,0,NA,NA
"feature_sums[23,2,3]",0,NA,0,0,0,0,0,0,NA,NA
"feature_sums[23,2,4]",9,NA,0,9,9,9,9,9,NA,NA
"feature_sums[23,2,5]",-2,NA,0,-2,-2,-2,-2,-2,NA,NA
"feature_sums[23,2,6]",-1,NA,0,-1,-1,-1,-1,-1,NA,NA
"feature_sums[23,2,7]",8,NA,0,8,8,8,8,8,NA,NA
"feature_sums[23,2,8]",-3,NA,0,-3,-3,-3,-3,-3,NA,NA
"feature_sums[23,3,1]",6,NA,0,6,6,6,6,6,NA,NA
"feature_sums[23,3,2]",-5,NA,0,-5,-5,-5,-5,-5,NA,NA
"feature_sums[23,3,3]",-2,NA,0,-2,-2,-2,-2,-2,NA,NA
"feature_sums[23,3,4]",0,NA,0,0,0,0,0,0,NA,NA
"feature_sums[23,3,5]",0,NA,0,0,0,0,0,0,NA,NA
"feature_sums[23,3,6]",1,NA,0,1,1,1,1,1,NA,NA
"feature_sums[23,3,7]",-4,NA,0,-4,-4,-4,-4,-4,NA,NA
"feature_sums[23,3,8]",4,NA,0,4,4,4,4,4,NA,NA
"feature_sums[23,4,1]",0,NA,0,0,0,0,0,0,NA,NA
"feature_sums[23,4,2]",0,NA,0,0,0,0,0,0,NA,NA
"feature_sums[23,4,3]",3,NA,0,3,3,3,3,3,NA,NA
"feature_sums[23,4,4]",5,NA,0,5,5,5,5,5,NA,NA
"feature_sums[23,4,5]",-8,NA,0,-8,-8,-8,-8,-8,NA,NA
"feature_sums[23,4,6]",-9,NA,0,-9,-9,-9,-9,-9,NA,NA
"feature_sums[23,4,7]",2,NA,0,2,2,2,2,2,NA,NA
"feature_sums[23,4,8]",1,NA,0,1,1,1,1,1,NA,NA
"feature_sums[23,5,1]",-4,NA,0,-4,-4,-4,-4,-4,NA,NA
"feature_sums[23,5,2]",-1,NA,0,-1,-1,-1,-1,-1,NA,NA
"feature_sums[23,5,3]",0,NA,0,0,0,0,0,0,NA,NA
"feature_sums[23,5,4]",-7,NA,0,-7,-7,-7,-7,-7,NA,NA
"feature_sums[23,5,5]",4,NA,0,4,4,4,4,4,NA,NA
"feature_sums[23,5,6]",7,NA,0,7,7,7,7,7,NA,NA
"feature_sums[23,5,7]",-1,NA,0,-1,-1,-1,-1,-1,NA,NA
"feature_sums[23,5,8]",0,NA,0,0,0,0,0,0,NA,NA
"feature_sums[24,1,1]",-2,NA,0,-2,-2,-2,-2,-2,NA,NA
"feature_sums[24,1,2]",0,NA,0,0,0,0,0,0,NA,NA
"feature_sums[24,1,3]",-2,NA,0,-2,-2,-2,-2,-2,NA,NA
"feature_sums[24,1,4]",9,NA,0,9,9,9,9,9,NA,NA
"feature_sums[24,1,5]",0,NA,0,0,0,0,0,0,NA,NA
"feature_sums[24,1,6]",-1,NA,0,-1,-1,-1,-1,-1,NA,NA
"feature_sums[24,1,7]",8,NA,0,8,8,8,8,8,NA,NA
"feature_sums[24,1,8]",-4,NA,0,-4,-4,-4,-4,-4,NA,NA
"feature_sums[24,2,1]",5,NA,0,5,5,5,5,5,NA,NA
"feature_sums[24,2,2]",2,NA,0,2,2,2,2,2,NA,NA
"feature_sums[24,2,3]",0,NA,0,0,0,0,0,0,NA,NA
"feature_sums[24,2,4]",3,NA,0,3,3,3,3,3,NA,NA
"feature_sums[24,2,5]",-1,NA,0,-1,-1,-1,-1,-1,NA,NA
"feature_sums[24,2,6]",-2,NA,0,-2,-2,-2,-2,-2,NA,NA
"feature_sums[24,2,7]",-1,NA,0,-1,-1,-1,-1,-1,NA,NA
"feature_sums[24,2,8]",0,NA,0,0,0,0,0,0,NA,NA
"feature_sums[24,3,1]",-5,NA,0,-5,-5,-5,-5,-5,NA,NA
"feature_sums[24,3,2]",2,NA,0,2,2,2,2,2,NA,NA
"feature_sums[24,3,3]",1,NA,0,1,1,1,1,1,NA,NA
"feature_sums[24,3,4]",-6,NA,0,-6,-6,-6,-6,-6,NA,NA
"feature_sums[24,3,5]",0,NA,0,0,0,0,0,0,NA,NA
"feature_sums[24,3,6]",0,NA,0,0,0,0,0,0,NA,NA
"feature_sums[24,3,7]",-1,NA,0,-1,-1,-1,-1,-1,NA,NA
"feature_sums[24,3,8]",-1,NA,0,-1,-1,-1,-1,-1,NA,NA
"feature_sums[24,4,1]",0,NA,0,0,0,0,0,0,NA,NA
"feature_sums[24,4,2]",2,NA,0,2,2,2,2,2,NA,NA
"feature_sums[24,4,3]",-9,NA,0,-9,-9,-9,-9,-9,NA,NA
"feature_sums[24,4,4]",0,NA,0,0,0,0,0,0,NA,NA
"feature_sums[24,4,5]",1,NA,0,1,1,1,1,1,NA,NA
"feature_sums[24,4,6]",2,NA,0,2,2,2,2,2,NA,NA
"feature_sums[24,4,7]",4,NA,0,4,4,4,4,4,NA,NA
"feature_sums[24,4,8]",-8,NA,0,-8,-8,-8,-8,-8,NA,NA
"feature_sums[24,5,1]",-1,NA,0,-1,-1,-1,-1,-1,NA,NA
"feature_sums[24,5,2]",4,NA,0,4,4,4,4,4,NA,NA
"feature_sums[24,5,3]",2,NA,0,2,2,2,2,2,NA,NA
"feature_sums[24,5,4]",-2,NA,0,-2,-2,-2,-2,-2,NA,NA
"feature_sums[24,5,5]",6,NA,0,6,6,6,6,6,NA,NA
"feature_sums[24,5,6]",5,NA,0,5,5,5,5,5,NA,NA
"feature_sums[24,5,7]",0,NA,0,0,0,0,0,0,NA,NA
"feature_sums[24,5,8]",0,NA,0,0,0,0,0,0,NA,NA
"feature_sums[25,1,1]",-5,NA,0,-5,-5,-5,-5,-5,NA,NA
"feature_sums[25,1,2]",-4,NA,0,-4,-4,-4,-4,-4,NA,NA
"feature_sums[25,1,3]",1,NA,0,1,1,1,1,1,NA,NA
"feature_sums[25,1,4]",0,NA,0,0,0,0,0,0,NA,NA
"feature_sums[25,1,5]",0,NA,0,0,0,0,0,0,NA,NA
"feature_sums[25,1,6]",2,NA,0,2,2,2,2,2,NA,NA
"feature_sums[25,1,7]",-3,NA,0,-3,-3,-3,-3,-3,NA,NA
"feature_sums[25,1,8]",-5,NA,0,-5,-5,-5,-5,-5,NA,NA
"feature_sums[25,2,1]",0,NA,0,0,0,0,0,0,NA,NA
"feature_sums[25,2,2]",-3,NA,0,-3,-3,-3,-3,-3,NA,NA
"feature_sums[25,2,3]",-7,NA,0,-7,-7,-7,-7,-7,NA,NA
"feature_sums[25,2,4]",-1,NA,0,-1,-1,-1,-1,-1,NA,NA
"feature_sums[25,2,5]",4,NA,0,4,4,4,4,4,NA,NA
"feature_sums[25,2,6]",4,NA,0,4,4,4,4,4,NA,NA
"feature_sums[25,2,7]",3,NA,0,3,3,3,3,3,NA,NA
"feature_sums[25,2,8]",0,NA,0,0,0,0,0,0,NA,NA
"feature_sums[25,3,1]",9,NA,0,9,9,9,9,9,NA,NA
"feature_sums[25,3,2]",-4,NA,0,-4,-4,-4,-4,-4,NA,NA
"feature_sums[25,3,3]",-3,NA,0,-3,-3,-3,-3,-3,NA,NA
"feature_sums[25,3,4]",8,NA,0,8,8,8,8,8,NA,NA
"feature_sums[25,3,5]",-3,NA,0,-3,-3,-3,-3,-3,NA,NA
"feature_sums[25,3,6]",-1,NA,0,-1,-1,-1,-1,-1,NA,NA
"feature_sums[25,3,7]",0,NA,0,0,0,0,0,0,NA,NA
"feature_sums[25,3,8]",0,NA,0,0,0,0,0,0,NA,NA
"feature_sums[25,4,1]",-1,NA,0,-1,-1,-1,-1,-1,NA,NA
"feature_sums[25,4,2]",0,NA,0,0,0,0,0,0,NA,NA
"feature_sums[25,4,3]",0,NA,0,0,0,0,0,0,NA,NA
"feature_sums[25,4,4]",-4,NA,0,-4,-4,-4,-4,-4,NA,NA
"feature_sums[25,4,5]",-7,NA,0,-7,-7,-7,-7,-7,NA,NA
"feature_sums[25,4,6]",1,NA,0,1,1,1,1,1,NA,NA
"feature_sums[25,4,7]",2,NA,0,2,2,2,2,2,NA,NA
"feature_sums[25,4,8]",-3,NA,0,-3,-3,-3,-3,-3,NA,NA
"feature_sums[25,5,1]",-1,NA,0,-1,-1,-1,-1,-1,NA,NA
"feature_sums[25,5,2]",-3,NA,0,-3,-3,-3,-3,-3,NA,NA
"feature_sums[25,5,3]",0,NA,0,0,0,0,0,0,NA,NA
"feature_sums[25,5,4]",-1,NA,0,-1,-1,-1,-1,-1,NA,NA
"feature_sums[25,5,5]",5,NA,0,5,5,5,5,5,NA,NA
"feature_sums[25,5,6]",0,NA,0,0,0,0,0,0,NA,NA
"feature_sums[25,5,7]",-7,NA,0,-7,-7,-7,-7,-7,NA,NA
"feature_sums[25,5,8]",1,NA,0,1,1,1,1,1,NA,NA
"feature_sums[26,1,1]",0,NA,0,0,0,0,0,0,NA,NA
"feature_sums[26,1,2]",0,NA,0,0,0,0,0,0,NA,NA
"feature_sums[26,1,3]",-3,NA,0,-3,-3,-3,-3,-3,NA,NA
"feature_sums[26,1,4]",-1,NA,0,-1,-1,-1,-1,-1,NA,NA
"feature_sums[26,1,5]",-4,NA,0,-4,-4,-4,-4,-4,NA,NA
"feature_sums[26,1,6]",8,NA,0,8,8,8,8,8,NA,NA
"feature_sums[26,1,7]",9,NA,0,9,9,9,9,9,NA,NA
"feature_sums[26,1,8]",-5,NA,0,-5,-5,-5,-5,-5,NA,NA
"feature_sums[26,2,1]",-7,NA,0,-7,-7,-7,-7,-7,NA,NA
"feature_sums[26,2,2]",-4,NA,0,-4,-4,-4,-4,-4,NA,NA
"feature_sums[26,2,3]",0,NA,0,0,0,0,0,0,NA,NA
"feature_sums[26,2,4]",-1,NA,0,-1,-1,-1,-1,-1,NA,NA
"feature_sums[26,2,5]",-1,NA,0,-1,-1,-1,-1,-1,NA,NA
"feature_sums[26,2,6]",4,NA,0,4,4,4,4,4,NA,NA
"feature_sums[26,2,7]",7,NA,0,7,7,7,7,7,NA,NA
"feature_sums[26,2,8]",0,NA,0,0,0,0,0,0,NA,NA
"feature_sums[26,3,1]",-5,NA,0,-5,-5,-5,-5,-5,NA,NA
"feature_sums[26,3,2]",4,NA,0,4,4,4,4,4,NA,NA
"feature_sums[26,3,3]",7,NA,0,7,7,7,7,7,NA,NA
"feature_sums[26,3,4]",-5,NA,0,-5,-5,-5,-5,-5,NA,NA
"feature_sums[26,3,5]",0,NA,0,0,0,0,0,0,NA,NA
"feature_sums[26,3,6]",0,NA,0,0,0,0,0,0,NA,NA
"feature_sums[26,3,7]",-2,NA,0,-2,-2,-2,-2,-2,NA,NA
"feature_sums[26,3,8]",1,NA,0,1,1,1,1,1,NA,NA
"feature_sums[26,4,1]",6,NA,0,6,6,6,6,6,NA,NA
"feature_sums[26,4,2]",0,NA,0,0,0,0,0,0,NA,NA
"feature_sums[26,4,3]",1,NA,0,1,1,1,1,1,NA,NA
"feature_sums[26,4,4]",-6,NA,0,-6,-6,-6,-6,-6,NA,NA
"feature_sums[26,4,5]",-6,NA,0,-6,-6,-6,-6,-6,NA,NA
"feature_sums[26,4,6]",8,NA,0,8,8,8,8,8,NA,NA
"feature_sums[26,4,7]",0,NA,0,0,0,0,0,0,NA,NA
"feature_sums[26,4,8]",-1,NA,0,-1,-1,-1,-1,-1,NA,NA
"feature_sums[26,5,1]",9,NA,0,9,9,9,9,9,NA,NA
"feature_sums[26,5,2]",-1,NA,0,-1,-1,-1,-1,-1,NA,NA
"feature_sums[26,5,3]",-3,NA,0,-3,-3,-3,-3,-3,NA,NA
"feature_sums[26,5,4]",0,NA,0,0,0,0,0,0,NA,NA
"feature_sums[26,5,5]",0,NA,0,0,0,0,0,0,NA,NA
"feature_sums[26,5,6]",-6,NA,0,-6,-6,-6,-6,-6,NA,NA
"feature_sums[26,5,7]",-5,NA,0,-5,-5,-5,-5,-5,NA,NA
"feature_sums[26,5,8]",8,NA,0,8,8,8,8,8,NA,NA
"feature_sums[27,1,1]",-4,NA,0,-4,-4,-4,-4,-4,NA,NA
"feature_sums[27,1,2]",-8,NA,0,-8,-8,-8,-8,-8,NA,NA
"feature_sums[27,1,3]",2,NA,0,2,2,2,2,2,NA,NA
"feature_sums[27,1,4]",-5,NA,0,-5,-5,-5,-5,-5,NA,NA
"feature_sums[27,1,5]",0,NA,0,0,0,0,0,0,NA,NA
"feature_sums[27,1,6]",4,NA,0,4,4,4,4,4,NA,NA
"feature_sums[27,1,7]",-7,NA,0,-7,-7,-7,-7,-7,NA,NA
"feature_sums[27,1,8]",0,NA,0,0,0,0,0,0,NA,NA
"feature_sums[27,2,1]",-6,NA,0,-6,-6,-6,-6,-6,NA,NA
"feature_sums[27,2,2]",-1,NA,0,-1,-1,-1,-1,-1,NA,NA
"feature_sums[27,2,3]",0,NA,0,0,0,0,0,0,NA,NA
"feature_sums[27,2,4]",3,NA,0,3,3,3,3,3,NA,NA
"feature_sums[27,2,5]",1,NA,0,1,1,1,1,1,NA,NA
"feature_sums[27,2,6]",0,NA,0,0,0,0,0,0,NA,NA
"feature_sums[27,2,7]",1,NA,0,1,1,1,1,1,NA,NA
"feature_sums[27,2,8]",-6,NA,0,-6,-6,-6,-6,-6,NA,NA
"feature_sums[27,3,1]",2,NA,0,2,2,2,2,2,NA,NA
"feature_sums[27,3,2]",5,NA,0,5,5,5,5,5,NA,NA
"feature_sums[27,3,3]",-2,NA,0,-2,-2,-2,-2,-2,NA,NA
"feature_sums[27,3,4]",0,NA,0,0,0,0,0,0,NA,NA
"feature_sums[27,3,5]",0,NA,0,0,0,0,0,0,NA,NA
"feature_sums[27,3,6]",-2,NA,0,-2,-2,-2,-2,-2,NA,NA
"feature_sums[27,3,7]",2,NA,0,2,2,2,2,2,NA,NA
"feature_sums[27,3,8]",-1,NA,0,-1,-1,-1,-1,-1,NA,NA
"feature_sums[27,4,1]",0,NA,0,0,0,0,0,0,NA,NA
"feature_sums[27,4,2]",-4,NA,0,-4,-4,-4,-4,-4,NA,NA
"feature_sums[27,4,3]",-2,NA,0,-2,-2,-2,-2,-2,NA,NA
"feature_sums[27,4,4]",2,NA,0,2,2,2,2,2,NA,NA
"feature_sums[27,4,5]",2,NA,0,2,2,2,2,2,NA,NA
"feature_sums[27,4,6]",-5,NA,0,-5,-5,-5,-5,-5,NA,NA
"feature_sums[27,4,7]",-7,NA,0,-7,-7,-7,-7,-7,NA,NA
"feature_sums[27,4,8]",0,NA,0,0,0,0,0,0,NA,NA
"feature_sums[27,5,1]",9,NA,0,9,9,9,9,9,NA,NA
"feature_sums[27,5,2]",0,NA,0,0,0,0,0,0,NA,NA
"feature_sums[27,5,3]",-2,NA,0,-2,-2,-2,-2,-2,NA,NA
"feature_sums[27,5,4]",8,NA,0,8,8,8,8,8,NA,NA
"feature_sums[27,5,5]",-4,NA,0,-4,-4,-4,-4,-4,NA,NA
"feature_sums[27,5,6]",-3,NA,0,-3,-3,-3,-3,-3,NA,NA
"feature_sums[27,5,7]",0,NA,0,0,0,0,0,0,NA,NA
"feature_sums[27,5,8]",-2,NA,0,-2,-2,-2,-2,-2,NA,NA
"feature_sums[28,1,1]",-6,NA,0,-6,-6,-6,-6,-6,NA,NA
"feature_sums[28,1,2]",0,NA,0,0,0,0,0,0,NA,NA
"feature_sums[28,1,3]",9,NA,0,9,9,9,9,9,NA,NA
"feature_sums[28,1,4]",-3,NA,0,-3,-3,-3,-3,-3,NA,NA
"feature_sums[28,1,5]",0,NA,0,0,0,0,0,0,NA,NA
"feature_sums[28,1,6]",5,NA,0,5,5,5,5,5,NA,NA
"feature_sums[28,1,7]",-2,NA,0,-2,-2,-2,-2,-2,NA,NA
"feature_sums[28,1,8]",-1,NA,0,-1,-1,-1,-1,-1,NA,NA
"feature_sums[28,2,1]",0,NA,0,0,0,0,0,0,NA,NA
"feature_sums[28,2,2]",-1,NA,0,-1,-1,-1,-1,-1,NA,NA
"feature_sums[28,2,3]",6,NA,0,6,6,6,6,6,NA,NA
"feature_sums[28,2,4]",0,NA,0,0,0,0,0,0,NA,NA
"feature_sums[28,2,5]",-1,NA,0,-1,-1,-1,-1,-1,NA,NA
"feature_sums[28,2,6]",-7,NA,0,-7,-7,-7,-7,-7,NA,NA
"feature_sums[28,2,7]",-5,NA,0,-5,-5,-5,-5,-5,NA,NA
"feature_sums[28,2,8]",8,NA,0,8,8,8,8,8,NA,NA
"feature_sums[28,3,1]",7,NA,0,7,7,7,7,7,NA,NA
"feature_sums[28,3,2]",0,NA,0,0,0,0,0,0,NA,NA
"feature_sums[28,3,3]",0,NA,0,0,0,0,0,0,NA,NA
"feature_sums[28,3,4]",-3,NA,0,-3,-3,-3,-3,-3,NA,NA
"feature_sums[28,3,5]",-1,NA,0,-1,-1,-1,-1,-1,NA,NA
"feature_sums[28,3,6]",3,NA,0,3,3,3,3,3,NA,NA
"feature_sums[28,3,7]",-2,NA,0,-2,-2,-2,-2,-2,NA,NA
"feature_sums[28,3,8]",4,NA,0,4,4,4,4,4,NA,NA
"feature_sums[28,4,1]",1,NA,0,1,1,1,1,1,NA,NA
"feature_sums[28,4,2]",-2,NA,0,-2,-2,-2,-2,-2,NA,NA
"feature_sums[28,4,3]",-5,NA,0,-5,-5,-5,-5,-5,NA,NA
"feature_sums[28,4,4]",2,NA,0,2,2,2,2,2,NA,NA
"feature_sums[28,4,5]",1,NA,0,1,1,1,1,1,NA,NA
"feature_sums[28,4,6]",0,NA,0,0,0,0,0,0,NA,NA
"feature_sums[28,4,7]",0,NA,0,0,0,0,0,0,NA,NA
"feature_sums[28,4,8]",-3,NA,0,-3,-3,-3,-3,-3,NA,NA
"feature_sums[28,5,1]",-6,NA,0,-6,-6,-6,-6,-6,NA,NA
"feature_sums[28,5,2]",3,NA,0,3,3,3,3,3,NA,NA
"feature_sums[28,5,3]",1,NA,0,1,1,1,1,1,NA,NA
"feature_sums[28,5,4]",-7,NA,0,-7,-7,-7,-7,-7,NA,NA
"feature_sums[28,5,5]",0,NA,0,0,0,0,0,0,NA,NA
"feature_sums[28,5,6]",5,NA,0,5,5,5,5,5,NA,NA
"feature_sums[28,5,7]",6,NA,0,6,6,6,6,6,NA,NA
"feature_sums[28,5,8]",0,NA,0,0,0,0,0,0,NA,NA
"feature_sums[29,1,1]",6,NA,0,6,6,6,6,6,NA,NA
"feature_sums[29,1,2]",3,NA,0,3,3,3,3,3,NA,NA
"feature_sums[29,1,3]",0,NA,0,0,0,0,0,0,NA,NA
"feature_sums[29,1,4]",8,NA,0,8,8,8,8,8,NA,NA
"feature_sums[29,1,5]",-6,NA,0,-6,-6,-6,-6,-6,NA,NA
"feature_sums[29,1,6]",-8,NA,0,-8,-8,-8,-8,-8,NA,NA
"feature_sums[29,1,7]",3,NA,0,3,3,3,3,3,NA,NA
"feature_sums[29,1,8]",0,NA,0,0,0,0,0,0,NA,NA
"feature_sums[29,2,1]",2,NA,0,2,2,2,2,2,NA,NA
"feature_sums[29,2,2]",-1,NA,0,-1,-1,-1,-1,-1,NA,NA
"feature_sums[29,2,3]",-1,NA,0,-1,-1,-1,-1,-1,NA,NA
"feature_sums[29,2,4]",4,NA,0,4,4,4,4,4,NA,NA
"feature_sums[29,2,5]",-2,NA,0,-2,-2,-2,-2,-2,NA,NA
"feature_sums[29,2,6]",0,NA,0,0,0,0,0,0,NA,NA
"feature_sums[29,2,7]",0,NA,0,0,0,0,0,0,NA,NA
"feature_sums[29,2,8]",-4,NA,0,-4,-4,-4,-4,-4,NA,NA
"feature_sums[29,3,1]",0,NA,0,0,0,0,0,0,NA,NA
"feature_sums[29,3,2]",0,NA,0,0,0,0,0,0,NA,NA
"feature_sums[29,3,3]",-3,NA,0,-3,-3,-3,-3,-3,NA,NA
"feature_sums[29,3,4]",7,NA,0,7,7,7,7,7,NA,NA
"feature_sums[29,3,5]",9,NA,0,9,9,9,9,9,NA,NA
"feature_sums[29,3,6]",4,NA,0,4,4,4,4,4,NA,NA
"feature_sums[29,3,7]",3,NA,0,3,3,3,3,3,NA,NA
"feature_sums[29,3,8]",-2,NA,0,-2,-2,-2,-2,-2,NA,NA
"feature_sums[29,4,1]",-2,NA,0,-2,-2,-2,-2,-2,NA,NA
"feature_sums[29,4,2]",-5,NA,0,-5,-5,-5,-5,-5,NA,NA
"feature_sums[29,4,3]",-4,NA,0,-4,-4,-4,-4,-4,NA,NA
"feature_sums[29,4,4]",3,NA,0,3,3,3,3,3,NA,NA
"feature_sums[29,4,5]",0,NA,0,0,0,0,0,0,NA,NA
"feature_sums[29,4,6]",3,NA,0,3,3,3,3,3,NA,NA
"feature_sums[29,4,7]",7,NA,0,7,7,7,7,7,NA,NA
"feature_sums[29,4,8]",0,NA,0,0,0,0,0,0,NA,NA
"feature_sums[29,5,1]",2,NA,0,2,2,2,2,2,NA,NA
"feature_sums[29,5,2]",5,NA,0,5,5,5,5,5,NA,NA
"feature_sums[29,5,3]",0,NA,0,0,0,0,0,0,NA,NA
"feature_sums[29,5,4]",0,NA,0,0,0,0,0,0,NA,NA
"feature_sums[29,5,5]",-4,NA,0,-4,-4,-4,-4,-4,NA,NA
"feature_sums[29,5,6]",-3,NA,0,-3,-3,-3,-3,-3,NA,NA
"feature_sums[29,5,7]",3,NA,0,3,3,3,3,3,NA,NA
"feature_sums[29,5,8]",-1,NA,0,-1,-1,-1,-1,-1,NA,NA
"feature_sums[30,1,1]",1,NA,0,1,1,1,1,1,NA,NA
"feature_sums[30,1,2]",0,NA,0,0,0,0,0,0,NA,NA
"feature_sums[30,1,3]",-5,NA,0,-5,-5,-5,-5,-5,NA,NA
"feature_sums[30,1,4]",4,NA,0,4,4,4,4,4,NA,NA
"feature_sums[30,1,5]",7,NA,0,7,7,7,7,7,NA,NA
"feature_sums[30,1,6]",-2,NA,0,-2,-2,-2,-2,-2,NA,NA
"feature_sums[30,1,7]",0,NA,0,0,0,0,0,0,NA,NA
"feature_sums[30,1,8]",1,NA,0,1,1,1,1,1,NA,NA
"feature_sums[30,2,1]",9,NA,0,9,9,9,9,9,NA,NA
"feature_sums[30,2,2]",-2,NA,0,-2,-2,-2,-2,-2,NA,NA
"feature_sums[30,2,3]",-1,NA,0,-1,-1,-1,-1,-1,NA,NA
"feature_sums[30,2,4]",1,NA,0,1,1,1,1,1,NA,NA
"feature_sums[30,2,5]",-1,NA,0,-1,-1,-1,-1,-1,NA,NA
"feature_sums[30,2,6]",0,NA,0,0,0,0,0,0,NA,NA
"feature_sums[30,2,7]",0,NA,0,0,0,0,0,0,NA,NA
"feature_sums[30,2,8]",8,NA,0,8,8,8,8,8,NA,NA
"feature_sums[30,3,1]",0,NA,0,0,0,0,0,0,NA,NA
"feature_sums[30,3,2]",1,NA,0,1,1,1,1,1,NA,NA
"feature_sums[30,3,3]",6,NA,0,6,6,6,6,6,NA,NA
"feature_sums[30,3,4]",-3,NA,0,-3,-3,-3,-3,-3,NA,NA
"feature_sums[30,3,5]",-3,NA,0,-3,-3,-3,-3,-3,NA,NA
"feature_sums[30,3,6]",3,NA,0,3,3,3,3,3,NA,NA
"feature_sums[30,3,7]",-2,NA,0,-2,-2,-2,-2,-2,NA,NA
"feature_sums[30,3,8]",0,NA,0,0,0,0,0,0,NA,NA
"feature_sums[30,4,1]",7,NA,0,7,7,7,7,7,NA,NA
"feature_sums[30,4,2]",-3,NA,0,-3,-3,-3,-3,-3,NA,NA
"feature_sums[30,4,3]",1,NA,0,1,1,1,1,1,NA,NA
"feature_sums[30,4,4]",0,NA,0,0,0,0,0,0,NA,NA
"feature_sums[30,4,5]",0,NA,0,0,0,0,0,0,NA,NA
"feature_sums[30,4,6]",5,NA,0,5,5,5,5,5,NA,NA
"feature_sums[30,4,7]",-2,NA,0,-2,-2,-2,-2,-2,NA,NA
"feature_sums[30,4,8]",4,NA,0,4,4,4,4,4,NA,NA
"feature_sums[30,5,1]",-3,NA,0,-3,-3,-3,-3,-3,NA,NA
"feature_sums[30,5,2]",-4,NA,0,-4,-4,-4,-4,-4,NA,NA
"feature_sums[30,5,3]",0,NA,0,0,0,0,0,0,NA,NA
"feature_sums[30,5,4]",1,NA,0,1,1,1,1,1,NA,NA
"feature_sums[30,5,5]",-7,NA,0,-7,-7,-7,-7,-7,NA,NA
"feature_sums[30,5,6]",0,NA,0,0,0,0,0,0,NA,NA
"feature_sums[30,5,7]",3,NA,0,3,3,3,3,3,NA,NA
"feature_sums[30,5,8]",-4,NA,0,-4,-4,-4,-4,-4,NA,NA
"feature_sums[31,1,1]",-5,NA,0,-5,-5,-5,-5,-5,NA,NA
"feature_sums[31,1,2]",-1,NA,0,-1,-1,-1,-1,-1,NA,NA
"feature_sums[31,1,3]",4,NA,0,4,4,4,4,4,NA,NA
"feature_sums[31,1,4]",0,NA,0,0,0,0,0,0,NA,NA
"feature_sums[31,1,5]",0,NA,0,0,0,0,0,0,NA,NA
"feature_sums[31,1,6]",-8,NA,0,-8,-8,-8,-8,-8,NA,NA
"feature_sums[31,1,7]",-2,NA,0,-2,-2,-2,-2,-2,NA,NA
"feature_sums[31,1,8]",6,NA,0,6,6,6,6,6,NA,NA
"feature_sums[31,2,1]",2,NA,0,2,2,2,2,2,NA,NA
"feature_sums[31,2,2]",0,NA,0,0,0,0,0,0,NA,NA
"feature_sums[31,2,3]",0,NA,0,0,0,0,0,0,NA,NA
"feature_sums[31,2,4]",1,NA,0,1,1,1,1,1,NA,NA
"feature_sums[31,2,5]",-2,NA,0,-2,-2,-2,-2,-2,NA,NA
"feature_sums[31,2,6]",-1,NA,0,-1,-1,-1,-1,-1,NA,NA
"feature_sums[31,2,7]",3,NA,0,3,3,3,3,3,NA,NA
"feature_sums[31,2,8]",3,NA,0,3,3,3,3,3,NA,NA
"feature_sums[31,3,1]",3,NA,0,3,3,3,3,3,NA,NA
"feature_sums[31,3,2]",2,NA,0,2,2,2,2,2,NA,NA
"feature_sums[31,3,3]",-7,NA,0,-7,-7,-7,-7,-7,NA,NA
"feature_sums[31,3,4]",0,NA,0,0,0,0,0,0,NA,NA
"feature_sums[31,3,5]",2,NA,0,2,2,2,2,2,NA,NA
"feature_sums[31,3,6]",-8,NA,0,-8,-8,-8,-8,-8,NA,NA
"feature_sums[31,3,7]",0,NA,0,0,0,0,0,0,NA,NA
"feature_sums[31,3,8]",4,NA,0,4,4,4,4,4,NA,NA
"feature_sums[31,4,1]",0,NA,0,0,0,0,0,0,NA,NA
"feature_sums[31,4,2]",-3,NA,0,-3,-3,-3,-3,-3,NA,NA
"feature_sums[31,4,3]",4,NA,0,4,4,4,4,4,NA,NA
"feature_sums[31,4,4]",3,NA,0,3,3,3,3,3,NA,NA
"feature_sums[31,4,5]",1,NA,0,1,1,1,1,1,NA,NA
"feature_sums[31,4,6]",0,NA,0,0,0,0,0,0,NA,NA
"feature_sums[31,4,7]",-2,NA,0,-2,-2,-2,-2,-2,NA,NA
"feature_sums[31,4,8]",3,NA,0,3,3,3,3,3,NA,NA
"feature_sums[31,5,1]",-5,NA,0,-5,-5,-5,-5,-5,NA,NA
"feature_sums[31,5,2]",3,NA,0,3,3,3,3,3,NA,NA
"feature_sums[31,5,3]",4,NA,0,4,4,4,4,4,NA,NA
"feature_sums[31,5,4]",-3,NA,0,-3,-3,-3,-3,-3,NA,NA
"feature_sums[31,5,5]",2,NA,0,2,2,2,2,2,NA,NA
"feature_sums[31,5,6]",1,NA,0,1,1,1,1,1,NA,NA
"feature_sums[31,5,7]",0,NA,0,0,0,0,0,0,NA,NA
"feature_sums[31,5,8]",0,NA,0,0,0,0,0,0,NA,NA
"feature_sums[32,1,1]",9,NA,0,9,9,9,9,9,NA,NA
"feature_sums[32,1,2]",0,NA,0,0,0,0,0,0,NA,NA
"feature_sums[32,1,3]",0,NA,0,0,0,0,0,0,NA,NA
"feature_sums[32,1,4]",8,NA,0,8,8,8,8,8,NA,NA
"feature_sums[32,1,5]",-5,NA,0,-5,-5,-5,-5,-5,NA,NA
"feature_sums[32,1,6]",-4,NA,0,-4,-4,-4,-4,-4,NA,NA
"feature_sums[32,1,7]",-4,NA,0,-4,-4,-4,-4,-4,NA,NA
"feature_sums[32,1,8]",-4,NA,0,-4,-4,-4,-4,-4,NA,NA
"feature_sums[32,2,1]",0,NA,0,0,0,0,0,0,NA,NA
"feature_sums[32,2,2]",2,NA,0,2,2,2,2,2,NA,NA
"feature_sums[32,2,3]",-1,NA,0,-1,-1,-1,-1,-1,NA,NA
"feature_sums[32,2,4]",0,NA,0,0,0,0,0,0,NA,NA
"feature_sums[32,2,5]",4,NA,0,4,4,4,4,4,NA,NA
"feature_sums[32,2,6]",2,NA,0,2,2,2,2,2,NA,NA
"feature_sums[32,2,7]",-2,NA,0,-2,-2,-2,-2,-2,NA,NA
"feature_sums[32,2,8]",-3,NA,0,-3,-3,-3,-3,-3,NA,NA
"feature_sums[32,3,1]",3,NA,0,3,3,3,3,3,NA,NA
"feature_sums[32,3,2]",-2,NA,0,-2,-2,-2,-2,-2,NA,NA
"feature_sums[32,3,3]",5,NA,0,5,5,5,5,5,NA,NA
"feature_sums[32,3,4]",5,NA,0,5,5,5,5,5,NA,NA
"feature_sums[32,3,5]",-1,NA,0,-1,-1,-1,-1,-1,NA,NA
"feature_sums[32,3,6]",0,NA,0,0,0,0,0,0,NA,NA
"feature_sums[32,3,7]",0,NA,0,0,0,0,0,0,NA,NA
"feature_sums[32,3,8]",4,NA,0,4,4,4,4,4,NA,NA
"feature_sums[32,4,1]",-7,NA,0,-7,-7,-7,-7,-7,NA,NA
"feature_sums[32,4,2]",2,NA,0,2,2,2,2,2,NA,NA
"feature_sums[32,4,3]",-1,NA,0,-1,-1,-1,-1,-1,NA,NA
"feature_sums[32,4,4]",-5,NA,0,-5,-5,-5,-5,-5,NA,NA
"feature_sums[32,4,5]",0,NA,0,0,0,0,0,0,NA,NA
"feature_sums[32,4,6]",-1,NA,0,-1,-1,-1,-1,-1,NA,NA
"feature_sums[32,4,7]",4,NA,0,4,4,4,4,4,NA,NA
"feature_sums[32,4,8]",0,NA,0,0,0,0,0,0,NA,NA
"feature_sums[32,5,1]",-3,NA,0,-3,-3,-3,-3,-3,NA,NA
"feature_sums[32,5,2]",2,NA,0,2,2,2,2,2,NA,NA
"feature_sums[32,5,3]",3,NA,0,3,3,3,3,3,NA,NA
"feature_sums[32,5,4]",1,NA,0,1,1,1,1,1,NA,NA
"feature_sums[32,5,5]",-1,NA,0,-1,-1,-1,-1,-1,NA,NA
"feature_sums[32,5,6]",0,NA,0,0,0,0,0,0,NA,NA
"feature_sums[32,5,7]",0,NA,0,0,0,0,0,0,NA,NA
"feature_sums[32,5,8]",-4,NA,0,-4,-4,-4,-4,-4,NA,NA
"feature_sums[33,1,1]",0,NA,0,0,0,0,0,0,NA,NA
"feature_sums[33,1,2]",0,NA,0,0,0,0,0,0,NA,NA
"feature_sums[33,1,3]",-7,NA,0,-7,-7,-7,-7,-7,NA,NA
"feature_sums[33,1,4]",3,NA,0,3,3,3,3,3,NA,NA
"feature_sums[33,1,5]",2,NA,0,2,2,2,2,2,NA,NA
"feature_sums[33,1,6]",-3,NA,0,-3,-3,-3,-3,-3,NA,NA
"feature_sums[33,1,7]",3,NA,0,3,3,3,3,3,NA,NA
"feature_sums[33,1,8]",-2,NA,0,-2,-2,-2,-2,-2,NA,NA
"feature_sums[33,2,1]",-2,NA,0,-2,-2,-2,-2,-2,NA,NA
"feature_sums[33,2,2]",1,NA,0,1,1,1,1,1,NA,NA
"feature_sums[33,2,3]",-3,NA,0,-3,-3,-3,-3,-3,NA,NA
"feature_sums[33,2,4]",0,NA,0,0,0,0,0,0,NA,NA
"feature_sums[33,2,5]",2,NA,0,2,2,2,2,2,NA,NA
"feature_sums[33,2,6]",2,NA,0,2,2,2,2,2,NA,NA
"feature_sums[33,2,7]",0,NA,0,0,0,0,0,0,NA,NA
"feature_sums[33,2,8]",-6,NA,0,-6,-6,-6,-6,-6,NA,NA
"feature_sums[33,3,1]",-7,NA,0,-7,-7,-7,-7,-7,NA,NA
"feature_sums[33,3,2]",-7,NA,0,-7,-7,-7,-7,-7,NA,NA
"feature_sums[33,3,3]",-5,NA,0,-5,-5,-5,-5,-5,NA,NA
"feature_sums[33,3,4]",4,NA,0,4,4,4,4,4,NA,NA
"feature_sums[33,3,5]",0,NA,0,0,0,0,0,0,NA,NA
"feature_sums[33,3,6]",0,NA,0,0,0,0,0,0,NA,NA
"feature_sums[33,3,7]",5,NA,0,5,5,5,5,5,NA,NA
"feature_sums[33,3,8]",-4,NA,0,-4,-4,-4,-4,-4,NA,NA
"feature_sums[33,4,1]",1,NA,0,1,1,1,1,1,NA,NA
"feature_sums[33,4,2]",-4,NA,0,-4,-4,-4,-4,-4,NA,NA
"feature_sums[33,4,3]",-8,NA,0,-8,-8,-8,-8,-8,NA,NA
"feature_sums[33,4,4]",1,NA,0,1,1,1,1,1,NA,NA
"feature_sums[33,4,5]",0,NA,0,0,0,0,0,0,NA,NA
"feature_sums[33,4,6]",0,NA,0,0,0,0,0,0,NA,NA
"feature_sums[33,4,7]",1,NA,0,1,1,1,1,1,NA,NA
"feature_sums[33,4,8]",-3,NA,0,-3,-3,-3,-3,-3,NA,NA
"feature_sums[33,5,1]",6,NA,0,6,6,6,6,6,NA,NA
"feature_sums[33,5,2]",-3,NA,0,-3,-3,-3,-3,-3,NA,NA
"feature_sums[33,5,3]",0,NA,0,0,0,0,0,0,NA,NA
"feature_sums[33,5,4]",7,NA,0,7,7,7,7,7,NA,NA
"feature_sums[33,5,5]",-1,NA,0,-1,-1,-1,-1,-1,NA,NA
"feature_sums[33,5,6]",-1,NA,0,-1,-1,-1,-1,-1,NA,NA
"feature_sums[33,5,7]",-2,NA,0,-2,-2,-2,-2,-2,NA,NA
"feature_sums[33,5,8]",0,NA,0,0,0,0,0,0,NA,NA
"feature_sums[34,1,1]",7,NA,0,7,7,7,7,7,NA,NA
"feature_sums[34,1,2]",-1,NA,0,-1,-1,-1,-1,-1,NA,NA
"feature_sums[34,1,3]",0,NA,0,0,0,0,0,0,NA,NA
"feature_sums[34,1,4]",1,NA,0,1,1,1,1,1,NA,NA
"feature_sums[34,1,5]",2,NA,0,2,2,2,2,2,NA,NA
"feature_sums[34,1,6]",4,NA,0,4,4,4,4,4,NA,NA
"feature_sums[34,1,7]",-5,NA,0,-5,-5,-5,-5,-5,NA,NA
"feature_sums[34,1,8]",0,NA,0,0,0,0,0,0,NA,NA
"feature_sums[34,2,1]",0,NA,0,0,0,0,0,0,NA,NA
"feature_sums[34,2,2]",-4,NA,0,-4,-4,-4,-4,-4,NA,NA
"feature_sums[34,2,3]",3,NA,0,3,3,3,3,3,NA,NA
"feature_sums[34,2,4]",3,NA,0,3,3,3,3,3,NA,NA
"feature_sums[34,2,5]",-1,NA,0,-1,-1,-1,-1,-1,NA,NA
"feature_sums[34,2,6]",0,NA,0,0,0,0,0,0,NA,NA
"feature_sums[34,2,7]",-9,NA,0,-9,-9,-9,-9,-9,NA,NA
"feature_sums[34,2,8]",-6,NA,0,-6,-6,-6,-6,-6,NA,NA
"feature_sums[34,3,1]",8,NA,0,8,8,8,8,8,NA,NA
"feature_sums[34,3,2]",5,NA,0,5,5,5,5,5,NA,NA
"feature_sums[34,3,3]",3,NA,0,3,3,3,3,3,NA,NA
"feature_sums[34,3,4]",5,NA,0,5,5,5,5,5,NA,NA
"feature_sums[34,3,5]",-2,NA,0,-2,-2,-2,-2,-2,NA,NA
"feature_sums[34,3,6]",-1,NA,0,-1,-1,-1,-1,-1,NA,NA
"feature_sums[34,3,7]",0,NA,0,0,0,0,0,0,NA,NA
"feature_sums[34,3,8]",0,NA,0,0,0,0,0,0,NA,NA
"feature_sums[34,4,1]",-1,NA,0,-1,-1,-1,-1,-1,NA,NA
"feature_sums[34,4,2]",8,NA,0,8,8,8,8,8,NA,NA
"feature_sums[34,4,3]",0,NA,0,0,0,0,0,0,NA,NA
"feature_sums[34,4,4]",0,NA,0,0,0,0,0,0,NA,NA
"feature_sums[34,4,5]",7,NA,0,7,7,7,7,7,NA,NA
"feature_sums[34,4,6]",-2,NA,0,-2,-2,-2,-2,-2,NA,NA
"feature_sums[34,4,7]",-3,NA,0,-3,-3,-3,-3,-3,NA,NA
"feature_sums[34,4,8]",-3,NA,0,-3,-3,-3,-3,-3,NA,NA
"feature_sums[34,5,1]",5,NA,0,5,5,5,5,5,NA,NA
"feature_sums[34,5,2]",0,NA,0,0,0,0,0,0,NA,NA
"feature_sums[34,5,3]",2,NA,0,2,2,2,2,2,NA,NA
"feature_sums[34,5,4]",9,NA,0,9,9,9,9,9,NA,NA
"feature_sums[34,5,5]",0,NA,0,0,0,0,0,0,NA,NA
"feature_sums[34,5,6]",-2,NA,0,-2,-2,-2,-2,-2,NA,NA
"feature_sums[34,5,7]",-1,NA,0,-1,-1,-1,-1,-1,NA,NA
"feature_sums[34,5,8]",-1,NA,0,-1,-1,-1,-1,-1,NA,NA
"feature_sums[35,1,1]",0,NA,0,0,0,0,0,0,NA,NA
"feature_sums[35,1,2]",-1,NA,0,-1,-1,-1,-1,-1,NA,NA
"feature_sums[35,1,3]",7,NA,0,7,7,7,7,7,NA,NA
"feature_sums[35,1,4]",8,NA,0,8,8,8,8,8,NA,NA
"feature_sums[35,1,5]",-1,NA,0,-1,-1,-1,-1,-1,NA,NA
"feature_sums[35,1,6]",-2,NA,0,-2,-2,-2,-2,-2,NA,NA
"feature_sums[35,1,7]",-1,NA,0,-1,-1,-1,-1,-1,NA,NA
"feature_sums[35,1,8]",0,NA,0,0,0,0,0,0,NA,NA
"feature_sums[35,2,1]",8,NA,0,8,8,8,8,8,NA,NA
"feature_sums[35,2,2]",3,NA,0,3,3,3,3,3,NA,NA
"feature_sums[35,2,3]",-3,NA,0,-3,-3,-3,-3,-3,NA,NA
"feature_sums[35,2,4]",3,NA,0,3,3,3,3,3,NA,NA
"feature_sums[35,2,5]",-1,NA,0,-1,-1,-1,-1,-1,NA,NA
"feature_sums[35,2,6]",0,NA,0,0,0,0,0,0,NA,NA
"feature_sums[35,2,7]",0,NA,0,0,0,0,0,0,NA,NA
"feature_sums[35,2,8]",-2,NA,0,-2,-2,-2,-2,-2,NA,NA
"feature_sums[35,3,1]",3,NA,0,3,3,3,3,3,NA,NA
"feature_sums[35,3,2]",0,NA,0,0,0,0,0,0,NA,NA
"feature_sums[35,3,3]",-3,NA,0,-3,-3,-3,-3,-3,NA,NA
"feature_sums[35,3,4]",-4,NA,0,-4,-4,-4,-4,-4,NA,NA
"feature_sums[35,3,5]",-4,NA,0,-4,-4,-4,-4,-4,NA,NA
"feature_sums[35,3,6]",2,NA,0,2,2,2,2,2,NA,NA
"feature_sums[35,3,7]",0,NA,0,0,0,0,0,0,NA,NA
"feature_sums[35,3,8]",-2,NA,0,-2,-2,-2,-2,-2,NA,NA
"feature_sums[35,4,1]",-3,NA,0,-3,-3,-3,-3,-3,NA,NA
"feature_sums[35,4,2]",-5,NA,0,-5,-5,-5,-5,-5,NA,NA
"feature_sums[35,4,3]",-7,NA,0,-7,-7,-7,-7,-7,NA,NA
"feature_sums[35,4,4]",0,NA,0,0,0,0,0,0,NA,NA
"feature_sums[35,4,5]",0,NA,0,0,0,0,0,0,NA,NA
"feature_sums[35,4,6]",1,NA,0,1,1,1,1,1,NA,NA
"feature_sums[35,4,7]",1,NA,0,1,1,1,1,1,NA,NA
"feature_sums[35,4,8]",-5,NA,0,-5,-5,-5,-5,-5,NA,NA
"feature_sums[35,5,1]",-3,NA,0,-3,-3,-3,-3,-3,NA,NA
"feature_sums[35,5,2]",-4,NA,0,-4,-4,-4,-4,-4,NA,NA
"feature_sums[35,5,3]",0,NA,0,0,0,0,0,0,NA,NA
"feature_sums[35,5,4]",2,NA,0,2,2,2,2,2,NA,NA
"feature_sums[35,5,5]",5,NA,0,5,5,5,5,5,NA,NA
"feature_sums[35,5,6]",0,NA,0,0,0,0,0,0,NA,NA
"feature_sums[35,5,7]",-6,NA,0,-6,-6,-6,-6,-6,NA,NA
"feature_sums[35,5,8]",-2,NA,0,-2,-2,-2,-2,-2,NA,NA
"feature_sums[36,1,1]",-4,NA,0,-4,-4,-4,-4,-4,NA,NA
"feature_sums[36,1,2]",1,NA,0,1,1,1,1,1,NA,NA
"feature_sums[36,1,3]",3,NA,0,3,3,3,3,3,NA,NA
"feature_sums[36,1,4]",5,NA,0,5,5,5,5,5,NA,NA
"feature_sums[36,1,5]",4,NA,0,4,4,4,4,4,NA,NA
"feature_sums[36,1,6]",-3,NA,0,-3,-3,-3,-3,-3,NA,NA
"feature_sums[36,1,7]",0,NA,0,0,0,0,0,0,NA,NA
"feature_sums[36,1,8]",0,NA,0,0,0,0,0,0,NA,NA
"feature_sums[36,2,1]",0,NA,0,0,0,0,0,0,NA,NA
"feature_sums[36,2,2]",1,NA,0,1,1,1,1,1,NA,NA
"feature_sums[36,2,3]",-3,NA,0,-3,-3,-3,-3,-3,NA,NA
"feature_sums[36,2,4]",0,NA,0,0,0,0,0,0,NA,NA
"feature_sums[36,2,5]",3,NA,0,3,3,3,3,3,NA,NA
"feature_sums[36,2,6]",-6,NA,0,-6,-6,-6,-6,-6,NA,NA
"feature_sums[36,2,7]",-4,NA,0,-4,-4,-4,-4,-4,NA,NA
"feature_sums[36,2,8]",1,NA,0,1,1,1,1,1,NA,NA
"feature_sums[36,3,1]",1,NA,0,1,1,1,1,1,NA,NA
"feature_sums[36,3,2]",1,NA,0,1,1,1,1,1,NA,NA
"feature_sums[36,3,3]",0,NA,0,0,0,0,0,0,NA,NA
"feature_sums[36,3,4]",2,NA,0,2,2,2,2,2,NA,NA
"feature_sums[36,3,5]",4,NA,0,4,4,4,4,4,NA,NA
"feature_sums[36,3,6]",0,NA,0,0,0,0,0,0,NA,NA
"feature_sums[36,3,7]",-3,NA,0,-3,-3,-3,-3,-3,NA,NA
"feature_sums[36,3,8]",-1,NA,0,-1,-1,-1,-1,-1,NA,NA
"feature_sums[36,4,1]",-1,NA,0,-1,-1,-1,-1,-1,NA,NA
"feature_sums[36,4,2]",8,NA,0,8,8,8,8,8,NA,NA
"feature_sums[36,4,3]",2,NA,0,2,2,2,2,2,NA,NA
"feature_sums[36,4,4]",1,NA,0,1,1,1,1,1,NA,NA
"feature_sums[36,4,5]",0,NA,0,0,0,0,0,0,NA,NA
"feature_sums[36,4,6]",0,NA,0,0,0,0,0,0,NA,NA
"feature_sums[36,4,7]",2,NA,0,2,2,2,2,2,NA,NA
"feature_sums[36,4,8]",-6,NA,0,-6,-6,-6,-6,-6,NA,NA
"feature_sums[36,5,1]",0,NA,0,0,0,0,0,0,NA,NA
"feature_sums[36,5,2]",0,NA,0,0,0,0,0,0,NA,NA
"feature_sums[36,5,3]",2,NA,0,2,2,2,2,2,NA,NA
"feature_sums[36,5,4]",-1,NA,0,-1,-1,-1,-1,-1,NA,NA
"feature_sums[36,5,5]",-8,NA,0,-8,-8,-8,-8,-8,NA,NA
"feature_sums[36,5,6]",5,NA,0,5,5,5,5,5,NA,NA
"feature_sums[36,5,7]",1,NA,0,1,1,1,1,1,NA,NA
"feature_sums[36,5,8]",-9,NA,0,-9,-9,-9,-9,-9,NA,NA
"feature_sums[37,1,1]",4,NA,0,4,4,4,4,4,NA,NA
"feature_sums[37,1,2]",0,NA,0,0,0,0,0,0,NA,NA
"feature_sums[37,1,3]",0,NA,0,0,0,0,0,0,NA,NA
"feature_sums[37,1,4]",3,NA,0,3,3,3,3,3,NA,NA
"feature_sums[37,1,5]",-9,NA,0,-9,-9,-9,-9,-9,NA,NA
"feature_sums[37,1,6]",-8,NA,0,-8,-8,-8,-8,-8,NA,NA
"feature_sums[37,1,7]",3,NA,0,3,3,3,3,3,NA,NA
"feature_sums[37,1,8]",3,NA,0,3,3,3,3,3,NA,NA
"feature_sums[37,2,1]",6,NA,0,6,6,6,6,6,NA,NA
"feature_sums[37,2,2]",-4,NA,0,-4,-4,-4,-4,-4,NA,NA
"feature_sums[37,2,3]",3,NA,0,3,3,3,3,3,NA,NA
"feature_sums[37,2,4]",0,NA,0,0,0,0,0,0,NA,NA
"feature_sums[37,2,5]",0,NA,0,0,0,0,0,0,NA,NA
"feature_sums[37,2,6]",2,NA,0,2,2,2,2,2,NA,NA
"feature_sums[37,2,7]",-5,NA,0,-5,-5,-5,-5,-5,NA,NA
"feature_sums[37,2,8]",6,NA,0,6,6,6,6,6,NA,NA
"feature_sums[37,3,1]",-6,NA,0,-6,-6,-6,-6,-6,NA,NA
"feature_sums[37,3,2]",-5,NA,0,-5,-5,-5,-5,-5,NA,NA
"feature_sums[37,3,3]",0,NA,0,0,0,0,0,0,NA,NA
"feature_sums[37,3,4]",0,NA,0,0,0,0,0,0,NA,NA
"feature_sums[37,3,5]",6,NA,0,6,6,6,6,6,NA,NA
"feature_sums[37,3,6]",8,NA,0,8,8,8,8,8,NA,NA
"feature_sums[37,3,7]",1,NA,0,1,1,1,1,1,NA,NA
"feature_sums[37,3,8]",-2,NA,0,-2,-2,-2,-2,-2,NA,NA
"feature_sums[37,4,1]",0,NA,0,0,0,0,0,0,NA,NA
"feature_sums[37,4,2]",2,NA,0,2,2,2,2,2,NA,NA
"feature_sums[37,4,3]",5,NA,0,5,5,5,5,5,NA,NA
"feature_sums[37,4,4]",-3,NA,0,-3,-3,-3,-3,-3,NA,NA
"feature_sums[37,4,5]",1,NA,0,1,1,1,1,1,NA,NA
"feature_sums[37,4,6]",1,NA,0,1,1,1,1,1,NA,NA
"feature_sums[37,4,7]",-6,NA,0,-6,-6,-6,-6,-6,NA,NA
"feature_sums[37,4,8]",0,NA,0,0,0,0,0,0,NA,NA
"feature_sums[37,5,1]",-8,NA,0,-8,-8,-8,-8,-8,NA,NA
"feature_sums[37,5,2]",-2,NA,0,-2,-2,-2,-2,-2,NA,NA
"feature_sums[37,5,3]",-2,NA,0,-2,-2,-2,-2,-2,NA,NA
"feature_sums[37,5,4]",1,NA,0,1,1,1,1,1,NA,NA
"feature_sums[37,5,5]",2,NA,0,2,2,2,2,2,NA,NA
"feature_sums[37,5,6]",0,NA,0,0,0,0,0,0,NA,NA
"feature_sums[37,5,7]",0,NA,0,0,0,0,0,0,NA,NA
"feature_sums[37,5,8]",-7,NA,0,-7,-7,-7,-7,-7,NA,NA
"feature_sums[38,1,1]",0,NA,0,0,0,0,0,0,NA,NA
"feature_sums[38,1,2]",0,NA,0,0,0,0,0,0,NA,NA
"feature_sums[38,1,3]",2,NA,0,2,2,2,2,2,NA,NA
"feature_sums[38,1,4]",5,NA,0,5,5,5,5,5,NA,NA
"feature_sums[38,1,5]",-2,NA,0,-2,-2,-2,-2,-2,NA,NA
"feature_sums[38,1,6]",-1,NA,0,-1,-1,-1,-1,-1,NA,NA
"feature_sums[38,1,7]",3,NA,0,3,3,3,3,3,NA,NA
"feature_sums[38,1,8]",-1,NA,0,-1,-1,-1,-1,-1,NA,NA
"feature_sums[38,2,1]",3,NA,0,3,3,3,3,3,NA,NA
"feature_sums[38,2,2]",6,NA,0,6,6,6,6,6,NA,NA
"feature_sums[38,2,3]",0,NA,0,0,0,0,0,0,NA,NA
"feature_sums[38,2,4]",3,NA,0,3,3,3,3,3,NA,NA
"feature_sums[38,2,5]",-5,NA,0,-5,-5,-5,-5,-5,NA,NA
"feature_sums[38,2,6]",0,NA,0,0,0,0,0,0,NA,NA
"feature_sums[38,2,7]",4,NA,0,4,4,4,4,4,NA,NA
"feature_sums[38,2,8]",-7,NA,0,-7,-7,-7,-7,-7,NA,NA
"feature_sums[38,3,1]",-3,NA,0,-3,-3,-3,-3,-3,NA,NA
"feature_sums[38,3,2]",9,NA,0,9,9,9,9,9,NA,NA
"feature_sums[38,3,3]",0,NA,0,0,0,0,0,0,NA,NA
"feature_sums[38,3,4]",0,NA,0,0,0,0,0,0,NA,NA
"feature_sums[38,3,5]",6,NA,0,6,6,6,6,6,NA,NA
"feature_sums[38,3,6]",-3,NA,0,-3,-3,-3,-3,-3,NA,NA
"feature_sums[38,3,7]",-4,NA,0,-4,-4,-4,-4,-4,NA,NA
"feature_sums[38,3,8]",-7,NA,0,-7,-7,-7,-7,-7,NA,NA
"feature_sums[38,4,1]",-8,NA,0,-8,-8,-8,-8,-8,NA,NA
"feature_sums[38,4,2]",-5,NA,0,-5,-5,-5,-5,-5,NA,NA
"feature_sums[38,4,3]",-1,NA,0,-1,-1,-1,-1,-1,NA,NA
"feature_sums[38,4,4]",2,NA,0,2,2,2,2,2,NA,NA
"feature_sums[38,4,5]",1,NA,0,1,1,1,1,1,NA,NA
"feature_sums[38,4,6]",-5,NA,0,-5,-5,-5,-5,-5,NA,NA
"feature_sums[38,4,7]",0,NA,0,0,0,0,0,0,NA,NA
"feature_sums[38,4,8]",0,NA,0,0,0,0,0,0,NA,NA
"feature_sums[38,5,1]",-2,NA,0,-2,-2,-2,-2,-2,NA,NA
"feature_sums[38,5,2]",-2,NA,0,-2,-2,-2,-2,-2,NA,NA
"feature_sums[38,5,3]",-2,NA,0,-2,-2,-2,-2,-2,NA,NA
"feature_sums[38,5,4]",0,NA,0,0,0,0,0,0,NA,NA
"feature_sums[38,5,5]",0,NA,0,0,0,0,0,0,NA,NA
"feature_sums[38,5,6]",-1,NA,0,-1,-1,-1,-1,-1,NA,NA
"feature_sums[38,5,7]",8,NA,0,8,8,8,8,8,NA,NA
"feature_sums[38,5,8]",7,NA,0,7,7,7,7,7,NA,NA
"feature_sums[39,1,1]",6,NA,0,6,6,6,6,6,NA,NA
"feature_sums[39,1,2]",3,NA,0,3,3,3,3,3,NA,NA
"feature_sums[39,1,3]",0,NA,0,0,0,0,0,0,NA,NA
"feature_sums[39,1,4]",8,NA,0,8,8,8,8,8,NA,NA
"feature_sums[39,1,5]",-2,NA,0,-2,-2,-2,-2,-2,NA,NA
"feature_sums[39,1,6]",0,NA,0,0,0,0,0,0,NA,NA
"feature_sums[39,1,7]",5,NA,0,5,5,5,5,5,NA,NA
"feature_sums[39,1,8]",-2,NA,0,-2,-2,-2,-2,-2,NA,NA
"feature_sums[39,2,1]",0,NA,0,0,0,0,0,0,NA,NA
"feature_sums[39,2,2]",-6,NA,0,-6,-6,-6,-6,-6,NA,NA
"feature_sums[39,2,3]",-1,NA,0,-1,-1,-1,-1,-1,NA,NA
"feature_sums[39,2,4]",9,NA,0,9,9,9,9,9,NA,NA
"feature_sums[39,2,5]",5,NA,0,5,5,5,5,5,NA,NA
"feature_sums[39,2,6]",-2,NA,0,-2,-2,-2,-2,-2,NA,NA
"feature_sums[39,2,7]",-3,NA,0,-3,-3,-3,-3,-3,NA,NA
"feature_sums[39,2,8]",0,NA,0,0,0,0,0,0,NA,NA
"feature_sums[39,3,1]",8,NA,0,8,8,8,8,8,NA,NA
"feature_sums[39,3,2]",5,NA,0,5,5,5,5,5,NA,NA
"feature_sums[39,3,3]",-5,NA,0,-5,-5,-5,-5,-5,NA,NA
"feature_sums[39,3,4]",0,NA,0,0,0,0,0,0,NA,NA
"feature_sums[39,3,5]",0,NA,0,0,0,0,0,0,NA,NA
"feature_sums[39,3,6]",-3,NA,0,-3,-3,-3,-3,-3,NA,NA
"feature_sums[39,3,7]",3,NA,0,3,3,3,3,3,NA,NA
"feature_sums[39,3,8]",4,NA,0,4,4,4,4,4,NA,NA
"feature_sums[39,4,1]",8,NA,0,8,8,8,8,8,NA,NA
"feature_sums[39,4,2]",0,NA,0,0,0,0,0,0,NA,NA
"feature_sums[39,4,3]",-2,NA,0,-2,-2,-2,-2,-2,NA,NA
"feature_sums[39,4,4]",-2,NA,0,-2,-2,-2,-2,-2,NA,NA
"feature_sums[39,4,5]",-2,NA,0,-2,-2,-2,-2,-2,NA,NA
"feature_sums[39,4,6]",9,NA,0,9,9,9,9,9,NA,NA
"feature_sums[39,4,7]",0,NA,0,0,0,0,0,0,NA,NA
"feature_sums[39,4,8]",-3,NA,0,-3,-3,-3,-3,-3,NA,NA
"feature_sums[39,5,1]",1,NA,0,1,1,1,1,1,NA,NA
"feature_sums[39,5,2]",0,NA,0,0,0,0,0,0,NA,NA
"feature_sums[39,5,3]",1,NA,0,1,1,1,1,1,NA,NA
"feature_sums[39,5,4]",-1,NA,0,-1,-1,-1,-1,-1,NA,NA
"feature_sums[39,5,5]",0,NA,0,0,0,0,0,0,NA,NA
"feature_sums[39,5,6]",3,NA,0,3,3,3,3,3,NA,NA
"feature_sums[39,5,7]",-5,NA,0,-5,-5,-5,-5,-5,NA,NA
"feature_sums[39,5,8]",-5,NA,0,-5,-5,-5,-5,-5,NA,NA
"feature_sums[40,1,1]",-5,NA,0,-5,-5,-5,-5,-5,NA,NA
"feature_sums[40,1,2]",-6,NA,0,-6,-6,-6,-6,-6,NA,NA
"feature_sums[40,1,3]",0,NA,0,0,0,0,0,0,NA,NA
"feature_sums[40,1,4]",-6,NA,0,-6,-6,-6,-6,-6,NA,NA
"feature_sums[40,1,5]",-7,NA,0,-7,-7,-7,-7,-7,NA,NA
"feature_sums[40,1,6]",0,NA,0,0,0,0,0,0,NA,NA
"feature_sums[40,1,7]",2,NA,0,2,2,2,2,2,NA,NA
"feature_sums[40,1,8]",2,NA,0,2,2,2,2,2,NA,NA
"feature_sums[40,2,1]",8,NA,0,8,8,8,8,8,NA,NA
"feature_sums[40,2,2]",-2,NA,0,-2,-2,-2,-2,-2,NA,NA
"feature_sums[40,2,3]",-4,NA,0,-4,-4,-4,-4,-4,NA,NA
"feature_sums[40,2,4]",0,NA,0,0,0,0,0,0,NA,NA
"feature_sums[40,2,5]",0,NA,0,0,0,0,0,0,NA,NA
"feature_sums[40,2,6]",-5,NA,0,-5,-5,-5,-5,-5,NA,NA
"feature_sums[40,2,7]",-2,NA,0,-2,-2,-2,-2,-2,NA,NA
"feature_sums[40,2,8]",9,NA,0,9,9,9,9,9,NA,NA
"feature_sums[40,3,1]",0,NA,0,0,0,0,0,0,NA,NA
"feature_sums[40,3,2]",-7,NA,0,-7,-7,-7,-7,-7,NA,NA
"feature_sums[40,3,3]",-6,NA,0,-6,-6,-6,-6,-6,NA,NA
"feature_sums[40,3,4]",5,NA,0,5,5,5,5,5,NA,NA
"feature_sums[40,3,5]",-3,NA,0,-3,-3,-3,-3,-3,NA,NA
"feature_sums[40,3,6]",0,NA,0,0,0,0,0,0,NA,NA
"feature_sums[40,3,7]",6,NA,0,6,6,6,6,6,NA,NA
"feature_sums[40,3,8]",-1,NA,0,-1,-1,-1,-1,-1,NA,NA
"feature_sums[40,4,1]",3,NA,0,3,3,3,3,3,NA,NA
"feature_sums[40,4,2]",7,NA,0,7,7,7,7,7,NA,NA
"feature_sums[40,4,3]",-7,NA,0,-7,-7,-7,-7,-7,NA,NA
"feature_sums[40,4,4]",-9,NA,0,-9,-9,-9,-9,-9,NA,NA
"feature_sums[40,4,5]",4,NA,0,4,4,4,4,4,NA,NA
"feature_sums[40,4,6]",2,NA,0,2,2,2,2,2,NA,NA
"feature_sums[40,4,7]",0,NA,0,0,0,0,0,0,NA,NA
"feature_sums[40,4,8]",0,NA,0,0,0,0,0,0,NA,NA
"feature_sums[40,5,1]",-5,NA,0,-5,-5,-5,-5,-5,NA,NA
"feature_sums[40,5,2]",0,NA,0,0,0,0,0,0,NA,NA
"feature_sums[40,5,3]",0,NA,0,0,0,0,0,0,NA,NA
"feature_sums[40,5,4]",-8,NA,0,-8,-8,-8,-8,-8,NA,NA
"feature_sums[40,5,5]",4,NA,0,4,4,4,4,4,NA,NA
"feature_sums[40,5,6]",1,NA,0,1,1,1,1,1,NA,NA
"feature_sums[40,5,7]",2,NA,0,2,2,2,2,2,NA,NA
"feature_sums[40,5,8]",8,NA,0,8,8,8,8,8,NA,NA
"feature_sums[41,1,1]",8,NA,0,8,8,8,8,8,NA,NA
"feature_sums[41,1,2]",0,NA,0,0,0,0,0,0,NA,NA
"feature_sums[41,1,3]",0,NA,0,0,0,0,0,0,NA,NA
"feature_sums[41,1,4]",9,NA,0,9,9,9,9,9,NA,NA
"feature_sums[41,1,5]",-4,NA,0,-4,-4,-4,-4,-4,NA,NA
"feature_sums[41,1,6]",-1,NA,0,-1,-1,-1,-1,-1,NA,NA
"feature_sums[41,1,7]",-1,NA,0,-1,-1,-1,-1,-1,NA,NA
"feature_sums[41,1,8]",-5,NA,0,-5,-5,-5,-5,-5,NA,NA
"feature_sums[41,2,1]",0,NA,0,0,0,0,0,0,NA,NA
"feature_sums[41,2,2]",1,NA,0,1,1,1,1,1,NA,NA
"feature_sums[41,2,3]",7,NA,0,7,7,7,7,7,NA,NA
"feature_sums[41,2,4]",0,NA,0,0,0,0,0,0,NA,NA
"feature_sums[41,2,5]",-9,NA,0,-9,-9,-9,-9,-9,NA,NA
"feature_sums[41,2,6]",-5,NA,0,-5,-5,-5,-5,-5,NA,NA
"feature_sums[41,2,7]",1,NA,0,1,1,1,1,1,NA,NA
"feature_sums[41,2,8]",3,NA,0,3,3,3,3,3,NA,NA
"feature_sums[41,3,1]",-4,NA,0,-4,-4,-4,-4,-4,NA,NA
"feature_sums[41,3,2]",1,NA,0,1,1,1,1,1,NA,NA
"feature_sums[41,3,3]",-3,NA,0,-3,-3,-3,-3,-3,NA,NA
"feature_sums[41,3,4]",-4,NA,0,-4,-4,-4,-4,-4,NA,NA
"feature_sums[41,3,5]",0,NA,0,0,0,0,0,0,NA,NA
"feature_sums[41,3,6]",2,NA,0,2,2,2,2,2,NA,NA
"feature_sums[41,3,7]",6,NA,0,6,6,6,6,6,NA,NA
"feature_sums[41,3,8]",0,NA,0,0,0,0,0,0,NA,NA
"feature_sums[41,4,1]",-2,NA,0,-2,-2,-2,-2,-2,NA,NA
"feature_sums[41,4,2]",-4,NA,0,-4,-4,-4,-4,-4,NA,NA
"feature_sums[41,4,3]",7,NA,0,7,7,7,7,7,NA,NA
"feature_sums[41,4,4]",-1,NA,0,-1,-1,-1,-1,-1,NA,NA
"feature_sums[41,4,5]",-1,NA,0,-1,-1,-1,-1,-1,NA,NA
"feature_sums[41,4,6]",0,NA,0,0,0,0,0,0,NA,NA
"feature_sums[41,4,7]",0,NA,0,0,0,0,0,0,NA,NA
"feature_sums[41,4,8]",9,NA,0,9,9,9,9,9,NA,NA
"feature_sums[41,5,1]",5,NA,0,5,5,5,5,5,NA,NA
"feature_sums[41,5,2]",-5,NA,0,-5,-5,-5,-5,-5,NA,NA
"feature_sums[41,5,3]",0,NA,0,0,0,0,0,0,NA,NA
"feature_sums[41,5,4]",1,NA,0,1,1,1,1,1,NA,NA
"feature_sums[41,5,5]",2,NA,0,2,2,2,2,2,NA,NA
"feature_sums[41,5,6]",3,NA,0,3,3,3,3,3,NA,NA
"feature_sums[41,5,7]",-8,NA,0,-8,-8,-8,-8,-8,NA,NA
"feature_sums[41,5,8]",0,NA,0,0,0,0,0,0,NA,NA
"feature_sums[42,1,1]",0,NA,0,0,0,0,0,0,NA,NA
"feature_sums[42,1,2]",-3,NA,0,-3,-3,-3,-3,-3,NA,NA
"feature_sums[42,1,3]",-1,NA,0,-1,-1,-1,-1,-1,NA,NA
"feature_sums[42,1,4]",-2,NA,0,-2,-2,-2,-2,-2,NA,NA
"feature_sums[42,1,5]",3,NA,0,3,3,3,3,3,NA,NA
"feature_sums[42,1,6]",2,NA,0,2,2,2,2,2,NA,NA
"feature_sums[42,1,7]",-5,NA,0,-5,-5,-5,-5,-5,NA,NA
"feature_sums[42,1,8]",0,NA,0,0,0,0,0,0,NA,NA
"feature_sums[42,2,1]",-1,NA,0,-1,-1,-1,-1,-1,NA,NA
"feature_sums[42,2,2]",5,NA,0,5,5,5,5,5,NA,NA
"feature_sums[42,2,3]",-2,NA,0,-2,-2,-2,-2,-2,NA,NA
"feature_sums[42,2,4]",0,NA,0,0,0,0,0,0,NA,NA
"feature_sums[42,2,5]",0,NA,0,0,0,0,0,0,NA,NA
"feature_sums[42,2,6]",-4,NA,0,-4,-4,-4,-4,-4,NA,NA
"feature_sums[42,2,7]",8,NA,0,8,8,8,8,8,NA,NA
"feature_sums[42,2,8]",4,NA,0,4,4,4,4,4,NA,NA
"feature_sums[42,3,1]",5,NA,0,5,5,5,5,5,NA,NA
"feature_sums[42,3,2]",-1,NA,0,-1,-1,-1,-1,-1,NA,NA
"feature_sums[42,3,3]",0,NA,0,0,0,0,0,0,NA,NA
"feature_sums[42,3,4]",0,NA,0,0,0,0,0,0,NA,NA
"feature_sums[42,3,5]",-3,NA,0,-3,-3,-3,-3,-3,NA,NA
"feature_sums[42,3,6]",-7,NA,0,-7,-7,-7,-7,-7,NA,NA
"feature_sums[42,3,7]",-3,NA,0,-3,-3,-3,-3,-3,NA,NA
"feature_sums[42,3,8]",7,NA,0,7,7,7,7,7,NA,NA
"feature_sums[42,4,1]",2,NA,0,2,2,2,2,2,NA,NA
"feature_sums[42,4,2]",0,NA,0,0,0,0,0,0,NA,NA
"feature_sums[42,4,3]",0,NA,0,0,0,0,0,0,NA,NA
"feature_sums[42,4,4]",1,NA,0,1,1,1,1,1,NA,NA
"feature_sums[42,4,5]",-2,NA,0,-2,-2,-2,-2,-2,NA,NA
"feature_sums[42,4,6]",-4,NA,0,-4,-4,-4,-4,-4,NA,NA
"feature_sums[42,4,7]",-4,NA,0,-4,-4,-4,-4,-4,NA,NA
"feature_sums[42,4,8]",-1,NA,0,-1,-1,-1,-1,-1,NA,NA
"feature_sums[42,5,1]",7,NA,0,7,7,7,7,7,NA,NA
"feature_sums[42,5,2]",6,NA,0,6,6,6,6,6,NA,NA
"feature_sums[42,5,3]",-3,NA,0,-3,-3,-3,-3,-3,NA,NA
"feature_sums[42,5,4]",-1,NA,0,-1,-1,-1,-1,-1,NA,NA
"feature_sums[42,5,5]",-1,NA,0,-1,-1,-1,-1,-1,NA,NA
"feature_sums[42,5,6]",0,NA,0,0,0,0,0,0,NA,NA
"feature_sums[42,5,7]",0,NA,0,0,0,0,0,0,NA,NA
"feature_sums[42,5,8]",-2,NA,0,-2,-2,-2,-2,-2,NA,NA
"feature_sums[43,1,1]",4,NA,0,4,4,4,4,4,NA,NA
"feature_sums[43,1,2]",2,NA,0,2,2,2,2,2,NA,NA
"feature_sums[43,1,3]",2,NA,0,2,2,2,2,2,NA,NA
"feature_sums[43,1,4]",0,NA,0,0,0,0,0,0,NA,NA
"feature_sums[43,1,5]",0,NA,0,0,0,0,0,0,NA,NA
"feature_sums[43,1,6]",-1,NA,0,-1,-1,-1,-1,-1,NA,NA
"feature_sums[43,1,7]",-2,NA,0,-2,-2,-2,-2,-2,NA,NA
"feature_sums[43,1,8]",3,NA,0,3,3,3,3,3,NA,NA
"feature_sums[43,2,1]",0,NA,0,0,0,0,0,0,NA,NA
"feature_sums[43,2,2]",1,NA,0,1,1,1,1,1,NA,NA
"feature_sums[43,2,3]",3,NA,0,3,3,3,3,3,NA,NA
"feature_sums[43,2,4]",1,NA,0,1,1,1,1,1,NA,NA
"feature_sums[43,2,5]",-4,NA,0,-4,-4,-4,-4,-4,NA,NA
"feature_sums[43,2,6]",-6,NA,0,-6,-6,-6,-6,-6,NA,NA
"feature_sums[43,2,7]",-3,NA,0,-3,-3,-3,-3,-3,NA,NA
"feature_sums[43,2,8]",0,NA,0,0,0,0,0,0,NA,NA
"feature_sums[43,3,1]",-5,NA,0,-5,-5,-5,-5,-5,NA,NA
"feature_sums[43,3,2]",0,NA,0,0,0,0,0,0,NA,NA
"feature_sums[43,3,3]",3,NA,0,3,3,3,3,3,NA,NA
"feature_sums[43,3,4]",4,NA,0,4,4,4,4,4,NA,NA
"feature_sums[43,3,5]",-5,NA,0,-5,-5,-5,-5,-5,NA,NA
"feature_sums[43,3,6]",-7,NA,0,-7,-7,-7,-7,-7,NA,NA
"feature_sums[43,3,7]",0,NA,0,0,0,0,0,0,NA,NA
"feature_sums[43,3,8]",-4,NA,0,-4,-4,-4,-4,-4,NA,NA
"feature_sums[43,4,1]",1,NA,0,1,1,1,1,1,NA,NA
"feature_sums[43,4,2]",2,NA,0,2,2,2,2,2,NA,NA
"feature_sums[43,4,3]",0,NA,0,0,0,0,0,0,NA,NA
"feature_sums[43,4,4]",2,NA,0,2,2,2,2,2,NA,NA
"feature_sums[43,4,5]",-3,NA,0,-3,-3,-3,-3,-3,NA,NA
"feature_sums[43,4,6]",0,NA,0,0,0,0,0,0,NA,NA
"feature_sums[43,4,7]",5,NA,0,5,5,5,5,5,NA,NA
"feature_sums[43,4,8]",-1,NA,0,-1,-1,-1,-1,-1,NA,NA
"feature_sums[43,5,1]",-1,NA,0,-1,-1,-1,-1,-1,NA,NA
"feature_sums[43,5,2]",-9,NA,0,-9,-9,-9,-9,-9,NA,NA
"feature_sums[43,5,3]",-7,NA,0,-7,-7,-7,-7,-7,NA,NA
"feature_sums[43,5,4]",1,NA,0,1,1,1,1,1,NA,NA
"feature_sums[43,5,5]",2,NA,0,2,2,2,2,2,NA,NA
"feature_sums[43,5,6]",2,NA,0,2,2,2,2,2,NA,NA
"feature_sums[43,5,7]",0,NA,0,0,0,0,0,0,NA,NA
"feature_sums[43,5,8]",0,NA,0,0,0,0,0,0,NA,NA
"feature_sums[44,1,1]",0,NA,0,0,0,0,0,0,NA,NA
"feature_sums[44,1,2]",5,NA,0,5,5,5,5,5,NA,NA
"feature_sums[44,1,3]",7,NA,0,7,7,7,7,7,NA,NA
"feature_sums[44,1,4]",1,NA,0,1,1,1,1,1,NA,NA
"feature_sums[44,1,5]",-1,NA,0,-1,-1,-1,-1,-1,NA,NA
"feature_sums[44,1,6]",0,NA,0,0,0,0,0,0,NA,NA
"feature_sums[44,1,7]",-3,NA,0,-3,-3,-3,-3,-3,NA,NA
"feature_sums[44,1,8]",-3,NA,0,-3,-3,-3,-3,-3,NA,NA
"feature_sums[44,2,1]",-4,NA,0,-4,-4,-4,-4,-4,NA,NA
"feature_sums[44,2,2]",1,NA,0,1,1,1,1,1,NA,NA
"feature_sums[44,2,3]",0,NA,0,0,0,0,0,0,NA,NA
"feature_sums[44,2,4]",0,NA,0,0,0,0,0,0,NA,NA
"feature_sums[44,2,5]",-1,NA,0,-1,-1,-1,-1,-1,NA,NA
"feature_sums[44,2,6]",-5,NA,0,-5,-5,-5,-5,-5,NA,NA
"feature_sums[44,2,7]",2,NA,0,2,2,2,2,2,NA,NA
"feature_sums[44,2,8]",1,NA,0,1,1,1,1,1,NA,NA
"feature_sums[44,3,1]",-1,NA,0,-1,-1,-1,-1,-1,NA,NA
"feature_sums[44,3,2]",4,NA,0,4,4,4,4,4,NA,NA
"feature_sums[44,3,3]",-2,NA,0,-2,-2,-2,-2,-2,NA,NA
"feature_sums[44,3,4]",-3,NA,0,-3,-3,-3,-3,-3,NA,NA
"feature_sums[44,3,5]",7,NA,0,7,7,7,7,7,NA,NA
"feature_sums[44,3,6]",3,NA,0,3,3,3,3,3,NA,NA
"feature_sums[44,3,7]",0,NA,0,0,0,0,0,0,NA,NA
"feature_sums[44,3,8]",0,NA,0,0,0,0,0,0,NA,NA
"feature_sums[44,4,1]",-5,NA,0,-5,-5,-5,-5,-5,NA,NA
"feature_sums[44,4,2]",0,NA,0,0,0,0,0,0,NA,NA
"feature_sums[44,4,3]",7,NA,0,7,7,7,7,7,NA,NA
"feature_sums[44,4,4]",2,NA,0,2,2,2,2,2,NA,NA
"feature_sums[44,4,5]",0,NA,0,0,0,0,0,0,NA,NA
"feature_sums[44,4,6]",4,NA,0,4,4,4,4,4,NA,NA
"feature_sums[44,4,7]",1,NA,0,1,1,1,1,1,NA,NA
"feature_sums[44,4,8]",-3,NA,0,-3,-3,-3,-3,-3,NA,NA
"feature_sums[44,5,1]",7,NA,0,7,7,7,7,7,NA,NA
"feature_sums[44,5,2]",-2,NA,0,-2,-2,-2,-2,-2,NA,NA
"feature_sums[44,5,3]",-2,NA,0,-2,-2,-2,-2,-2,NA,NA
"feature_sums[44,5,4]",9,NA,0,9,9,9,9,9,NA,NA
"feature_sums[44,5,5]",0,NA,0,0,0,0,0,0,NA,NA
"feature_sums[44,5,6]",-1,NA,0,-1,-1,-1,-1,-1,NA,NA
"feature_sums[44,5,7]",1,NA,0,1,1,1,1,1,NA,NA
"feature_sums[44,5,8]",0,NA,0,0,0,0,0,0,NA,NA
"feature_sums[45,1,1]",-4,NA,0,-4,-4,-4,-4,-4,NA,NA
"feature_sums[45,1,2]",8,NA,0,8,8,8,8,8,NA,NA
"feature_sums[45,1,3]",0,NA,0,0,0,0,0,0,NA,NA
"feature_sums[45,1,4]",-8,NA,0,-8,-8,-8,-8,-8,NA,NA
"feature_sums[45,1,5]",6,NA,0,6,6,6,6,6,NA,NA
"feature_sums[45,1,6]",-1,NA,0,-1,-1,-1,-1,-1,NA,NA
"feature_sums[45,1,7]",-3,NA,0,-3,-3,-3,-3,-3,NA,NA
"feature_sums[45,1,8]",0,NA,0,0,0,0,0,0,NA,NA
"feature_sums[45,2,1]",4,NA,0,4,4,4,4,4,NA,NA
"feature_sums[45,2,2]",0,NA,0,0,0,0,0,0,NA,NA
"feature_sums[45,2,3]",2,NA,0,2,2,2,2,2,NA,NA
"feature_sums[45,2,4]",-6,NA,0,-6,-6,-6,-6,-6,NA,NA
"feature_sums[45,2,5]",0,NA,0,0,0,0,0,0,NA,NA
"feature_sums[45,2,6]",1,NA,0,1,1,1,1,1,NA,NA
"feature_sums[45,2,7]",-5,NA,0,-5,-5,-5,-5,-5,NA,NA
"feature_sums[45,2,8]",6,NA,0,6,6,6,6,6,NA,NA
"feature_sums[45,3,1]",1,NA,0,1,1,1,1,1,NA,NA
"feature_sums[45,3,2]",-2,NA,0,-2,-2,-2,-2,-2,NA,NA
"feature_sums[45,3,3]",2,NA,0,2,2,2,2,2,NA,NA
"feature_sums[45,3,4]",2,NA,0,2,2,2,2,2,NA,NA
"feature_sums[45,3,5]",-9,NA,0,-9,-9,-9,-9,-9,NA,NA
"feature_sums[45,3,6]",0,NA,0,0,0,0,0,0,NA,NA
"feature_sums[45,3,7]",0,NA,0,0,0,0,0,0,NA,NA
"feature_sums[45,3,8]",-6,NA,0,-6,-6,-6,-6,-6,NA,NA
"feature_sums[45,4,1]",0,NA,0,0,0,0,0,0,NA,NA
"feature_sums[45,4,2]",-1,NA,0,-1,-1,-1,-1,-1,NA,NA
"feature_sums[45,4,3]",-5,NA,0,-5,-5,-5,-5,-5,NA,NA
"feature_sums[45,4,4]",0,NA,0,0,0,0,0,0,NA,NA
"feature_sums[45,4,5]",1,NA,0,1,1,1,1,1,NA,NA
"feature_sums[45,4,6]",-8,NA,0,-8,-8,-8,-8,-8,NA,NA
"feature_sums[45,4,7]",-3,NA,0,-3,-3,-3,-3,-3,NA,NA
"feature_sums[45,4,8]",2,NA,0,2,2,2,2,2,NA,NA
"feature_sums[45,5,1]",3,NA,0,3,3,3,3,3,NA,NA
"feature_sums[45,5,2]",2,NA,0,2,2,2,2,2,NA,NA
"feature_sums[45,5,3]",-3,NA,0,-3,-3,-3,-3,-3,NA,NA
"feature_sums[45,5,4]",4,NA,0,4,4,4,4,4,NA,NA
"feature_sums[45,5,5]",0,NA,0,0,0,0,0,0,NA,NA
"feature_sums[45,5,6]",-4,NA,0,-4,-4,-4,-4,-4,NA,NA
"feature_sums[45,5,7]",2,NA,0,2,2,2,2,2,NA,NA
"feature_sums[45,5,8]",0,NA,0,0,0,0,0,0,NA,NA
"feature_sums[46,1,1]",-5,NA,0,-5,-5,-5,-5,-5,NA,NA
"feature_sums[46,1,2]",6,NA,0,6,6,6,6,6,NA,NA
"feature_sums[46,1,3]",9,NA,0,9,9,9,9,9,NA,NA
"feature_sums[46,1,4]",1,NA,0,1,1,1,1,1,NA,NA
"feature_sums[46,1,5]",0,NA,0,0,0,0,0,0,NA,NA
"feature_sums[46,1,6]",0,NA,0,0,0,0,0,0,NA,NA
"feature_sums[46,1,7]",-1,NA,0,-1,-1,-1,-1,-1,NA,NA
"feature_sums[46,1,8]",-4,NA,0,-4,-4,-4,-4,-4,NA,NA
"feature_sums[46,2,1]",-2,NA,0,-2,-2,-2,-2,-2,NA,NA
"feature_sums[46,2,2]",0,NA,0,0,0,0,0,0,NA,NA
"feature_sums[46,2,3]",2,NA,0,2,2,2,2,2,NA,NA
"feature_sums[46,2,4]",1,NA,0,1,1,1,1,1,NA,NA
"feature_sums[46,2,5]",2,NA,0,2,2,2,2,2,NA,NA
"feature_sums[46,2,6]",6,NA,0,6,6,6,6,6,NA,NA
"feature_sums[46,2,7]",0,NA,0,0,0,0,0,0,NA,NA
"feature_sums[46,2,8]",-5,NA,0,-5,-5,-5,-5,-5,NA,NA
"feature_sums[46,3,1]",0,NA,0,0,0,0,0,0,NA,NA
"feature_sums[46,3,2]",3,NA,0,3,3,3,3,3,NA,NA
"feature_sums[46,3,3]",2,NA,0,2,2,2,2,2,NA,NA
"feature_sums[46,3,4]",-3,NA,0,-3,-3,-3,-3,-3,NA,NA
"feature_sums[46,3,5]",-1,NA,0,-1,-1,-1,-1,-1,NA,NA
"feature_sums[46,3,6]",-1,NA,0,-1,-1,-1,-1,-1,NA,NA
"feature_sums[46,3,7]",-2,NA,0,-2,-2,-2,-2,-2,NA,NA
"feature_sums[46,3,8]",0,NA,0,0,0,0,0,0,NA,NA
"feature_sums[46,4,1]",3,NA,0,3,3,3,3,3,NA,NA
"feature_sums[46,4,2]",1,NA,0,1,1,1,1,1,NA,NA
"feature_sums[46,4,3]",-3,NA,0,-3,-3,-3,-3,-3,NA,NA
"feature_sums[46,4,4]",-6,NA,0,-6,-6,-6,-6,-6,NA,NA
"feature_sums[46,4,5]",0,NA,0,0,0,0,0,0,NA,NA
"feature_sums[46,4,6]",0,NA,0,0,0,0,0,0,NA,NA
"feature_sums[46,4,7]",-1,NA,0,-1,-1,-1,-1,-1,NA,NA
"feature_sums[46,4,8]",4,NA,0,4,4,4,4,4,NA,NA
"feature_sums[46,5,1]",-4,NA,0,-4,-4,-4,-4,-4,NA,NA
"feature_sums[46,5,2]",-2,NA,0,-2,-2,-2,-2,-2,NA,NA
"feature_sums[46,5,3]",0,NA,0,0,0,0,0,0,NA,NA
"feature_sums[46,5,4]",0,NA,0,0,0,0,0,0,NA,NA
"feature_sums[46,5,5]",-2,NA,0,-2,-2,-2,-2,-2,NA,NA
"feature_sums[46,5,6]",3,NA,0,3,3,3,3,3,NA,NA
"feature_sums[46,5,7]",4,NA,0,4,4,4,4,4,NA,NA
"feature_sums[46,5,8]",-3,NA,0,-3,-3,-3,-3,-3,NA,NA
"feature_sums[47,1,1]",6,NA,0,6,6,6,6,6,NA,NA
"feature_sums[47,1,2]",0,NA,0,0,0,0,0,0,NA,NA
"feature_sums[47,1,3]",-2,NA,0,-2,-2,-2,-2,-2,NA,NA
"feature_sums[47,1,4]",-2,NA,0,-2,-2,-2,-2,-2,NA,NA
"feature_sums[47,1,5]",-6,NA,0,-6,-6,-6,-6,-6,NA,NA
"feature_sums[47,1,6]",8,NA,0,8,8,8,8,8,NA,NA
"feature_sums[47,1,7]",0,NA,0,0,0,0,0,0,NA,NA
"feature_sums[47,1,8]",-8,NA,0,-8,-8,-8,-8,-8,NA,NA
"feature_sums[47,2,1]",0,NA,0,0,0,0,0,0,NA,NA
"feature_sums[47,2,2]",-9,NA,0,-9,-9,-9,-9,-9,NA,NA
"feature_sums[47,2,3]",-7,NA,0,-7,-7,-7,-7,-7,NA,NA
"feature_sums[47,2,4]",0,NA,0,0,0,0,0,0,NA,NA
"feature_sums[47,2,5]",4,NA,0,4,4,4,4,4,NA,NA
"feature_sums[47,2,6]",6,NA,0,6,6,6,6,6,NA,NA
"feature_sums[47,2,7]",1,NA,0,1,1,1,1,1,NA,NA
"feature_sums[47,2,8]",1,NA,0,1,1,1,1,1,NA,NA
"feature_sums[47,3,1]",-3,NA,0,-3,-3,-3,-3,-3,NA,NA
"feature_sums[47,3,2]",-1,NA,0,-1,-1,-1,-1,-1,NA,NA
"feature_sums[47,3,3]",9,NA,0,9,9,9,9,9,NA,NA
"feature_sums[47,3,4]",-2,NA,0,-2,-2,-2,-2,-2,NA,NA
"feature_sums[47,3,5]",-2,NA,0,-2,-2,-2,-2,-2,NA,NA
"feature_sums[47,3,6]",7,NA,0,7,7,7,7,7,NA,NA
"feature_sums[47,3,7]",0,NA,0,0,0,0,0,0,NA,NA
"feature_sums[47,3,8]",0,NA,0,0,0,0,0,0,NA,NA
"feature_sums[47,4,1]",-4,NA,0,-4,-4,-4,-4,-4,NA,NA
"feature_sums[47,4,2]",-8,NA,0,-8,-8,-8,-8,-8,NA,NA
"feature_sums[47,4,3]",-2,NA,0,-2,-2,-2,-2,-2,NA,NA
"feature_sums[47,4,4]",6,NA,0,6,6,6,6,6,NA,NA
"feature_sums[47,4,5]",0,NA,0,0,0,0,0,0,NA,NA
"feature_sums[47,4,6]",-2,NA,0,-2,-2,-2,-2,-2,NA,NA
"feature_sums[47,4,7]",2,NA,0,2,2,2,2,2,NA,NA
"feature_sums[47,4,8]",0,NA,0,0,0,0,0,0,NA,NA
"feature_sums[47,5,1]",-3,NA,0,-3,-3,-3,-3,-3,NA,NA
"feature_sums[47,5,2]",2,NA,0,2,2,2,2,2,NA,NA
"feature_sums[47,5,3]",0,NA,0,0,0,0,0,0,NA,NA
"feature_sums[47,5,4]",-9,NA,0,-9,-9,-9,-9,-9,NA,NA
"feature_sums[47,5,5]",-5,NA,0,-5,-5,-5,-5,-5,NA,NA
"feature_sums[47,5,6]",0,NA,0,0,0,0,0,0,NA,NA
"feature_sums[47,5,7]",3,NA,0,3,3,3,3,3,NA,NA
"feature_sums[47,5,8]",2,NA,0,2,2,2,2,2,NA,NA
"feature_sums[48,1,1]",0,NA,0,0,0,0,0,0,NA,NA
"feature_sums[48,1,2]",0,NA,0,0,0,0,0,0,NA,NA
"feature_sums[48,1,3]",-6,NA,0,-6,-6,-6,-6,-6,NA,NA
"feature_sums[48,1,4]",-1,NA,0,-1,-1,-1,-1,-1,NA,NA
"feature_sums[48,1,5]",6,NA,0,6,6,6,6,6,NA,NA
"feature_sums[48,1,6]",-1,NA,0,-1,-1,-1,-1,-1,NA,NA
"feature_sums[48,1,7]",3,NA,0,3,3,3,3,3,NA,NA
"feature_sums[48,1,8]",5,NA,0,5,5,5,5,5,NA,NA
"feature_sums[48,2,1]",2,NA,0,2,2,2,2,2,NA,NA
"feature_sums[48,2,2]",1,NA,0,1,1,1,1,1,NA,NA
"feature_sums[48,2,3]",0,NA,0,0,0,0,0,0,NA,NA
"feature_sums[48,2,4]",0,NA,0,0,0,0,0,0,NA,NA
"feature_sums[48,2,5]",7,NA,0,7,7,7,7,7,NA,NA
"feature_sums[48,2,6]",6,NA,0,6,6,6,6,6,NA,NA
"feature_sums[48,2,7]",-8,NA,0,-8,-8,-8,-8,-8,NA,NA
"feature_sums[48,2,8]",-6,NA,0,-6,-6,-6,-6,-6,NA,NA
"feature_sums[48,3,1]",0,NA,0,0,0,0,0,0,NA,NA
"feature_sums[48,3,2]",-1,NA,0,-1,-1,-1,-1,-1,NA,NA
"feature_sums[48,3,3]",-1,NA,0,-1,-1,-1,-1,-1,NA,NA
"feature_sums[48,3,4]",-5,NA,0,-5,-5,-5,-5,-5,NA,NA
"feature_sums[48,3,5]",4,NA,0,4,4,4,4,4,NA,NA
"feature_sums[48,3,6]",0,NA,0,0,0,0,0,0,NA,NA
"feature_sums[48,3,7]",-2,NA,0,-2,-2,-2,-2,-2,NA,NA
"feature_sums[48,3,8]",7,NA,0,7,7,7,7,7,NA,NA
"feature_sums[48,4,1]",-4,NA,0,-4,-4,-4,-4,-4,NA,NA
"feature_sums[48,4,2]",8,NA,0,8,8,8,8,8,NA,NA
"feature_sums[48,4,3]",-1,NA,0,-1,-1,-1,-1,-1,NA,NA
"feature_sums[48,4,4]",-3,NA,0,-3,-3,-3,-3,-3,NA,NA
"feature_sums[48,4,5]",0,NA,0,0,0,0,0,0,NA,NA
"feature_sums[48,4,6]",-1,NA,0,-1,-1,-1,-1,-1,NA,NA
"feature_sums[48,4,7]",9,NA,0,9,9,9,9,9,NA,NA
"feature_sums[48,4,8]",0,NA,0,0,0,0,0,0,NA,NA
"feature_sums[48,5,1]",-1,NA,0,-1,-1,-1,-1,-1,NA,NA
"feature_sums[48,5,2]",0,NA,0,0,0,0,0,0,NA,NA
"feature_sums[48,5,3]",-7,NA,0,-7,-7,-7,-7,-7,NA,NA
"feature_sums[48,5,4]",-6,NA,0,-6,-6,-6,-6,-6,NA,NA
"feature_sums[48,5,5]",2,NA,0,2,2,2,2,2,NA,NA
"feature_sums[48,5,6]",4,NA,0,4,4,4,4,4,NA,NA
"feature_sums[48,5,7]",0,NA,0,0,0,0,0,0,NA,NA
"feature_sums[48,5,8]",-4,NA,0,-4,-4,-4,-4,-4,NA,NA
"feature_sums[49,1,1]",0,NA,0,0,0,0,0,0,NA,NA
"feature_sums[49,1,2]",2,NA,0,2,2,2,2,2,NA,NA
"feature_sums[49,1,3]",1,NA,0,1,1,1,1,1,NA,NA
"feature_sums[49,1,4]",1,NA,0,1,1,1,1,1,NA,NA
"feature_sums[49,1,5]",3,NA,0,3,3,3,3,3,NA,NA
"feature_sums[49,1,6]",0,NA,0,0,0,0,0,0,NA,NA
"feature_sums[49,1,7]",-9,NA,0,-9,-9,-9,-9,-9,NA,NA
"feature_sums[49,1,8]",-8,NA,0,-8,-8,-8,-8,-8,NA,NA
"feature_sums[49,2,1]",8,NA,0,8,8,8,8,8,NA,NA
"feature_sums[49,2,2]",0,NA,0,0,0,0,0,0,NA,NA
"feature_sums[49,2,3]",0,NA,0,0,0,0,0,0,NA,NA
"feature_sums[49,2,4]",2,NA,0,2,2,2,2,2,NA,NA
"feature_sums[49,2,5]",-2,NA,0,-2,-2,-2,-2,-2,NA,NA
"feature_sums[49,2,6]",-3,NA,0,-3,-3,-3,-3,-3,NA,NA
"feature_sums[49,2,7]",-3,NA,0,-3,-3,-3,-3,-3,NA,NA
"feature_sums[49,2,8]",4,NA,0,4,4,4,4,4,NA,NA
"feature_sums[49,3,1]",0,NA,0,0,0,0,0,0,NA,NA
"feature_sums[49,3,2]",-3,NA,0,-3,-3,-3,-3,-3,NA,NA
"feature_sums[49,3,3]",-6,NA,0,-6,-6,-6,-6,-6,NA,NA
"feature_sums[49,3,4]",0,NA,0,0,0,0,0,0,NA,NA
"feature_sums[49,3,5]",6,NA,0,6,6,6,6,6,NA,NA
"feature_sums[49,3,6]",-3,NA,0,-3,-3,-3,-3,-3,NA,NA
"feature_sums[49,3,7]",-1,NA,0,-1,-1,-1,-1,-1,NA,NA
"feature_sums[49,3,8]",5,NA,0,5,5,5,5,5,NA,NA
"feature_sums[49,4,1]",-3,NA,0,-3,-3,-3,-3,-3,NA,NA
"feature_sums[49,4,2]",0,NA,0,0,0,0,0,0,NA,NA
"feature_sums[49,4,3]",-7,NA,0,-7,-7,-7,-7,-7,NA,NA
"feature_sums[49,4,4]",-3,NA,0,-3,-3,-3,-3,-3,NA,NA
"feature_sums[49,4,5]",0,NA,0,0,0,0,0,0,NA,NA
"feature_sums[49,4,6]",5,NA,0,5,5,5,5,5,NA,NA
"feature_sums[49,4,7]",8,NA,0,8,8,8,8,8,NA,NA
"feature_sums[49,4,8]",-4,NA,0,-4,-4,-4,-4,-4,NA,NA
"feature_sums[49,5,1]",1,NA,0,1,1,1,1,1,NA,NA
"feature_sums[49,5,2]",2,NA,0,2,2,2,2,2,NA,NA
"feature_sums[49,5,3]",-5,NA,0,-5,-5,-5,-5,-5,NA,NA
"feature_sums[49,5,4]",3,NA,0,3,3,3,3,3,NA,NA
"feature_sums[49,5,5]",6,NA,0,6,6,6,6,6,NA,NA
"feature_sums[49,5,6]",-3,NA,0,-3,-3,-3,-3,-3,NA,NA
"feature_sums[49,5,7]",0,NA,0,0,0,0,0,0,NA,NA
"feature_sums[49,5,8]",0,NA,0,0,0,0,0,0,NA,NA
"feature_sums[50,1,1]",-2,NA,0,-2,-2,-2,-2,-2,NA,NA
"feature_sums[50,1,2]",0,NA,0,0,0,0,0,0,NA,NA
"feature_sums[50,1,3]",0,NA,0,0,0,0,0,0,NA,NA
"feature_sums[50,1,4]",-1,NA,0,-1,-1,-1,-1,-1,NA,NA
"feature_sums[50,1,5]",-4,NA,0,-4,-4,-4,-4,-4,NA,NA
"feature_sums[50,1,6]",8,NA,0,8,8,8,8,8,NA,NA
"feature_sums[50,1,7]",5,NA,0,5,5,5,5,5,NA,NA
"feature_sums[50,1,8]",-8,NA,0,-8,-8,-8,-8,-8,NA,NA
"feature_sums[50,2,1]",0,NA,0,0,0,0,0,0,NA,NA
"feature_sums[50,2,2]",1,NA,0,1,1,1,1,1,NA,NA
"feature_sums[50,2,3]",1,NA,0,1,1,1,1,1,NA,NA
"feature_sums[50,2,4]",0,NA,0,0,0,0,0,0,NA,NA
"feature_sums[50,2,5]",-7,NA,0,-7,-7,-7,-7,-7,NA,NA
"feature_sums[50,2,6]",2,NA,0,2,2,2,2,2,NA,NA
"feature_sums[50,2,7]",1,NA,0,1,1,1,1,1,NA,NA
"feature_sums[50,2,8]",-8,NA,0,-8,-8,-8,-8,-8,NA,NA
"feature_sums[50,3,1]",-8,NA,0,-8,-8,-8,-8,-8,NA,NA
"feature_sums[50,3,2]",2,NA,0,2,2,2,2,2,NA,NA
"feature_sums[50,3,3]",1,NA,0,1,1,1,1,1,NA,NA
"feature_sums[50,3,4]",2,NA,0,2,2,2,2,2,NA,NA
"feature_sums[50,3,5]",0,NA,0,0,0,0,0,0,NA,NA
"feature_sums[50,3,6]",0,NA,0,0,0,0,0,0,NA,NA
"feature_sums[50,3,7]",5,NA,0,5,5,5,5,5,NA,NA
"feature_sums[50,3,8]",-6,NA,0,-6,-6,-6,-6,-6,NA,NA
"feature_sums[50,4,1]",4,NA,0,4,4,4,4,4,NA,NA
"feature_sums[50,4,2]",1,NA,0,1,1,1,1,1,NA,NA
"feature_sums[50,4,3]",0,NA,0,0,0,0,0,0,NA,NA
"feature_sums[50,4,4]",0,NA,0,0,0,0,0,0,NA,NA
"feature_sums[50,4,5]",1,NA,0,1,1,1,1,1,NA,NA
"feature_sums[50,4,6]",2,NA,0,2,2,2,2,2,NA,NA
"feature_sums[50,4,7]",-6,NA,0,-6,-6,-6,-6,-6,NA,NA
"feature_sums[50,4,8]",-4,NA,0,-4,-4,-4,-4,-4,NA,NA
"feature_sums[50,5,1]",1,NA,0,1,1,1,1,1,NA,NA
"feature_sums[50,5,2]",6,NA,0,6,6,6,6,6,NA,NA
"feature_sums[50,5,3]",6,NA,0,6,6,6,6,6,NA,NA
"feature_sums[50,5,4]",-1,NA,0,-1,-1,-1,-1,-1,NA,NA
"feature_sums[50,5,5]",-3,NA,0,-3,-3,-3,-3,-3,NA,NA
"feature_sums[50,5,6]",-1,NA,0,-1,-1,-1,-1,-1,NA,NA
"feature_sums[50,5,7]",0,NA,0,0,0,0,0,0,NA,NA
"feature_sums[50,5,8]",0,NA,0,0,0,0,0,0,NA,NA
"log_lik[1]",-1.11160750160165,0.00298608840002601,0.233463893067105,-1.62455896941486,-1.24602954069319,-1.09339295118857,-0.962425301036121,-0.675658986253448,6112.71468949889,0.999466126377361
"log_lik[2]",-0.593241266006465,0.00252791066918405,0.200257960411537,-1.03054064728676,-0.714111343695067,-0.573005534994085,-0.453180552673311,-0.255281044337061,6275.61267600778,0.99957186252076
"log_lik[3]",-1.22821344556989,0.00403122300581737,0.313982761509436,-1.92938829570679,-1.40454509959025,-1.20046662883158,-1.01900400768483,-0.68030929694511,6066.49664759958,0.99952804096606
"log_lik[4]",-0.338557715548844,0.00207761100324434,0.156048984371695,-0.717575797024162,-0.41880206355552,-0.315065287978869,-0.230527973538804,-0.110073647033641,5641.48476311776,0.999573668984629
"log_lik[5]",-0.449831152136236,0.00342299494570344,0.27066393722287,-1.13364487207295,-0.586772477010183,-0.399162197393833,-0.252092991339403,-0.0891395179325783,6252.42188096737,0.999717418945611
"log_lik[6]",-0.765373894592921,0.0027660401067817,0.197952635403205,-1.22568832210851,-0.869996524422358,-0.741040131948399,-0.626523830654659,-0.449591242941628,5121.59968529185,0.999436492077551
"log_lik[7]",-0.593241266006465,0.00252791066918405,0.200257960411537,-1.03054064728676,-0.714111343695067,-0.573005534994085,-0.453180552673311,-0.255281044337061,6275.61267600778,0.99957186252076
"log_lik[8]",-0.656577290336068,0.00220605432171691,0.171016278248231,-1.01580405149574,-0.764528051650279,-0.647443512727565,-0.542923639704151,-0.347510872605073,6009.55753101953,0.999509952961073
"log_lik[9]",-0.470426989935964,0.00137822975630974,0.102847748865977,-0.723819627504799,-0.519478432616542,-0.459876306297001,-0.405677683742505,-0.297066699244881,5568.60401481235,0.9992563841219
"log_lik[10]",-0.810761731979493,0.00166471250670192,0.121413647813462,-1.04737161985047,-0.884185052980583,-0.810757448398312,-0.738734623580041,-0.552535560563989,5319.32505688725,0.999276429769902
"log_lik[11]",-1.19960578817403,0.00751980403681076,0.538851849825585,-2.46179125722853,-1.50135720281142,-1.11133858031849,-0.812199399260798,-0.388398551130239,5134.82574243812,0.999564727833918
"log_lik[12]",-0.307297166981283,0.00232928134456378,0.171686078689219,-0.737464274079154,-0.389951642361484,-0.275283771533964,-0.187464755138951,-0.0771755255291013,5432.83188252227,0.999684643424882
"log_lik[13]",-0.47793740475891,0.00359993725704972,0.245433469068424,-1.10678011464096,-0.595591706019738,-0.427418598200473,-0.302501841976883,-0.150635257608666,4648.12403604731,0.999539294462966
"log_lik[14]",-0.8706293540989,0.00368102630737548,0.262337867465442,-1.48381291838661,-1.02397275103275,-0.839513548914041,-0.685104404072083,-0.448097669545763,5079.06914480639,0.999487228285959
"log_lik[15]",-0.897320249425895,0.00243356980511198,0.1616152126977,-1.25553009732479,-0.993928255791411,-0.883155045516407,-0.786996407918491,-0.619214228430573,4410.38863046057,0.999486522013183
"log_lik[16]",-0.675278151695664,0.00472306303137062,0.351832739571782,-1.51675113232449,-0.87669663453078,-0.625732433935642,-0.411639761312276,-0.156562357584793,5549.13150606355,0.999376353721766
"log_lik[17]",-0.961619268774721,0.00248685734871477,0.159557528699051,-1.31662283014143,-1.04517935022773,-0.951903355343949,-0.864953826571882,-0.668006717200065,4116.54487773515,0.999528871833594
"log_lik[18]",-0.494384962766641,0.0015922588564374,0.100594173103142,-0.718936029450332,-0.546575433421375,-0.487769501200842,-0.433291828540522,-0.312028029745829,3991.33613261895,0.999412212048008
"log_lik[19]",-0.485992605038339,0.00196461764545999,0.130530582351145,-0.785451406803471,-0.55784337862354,-0.472751234404435,-0.398611494138117,-0.26573649289431,4414.36734389057,0.999414726772716
"log_lik[20]",-0.711010505817722,0.00555742418755717,0.410913911214936,-1.70411289165923,-0.944348721802093,-0.644791761438107,-0.398829675912165,-0.130872592148507,5467.0694974535,0.999390805119449
"log_lik[21]",-0.642109688315272,0.00393299632941444,0.29548705532188,-1.34192971809274,-0.815429224171921,-0.604751615358638,-0.421968645460853,-0.185799199753693,5644.55667499406,0.999364006258048
"log_lik[22]",-0.494384962766641,0.0015922588564374,0.100594173103142,-0.718936029450332,-0.546575433421375,-0.487769501200842,-0.433291828540522,-0.312028029745829,3991.33613261895,0.999412212048008
"log_lik[23]",-0.584206160533807,0.0026124518912651,0.192949818967759,-1.01844054051983,-0.701255170808253,-0.565494049012861,-0.444983627636164,-0.257180513577799,5454.96725178074,0.999356752534605
"log_lik[24]",-0.915510935713065,0.00205497273136021,0.130121983347908,-1.20730787615385,-0.984744988027305,-0.906205255593169,-0.832081770520115,-0.681356869011679,4009.49080517487,0.999522445583274
"log_lik[25]",-0.879235821190094,0.00257204548044981,0.140901764850911,-1.16154966486755,-0.964924859002225,-0.881590855696818,-0.795471800451581,-0.586646799856347,3001.06621798412,1.00091567483494
"log_lik[26]",-0.582699111339614,0.00431326873233338,0.272518653664261,-1.23090316832399,-0.740143290374344,-0.542274572300783,-0.386102615964394,-0.173113849598805,3991.89799463731,0.999967345189148
"log_lik[27]",-0.551761063051277,0.00216020572059589,0.133837833556888,-0.849209688105815,-0.62685992979,-0.539092459854288,-0.461729062738413,-0.327892791312246,3838.55327431684,1.00001546280569
"log_lik[28]",-0.896768152721398,0.00359789954046185,0.243342061959854,-1.44596855743578,-1.04011161991066,-0.8708894608295,-0.726232613286015,-0.490390373747085,4574.42278894172,0.999429112458479
"log_lik[29]",-0.990284614148342,0.0108873813442035,0.622278156347463,-2.45711152901122,-1.35795883878753,-0.885675729956046,-0.513178549588919,-0.106390112543242,3266.79771302088,1.00082230886319
"log_lik[30]",-0.911357542091491,0.00449814997305367,0.313380011498788,-1.63181067770183,-1.09000304055123,-0.872757797489584,-0.689416427389139,-0.413517740608053,4853.72003013583,0.999399325096156
"log_lik[31]",-0.582699111339614,0.00431326873233338,0.272518653664261,-1.23090316832399,-0.740143290374344,-0.542274572300783,-0.386102615964394,-0.173113849598805,3991.89799463731,0.999967345189148
"log_lik[32]",-0.878198601156906,0.00323497671068837,0.166569404475282,-1.18182618569664,-0.986261740091962,-0.89053381620264,-0.781150441628712,-0.510228085738556,2651.23454094178,1.00250835520242
"log_lik[33]",-0.971175124107798,0.00484490102424904,0.304824169128586,-1.59745217709731,-1.16801388580708,-0.962251986186314,-0.763292366407918,-0.39822565668172,3958.48477327791,1.00047681675769
"log_lik[34]",-0.655904199985434,0.00372350746208037,0.270833271136475,-1.29333420566767,-0.800955088632996,-0.619415570796147,-0.466276829903073,-0.227018757511063,5290.53477454013,0.999658072344071
"log_lik[35]",-1.05808491617807,0.00707124870486897,0.470142116949524,-2.07704313681783,-1.35030831582333,-1.02133071574576,-0.71975928000377,-0.277443162519835,4420.44603081825,1.00020358856073
"log_lik[36]",-0.823005078285054,0.00359207171871434,0.251468131862073,-1.41863571357564,-0.963382322147467,-0.796441946314465,-0.653240721613261,-0.403117030962462,4900.90080773544,0.999822214229032
"log_lik[37]",-0.823005078285054,0.00359207171871434,0.251468131862073,-1.41863571357564,-0.963382322147467,-0.796441946314465,-0.653240721613261,-0.403117030962462,4900.90080773544,0.999822214229032
"log_lik[38]",-0.262098401455251,0.00193675404534904,0.126077336622907,-0.551902300690183,-0.336358986432813,-0.244991426863448,-0.169783413641547,-0.0698643210364787,4237.65023290908,0.99977332330396
"log_lik[39]",-0.320435089301452,0.00178928345102196,0.113077071882508,-0.565326399524044,-0.389906207669106,-0.312109030778286,-0.240600849551368,-0.125712422455878,3993.84142755546,0.999877412043602
"log_lik[40]",-0.320435089301452,0.00178928345102196,0.113077071882508,-0.565326399524044,-0.389906207669106,-0.312109030778286,-0.240600849551368,-0.125712422455878,3993.84142755546,0.999877412043602
"log_lik[41]",-0.396611340820983,0.00167889718561327,0.0964665294224463,-0.602906604629471,-0.456188262093333,-0.394783016183766,-0.334029859770982,-0.210911133519434,3301.45290291043,1.00008032365255
"log_lik[42]",-0.453391461064881,0.00347306887671445,0.229078728175629,-0.97298305666024,-0.589759829833225,-0.424670857526206,-0.287382850689803,-0.10814670115794,4350.53567434933,0.99930492065898
"log_lik[43]",-0.396611340820983,0.00167889718561327,0.0964665294224463,-0.602906604629471,-0.456188262093333,-0.394783016183766,-0.334029859770982,-0.210911133519434,3301.45290291043,1.00008032365255
"log_lik[44]",-0.396611340820983,0.00167889718561327,0.0964665294224463,-0.602906604629471,-0.456188262093333,-0.394783016183766,-0.334029859770982,-0.210911133519434,3301.45290291043,1.00008032365255
"log_lik[45]",-0.7919952749111,0.00242715458334846,0.14509994331627,-1.10381658361109,-0.873719815330673,-0.787561706868176,-0.700226924420338,-0.51277640889374,3573.87708139693,0.999531394469726
"log_lik[46]",-0.7919952749111,0.00242715458334846,0.14509994331627,-1.10381658361109,-0.873719815330673,-0.787561706868176,-0.700226924420338,-0.51277640889374,3573.87708139693,0.999531394469726
"log_lik[47]",-0.607969240176623,0.00283142319924486,0.19773859520201,-1.04823763943874,-0.730915447988627,-0.588747573984937,-0.465104709239454,-0.279227005114331,4877.23090036082,1.00050162047411
"log_lik[48]",-0.648644297631522,0.00350544707809701,0.249378271488864,-1.21204249392803,-0.796893339565078,-0.617548964535659,-0.46630916655167,-0.255357115233723,5060.93070498493,1.00047356673116
"log_lik[49]",-0.813738982023302,0.00407915208831428,0.296719649924026,-1.49005574811572,-0.987017220728304,-0.77493132753894,-0.599159780846911,-0.353236401550139,5291.18345889874,1.00039953096221
"log_lik[50]",-0.458179598782179,0.00138085665740037,0.0896304018378464,-0.632490283166189,-0.514344598549594,-0.459425761173903,-0.405313862275289,-0.274689949952433,4213.21372973485,0.999213021271281
"log_lik[51]",-0.42216182182338,0.00182430203801406,0.134299723304107,-0.714015400569012,-0.503303075831914,-0.410746683666775,-0.328505687723651,-0.193049211752529,5419.46915941577,0.999357317616363
"log_lik[52]",-0.868577056014191,0.0031196841028987,0.210290411704103,-1.34245041698532,-0.992483856813865,-0.84417446567183,-0.718843016733749,-0.524182510679626,4543.78425987205,1.00046754210458
"log_lik[53]",-0.388957227084391,0.0028269796603659,0.21595895329877,-0.916805846947817,-0.496527905315058,-0.346844275037044,-0.232268061455404,-0.0994042856833735,5835.75512507989,0.999607803687175
"log_lik[54]",-0.607969240176623,0.00283142319924486,0.19773859520201,-1.04823763943874,-0.730915447988627,-0.588747573984937,-0.465104709239454,-0.279227005114331,4877.23090036082,1.00050162047411
"log_lik[55]",-0.382506850027719,0.00321387601687392,0.244175615194299,-0.998616904187713,-0.493411413031683,-0.326884109636762,-0.205755338770428,-0.076810285855948,5772.26609822453,0.99965509820528
"log_lik[56]",-0.507354412052478,0.0014884539453442,0.0888940495731246,-0.680814523524754,-0.563357211403647,-0.512604178562647,-0.453819376073256,-0.318975666696809,3566.76567707428,1.00010820463525
"log_lik[57]",-0.607969240176623,0.00283142319924486,0.19773859520201,-1.04823763943874,-0.730915447988627,-0.588747573984937,-0.465104709239454,-0.279227005114331,4877.23090036082,1.00050162047411
"log_lik[58]",-1.11794072628605,0.00391670899866397,0.273634579733137,-1.73978239401072,-1.27296152350304,-1.08813209562381,-0.927681733932238,-0.67270557071078,4880.89367051463,0.999398986871886
"log_lik[59]",-0.438626387401968,0.00156527308654141,0.109630261061194,-0.665732113248907,-0.506857728735679,-0.434332123076569,-0.367501979364737,-0.234900001542659,4905.47041220554,0.999241894153689
"log_lik[60]",-0.790068918428559,0.0059853908705277,0.431130197447387,-1.81105416854203,-1.03200923856804,-0.719701300718969,-0.466995854056776,-0.186647926789192,5188.38090424378,1.00040436529268
"log_lik[61]",-0.30324614369142,0.00203783268841635,0.125875888330411,-0.590376931705762,-0.378350938232295,-0.289769162721809,-0.213504219311749,-0.0998088417009687,3815.47004408929,1.00014034220073
"log_lik[62]",-0.917457456474674,0.00505714908085074,0.338722749891609,-1.74085161735066,-1.08951838552887,-0.86418140705107,-0.681763773920695,-0.406157733431216,4486.1854239693,0.999706877767452
"log_lik[63]",-0.40990581008454,0.00173276169035375,0.0942630066936557,-0.590416108084299,-0.469606731628164,-0.412262624031065,-0.352055682237558,-0.2164172566794,2959.40839481533,1.00022691279632
"log_lik[64]",-0.351100262018159,0.00188040875703569,0.110246039218834,-0.581270792490323,-0.420433388245471,-0.345792477802416,-0.275727227991854,-0.147925582462959,3437.33184214672,1.00022283705918
"log_lik[65]",-0.329361795680294,0.00511970159600765,0.317200519051811,-1.21099347924719,-0.434498221227833,-0.237742560614581,-0.111226663891989,-0.0176539151793139,3838.6496941101,1.00005363701298
"log_lik[66]",-0.30324614369142,0.00203783268841635,0.125875888330411,-0.590376931705762,-0.378350938232295,-0.289769162721809,-0.213504219311749,-0.0998088417009687,3815.47004408929,1.00014034220073
"log_lik[67]",-0.669502574724299,0.00225564822419521,0.142954668036283,-0.96210973558107,-0.758627503482834,-0.668214533785189,-0.576074658734391,-0.395955490895839,4016.55705856565,0.999644533142408
"log_lik[68]",-1.15448656913529,0.00671735758181872,0.421749839897269,-2.16070129192057,-1.37688830630394,-1.09555936211739,-0.855280050438185,-0.501712890879255,3941.96639649093,0.999778492951148
"log_lik[69]",-0.669502574724299,0.00225564822419521,0.142954668036283,-0.96210973558107,-0.758627503482834,-0.668214533785189,-0.576074658734391,-0.395955490895839,4016.55705856565,0.999644533142408
"log_lik[70]",-0.166256451036514,0.00199371824554149,0.148709980177786,-0.581593823283241,-0.217194224171358,-0.124009351933416,-0.0654896527916983,-0.0145337007429442,5563.5585748863,0.999158310583615
"log_lik[71]",-1.02885953886045,0.00230643318380804,0.160846353562897,-1.34967727058492,-1.1255838039115,-1.02707306584882,-0.92762338922761,-0.712241127573642,4863.40776487837,0.999189699122979
"log_lik[72]",-0.578931654214022,0.00246290130059458,0.167673789901258,-0.943680550776552,-0.68097757689996,-0.568851102995988,-0.465364867437235,-0.273141204261105,4634.85706375877,0.999656855861202
"log_lik[73]",-0.578931654214022,0.00246290130059458,0.167673789901258,-0.943680550776552,-0.68097757689996,-0.568851102995988,-0.465364867437235,-0.273141204261105,4634.85706375877,0.999656855861202
"log_lik[74]",-1.02885953886045,0.00230643318380804,0.160846353562897,-1.34967727058492,-1.1255838039115,-1.02707306584882,-0.92762338922761,-0.712241127573642,4863.40776487837,0.999189699122979
"log_lik[75]",-0.187662160357463,0.00190175437514854,0.14530579645342,-0.584445346905427,-0.245919792016678,-0.150677741538415,-0.0865855651254575,-0.0228988132606292,5837.905093499,0.999160636158445
"log_lik[76]",-1.02885953886045,0.00230643318380804,0.160846353562897,-1.34967727058492,-1.1255838039115,-1.02707306584882,-0.92762338922761,-0.712241127573642,4863.40776487837,0.999189699122979
"log_lik[77]",-0.24497229529992,0.00171236417320719,0.135593832482706,-0.589249289016526,-0.314664624510753,-0.219555703786257,-0.148717016869797,-0.0569075381308277,6270.2896982409,0.999172508046625
"log_lik[78]",-0.329546444193497,0.00151243836047603,0.118275619704908,-0.610114986750971,-0.396348546651647,-0.31637455910502,-0.247200235983429,-0.13714226475011,6115.54401802772,0.999173919575979
"log_lik[79]",-0.501819611550734,0.00263044399114946,0.188806317347264,-0.937245227631562,-0.616191538795751,-0.481256489577318,-0.369338428882768,-0.184245988197331,5151.98897386829,0.999622501439475
"log_lik[80]",-0.865736009932663,0.00393560906388992,0.23557004489969,-1.4312303319288,-0.988608664944495,-0.83511530386318,-0.705466710437396,-0.492973897068076,3582.74769469585,0.999818416917049
"log_lik[81]",-0.264284677313501,0.0034052271498696,0.240237955115351,-0.927934302652422,-0.349392119407803,-0.195947121187993,-0.101634287537369,-0.0215129551007427,4977.26850953508,0.99942846059032
"log_lik[82]",-0.367112431468672,0.00177423490023134,0.13554722835918,-0.675448327700084,-0.446663954956887,-0.35206770937128,-0.273565062201546,-0.14398637171901,5836.5881311359,0.999397671183348
"log_lik[83]",-1.14644325298344,0.00367767861528638,0.246894386980371,-1.70671994297066,-1.27177737661466,-1.11932931728587,-0.982674425086314,-0.746686868807743,4506.86847589744,0.999814491231036
"log_lik[84]",-0.773491490537657,0.00397979855621021,0.276693510487273,-1.42251494521935,-0.930363859773749,-0.737904326511089,-0.582543653472473,-0.342979024997344,4833.65630170783,0.999991898276216
"log_lik[85]",-0.616175964235605,0.0019793802386909,0.140111778562995,-0.916844411540198,-0.697980530120823,-0.607972596926519,-0.522585826149794,-0.370065639640106,5010.61266390936,0.999686276152137
"log_lik[86]",-0.690692543993407,0.00287705150334281,0.201795714190757,-1.14058582902287,-0.806176935022806,-0.669992351086777,-0.553851876714079,-0.359884471420877,4919.58652959089,0.999870867781156
"log_lik[87]",-0.337957379797171,0.00206319102176785,0.157987707176358,-0.718089226862078,-0.423120292818972,-0.314503314547245,-0.22610469204205,-0.0996097522842463,5863.64560890912,0.999400496831166
"log_lik[88]",-0.680134710979227,0.00348173185993261,0.253829722942748,-1.23667885209589,-0.817522883657071,-0.65030772744074,-0.501552377366212,-0.275894454052916,5314.89034007772,0.999778604810458
"log_lik[89]",-0.887756109948967,0.00394864095174797,0.285260471702547,-1.56881347285705,-1.04606334174721,-0.848373856105705,-0.687545090774608,-0.432338734159197,5219.00726484374,0.999646379032603
"log_lik[90]",-0.771300647612697,0.00285223626718141,0.205181012397236,-1.26092249049923,-0.886909476742234,-0.747631286351295,-0.629528398173174,-0.432094131003045,5174.91643498412,0.999749360556684
"log_lik[91]",-0.666797434930556,0.00199630446814653,0.141066120355013,-0.990025538408298,-0.748056440127404,-0.65702311638516,-0.572504087189683,-0.416198578917202,4993.34860835626,0.999894371545304
"log_lik[92]",-1.08048534161082,0.00287470510147143,0.190451606351231,-1.53763262500763,-1.167451304885,-1.05955028905058,-0.961842004282318,-0.767996380411727,4389.17281555087,0.99998795270782
"log_lik[93]",-0.574831848303987,0.00145414735970522,0.0992386946871061,-0.784559601634089,-0.631897675661931,-0.573064332663827,-0.513027513899291,-0.376740060527081,4657.41833264611,1.00000696805485
"log_lik[94]",-0.323818584708137,0.00163856790639052,0.124312235551093,-0.600290379087322,-0.394283009839017,-0.310801878143283,-0.236769863877425,-0.117867539860442,5755.70947642087,0.999396418992994
"log_lik[95]",-0.370069392410618,0.00370755398911147,0.274536979051215,-1.05994353930058,-0.494487793711904,-0.30441706042478,-0.173377595516188,-0.0454796724623029,5483.10715343709,0.99927396913876
"log_lik[96]",-0.653710902301945,0.00231702750139445,0.178952592667684,-1.04739159877564,-0.761089956969204,-0.641478840868112,-0.530903954127872,-0.333226979247094,5965.04346457917,0.99937862968545
"log_lik[97]",-0.456991524487254,0.00316832623417948,0.246553858251805,-1.04898321022743,-0.5861548008798,-0.415664658873938,-0.277118581547593,-0.107234193979538,6055.69257303696,0.999237685120238
"log_lik[98]",-0.183708811464457,0.00253902866249452,0.173078778249805,-0.623945100193372,-0.244301793565135,-0.135875167528526,-0.0678182099399985,-0.0142865898608503,4646.78345822576,0.999551789873699
"log_lik[99]",-0.628098569338651,0.00207583060506263,0.110965285270952,-0.87563763639057,-0.688939209955505,-0.618754689985459,-0.555165297471003,-0.433582661459714,2857.52768400729,1.00074529908253
"log_lik[100]",-0.400604523898401,0.00156893916828044,0.0876161124471979,-0.581981418545972,-0.450496861851583,-0.398918131143223,-0.345376388908315,-0.23453354367566,3118.57180806445,1.00014459710609
"log_lik[101]",-0.352175372450776,0.00301599681227693,0.187600363803075,-0.780030882265046,-0.458088836803792,-0.324826496102171,-0.216074625082985,-0.0771645898643567,3869.06117139314,1.00106008063865
"log_lik[102]",-0.628098569338651,0.00207583060506263,0.110965285270952,-0.87563763639057,-0.688939209955505,-0.618754689985459,-0.555165297471003,-0.433582661459714,2857.52768400729,1.00074529908253
"log_lik[103]",-0.291958375523935,0.00308699199222165,0.189808436448179,-0.742081094595268,-0.388720435573956,-0.254175875824114,-0.15435968314029,-0.0434004889611079,3780.59379803078,1.00100123247225
"log_lik[104]",-0.257361879247848,0.00171674655030209,0.105658440396697,-0.502757475553563,-0.317687502449042,-0.244939395388055,-0.182827066781728,-0.0849730035942277,3787.87836782477,1.00045779757548
"log_lik[105]",-0.170467883721811,0.00181112434412743,0.11026857069552,-0.458404901587752,-0.225624580124253,-0.145008181263725,-0.0914732205053584,-0.0274756260596667,3706.86657432152,1.00054814058587
"log_lik[106]",-0.628098569338651,0.00207583060506263,0.110965285270952,-0.87563763639057,-0.688939209955505,-0.618754689985459,-0.555165297471003,-0.433582661459714,2857.52768400729,1.00074529908253
"log_lik[107]",-0.0991084303228665,0.00185262115055309,0.106099828934081,-0.404836075171275,-0.132591767329038,-0.0650614935587554,-0.0308435203904275,-0.00466081629910997,3279.86623227193,1.00046354904868
"log_lik[108]",-0.521457638191956,0.00274057466195415,0.16687229906217,-0.871531138750322,-0.627038615815275,-0.510664827361203,-0.40537747840859,-0.223871114540538,3707.53468436207,1.00113815419841
"log_lik[109]",-0.637211949683282,0.00249894492714429,0.146040227842979,-0.933174734152063,-0.732254891003075,-0.632512419166937,-0.539753528035088,-0.356935083078757,3415.32182613229,1.00115540348531
"log_lik[110]",-1.34371013598168,0.00503535964279526,0.279973149175255,-1.9980362622438,-1.49546614959887,-1.31182225303963,-1.15671413131496,-0.881438304900721,3091.51796840801,1.00024673921802
"log_lik[111]",-0.777401012418136,0.00229843874061119,0.12527226107847,-1.04464330286371,-0.8532628271103,-0.773521928836815,-0.697372934335046,-0.538875884184937,2970.59855941144,1.00103445009223
"log_lik[112]",-0.170467883721811,0.00181112434412743,0.11026857069552,-0.458404901587752,-0.225624580124253,-0.145008181263725,-0.0914732205053584,-0.0274756260596667,3706.86657432152,1.00054814058587
"log_lik[113]",-0.449666072728303,0.00282535763498007,0.219752839706315,-0.985658881987699,-0.57041977381147,-0.411307852282347,-0.288197217937192,-0.133517299383164,6049.53695521044,0.99986233164614
"log_lik[114]",-0.543773581988673,0.0023079812499771,0.154368975086264,-0.885642097069958,-0.639247306751676,-0.534870159710497,-0.435943880922115,-0.272118498257341,4473.58289167565,0.999236146055572
"log_lik[115]",-0.569744916299574,0.00292501750820065,0.199084897046351,-1.02487207501863,-0.691671591592025,-0.553530602712941,-0.42500166912119,-0.237535995006775,4632.54546002821,0.999262254605278
"log_lik[116]",-0.455526824119703,0.00193934178656647,0.150023288258124,-0.789407069927113,-0.545941866501192,-0.440772444327498,-0.349986068248883,-0.199655950604358,5984.23514042436,0.999775168698851
"log_lik[117]",-0.947789305523528,0.00249697309807028,0.153452103446395,-1.31419719560305,-1.01924740355899,-0.925535748652475,-0.847135787492985,-0.70889699233082,3776.74762759368,0.999336707290143
"log_lik[118]",-0.449666072728303,0.00282535763498007,0.219752839706315,-0.985658881987699,-0.57041977381147,-0.411307852282347,-0.288197217937192,-0.133517299383164,6049.53695521044,0.99986233164614
"log_lik[119]",-0.598844526842194,0.00362828954725974,0.249020042701045,-1.19465475661158,-0.745387071174727,-0.571581088794868,-0.414551929417288,-0.204655085967057,4710.47530414436,0.99929083334847
"log_lik[120]",-0.449666072728303,0.00282535763498007,0.219752839706315,-0.985658881987699,-0.57041977381147,-0.411307852282347,-0.288197217937192,-0.133517299383164,6049.53695521044,0.99986233164614
"log_lik[121]",-1.06110542853493,0.00389919140850066,0.279850601059867,-1.70932726727819,-1.21975640831235,-1.03153108422515,-0.865825559178269,-0.605345078091978,5151.14029309811,0.999802523472047
"log_lik[122]",-0.665816783560775,0.0052579153010128,0.360939486831512,-1.57096285999231,-0.863519612586655,-0.604351938884419,-0.393371621596483,-0.149700099173436,4712.39429334873,0.99934234065832
"log_lik[123]",-0.543773581988673,0.0023079812499771,0.154368975086264,-0.885642097069958,-0.639247306751676,-0.534870159710497,-0.435943880922115,-0.272118498257341,4473.58289167565,0.999236146055572
"log_lik[124]",-1.03314842301608,0.00581393674095252,0.403468849591242,-1.97136857654783,-1.26899042355069,-0.97339925165329,-0.743545068029881,-0.402610483379098,4815.92168390262,0.999753268581355
"log_lik[125]",-0.554881256811553,0.00177388180039809,0.103173501291826,-0.76245252865783,-0.617697619680896,-0.557600844084816,-0.49512799394594,-0.340304325712777,3382.88303447715,1.00111694133876
"log_lik[126]",-0.219795454597155,0.00208753099806458,0.128190408910283,-0.53614233618081,-0.28631271042834,-0.195551352507834,-0.128256301402048,-0.0473067103792205,3770.90159750283,1.00040823230027
"log_lik[127]",-0.219795454597155,0.00208753099806458,0.128190408910283,-0.53614233618081,-0.28631271042834,-0.195551352507834,-0.128256301402048,-0.0473067103792205,3770.90159750283,1.00040823230027
"log_lik[128]",-0.291939849193273,0.00185780451533065,0.108711392627401,-0.53661407882804,-0.358855053330666,-0.282292598420422,-0.215059888356652,-0.10817167144892,3424.12878278672,1.00047675495003
"log_lik[129]",-0.400751824992413,0.00399625618340517,0.275233079729583,-1.11637784211213,-0.530565873578193,-0.339707125319194,-0.200673985467346,-0.0626647891599085,4743.45316511439,0.999954121265058
"log_lik[130]",-0.340392254744007,0.00174260305867491,0.0961495470976303,-0.54347303396163,-0.40309729933143,-0.33634823684697,-0.276739035672772,-0.159340638508838,3044.37075809471,1.0006925969885
"log_lik[131]",-0.252257152153117,0.00196970314558371,0.119420563582544,-0.536191017314241,-0.319719718277886,-0.236322958792751,-0.166648117805434,-0.0705848555652454,3675.84064758059,1.00040653215262
"log_lik[132]",-0.399303247572059,0.00163040571582526,0.0842248160104295,-0.558680174686226,-0.45550056195087,-0.403671727291037,-0.348516963019884,-0.219490266606957,2668.63245503942,1.00114281685511
"log_lik[133]",-1.44851265244866,0.00633280613231653,0.358055629639133,-2.27763414036379,-1.64244244649328,-1.40263929561019,-1.19890429014099,-0.878813693839153,3196.74965327431,1.00022266753306
"log_lik[134]",-0.399303247572059,0.00163040571582526,0.0842248160104295,-0.558680174686226,-0.45550056195087,-0.403671727291037,-0.348516963019884,-0.219490266606957,2668.63245503942,1.00114281685511
"log_lik[135]",-0.399303247572059,0.00163040571582526,0.0842248160104295,-0.558680174686226,-0.45550056195087,-0.403671727291037,-0.348516963019884,-0.219490266606957,2668.63245503942,1.00114281685511
"log_lik[136]",-0.219795454597155,0.00208753099806458,0.128190408910283,-0.53614233618081,-0.28631271042834,-0.195551352507834,-0.128256301402048,-0.0473067103792205,3770.90159750283,1.00040823230027
"log_lik[137]",-0.88148853168938,0.00588979422120585,0.412847101035604,-1.89623594414716,-1.09561733060374,-0.81831632103983,-0.59000126420974,-0.27301207576024,4913.35603682182,0.999598629216981
"log_lik[138]",-0.33111273839986,0.00358216813682049,0.255701215416235,-1.012330532512,-0.427066556594921,-0.264527495627765,-0.156690257960658,-0.0465650898838502,5095.34566509749,0.999121232093609
"log_lik[139]",-0.367576329517476,0.00250949884212514,0.195210551489145,-0.852754729336732,-0.457983177816649,-0.330234043912527,-0.231727813909512,-0.099504049283831,6051.07558049697,0.999149433266016
"log_lik[140]",-1.10756004658094,0.00333774350168693,0.256631720890066,-1.67252336414333,-1.25131271597547,-1.08605822847477,-0.939479001910732,-0.643747419831859,5911.7322261361,0.999865569188066
"log_lik[141]",-0.786762942841715,0.00248207593527021,0.181580223569028,-1.17965544692395,-0.894597593985055,-0.772846815373299,-0.66478346679519,-0.453660460145541,5351.88736919411,0.999169725281812
"log_lik[142]",-0.370529406337591,0.00129337396298457,0.0937908934947311,-0.575643077712582,-0.423002445954239,-0.365401277848136,-0.309593605903881,-0.199734824440761,5258.63610108881,0.999268429688636
"log_lik[143]",-0.466086451815321,0.00219956998535257,0.185943093856141,-0.878786576666681,-0.580473366847558,-0.443421516697217,-0.331245333433961,-0.162744574897154,7146.35417231609,0.999756134297616
"log_lik[144]",-1.37251116482263,0.00677278642051998,0.532012544047994,-2.61788094275448,-1.67602095546299,-1.30093629867678,-0.982193784087518,-0.563544706303077,6170.33841985356,0.999524276693798
"log_lik[145]",-0.708125639552442,0.00173438070497999,0.133395540007323,-0.988246418348482,-0.790731215176369,-0.705997927642152,-0.618906094540404,-0.455814323624716,5915.53124033744,1.00015719700651
"log_lik[146]",-0.53517705376442,0.00204274486279166,0.171550786746555,-0.904663804794173,-0.64339592026832,-0.521551642533526,-0.413417042987971,-0.238985475161456,7052.72863915538,0.999842902960548
"log_lik[147]",-0.23561698075494,0.00154956903999291,0.118193291545383,-0.530268017256024,-0.295791385678748,-0.217780425779998,-0.151858625696879,-0.0651728150224051,5817.86706209935,0.999194504338958
"log_lik[148]",-0.35682325669498,0.00245240534496508,0.203649186511419,-0.842083549959915,-0.469185816509279,-0.317834446726371,-0.207168197943689,-0.0757556955033143,6895.73957037147,0.999687913841605
"log_lik[149]",-0.595957611190992,0.00140056138732907,0.0976872198439778,-0.811838544648413,-0.649955808210797,-0.587262079127973,-0.533564187491333,-0.418081060729725,4864.86957880844,0.999947289051584
"log_lik[150]",-2.04090459430978,0.00864000738375167,0.6636308178234,-3.5144208490987,-2.4356570791628,-1.9622730237889,-1.56550038453603,-0.929174298614735,5899.63120530369,0.999252836489619
"log_lik[151]",-0.272731718287829,0.00147693687909289,0.112236092922502,-0.544478579608951,-0.333642505070577,-0.259395094471405,-0.194696693373175,-0.0957665761484832,5774.85667457201,0.999180678987944
"log_lik[152]",-0.35682325669498,0.00245240534496508,0.203649186511419,-0.842083549959915,-0.469185816509279,-0.317834446726371,-0.207168197943689,-0.0757556955033143,6895.73957037147,0.999687913841605
"log_lik[153]",-0.370529406337591,0.00129337396298457,0.0937908934947311,-0.575643077712582,-0.423002445954239,-0.365401277848136,-0.309593605903881,-0.199734824440761,5258.63610108881,0.999268429688636
"log_lik[154]",-0.314158824991624,0.00255542128622466,0.208356593582345,-0.835140864931836,-0.418722474123331,-0.267383023056349,-0.162910949750875,-0.0508697825682004,6647.97658211432,0.999689590332537
"log_lik[155]",-0.433933580137856,0.0012073090111082,0.083781625884581,-0.615049273872286,-0.4788088564551,-0.430638707200605,-0.3835450391764,-0.275302101321326,4815.71396941547,0.999459189639777
"log_lik[156]",-1.69312814488713,0.00863426646947739,0.652461552850017,-3.19024085624178,-2.07655438212946,-1.61079440040689,-1.23284338360445,-0.618336956918044,5710.30039771252,0.999791974898327
"log_lik[157]",-0.587790073737127,0.00165537261365032,0.108481849766005,-0.826044823378675,-0.643445900675422,-0.577806842798258,-0.521188834164226,-0.396816577271422,4294.59913051972,0.999253487003999
"log_lik[158]",-0.453989622003732,0.0014593980409364,0.102093794099266,-0.688512036208582,-0.503040636077639,-0.444889317168462,-0.392464112474864,-0.273910942279909,4893.85581290588,0.999859877481552
"log_lik[159]",-0.291499144229327,0.00247304159112885,0.175294174025356,-0.740567085824714,-0.372448766891147,-0.25799946445366,-0.168300278059413,-0.0635287286302293,5024.26021482678,1.0000621728845
"log_lik[160]",-0.494077815234647,0.00380239368937417,0.279706141222529,-1.19100141647454,-0.639419821783735,-0.43905824487423,-0.290155361573621,-0.109610850348315,5411.15336002553,0.999481125544498
"log_lik[161]",-0.45320156771925,0.00426247356846688,0.302635114570352,-1.23654962935526,-0.59845318729493,-0.384740479696685,-0.232580785381893,-0.0733914243374357,5040.98305016298,0.999521371074771
"log_lik[162]",-1.04093052705762,0.00544153466935396,0.403436679327284,-1.97971487147567,-1.26212250058386,-0.979789454216769,-0.752706926240809,-0.429864588934828,5496.77499577524,0.999865471559088
"log_lik[163]",-1.59535907505542,0.00704387446181624,0.53854296164745,-2.82409234490736,-1.91450881938566,-1.54137355559749,-1.21231574365612,-0.70157604886837,5845.44386518402,0.999434752246012
"log_lik[164]",-0.662358093652337,0.00192129340700237,0.135241915716192,-0.976060637250604,-0.733889591803182,-0.645207937137625,-0.573026988227642,-0.447232216646128,4954.90398239252,0.999616688987162
"log_lik[165]",-0.464168252828136,0.0013552170407529,0.0947324232861156,-0.680846673328961,-0.512236500095967,-0.454026796808631,-0.404568216692217,-0.301452901955872,4886.29390611852,0.999286152880289
"log_lik[166]",-0.460573101290334,0.00336761154563243,0.253621127609481,-1.06853759861413,-0.597989352163482,-0.417889381315664,-0.277535957359761,-0.105531984134735,5671.87797196568,0.999314306688758
"log_lik[167]",-0.464168252828136,0.0013552170407529,0.0947324232861156,-0.680846673328961,-0.512236500095967,-0.454026796808631,-0.404568216692217,-0.301452901955872,4886.29390611852,0.999286152880289
"log_lik[168]",-0.251979205739625,0.00239262915671986,0.17273282341952,-0.6952429377074,-0.328512552968487,-0.210340049558548,-0.129784725103781,-0.0423606088577414,5211.93465669335,0.999560970494586
"log_lik[169]",-0.824427138837424,0.00177116916193614,0.121995743434246,-1.06715884900203,-0.896300602789293,-0.824806052181808,-0.751463508998255,-0.576934665474294,4744.26863103511,0.999377318792102
"log_lik[170]",-0.744058039993564,0.00194011779556066,0.139985281521322,-1.0199732507712,-0.829691537617639,-0.743500829705047,-0.653999934647747,-0.472875768006322,5206.05259879189,0.999410175673544
"log_lik[171]",-0.423352005502262,0.00364038032666699,0.269112438586546,-1.09081189557906,-0.560208708036225,-0.369136354835676,-0.229912827315546,-0.0744412466424753,5464.79689963107,0.999367426087769
"log_lik[172]",-0.662358093652337,0.00192129340700237,0.135241915716192,-0.976060637250604,-0.733889591803182,-0.645207937137625,-0.573026988227642,-0.447232216646128,4954.90398239252,0.999616688987162
"log_lik[173]",-0.275092569299366,0.00220657776095001,0.162676575990035,-0.684788782866263,-0.353120597579341,-0.240908978716172,-0.159481456762863,-0.0611974632179229,5435.1504717321,0.999481676400997
"log_lik[174]",-1.11503116486873,0.00290047937641054,0.213211872496355,-1.57688400796355,-1.2392953461053,-1.10438053446859,-0.971965390992997,-0.73054352539704,5403.60014895045,0.999215818998578
"log_lik[175]",-0.552399038943875,0.00280460525378809,0.215275181437918,-1.02927878621221,-0.680322245756155,-0.529902559904838,-0.398503991902146,-0.204579220966966,5891.75177557357,0.999287708397652
"log_lik[176]",-0.839700431056339,0.00164817854869072,0.121964095860892,-1.10755044590901,-0.907636744394565,-0.834457964660623,-0.763608725090199,-0.610481104546475,5475.89972136687,0.999361976668187
"log_lik[177]",-0.761401191998515,0.00193454136552084,0.150558904857367,-1.08454658082688,-0.852406386081832,-0.752312675147999,-0.66029497404909,-0.490837979137124,6056.98995192333,0.999276250898114
"log_lik[178]",-1.23933447305577,0.00398918112568934,0.31677870937118,-1.94246380777965,-1.41897270647329,-1.21629830007725,-1.02387186062573,-0.689812083614645,6305.86195282398,0.99998163197803
"log_lik[179]",-0.729992091919289,0.00258641421286344,0.196649399970901,-1.17700096916122,-0.84034127338004,-0.709473208980116,-0.590804799722957,-0.400206357356836,5780.81531657669,0.999525095819138
"log_lik[180]",-0.761401191998515,0.00193454136552084,0.150558904857367,-1.08454658082688,-0.852406386081832,-0.752312675147999,-0.66029497404909,-0.490837979137124,6056.98995192333,0.999276250898114
"log_lik[181]",-0.410284053145987,0.00146918456401478,0.114961001708889,-0.674090993232038,-0.473821612212051,-0.398426647675932,-0.335095525141817,-0.213839957275148,6122.77591474869,0.999924061577263
"log_lik[182]",-0.648114378010076,0.00182644175192043,0.136031094878589,-0.947041842964377,-0.727115423145582,-0.637287574423849,-0.555801447605897,-0.412572858711563,5547.08389554317,0.99948495124696
"log_lik[183]",-1.13826084896937,0.00703345614196654,0.543206201624885,-2.40898339731636,-1.43578446172227,-1.06696511365241,-0.743497365181457,-0.319065066191792,5964.74486026382,0.999727007192585
"log_lik[184]",-0.456976192054038,0.00121226719056091,0.09319442500393,-0.672873108111539,-0.505906105626924,-0.450208179208003,-0.400328756646524,-0.286870643213199,5909.94124944424,0.999932744317727
"log_lik[185]",-0.692241401106368,0.0023368334228881,0.188043540635086,-1.10921355185855,-0.807170312785407,-0.677083425789164,-0.564865172667471,-0.368460792876968,6475.32138838318,0.999323432776874
"log_lik[186]",-0.534730980904361,0.00369156168084815,0.290311475670614,-1.24623999894614,-0.683394314842086,-0.477738302882488,-0.329942826511579,-0.136117350861102,6184.55061370931,0.999531529164081
"log_lik[187]",-0.410284053145987,0.00146918456401478,0.114961001708889,-0.674090993232038,-0.473821612212051,-0.398426647675932,-0.335095525141817,-0.213839957275148,6122.77591474869,0.999924061577263
"log_lik[188]",-0.310192912386027,0.00243114976915421,0.180385826516255,-0.770420956096317,-0.395075521722287,-0.270539748832405,-0.185385072415538,-0.075741364468877,5505.30511207598,0.999988827956443
"log_lik[189]",-0.506717264132269,0.00200832971145526,0.096042361291779,-0.730006645254152,-0.555161849135764,-0.498505376064629,-0.445863280207817,-0.33621782170631,2286.94453315677,1.0019582812597
"log_lik[190]",-1.1074329904651,0.00560526883809545,0.336941933874551,-1.87676890087378,-1.29361281882678,-1.06827170018815,-0.870958824540822,-0.575223539133746,3613.40993644474,0.999866951436063
"log_lik[191]",-0.409510895401692,0.00460586841154029,0.261516525133178,-1.0663853222619,-0.54386645573667,-0.351323860180333,-0.216368417121606,-0.0660464367462969,3223.85293255824,0.999900761608042
"log_lik[192]",-0.573498048415179,0.00266816260889596,0.126898887612287,-0.896493620112252,-0.634307960783642,-0.554158011109222,-0.490539190916153,-0.372947261788177,2261.99188588161,1.00139002259152
"log_lik[193]",-0.755674122194649,0.00507419314449705,0.287005546590219,-1.37527396311948,-0.939163099766397,-0.731333514573331,-0.548760940324385,-0.260440464171658,3199.23830695557,0.999995622103345
"log_lik[194]",-0.417210670206331,0.00400130587181752,0.230945786784063,-0.982544113753676,-0.544973300326091,-0.372661982768661,-0.245794293016047,-0.0905169188953858,3331.32178240981,0.999888614120242
"log_lik[195]",-0.939529103120503,0.00302170396555955,0.143608320041507,-1.25339930062538,-1.02240515370342,-0.935060469387988,-0.853267472893514,-0.657598179558795,2258.68347497892,1.00186669249032
"log_lik[196]",-0.679244961441958,0.00913571956110728,0.501819073714285,-1.94151442071826,-0.964585679624867,-0.557394030220848,-0.295959293954889,-0.0556200150518828,3017.23272710644,0.999933129948239
"log_lik[197]",-0.42778328295629,0.00342845697443579,0.200441896842827,-0.896348323273468,-0.543421020314496,-0.39624219566417,-0.280649434904531,-0.122757811824032,3418.05935972135,0.999924640290403
"log_lik[198]",-0.814148960573393,0.00192415593794384,0.133967660519069,-1.08916838369407,-0.893259415031679,-0.816940505290296,-0.736215806900052,-0.546831245365611,4847.51783950117,0.999296509078474
"log_lik[199]",-0.195874462224716,0.0027260108871246,0.188510456348966,-0.711649847091512,-0.261778903765333,-0.137737875950502,-0.0694163536464645,-0.0144331408888801,4782.06767163123,0.999917004704566
"log_lik[200]",-0.354636992067069,0.00154377257367055,0.122231470677727,-0.633635659291288,-0.424985129917126,-0.340870982497629,-0.270777498221784,-0.150157470038872,6269.01677867566,0.999314682698027
"log_lik[201]",-1.54680617993211,0.00669150260968961,0.500640126610186,-2.6680190306697,-1.82957196899567,-1.49228733966286,-1.19714461083507,-0.741626632688882,5597.62767288386,0.999274233568862
"log_lik[202]",-0.59869678175948,0.00172313733853823,0.114872458439189,-0.864602208815921,-0.651857124156071,-0.583004307912489,-0.526479907410935,-0.410220720377486,4444.18413779782,0.999151451512927
"log_lik[203]",-0.401546954564322,0.0013777031285255,0.106284805976722,-0.646168468027834,-0.461403661659302,-0.393096460708989,-0.330531529285105,-0.216128495931017,5951.56359951309,0.999262421523223
"log_lik[204]",-0.814148960573393,0.00192415593794384,0.133967660519069,-1.08916838369407,-0.893259415031679,-0.816940505290296,-0.736215806900052,-0.546831245365611,4847.51783950117,0.999296509078474
"log_lik[205]",-0.31526586828131,0.00172656544099764,0.136887051413817,-0.640563113194299,-0.389573517504812,-0.29466407988867,-0.218420632075776,-0.104974396431022,6285.77237417088,0.999383046980539
"log_lik[206]",-0.395560181715189,0.00409704906075514,0.29207995364989,-1.15060035210983,-0.53140362249122,-0.326158524467601,-0.186665820931024,-0.0445850536961232,5082.31024955754,0.999478028644704
"log_lik[207]",-1.14153031366664,0.00300367462020266,0.222511449612768,-1.63800119736073,-1.26777100092561,-1.12381821669426,-0.995328963678003,-0.742442156789795,5487.80860373635,0.999224419730947
"log_lik[208]",-0.59869678175948,0.00172313733853823,0.114872458439189,-0.864602208815921,-0.651857124156071,-0.583004307912489,-0.526479907410935,-0.410220720377486,4444.18413779782,0.999151451512927
"log_lik[209]",-0.768769849275484,0.00276375513834167,0.215100227316624,-1.24916238871167,-0.893230791690092,-0.747235699730223,-0.6208572574963,-0.404813935894418,6057.34922274398,0.99966310280454
"log_lik[210]",-0.768769849275484,0.00276375513834167,0.215100227316624,-1.24916238871167,-0.893230791690092,-0.747235699730223,-0.6208572574963,-0.404813935894418,6057.34922274398,0.99966310280454
"log_lik[211]",-0.548817704090444,0.00128407154379749,0.0975680572204673,-0.759123562942472,-0.603909113598919,-0.545628770168219,-0.488171312303635,-0.367079614176678,5773.46943971375,0.999513573275019
"log_lik[212]",-0.798299364047495,0.00439751060429054,0.342044303214155,-1.61487157465719,-0.986080092627114,-0.7507900455637,-0.552255973447226,-0.282319096865612,6049.93811679523,0.999810859122429
"log_lik[213]",-0.60112864028792,0.00173883072568395,0.136728821187861,-0.908821326026511,-0.679121531224692,-0.59298052405265,-0.509289209115849,-0.36307453136374,6183.08942467213,0.999602991108098
"log_lik[214]",-0.660321670017753,0.00245055239000277,0.19411959244751,-1.09991591420181,-0.771073000544844,-0.641834751958314,-0.526499746149956,-0.337916107082224,6274.95706153966,0.999705188414107
"log_lik[215]",-0.548817704090444,0.00128407154379749,0.0975680572204673,-0.759123562942472,-0.603909113598919,-0.545628770168219,-0.488171312303635,-0.367079614176678,5773.46943971375,0.999513573275019
"log_lik[216]",-1.01344618508615,0.00238313886025198,0.176691192224653,-1.41642310070313,-1.10213195133256,-0.998246551773125,-0.906115749585575,-0.699395686329825,5497.06795009244,0.99959356238453
"log_lik[217]",-0.877508486282464,0.00186979960122947,0.13751751847624,-1.18010819406443,-0.951264554887308,-0.866256847870419,-0.791135949878312,-0.631255582842472,5409.1114281625,0.99946525944186
"log_lik[218]",-0.324883435629344,0.00536810457756861,0.33094486709013,-1.23127570142394,-0.429899744368605,-0.220054967574988,-0.104025579999926,-0.0203361038989253,3800.75051954621,1.00004960215117
"log_lik[219]",-0.60112864028792,0.00173883072568395,0.136728821187861,-0.908821326026511,-0.679121531224692,-0.59298052405265,-0.509289209115849,-0.36307453136374,6183.08942467213,0.999602991108098
"log_lik[220]",-0.774758368595258,0.00318695232021938,0.211304845647753,-1.27453964376306,-0.888803028544983,-0.742336338815611,-0.629888560283953,-0.441245641181289,4396.10220408267,1.00002286540485
"log_lik[221]",-0.576785683467899,0.00286146637778874,0.205625236131104,-1.02482885816761,-0.696493009531722,-0.561635197111214,-0.433394007624571,-0.228598722409733,5163.87277043014,1.00076624476527
"log_lik[222]",-0.890997260818768,0.00443721671486976,0.293876059076816,-1.58791023127324,-1.04499097093322,-0.844611647587682,-0.689812509008371,-0.444504134227591,4386.38890050959,0.999863339038855
"log_lik[223]",-0.187082767793412,0.00251157975207747,0.174560378130476,-0.661521625914427,-0.243728739555493,-0.137187292526653,-0.0701591640407458,-0.0141897442124248,4830.55911923542,1.00003732733098
"log_lik[224]",-0.670328966646767,0.00216889600582685,0.144568713670493,-0.996927854354064,-0.749926591313431,-0.6552788365037,-0.574540557885557,-0.426432315469391,4442.94744113461,1.00028538057826
"log_lik[225]",-1.07279335395079,0.00290161851869658,0.184104789541195,-1.50578923025495,-1.16358279775475,-1.05376642891691,-0.959480790808447,-0.761676209152503,4025.77543255665,0.999771280694861
"log_lik[226]",-0.338842348161998,0.00411338034228047,0.28672349135965,-1.07406836511502,-0.453433864088573,-0.262951990888256,-0.136338455756532,-0.0274572885108035,4858.79768741008,1.00087642733087
"log_lik[227]",-0.327202069341154,0.00168342020040911,0.124023278144981,-0.614805145615513,-0.396502580863113,-0.312627532793263,-0.240393283264756,-0.124425318632274,5427.76884804526,0.999421982932828
"log_lik[228]",-0.374530569390841,0.0015134378354262,0.108467585727632,-0.61589939993162,-0.436482976533468,-0.366521547101001,-0.302354153080639,-0.180511017284539,5136.5411714364,0.999411792653709
"log_lik[229]",-0.837563553447649,0.00206746633695967,0.131176950921938,-1.13514647137441,-0.907656412505265,-0.830454247592797,-0.755945962826799,-0.596692502154801,4025.66998819555,1.00089043082458
"log_lik[230]",-0.163525471803696,0.00181394493103765,0.122381775457066,-0.47426285305461,-0.221002101618363,-0.132294200628102,-0.0750596645562239,-0.0180433961182688,4551.82233239603,0.999399591955087
"log_lik[231]",-0.829869862992928,0.00262620756297032,0.145500814704088,-1.16224383862499,-0.901689575905565,-0.816888716686702,-0.737805695382568,-0.583521074360287,3069.53616659204,1.00082134495171
"log_lik[232]",-0.366602489126155,0.00303716489657343,0.230387616836772,-0.940015032757643,-0.484490253043938,-0.32555735302132,-0.197218780944003,-0.0558368870428892,5754.15453712007,0.999381458613202
"log_lik[233]",-0.163525471803696,0.00181394493103765,0.122381775457066,-0.47426285305461,-0.221002101618363,-0.132294200628102,-0.0750596645562239,-0.0180433961182688,4551.82233239603,0.999399591955087
"log_lik[234]",-0.712061410317574,0.00257624860813043,0.169219649952518,-1.09821263491753,-0.807779487779169,-0.691412095637089,-0.59753690912116,-0.427033780601886,4314.45600072229,0.999838404315348
"log_lik[235]",-0.191539751881485,0.00177447374815738,0.119994171401647,-0.484214089339892,-0.256619707575317,-0.166133288268797,-0.103360804341568,-0.0312089031234236,4572.78881516901,0.999431157624978
"log_lik[236]",-0.226599657706727,0.00172503759682494,0.115901812491746,-0.497989492743262,-0.29459592262741,-0.208115203469625,-0.142202637671061,-0.0522690442474009,4514.2262874205,0.999511174864263
"log_lik[237]",-0.712061410317574,0.00257624860813043,0.169219649952518,-1.09821263491753,-0.807779487779169,-0.691412095637089,-0.59753690912116,-0.427033780601886,4314.45600072229,0.999838404315348
"log_lik[238]",-0.586690931702229,0.00190579064459567,0.109381569926668,-0.816287919879723,-0.650398084333732,-0.583045296851117,-0.52067953067408,-0.375105998472189,3294.10868006256,1.00034840338485
"log_lik[239]",-0.586690931702229,0.00190579064459567,0.109381569926668,-0.816287919879723,-0.650398084333732,-0.583045296851117,-0.52067953067408,-0.375105998472189,3294.10868006256,1.00034840338485
"log_lik[240]",-0.270633170715748,0.00169740454887845,0.109198572463568,-0.512794728649719,-0.338389388616063,-0.259944897401758,-0.192086187213692,-0.0884716203363536,4138.6928662526,0.999667027646509
"log_lik[241]",-0.829869862992928,0.00262620756297032,0.145500814704088,-1.16224383862499,-0.901689575905565,-0.816888716686702,-0.737805695382568,-0.583521074360287,3069.53616659204,1.00082134495171
"log_lik[242]",-0.604369680868342,0.00490942986887728,0.313386737505263,-1.36503753962901,-0.763027553352072,-0.541277420092348,-0.378132288243477,-0.189023070578713,4074.73252036621,0.999218961517393
"log_lik[243]",-0.9051001515856,0.00382871896912226,0.25224109874889,-1.44160490353711,-1.0709258399163,-0.891419576720161,-0.727706646065272,-0.45595573851524,4340.34967240217,0.999280616429489
"log_lik[244]",-0.90701277481311,0.00293638287532555,0.192457533104506,-1.31305595152457,-1.02978352231538,-0.897887591413171,-0.778370080597197,-0.548021756091093,4295.80406106951,0.999324408080696
"log_lik[245]",-0.508735097975074,0.00288687209292299,0.166733488888029,-0.866136365727864,-0.616357280169488,-0.499861833746952,-0.388951871226702,-0.213415537627862,3335.72769868013,1.00077977571493
"log_lik[246]",-0.9051001515856,0.00382871896912226,0.25224109874889,-1.44160490353711,-1.0709258399163,-0.891419576720161,-0.727706646065272,-0.45595573851524,4340.34967240217,0.999280616429489
"log_lik[247]",-0.51387409479356,0.00355148776593286,0.21011583716633,-0.982083078180378,-0.643975460355633,-0.495588655072345,-0.359490619046785,-0.168757382248708,3500.23279809689,1.00050354184746
"log_lik[248]",-0.539134466738548,0.00221205770990053,0.141288090431365,-0.862968681935124,-0.614620303436986,-0.523285272424222,-0.441741595609691,-0.313337392892427,4079.60584173844,0.999643535960346
"log_lik[249]",-0.507076231898878,0.00228422196835499,0.127177783528466,-0.777476978138193,-0.58667452774215,-0.501945153075203,-0.419074924231332,-0.276789481621519,3099.88723338106,1.0013029494083
"log_lik[250]",-0.921271123796857,0.00697181685599378,0.446274813959575,-1.95164102001831,-1.20241550480249,-0.86449252383544,-0.582700555396867,-0.235214105173464,4097.44200391442,0.999605631410195
"log_lik[251]",-0.525096174137427,0.00165222201256232,0.101947302737833,-0.753143516257597,-0.578268557432305,-0.515746562566233,-0.459621967377362,-0.349507200788556,3807.27872465779,1.00056317366923
"log_lik[252]",-0.578966316681071,0.00390724318618579,0.250182451816501,-1.16908273038365,-0.707667365641462,-0.53487124220556,-0.398456182126494,-0.225338037876387,4099.89565430721,0.99922848443444
"log_lik[253]",-0.371084188987192,0.00278516766737296,0.22770508956426,-0.942793095933382,-0.475092824103162,-0.319507510958532,-0.208836885485702,-0.0846701356753379,6684.09765036351,0.99955027417595
"log_lik[254]",-0.802077538589499,0.00210875704868926,0.156694144894295,-1.14246203922854,-0.894839653724851,-0.792481235413452,-0.699997467871073,-0.519750815806296,5521.44109023243,0.999407943857116
"log_lik[255]",-0.802077538589499,0.00210875704868926,0.156694144894295,-1.14246203922854,-0.894839653724851,-0.792481235413452,-0.699997467871073,-0.519750815806296,5521.44109023243,0.999407943857116
"log_lik[256]",-0.855788788628197,0.00504189796282051,0.381924728294668,-1.76434768998477,-1.06498647004685,-0.796173829740764,-0.579745387876751,-0.281501808103645,5738.09127453126,0.999400005166148
"log_lik[257]",-0.340220385530786,0.00394425359146552,0.305797887153411,-1.15936071705768,-0.450273667341779,-0.246851466852305,-0.130023958576135,-0.0330275168448885,6010.89721273034,0.999536155527224
"log_lik[258]",-1.11055748905297,0.00331864007870089,0.277448299942952,-1.71523337820887,-1.27496062399107,-1.0937851864051,-0.917988862651359,-0.623442714071014,6989.46329400476,0.999694775238667
"log_lik[259]",-0.756391606589959,0.00253242493235863,0.196275624777779,-1.1804183154851,-0.871967778494053,-0.739582628631023,-0.622545291308622,-0.414593426969151,6007.02688550109,0.999241592134828
"log_lik[260]",-0.61316232867757,0.00176543354306322,0.131214601615279,-0.903050553967639,-0.686343512033833,-0.602794898858207,-0.525386329456398,-0.384240821320012,5524.10067213072,0.999587919689125
"log_lik[261]",-0.971889794492411,0.00195964979932768,0.152858291745706,-1.30003494743352,-1.05737446135105,-0.969727251047698,-0.877584319269867,-0.680490701134818,6084.44639106252,1.00006785519332
"log_lik[262]",-0.787727767875848,0.00403532139665842,0.308219242374858,-1.50940300853043,-0.956456046565128,-0.74594360090463,-0.56983170845815,-0.309146360183975,5833.95717470727,0.999387389139327
"log_lik[263]",-0.237380561068112,0.0019415494824191,0.128979515895862,-0.551638075123998,-0.303565340279961,-0.215584978330194,-0.143493097219404,-0.055355829198865,4413.10802320432,0.99962222424066
"log_lik[264]",-0.284568326045491,0.00180040461719814,0.119935211920503,-0.556563755530705,-0.350284930094259,-0.270199438001813,-0.198000669904048,-0.0952459731869526,4437.6513431221,0.999770540348914
"log_lik[265]",-1.09222964170839,0.00299332427699248,0.18089806258604,-1.49069399237552,-1.19352356622419,-1.07758648552934,-0.976159658875084,-0.771310014136738,3652.24829687012,1.00096147968417
"log_lik[266]",-0.420935879457978,0.00147854071632741,0.0922461876680092,-0.620653348652442,-0.472815888370722,-0.416146149382604,-0.361186851804888,-0.25517139539717,3892.51483237028,1.00039524950715
"log_lik[267]",-0.332280686345712,0.00363873467614939,0.230787260004943,-0.910690061061657,-0.448679298206203,-0.283171481449976,-0.161004119377963,-0.040957596451519,4022.74851465504,0.999406306523692
"log_lik[268]",-0.420935879457978,0.00147854071632741,0.0922461876680092,-0.620653348652442,-0.472815888370722,-0.416146149382604,-0.361186851804888,-0.25517139539717,3892.51483237028,1.00039524950715
"log_lik[269]",-0.542793119820434,0.00310442205106365,0.188613389295651,-0.955054066972074,-0.662549125381301,-0.532680766126169,-0.409090496941106,-0.209821309668972,3691.33549844173,0.999508710282682
"log_lik[270]",-0.344677674094794,0.00162372488825059,0.10701801480871,-0.571900435547863,-0.408769357035594,-0.335300403815434,-0.270267367813379,-0.159938383984992,4343.9906915076,1.00000421382513
"log_lik[271]",-0.773290070916455,0.00233102167533774,0.133887266239582,-1.0420826952901,-0.852742308272839,-0.775282193878728,-0.693026361040502,-0.508370043738942,3299.02741341049,1.000188115788
"log_lik[272]",-1.28198373048115,0.00439966826154224,0.275567244344709,-1.91187021237252,-1.44043558306232,-1.25569857518788,-1.09203636603915,-0.831149624674428,3922.97303992984,1.00058680283742
"log_lik[273]",-0.200306269213925,0.00205839121942198,0.13499412667667,-0.547520357421746,-0.260908220724963,-0.171266799725333,-0.103146635202368,-0.0321069083090411,4301.04420379597,0.999516651756048
"log_lik[274]",-0.566271739133716,0.00233639557954169,0.187882987058003,-0.986335926044417,-0.683021538145946,-0.550049114540521,-0.436017937980324,-0.24154139913076,6466.69176266631,0.999616236376411
"log_lik[275]",-0.684922094579102,0.00192692148086355,0.138348255138564,-1.00484035832579,-0.757337457640949,-0.669484018849221,-0.591698192589303,-0.453780920728525,5154.88921216356,0.999853802710062
"log_lik[276]",-0.199411134531638,0.00258455913506475,0.175178262104232,-0.658726011130801,-0.261855390513927,-0.149752275837162,-0.0815776561726421,-0.0202738520972627,4593.96286575034,0.999435909894844
"log_lik[277]",-0.895189393724707,0.00367533637130923,0.270831124688418,-1.53905540754287,-1.04017207039956,-0.860197483209902,-0.703376404666225,-0.466714192536408,5430.03916084244,0.999683488022589
"log_lik[278]",-0.813743792227158,0.00169281074314656,0.120553733650754,-1.06493707060559,-0.881293476832465,-0.811996141585338,-0.742645351916981,-0.575862918358214,5071.59444745719,0.999898348232702
"log_lik[279]",-0.405461369152756,0.00309836968473953,0.241300129822402,-0.999383486091344,-0.532691507797563,-0.358130491623434,-0.227971430736482,-0.0789618308880643,6065.24909405668,0.999612356499315
"log_lik[280]",-0.637984195269327,0.00206927827209161,0.163215097588731,-0.986067576178114,-0.741379810887683,-0.629931360273476,-0.529897257438212,-0.338031909602944,6221.32462115703,0.999689295631327
"log_lik[281]",-0.684922094579102,0.00192692148086355,0.138348255138564,-1.00484035832579,-0.757337457640949,-0.669484018849221,-0.591698192589303,-0.453780920728525,5154.88921216356,0.999853802710062
"log_lik[282]",-0.720300110639178,0.00182442044852941,0.137806956876606,-1.00846601422003,-0.806062224698005,-0.717383886807783,-0.632829936759487,-0.455868919881108,5705.48308930089,0.999811314782651
"log_lik[283]",-1.01537327954102,0.00481211893991833,0.355463514751586,-1.85900392984943,-1.21399088841033,-0.967129561897667,-0.761712469008107,-0.466860950485818,5456.54015168699,0.999651205280965
"log_lik[284]",-1.1589944573725,0.00329593920447723,0.23609769000448,-1.67691493290816,-1.29395377199878,-1.1386502644196,-1.00784547250771,-0.745068250577563,5131.27264773343,0.999408392567086
"log_lik[285]",-0.182325158575598,0.00275478891297165,0.182226206556057,-0.665179670966294,-0.237863963535895,-0.127165462893341,-0.0639209986059193,-0.0135868135169039,4375.67458106077,0.999501003817942
"log_lik[286]",-0.720300110639178,0.00182442044852941,0.137806956876606,-1.00846601422003,-0.806062224698005,-0.717383886807783,-0.632829936759487,-0.455868919881108,5705.48308930089,0.999811314782651
"log_lik[287]",-0.173396405942183,0.00204164323120409,0.126345652277808,-0.477059445341792,-0.233381602139411,-0.141770355707364,-0.0831436178298281,-0.0218931656503718,3829.66598421022,0.999269720222936
"log_lik[288]",-0.173396405942183,0.00204164323120409,0.126345652277808,-0.477059445341792,-0.233381602139411,-0.141770355707364,-0.0831436178298281,-0.0218931656503718,3829.66598421022,0.999269720222936
"log_lik[289]",-0.384070292661016,0.0032392322634531,0.224951087610834,-0.935223458293319,-0.510204379595494,-0.341329603477174,-0.212687577857556,-0.0780762035489944,4822.71963886265,0.999349975317006
"log_lik[290]",-0.256539518972595,0.00364585475436471,0.235148957503201,-0.871552414188817,-0.350608342139838,-0.183875015449979,-0.0871177136595189,-0.0172275303107079,4159.94309113594,0.999323999184087
"log_lik[291]",-0.697141762802971,0.00235868345428305,0.156997451739363,-1.04455885031279,-0.788169060184367,-0.683705519033533,-0.593140386532322,-0.419683938246035,4430.43006503346,0.999817069619224
"log_lik[292]",-0.334066692839287,0.00166048274101497,0.100451876894604,-0.540736925294565,-0.397299621208169,-0.330353381465955,-0.266969593911534,-0.147852282683519,3659.71595710811,0.999930890071625
"log_lik[293]",-0.836646027077161,0.00238927796883045,0.143507058800172,-1.17450717361831,-0.905797700479991,-0.820624944605541,-0.74649526918507,-0.599562052074022,3607.55673705855,1.00041135975427
"log_lik[294]",-1.14745281693357,0.00626501542633144,0.435183013536309,-2.14177835240816,-1.39970501500499,-1.08227811403182,-0.827796217705471,-0.493048716722519,4825.02514650445,0.999356563153532
"log_lik[295]",-0.334066692839287,0.00166048274101497,0.100451876894604,-0.540736925294565,-0.397299621208169,-0.330353381465955,-0.266969593911534,-0.147852282683519,3659.71595710811,0.999930890071625
"log_lik[296]",-0.334066692839287,0.00166048274101497,0.100451876894604,-0.540736925294565,-0.397299621208169,-0.330353381465955,-0.266969593911534,-0.147852282683519,3659.71595710811,0.999930890071625
"log_lik[297]",-0.524531867991888,0.00399076741966573,0.251575119788733,-1.14606197444505,-0.664194933560578,-0.491475956468928,-0.340854148178358,-0.147838111765005,3973.95129698206,1.0005803067305
"log_lik[298]",-0.263643477306422,0.00240676366532759,0.156696292494376,-0.646682002641535,-0.345900274112368,-0.233090428302344,-0.151307078504051,-0.0525939407581484,4238.87440820125,0.999226431380157
"log_lik[299]",-0.304239589516136,0.0020971648491002,0.140446414374784,-0.629281429153939,-0.385565465898572,-0.284140490837753,-0.203955589230476,-0.090046802097387,4484.93519871482,0.999188843645146
"log_lik[300]",-0.63475709510018,0.0022287305312873,0.114412625733954,-0.908815272204849,-0.695065020155551,-0.620253818918004,-0.560334719276919,-0.439667000226287,2635.31649451794,1.00006870680553
"log_lik[301]",-0.634534949901515,0.00246185285868574,0.144843869103005,-0.925409380768468,-0.72633919652356,-0.632536003723466,-0.536603229739103,-0.355625097287748,3461.59336763197,0.999989860921232
"log_lik[302]",-0.217516520521739,0.00171717899981964,0.111118408612122,-0.482728319005487,-0.280349871320091,-0.200361316100032,-0.135155315931117,-0.0569230173842911,4187.36567514062,0.999988039407712
"log_lik[303]",-0.330353743826033,0.00162677076675631,0.0999632042730178,-0.548655124285135,-0.390619958346846,-0.323941121845709,-0.260767321068085,-0.156644560330582,3775.96203074862,0.999992270286724
"log_lik[304]",-0.770295958975633,0.00242036920390403,0.126349415732803,-1.03352963320383,-0.84634008857312,-0.771774710702798,-0.69123301409088,-0.515840552485679,2725.10499054961,0.999990984336624
"log_lik[305]",-0.355593375806692,0.0028529553466885,0.185669915270428,-0.792904518070213,-0.459690050602738,-0.328133013620181,-0.218789056981458,-0.0800742638821423,4235.38729808973,0.999819486759079
"log_lik[306]",-0.148140849009555,0.00174428180849387,0.111234181711339,-0.434191190797561,-0.199540347341357,-0.120328835382603,-0.0682868273512811,-0.0187004282711384,4066.71020604633,0.999902093399813
"log_lik[307]",-0.267098132608181,0.0016792358886939,0.107380338388637,-0.51076377309659,-0.331232241737254,-0.255728685511981,-0.188901408715096,-0.0965870279147656,4089.08484219251,1.00001253747014
"log_lik[308]",-1.3528298219322,0.00813069844433562,0.498209694469691,-2.56457089533749,-1.62704804630022,-1.27392047174941,-0.998258528523173,-0.602444932945325,3754.64291760078,1.00047746366003
"log_lik[309]",-0.770295958975633,0.00242036920390403,0.126349415732803,-1.03352963320383,-0.84634008857312,-0.771774710702798,-0.69123301409088,-0.515840552485679,2725.10499054961,0.999990984336624
"log_lik[310]",-0.634534949901515,0.00246185285868574,0.144843869103005,-0.925409380768468,-0.72633919652356,-0.632536003723466,-0.536603229739103,-0.355625097287748,3461.59336763197,0.999989860921232
"log_lik[311]",-0.770295958975633,0.00242036920390403,0.126349415732803,-1.03352963320383,-0.84634008857312,-0.771774710702798,-0.69123301409088,-0.515840552485679,2725.10499054961,0.999990984336624
"log_lik[312]",-0.148140849009555,0.00174428180849387,0.111234181711339,-0.434191190797561,-0.199540347341357,-0.120328835382603,-0.0682868273512811,-0.0187004282711384,4066.71020604633,0.999902093399813
"log_lik[313]",-0.209721152628208,0.00294784921482884,0.186160105910412,-0.692157826899164,-0.282217127155671,-0.15695712982656,-0.0795427409389022,-0.0155057025857459,3988.06937305668,0.999695596636264
"log_lik[314]",-0.235553367114474,0.00210175093415339,0.167328966410355,-0.655889547913065,-0.31278355200599,-0.196384996456817,-0.115568485307498,-0.0358245450700905,6338.40168868387,0.999664985345579
"log_lik[315]",-0.878181962119438,0.00348489291338261,0.273131466960128,-1.51936030193934,-1.02959955108293,-0.8421721276659,-0.682974643332349,-0.444183890228626,6142.77488494173,0.99978545097736
"log_lik[316]",-0.724820115134116,0.00187354825885285,0.143122974928477,-1.02129919152776,-0.814964563301315,-0.718996856392896,-0.631012333196494,-0.450283518191066,5835.64603205442,0.999608254456308
"log_lik[317]",-0.580986645303179,0.00238265362185868,0.196046689088895,-1.02540124961911,-0.703424269854726,-0.563477403206146,-0.441843826029385,-0.246990444250465,6770.13301570124,0.99960881729689
"log_lik[318]",-1.52109508960441,0.00599377922911228,0.476635484409617,-2.59017730988726,-1.80006834198295,-1.4688050056903,-1.17778755440926,-0.752260177175895,6323.69999304837,0.99960293575769
"log_lik[319]",-0.215327754154145,0.00224486207136985,0.174855953022209,-0.672600610609994,-0.286703877524288,-0.168861794643747,-0.0919319846621718,-0.0246613268194845,6067.10513288272,0.999646727407526
"log_lik[320]",-0.648139497891547,0.00212137391091158,0.170232958904068,-1.01845056604858,-0.755923735931591,-0.636366949762043,-0.531658303228763,-0.341541997498279,6439.51039786084,0.999621537110705
"log_lik[321]",-0.724820115134116,0.00187354825885285,0.143122974928477,-1.02129919152776,-0.814964563301315,-0.718996856392896,-0.631012333196494,-0.450283518191066,5835.64603205442,0.999608254456308
"log_lik[322]",-1.25373222990619,0.00381350797051738,0.295466750588719,-1.91702431497463,-1.42841294572612,-1.2258038390089,-1.04649783149341,-0.759690696593317,6002.99408142791,0.99953648588906
"log_lik[323]",-0.775261030923479,0.00261247271592522,0.201054190538035,-1.2401998873622,-0.885833531519179,-0.753346522050572,-0.634079816898051,-0.448091998657693,5922.7408706186,0.999756570143991
"log_lik[324]",-0.598463013730841,0.00148682114184559,0.102860486750246,-0.844365947540652,-0.652992402737072,-0.585775572478021,-0.532391851403931,-0.42413302364651,4786.07714354354,0.999551868685737
"log_lik[325]",-0.461507176251891,0.00130738538870807,0.093427007494009,-0.673293311211775,-0.51152220235271,-0.453758611253041,-0.403057990780393,-0.298320826493716,5106.66798717687,0.999461998264734
"log_lik[326]",-0.287626352361729,0.00181961087122518,0.148928940060033,-0.637334355738438,-0.368110606657052,-0.261625080267327,-0.180668043750355,-0.0779688340898258,6698.86385591959,0.999676426335033
"log_lik[327]",-0.522623972711546,0.00263204972438784,0.21837127035672,-1.03817797886284,-0.654316861516602,-0.496066657176556,-0.362706534159063,-0.177836183470871,6883.39705735781,0.999586338666979
"log_lik[328]",-0.578904665094823,0.00381856721714326,0.255920043267956,-1.16429202157892,-0.735560546489026,-0.546758986905547,-0.395291439467593,-0.180501822918399,4491.66875925056,0.999724225395426
"log_lik[329]",-0.54548464774949,0.00204395830981378,0.127289062545515,-0.833156975166269,-0.620402966646975,-0.533352594318006,-0.459319917194203,-0.326709264631824,3878.27061224103,1.00071050071666
"log_lik[330]",-0.922100992264135,0.00464846534360033,0.319036343227588,-1.59852372766068,-1.12548490427922,-0.901183693817019,-0.69169321276062,-0.3654665450048,4710.43616536068,0.999870259200887
"log_lik[331]",-0.889121852945194,0.0024002425793943,0.135556898697351,-1.15845371016883,-0.971842313145535,-0.890109071911459,-0.807606909636423,-0.607688258875055,3189.57616572449,1.00175340792826
"log_lik[332]",-0.541579198550014,0.00198843364290519,0.115559317685697,-0.831376612098462,-0.596487910714763,-0.521629072377609,-0.467448469678634,-0.362975245411312,3377.44070219936,1.00218934761871
"log_lik[333]",-0.922100992264135,0.00464846534360033,0.319036343227588,-1.59852372766068,-1.12548490427922,-0.901183693817019,-0.69169321276062,-0.3654665450048,4710.43616536068,0.999870259200887
"log_lik[334]",-0.615425547497701,0.00539385945165047,0.35840757603601,-1.4570361424551,-0.821292185433077,-0.556277371764233,-0.351369041860329,-0.116132199760075,4415.24808491315,0.999639174391119
"log_lik[335]",-0.898983777106548,0.00306044418374871,0.199413189154334,-1.30654981133785,-1.02619473221779,-0.899774446874602,-0.766612646707685,-0.51235213400207,4245.59762475781,1.00064639013076
"log_lik[336]",-0.899515426555057,0.0036147201234775,0.233669826044621,-1.43116113182622,-1.03679650903749,-0.877218561335028,-0.731497544441356,-0.508179829258561,4178.84167075796,0.999990100561283
"log_lik[337]",-0.908973436176276,0.00379708883944055,0.257114985843307,-1.45356322444119,-1.0754283360316,-0.902376882169736,-0.730950050596688,-0.438384316304288,4585.14699722201,1.00014228533206
"log_lik[338]",-0.555910956072529,0.00293124403734134,0.196050079934965,-1.03585700638335,-0.656721465847086,-0.520210373051776,-0.417261811861268,-0.266228465190306,4473.32131346526,1.00093707293991
"log_lik[339]",-0.547098348127352,0.00237874960167441,0.151321413477709,-0.914005326924014,-0.624711481865932,-0.521990005289836,-0.44374043539174,-0.315742287023406,4046.72154433871,1.00144446133608
"log_lik[340]",-0.541579198550014,0.00198843364290519,0.115559317685697,-0.831376612098462,-0.596487910714763,-0.521629072377609,-0.467448469678634,-0.362975245411312,3377.44070219936,1.00218934761871
"log_lik[341]",-0.92255073620216,0.00535491153382401,0.365598716215086,-1.80090847560458,-1.11927551583458,-0.864701510104936,-0.65245975430667,-0.374175152924872,4661.2749742209,0.999544282194794
"log_lik[342]",-0.986117776301713,0.00505649346059737,0.361592730233481,-1.79675339842912,-1.20810097356104,-0.958573334910054,-0.728443156145208,-0.364720338717926,5113.76164053109,0.999518417809181
"log_lik[343]",-0.71770172870741,0.0070713991577136,0.490108518693955,-1.90512650296539,-0.971924133706756,-0.613951880050784,-0.350165275731398,-0.0877860076129236,4803.6769967356,0.999736018074684
"log_lik[344]",-0.882427805327171,0.00459993182236403,0.324282933310964,-1.65596444904605,-1.05524028935241,-0.833764406863383,-0.657157708913041,-0.393594757263935,4969.87420080263,0.999928003690593
"log_lik[345]",-0.529097336945456,0.00311823679807911,0.208513359773163,-1.02916395344001,-0.630528035750675,-0.493775993341435,-0.389235333667088,-0.225173463045921,4471.46244571523,0.999342929833481
"log_lik[346]",-0.526748599826801,0.00193977116293309,0.118383057256491,-0.811574461051185,-0.581414901872555,-0.50888532168878,-0.454285685704775,-0.336171543769099,3724.58684919944,0.999849781425333
"log_lik[347]",-0.915764635059789,0.00245523307880308,0.163220973970977,-1.25351509670004,-1.00758761989442,-0.919208262289439,-0.818952441622065,-0.587271570201691,4419.43221256435,0.999648564533138
"log_lik[348]",-0.54131229885807,0.00164542248165216,0.103621996758196,-0.782683233429183,-0.593849409505766,-0.532482434464196,-0.476366757059096,-0.361647995351979,3965.96666729011,1.00063165319818
"log_lik[349]",-0.935255173015977,0.00316065614578317,0.220276760375027,-1.40775249904957,-1.06716942314748,-0.930083340857777,-0.792765231164769,-0.513357314206267,4857.16503538738,0.999510927746534
"log_lik[350]",-0.184636210154127,0.0030184781181085,0.181262292312214,-0.675522512558087,-0.252937664366407,-0.126058663628671,-0.0585754557395516,-0.00808105775060427,3606.10918584531,1.00004606440139
"log_lik[351]",-0.239005301161015,0.00188635579340368,0.0969301178608173,-0.452259119228466,-0.299314187488099,-0.229647114120945,-0.16984697988026,-0.0749451750015166,2640.40326553225,1.00175516618385
"log_lik[352]",-0.239005301161015,0.00188635579340368,0.0969301178608173,-0.452259119228466,-0.299314187488099,-0.229647114120945,-0.16984697988026,-0.0749451750015166,2640.40326553225,1.00175516618385
"log_lik[353]",-0.590074994899764,0.00232380942988633,0.113814921597815,-0.831299180200549,-0.658021856681517,-0.589973083954816,-0.520856440140126,-0.358201886763842,2398.81848991457,1.00058039793744
"log_lik[354]",-0.734745275574797,0.00319548642604371,0.177032410930095,-1.15033775152473,-0.831337974585609,-0.716625150091756,-0.616584759186186,-0.436968014330069,3069.24539990592,0.999920819656794
"log_lik[355]",-0.0758635439265186,0.00149934903193426,0.0868266199243158,-0.310220996371939,-0.0991984834394789,-0.0464718495925243,-0.0201508757420171,-0.00237537976958325,3353.51537806893,1.00035559296265
"log_lik[356]",-0.374145545961619,0.00194996184637221,0.085475206783426,-0.532445440258741,-0.430605269392985,-0.378502343023081,-0.323108707278272,-0.189109746723215,1921.44559667083,1.00267578601508
"log_lik[357]",-0.239005301161015,0.00188635579340368,0.0969301178608173,-0.452259119228466,-0.299314187488099,-0.229647114120945,-0.16984697988026,-0.0749451750015166,2640.40326553225,1.00175516618385
"log_lik[358]",-0.157103440344731,0.00179199600524499,0.0980646840901258,-0.402712600190405,-0.209197703901361,-0.137233958173099,-0.0848635175874592,-0.0248028170186732,2994.68531430703,1.00104295005119
"log_lik[359]",-0.107106160208814,0.00163300957975181,0.0931223281928627,-0.353663298985465,-0.145167554716885,-0.0800725921671034,-0.0413433634040747,-0.00740956868915914,3251.84761540549,1.00061055543132
"log_lik[360]",-0.312430788359134,0.00312664420321847,0.195692992066658,-0.793766665292014,-0.420494964394677,-0.272147687326257,-0.167718452700119,-0.0458535591753243,3917.36122283261,1.00006845233593
"log_lik[361]",-0.634841528554351,0.00486974239578078,0.340320241655605,-1.42975116994532,-0.821139524388999,-0.585071961773177,-0.375287239091115,-0.147496154026669,4883.86426935242,0.999975653989172
"log_lik[362]",-0.956720128439646,0.00208471618611743,0.148711375187538,-1.29967529926811,-1.03614750291843,-0.945018062786745,-0.865388345260658,-0.693898449435151,5088.55534860403,0.999745057261884
"log_lik[363]",-0.562359010452084,0.00278607542071305,0.192841463432792,-0.985359574528519,-0.682017998891533,-0.546808946756803,-0.422849282372929,-0.237307509360633,4790.87786550306,0.999899764863858
"log_lik[364]",-0.975748170726494,0.00254470143202151,0.191810610881464,-1.38984249533229,-1.08717986943737,-0.964149323448931,-0.849429342117441,-0.633501614387428,5681.61221376851,0.99959033488096
"log_lik[365]",-0.584017275995969,0.00341781786692272,0.238873603054607,-1.1226637955901,-0.726219067228823,-0.55661545870309,-0.405980589296177,-0.205371326911439,4884.70666905435,0.999907241256073
"log_lik[366]",-0.543383213317189,0.00222735179301564,0.150940026531761,-0.866752462737549,-0.638466936653889,-0.535313625596254,-0.436774193745999,-0.276816076267343,4592.3101597257,0.999938143620327
"log_lik[367]",-0.4920431200819,0.00299384989592411,0.228625657649156,-1.0732709438862,-0.611015470611463,-0.454030119876131,-0.328546775914485,-0.166060027712308,5831.62905722859,0.999631374580497
"log_lik[368]",-0.490929705170188,0.00157919818155912,0.11920735722577,-0.756577266159208,-0.558020152915485,-0.480146787572752,-0.411230707488154,-0.286502165477136,5698.13651077373,0.999875008226606
"log_lik[369]",-0.524237216978349,0.00559966498691216,0.402416483003634,-1.61891637279676,-0.695811847139945,-0.418092675342541,-0.23728704550437,-0.0699175537466274,5164.48989593444,0.999709868768056
"log_lik[370]",-0.916578528452972,0.00281585939292872,0.176338268421564,-1.31977731167376,-1.01540603147686,-0.895585227954503,-0.797361610755504,-0.628926477679268,3921.67151588051,0.999761914173858
"log_lik[371]",-1.02174439644865,0.00403907819046464,0.307559753112546,-1.70093762783083,-1.20482889351607,-0.992360462044038,-0.80593579913004,-0.492348322830884,5798.21728333693,0.999525044287394
"log_lik[372]",-0.527191384622624,0.00175798063646955,0.114970530939721,-0.761776959259697,-0.598775691458075,-0.524871372220314,-0.449817261411856,-0.31087536520777,4277.05563586445,1.00006514650251
"log_lik[373]",-0.4887894677861,0.00197353084510025,0.152405834243676,-0.842623230192358,-0.575147586172765,-0.47212727142827,-0.383365575717564,-0.240989542140837,5963.69395177123,0.999723658077029
"log_lik[374]",-0.929222020396752,0.00270512102606467,0.16124384146429,-1.26740203955154,-1.0192793448469,-0.924888723989549,-0.83319170520925,-0.612314866677773,3552.98089596384,1.00065367100004
"log_lik[375]",-0.623519251787779,0.00554441461146708,0.389232913642182,-1.57483336607519,-0.837068662325622,-0.54991659440496,-0.33034549473698,-0.104375701583557,4928.42004953556,0.999329150526514
"log_lik[376]",-0.520180191690051,0.00243156475311984,0.147498820267675,-0.870514704362528,-0.596333570798234,-0.499626399952208,-0.423321343794117,-0.28513557888105,3679.64070630392,1.00086340204951
"log_lik[377]",-0.534510232281213,0.00213457029172045,0.146885605048492,-0.852514246270813,-0.627423867279741,-0.524390314465972,-0.431502640239518,-0.276860519349766,4735.19154559836,0.999707240954288
"log_lik[378]",-0.920223145125664,0.00341892503953573,0.221054162739939,-1.41947994750836,-1.04848686787774,-0.896282580047304,-0.763495870122318,-0.555721741719558,4180.403834765,0.999671317508261
"log_lik[379]",-0.563205680703405,0.00548040714721168,0.343162447579293,-1.45800562627694,-0.717308109320209,-0.481623668993906,-0.323511194011583,-0.1325628769153,3920.79256003629,1.00033028107561
"log_lik[380]",-0.918295727217023,0.00230180236410962,0.133506546337766,-1.22609850899524,-0.992007005987185,-0.908000624389607,-0.833863087467759,-0.674947436100733,3364.10125595873,1.00092184417567
"log_lik[381]",-0.920223145125664,0.00341892503953573,0.221054162739939,-1.41947994750836,-1.04848686787774,-0.896282580047304,-0.763495870122318,-0.555721741719558,4180.403834765,0.999671317508261
"log_lik[382]",-0.534510232281213,0.00213457029172045,0.146885605048492,-0.852514246270813,-0.627423867279741,-0.524390314465972,-0.431502640239518,-0.276860519349766,4735.19154559836,0.999707240954288
"log_lik[383]",-0.546838800747389,0.00266578684608028,0.189080079260539,-0.971791119236708,-0.666040446308052,-0.530539706863945,-0.409579356496127,-0.234063564882491,5030.84237135577,0.999502568189256
"log_lik[384]",-0.56208506536906,0.00327979154290043,0.235200749409773,-1.10817651370039,-0.703228068593626,-0.534687001463172,-0.390181192950824,-0.192193893874222,5142.62573709423,0.999408585166215
"log_lik[385]",-0.534510232281213,0.00213457029172045,0.146885605048492,-0.852514246270813,-0.627423867279741,-0.524390314465972,-0.431502640239518,-0.276860519349766,4735.19154559836,0.999707240954288
"log_lik[386]",-0.939464513486422,0.00337190152421793,0.211182642007269,-1.3939731291155,-1.06382879436444,-0.933328305789007,-0.800348297142558,-0.542550182811496,3922.53359981428,1.00009754651623
"log_lik[387]",-0.181145915924054,0.00158751586278839,0.0951288712003006,-0.390289635988478,-0.239325447258543,-0.167274779598558,-0.11104167533749,-0.0385232889966972,3590.77786852908,1.00094773846854
"log_lik[388]",-0.0745533442873904,0.00136999388777211,0.0755990940695815,-0.279848443262733,-0.101863311345344,-0.049748513963012,-0.022474549907228,-0.00313925258539576,3045.06048334572,1.00049253265436
"log_lik[389]",-0.769250429987466,0.00269160471855462,0.134103954517358,-1.0651551466108,-0.842580969705579,-0.763133095111605,-0.68271637613034,-0.519221441425602,2482.33623891056,1.00100656575045
"log_lik[390]",-0.383784398233194,0.00168905442336153,0.0886243930463272,-0.564550480574672,-0.439727458012077,-0.384096536587298,-0.328436564141018,-0.210352771421313,2753.08272422156,1.0018502809011
"log_lik[391]",-0.133091390825401,0.00255171074022453,0.136075730437306,-0.517466185831996,-0.180597770658421,-0.0895700526963984,-0.0393560766269457,-0.0050139715367535,2843.79617210935,0.999815519471171
"log_lik[392]",-1.01077352130678,0.00488201130630143,0.288226757592647,-1.69340967671877,-1.16615740109861,-0.96526696153618,-0.80923523326051,-0.58438743673069,3485.54770107674,0.999806860008867
"log_lik[393]",-0.308459262509532,0.00286898844474231,0.165068396235115,-0.689995439452759,-0.406902603639952,-0.282642452631671,-0.186019650319215,-0.0646529291208579,3310.32219185371,0.999819841037323
"log_lik[394]",-0.0611302672288205,0.00129987446738948,0.0704031982366689,-0.258743649558882,-0.0813216983684237,-0.0365456660574747,-0.0151140736683915,-0.0016978189895959,2933.47202151877,1.00042959770618
"log_lik[395]",-0.48717696817892,0.00275951060339612,0.159181122532123,-0.815195571030834,-0.589144725869507,-0.479458600049227,-0.373329813459827,-0.203207931199247,3327.50710614321,0.99989050165623
"log_lik[396]",-0.48717696817892,0.00275951060339612,0.159181122532123,-0.815195571030834,-0.589144725869507,-0.479458600049227,-0.373329813459827,-0.203207931199247,3327.50710614321,0.99989050165623
"log_lik[397]",-0.114056956065244,0.00149751029834002,0.086478767945885,-0.32830788951082,-0.156137990548539,-0.0924078328273748,-0.0502085354871196,-0.011144799022783,3334.87340149986,1.00066342803184
"log_lik[398]",-0.308459262509532,0.00286898844474231,0.165068396235115,-0.689995439452759,-0.406902603639952,-0.282642452631671,-0.186019650319215,-0.0646529291208579,3310.32219185371,0.999819841037323
"log_lik[399]",-0.383784398233194,0.00168905442336153,0.0886243930463272,-0.564550480574672,-0.439727458012077,-0.384096536587298,-0.328436564141018,-0.210352771421313,2753.08272422156,1.0018502809011
"log_lik[400]",-0.702527380281034,0.00359729494192806,0.269316754327825,-1.31168374451366,-0.857258070666909,-0.667422471352123,-0.507660214398647,-0.279085074884697,5604.98751763263,0.999475313705993
"log_lik[401]",-0.528854132399566,0.00138827783650094,0.0920454215236324,-0.704028603713589,-0.585988086265438,-0.532547949492457,-0.47427512036515,-0.336474354234552,4395.93843200683,0.999623546344577
"log_lik[402]",-0.340190964133484,0.00200915760229464,0.163058943507641,-0.719584963939385,-0.42601339313187,-0.316599222635152,-0.223946161212051,-0.0973880710178764,6586.59921753004,0.999274616372506
"log_lik[403]",-0.528854132399566,0.00138827783650094,0.0920454215236324,-0.704028603713589,-0.585988086265438,-0.532547949492457,-0.47427512036515,-0.336474354234552,4395.93843200683,0.999623546344577
"log_lik[404]",-0.294173823629951,0.00290293129871883,0.219256158845242,-0.865380223413512,-0.385882904874263,-0.239849437872725,-0.139210141418372,-0.0394371624135848,5704.66422586687,0.999588767729643
"log_lik[405]",-1.54371554870606,0.00835514480754693,0.611623780945762,-2.96703772502328,-1.89077464662312,-1.46593009343717,-1.11035306309464,-0.587562887236068,5358.71628039923,0.999667247279852
"log_lik[406]",-0.528854132399566,0.00138827783650094,0.0920454215236324,-0.704028603713589,-0.585988086265438,-0.532547949492457,-0.47427512036515,-0.336474354234552,4395.93843200683,0.999623546344577
"log_lik[407]",-0.899431616911835,0.00605295954090124,0.427839527601558,-1.93064427481676,-1.14250462405125,-0.832245577406293,-0.587515951058407,-0.277133139302052,4996.04417877887,0.999770190346614
"log_lik[408]",-0.447740310847326,0.00120039528942007,0.0871615101189369,-0.617500430444108,-0.501721298203962,-0.452013968823632,-0.394683649657838,-0.262663470059101,5272.30986836859,0.999203787253046
"log_lik[409]",-0.528854132399566,0.00138827783650094,0.0920454215236324,-0.704028603713589,-0.585988086265438,-0.532547949492457,-0.47427512036515,-0.336474354234552,4395.93843200683,0.999623546344577
"log_lik[410]",-0.528854132399566,0.00138827783650094,0.0920454215236324,-0.704028603713589,-0.585988086265438,-0.532547949492457,-0.47427512036515,-0.336474354234552,4395.93843200683,0.999623546344577
"log_lik[411]",-0.793304984031359,0.00283760460528481,0.198549947229635,-1.23844796297628,-0.907389146285774,-0.774143076568453,-0.652858258317155,-0.464722992237381,4895.93666845426,0.999450295387336
"log_lik[412]",-0.306987341037656,0.00258925363014511,0.200850257431256,-0.811210021076203,-0.399646013567306,-0.262486404341226,-0.163642900452073,-0.0528265988179282,6017.21594691728,0.999478480253587
"log_lik[413]",-0.42693345393884,0.00129387768382104,0.0902386989360952,-0.618213658943812,-0.4772421802895,-0.42515903203733,-0.374630051567187,-0.249034299115104,4864.06315492114,1.00032008123737
"log_lik[414]",-0.351410029261614,0.00360752630889503,0.270764599883632,-1.06433142424082,-0.469989769141602,-0.284837592774687,-0.158960023613489,-0.040599164394112,5633.32429395918,0.999736941605194
"log_lik[415]",-0.42693345393884,0.00129387768382104,0.0902386989360952,-0.618213658943812,-0.4772421802895,-0.42515903203733,-0.374630051567187,-0.249034299115104,4864.06315492114,1.00032008123737
"log_lik[416]",-0.438559550074932,0.00311927231056887,0.245681281559205,-1.02843399664398,-0.569578831871516,-0.396591810547092,-0.259083101629605,-0.0975661310591125,6203.51101404064,0.999539104837126
"log_lik[417]",-0.31767749962514,0.00153522789074334,0.119679148420777,-0.585195917459823,-0.382889372681286,-0.305838421477044,-0.236019717472476,-0.120448382986673,6077.02855735435,0.99962236137328
"log_lik[418]",-0.582873795102892,0.00163260477725585,0.102181274299995,-0.807643624940622,-0.641562844848715,-0.578459337641547,-0.518106882826986,-0.385977918956474,3917.24290795702,1.00102090563277
"log_lik[419]",-0.31767749962514,0.00153522789074334,0.119679148420777,-0.585195917459823,-0.382889372681286,-0.305838421477044,-0.236019717472476,-0.120448382986673,6077.02855735435,0.99962236137328
"log_lik[420]",-0.438559550074932,0.00311927231056887,0.245681281559205,-1.02843399664398,-0.569578831871516,-0.396591810547092,-0.259083101629605,-0.0975661310591125,6203.51101404064,0.999539104837126
"log_lik[421]",-1.87781951264521,0.00860881826017112,0.668651123357918,-3.38998635033632,-2.24806609493701,-1.79566530038844,-1.40896227943488,-0.80064937984323,6032.70485028087,0.999309335623436
"log_lik[422]",-0.68091707392561,0.00210581564142591,0.149754371117082,-1.02251917020612,-0.769355167753123,-0.665245143721941,-0.578529011851035,-0.425378092509341,5057.29539065687,1.00029667503342
"log_lik[423]",-0.299381508157778,0.00344515853654575,0.171668737376349,-0.709055541848257,-0.395081004530411,-0.266690583665742,-0.173206153313196,-0.0607030161605552,2482.92729302378,1.00024013552844
"log_lik[424]",-1.10441780888392,0.00508558559684881,0.24050107873049,-1.64246588532576,-1.24372242325019,-1.07916145464628,-0.940392527935898,-0.698600782817432,2236.41357871621,1.00122538885078
"log_lik[425]",-0.688348121759546,0.00454807889981628,0.188392573991968,-1.06234311132182,-0.813819909334515,-0.688387977268287,-0.563918761796932,-0.31456447620893,1715.81942171374,1.00253577877961
"log_lik[426]",-0.423731306435743,0.00260020882903169,0.121727001881196,-0.687723202270272,-0.495074547692246,-0.415334268317989,-0.340111464402843,-0.215054240178443,2191.5803299261,1.00171835350419
"log_lik[427]",-0.391152613703557,0.00741881231589743,0.331130056252098,-1.2745818050572,-0.554457107189905,-0.300044788839939,-0.143726224349965,-0.0223322995117547,1992.17936456092,1.0004656884582
"log_lik[428]",-0.299381508157778,0.00344515853654575,0.171668737376349,-0.709055541848257,-0.395081004530411,-0.266690583665742,-0.173206153313196,-0.0607030161605552,2482.92729302378,1.00024013552844
"log_lik[429]",-0.391152613703557,0.00741881231589743,0.331130056252098,-1.2745818050572,-0.554457107189905,-0.300044788839939,-0.143726224349965,-0.0223322995117547,1992.17936456092,1.0004656884582
"log_lik[430]",-0.271922814417907,0.00379149082820492,0.18543850147032,-0.742112461838991,-0.368426109009961,-0.228279600511501,-0.134697258558543,-0.0384947388464282,2392.10257579025,1.00014450477293
"log_lik[431]",-0.688348121759546,0.00454807889981628,0.188392573991968,-1.06234311132182,-0.813819909334515,-0.688387977268287,-0.563918761796932,-0.31456447620893,1715.81942171374,1.00253577877961
"log_lik[432]",-0.299381508157778,0.00344515853654575,0.171668737376349,-0.709055541848257,-0.395081004530411,-0.266690583665742,-0.173206153313196,-0.0607030161605552,2482.92729302378,1.00024013552844
"log_lik[433]",-0.615596711048713,0.00505607466720714,0.220787328800585,-1.07320994280938,-0.759339056103665,-0.606061459866415,-0.460309093310899,-0.218663337347553,1906.87108163269,1.00172464032449
"log_lik[434]",-0.484078689420938,0.00264298103907376,0.110124597145445,-0.745883278706557,-0.537408518360992,-0.472190355886227,-0.412431223072953,-0.303633112071719,1736.12331906598,1.00332337496594
"log_lik[435]",-0.33668662502752,0.00223993699401887,0.171637825225847,-0.759672645052214,-0.42122175093279,-0.307728899780219,-0.215268785265532,-0.0962550685613432,5871.57214102405,1.000453297594
"log_lik[436]",-0.401712133841965,0.00177903685702178,0.136375326099148,-0.720004271308195,-0.470726346280857,-0.384825525121434,-0.307223513408369,-0.189514971418994,5876.2696017379,1.00025538867659
"log_lik[437]",-0.802542721248647,0.00181776121923446,0.126764169281484,-1.0360198547504,-0.883316278760877,-0.808955274889586,-0.730388171799214,-0.528731013539563,4863.16899851502,0.999860808724727
"log_lik[438]",-0.521938136849145,0.00336643408151272,0.265154120638683,-1.12807206682021,-0.664961015818422,-0.482924430639517,-0.331128809684228,-0.130986631546986,6203.78204495,1.00031535293569
"log_lik[439]",-0.311210790213618,0.00249148657612025,0.187380416134572,-0.782261817162834,-0.397158604249896,-0.272649628735783,-0.178435229218529,-0.0680815818221075,5656.28514519608,1.00049716603718
"log_lik[440]",-0.967483293056279,0.00208344752705208,0.151079987490999,-1.25853339172943,-1.06043538943243,-0.972431466641353,-0.882671380819805,-0.647181007144203,5258.34100118128,0.999617628870094
"log_lik[441]",-0.607462298800652,0.00180307800154917,0.115165999226063,-0.890019806307057,-0.657243429590167,-0.589369431101445,-0.533428580593954,-0.438294581162811,4079.61829318427,0.999654404456723
"log_lik[442]",-0.564402991730704,0.00301963302792492,0.239903766705577,-1.0970914760815,-0.697083668590245,-0.536293541629405,-0.392767024927176,-0.182329747940246,6311.9826992992,1.00028812138334
"log_lik[443]",-1.26709719854708,0.00437274416168879,0.357182971341558,-2.05455456303533,-1.47758003575393,-1.23204250267765,-1.02235431043122,-0.651220068889593,6672.26603908477,0.999877880262432
"log_lik[444]",-0.613121532328038,0.00267655505676662,0.211943428058217,-1.06458964296063,-0.736976019196152,-0.595205375907326,-0.464338883722655,-0.253384072296784,6270.28883285223,1.00024974743462
"log_lik[445]",-1.86150021516305,0.0101618718005736,0.833963101979119,-3.78770259616852,-2.35768445210983,-1.75328263955558,-1.25336042379815,-0.522458556883732,6735.1341248864,0.999999461535438
"log_lik[446]",-0.607462298800652,0.00180307800154917,0.115165999226063,-0.890019806307057,-0.657243429590167,-0.589369431101445,-0.533428580593954,-0.438294581162811,4079.61829318427,0.999654404456723
"log_lik[447]",-0.802542721248647,0.00181776121923446,0.126764169281484,-1.0360198547504,-0.883316278760877,-0.808955274889586,-0.730388171799214,-0.528731013539563,4863.16899851502,0.999860808724727
"log_lik[448]",-0.44268211557499,0.00159391209917701,0.117880758737726,-0.721425571834321,-0.501066822597435,-0.428417452745835,-0.363860244983197,-0.256602698729649,5469.61943937846,1.00005871957174
"log_lik[449]",-0.487446845447307,0.00291914691440571,0.161613872169644,-0.831509197343784,-0.595567006932538,-0.480650221163033,-0.37133644606015,-0.204039642171488,3065.10506912418,1.0007622794742
"log_lik[450]",-1.01230540761217,0.00505133148948906,0.293400000396845,-1.68972673557998,-1.17057617802865,-0.963333012873438,-0.801289151318487,-0.571623059475212,3373.71568964738,1.00054914930334
"log_lik[451]",-0.607368722068946,0.00268956280388612,0.143565111834103,-0.898281284109956,-0.702058801411194,-0.606608306454365,-0.508026913333334,-0.33720109047437,2849.2755234572,1.00078155920842
"log_lik[452]",-0.75533920460521,0.0025564961054011,0.125668917629715,-1.00985667880236,-0.833887602704227,-0.755105682879835,-0.677885237634697,-0.503129950464798,2416.38136737436,1.00088233310583
"log_lik[453]",-0.313918577955125,0.00173497666957243,0.102440307914296,-0.527532544237591,-0.377425299651129,-0.309784051018831,-0.241804434704047,-0.135235711600563,3486.21744751064,1.00025052336082
"log_lik[454]",-0.399783250958991,0.00170333787325972,0.094104124816805,-0.604106791757341,-0.455387697240164,-0.396573425555525,-0.340339931566851,-0.226932807515436,3052.21915955571,0.999996738396946
"log_lik[455]",-0.75533920460521,0.0025564961054011,0.125668917629715,-1.00985667880236,-0.833887602704227,-0.755105682879835,-0.677885237634697,-0.503129950464798,2416.38136737436,1.00088233310583
"log_lik[456]",-0.0736574412510628,0.00163709742778723,0.0915411166822258,-0.320247354807105,-0.0953940382358098,-0.0432916598011091,-0.0165855350736801,-0.00182350678880097,3126.67945259177,1.00156787176212
"log_lik[457]",-0.128962389876068,0.00176874895816958,0.103107133984316,-0.388868990268149,-0.175034572311557,-0.103151162920465,-0.0540760002158984,-0.012032787528702,3398.16948918733,1.00128201361078
"log_lik[458]",-0.487446845447307,0.00291914691440571,0.161613872169644,-0.831509197343784,-0.595567006932538,-0.480650221163033,-0.37133644606015,-0.204039642171488,3065.10506912418,1.0007622794742
"log_lik[459]",-0.487446845447307,0.00291914691440571,0.161613872169644,-0.831509197343784,-0.595567006932538,-0.480650221163033,-0.37133644606015,-0.204039642171488,3065.10506912418,1.0007622794742
"log_lik[460]",-0.128962389876068,0.00176874895816958,0.103107133984316,-0.388868990268149,-0.175034572311557,-0.103151162920465,-0.0540760002158984,-0.012032787528702,3398.16948918733,1.00128201361078
"log_lik[461]",-0.105880090645039,0.00172953945757462,0.0992187843557868,-0.365935418099596,-0.143269925521298,-0.0775984292630537,-0.0365220023118129,-0.00633263416860412,3290.99221181277,1.00142985701445
"log_lik[462]",-0.613184522470819,0.00192150972165909,0.137477952086232,-0.91794925135654,-0.688573618189277,-0.603010820816233,-0.519649644501392,-0.38110371404089,5118.95057256157,0.999957920106569
"log_lik[463]",-0.458732950607804,0.00331395643310152,0.210090517349336,-0.983740534838274,-0.557703998321905,-0.413511577195098,-0.312502280134714,-0.17121639623625,4019.01208130129,1.00043178172819
"log_lik[464]",-0.981311086120254,0.00325503094121573,0.211744987498221,-1.39744585919133,-1.11709836607092,-0.98458535263925,-0.843980457554567,-0.557897279123645,4231.71133096166,1.00004401011593
"log_lik[465]",-0.743512286828939,0.00335960753469498,0.254874484300141,-1.33108629102925,-0.886715757641537,-0.712983510938973,-0.562585767061375,-0.333770711436223,5755.40151696536,0.999982554598465
"log_lik[466]",-0.51604010195679,0.00195263895827271,0.113724915277494,-0.810601199112827,-0.567006811869806,-0.49526785787698,-0.442145051370115,-0.346819052026975,3392.08982415653,1.00034936586879
"log_lik[467]",-0.701613094758449,0.00314400512128274,0.24347540752585,-1.25954928041427,-0.843351567780792,-0.673696691083675,-0.53103967291126,-0.306783522373807,5997.13345366804,0.999987983081722
"log_lik[468]",-0.684839308296358,0.00563521160713256,0.399128074252625,-1.69022769361784,-0.886172660761846,-0.59927164462538,-0.39362698058079,-0.153876106299292,5016.53787702907,1.0000180952202
"log_lik[469]",-1.09602738031243,0.00506431846392155,0.355725924134085,-1.84921408350504,-1.31532889406238,-1.08271102420963,-0.849852611986039,-0.468260919753377,4933.88493146276,1.00002627802067
"log_lik[470]",-1.15878853133966,0.0060928859527465,0.436341472437911,-2.10562079684409,-1.42746008550481,-1.13004096045046,-0.847945982759052,-0.415769231228277,5128.69517661146,1.00002128506183
"log_lik[471]",-0.841216857113145,0.00199194052946032,0.130019222480805,-1.10190134597744,-0.92008603146283,-0.842331171536268,-0.764701740346184,-0.571780870626945,4260.51788646352,0.999978653125127
"log_lik[472]",-0.174634940089322,0.00178082091309619,0.116753063200471,-0.462395890103282,-0.232471478678396,-0.148866403692077,-0.0892625646017806,-0.0294891031887967,4298.29356122556,0.999458644910833
"log_lik[473]",-1.6458647027017,0.00649014106848861,0.440760186122446,-2.62373101521927,-1.90480619751567,-1.58443044805595,-1.3317313491891,-0.947508470795471,4612.0758628269,0.999395044979739
"log_lik[474]",-0.272854917163854,0.00347362218369829,0.215808704651863,-0.824237543702038,-0.372025678670728,-0.219125739099376,-0.115513583231341,-0.0267013415439496,3859.8706995116,0.999657803766825
"log_lik[475]",-1.4510756842534,0.0049905538597425,0.334713207295785,-2.20269260060707,-1.64525267282503,-1.40482907450195,-1.22002796080338,-0.915701173055862,4498.29781110029,0.999447412635171
"log_lik[476]",-0.150124021915324,0.00184313640144666,0.117650076245947,-0.451259575946563,-0.202240125019476,-0.120173446372306,-0.0657147730070546,-0.0182740615529652,4074.45450737519,0.999560267722598
"log_lik[477]",-0.345909679373094,0.00135624823952147,0.0930622015608992,-0.541504629078553,-0.402118663863943,-0.342736672454774,-0.282249730663168,-0.179436917200294,4708.34491246962,0.999453151982662
"log_lik[478]",-0.60596811973271,0.00176921349934603,0.110086473981924,-0.853974669970728,-0.661303354639531,-0.594301858657949,-0.537931725132652,-0.419732483442506,3871.75113663626,1.00056012964231
"log_lik[479]",-0.684064221455538,0.00235551501707247,0.151011585790683,-0.989208164647875,-0.776369211251562,-0.683530573750678,-0.584296745612583,-0.397237478179464,4110.06586538825,1.00020205163034
"log_lik[480]",-0.242228722142546,0.00160267401767622,0.11026841301174,-0.490542405825629,-0.306552003437796,-0.229494368861672,-0.161168650992536,-0.0752967065105464,4733.82126172492,0.999332036612744
"log_lik[481]",-0.313901472895438,0.00338451020393779,0.214458428840922,-0.840843182998053,-0.423065396510548,-0.269722375625779,-0.155958842976509,-0.0437402333324021,4015.08352566098,0.999643362778249
"log_lik[482]",-0.345909679373094,0.00135624823952147,0.0930622015608992,-0.541504629078553,-0.402118663863943,-0.342736672454774,-0.282249730663168,-0.179436917200294,4708.34491246962,0.999453151982662
"log_lik[483]",-0.416562578612041,0.00127827296692437,0.0826221209548405,-0.595774205043814,-0.462943725679914,-0.4136936737693,-0.365909352774529,-0.260996436096403,4177.77906896779,0.999826596084799
"log_lik[484]",-0.28855416922288,0.00148370287324405,0.103168356147743,-0.51121887368239,-0.349872305687065,-0.28157939809163,-0.214386762067693,-0.117101634499864,4835.02969759332,0.999337292108909
"log_lik[485]",-0.416562578612041,0.00127827296692437,0.0826221209548405,-0.595774205043814,-0.462943725679914,-0.4136936737693,-0.365909352774529,-0.260996436096403,4177.77906896779,0.999826596084799
"log_lik[486]",-0.373774378698665,0.00174187874600739,0.0998856491519514,-0.571455567132293,-0.439063160634419,-0.373923823455104,-0.307555285331644,-0.175981045452269,3288.29182494043,0.999881379184603
"log_lik[487]",-0.520517576752192,0.00175274622542309,0.094236588590682,-0.695000814084446,-0.58073341292076,-0.526898672655972,-0.467682124894515,-0.313549677582773,2890.68674525907,0.999623934825151
"log_lik[488]",-0.279827462134544,0.00219399430567191,0.142251173756608,-0.621020232054346,-0.355404581060177,-0.256041319558097,-0.179007143652455,-0.0761892749439585,4203.78721486529,0.999663798874465
"log_lik[489]",-0.257187840737993,0.0023702485204606,0.154860702494162,-0.648961956797919,-0.332329935182339,-0.225132519791922,-0.147394760060276,-0.05489714399274,4268.69063920175,0.999617774692072
"log_lik[490]",-0.337479541135959,0.00187473130778619,0.114431278140197,-0.586662921483182,-0.408188863030695,-0.329207863569003,-0.258371316470172,-0.137261284583967,3725.73046846488,0.999798569196342
"log_lik[491]",-0.306386041792306,0.00202799615306181,0.128771177128098,-0.604627869509732,-0.379791304203649,-0.290844863659551,-0.215560513359851,-0.10413938789542,4031.83803681303,0.999723547924349
"log_lik[492]",-0.733347218192516,0.00320064467336735,0.225846353564834,-1.24788716902178,-0.868771612459872,-0.712437276142724,-0.575947905839399,-0.350447247706935,4979.10449359489,0.999526525555616
"log_lik[493]",-0.546294007507453,0.0041173231276641,0.298787725773212,-1.30147087479893,-0.697743059287175,-0.481605706272286,-0.33041276226048,-0.137747523306583,5266.17881618689,0.999249242914238
"log_lik[494]",-0.415957322858492,0.00164911155993919,0.0874863719036754,-0.57389061190634,-0.473822631463108,-0.422511040322255,-0.363295177629295,-0.224629020934367,2814.36707280504,0.999929346060404
"log_lik[495]",-1.11498185708686,0.00715066718090089,0.529197906462699,-2.35445741291217,-1.42672803314523,-1.053166061311,-0.73159905830597,-0.30600364551042,5477.00459446683,0.999640665043549
"log_lik[496]",-0.819141225635761,0.0040295812581502,0.291862993469466,-1.48888386152568,-0.989994488454586,-0.788090584106002,-0.612300719705291,-0.338748878202829,5246.12010440153,0.999564522265669
"log_lik[497]",-0.583840422907319,0.00203330950987915,0.124009945091359,-0.846318488811215,-0.662036728477826,-0.581087650639862,-0.502147911225276,-0.338245352314961,3719.68400028109,0.999501895138419
"log_lik[498]",-0.237915970015662,0.00255603412744559,0.166795783049668,-0.671369887156345,-0.311485035630307,-0.197593065045438,-0.119937781278429,-0.039307876192573,4258.30571050401,0.999582437938452
"log_lik[499]",-0.839165427311521,0.00284581885092985,0.168841250301211,-1.24834407105422,-0.929450161533663,-0.819367592209177,-0.725256656318052,-0.560350946604475,3519.99961000497,0.999603676313222
"log_lik[500]",-0.654553922701526,0.00356304815405137,0.264602663743995,-1.27439654804212,-0.805230421919613,-0.620679700517977,-0.463994835844512,-0.245115689972056,5514.99394766418,1.00026168861609
"log_lik[501]",-0.459242143996194,0.00533726887503131,0.377711145403194,-1.45533997633287,-0.602571789614471,-0.350837889651287,-0.195717067237906,-0.0549490227043035,5008.19737909461,0.999669022894953
"log_lik[502]",-0.828636740160751,0.00345421572717111,0.258355670060634,-1.4108848379215,-0.97651114983798,-0.800448871864198,-0.644559191838204,-0.405854753017592,5594.1882954466,0.999967327193635
"log_lik[503]",-0.588715032106066,0.00220272143845252,0.161898694775763,-0.943129492205924,-0.684091105877522,-0.574470540265123,-0.478594188957829,-0.312786244079338,5402.16117854689,1.00045318097486
"log_lik[504]",-0.893472584589831,0.00192932280301748,0.131631337803626,-1.189823670631,-0.96318271199109,-0.885831307561652,-0.81111145720153,-0.650294782469196,4654.88328027617,1.00056585585528
"log_lik[505]",-0.560829262874428,0.00169739793500864,0.120817668952107,-0.822612153389586,-0.633684142035562,-0.552697231613696,-0.479110305826214,-0.345243925664034,5066.3310606703,1.00063204256598
"log_lik[506]",-0.893472584589831,0.00192932280301748,0.131631337803626,-1.189823670631,-0.96318271199109,-0.885831307561652,-0.81111145720153,-0.650294782469196,4654.88328027617,1.00056585585528
"log_lik[507]",-1.11280885390121,0.00509119731410282,0.39529686716785,-1.98860281018238,-1.34842534582922,-1.07377797005958,-0.834945649111107,-0.454994704274103,6028.46699027505,0.999205397854036
"log_lik[508]",-0.472635611441491,0.00205895103158085,0.15432882462775,-0.83300516798278,-0.556624723899627,-0.452037152413374,-0.365091290981161,-0.23099330892933,5618.26295039196,0.99946195343131
"log_lik[509]",-0.654553922701526,0.00356304815405137,0.264602663743995,-1.27439654804212,-0.805230421919613,-0.620679700517977,-0.463994835844512,-0.245115689972056,5514.99394766418,1.00026168861609
"log_lik[510]",-0.893472584589831,0.00192932280301748,0.131631337803626,-1.189823670631,-0.96318271199109,-0.885831307561652,-0.81111145720153,-0.650294782469196,4654.88328027617,1.00056585585528
"log_lik[511]",-0.483745043557031,0.00166349648337881,0.122419984704466,-0.762485770270426,-0.550726487594688,-0.471161606429272,-0.400957519619605,-0.277435055023029,5415.77817275331,0.999546524987093
"log_lik[512]",-0.620000413780104,0.00283356991747165,0.210545213048535,-1.09783359301277,-0.744217065533426,-0.596251569298978,-0.472603469672968,-0.279617812285703,5521.06521575585,1.00033247505411
"log_lik[513]",-0.989219711068695,0.00260309539943403,0.19805292599961,-1.41768097739356,-1.10768888291297,-0.978902266259957,-0.859274531954078,-0.628306264767819,5788.71751320569,0.999135496160577
"log_lik[514]",-0.497969704157048,0.0013764697863318,0.0962416714445144,-0.715539388937495,-0.549356819214864,-0.491018893403801,-0.437035395137258,-0.325459694527766,4888.69505285747,0.999831294275756
"log_lik[515]",-0.528454641108669,0.00292971529314976,0.231783151558649,-1.06752750501103,-0.661921637236199,-0.50117336972916,-0.360099608743525,-0.165587228478334,6259.11442577595,0.999073092846675
"log_lik[516]",-1.90404671069843,0.00972961807948955,0.778803583695396,-3.7234064066364,-2.34997935931026,-1.8005996798157,-1.3470999863354,-0.640791152294045,6407.14122019145,0.999381509276155
"log_lik[517]",-0.607743590532785,0.00179174349272156,0.115068203844281,-0.898923299022583,-0.660045667536733,-0.5912624183014,-0.535044233423054,-0.430822042864407,4124.3830781386,0.999787160963386
"log_lik[518]",-0.25012509691085,0.00251965027312914,0.182520172989188,-0.73413042923115,-0.324858827436199,-0.207550681064785,-0.124594970939684,-0.0365576991828173,5247.36426577852,0.999797921576324
"log_lik[519]",-0.802556562808999,0.00188590540685887,0.129266951383398,-1.04974947232452,-0.881028298185989,-0.80660244459402,-0.727382028038056,-0.52257379320568,4698.24004159668,0.999505562117892
"log_lik[520]",-0.273559960331389,0.00230461644524935,0.171488950968785,-0.720243286519727,-0.351330424577653,-0.23862098145543,-0.154368857886339,-0.0539152063419099,5537.00574599186,0.999748304142761
"log_lik[521]",-0.472879083652319,0.00149247436373259,0.100009568105417,-0.718306110820694,-0.51784932651214,-0.459463423636699,-0.410418650392079,-0.314748941481023,4490.23782084041,0.999902975446773
"log_lik[522]",-0.404176186697531,0.00391831205077376,0.285192642248269,-1.13490479826665,-0.539668035587859,-0.340666272391419,-0.194473774336951,-0.0552985387896183,5297.59305450037,0.999198486343759
"log_lik[523]",-1.10679651147789,0.00282239141722553,0.215097377512838,-1.57601660967522,-1.23449341084068,-1.09697384880982,-0.969873114698959,-0.702993031833411,5808.12220307272,0.999599893248988
"log_lik[524]",-0.373117573153935,0.00173511049709082,0.130202697813705,-0.679091019051113,-0.441873230727009,-0.356675526428076,-0.284343511606435,-0.165860121915571,5631.00212866403,0.999726708497511
"log_lik[525]",-0.802556562808999,0.00188590540685887,0.129266951383398,-1.04974947232452,-0.881028298185989,-0.80660244459402,-0.727382028038056,-0.52257379320568,4698.24004159668,0.999505562117892
"log_lik[526]",-0.940499398478585,0.0029011703591738,0.180193767902695,-1.3066654918827,-1.04845967924268,-0.936304656736842,-0.821377842246906,-0.603052454389932,3857.74102732193,0.999384903037423
"log_lik[527]",-0.517718241886966,0.00314757757170442,0.225393789673429,-1.04503319292928,-0.641518573073245,-0.478884676152412,-0.354289828108421,-0.191552511368622,5127.7991640293,0.999477741865521
"log_lik[528]",-0.607811332877831,0.00452194927333108,0.288011860260921,-1.25930028488076,-0.767888526651341,-0.565134445640279,-0.400977811404593,-0.17533016334724,4056.66712142478,1.00040996599009
"log_lik[529]",-1.02025373968385,0.00615472370827783,0.404142651914626,-1.92363287756676,-1.26641145813298,-0.980940495871183,-0.724961433735479,-0.371062951427355,4311.73687685146,0.999633149186422
"log_lik[530]",-0.523948576520166,0.00374637449858574,0.265934582013011,-1.17118467336654,-0.662313954081264,-0.469936903597668,-0.33106457863592,-0.157912328793466,5038.8015676934,0.9995190017186
"log_lik[531]",-1.07260919296928,0.00812925084736734,0.529978860670774,-2.27322620825285,-1.38981060280496,-1.00454300175674,-0.676495323029635,-0.269247635953789,4250.26534977407,0.999735304929667
"log_lik[532]",-0.899957857241206,0.00290145735530278,0.178723699563014,-1.29292288732479,-0.997102260576012,-0.886944657264993,-0.782781237962249,-0.588538698259067,3794.30211394244,0.999582850547323
"log_lik[533]",-0.539941623699615,0.00201528632658793,0.123902303609149,-0.809991001764362,-0.610890644173081,-0.530879303994825,-0.460365435757311,-0.320849235444829,3779.94295098105,1.00032596878236
"log_lik[534]",-0.529159538124922,0.00166440449965042,0.0987285413880891,-0.750401177270373,-0.580487008570492,-0.521293313775204,-0.469938277314203,-0.352155588620249,3518.58202053554,1.00015367049232
"log_lik[535]",-0.542231797400075,0.00505698068126395,0.352048583603474,-1.44372878842784,-0.710081083208928,-0.456040701657496,-0.286512741738188,-0.108676481511838,4846.43746906577,0.999583559273872
"log_lik[536]",-0.278984830477167,0.00175376882490202,0.130326317529877,-0.575071377779896,-0.348950388933483,-0.26061205083603,-0.1867963592617,-0.0881514607515191,5522.29441291508,0.999241224586434
"log_lik[537]",-0.376230498301416,0.00131737966065007,0.103017778467877,-0.595634421019359,-0.43348380109697,-0.368556985570132,-0.306265750269709,-0.201503698936312,6115.08435898549,0.999273430481116
"log_lik[538]",-0.153612952412165,0.00290229148114069,0.17084041125528,-0.590657880536922,-0.197487457298124,-0.103046367627988,-0.0468141438421475,-0.00909023110701399,3464.96747437873,0.999511878276218
"log_lik[539]",-0.60494968556549,0.00282845926630217,0.187555964727236,-1.00939417382452,-0.714445020899837,-0.595668096293661,-0.475742846180011,-0.270467511443842,4397.05505340537,0.999626758987757
"log_lik[540]",-0.798693903256155,0.00213531209265688,0.13183213860522,-1.06257466566906,-0.874835906552832,-0.799544549621743,-0.719574109970847,-0.519418303174205,3811.71021111577,0.999809467123992
"log_lik[541]",-0.278984830477167,0.00175376882490202,0.130326317529877,-0.575071377779896,-0.348950388933483,-0.26061205083603,-0.1867963592617,-0.0881514607515191,5522.29441291508,0.999241224586434
"log_lik[542]",-0.243146781531199,0.00197382929886879,0.140634388374655,-0.572699129833206,-0.313791782274321,-0.217118045779057,-0.142974627351503,-0.0560508064672318,5076.49397521295,0.999280155835102
"log_lik[543]",-0.464213987376482,0.00352341463103966,0.231989933777173,-0.996975082028566,-0.593322962697309,-0.437036466572016,-0.293426854525155,-0.121092036431649,4335.21634088112,0.999577721962358
"log_lik[544]",-1.87864822035916,0.00846337914150768,0.655591065383584,-3.34558872838562,-2.27342203070149,-1.80124795653525,-1.41061492581656,-0.823687851523586,6000.37591106393,0.999337141636131
"log_lik[545]",-1.19686722898346,0.00310193047562574,0.231103047125719,-1.70100817480163,-1.33252973613149,-1.17678513227872,-1.04482546695713,-0.801206402889552,5550.69320931893,0.999435613231182
"log_lik[546]",-0.376230498301416,0.00131737966065007,0.103017778467877,-0.595634421019359,-0.43348380109697,-0.368556985570132,-0.306265750269709,-0.201503698936312,6115.08435898549,0.999273430481116
"log_lik[547]",-0.441082502441658,0.00121288282871567,0.089456678238489,-0.637779803307591,-0.48824824287905,-0.434043966830369,-0.384904336581287,-0.282042087591826,5439.86146805867,0.999442913913076
"log_lik[548]",-0.349109087213309,0.00175105816257118,0.12680950676785,-0.634532423278363,-0.425478379936773,-0.339742269013879,-0.260585020153282,-0.132099561092709,5244.48060037558,0.999319277237199
"log_lik[549]",-0.266072260907498,0.00244699423759205,0.174240318600117,-0.703872950913532,-0.350472359992231,-0.229105922364529,-0.140350771105392,-0.0442541966261022,5070.2738870986,0.999731144685156
"log_lik[550]",-0.65404881839121,0.0032515750022663,0.234611660614822,-1.19194553940292,-0.791912146423558,-0.632584639342485,-0.488118984467479,-0.273095748075757,5206.08955867493,0.999837103407463
"log_lik[551]",-0.230965831910917,0.00294909379760256,0.200996333469368,-0.772114973189294,-0.310151942601086,-0.172786092722899,-0.0903592499214043,-0.0202266080826742,4645.14311387529,1.00000948981506
"log_lik[552]",-1.11784721671303,0.00750563593763097,0.549059941557088,-2.39960768899056,-1.4207433605496,-1.02560408573666,-0.715336253705289,-0.32160917417701,5351.3644462071,0.999609475192558
"log_lik[553]",-0.6243182673596,0.00199330587318836,0.139323136642157,-0.93314651956012,-0.706046039757678,-0.613618792922871,-0.531588317625072,-0.3712738866867,4885.38274242434,0.999891170915307
"lp__",-392.368190117428,0.320812438288061,9.75150859572284,-412.082011728771,-398.297448654304,-391.927872839144,-386.041569849179,-374.17323461568,923.934575741455,1.00393270520839
