wid,option,n_images_with_option,n_images_with_option_wid,recalled_n_images_with_option,n_total_memories,rt,correct,choice,nback_performance,log_rt
w2e9806f,Objects,7.0,7.0,3.0,10,7427.0,1.0,1.0,0.9333333333333333,8.912877287669296
w2e9806f,Clouds,2.0,2.0,0.0,10,3317.0,0.0,1.0,0.9333333333333333,8.106816038947052
w2e9806f,Produce ,6.0,6.0,4.0,10,1391.0,1.0,1.0,0.9333333333333333,7.237778191923443
w2e9806f,Things With Wheels,2.0,1.0,2.0,10,3877.0,1.0,1.0,0.9333333333333333,8.262816937670928
w2e9806f,Outdoor Scenes,12.0,12.0,5.0,10,3500.0,0.0,1.0,0.9333333333333333,8.160518247477505
w2e9806f,Animals,7.0,6.0,3.0,10,2779.0,0.0,1.0,0.9333333333333333,7.929846429742503
w2e9806f,Foods,7.0,4.0,4.0,10,5811.0,1.0,1.0,0.9333333333333333,8.667507952075105
w2e9806f,Birds,3.0,3.0,1.0,10,1347.0,1.0,2.0,0.9333333333333333,7.205635176410364
w2e9806f,Mammals,3.0,2.0,2.0,10,3163.0,1.0,1.0,0.9333333333333333,8.059276223305648
w2e9806f,Insects,1.0,1.0,0.0,10,1837.0,1.0,2.0,0.9333333333333333,7.515889085215125
w2e9806f,Sky,4.0,3.0,2.0,10,2305.0,0.0,1.0,0.9333333333333333,7.742835955430749
w2e9806f,Vegetables,3.0,3.0,1.0,10,2762.0,1.0,1.0,0.9333333333333333,7.923710333969238
w2e9806f,Pets,2.0,2.0,2.0,10,718.0,1.0,1.0,0.9333333333333333,6.576469569048224
w2e9806f,Berries,2.0,2.0,2.0,10,7270.0,0.0,2.0,0.9333333333333333,8.891511570527564
w2e9806f,Fruit,3.0,3.0,3.0,10,761.0,1.0,1.0,0.9333333333333333,6.634633357861686
w2e9806f,Dessert,1.0,0.0,0.0,10,3710.0,1.0,1.0,0.9333333333333333,8.21878715560148
w2e9806f,Grass,3.0,3.0,1.0,10,5221.0,1.0,2.0,0.9333333333333333,8.560444233410552
w2e9806f,Water,3.0,3.0,0.0,10,2238.0,0.0,1.0,0.9333333333333333,7.71333788887187
w2e9806f,Balls,3.0,3.0,0.0,10,1274.0,1.0,1.0,0.9333333333333333,7.149916836132109
w2e9806f,Beach,2.0,0.0,0.0,10,1087.0,0.0,1.0,0.9333333333333333,6.99117688712121
w2e9806f,Appliances,1.0,1.0,1.0,10,860.0,1.0,2.0,0.9333333333333333,6.756932389247553
w2e9806f,Vehicles,3.0,3.0,2.0,10,5132.0,1.0,1.0,0.9333333333333333,8.543250725735527
w2e9806f,Hands,2.0,2.0,1.0,10,6380.0,0.0,1.0,0.9333333333333333,8.760923376338836
w2e9806f,Things In Bowls,4.0,4.0,2.0,10,4846.0,1.0,1.0,0.9333333333333333,8.48590890137647
w2e9806f,Leaves,6.0,4.0,4.0,10,5659.0,0.0,1.0,0.9333333333333333,8.641002477142523
w2e9806f,Things That Fly,4.0,2.0,2.0,10,6495.0,1.0,2.0,0.9333333333333333,8.7787879291047
w2e9806f,Wild Animals,4.0,5.0,1.0,10,4324.0,1.0,2.0,0.9333333333333333,8.371936178759098
w2e9806f,Sports Court,2.0,2.0,0.0,10,4951.0,1.0,1.0,0.9333333333333333,8.507344855361422
w2e9806f,Sweet Foods,4.0,1.0,3.0,10,1654.0,1.0,1.0,0.9333333333333333,7.4109518755836366
wf57281a,Grass,3.0,2.0,1.0,12,3610.0,1.0,2.0,0.7666666666666667,8.191463051326927
wf57281a,Pets,2.0,3.0,2.0,12,631.0,1.0,1.0,0.7666666666666667,6.447305862541213
wf57281a,Appliances,1.0,1.0,0.0,12,1311.0,1.0,2.0,0.7666666666666667,7.1785454837637
wf57281a,Objects,7.0,13.0,4.0,12,1764.0,1.0,1.0,0.7666666666666667,7.475339236566737
wf57281a,Wild Animals,4.0,4.0,2.0,12,1285.0,1.0,2.0,0.7666666666666667,7.158513997329321
wf57281a,Things That Fly,4.0,4.0,3.0,12,4101.0,1.0,2.0,0.7666666666666667,8.31898612539206
wf57281a,Leaves,6.0,5.0,4.0,12,2046.0,0.0,1.0,0.7666666666666667,7.6236419465115715
wf57281a,Animals,7.0,7.0,4.0,12,3808.0,1.0,2.0,0.7666666666666667,8.244859395911256
wf57281a,Fruit,3.0,3.0,2.0,12,750.0,1.0,1.0,0.7666666666666667,6.620073206530356
wf57281a,Produce ,6.0,7.0,3.0,12,914.0,1.0,1.0,0.7666666666666667,6.81783057145415
wf57281a,Sky,4.0,2.0,2.0,12,3938.0,1.0,2.0,0.7666666666666667,8.278428259199071
wf57281a,Mammals,3.0,3.0,2.0,12,1144.0,1.0,1.0,0.7666666666666667,7.042286171939743
wf57281a,Things In Bowls,4.0,5.0,2.0,12,1282.0,0.0,2.0,0.7666666666666667,7.156176637480615
wf57281a,Vehicles,3.0,2.0,2.0,12,721.0,1.0,1.0,0.7666666666666667,6.580639137284949
wf57281a,Sports Court,2.0,2.0,2.0,12,5573.0,0.0,2.0,0.7666666666666667,8.625688787569537
wf57281a,Water,3.0,2.0,0.0,12,1121.0,0.0,1.0,0.7666666666666667,7.02197642307216
wf57281a,Berries,2.0,2.0,2.0,12,7033.0,0.0,2.0,0.7666666666666667,8.858368636308018
wf57281a,Sweet Foods,4.0,2.0,3.0,12,1098.0,1.0,1.0,0.7666666666666667,7.001245622069476
wf57281a,Dessert,1.0,1.0,1.0,12,267.0,1.0,1.0,0.7666666666666667,5.58724865840025
wf57281a,Balls,3.0,3.0,2.0,12,4481.0,1.0,1.0,0.7666666666666667,8.407601514786142
wf57281a,Outdoor Scenes,12.0,9.0,5.0,12,2187.0,0.0,1.0,0.7666666666666667,7.690286020676768
wf57281a,Insects,1.0,1.0,1.0,12,744.0,1.0,2.0,0.7666666666666667,6.612041034833092
wf57281a,Clouds,2.0,2.0,0.0,12,786.0,0.0,1.0,0.7666666666666667,6.666956792429207
wf57281a,Hands,2.0,2.0,1.0,12,3169.0,1.0,2.0,0.7666666666666667,8.06117135969092
wf57281a,Vegetables,3.0,3.0,1.0,12,3039.0,1.0,1.0,0.7666666666666667,8.019283792916793
wf57281a,Things With Wheels,2.0,1.0,2.0,12,2887.0,0.0,2.0,0.7666666666666667,7.967973179662935
wf57281a,Indoor Scenes,9.0,8.0,7.0,12,1774.0,0.0,2.0,0.7666666666666667,7.480992162869525
wf57281a,Foods,7.0,8.0,4.0,12,663.0,1.0,1.0,0.7666666666666667,6.4967749901858625
wf57281a,Beach,2.0,2.0,0.0,12,1188.0,0.0,1.0,0.7666666666666667,7.080026499922591
wf57281a,Birds,3.0,3.0,1.0,12,1043.0,1.0,2.0,0.7666666666666667,6.949856455000773
wc861d09,Indoor Scenes,9.0,6.0,8.0,16,4155.0,1.0,1.0,0.8,8.332067707289548
wc861d09,Outdoor Scenes,12.0,8.0,8.0,16,2887.0,1.0,2.0,0.8,7.967973179662935
wc861d09,Sports Court,2.0,2.0,2.0,16,3493.0,0.0,2.0,0.8,8.158516244806831
wc861d09,Berries,2.0,1.0,1.0,16,3034.0,1.0,1.0,0.8,8.017637159908478
wc861d09,Things In Bowls,4.0,6.0,1.0,16,1880.0,1.0,1.0,0.8,7.539027055823995
wc861d09,Balls,3.0,3.0,3.0,16,4213.0,1.0,1.0,0.8,8.345930261979017
wc861d09,Insects,1.0,0.0,0.0,16,2494.0,1.0,2.0,0.8,7.821643126239982
wc861d09,Things With Wheels,2.0,1.0,2.0,16,3569.0,1.0,1.0,0.8,8.18004072349016
wc861d09,Vehicles,3.0,1.0,2.0,16,3272.0,1.0,1.0,0.8,8.093156697722637
wc861d09,Objects,7.0,8.0,6.0,16,5023.0,1.0,1.0,0.8,8.521782643750045
wc861d09,Foods,7.0,7.0,4.0,16,832.0,1.0,1.0,0.8,6.723832440821209
wc861d09,Sweet Foods,4.0,4.0,3.0,16,1360.0,1.0,1.0,0.8,7.215239978730097
wc861d09,Water,3.0,3.0,2.0,16,4374.0,0.0,1.0,0.8,8.383433201236713
wc861d09,Wild Animals,4.0,3.0,3.0,16,7248.0,0.0,1.0,0.8,8.888480847722816
wc861d09,Mammals,3.0,3.0,3.0,16,4011.0,0.0,2.0,0.8,8.296795865770052
wc861d09,Beach,2.0,0.0,2.0,16,3304.0,0.0,1.0,0.8,8.102889134640868
wc861d09,Clouds,2.0,2.0,2.0,16,7311.0,1.0,2.0,0.8,8.897135342293316
wc861d09,Things That Fly,4.0,3.0,3.0,16,2939.0,0.0,1.0,0.8,7.985824666418917
wc861d09,Dessert,1.0,0.0,1.0,16,6602.0,1.0,1.0,0.8,8.795127912413138
wc861d09,Vegetables,3.0,3.0,1.0,16,5981.0,0.0,2.0,0.8,8.696343057044556
wc861d09,Animals,7.0,6.0,6.0,16,4664.0,0.0,1.0,0.8,8.447628728030327
wc861d09,Hands,2.0,0.0,1.0,16,2935.0,0.0,1.0,0.8,7.984462732262196
wc861d09,Pets,2.0,1.0,2.0,16,5912.0,1.0,1.0,0.8,8.684739462628038
wc861d09,Sky,4.0,2.0,4.0,16,5153.0,1.0,2.0,0.8,8.547334348328224
wc861d09,Fruit,3.0,4.0,2.0,16,4424.0,1.0,1.0,0.8,8.39479954320217
wc861d09,Produce ,6.0,3.0,3.0,16,5550.0,1.0,1.0,0.8,8.62155320674048
wc861d09,Leaves,6.0,3.0,4.0,16,1940.0,0.0,1.0,0.8,7.570443252057374
w3ef8767,Indoor Scenes,9.0,8.0,7.0,16,3022.0,1.0,1.0,0.9,8.013674142832684
w3ef8767,Things That Fly,4.0,4.0,3.0,16,4532.0,0.0,1.0,0.9,8.418918622147897
w3ef8767,Vegetables,3.0,3.0,2.0,16,2362.0,1.0,1.0,0.9,7.767263996757308
w3ef8767,Outdoor Scenes,12.0,12.0,9.0,16,677.0,1.0,2.0,0.9,6.517671272912275
w3ef8767,Animals,7.0,7.0,6.0,16,961.0,1.0,2.0,0.9,6.8679744089702925
w3ef8767,Balls,3.0,4.0,3.0,16,1419.0,1.0,1.0,0.9,7.257707677160043
w3ef8767,Objects,7.0,10.0,5.0,16,3182.0,0.0,2.0,0.9,8.065265208897733
w3ef8767,Produce ,6.0,6.0,5.0,16,1962.0,1.0,1.0,0.9,7.581719640125308
w3ef8767,Sports Court,2.0,2.0,2.0,16,3032.0,0.0,2.0,0.9,8.016977746762262
w3ef8767,Hands,2.0,2.0,1.0,16,4386.0,1.0,2.0,0.9,8.386172928977834
w3ef8767,Grass,3.0,3.0,2.0,16,653.0,1.0,2.0,0.9,6.481577129276431
w3ef8767,Vehicles,3.0,3.0,2.0,16,724.0,1.0,1.0,0.9,6.584791392385716
w3ef8767,Pets,2.0,2.0,2.0,16,2932.0,1.0,1.0,0.9,7.983440063006542
w3ef8767,Leaves,6.0,6.0,5.0,16,936.0,1.0,2.0,0.9,6.841615476477592
w3ef8767,Berries,2.0,1.0,2.0,16,4466.0,0.0,2.0,0.9,8.404248432400102
w3ef8767,Beach,2.0,2.0,2.0,16,1529.0,0.0,1.0,0.9,7.332369205929062
w3ef8767,Insects,1.0,1.0,0.0,16,980.0,1.0,2.0,0.9,6.887552571664617
w3ef8767,Foods,7.0,5.0,5.0,16,2640.0,0.0,2.0,0.9,7.878534196140362
w3ef8767,Fruit,3.0,2.0,3.0,16,4302.0,0.0,2.0,0.9,8.366835309827675
w3ef8767,Birds,3.0,3.0,3.0,16,1275.0,0.0,1.0,0.9,7.150701457592526
w3ef8767,Things In Bowls,4.0,4.0,3.0,16,3240.0,1.0,1.0,0.9,8.083328608786376
w3ef8767,Mammals,3.0,3.0,3.0,16,2028.0,0.0,2.0,0.9,7.614805364711073
w3ef8767,Dessert,1.0,1.0,0.0,16,1309.0,1.0,1.0,0.9,7.1770187659099
w3ef8767,Water,3.0,2.0,2.0,16,3827.0,1.0,2.0,0.9,8.249836485425702
w3ef8767,Things With Wheels,2.0,2.0,2.0,16,1902.0,0.0,2.0,0.9,7.550661243105336
w3ef8767,Sky,4.0,3.0,4.0,16,2968.0,1.0,2.0,0.9,7.995643604287271
w3ef8767,Appliances,1.0,1.0,0.0,16,3608.0,1.0,2.0,0.9,8.190908881182514
w3ef8767,Clouds,2.0,2.0,2.0,16,834.0,0.0,1.0,0.9,6.726233402358747
w3ef8767,Wild Animals,4.0,4.0,3.0,16,4973.0,0.0,1.0,0.9,8.511778558714738
w3ef8767,Sweet Foods,4.0,4.0,3.0,16,1077.0,1.0,1.0,0.9,6.981934677156389
wb050285,Produce ,6.0,5.0,2.0,11,1283.0,1.0,1.0,0.8333333333333334,7.1569563646156364
wb050285,Water,3.0,2.0,2.0,11,4090.0,1.0,2.0,0.8333333333333334,8.316300249036848
wb050285,Vehicles,3.0,0.0,1.0,11,1801.0,0.0,2.0,0.8333333333333334,7.496097345175956
wb050285,Mammals,3.0,4.0,3.0,11,108.0,0.0,2.0,0.8333333333333334,4.68213122712422
wb050285,Things That Fly,4.0,4.0,3.0,11,1666.0,1.0,2.0,0.8333333333333334,7.418180822726788
wb050285,Leaves,6.0,0.0,4.0,11,1652.0,0.0,1.0,0.8333333333333334,7.409741954080923
wb050285,Dessert,1.0,0.0,0.0,11,1741.0,1.0,1.0,0.8333333333333334,7.462214939768189
wb050285,Sports Court,2.0,2.0,0.0,11,1033.0,1.0,1.0,0.8333333333333334,6.940222469119639
wb050285,Indoor Scenes,9.0,2.0,3.0,11,4940.0,1.0,1.0,0.8333333333333334,8.505120610181969
wb050285,Outdoor Scenes,12.0,4.0,8.0,11,980.0,1.0,2.0,0.8333333333333334,6.887552571664617
wb050285,Wild Animals,4.0,3.0,3.0,11,1134.0,1.0,2.0,0.8333333333333334,7.033506484287697
wb050285,Things With Wheels,2.0,1.0,0.0,11,3910.0,1.0,1.0,0.8333333333333334,8.271292652979412
wb050285,Animals,7.0,6.0,6.0,11,1974.0,1.0,2.0,0.8333333333333334,7.587817219993427
wb050285,Objects,7.0,11.0,3.0,11,1301.0,1.0,1.0,0.8333333333333334,7.170888478512505
wb050285,Berries,2.0,1.0,1.0,11,4204.0,1.0,1.0,0.8333333333333334,8.343791731996841
wb050285,Foods,7.0,6.0,2.0,11,544.0,1.0,1.0,0.8333333333333334,6.298949246855942
wb050285,Grass,3.0,1.0,2.0,11,2097.0,1.0,2.0,0.8333333333333334,7.64826303090192
wb050285,Beach,2.0,1.0,1.0,11,1064.0,1.0,2.0,0.8333333333333334,6.96979066990159
wb050285,Fruit,3.0,2.0,1.0,11,1391.0,1.0,1.0,0.8333333333333334,7.237778191923443
wb050285,Hands,2.0,1.0,1.0,11,1996.0,0.0,1.0,0.8333333333333334,7.59890045687141
wb050285,Sweet Foods,4.0,1.0,1.0,11,794.0,1.0,1.0,0.8333333333333334,6.677083461247136
wb050285,Insects,1.0,1.0,1.0,11,3214.0,1.0,2.0,0.8333333333333334,8.075271546297458
wb050285,Balls,3.0,3.0,1.0,11,1470.0,1.0,1.0,0.8333333333333334,7.293017679772782
wb050285,Birds,3.0,2.0,2.0,11,1387.0,1.0,2.0,0.8333333333333334,7.234898420314831
wb050285,Vegetables,3.0,3.0,1.0,11,624.0,1.0,1.0,0.8333333333333334,6.436150368369428
wb050285,Sky,4.0,4.0,3.0,11,912.0,1.0,2.0,0.8333333333333334,6.815639990074331
wb050285,Pets,2.0,0.0,2.0,11,1925.0,1.0,1.0,0.8333333333333334,7.562681246721884
wb050285,Appliances,1.0,1.0,1.0,11,692.0,1.0,2.0,0.8333333333333334,6.539585955617669
wb050285,Things In Bowls,4.0,4.0,2.0,11,1268.0,1.0,1.0,0.8333333333333334,7.145196134997171
wb050285,Clouds,2.0,2.0,2.0,11,1044.0,1.0,2.0,0.8333333333333334,6.950814768442584
w2c5d7eb,Things With Wheels,2.0,2.0,2.0,18,6337.0,1.0,1.0,1.0,8.754160749323518
w2c5d7eb,Grass,3.0,4.0,2.0,18,5943.0,0.0,1.0,1.0,8.68996933536666
w2c5d7eb,Things In Bowls,4.0,4.0,3.0,18,4274.0,1.0,1.0,1.0,8.360305435879093
w2c5d7eb,Mammals,3.0,3.0,3.0,18,1117.0,1.0,1.0,1.0,7.018401799069201
w2c5d7eb,Animals,7.0,7.0,7.0,18,1788.0,1.0,2.0,1.0,7.488852955733459
w2c5d7eb,Pets,2.0,2.0,2.0,18,783.0,1.0,1.0,1.0,6.663132695990803
w2c5d7eb,Balls,3.0,3.0,3.0,18,5377.0,1.0,1.0,1.0,8.589885876809678
w2c5d7eb,Wild Animals,4.0,4.0,4.0,18,959.0,1.0,2.0,1.0,6.8658910748834385
w2c5d7eb,Sweet Foods,4.0,3.0,4.0,18,877.0,1.0,1.0,1.0,6.776506992372183
w2c5d7eb,Vegetables,3.0,3.0,1.0,18,3405.0,0.0,2.0,1.0,8.133000218583613
w2c5d7eb,Dessert,1.0,1.0,1.0,18,953.0,1.0,1.0,1.0,6.859614903654202
w2c5d7eb,Vehicles,3.0,3.0,2.0,18,2311.0,1.0,1.0,1.0,7.745435610274381
w2c5d7eb,Beach,2.0,1.0,2.0,18,1984.0,1.0,2.0,1.0,7.592870287844818
w2c5d7eb,Leaves,6.0,3.0,6.0,18,3568.0,1.0,2.0,1.0,8.1797604936999
w2c5d7eb,Outdoor Scenes,12.0,12.0,9.0,18,2783.0,1.0,2.0,1.0,7.931284761525891
w2c5d7eb,Appliances,1.0,2.0,1.0,18,766.0,1.0,2.0,1.0,6.641182169740591
w2c5d7eb,Produce ,6.0,6.0,4.0,18,1281.0,1.0,1.0,1.0,7.155396301896734
w2c5d7eb,Objects,7.0,8.0,6.0,18,4005.0,0.0,2.0,1.0,8.29529885950246
w2c5d7eb,Things That Fly,4.0,4.0,4.0,18,738.0,1.0,2.0,1.0,6.6039438246004725
w2c5d7eb,Berries,2.0,2.0,2.0,18,279.0,1.0,1.0,1.0,5.631211781821365
w2c5d7eb,Water,3.0,3.0,2.0,18,2978.0,1.0,2.0,1.0,7.999007213243955
w2c5d7eb,Birds,3.0,3.0,3.0,18,665.0,1.0,2.0,1.0,6.499787040655854
w2c5d7eb,Sports Court,2.0,2.0,2.0,18,1489.0,1.0,1.0,1.0,7.305860032684009
w2c5d7eb,Indoor Scenes,9.0,9.0,9.0,18,1773.0,1.0,1.0,1.0,7.480428306074208
w2c5d7eb,Clouds,2.0,3.0,2.0,18,3290.0,1.0,2.0,1.0,8.098642843759418
w2c5d7eb,Foods,7.0,7.0,5.0,18,1303.0,1.0,1.0,1.0,7.172424577124845
w2c5d7eb,Fruit,3.0,3.0,3.0,18,875.0,1.0,1.0,1.0,6.774223886357614
w2c5d7eb,Insects,1.0,1.0,1.0,18,2650.0,1.0,2.0,1.0,7.882314918980268
w2c5d7eb,Sky,4.0,5.0,4.0,18,1935.0,1.0,2.0,1.0,7.5678626054638825
w567d945,Objects,7.0,3.0,7.0,17,4125.0,1.0,1.0,0.9333333333333333,8.324821298768782
w567d945,Produce ,6.0,3.0,5.0,17,2097.0,1.0,1.0,0.9333333333333333,7.64826303090192
w567d945,Things With Wheels,2.0,2.0,2.0,17,4540.0,1.0,1.0,0.9333333333333333,8.420682291035394
w567d945,Birds,3.0,2.0,2.0,17,2741.0,1.0,2.0,0.9333333333333333,7.916078096302786
w567d945,Insects,1.0,1.0,0.0,17,4297.0,1.0,2.0,0.9333333333333333,8.365672383774996
w567d945,Things That Fly,4.0,3.0,3.0,17,4987.0,1.0,2.0,0.9333333333333333,8.514589805546123
w567d945,Grass,3.0,1.0,2.0,17,4649.0,1.0,2.0,0.9333333333333333,8.444407421690585
w567d945,Appliances,1.0,1.0,1.0,17,4277.0,1.0,2.0,0.9333333333333333,8.361007108226909
w567d945,Pets,2.0,2.0,2.0,17,771.0,1.0,1.0,0.9333333333333333,6.647688373563329
w567d945,Things In Bowls,4.0,4.0,3.0,17,6269.0,1.0,1.0,0.9333333333333333,8.743372131273969
w567d945,Clouds,2.0,0.0,2.0,17,1847.0,1.0,2.0,0.9333333333333333,7.52131798019924
w567d945,Berries,2.0,2.0,2.0,17,5392.0,0.0,2.0,0.9333333333333333,8.592671652592143
w567d945,Sky,4.0,1.0,4.0,17,7128.0,0.0,1.0,0.9333333333333333,8.871785969150645
w567d945,Animals,7.0,4.0,5.0,17,676.0,0.0,1.0,0.9333333333333333,6.516193076042964
w567d945,Sports Court,2.0,2.0,2.0,17,2900.0,1.0,1.0,0.9333333333333333,7.9724660159745655
w567d945,Fruit,3.0,2.0,3.0,17,5497.0,0.0,2.0,0.9333333333333333,8.61195776786066
w567d945,Outdoor Scenes,12.0,2.0,9.0,17,4165.0,0.0,1.0,0.9333333333333333,8.334471554600944
w567d945,Mammals,3.0,3.0,3.0,17,7428.0,0.0,2.0,0.9333333333333333,8.913011922472597
w567d945,Sweet Foods,4.0,4.0,3.0,17,5433.0,1.0,1.0,0.9333333333333333,8.600246746551523
w567d945,Vehicles,3.0,2.0,3.0,17,814.0,1.0,1.0,0.9333333333333333,6.70196036600254
w567d945,Water,3.0,3.0,2.0,17,2399.0,1.0,2.0,0.9333333333333333,7.782807262839695
w567d945,Vegetables,3.0,3.0,2.0,17,7314.0,1.0,1.0,0.9333333333333333,8.897545598709327
w567d945,Beach,2.0,2.0,1.0,17,3917.0,1.0,2.0,0.9333333333333333,8.27308133366583
w567d945,Foods,7.0,6.0,5.0,17,1978.0,1.0,1.0,0.9333333333333333,7.589841512182657
w567d945,Balls,3.0,3.0,3.0,17,1575.0,1.0,1.0,0.9333333333333333,7.362010551259734
w567d945,Wild Animals,4.0,3.0,2.0,17,1859.0,1.0,2.0,0.9333333333333333,7.527793987721444
w567d945,Hands,2.0,1.0,1.0,17,2707.0,1.0,2.0,0.9333333333333333,7.903596289614301
w567d945,Dessert,1.0,1.0,0.0,17,2890.0,1.0,1.0,0.9333333333333333,7.969011781106478
w567d945,Leaves,6.0,2.0,5.0,17,2810.0,1.0,2.0,0.9333333333333333,7.940939762327791
w567d945,Indoor Scenes,9.0,4.0,8.0,17,2610.0,1.0,1.0,0.9333333333333333,7.867105500316739
wbf71104,Hands,2.0,1.0,2.0,7,4217.0,0.0,1.0,0.7,8.34687925374656
wbf71104,Things With Wheels,2.0,2.0,0.0,7,854.0,1.0,1.0,0.7,6.74993119378857
wbf71104,Wild Animals,4.0,4.0,3.0,7,976.0,1.0,2.0,0.7,6.883462586413092
wbf71104,Berries,2.0,2.0,2.0,7,973.0,0.0,2.0,0.7,6.880384082186005
wbf71104,Grass,3.0,1.0,0.0,7,745.0,0.0,1.0,0.7,6.61338421837956
wbf71104,Mammals,3.0,6.0,0.0,7,2327.0,0.0,2.0,0.7,7.752335163302292
wbf71104,Animals,7.0,5.0,3.0,7,3317.0,1.0,2.0,0.7,8.106816038947052
wbf71104,Sky,4.0,1.0,0.0,7,742.0,1.0,2.0,0.7,6.60934924316738
wbf71104,Vegetables,3.0,3.0,0.0,7,1039.0,1.0,1.0,0.7,6.946013991099227
wbf71104,Objects,7.0,10.0,1.0,7,2101.0,0.0,2.0,0.7,7.650168700845001
wbf71104,Clouds,2.0,1.0,0.0,7,455.0,1.0,2.0,0.7,6.12029741895095
wbf71104,Leaves,6.0,3.0,4.0,7,653.0,0.0,1.0,0.7,6.481577129276431
wbf71104,Produce ,6.0,5.0,3.0,7,1271.0,1.0,1.0,0.7,7.147559271189454
wbf71104,Sweet Foods,4.0,2.0,3.0,7,1648.0,0.0,2.0,0.7,7.4073177104694174
wbf71104,Dessert,1.0,1.0,0.0,7,600.0,1.0,1.0,0.7,6.396929655216146
wbf71104,Things In Bowls,4.0,4.0,2.0,7,1276.0,0.0,2.0,0.7,7.151485463904735
wbf71104,Things That Fly,4.0,4.0,2.0,7,3995.0,0.0,1.0,0.7,8.292798858200374
wbf71104,Pets,2.0,2.0,0.0,7,4073.0,1.0,1.0,0.7,8.312135107648412
wbf71104,Fruit,3.0,3.0,3.0,7,1078.0,0.0,2.0,0.7,6.982862751468942
wbf71104,Birds,3.0,1.0,2.0,7,4197.0,1.0,2.0,0.7,8.34212526333359
wbf71104,Water,3.0,2.0,1.0,7,1975.0,0.0,1.0,0.7,7.5883236773352225
wbf71104,Foods,7.0,4.0,3.0,7,1990.0,0.0,2.0,0.7,7.595889917718538
wbf71104,Beach,2.0,1.0,1.0,7,2066.0,1.0,2.0,0.7,7.633369649679584
wbf71104,Sports Court,2.0,2.0,1.0,7,786.0,1.0,1.0,0.7,6.666956792429207
wbf71104,Insects,1.0,1.0,1.0,7,1573.0,1.0,2.0,0.7,7.360739903058278
wbf71104,Outdoor Scenes,12.0,10.0,5.0,7,2064.0,0.0,1.0,0.7,7.6324011266014535
wbf71104,Appliances,1.0,1.0,0.0,7,1284.0,0.0,1.0,0.7,7.157735484249907
wbf71104,Balls,3.0,3.0,1.0,7,2646.0,1.0,1.0,0.7,7.880804344674901
wbf71104,Vehicles,3.0,2.0,0.0,7,2956.0,1.0,1.0,0.7,7.991592282068092
wbf71104,Indoor Scenes,9.0,6.0,2.0,7,2833.0,1.0,1.0,0.7,7.949091499830517
wdcba2fa,Things That Fly,4.0,5.0,1.0,8,3996.0,0.0,1.0,0.8666666666666667,8.293049139768444
wdcba2fa,Wild Animals,4.0,4.0,1.0,8,5156.0,0.0,1.0,0.8666666666666667,8.547916364059079
wdcba2fa,Fruit,3.0,3.0,2.0,8,187.0,0.0,2.0,0.8666666666666667,5.231108616854587
wdcba2fa,Produce ,6.0,1.0,2.0,8,3643.0,1.0,1.0,0.8666666666666667,8.200562797008564
wdcba2fa,Sports Court,2.0,2.0,2.0,8,667.0,0.0,2.0,0.8666666666666667,6.502790045915623
wdcba2fa,Vegetables,3.0,3.0,0.0,8,388.0,1.0,1.0,0.8666666666666667,5.961005339623274
wdcba2fa,Birds,3.0,0.0,0.0,8,130.0,1.0,2.0,0.8666666666666667,4.867534450455582
wdcba2fa,Water,3.0,3.0,1.0,8,1175.0,0.0,1.0,0.8666666666666667,7.069023426578259
wdcba2fa,Dessert,1.0,1.0,0.0,8,321.0,0.0,2.0,0.8666666666666667,5.771441123130016
wdcba2fa,Objects,7.0,3.0,4.0,8,111.0,1.0,1.0,0.8666666666666667,4.709530201312334
wdcba2fa,Indoor Scenes,9.0,2.0,5.0,8,241.0,1.0,1.0,0.8666666666666667,5.484796933490655
wdcba2fa,Appliances,1.0,1.0,1.0,8,4894.0,1.0,2.0,0.8666666666666667,8.495765244002618
wdcba2fa,Mammals,3.0,3.0,1.0,8,3703.0,1.0,1.0,0.8666666666666667,8.216898580913613
wdcba2fa,Hands,2.0,1.0,1.0,8,734.0,1.0,2.0,0.8666666666666667,6.598509028614515
wdcba2fa,Things In Bowls,4.0,0.0,2.0,8,1730.0,1.0,1.0,0.8666666666666667,7.455876687491824
wdcba2fa,Vehicles,3.0,1.0,1.0,8,1483.0,0.0,2.0,0.8666666666666667,7.301822342137932
wdcba2fa,Insects,1.0,0.0,1.0,8,1341.0,0.0,1.0,0.8666666666666667,7.201170883281678
wdcba2fa,Sky,4.0,2.0,0.0,8,542.0,1.0,2.0,0.8666666666666667,6.295266001439646
wdcba2fa,Clouds,2.0,0.0,0.0,8,2769.0,0.0,1.0,0.8666666666666667,7.926241523170962
wdcba2fa,Beach,2.0,1.0,0.0,8,987.0,1.0,2.0,0.8666666666666667,6.894670039433482
wdcba2fa,Balls,3.0,3.0,2.0,8,842.0,1.0,1.0,0.8666666666666667,6.7357800142423265
wdcba2fa,Berries,2.0,1.0,2.0,8,858.0,0.0,2.0,0.8666666666666667,6.754604099487962
wdcba2fa,Foods,7.0,6.0,2.0,8,410.0,1.0,1.0,0.8666666666666667,6.016157159698354
wdcba2fa,Grass,3.0,0.0,0.0,8,411.0,1.0,2.0,0.8666666666666667,6.018593214496234
wdcba2fa,Leaves,6.0,0.0,2.0,8,1205.0,0.0,1.0,0.8666666666666667,7.094234845924755
wdcba2fa,Pets,2.0,2.0,1.0,8,567.0,0.0,2.0,0.8666666666666667,6.340359303727752
wdcba2fa,Outdoor Scenes,12.0,5.0,3.0,8,2912.0,0.0,1.0,0.8666666666666667,7.976595409316577
wdcba2fa,Things With Wheels,2.0,1.0,0.0,8,1361.0,1.0,1.0,0.8666666666666667,7.215975002651466
wdcba2fa,Animals,7.0,5.0,2.0,8,1064.0,1.0,2.0,0.8666666666666667,6.96979066990159
wdcba2fa,Sweet Foods,4.0,4.0,2.0,8,902.0,1.0,1.0,0.8666666666666667,6.804614520062624
w06dc745,Appliances,1.0,2.0,0.0,14,1716.0,0.0,1.0,0.7,7.447751280047908
w06dc745,Clouds,2.0,0.0,2.0,14,2088.0,0.0,1.0,0.7,7.643961949002529
w06dc745,Objects,7.0,4.0,5.0,14,1142.0,1.0,1.0,0.7,7.040536390215956
w06dc745,Things That Fly,4.0,4.0,3.0,14,1622.0,1.0,2.0,0.7,7.3914152346753585
w06dc745,Hands,2.0,2.0,2.0,14,528.0,0.0,1.0,0.7,6.269096283706261
w06dc745,Pets,2.0,3.0,1.0,14,1680.0,1.0,1.0,0.7,7.426549072397305
w06dc745,Sky,4.0,1.0,3.0,14,1981.0,0.0,1.0,0.7,7.591357046698551
w06dc745,Sweet Foods,4.0,1.0,2.0,14,479.0,1.0,1.0,0.7,6.171700597410915
w06dc745,Fruit,3.0,3.0,2.0,14,1333.0,1.0,1.0,0.7,7.195187320178709
w06dc745,Animals,7.0,4.0,4.0,14,2429.0,1.0,2.0,0.7,7.795234929002173
w06dc745,Vehicles,3.0,3.0,2.0,14,1547.0,1.0,1.0,0.7,7.344072850573066
w06dc745,Vegetables,3.0,3.0,3.0,14,1252.0,0.0,2.0,0.7,7.132497551660044
w06dc745,Mammals,3.0,2.0,2.0,14,2187.0,0.0,2.0,0.7,7.690286020676768
w06dc745,Sports Court,2.0,2.0,2.0,14,1938.0,1.0,1.0,0.7,7.569411792450712
w06dc745,Things With Wheels,2.0,2.0,2.0,14,1253.0,1.0,1.0,0.7,7.133295954896068
w06dc745,Foods,7.0,7.0,5.0,14,1975.0,0.0,2.0,0.7,7.5883236773352225
w06dc745,Birds,3.0,2.0,1.0,14,946.0,1.0,2.0,0.7,6.852242569051878
w06dc745,Water,3.0,2.0,1.0,14,2130.0,0.0,1.0,0.7,7.6638772587034705
w06dc745,Things In Bowls,4.0,4.0,3.0,14,512.0,1.0,1.0,0.7,6.238324625039508
w06dc745,Insects,1.0,1.0,1.0,14,796.0,1.0,2.0,0.7,6.679599185844383
w06dc745,Leaves,6.0,0.0,4.0,14,2400.0,1.0,2.0,0.7,7.783224016336037
w06dc745,Produce ,6.0,4.0,5.0,14,589.0,0.0,2.0,0.7,6.3784261836515865
w06dc745,Grass,3.0,0.0,3.0,14,947.0,1.0,2.0,0.7,6.853299093186078
w06dc745,Outdoor Scenes,12.0,9.0,8.0,14,1226.0,0.0,1.0,0.7,7.111512116496157
w06dc745,Wild Animals,4.0,4.0,2.0,14,2034.0,1.0,2.0,0.7,7.617759576608505
w06dc745,Balls,3.0,3.0,3.0,14,1005.0,1.0,1.0,0.7,6.912742820493176
w06dc745,Dessert,1.0,1.0,0.0,14,1167.0,1.0,1.0,0.7,7.062191632286556
w06dc745,Beach,2.0,2.0,1.0,14,1127.0,0.0,1.0,0.7,7.027314514039777
w06dc745,Indoor Scenes,9.0,3.0,6.0,14,1044.0,1.0,1.0,0.7,6.950814768442584
w06dc745,Berries,2.0,2.0,1.0,14,644.0,1.0,1.0,0.7,6.467698726104354
wd3b5cb5,Water,3.0,4.0,2.0,17,3316.0,1.0,2.0,0.43333333333333335,8.106514516255185
wd3b5cb5,Things In Bowls,4.0,4.0,3.0,17,1040.0,1.0,1.0,0.43333333333333335,6.946975992135418
wd3b5cb5,Wild Animals,4.0,4.0,3.0,17,3799.0,1.0,2.0,0.43333333333333335,8.242493153187626
wd3b5cb5,Balls,3.0,3.0,3.0,17,1752.0,1.0,1.0,0.43333333333333335,7.468513271496337
wd3b5cb5,Animals,7.0,7.0,5.0,17,4217.0,1.0,2.0,0.43333333333333335,8.34687925374656
wd3b5cb5,Fruit,3.0,3.0,3.0,17,550.0,1.0,1.0,0.43333333333333335,6.309918278226516
wd3b5cb5,Sports Court,2.0,2.0,2.0,17,4504.0,1.0,1.0,0.43333333333333335,8.412721169819527
wd3b5cb5,Things That Fly,4.0,5.0,3.0,17,5763.0,1.0,2.0,0.43333333333333335,8.659213451436667
wd3b5cb5,Pets,2.0,2.0,2.0,17,1168.0,1.0,1.0,0.43333333333333335,7.0630481633881725
wd3b5cb5,Outdoor Scenes,12.0,11.0,8.0,17,5388.0,1.0,2.0,0.43333333333333335,8.591929537530255
wd3b5cb5,Foods,7.0,8.0,6.0,17,4009.0,1.0,1.0,0.43333333333333335,8.296297112642508
wd3b5cb5,Indoor Scenes,9.0,7.0,9.0,17,5107.0,1.0,1.0,0.43333333333333335,8.538367426647644
wd3b5cb5,Beach,2.0,2.0,2.0,17,3241.0,1.0,2.0,0.43333333333333335,8.083637203141548
wd3b5cb5,Clouds,2.0,0.0,1.0,17,4034.0,1.0,2.0,0.43333333333333335,8.302513718514158
wd3b5cb5,Produce ,6.0,3.0,5.0,17,4251.0,0.0,2.0,0.43333333333333335,8.35490952835879
wd3b5cb5,Things With Wheels,2.0,1.0,2.0,17,5244.0,1.0,1.0,0.43333333333333335,8.56483984488359
wd3b5cb5,Dessert,1.0,0.0,1.0,17,4696.0,0.0,2.0,0.43333333333333335,8.454466361507933
wd3b5cb5,Appliances,1.0,2.0,1.0,17,3772.0,1.0,2.0,0.43333333333333335,8.235360643753348
wd3b5cb5,Hands,2.0,2.0,2.0,17,5508.0,1.0,2.0,0.43333333333333335,8.613956859848546
wd3b5cb5,Objects,7.0,8.0,6.0,17,4506.0,0.0,2.0,0.43333333333333335,8.41316512099219
wd3b5cb5,Vegetables,3.0,1.0,2.0,17,2756.0,1.0,1.0,0.43333333333333335,7.9215356321335495
wd3b5cb5,Berries,2.0,1.0,2.0,17,1080.0,1.0,1.0,0.43333333333333335,6.984716320118266
wd3b5cb5,Sweet Foods,4.0,4.0,4.0,17,1654.0,1.0,1.0,0.43333333333333335,7.4109518755836366
wd3b5cb5,Leaves,6.0,4.0,5.0,17,5083.0,1.0,2.0,0.43333333333333335,8.533656917446903
wd3b5cb5,Insects,1.0,1.0,1.0,17,6468.0,1.0,2.0,0.43333333333333335,8.774622220696997
wd3b5cb5,Birds,3.0,0.0,2.0,17,3263.0,1.0,2.0,0.43333333333333335,8.09040229659332
wd3b5cb5,Sky,4.0,4.0,3.0,17,2980.0,1.0,2.0,0.43333333333333335,7.9996785794994505
wd3b5cb5,Vehicles,3.0,0.0,2.0,17,2010.0,1.0,1.0,0.43333333333333335,7.605890001053122
wd3b5cb5,Grass,3.0,3.0,1.0,17,4409.0,0.0,1.0,0.43333333333333335,8.391403185357937
wd3b5cb5,Mammals,3.0,5.0,2.0,17,4780.0,0.0,2.0,0.43333333333333335,8.472195825485501
wea422b2,Hands,2.0,1.0,0.0,7,4956.0,1.0,2.0,0.6666666666666666,8.508354242749032
wea422b2,Birds,3.0,1.0,1.0,7,672.0,1.0,2.0,0.6666666666666666,6.51025834052315
wea422b2,Produce ,6.0,3.0,1.0,7,2784.0,1.0,1.0,0.6666666666666666,7.931644021454311
wea422b2,Insects,1.0,0.0,0.0,7,746.0,1.0,2.0,0.6666666666666666,6.61472560020376
wea422b2,Clouds,2.0,1.0,0.0,7,1734.0,1.0,2.0,0.6666666666666666,7.458186157340487
wea422b2,Sweet Foods,4.0,2.0,2.0,7,1427.0,1.0,1.0,0.6666666666666666,7.2633296174768365
wea422b2,Sports Court,2.0,1.0,1.0,7,422.0,0.0,2.0,0.6666666666666666,6.045005314036012
wea422b2,Beach,2.0,1.0,1.0,7,367.0,1.0,2.0,0.6666666666666666,5.905361848054571
wea422b2,Sky,4.0,1.0,1.0,7,5324.0,1.0,2.0,0.6666666666666666,8.579980179515003
wea422b2,Appliances,1.0,1.0,0.0,7,771.0,0.0,1.0,0.6666666666666666,6.647688373563329
wea422b2,Fruit,3.0,1.0,1.0,7,299.0,1.0,1.0,0.6666666666666666,5.700443573390687
wea422b2,Balls,3.0,1.0,1.0,7,6593.0,1.0,1.0,0.6666666666666666,8.7937637591133
wea422b2,Leaves,6.0,0.0,2.0,7,5840.0,1.0,2.0,0.6666666666666666,8.672486075822272
wea422b2,Vehicles,3.0,1.0,1.0,7,1242.0,1.0,1.0,0.6666666666666666,7.124478262493424
wea422b2,Wild Animals,4.0,1.0,1.0,7,645.0,1.0,2.0,0.6666666666666666,6.4692503167957724
wea422b2,Pets,2.0,1.0,2.0,7,1956.0,1.0,1.0,0.6666666666666666,7.578656850594762
wea422b2,Animals,7.0,0.0,3.0,7,3649.0,1.0,2.0,0.6666666666666666,8.202208436436448
wea422b2,Things That Fly,4.0,0.0,0.0,7,2033.0,1.0,2.0,0.6666666666666666,7.617267813628347
wea422b2,Things With Wheels,2.0,0.0,1.0,7,2809.0,1.0,1.0,0.6666666666666666,7.940583827104244
wea422b2,Water,3.0,1.0,1.0,7,4095.0,0.0,1.0,0.6666666666666666,8.31752199628717
wea422b2,Indoor Scenes,9.0,1.0,4.0,7,3546.0,1.0,1.0,0.6666666666666666,8.173575486634153
wea422b2,Things In Bowls,4.0,0.0,1.0,7,2463.0,1.0,1.0,0.6666666666666666,7.809135398120538
wea422b2,Foods,7.0,0.0,2.0,7,5175.0,1.0,1.0,0.6666666666666666,8.55159461813357
wea422b2,Berries,2.0,0.0,1.0,7,407.0,1.0,1.0,0.6666666666666666,6.008813185442595
wea422b2,Objects,7.0,0.0,2.0,7,2874.0,0.0,2.0,0.6666666666666666,7.96346006663897
wea422b2,Outdoor Scenes,12.0,1.0,3.0,7,4901.0,1.0,2.0,0.6666666666666666,8.497194544909547
wea422b2,Dessert,1.0,0.0,1.0,7,3929.0,1.0,1.0,0.6666666666666666,8.27614021955846
wea422b2,Vegetables,3.0,0.0,0.0,7,322.0,1.0,1.0,0.6666666666666666,5.7745515455444085
w8b71afe,Produce ,6.0,6.0,2.0,11,1596.0,1.0,1.0,1.0,7.3752557780097545
w8b71afe,Things In Bowls,4.0,4.0,2.0,11,3579.0,1.0,1.0,1.0,8.182838710766026
w8b71afe,Indoor Scenes,9.0,9.0,7.0,11,1702.0,0.0,2.0,1.0,7.43955930913332
w8b71afe,Beach,2.0,2.0,2.0,11,1638.0,1.0,2.0,1.0,7.401231264413015
w8b71afe,Things That Fly,4.0,4.0,1.0,11,293.0,0.0,1.0,1.0,5.680172609017068
w8b71afe,Leaves,6.0,5.0,1.0,11,3639.0,1.0,2.0,1.0,8.19946419761216
w8b71afe,Insects,1.0,1.0,0.0,11,3044.0,0.0,1.0,1.0,8.020927718981577
w8b71afe,Things With Wheels,2.0,2.0,1.0,11,2547.0,1.0,1.0,1.0,7.842671474979457
w8b71afe,Fruit,3.0,3.0,2.0,11,687.0,1.0,1.0,1.0,6.532334292222349
w8b71afe,Sports Court,2.0,2.0,2.0,11,3207.0,1.0,1.0,1.0,8.073091199693154
w8b71afe,Foods,7.0,8.0,3.0,11,5151.0,1.0,1.0,1.0,8.546946149565585
w8b71afe,Pets,2.0,2.0,2.0,11,2375.0,1.0,1.0,1.0,7.772752716468742
w8b71afe,Vegetables,3.0,3.0,0.0,11,3817.0,1.0,1.0,1.0,8.247220052745229
w8b71afe,Berries,2.0,2.0,2.0,11,3052.0,1.0,1.0,1.0,8.023552392404348
w8b71afe,Wild Animals,4.0,4.0,1.0,11,4302.0,1.0,2.0,1.0,8.366835309827675
w8b71afe,Objects,7.0,10.0,4.0,11,5075.0,1.0,1.0,1.0,8.532081803909987
w8b71afe,Dessert,1.0,1.0,1.0,11,3073.0,0.0,2.0,1.0,8.030409562130485
w8b71afe,Birds,3.0,3.0,1.0,11,2170.0,0.0,1.0,1.0,7.682482446534506
w8b71afe,Appliances,1.0,1.0,0.0,11,1177.0,0.0,1.0,1.0,7.0707241072602764
w8b71afe,Vehicles,3.0,2.0,1.0,11,3865.0,1.0,1.0,1.0,8.259716961021523
w8b71afe,Outdoor Scenes,12.0,11.0,4.0,11,5321.0,0.0,1.0,1.0,8.579416534596369
w8b71afe,Balls,3.0,3.0,3.0,11,681.0,1.0,1.0,1.0,6.523562306149512
w8b71afe,Clouds,2.0,2.0,2.0,11,4526.0,1.0,2.0,1.0,8.417593826193484
w8b71afe,Sweet Foods,4.0,4.0,3.0,11,4087.0,1.0,1.0,1.0,8.315566483564277
w8b71afe,Animals,7.0,7.0,4.0,11,4872.0,1.0,2.0,1.0,8.491259809389733
w8b71afe,Water,3.0,3.0,2.0,11,4390.0,0.0,1.0,1.0,8.387084506069217
w8b71afe,Sky,4.0,4.0,2.0,11,6328.0,1.0,2.0,1.0,8.75273950944749
w8b71afe,Mammals,3.0,3.0,3.0,11,5682.0,1.0,1.0,1.0,8.645058562414134
w8b71afe,Grass,3.0,3.0,1.0,11,1559.0,0.0,1.0,1.0,7.351799869057777
w8b71afe,Hands,2.0,2.0,0.0,11,5198.0,0.0,1.0,1.0,8.556029215201436
wea26d76,Water,3.0,3.0,3.0,17,6672.0,1.0,2.0,1.0,8.805674944038582
wea26d76,Indoor Scenes,9.0,4.0,8.0,17,4293.0,1.0,1.0,1.0,8.36474106822456
wea26d76,Outdoor Scenes,12.0,10.0,9.0,17,6100.0,1.0,2.0,1.0,8.716044050161402
wea26d76,Vehicles,3.0,2.0,3.0,17,3621.0,1.0,1.0,1.0,8.19450550976564
wea26d76,Grass,3.0,1.0,3.0,17,5965.0,1.0,2.0,1.0,8.693664334532016
wea26d76,Leaves,6.0,5.0,3.0,17,6162.0,1.0,2.0,1.0,8.726156679156613
wea26d76,Mammals,3.0,3.0,3.0,17,3874.0,1.0,1.0,1.0,8.262042843966942
wea26d76,Fruit,3.0,3.0,2.0,17,5492.0,1.0,1.0,1.0,8.61104776688786
wea26d76,Animals,7.0,6.0,5.0,17,3326.0,0.0,1.0,1.0,8.109525659752872
wea26d76,Things With Wheels,2.0,2.0,2.0,17,4577.0,1.0,1.0,1.0,8.428799040653642
wea26d76,Produce ,6.0,6.0,5.0,17,6370.0,0.0,2.0,1.0,8.759354748566208
wea26d76,Sweet Foods,4.0,3.0,3.0,17,3204.0,1.0,1.0,1.0,8.07215530818825
wea26d76,Sports Court,2.0,2.0,2.0,17,2821.0,1.0,1.0,1.0,7.944846711001996
wea26d76,Insects,1.0,0.0,0.0,17,4816.0,1.0,2.0,1.0,8.479698986988657
wea26d76,Objects,7.0,4.0,6.0,17,4457.0,1.0,1.0,1.0,8.402231172946555
wea26d76,Balls,3.0,4.0,3.0,17,3638.0,1.0,1.0,1.0,8.199189359078067
wea26d76,Appliances,1.0,1.0,0.0,17,5445.0,1.0,2.0,1.0,8.602453035367061
wea26d76,Hands,2.0,2.0,0.0,17,4463.0,1.0,2.0,1.0,8.40357646462927
wea26d76,Clouds,2.0,2.0,2.0,17,4511.0,0.0,1.0,1.0,8.414274137408396
wea26d76,Dessert,1.0,1.0,1.0,17,2484.0,1.0,1.0,1.0,7.81762544305337
wea26d76,Foods,7.0,5.0,6.0,17,2627.0,1.0,1.0,1.0,7.87359778968554
wea26d76,Vegetables,3.0,3.0,3.0,17,2002.0,0.0,2.0,1.0,7.601901959875166
wea26d76,Berries,2.0,2.0,2.0,17,4205.0,1.0,1.0,1.0,8.344029572407049
wea26d76,Sky,4.0,3.0,4.0,17,3628.0,1.0,2.0,1.0,8.196436811235028
wea26d76,Beach,2.0,3.0,2.0,17,3384.0,1.0,2.0,1.0,8.126813720726114
wea26d76,Pets,2.0,2.0,2.0,17,1680.0,1.0,1.0,1.0,7.426549072397305
wea26d76,Birds,3.0,3.0,2.0,17,3004.0,1.0,2.0,1.0,8.007700012884026
wea26d76,Things In Bowls,4.0,4.0,4.0,17,5333.0,1.0,1.0,1.0,8.581669210600602
w28e335e,Hands,2.0,2.0,1.0,14,5992.0,1.0,2.0,0.8666666666666667,8.698180525197055
w28e335e,Outdoor Scenes,12.0,8.0,7.0,14,2779.0,0.0,1.0,0.8666666666666667,7.929846429742503
w28e335e,Foods,7.0,7.0,4.0,14,2517.0,1.0,1.0,0.8666666666666667,7.830822995135316
w28e335e,Berries,2.0,2.0,1.0,14,602.0,1.0,1.0,0.8666666666666667,6.400257445308821
w28e335e,Dessert,1.0,1.0,1.0,14,1984.0,1.0,1.0,0.8666666666666667,7.592870287844818
w28e335e,Vegetables,3.0,3.0,2.0,14,6958.0,0.0,2.0,0.8666666666666667,8.847647355711887
w28e335e,Sky,4.0,1.0,1.0,14,5191.0,1.0,2.0,0.8666666666666667,8.55468163582723
w28e335e,Produce ,6.0,3.0,3.0,14,6055.0,1.0,1.0,0.8666666666666667,8.708639655987193
w28e335e,Indoor Scenes,9.0,7.0,7.0,14,5569.0,1.0,1.0,0.8666666666666667,8.624970783589669
w28e335e,Sweet Foods,4.0,1.0,2.0,14,851.0,1.0,1.0,0.8666666666666667,6.7464121285733745
w28e335e,Water,3.0,1.0,2.0,14,685.0,1.0,2.0,0.8666666666666667,6.529418838262226
w28e335e,Wild Animals,4.0,3.0,3.0,14,3803.0,1.0,2.0,0.8666666666666667,8.24354550792826
w28e335e,Things That Fly,4.0,4.0,3.0,14,6780.0,0.0,1.0,0.8666666666666667,8.821732380934442
w28e335e,Objects,7.0,5.0,5.0,14,2188.0,0.0,2.0,0.8666666666666667,7.690743163541872
w28e335e,Grass,3.0,1.0,1.0,14,3418.0,1.0,2.0,0.8666666666666667,8.136810863675537
w28e335e,Sports Court,2.0,0.0,1.0,14,417.0,1.0,1.0,0.8666666666666667,6.0330862217988015
w28e335e,Mammals,3.0,3.0,2.0,14,2418.0,0.0,2.0,0.8666666666666667,7.790696031174738
w28e335e,Insects,1.0,1.0,1.0,14,4176.0,1.0,2.0,0.8666666666666667,8.337109129562474
w28e335e,Balls,3.0,3.0,1.0,14,3075.0,1.0,1.0,0.8666666666666667,8.031060180240619
w28e335e,Vehicles,3.0,0.0,3.0,14,3786.0,1.0,1.0,0.8666666666666667,8.239065331769268
w28e335e,Beach,2.0,1.0,1.0,14,1803.0,1.0,2.0,0.8666666666666667,7.497207223203318
w28e335e,Appliances,1.0,1.0,1.0,14,358.0,1.0,2.0,0.8666666666666667,5.8805329864007
w28e335e,Clouds,2.0,0.0,0.0,14,2217.0,1.0,2.0,0.8666666666666667,7.7039102096163115
w28e335e,Animals,7.0,3.0,5.0,14,319.0,0.0,1.0,0.8666666666666667,5.765191102784844
w28e335e,Birds,3.0,3.0,2.0,14,789.0,1.0,2.0,0.8666666666666667,6.670766320845874
w28e335e,Fruit,3.0,3.0,1.0,14,4491.0,1.0,1.0,0.8666666666666667,8.409830673087738
w28e335e,Things With Wheels,2.0,0.0,2.0,14,4507.0,0.0,2.0,0.8666666666666667,8.413387022690648
w28e335e,Leaves,6.0,0.0,4.0,14,2751.0,0.0,1.0,0.8666666666666667,7.919719760924575
w28e335e,Pets,2.0,2.0,2.0,14,998.0,1.0,1.0,0.8666666666666667,6.905753276311464
w28e335e,Things In Bowls,4.0,2.0,2.0,14,1545.0,1.0,1.0,0.8666666666666667,7.3427791893318455
w8d04c13,Clouds,2.0,2.0,1.0,10,2906.0,0.0,1.0,0.7333333333333333,7.974532844130228
w8d04c13,Balls,3.0,3.0,2.0,10,1492.0,1.0,1.0,0.7333333333333333,7.307872780763706
w8d04c13,Indoor Scenes,9.0,9.0,5.0,10,4539.0,1.0,1.0,0.7333333333333333,8.420462002456466
w8d04c13,Fruit,3.0,3.0,1.0,10,2174.0,1.0,1.0,0.7333333333333333,7.684324067681155
w8d04c13,Outdoor Scenes,12.0,12.0,5.0,10,2788.0,1.0,2.0,0.7333333333333333,7.933079771880415
w8d04c13,Animals,7.0,7.0,4.0,10,5731.0,1.0,2.0,0.7333333333333333,8.653645314551737
w8d04c13,Sports Court,2.0,2.0,1.0,10,811.0,1.0,1.0,0.7333333333333333,6.698268054115413
w8d04c13,Mammals,3.0,6.0,2.0,10,4726.0,0.0,2.0,0.7333333333333333,8.460834457746854
w8d04c13,Pets,2.0,2.0,2.0,10,1567.0,1.0,1.0,0.7333333333333333,7.356918242356021
w8d04c13,Dessert,1.0,1.0,1.0,10,643.0,1.0,1.0,0.7333333333333333,6.466144724237619
w8d04c13,Insects,1.0,1.0,0.0,10,2418.0,1.0,2.0,0.7333333333333333,7.790696031174738
w8d04c13,Things With Wheels,2.0,1.0,1.0,10,1458.0,1.0,1.0,0.7333333333333333,7.284820912568604
w8d04c13,Wild Animals,4.0,5.0,2.0,10,639.0,1.0,2.0,0.7333333333333333,6.459904454377535
w8d04c13,Sky,4.0,2.0,2.0,10,631.0,0.0,1.0,0.7333333333333333,6.447305862541213
w8d04c13,Beach,2.0,2.0,2.0,10,1527.0,1.0,2.0,0.7333333333333333,7.3310603052186325
w8d04c13,Sweet Foods,4.0,3.0,2.0,10,696.0,1.0,1.0,0.7333333333333333,6.54534966033442
w8d04c13,Objects,7.0,7.0,3.0,10,2909.0,1.0,1.0,0.7333333333333333,7.975564658495202
w8d04c13,Appliances,1.0,0.0,0.0,10,1762.0,1.0,2.0,0.7333333333333333,7.474204806496124
w8d04c13,Foods,7.0,3.0,3.0,10,784.0,1.0,1.0,0.7333333333333333,6.664409020350408
w8d04c13,Water,3.0,2.0,2.0,10,1383.0,1.0,2.0,0.7333333333333333,7.232010331664759
w8d04c13,Hands,2.0,2.0,0.0,10,6785.0,0.0,1.0,0.7333333333333333,8.82246957226897
w8d04c13,Vegetables,3.0,3.0,1.0,10,2567.0,1.0,1.0,0.7333333333333333,7.8504931808711405
w8d04c13,Berries,2.0,2.0,1.0,10,446.0,1.0,1.0,0.7333333333333333,6.100318952020064
w8d04c13,Things In Bowls,4.0,4.0,1.0,10,474.0,1.0,1.0,0.7333333333333333,6.161207321695077
w8d04c13,Vehicles,3.0,2.0,1.0,10,2022.0,0.0,2.0,0.7333333333333333,7.611842399580417
w8d04c13,Grass,3.0,3.0,1.0,10,244.0,0.0,1.0,0.7333333333333333,5.497168225293202
w8d04c13,Things That Fly,4.0,5.0,1.0,10,1972.0,1.0,2.0,0.7333333333333333,7.586803535162581
w8d04c13,Birds,3.0,3.0,2.0,10,585.0,1.0,2.0,0.7333333333333333,6.371611847231857
w8d04c13,Produce ,6.0,6.0,2.0,10,365.0,1.0,1.0,0.7333333333333333,5.8998973535824915
w882868f,Indoor Scenes,9.0,8.0,7.0,17,1156.0,1.0,1.0,1.0,7.052721049232323
w882868f,Foods,7.0,7.0,5.0,17,918.0,1.0,1.0,1.0,6.822197390620491
w882868f,Hands,2.0,1.0,2.0,17,2518.0,1.0,2.0,1.0,7.831220214604293
w882868f,Dessert,1.0,0.0,0.0,17,3066.0,1.0,1.0,1.0,8.028129059431759
w882868f,Vehicles,3.0,1.0,3.0,17,2791.0,1.0,1.0,1.0,7.934155233536322
w882868f,Wild Animals,4.0,4.0,4.0,17,689.0,1.0,2.0,1.0,6.535241271013659
w882868f,Outdoor Scenes,12.0,13.0,10.0,17,1906.0,1.0,2.0,1.0,7.552762084214147
w882868f,Animals,7.0,7.0,6.0,17,2267.0,0.0,1.0,1.0,7.726212650507529
w882868f,Grass,3.0,3.0,1.0,17,5096.0,0.0,1.0,1.0,8.536211197252
w882868f,Insects,1.0,0.0,1.0,17,540.0,1.0,2.0,1.0,6.29156913955832
w882868f,Vegetables,3.0,1.0,2.0,17,896.0,1.0,1.0,1.0,6.79794041297493
w882868f,Mammals,3.0,2.0,2.0,17,1535.0,1.0,1.0,1.0,7.336285660021297
w882868f,Water,3.0,3.0,3.0,17,88.0,1.0,2.0,1.0,4.477336814478207
w882868f,Sweet Foods,4.0,2.0,3.0,17,2166.0,1.0,1.0,1.0,7.680637427560936
w882868f,Appliances,1.0,1.0,1.0,17,507.0,1.0,2.0,1.0,6.2285110035911835
w882868f,Clouds,2.0,2.0,1.0,17,4306.0,1.0,2.0,1.0,8.367764677924308
w882868f,Birds,3.0,3.0,3.0,17,272.0,1.0,2.0,1.0,5.605802066295998
w882868f,Beach,2.0,2.0,2.0,17,581.0,1.0,2.0,1.0,6.364750756851911
w882868f,Pets,2.0,2.0,2.0,17,205.0,1.0,1.0,1.0,5.3230099791384085
w882868f,Balls,3.0,3.0,2.0,17,1632.0,1.0,1.0,1.0,7.397561535524052
w882868f,Things With Wheels,2.0,2.0,2.0,17,3670.0,1.0,1.0,1.0,8.207946941048617
w882868f,Produce ,6.0,4.0,5.0,17,969.0,1.0,1.0,1.0,6.876264611890766
w882868f,Leaves,6.0,3.0,6.0,17,2854.0,1.0,2.0,1.0,7.956476798036782
w882868f,Things In Bowls,4.0,4.0,3.0,17,1484.0,1.0,1.0,1.0,7.302496423727326
w882868f,Things That Fly,4.0,4.0,4.0,17,558.0,1.0,2.0,1.0,6.324358962381311
w882868f,Sky,4.0,4.0,3.0,17,2398.0,1.0,2.0,1.0,7.7823903355874595
w882868f,Sports Court,2.0,1.0,1.0,17,3936.0,0.0,2.0,1.0,8.277920258172143
w882868f,Berries,2.0,2.0,2.0,17,774.0,1.0,1.0,1.0,6.651571873589727
w882868f,Fruit,3.0,3.0,3.0,17,548.0,1.0,1.0,1.0,6.306275286948016
w973e0a4,Fruit,3.0,2.0,3.0,18,2808.0,1.0,1.0,0.4,7.940227765145702
w973e0a4,Indoor Scenes,9.0,9.0,9.0,18,457.0,1.0,1.0,0.4,6.124683390894205
w973e0a4,Berries,2.0,2.0,2.0,18,2504.0,1.0,1.0,0.4,7.825644732219989
w973e0a4,Produce ,6.0,6.0,5.0,18,1729.0,1.0,1.0,0.4,7.455298485683291
w973e0a4,Things With Wheels,2.0,2.0,2.0,18,6872.0,0.0,2.0,0.4,8.835210463664092
w973e0a4,Balls,3.0,2.0,3.0,18,2984.0,1.0,1.0,0.4,8.001019961323651
w973e0a4,Hands,2.0,0.0,2.0,18,3386.0,1.0,2.0,0.4,8.12740456269308
w973e0a4,Birds,3.0,3.0,2.0,18,1077.0,1.0,2.0,0.4,6.981934677156389
w973e0a4,Things In Bowls,4.0,4.0,3.0,18,1085.0,1.0,1.0,0.4,6.98933526597456
w973e0a4,Clouds,2.0,0.0,1.0,18,4072.0,1.0,2.0,0.4,8.311889558230359
w973e0a4,Beach,2.0,0.0,2.0,18,2122.0,1.0,2.0,0.4,7.660114319173928
w973e0a4,Things That Fly,4.0,3.0,3.0,18,1519.0,1.0,2.0,0.4,7.325807502595773
w973e0a4,Wild Animals,4.0,4.0,3.0,18,1533.0,1.0,2.0,0.4,7.334981878871814
w973e0a4,Sports Court,2.0,1.0,2.0,18,713.0,1.0,1.0,0.4,6.569481420414296
w973e0a4,Objects,7.0,8.0,7.0,18,3688.0,1.0,1.0,0.4,8.212839584676484
w973e0a4,Leaves,6.0,2.0,5.0,18,2323.0,1.0,2.0,0.4,7.750614732770409
w973e0a4,Animals,7.0,7.0,5.0,18,960.0,1.0,2.0,0.4,6.866933284461882
w973e0a4,Grass,3.0,1.0,1.0,18,1508.0,1.0,2.0,0.4,7.318539548567902
w973e0a4,Outdoor Scenes,12.0,12.0,9.0,18,2388.0,1.0,2.0,0.4,7.778211474512493
w973e0a4,Insects,1.0,1.0,1.0,18,1454.0,1.0,2.0,0.4,7.282073658093465
w973e0a4,Dessert,1.0,1.0,1.0,18,1285.0,1.0,1.0,0.4,7.158513997329321
w973e0a4,Vegetables,3.0,1.0,2.0,18,733.0,1.0,1.0,0.4,6.597145701886651
w973e0a4,Appliances,1.0,1.0,1.0,18,580.0,0.0,1.0,0.4,6.363028103540465
w973e0a4,Pets,2.0,2.0,2.0,18,362.0,1.0,1.0,0.4,5.8916442118257715
w973e0a4,Foods,7.0,0.0,6.0,18,1860.0,1.0,1.0,0.4,7.528331766707247
w973e0a4,Sweet Foods,4.0,4.0,4.0,18,700.0,1.0,1.0,0.4,6.551080335043404
w973e0a4,Vehicles,3.0,3.0,3.0,18,2688.0,0.0,2.0,0.4,7.89655270164304
w973e0a4,Water,3.0,3.0,3.0,18,834.0,1.0,2.0,0.4,6.726233402358747
w973e0a4,Sky,4.0,3.0,3.0,18,808.0,1.0,2.0,0.4,6.694562058521095
w38281a7,Grass,3.0,2.0,2.0,19,6691.0,0.0,1.0,0.9333333333333333,8.808518618782816
w38281a7,Things That Fly,4.0,4.0,4.0,19,2727.0,1.0,2.0,0.9333333333333333,7.910957382845589
w38281a7,Birds,3.0,3.0,2.0,19,1740.0,1.0,2.0,0.9333333333333333,7.461640392208575
w38281a7,Things In Bowls,4.0,4.0,3.0,19,1810.0,1.0,1.0,0.9333333333333333,7.501082124259871
w38281a7,Indoor Scenes,9.0,9.0,9.0,19,2538.0,1.0,1.0,0.9333333333333333,7.839131648274333
w38281a7,Sports Court,2.0,2.0,2.0,19,1186.0,1.0,1.0,0.9333333333333333,7.078341579557671
w38281a7,Berries,2.0,2.0,2.0,19,374.0,1.0,1.0,0.9333333333333333,5.924255797414532
w38281a7,Hands,2.0,1.0,2.0,19,5168.0,1.0,2.0,0.9333333333333333,8.550241045462437
w38281a7,Things With Wheels,2.0,1.0,2.0,19,3592.0,1.0,1.0,0.9333333333333333,8.18646442942209
w38281a7,Water,3.0,2.0,2.0,19,2069.0,1.0,2.0,0.9333333333333333,7.634820677745543
w38281a7,Sweet Foods,4.0,1.0,4.0,19,992.0,1.0,1.0,0.9333333333333333,6.899723107284872
w38281a7,Clouds,2.0,2.0,2.0,19,6610.0,1.0,2.0,0.9333333333333333,8.796338932845732
w38281a7,Beach,2.0,2.0,1.0,19,1448.0,1.0,2.0,0.9333333333333333,7.277938572945661
w38281a7,Foods,7.0,7.0,6.0,19,3293.0,1.0,1.0,0.9333333333333333,8.099554282376364
w38281a7,Balls,3.0,3.0,3.0,19,4278.0,1.0,1.0,0.9333333333333333,8.361240889642351
w38281a7,Insects,1.0,1.0,1.0,19,2354.0,1.0,2.0,0.9333333333333333,7.763871287820222
w38281a7,Vehicles,3.0,3.0,3.0,19,1785.0,1.0,1.0,0.9333333333333333,7.487173694213739
w38281a7,Outdoor Scenes,12.0,10.0,10.0,19,7380.0,1.0,2.0,0.9333333333333333,8.906528917594517
w38281a7,Mammals,3.0,3.0,3.0,19,5157.0,1.0,1.0,0.9333333333333333,8.548110294050959
w38281a7,Objects,7.0,12.0,7.0,19,5308.0,0.0,2.0,0.9333333333333333,8.576970395452099
w38281a7,Vegetables,3.0,3.0,2.0,19,2049.0,1.0,1.0,0.9333333333333333,7.6251071482389
w38281a7,Appliances,1.0,1.0,1.0,19,3536.0,1.0,2.0,0.9333333333333333,8.170751423757535
w38281a7,Animals,7.0,7.0,6.0,19,4812.0,1.0,2.0,0.9333333333333333,8.47886807709457
w38281a7,Fruit,3.0,3.0,3.0,19,1273.0,1.0,1.0,0.9333333333333333,7.149131598557407
w38281a7,Dessert,1.0,1.0,1.0,19,2290.0,1.0,1.0,0.9333333333333333,7.736307096548285
w38281a7,Pets,2.0,2.0,2.0,19,738.0,1.0,1.0,0.9333333333333333,6.6039438246004725
w38281a7,Wild Animals,4.0,5.0,3.0,19,2494.0,1.0,2.0,0.9333333333333333,7.821643126239982
w38281a7,Produce ,6.0,6.0,5.0,19,1769.0,1.0,1.0,0.9333333333333333,7.478169694159785
w15afaeb,Hands,2.0,2.0,1.0,9,5610.0,0.0,1.0,0.9,8.632305998516742
w15afaeb,Things In Bowls,4.0,4.0,3.0,9,3037.0,0.0,2.0,0.9,8.01862546504575
w15afaeb,Wild Animals,4.0,5.0,2.0,9,3907.0,1.0,2.0,0.9,8.27052509505507
w15afaeb,Insects,1.0,1.0,1.0,9,1792.0,1.0,2.0,0.9,7.491087593534876
w15afaeb,Dessert,1.0,2.0,0.0,9,1237.0,1.0,1.0,0.9,7.1204443723924875
w15afaeb,Outdoor Scenes,12.0,12.0,5.0,9,2421.0,0.0,1.0,0.9,7.791935956938058
w15afaeb,Things With Wheels,2.0,2.0,1.0,9,4168.0,1.0,1.0,0.9,8.335191583433202
w15afaeb,Objects,7.0,18.0,2.0,9,3425.0,1.0,1.0,0.9,8.138856750696325
w15afaeb,Vehicles,3.0,3.0,1.0,9,1893.0,1.0,1.0,0.9,7.545918151209323
w15afaeb,Grass,3.0,5.0,2.0,9,5722.0,1.0,2.0,0.9,8.652073673610056
w15afaeb,Mammals,3.0,3.0,2.0,9,5627.0,1.0,1.0,0.9,8.635331719433278
w15afaeb,Fruit,3.0,3.0,2.0,9,2971.0,1.0,1.0,0.9,7.9966538754626075
w15afaeb,Water,3.0,3.0,1.0,9,3692.0,1.0,2.0,0.9,8.213923595622743
w15afaeb,Sweet Foods,4.0,4.0,2.0,9,4842.0,1.0,1.0,0.9,8.485083137498004
w15afaeb,Foods,7.0,6.0,3.0,9,4934.0,1.0,1.0,0.9,8.503905297089302
w15afaeb,Appliances,1.0,1.0,0.0,9,6700.0,1.0,2.0,0.9,8.809862805379057
w15afaeb,Indoor Scenes,9.0,7.0,4.0,9,3598.0,1.0,1.0,0.9,8.188133414510478
w15afaeb,Things That Fly,4.0,2.0,2.0,9,5649.0,1.0,2.0,0.9,8.639233817325263
w15afaeb,Leaves,6.0,6.0,2.0,9,4321.0,1.0,2.0,0.9,8.371242135931933
w15afaeb,Sports Court,2.0,2.0,1.0,9,4233.0,1.0,1.0,0.9,8.350666240520924
w15afaeb,Berries,2.0,2.0,2.0,9,3959.0,1.0,1.0,0.9,8.28374674710613
w15afaeb,Sky,4.0,4.0,1.0,9,5624.0,0.0,1.0,0.9,8.6347984334905
w15afaeb,Vegetables,3.0,3.0,1.0,9,589.0,0.0,2.0,0.9,6.3784261836515865
w15afaeb,Birds,3.0,3.0,1.0,9,4988.0,1.0,2.0,0.9,8.514790306799927
w15afaeb,Balls,3.0,3.0,1.0,9,3467.0,1.0,1.0,0.9,8.151044945685024
w15afaeb,Clouds,2.0,2.0,1.0,9,5542.0,1.0,2.0,0.9,8.620110725422924
w15afaeb,Pets,2.0,3.0,1.0,9,1003.0,1.0,1.0,0.9,6.910750787961936
w15afaeb,Animals,7.0,7.0,4.0,9,6146.0,1.0,2.0,0.9,8.72355674269043
w15afaeb,Beach,2.0,2.0,1.0,9,3517.0,1.0,2.0,0.9,8.165363632473982
w15afaeb,Produce ,6.0,6.0,3.0,9,7416.0,0.0,2.0,0.9,8.91139510724569
we820c40,Wild Animals,4.0,4.0,3.0,12,3619.0,1.0,2.0,0.5333333333333333,8.193953023563742
we820c40,Appliances,1.0,1.0,0.0,12,1519.0,1.0,2.0,0.5333333333333333,7.325807502595773
we820c40,Indoor Scenes,9.0,4.0,6.0,12,1309.0,1.0,1.0,0.5333333333333333,7.1770187659099
we820c40,Insects,1.0,1.0,0.0,12,1516.0,1.0,2.0,0.5333333333333333,7.323830566202317
we820c40,Things In Bowls,4.0,4.0,2.0,12,957.0,1.0,1.0,0.5333333333333333,6.863803391452954
we820c40,Water,3.0,3.0,1.0,12,866.0,1.0,2.0,0.5333333333333333,6.763884908562435
we820c40,Hands,2.0,1.0,0.0,12,3989.0,1.0,2.0,0.5333333333333333,8.291295851905407
we820c40,Foods,7.0,6.0,3.0,12,1824.0,1.0,1.0,0.5333333333333333,7.508787170634276
we820c40,Beach,2.0,0.0,1.0,12,397.0,1.0,2.0,0.5333333333333333,5.983936280687191
we820c40,Vegetables,3.0,3.0,2.0,12,1506.0,1.0,1.0,0.5333333333333333,7.317212408359839
we820c40,Sports Court,2.0,1.0,2.0,12,6688.0,0.0,2.0,0.5333333333333333,8.808070154764538
we820c40,Balls,3.0,3.0,2.0,12,3379.0,1.0,1.0,0.5333333333333333,8.12533508671429
we820c40,Things With Wheels,2.0,2.0,2.0,12,5060.0,1.0,1.0,0.5333333333333333,8.52912176228151
we820c40,Things That Fly,4.0,4.0,3.0,12,1488.0,1.0,2.0,0.5333333333333333,7.305188215393037
we820c40,Dessert,1.0,1.0,0.0,12,5389.0,0.0,2.0,0.5333333333333333,8.592115117933497
we820c40,Leaves,6.0,3.0,3.0,12,6088.0,1.0,2.0,0.5333333333333333,8.714074899541522
we820c40,Objects,7.0,2.0,4.0,12,5079.0,0.0,2.0,0.5333333333333333,8.532869670801245
we820c40,Grass,3.0,0.0,2.0,12,5696.0,1.0,2.0,0.5333333333333333,8.647519453091812
we820c40,Birds,3.0,1.0,3.0,12,973.0,1.0,2.0,0.5333333333333333,6.880384082186005
we820c40,Berries,2.0,2.0,1.0,12,954.0,1.0,1.0,0.5333333333333333,6.860663671448287
we820c40,Fruit,3.0,3.0,1.0,12,795.0,1.0,1.0,0.5333333333333333,6.678342114654332
we820c40,Vehicles,3.0,3.0,2.0,12,5712.0,0.0,2.0,0.5333333333333333,8.65032450401942
we820c40,Pets,2.0,2.0,2.0,12,490.0,1.0,1.0,0.5333333333333333,6.194405391104672
we820c40,Clouds,2.0,1.0,0.0,12,1445.0,1.0,2.0,0.5333333333333333,7.275864600546533
we820c40,Animals,7.0,5.0,5.0,12,1077.0,0.0,1.0,0.5333333333333333,6.981934677156389
we820c40,Outdoor Scenes,12.0,5.0,6.0,12,960.0,1.0,2.0,0.5333333333333333,6.866933284461882
we820c40,Sky,4.0,2.0,2.0,12,379.0,1.0,2.0,0.5333333333333333,5.937536205082426
wd1f6033,Mammals,3.0,2.0,3.0,12,4832.0,0.0,2.0,0.7333333333333333,8.48301573961465
wd1f6033,Berries,2.0,2.0,2.0,12,1908.0,1.0,1.0,0.7333333333333333,7.553810852008231
wd1f6033,Things In Bowls,4.0,3.0,2.0,12,5907.0,1.0,1.0,0.7333333333333333,8.683893367307235
wd1f6033,Grass,3.0,3.0,1.0,12,3769.0,0.0,1.0,0.7333333333333333,8.234564993267135
wd1f6033,Vegetables,3.0,2.0,0.0,12,1382.0,0.0,2.0,0.7333333333333333,7.231287004327616
wd1f6033,Dessert,1.0,0.0,1.0,12,2879.0,0.0,2.0,0.7333333333333333,7.965198290612176
wd1f6033,Indoor Scenes,9.0,9.0,6.0,12,2653.0,1.0,1.0,0.7333333333333333,7.88344635413774
wd1f6033,Outdoor Scenes,12.0,12.0,6.0,12,41.0,1.0,2.0,0.7333333333333333,3.713572066704308
wd1f6033,Foods,7.0,7.0,4.0,12,2048.0,1.0,1.0,0.7333333333333333,7.6246189861593985
wd1f6033,Things With Wheels,2.0,2.0,1.0,12,5115.0,0.0,2.0,0.7333333333333333,8.539932678385727
wd1f6033,Wild Animals,4.0,4.0,1.0,12,2052.0,1.0,2.0,0.7333333333333333,7.62657020629066
wd1f6033,Objects,7.0,7.0,4.0,12,3738.0,0.0,2.0,0.7333333333333333,8.226305988015508
wd1f6033,Clouds,2.0,2.0,2.0,12,593.0,1.0,2.0,0.7333333333333333,6.385194398997726
wd1f6033,Sky,4.0,2.0,2.0,12,449.0,1.0,2.0,0.7333333333333333,6.1070228877422545
wd1f6033,Produce ,6.0,1.0,3.0,12,1565.0,0.0,2.0,0.7333333333333333,7.355641102974253
wd1f6033,Balls,3.0,3.0,2.0,12,3558.0,0.0,2.0,0.7333333333333333,8.17695386822578
wd1f6033,Beach,2.0,1.0,2.0,12,580.0,1.0,2.0,0.7333333333333333,6.363028103540465
wd1f6033,Fruit,3.0,1.0,3.0,12,2796.0,0.0,2.0,0.7333333333333333,7.935945103353701
wd1f6033,Things That Fly,4.0,1.0,1.0,12,707.0,1.0,2.0,0.7333333333333333,6.561030665896573
wd1f6033,Leaves,6.0,5.0,2.0,12,3348.0,1.0,2.0,0.7333333333333333,8.116118431609365
wd1f6033,Pets,2.0,2.0,2.0,12,723.0,1.0,1.0,0.7333333333333333,6.583409222158765
wd1f6033,Hands,2.0,1.0,1.0,12,1312.0,1.0,2.0,0.7333333333333333,7.179307969504034
wd1f6033,Birds,3.0,3.0,1.0,12,1145.0,1.0,2.0,0.7333333333333333,7.0431599159883405
wd1f6033,Sweet Foods,4.0,1.0,4.0,12,3042.0,1.0,1.0,0.7333333333333333,8.020270472819238
wd1f6033,Insects,1.0,0.0,0.0,12,3599.0,1.0,2.0,0.7333333333333333,8.188411308079031
wd1f6033,Vehicles,3.0,3.0,2.0,12,1220.0,1.0,1.0,0.7333333333333333,7.106606137727303
wd1f6033,Animals,7.0,7.0,4.0,12,2293.0,1.0,2.0,0.7333333333333333,7.737616282857904
wd1f6033,Water,3.0,1.0,3.0,12,325.0,1.0,2.0,0.7333333333333333,5.783825182329737
wd1f6033,Appliances,1.0,1.0,0.0,12,359.0,0.0,1.0,0.7333333333333333,5.883322388488279
wd1f6033,Sports Court,2.0,2.0,1.0,12,2892.0,0.0,2.0,0.7333333333333333,7.969703583278656
wa9588e1,Animals,7.0,6.0,2.0,8,4252.0,1.0,2.0,0.7333333333333333,8.355144739461839
wa9588e1,Balls,3.0,3.0,3.0,8,3803.0,0.0,2.0,0.7333333333333333,8.24354550792826
wa9588e1,Dessert,1.0,4.0,0.0,8,424.0,1.0,1.0,0.7333333333333333,6.049733455231958
wa9588e1,Birds,3.0,1.0,1.0,8,4220.0,0.0,1.0,0.7333333333333333,8.347590407030058
wa9588e1,Vehicles,3.0,2.0,1.0,8,2000.0,0.0,2.0,0.7333333333333333,7.600902459542082
wa9588e1,Outdoor Scenes,12.0,6.0,4.0,8,2076.0,0.0,1.0,0.7333333333333333,7.638198244285779
wa9588e1,Vegetables,3.0,3.0,1.0,8,1250.0,1.0,1.0,0.7333333333333333,7.1308988302963465
wa9588e1,Grass,3.0,1.0,1.0,8,779.0,0.0,1.0,0.7333333333333333,6.658011045870748
wa9588e1,Hands,2.0,0.0,0.0,8,2217.0,0.0,1.0,0.7333333333333333,7.7039102096163115
wa9588e1,Leaves,6.0,4.0,3.0,8,308.0,0.0,1.0,0.7333333333333333,5.730099782973574
wa9588e1,Mammals,3.0,2.0,1.0,8,370.0,0.0,2.0,0.7333333333333333,5.91350300563827
wa9588e1,Indoor Scenes,9.0,4.0,4.0,8,1429.0,1.0,1.0,0.7333333333333333,7.264730177929867
wa9588e1,Produce ,6.0,5.0,2.0,8,392.0,1.0,1.0,0.7333333333333333,5.971261839790462
wa9588e1,Appliances,1.0,0.0,0.0,8,2651.0,1.0,2.0,0.7333333333333333,7.8826922062890254
wa9588e1,Things In Bowls,4.0,4.0,2.0,8,1615.0,1.0,1.0,0.7333333333333333,7.387090235656757
wa9588e1,Sweet Foods,4.0,4.0,1.0,8,438.0,1.0,1.0,0.7333333333333333,6.082218910376446
wa9588e1,Things With Wheels,2.0,2.0,1.0,8,4082.0,1.0,1.0,0.7333333333333333,8.31434234336979
wa9588e1,Water,3.0,2.0,1.0,8,488.0,0.0,1.0,0.7333333333333333,6.1903154058531475
wa9588e1,Foods,7.0,7.0,2.0,8,336.0,1.0,1.0,0.7333333333333333,5.817111159963204
wa9588e1,Berries,2.0,2.0,1.0,8,546.0,1.0,1.0,0.7333333333333333,6.302618975744905
wa9588e1,Beach,2.0,1.0,1.0,8,376.0,1.0,2.0,0.7333333333333333,5.929589143389895
wa9588e1,Pets,2.0,2.0,1.0,8,2019.0,1.0,1.0,0.7333333333333333,7.610357618312838
wa9588e1,Sports Court,2.0,2.0,2.0,8,648.0,0.0,2.0,0.7333333333333333,6.473890696352274
wa9588e1,Clouds,2.0,2.0,1.0,8,1200.0,1.0,2.0,0.7333333333333333,7.090076835776092
wa9588e1,Sky,4.0,3.0,2.0,8,1294.0,0.0,1.0,0.7333333333333333,7.165493475060845
wa9588e1,Insects,1.0,1.0,0.0,8,399.0,1.0,2.0,0.7333333333333333,5.988961416889864
wa9588e1,Wild Animals,4.0,4.0,1.0,8,1034.0,1.0,2.0,0.7333333333333333,6.9411900550683745
wa9588e1,Things That Fly,4.0,3.0,1.0,8,1261.0,1.0,2.0,0.7333333333333333,7.13966033596492
wa9588e1,Fruit,3.0,3.0,1.0,8,1113.0,1.0,1.0,0.7333333333333333,7.014814351275545
w417dedd,Pets,2.0,2.0,1.0,5,2547.0,1.0,1.0,0.9,7.842671474979457
w417dedd,Birds,3.0,3.0,1.0,5,937.0,1.0,2.0,0.9,6.842683282238422
w417dedd,Animals,7.0,7.0,2.0,5,1711.0,0.0,1.0,0.9,7.444833273892193
w417dedd,Things With Wheels,2.0,2.0,0.0,5,1388.0,1.0,1.0,0.9,7.23561914106675
w417dedd,Outdoor Scenes,12.0,10.0,4.0,5,1812.0,1.0,2.0,0.9,7.502186486602924
w417dedd,Berries,2.0,2.0,1.0,5,1741.0,1.0,1.0,0.9,7.462214939768189
w417dedd,Mammals,3.0,3.0,1.0,5,1948.0,1.0,1.0,0.9,7.5745584842024805
w417dedd,Hands,2.0,2.0,0.0,5,1478.0,1.0,2.0,0.9,7.298445101508147
w417dedd,Leaves,6.0,4.0,2.0,5,2144.0,0.0,1.0,0.9,7.670428522190693
w417dedd,Grass,3.0,2.0,0.0,5,2556.0,0.0,1.0,0.9,7.846198815497425
w417dedd,Insects,1.0,1.0,0.0,5,2161.0,1.0,2.0,0.9,7.6783263565068856
w417dedd,Water,3.0,3.0,1.0,5,725.0,1.0,2.0,0.9,6.586171654854675
w417dedd,Wild Animals,4.0,5.0,1.0,5,1315.0,1.0,2.0,0.9,7.181591944611865
w417dedd,Sweet Foods,4.0,3.0,1.0,5,2859.0,0.0,2.0,0.9,7.958227192322312
w417dedd,Beach,2.0,2.0,0.0,5,1157.0,1.0,2.0,0.9,7.053585727193677
w417dedd,Clouds,2.0,2.0,0.0,5,2942.0,1.0,2.0,0.9,7.9868449011613825
w417dedd,Sky,4.0,4.0,1.0,5,1476.0,0.0,1.0,0.9,7.297091005160418
w417dedd,Foods,7.0,6.0,2.0,5,1919.0,1.0,1.0,0.9,7.5595594960077
w417dedd,Sports Court,2.0,2.0,0.0,5,1281.0,0.0,2.0,0.9,7.155396301896734
w417dedd,Indoor Scenes,9.0,9.0,1.0,5,3509.0,1.0,1.0,0.9,8.163086375583216
w417dedd,Produce ,6.0,6.0,2.0,5,1666.0,1.0,1.0,0.9,7.418180822726788
w417dedd,Objects,7.0,4.0,1.0,5,1200.0,0.0,2.0,0.9,7.090076835776092
w417dedd,Balls,3.0,3.0,0.0,5,815.0,1.0,1.0,0.9,6.703188113240863
w417dedd,Fruit,3.0,4.0,1.0,5,91.0,1.0,1.0,0.9,4.51085950651685
w417dedd,Vehicles,3.0,3.0,1.0,5,4033.0,1.0,1.0,0.9,8.302265794873367
w417dedd,Appliances,1.0,1.0,0.0,5,866.0,0.0,1.0,0.9,6.763884908562435
w417dedd,Things In Bowls,4.0,4.0,1.0,5,2156.0,0.0,2.0,0.9,7.6760099320288875
w417dedd,Dessert,1.0,2.0,0.0,5,2478.0,1.0,1.0,0.9,7.815207062189088
w417dedd,Vegetables,3.0,2.0,1.0,5,293.0,1.0,1.0,0.9,5.680172609017068
w417dedd,Things That Fly,4.0,4.0,1.0,5,1037.0,1.0,2.0,0.9,6.9440872082295275
waf5ed76,Sports Court,2.0,2.0,1.0,18,6586.0,1.0,1.0,0.9333333333333333,8.792701462936309
waf5ed76,Mammals,3.0,3.0,3.0,18,2278.0,0.0,2.0,0.9333333333333333,7.731053144007127
waf5ed76,Sweet Foods,4.0,3.0,3.0,18,1016.0,1.0,1.0,0.9333333333333333,6.923628628138427
waf5ed76,Objects,7.0,7.0,6.0,18,3267.0,0.0,2.0,0.9333333333333333,8.09162741160107
waf5ed76,Water,3.0,3.0,3.0,18,618.0,1.0,2.0,0.9333333333333333,6.42648845745769
waf5ed76,Produce ,6.0,4.0,5.0,18,4075.0,1.0,1.0,0.9333333333333333,8.312626025674962
waf5ed76,Outdoor Scenes,12.0,11.0,12.0,18,2333.0,0.0,1.0,0.9333333333333333,7.75491027202143
waf5ed76,Appliances,1.0,1.0,1.0,18,706.0,1.0,2.0,0.9333333333333333,6.559615237493242
waf5ed76,Grass,3.0,3.0,3.0,18,2995.0,1.0,2.0,0.9333333333333333,8.00469951054955
waf5ed76,Insects,1.0,1.0,1.0,18,632.0,1.0,2.0,0.9333333333333333,6.448889394146858
waf5ed76,Things That Fly,4.0,4.0,4.0,18,1674.0,1.0,2.0,0.9333333333333333,7.422971251049421
waf5ed76,Animals,7.0,5.0,7.0,18,451.0,0.0,1.0,0.9333333333333333,6.111467339502679
waf5ed76,Birds,3.0,1.0,3.0,18,1123.0,1.0,2.0,0.9333333333333333,7.023758954738443
waf5ed76,Balls,3.0,3.0,2.0,18,3146.0,0.0,2.0,0.9333333333333333,8.053887083618223
waf5ed76,Things With Wheels,2.0,2.0,2.0,18,832.0,1.0,1.0,0.9333333333333333,6.723832440821209
waf5ed76,Dessert,1.0,1.0,0.0,18,352.0,1.0,1.0,0.9333333333333333,5.863631175598097
waf5ed76,Clouds,2.0,1.0,2.0,18,749.0,0.0,1.0,0.9333333333333333,6.618738983517219
waf5ed76,Beach,2.0,2.0,2.0,18,346.0,1.0,2.0,0.9333333333333333,5.846438775057725
waf5ed76,Fruit,3.0,3.0,3.0,18,4289.0,1.0,1.0,0.9333333333333333,8.36380888451688
waf5ed76,Things In Bowls,4.0,4.0,3.0,18,2552.0,1.0,1.0,0.9333333333333333,7.844632644464681
waf5ed76,Wild Animals,4.0,2.0,4.0,18,3213.0,1.0,2.0,0.9333333333333333,8.074960359115858
waf5ed76,Indoor Scenes,9.0,8.0,6.0,18,380.0,1.0,1.0,0.9333333333333333,5.940171252720432
waf5ed76,Leaves,6.0,5.0,6.0,18,5388.0,1.0,2.0,0.9333333333333333,8.591929537530255
waf5ed76,Vegetables,3.0,3.0,2.0,18,926.0,1.0,1.0,0.9333333333333333,6.8308742346461795
waf5ed76,Sky,4.0,3.0,4.0,18,2142.0,0.0,1.0,0.9333333333333333,7.669495251007694
waf5ed76,Foods,7.0,6.0,5.0,18,1243.0,1.0,1.0,0.9333333333333333,7.1252830915107115
waf5ed76,Berries,2.0,1.0,2.0,18,517.0,1.0,1.0,0.9333333333333333,6.248042874508429
waf5ed76,Hands,2.0,2.0,2.0,18,4458.0,1.0,2.0,0.9333333333333333,8.402455513945814
waf5ed76,Vehicles,3.0,3.0,3.0,18,2413.0,0.0,2.0,0.9333333333333333,7.7886260656250315
waf5ed76,Pets,2.0,2.0,2.0,18,449.0,1.0,1.0,0.9333333333333333,6.1070228877422545
wb83a52c,Sports Court,2.0,2.0,1.0,9,5663.0,1.0,1.0,0.7,8.641709066113805
wb83a52c,Birds,3.0,2.0,1.0,9,6391.0,0.0,1.0,0.7,8.762646029650282
wb83a52c,Vegetables,3.0,3.0,2.0,9,2530.0,1.0,1.0,0.7,7.835974581721566
wb83a52c,Leaves,6.0,6.0,2.0,9,1297.0,1.0,2.0,0.7,7.167809184316444
wb83a52c,Hands,2.0,2.0,0.0,9,915.0,1.0,2.0,0.7,6.818924065275521
wb83a52c,Animals,7.0,5.0,2.0,9,1469.0,0.0,1.0,0.7,7.292337176173877
wb83a52c,Grass,3.0,3.0,0.0,9,2788.0,1.0,2.0,0.7,7.933079771880415
wb83a52c,Sky,4.0,5.0,0.0,9,5383.0,0.0,1.0,0.7,8.591001118560957
wb83a52c,Appliances,1.0,5.0,1.0,9,3752.0,0.0,1.0,0.7,8.230044310126114
wb83a52c,Pets,2.0,2.0,1.0,9,1149.0,1.0,1.0,0.7,7.046647277848756
wb83a52c,Objects,7.0,13.0,3.0,9,5619.0,0.0,2.0,0.7,8.633908991112198
wb83a52c,Balls,3.0,3.0,1.0,9,1840.0,1.0,1.0,0.7,7.517520850603031
wb83a52c,Outdoor Scenes,12.0,11.0,3.0,9,3854.0,1.0,2.0,0.7,8.256866848974312
wb83a52c,Vehicles,3.0,3.0,1.0,9,3928.0,0.0,2.0,0.7,8.275885669474356
wb83a52c,Mammals,3.0,3.0,1.0,9,1080.0,1.0,1.0,0.7,6.984716320118266
wb83a52c,Fruit,3.0,3.0,2.0,9,1689.0,1.0,1.0,0.7,7.4318919168078
wb83a52c,Beach,2.0,1.0,0.0,9,1076.0,0.0,1.0,0.7,6.98100574072173
wb83a52c,Insects,1.0,1.0,0.0,9,1466.0,1.0,2.0,0.7,7.290292882446597
wb83a52c,Produce ,6.0,6.0,4.0,9,617.0,1.0,1.0,0.7,6.424869023905388
wb83a52c,Clouds,2.0,2.0,0.0,9,2948.0,0.0,1.0,0.7,7.988882253309227
wb83a52c,Things That Fly,4.0,4.0,2.0,9,1583.0,0.0,1.0,0.7,7.367077059881012
wb83a52c,Sweet Foods,4.0,1.0,2.0,9,3844.0,1.0,1.0,0.7,8.254268770090183
wb83a52c,Wild Animals,4.0,4.0,1.0,9,6418.0,1.0,2.0,0.7,8.766861821669803
wb83a52c,Indoor Scenes,9.0,8.0,6.0,9,3225.0,0.0,2.0,0.7,8.078688229229872
wb83a52c,Foods,7.0,7.0,4.0,9,756.0,1.0,1.0,0.7,6.628041376179533
wb83a52c,Dessert,1.0,1.0,0.0,9,748.0,1.0,1.0,0.7,6.617402977974478
wb83a52c,Berries,2.0,2.0,2.0,9,638.0,1.0,1.0,0.7,6.45833828334479
wb83a52c,Water,3.0,3.0,0.0,9,2275.0,1.0,2.0,0.7,7.729735331385051
wb83a52c,Things With Wheels,2.0,2.0,1.0,9,5766.0,0.0,2.0,0.7,8.659733878198347
wf9d56e4,Wild Animals,4.0,4.0,3.0,15,3284.0,1.0,2.0,0.8666666666666667,8.096817470572319
wf9d56e4,Birds,3.0,3.0,3.0,15,3564.0,1.0,2.0,0.8666666666666667,8.1786387885907
wf9d56e4,Balls,3.0,3.0,2.0,15,1623.0,1.0,1.0,0.8666666666666667,7.392031567514591
wf9d56e4,Produce ,6.0,0.0,3.0,15,1963.0,0.0,2.0,0.8666666666666667,7.5822291942764615
wf9d56e4,Things In Bowls,4.0,4.0,2.0,15,2327.0,0.0,2.0,0.8666666666666667,7.752335163302292
wf9d56e4,Hands,2.0,2.0,0.0,15,3726.0,1.0,2.0,0.8666666666666667,8.223090551161533
wf9d56e4,Pets,2.0,2.0,2.0,15,280.0,1.0,1.0,0.8666666666666667,5.634789603169249
wf9d56e4,Sports Court,2.0,2.0,2.0,15,749.0,1.0,1.0,0.8666666666666667,6.618738983517219
wf9d56e4,Objects,7.0,20.0,5.0,15,1250.0,1.0,1.0,0.8666666666666667,7.1308988302963465
wf9d56e4,Things That Fly,4.0,4.0,3.0,15,1770.0,1.0,2.0,0.8666666666666667,7.478734825567875
wf9d56e4,Water,3.0,3.0,2.0,15,3125.0,1.0,2.0,0.8666666666666667,8.047189562170502
wf9d56e4,Grass,3.0,5.0,2.0,15,569.0,1.0,2.0,0.8666666666666667,6.343880434126331
wf9d56e4,Appliances,1.0,0.0,0.0,15,1235.0,1.0,2.0,0.8666666666666667,7.118826249062078
wf9d56e4,Beach,2.0,1.0,1.0,15,257.0,1.0,2.0,0.8666666666666667,5.54907608489522
wf9d56e4,Fruit,3.0,3.0,2.0,15,1025.0,1.0,1.0,0.8666666666666667,6.932447891572509
wf9d56e4,Animals,7.0,7.0,6.0,15,4379.0,1.0,2.0,0.8666666666666667,8.384575666801398
wf9d56e4,Mammals,3.0,3.0,3.0,15,2160.0,1.0,1.0,0.8666666666666667,7.67786350067821
wf9d56e4,Vehicles,3.0,3.0,3.0,15,697.0,1.0,1.0,0.8666666666666667,6.546785410760524
wf9d56e4,Things With Wheels,2.0,1.0,2.0,15,2527.0,1.0,1.0,0.8666666666666667,7.834788107388194
wf9d56e4,Indoor Scenes,9.0,9.0,7.0,15,1809.0,1.0,1.0,0.8666666666666667,7.500529485395295
wf9d56e4,Vegetables,3.0,3.0,1.0,15,1075.0,0.0,2.0,0.8666666666666667,6.980075940561763
wf9d56e4,Clouds,2.0,1.0,1.0,15,1483.0,0.0,1.0,0.8666666666666667,7.301822342137932
wf9d56e4,Foods,7.0,7.0,4.0,15,277.0,1.0,1.0,0.8666666666666667,5.6240175061873385
wf9d56e4,Sweet Foods,4.0,4.0,3.0,15,1008.0,1.0,1.0,0.8666666666666667,6.915723448631314
wf9d56e4,Leaves,6.0,0.0,4.0,15,463.0,1.0,2.0,0.8666666666666667,6.137727054086234
wf9d56e4,Berries,2.0,2.0,2.0,15,252.0,1.0,1.0,0.8666666666666667,5.529429087511423
wf9d56e4,Outdoor Scenes,12.0,12.0,8.0,15,642.0,1.0,2.0,0.8666666666666667,6.464588303689961
wf9d56e4,Sky,4.0,4.0,3.0,15,1180.0,0.0,1.0,0.8666666666666667,7.07326971745971
w00c391f,Birds,3.0,3.0,1.0,6,2122.0,0.0,1.0,0.7333333333333333,7.660114319173928
w00c391f,Insects,1.0,1.0,0.0,6,2764.0,0.0,1.0,0.7333333333333333,7.92443418488756
w00c391f,Things With Wheels,2.0,2.0,0.0,6,3216.0,0.0,2.0,0.7333333333333333,8.075893630298857
w00c391f,Clouds,2.0,1.0,0.0,6,2640.0,1.0,2.0,0.7333333333333333,7.878534196140362
w00c391f,Water,3.0,3.0,0.0,6,492.0,1.0,2.0,0.7333333333333333,6.198478716492308
w00c391f,Objects,7.0,6.0,3.0,6,2093.0,1.0,1.0,0.7333333333333333,7.646353722445999
w00c391f,Animals,7.0,7.0,2.0,6,2741.0,1.0,2.0,0.7333333333333333,7.916078096302786
w00c391f,Produce ,6.0,5.0,1.0,6,906.0,1.0,1.0,0.7333333333333333,6.80903930604298
w00c391f,Sky,4.0,1.0,0.0,6,1344.0,1.0,2.0,0.7333333333333333,7.203405521083095
w00c391f,Leaves,6.0,1.0,1.0,6,3090.0,0.0,1.0,0.7333333333333333,8.035926369891792
w00c391f,Foods,7.0,2.0,1.0,6,1386.0,0.0,2.0,0.7333333333333333,7.234177179749849
w00c391f,Outdoor Scenes,12.0,9.0,1.0,6,2300.0,0.0,1.0,0.7333333333333333,7.7406644019172415
w00c391f,Indoor Scenes,9.0,5.0,5.0,6,2605.0,1.0,1.0,0.7333333333333333,7.865187954187467
w00c391f,Berries,2.0,1.0,0.0,6,1265.0,0.0,2.0,0.7333333333333333,7.142827401161621
w00c391f,Things That Fly,4.0,7.0,1.0,6,1077.0,1.0,2.0,0.7333333333333333,6.981934677156389
w00c391f,Vehicles,3.0,1.0,0.0,6,2855.0,1.0,1.0,0.7333333333333333,7.956827122090111
w00c391f,Sweet Foods,4.0,3.0,0.0,6,2645.0,0.0,2.0,0.7333333333333333,7.8804263442924
w00c391f,Wild Animals,4.0,5.0,1.0,6,2161.0,1.0,2.0,0.7333333333333333,7.6783263565068856
w00c391f,Pets,2.0,2.0,1.0,6,1141.0,1.0,1.0,0.7333333333333333,7.039660349862076
w00c391f,Beach,2.0,2.0,0.0,6,706.0,1.0,2.0,0.7333333333333333,6.559615237493242
w00c391f,Fruit,3.0,2.0,0.0,6,539.0,0.0,2.0,0.7333333333333333,6.289715570908998
w00c391f,Balls,3.0,4.0,2.0,6,1618.0,1.0,1.0,0.7333333333333333,7.388946097618437
w00c391f,Dessert,1.0,1.0,0.0,6,722.0,0.0,2.0,0.7333333333333333,6.582025138892826
w00c391f,Mammals,3.0,3.0,1.0,6,1406.0,1.0,1.0,0.7333333333333333,7.2485040723706105
w00c391f,Grass,3.0,0.0,0.0,6,1461.0,0.0,1.0,0.7333333333333333,7.2868764117507
w00c391f,Appliances,1.0,1.0,1.0,6,2400.0,1.0,2.0,0.7333333333333333,7.783224016336037
w00c391f,Hands,2.0,1.0,0.0,6,1418.0,0.0,1.0,0.7333333333333333,7.257002707092073
w00c391f,Things In Bowls,4.0,3.0,1.0,6,1628.0,0.0,2.0,0.7333333333333333,7.395107546562485
w00c391f,Vegetables,3.0,2.0,1.0,6,2539.0,0.0,2.0,0.7333333333333333,7.839525581704678
w00c391f,Sports Court,2.0,2.0,2.0,6,2926.0,1.0,1.0,0.7333333333333333,7.98139158158007
wae73c1f,Sports Court,2.0,2.0,1.0,17,4759.0,0.0,2.0,0.7666666666666667,8.46779284112111
wae73c1f,Fruit,3.0,2.0,3.0,17,2078.0,1.0,1.0,0.7666666666666667,7.639161171659173
wae73c1f,Things That Fly,4.0,4.0,3.0,17,4340.0,1.0,2.0,0.7666666666666667,8.375629627094451
wae73c1f,Indoor Scenes,9.0,9.0,6.0,17,7207.0,0.0,2.0,0.7666666666666667,8.88280805492444
wae73c1f,Outdoor Scenes,12.0,11.0,11.0,17,6733.0,0.0,1.0,0.7666666666666667,8.814776088545281
wae73c1f,Foods,7.0,6.0,5.0,17,4105.0,1.0,1.0,0.7666666666666667,8.31996102188653
wae73c1f,Clouds,2.0,2.0,2.0,17,1507.0,1.0,2.0,0.7666666666666667,7.317876198626496
wae73c1f,Animals,7.0,7.0,7.0,17,1239.0,0.0,1.0,0.7666666666666667,7.122059881629142
wae73c1f,Objects,7.0,3.0,5.0,17,2681.0,0.0,2.0,0.7666666666666667,7.893945138235959
wae73c1f,Grass,3.0,1.0,2.0,17,2512.0,1.0,2.0,0.7666666666666667,7.828834527588089
wae73c1f,Beach,2.0,2.0,2.0,17,1881.0,0.0,1.0,0.7666666666666667,7.53955882930103
wae73c1f,Dessert,1.0,2.0,1.0,17,6681.0,1.0,1.0,0.7666666666666667,8.807022955925477
wae73c1f,Insects,1.0,1.0,1.0,17,2830.0,1.0,2.0,0.7666666666666667,7.948031990637284
wae73c1f,Balls,3.0,3.0,2.0,17,2326.0,1.0,1.0,0.7666666666666667,7.75190533307861
wae73c1f,Sweet Foods,4.0,4.0,4.0,17,3140.0,1.0,1.0,0.7666666666666667,8.0519780789023
wae73c1f,Vehicles,3.0,2.0,2.0,17,2691.0,1.0,1.0,0.7666666666666667,7.897668150726906
wae73c1f,Sky,4.0,3.0,4.0,17,6249.0,1.0,2.0,0.7666666666666667,8.740176729929082
wae73c1f,Birds,3.0,3.0,3.0,17,7066.0,1.0,2.0,0.7666666666666667,8.86304982791909
wae73c1f,Water,3.0,2.0,3.0,17,2945.0,0.0,1.0,0.7666666666666667,7.987864096085687
wae73c1f,Pets,2.0,2.0,2.0,17,5762.0,1.0,1.0,0.7666666666666667,8.659039915644474
wae73c1f,Things With Wheels,2.0,2.0,1.0,17,4216.0,0.0,2.0,0.7666666666666667,8.346642090221199
wae73c1f,Mammals,3.0,3.0,3.0,17,823.0,0.0,2.0,0.7666666666666667,6.71295620067707
wae73c1f,Produce ,6.0,6.0,4.0,17,3543.0,1.0,1.0,0.7666666666666667,8.172729104865471
wae73c1f,Vegetables,3.0,3.0,1.0,17,3117.0,1.0,1.0,0.7666666666666667,8.044626279767337
wae73c1f,Berries,2.0,2.0,2.0,17,2768.0,1.0,1.0,0.7666666666666667,7.92588031673756
wae73c1f,Leaves,6.0,3.0,6.0,17,3474.0,1.0,2.0,0.7666666666666667,8.153061946801051
wae73c1f,Hands,2.0,0.0,2.0,17,4360.0,1.0,2.0,0.7666666666666667,8.38022733634308
wae73c1f,Appliances,1.0,1.0,1.0,17,3053.0,1.0,2.0,0.7666666666666667,8.023879992734878
wbdee46f,Objects,7.0,11.0,5.0,11,5966.0,1.0,1.0,0.8333333333333334,8.693831965074693
wbdee46f,Balls,3.0,3.0,3.0,11,1218.0,0.0,2.0,0.8333333333333334,7.1049654482698426
wbdee46f,Hands,2.0,2.0,1.0,11,3775.0,1.0,2.0,0.8333333333333334,8.236155661683124
wbdee46f,Beach,2.0,2.0,1.0,11,767.0,1.0,2.0,0.8333333333333334,6.642486801367256
wbdee46f,Sports Court,2.0,2.0,2.0,11,1378.0,1.0,1.0,0.8333333333333334,7.228388451573604
wbdee46f,Vehicles,3.0,3.0,2.0,11,1023.0,1.0,1.0,0.8333333333333334,6.930494765951626
wbdee46f,Fruit,3.0,3.0,2.0,11,772.0,1.0,1.0,0.8333333333333334,6.648984550024776
wbdee46f,Animals,7.0,7.0,4.0,11,629.0,0.0,1.0,0.8333333333333334,6.444131256700441
wbdee46f,Pets,2.0,2.0,2.0,11,319.0,1.0,1.0,0.8333333333333334,5.765191102784844
wbdee46f,Foods,7.0,2.0,2.0,11,5449.0,1.0,1.0,0.8333333333333334,8.603187384583098
wbdee46f,Water,3.0,3.0,1.0,11,3496.0,1.0,2.0,0.8333333333333334,8.159374736775426
wbdee46f,Things In Bowls,4.0,4.0,2.0,11,1962.0,1.0,1.0,0.8333333333333334,7.581719640125308
wbdee46f,Produce ,6.0,4.0,2.0,11,3138.0,1.0,1.0,0.8333333333333334,8.051340933292979
wbdee46f,Birds,3.0,3.0,1.0,11,4334.0,1.0,2.0,0.8333333333333334,8.374246182096304
wbdee46f,Sweet Foods,4.0,3.0,2.0,11,372.0,1.0,1.0,0.8333333333333334,5.918893854273146
wbdee46f,Outdoor Scenes,12.0,8.0,5.0,11,3290.0,1.0,2.0,0.8333333333333334,8.098642843759418
wbdee46f,Mammals,3.0,3.0,2.0,11,565.0,1.0,1.0,0.8333333333333334,6.336825731146441
wbdee46f,Sky,4.0,3.0,3.0,11,3121.0,1.0,2.0,0.8333333333333334,8.045908742270779
wbdee46f,Vegetables,3.0,3.0,0.0,11,3862.0,1.0,1.0,0.8333333333333334,8.258940462988459
wbdee46f,Things With Wheels,2.0,1.0,2.0,11,1100.0,1.0,1.0,0.8333333333333334,7.003065458786462
wbdee46f,Insects,1.0,1.0,1.0,11,1358.0,1.0,2.0,0.8333333333333334,7.213768308118642
wbdee46f,Berries,2.0,2.0,2.0,11,1967.0,1.0,1.0,0.8333333333333334,7.584264818389059
wbdee46f,Wild Animals,4.0,1.0,2.0,11,3627.0,1.0,2.0,0.8333333333333334,8.196161139282902
wbdee46f,Indoor Scenes,9.0,8.0,6.0,11,1868.0,1.0,1.0,0.8333333333333334,7.532623618788788
wbdee46f,Appliances,1.0,1.0,0.0,11,3904.0,1.0,2.0,0.8333333333333334,8.269756947532983
wbdee46f,Dessert,1.0,3.0,0.0,11,2001.0,1.0,1.0,0.8333333333333334,7.601402334583733
wbdee46f,Things That Fly,4.0,4.0,3.0,11,1844.0,1.0,2.0,0.8333333333333334,7.519692404116539
wbdee46f,Clouds,2.0,2.0,1.0,11,4215.0,1.0,2.0,0.8333333333333334,8.346404870435956
wbdee46f,Leaves,6.0,6.0,4.0,11,962.0,1.0,2.0,0.8333333333333334,6.8690144506657065
wd1558cc,Vegetables,3.0,2.0,0.0,3,1037.0,1.0,1.0,1.0,6.9440872082295275
wd1558cc,Balls,3.0,3.0,2.0,3,1211.0,1.0,1.0,1.0,7.099201743553092
wd1558cc,Things With Wheels,2.0,2.0,0.0,3,1141.0,1.0,1.0,1.0,7.039660349862076
wd1558cc,Leaves,6.0,4.0,0.0,3,1864.0,0.0,1.0,1.0,7.530479995245536
wd1558cc,Clouds,2.0,0.0,1.0,3,1554.0,0.0,1.0,1.0,7.348587530927593
wd1558cc,Objects,7.0,2.0,2.0,3,2445.0,0.0,2.0,1.0,7.801800401908973
wd1558cc,Animals,7.0,7.0,1.0,3,1317.0,1.0,2.0,1.0,7.183111701743281
wd1558cc,Sports Court,2.0,2.0,1.0,3,1711.0,1.0,1.0,1.0,7.444833273892193
wd1558cc,Dessert,1.0,1.0,0.0,3,375.0,1.0,1.0,1.0,5.926926025970411
wd1558cc,Water,3.0,3.0,1.0,3,2367.0,0.0,1.0,1.0,7.769378609513984
wd1558cc,Grass,3.0,2.0,0.0,3,5841.0,1.0,2.0,1.0,8.67265729404031
wd1558cc,Insects,1.0,0.0,0.0,3,1763.0,1.0,2.0,1.0,7.47477218239787
wd1558cc,Things That Fly,4.0,3.0,0.0,3,2670.0,1.0,2.0,1.0,7.8898337513942955
wd1558cc,Beach,2.0,1.0,1.0,3,781.0,0.0,1.0,1.0,6.660575149839686
wd1558cc,Pets,2.0,2.0,1.0,3,3801.0,1.0,1.0,1.0,8.24301946898925
wd1558cc,Outdoor Scenes,12.0,9.0,1.0,3,1019.0,0.0,1.0,1.0,6.926577033222725
wd1558cc,Fruit,3.0,0.0,0.0,3,476.0,1.0,1.0,1.0,6.16541785423142
wd1558cc,Sky,4.0,3.0,1.0,3,1793.0,0.0,1.0,1.0,7.491645473605133
wd1558cc,Mammals,3.0,3.0,1.0,3,2137.0,0.0,2.0,1.0,7.667158255319148
wd1558cc,Foods,7.0,2.0,0.0,3,671.0,1.0,1.0,1.0,6.508769136971682
wd1558cc,Hands,2.0,4.0,0.0,3,3104.0,0.0,1.0,1.0,8.04044688130311
wd1558cc,Indoor Scenes,9.0,8.0,2.0,3,2778.0,1.0,1.0,1.0,7.9294865233142895
wd1558cc,Things In Bowls,4.0,3.0,0.0,3,1551.0,1.0,1.0,1.0,7.346655163176539
wd1558cc,Produce ,6.0,4.0,0.0,3,672.0,1.0,1.0,1.0,6.51025834052315
wd1558cc,Sweet Foods,4.0,3.0,0.0,3,539.0,1.0,1.0,1.0,6.289715570908998
wd1558cc,Vehicles,3.0,2.0,0.0,3,1381.0,1.0,1.0,1.0,7.2305631534092925
wd1558cc,Wild Animals,4.0,4.0,0.0,3,2525.0,1.0,2.0,1.0,7.83399634170946
wd1558cc,Birds,3.0,3.0,0.0,3,739.0,1.0,2.0,1.0,6.6052979209482015
wd1558cc,Appliances,1.0,1.0,0.0,3,2980.0,1.0,2.0,1.0,7.9996785794994505
wd1558cc,Berries,2.0,2.0,0.0,3,342.0,1.0,1.0,1.0,5.834810737062605
w0cf8802,Sky,4.0,2.0,2.0,8,3474.0,0.0,1.0,0.6666666666666666,8.153061946801051
w0cf8802,Foods,7.0,1.0,2.0,8,3795.0,0.0,2.0,0.6666666666666666,8.24143968982973
w0cf8802,Objects,7.0,9.0,3.0,8,3457.0,1.0,1.0,0.6666666666666666,8.148156439921625
w0cf8802,Things In Bowls,4.0,1.0,2.0,8,790.0,0.0,2.0,0.6666666666666666,6.672032945461067
w0cf8802,Leaves,6.0,7.0,2.0,8,1391.0,1.0,2.0,0.6666666666666666,7.237778191923443
w0cf8802,Water,3.0,3.0,0.0,8,3030.0,1.0,2.0,0.6666666666666666,8.016317898503415
w0cf8802,Birds,3.0,2.0,0.0,8,677.0,0.0,1.0,0.6666666666666666,6.517671272912275
w0cf8802,Hands,2.0,1.0,0.0,8,2313.0,1.0,2.0,0.6666666666666666,7.746300662231439
w0cf8802,Insects,1.0,1.0,0.0,8,2022.0,1.0,2.0,0.6666666666666666,7.611842399580417
w0cf8802,Beach,2.0,1.0,0.0,8,2164.0,1.0,2.0,0.6666666666666666,7.679713639966372
w0cf8802,Appliances,1.0,1.0,0.0,8,3996.0,0.0,1.0,0.6666666666666666,8.293049139768444
w0cf8802,Things With Wheels,2.0,2.0,2.0,8,1774.0,1.0,1.0,0.6666666666666666,7.480992162869525
w0cf8802,Balls,3.0,3.0,1.0,8,1124.0,1.0,1.0,0.6666666666666666,7.024649030453636
w0cf8802,Vegetables,3.0,3.0,0.0,8,637.0,0.0,2.0,0.6666666666666666,6.456769655572163
w0cf8802,Vehicles,3.0,3.0,2.0,8,45.0,1.0,1.0,0.6666666666666666,3.8066624897703196
w0cf8802,Animals,7.0,6.0,3.0,8,2069.0,1.0,2.0,0.6666666666666666,7.634820677745543
w0cf8802,Grass,3.0,2.0,2.0,8,533.0,1.0,2.0,0.6666666666666666,6.278521424165844
w0cf8802,Fruit,3.0,3.0,2.0,8,1135.0,1.0,1.0,0.6666666666666666,7.034387929915503
w0cf8802,Outdoor Scenes,12.0,12.0,3.0,8,271.0,0.0,1.0,0.6666666666666666,5.602118820879701
w0cf8802,Things That Fly,4.0,4.0,1.0,8,2296.0,1.0,2.0,0.6666666666666666,7.738923757439457
w0cf8802,Sweet Foods,4.0,4.0,2.0,8,611.0,1.0,1.0,0.6666666666666666,6.415096959171596
w0cf8802,Sports Court,2.0,2.0,1.0,8,357.0,0.0,2.0,0.6666666666666666,5.877735781779639
w0cf8802,Indoor Scenes,9.0,8.0,5.0,8,2422.0,1.0,1.0,0.6666666666666666,7.792348924113037
w0cf8802,Wild Animals,4.0,4.0,0.0,8,4884.0,0.0,1.0,0.6666666666666666,8.493719835230594
w0cf8802,Mammals,3.0,3.0,3.0,8,3862.0,1.0,1.0,0.6666666666666666,8.258940462988459
w0cf8802,Pets,2.0,2.0,2.0,8,1386.0,0.0,2.0,0.6666666666666666,7.234177179749849
w0cf8802,Berries,2.0,2.0,2.0,8,1923.0,0.0,2.0,0.6666666666666666,7.56164174558878
w0cf8802,Dessert,1.0,1.0,0.0,8,952.0,1.0,1.0,0.6666666666666666,6.858565034791365
w0cf8802,Clouds,2.0,1.0,1.0,8,461.0,0.0,1.0,0.6666666666666666,6.133398042996649
w31b7dbe,Beach,2.0,3.0,1.0,9,3947.0,1.0,2.0,0.7,8.280711075662847
w31b7dbe,Grass,3.0,2.0,1.0,9,5882.0,1.0,2.0,0.7,8.67965211911394
w31b7dbe,Indoor Scenes,9.0,4.0,6.0,9,3273.0,1.0,1.0,0.7,8.09346227450118
w31b7dbe,Wild Animals,4.0,4.0,1.0,9,2758.0,1.0,2.0,0.7,7.922261058353247
w31b7dbe,Outdoor Scenes,12.0,7.0,3.0,9,2760.0,0.0,1.0,0.7,7.9229859587111955
w31b7dbe,Mammals,3.0,1.0,2.0,9,2698.0,0.0,2.0,0.7,7.900266036767701
w31b7dbe,Water,3.0,3.0,1.0,9,4585.0,1.0,2.0,0.7,8.430545384690566
w31b7dbe,Vegetables,3.0,3.0,1.0,9,2154.0,0.0,2.0,0.7,7.675081857716334
w31b7dbe,Animals,7.0,3.0,3.0,9,1934.0,0.0,1.0,0.7,7.56734567601324
w31b7dbe,Insects,1.0,0.0,0.0,9,5250.0,0.0,1.0,0.7,8.565983355585669
w31b7dbe,Leaves,6.0,4.0,2.0,9,920.0,0.0,1.0,0.7,6.824373670043086
w31b7dbe,Dessert,1.0,1.0,0.0,9,5713.0,1.0,1.0,0.7,8.650499558724462
w31b7dbe,Fruit,3.0,2.0,1.0,9,2173.0,1.0,1.0,0.7,7.6838639802564295
w31b7dbe,Pets,2.0,2.0,2.0,9,1243.0,1.0,1.0,0.7,7.1252830915107115
w31b7dbe,Sky,4.0,0.0,3.0,9,4799.0,0.0,1.0,0.7,8.476162841858246
w31b7dbe,Sweet Foods,4.0,0.0,1.0,9,6324.0,0.0,2.0,0.7,8.752107198329362
w31b7dbe,Things That Fly,4.0,5.0,2.0,9,3348.0,1.0,2.0,0.7,8.116118431609365
w31b7dbe,Produce ,6.0,1.0,2.0,9,6249.0,1.0,1.0,0.7,8.740176729929082
w31b7dbe,Appliances,1.0,1.0,0.0,9,3767.0,0.0,1.0,0.7,8.23403420769204
w31b7dbe,Objects,7.0,0.0,4.0,9,5003.0,1.0,1.0,0.7,8.517793011488205
w31b7dbe,Clouds,2.0,1.0,1.0,9,3431.0,0.0,1.0,0.7,8.14060704285845
w31b7dbe,Vehicles,3.0,1.0,2.0,9,1677.0,1.0,1.0,0.7,7.424761761823209
w31b7dbe,Berries,2.0,2.0,1.0,9,1510.0,1.0,1.0,0.7,7.31986492980897
w31b7dbe,Things In Bowls,4.0,3.0,2.0,9,2470.0,0.0,2.0,0.7,7.8119734296220225
w31b7dbe,Balls,3.0,3.0,2.0,9,1335.0,0.0,2.0,0.7,7.19668657083435
w31b7dbe,Sports Court,2.0,2.0,1.0,9,6342.0,0.0,2.0,0.7,8.754949455098293
w31b7dbe,Things With Wheels,2.0,1.0,2.0,9,4663.0,1.0,1.0,0.7,8.44741429680832
w31b7dbe,Foods,7.0,0.0,2.0,9,5980.0,0.0,2.0,0.7,8.696175846944678
w31b7dbe,Birds,3.0,4.0,1.0,9,2161.0,1.0,2.0,0.7,7.6783263565068856
w31b7dbe,Hands,2.0,0.0,0.0,9,4408.0,0.0,1.0,0.7,8.391176350832751
w1efb25c,Balls,3.0,3.0,1.0,12,4062.0,1.0,1.0,0.8666666666666667,8.30943074214033
w1efb25c,Water,3.0,3.0,2.0,12,5871.0,0.0,1.0,0.8666666666666667,8.677780256064185
w1efb25c,Indoor Scenes,9.0,7.0,6.0,12,1884.0,0.0,2.0,0.8666666666666667,7.5411524551363085
w1efb25c,Grass,3.0,2.0,1.0,12,4165.0,1.0,2.0,0.8666666666666667,8.334471554600944
w1efb25c,Sports Court,2.0,2.0,0.0,12,1747.0,1.0,1.0,0.8666666666666667,7.465655310134056
w1efb25c,Fruit,3.0,3.0,2.0,12,1307.0,1.0,1.0,0.8666666666666667,7.175489713624222
w1efb25c,Sweet Foods,4.0,4.0,3.0,12,1392.0,1.0,1.0,0.8666666666666667,7.238496840894365
w1efb25c,Vehicles,3.0,2.0,1.0,12,1817.0,1.0,1.0,0.8666666666666667,7.504942068396171
w1efb25c,Mammals,3.0,0.0,3.0,12,4959.0,1.0,1.0,0.8666666666666667,8.508959386489133
w1efb25c,Clouds,2.0,2.0,2.0,12,5214.0,1.0,2.0,0.8666666666666667,8.559102594493448
w1efb25c,Objects,7.0,8.0,2.0,12,2569.0,1.0,1.0,0.8666666666666667,7.851271997109883
w1efb25c,Things In Bowls,4.0,4.0,3.0,12,4616.0,1.0,1.0,0.8666666666666667,8.437283808187935
w1efb25c,Leaves,6.0,4.0,2.0,12,3457.0,0.0,1.0,0.8666666666666667,8.148156439921625
w1efb25c,Things With Wheels,2.0,2.0,1.0,12,2929.0,1.0,1.0,0.8666666666666667,7.982416346827733
w1efb25c,Things That Fly,4.0,4.0,2.0,12,2048.0,0.0,1.0,0.8666666666666667,7.6246189861593985
w1efb25c,Appliances,1.0,1.0,0.0,12,5032.0,0.0,1.0,0.8666666666666667,8.523572798380277
w1efb25c,Berries,2.0,2.0,2.0,12,1543.0,1.0,1.0,0.8666666666666667,7.341483852363161
w1efb25c,Sky,4.0,3.0,2.0,12,2861.0,0.0,1.0,0.8666666666666667,7.95892649305011
w1efb25c,Beach,2.0,2.0,2.0,12,3488.0,1.0,2.0,0.8666666666666667,8.15708378502887
w1efb25c,Vegetables,3.0,3.0,2.0,12,950.0,1.0,1.0,0.8666666666666667,6.856461984594587
w1efb25c,Wild Animals,4.0,4.0,2.0,12,2639.0,1.0,2.0,0.8666666666666667,7.878155336503324
w1efb25c,Dessert,1.0,4.0,1.0,12,387.0,1.0,1.0,0.8666666666666667,5.958424693029782
w1efb25c,Foods,7.0,7.0,5.0,12,1091.0,1.0,1.0,0.8666666666666667,6.994849985833071
w1efb25c,Animals,7.0,7.0,5.0,12,3279.0,1.0,2.0,0.8666666666666667,8.095293776844649
w1efb25c,Hands,2.0,1.0,1.0,12,4259.0,1.0,2.0,0.8666666666666667,8.356789669923213
w1efb25c,Produce ,6.0,5.0,4.0,12,2998.0,1.0,1.0,0.8666666666666667,8.005700678662542
w1efb25c,Insects,1.0,1.0,1.0,12,1251.0,1.0,2.0,0.8666666666666667,7.1316985104669115
w1efb25c,Pets,2.0,2.0,2.0,12,735.0,1.0,1.0,0.8666666666666667,6.5998704992128365
w1efb25c,Outdoor Scenes,12.0,11.0,6.0,12,3796.0,1.0,2.0,0.8666666666666667,8.241703159729818
w1efb25c,Birds,3.0,3.0,1.0,12,2058.0,1.0,2.0,0.8666666666666667,7.629489916393995
w017e3cd,Birds,3.0,1.0,2.0,15,2186.0,1.0,2.0,0.7333333333333333,7.689828668736484
w017e3cd,Hands,2.0,2.0,2.0,15,6494.0,0.0,1.0,0.7333333333333333,8.77863395266279
w017e3cd,Leaves,6.0,5.0,5.0,15,1334.0,1.0,2.0,0.7333333333333333,7.195937226475569
w017e3cd,Sky,4.0,3.0,1.0,15,7279.0,1.0,2.0,0.7333333333333333,8.892748769118258
w017e3cd,Sports Court,2.0,2.0,2.0,15,4335.0,1.0,1.0,0.7333333333333333,8.374476889214643
w017e3cd,Dessert,1.0,1.0,0.0,15,1744.0,1.0,1.0,0.7333333333333333,7.463936604468925
w017e3cd,Appliances,1.0,1.0,1.0,15,1604.0,0.0,1.0,0.7333333333333333,7.38025578842646
w017e3cd,Beach,2.0,2.0,1.0,15,5527.0,1.0,2.0,0.7333333333333333,8.617400451833262
w017e3cd,Sweet Foods,4.0,3.0,3.0,15,3366.0,1.0,1.0,0.7333333333333333,8.121480374750751
w017e3cd,Wild Animals,4.0,3.0,3.0,15,3337.0,1.0,2.0,0.7333333333333333,8.112827478751374
w017e3cd,Things In Bowls,4.0,4.0,3.0,15,876.0,1.0,1.0,0.7333333333333333,6.775366090936392
w017e3cd,Insects,1.0,1.0,1.0,15,3633.0,1.0,2.0,0.7333333333333333,8.197814032221203
w017e3cd,Vehicles,3.0,3.0,2.0,15,2003.0,1.0,1.0,0.7333333333333333,7.602401335665818
w017e3cd,Objects,7.0,11.0,5.0,15,2085.0,1.0,1.0,0.7333333333333333,7.642524134232902
w017e3cd,Outdoor Scenes,12.0,10.0,9.0,15,2977.0,1.0,2.0,0.7333333333333333,7.998671361015776
w017e3cd,Foods,7.0,5.0,5.0,15,1694.0,1.0,1.0,0.7333333333333333,7.434847875211999
w017e3cd,Things That Fly,4.0,6.0,2.0,15,1746.0,1.0,2.0,0.7333333333333333,7.465082736399547
w017e3cd,Pets,2.0,2.0,2.0,15,4678.0,1.0,1.0,0.7333333333333333,8.450625947144124
w017e3cd,Indoor Scenes,9.0,8.0,6.0,15,4726.0,1.0,1.0,0.7333333333333333,8.460834457746854
w017e3cd,Water,3.0,3.0,2.0,15,4002.0,1.0,2.0,0.7333333333333333,8.294549515143679
w017e3cd,Grass,3.0,2.0,2.0,15,5095.0,1.0,2.0,0.7333333333333333,8.536014945656826
w017e3cd,Fruit,3.0,5.0,3.0,15,1186.0,1.0,1.0,0.7333333333333333,7.078341579557671
w017e3cd,Berries,2.0,2.0,2.0,15,663.0,1.0,1.0,0.7333333333333333,6.4967749901858625
w017e3cd,Animals,7.0,7.0,5.0,15,4556.0,1.0,2.0,0.7333333333333333,8.424200324567073
w017e3cd,Produce ,6.0,6.0,5.0,15,2551.0,1.0,1.0,0.7333333333333333,7.844240718141811
w017e3cd,Things With Wheels,2.0,2.0,1.0,15,3004.0,1.0,1.0,0.7333333333333333,8.007700012884026
w017e3cd,Mammals,3.0,3.0,2.0,15,4431.0,1.0,1.0,0.7333333333333333,8.39638057119949
w017e3cd,Vegetables,3.0,3.0,2.0,15,3361.0,1.0,1.0,0.7333333333333333,8.119993827725105
w017e3cd,Balls,3.0,3.0,2.0,15,1267.0,1.0,1.0,0.7333333333333333,7.144407180321139
w865d6ad,Produce ,6.0,0.0,5.0,15,5205.0,0.0,2.0,0.9333333333333333,8.557374981049069
w865d6ad,Water,3.0,0.0,1.0,15,793.0,1.0,2.0,0.9333333333333333,6.675823221634848
w865d6ad,Foods,7.0,7.0,6.0,15,1754.0,1.0,1.0,0.9333333333333333,7.469654172932128
w865d6ad,Appliances,1.0,2.0,1.0,15,3552.0,0.0,1.0,0.9333333333333333,8.17526610411206
w865d6ad,Indoor Scenes,9.0,9.0,8.0,15,3494.0,0.0,2.0,0.9333333333333333,8.158802490694002
w865d6ad,Beach,2.0,1.0,1.0,15,643.0,1.0,2.0,0.9333333333333333,6.466144724237619
w865d6ad,Wild Animals,4.0,4.0,2.0,15,533.0,1.0,2.0,0.9333333333333333,6.278521424165844
w865d6ad,Things That Fly,4.0,5.0,2.0,15,1422.0,1.0,2.0,0.9333333333333333,7.259819610363186
w865d6ad,Clouds,2.0,0.0,1.0,15,96.0,1.0,2.0,0.9333333333333333,4.564348191467836
w865d6ad,Objects,7.0,17.0,4.0,15,2225.0,0.0,2.0,0.9333333333333333,7.707512194600341
w865d6ad,Outdoor Scenes,12.0,11.0,7.0,15,2526.0,1.0,2.0,0.9333333333333333,7.8343923029104365
w865d6ad,Vegetables,3.0,3.0,2.0,15,5426.0,1.0,1.0,0.9333333333333333,8.598957493218878
w865d6ad,Fruit,3.0,3.0,3.0,15,479.0,1.0,1.0,0.9333333333333333,6.171700597410915
w865d6ad,Hands,2.0,0.0,1.0,15,568.0,1.0,2.0,0.9333333333333333,6.342121418721152
w865d6ad,Pets,2.0,2.0,2.0,15,160.0,1.0,1.0,0.9333333333333333,5.075173815233827
w865d6ad,Things In Bowls,4.0,1.0,3.0,15,1387.0,1.0,1.0,0.9333333333333333,7.234898420314831
w865d6ad,Sky,4.0,0.0,2.0,15,896.0,1.0,2.0,0.9333333333333333,6.79794041297493
w865d6ad,Balls,3.0,3.0,1.0,15,3134.0,0.0,2.0,0.9333333333333333,8.050065422915965
w865d6ad,Animals,7.0,6.0,5.0,15,545.0,1.0,2.0,0.9333333333333333,6.300785794663244
w865d6ad,Insects,1.0,1.0,0.0,15,539.0,1.0,2.0,0.9333333333333333,6.289715570908998
w865d6ad,Vehicles,3.0,3.0,2.0,15,1190.0,1.0,1.0,0.9333333333333333,7.081708586105575
w865d6ad,Dessert,1.0,1.0,1.0,15,749.0,1.0,1.0,0.9333333333333333,6.618738983517219
w865d6ad,Mammals,3.0,3.0,3.0,15,3615.0,1.0,1.0,0.9333333333333333,8.192847134592865
w865d6ad,Sweet Foods,4.0,4.0,4.0,15,2049.0,1.0,1.0,0.9333333333333333,7.6251071482389
w865d6ad,Berries,2.0,2.0,2.0,15,3928.0,1.0,1.0,0.9333333333333333,8.275885669474356
w865d6ad,Grass,3.0,1.0,2.0,15,732.0,1.0,2.0,0.9333333333333333,6.595780513961311
w865d6ad,Leaves,6.0,0.0,4.0,15,427.0,1.0,2.0,0.9333333333333333,6.056784013228625
w865d6ad,Things With Wheels,2.0,3.0,2.0,15,1582.0,1.0,1.0,0.9333333333333333,7.366445148327599
w865d6ad,Sports Court,2.0,2.0,1.0,15,3661.0,1.0,1.0,0.9333333333333333,8.205491613120236
w865d6ad,Birds,3.0,2.0,2.0,15,585.0,1.0,2.0,0.9333333333333333,6.371611847231857
w4810e3e,Sweet Foods,4.0,1.0,3.0,17,5593.0,1.0,1.0,0.8666666666666667,8.629271094821588
w4810e3e,Berries,2.0,2.0,2.0,17,6588.0,1.0,1.0,0.8666666666666667,8.79300509129753
w4810e3e,Things That Fly,4.0,4.0,4.0,17,6628.0,1.0,2.0,0.8666666666666667,8.799058378546453
w4810e3e,Vehicles,3.0,2.0,2.0,17,3704.0,1.0,1.0,0.8666666666666667,8.21716859576607
w4810e3e,Foods,7.0,7.0,4.0,17,3306.0,1.0,1.0,0.8666666666666667,8.10349427838097
w4810e3e,Wild Animals,4.0,3.0,4.0,17,1809.0,1.0,2.0,0.8666666666666667,7.500529485395295
w4810e3e,Objects,7.0,13.0,6.0,17,3948.0,1.0,1.0,0.8666666666666667,8.280964400553373
w4810e3e,Birds,3.0,3.0,3.0,17,1313.0,1.0,2.0,0.8666666666666667,7.180069874302796
w4810e3e,Pets,2.0,2.0,2.0,17,6457.0,1.0,1.0,0.8666666666666667,8.772920092626467
w4810e3e,Balls,3.0,1.0,3.0,17,1897.0,1.0,1.0,0.8666666666666667,7.5480289699350145
w4810e3e,Fruit,3.0,2.0,2.0,17,3159.0,1.0,1.0,0.8666666666666667,8.058010800802085
w4810e3e,Dessert,1.0,1.0,1.0,17,2362.0,1.0,1.0,0.8666666666666667,7.767263996757308
w4810e3e,Hands,2.0,1.0,1.0,17,4704.0,1.0,2.0,0.8666666666666667,8.456168489578463
w4810e3e,Appliances,1.0,1.0,1.0,17,2644.0,1.0,2.0,0.8666666666666667,7.880048200971577
w4810e3e,Insects,1.0,1.0,1.0,17,2215.0,1.0,2.0,0.8666666666666667,7.703007682479236
w4810e3e,Things In Bowls,4.0,4.0,2.0,17,3724.0,1.0,1.0,0.8666666666666667,8.222553638396958
w4810e3e,Sports Court,2.0,2.0,2.0,17,4159.0,0.0,2.0,0.8666666666666667,8.33302993974291
w4810e3e,Animals,7.0,5.0,7.0,17,3896.0,0.0,1.0,0.8666666666666667,8.267705664762426
w4810e3e,Sky,4.0,4.0,3.0,17,5912.0,0.0,1.0,0.8666666666666667,8.684739462628038
w4810e3e,Produce ,6.0,6.0,3.0,17,2947.0,1.0,1.0,0.8666666666666667,7.988542982737695
w4810e3e,Clouds,2.0,2.0,2.0,17,1653.0,0.0,1.0,0.8666666666666667,7.410347097821024
w4810e3e,Vegetables,3.0,3.0,1.0,17,2338.0,0.0,2.0,0.8666666666666667,7.757051142032013
w4810e3e,Things With Wheels,2.0,2.0,1.0,17,1349.0,1.0,1.0,0.8666666666666667,7.207118856207756
w4810e3e,Outdoor Scenes,12.0,12.0,9.0,17,1377.0,0.0,1.0,0.8666666666666667,7.227662498728654
w4810e3e,Leaves,6.0,5.0,4.0,17,2790.0,1.0,2.0,0.8666666666666667,7.933796874815411
w4810e3e,Mammals,3.0,4.0,3.0,17,3759.0,1.0,1.0,0.8666666666666667,8.231908243564177
w4810e3e,Indoor Scenes,9.0,9.0,8.0,17,5292.0,0.0,2.0,0.8666666666666667,8.573951525234847
w4810e3e,Grass,3.0,4.0,1.0,17,3943.0,1.0,2.0,0.8666666666666667,8.279697133877628
w4810e3e,Beach,2.0,2.0,2.0,17,1979.0,0.0,1.0,0.8666666666666667,7.590346945602565
w161eef2,Wild Animals,4.0,3.0,0.0,6,3909.0,0.0,1.0,0.9,8.271036865792954
w161eef2,Indoor Scenes,9.0,3.0,3.0,6,446.0,0.0,2.0,0.9,6.100318952020064
w161eef2,Foods,7.0,5.0,1.0,6,893.0,0.0,2.0,0.9,6.794586580876499
w161eef2,Vegetables,3.0,4.0,0.0,6,558.0,1.0,1.0,0.9,6.324358962381311
w161eef2,Dessert,1.0,1.0,0.0,6,2029.0,1.0,1.0,0.9,7.615298339825815
w161eef2,Grass,3.0,1.0,2.0,6,2554.0,0.0,1.0,0.9,7.845416036592485
w161eef2,Outdoor Scenes,12.0,7.0,3.0,6,1306.0,1.0,2.0,0.9,7.174724309836376
w161eef2,Sports Court,2.0,2.0,2.0,6,2372.0,1.0,1.0,0.9,7.771488760117616
w161eef2,Beach,2.0,1.0,0.0,6,1911.0,0.0,1.0,0.9,7.555381944240273
w161eef2,Vehicles,3.0,1.0,1.0,6,1778.0,0.0,2.0,0.9,7.48324441607385
w161eef2,Balls,3.0,3.0,2.0,6,1672.0,0.0,2.0,0.9,7.421775793644647
w161eef2,Sky,4.0,2.0,2.0,6,335.0,0.0,1.0,0.9,5.814130531825066
w161eef2,Mammals,3.0,3.0,2.0,6,913.0,1.0,1.0,0.9,6.816735880594968
w161eef2,Insects,1.0,1.0,0.0,6,1219.0,0.0,1.0,0.9,7.105786129481271
w161eef2,Clouds,2.0,1.0,1.0,6,1821.0,1.0,2.0,0.9,7.507141079727608
w161eef2,Things With Wheels,2.0,2.0,1.0,6,2452.0,1.0,1.0,0.9,7.804659297056102
w161eef2,Things That Fly,4.0,5.0,0.0,6,964.0,0.0,1.0,0.9,6.871091294610546
w161eef2,Berries,2.0,2.0,1.0,6,676.0,1.0,1.0,0.9,6.516193076042964
w161eef2,Sweet Foods,4.0,3.0,1.0,6,1595.0,0.0,2.0,0.9,7.374629015218945
w161eef2,Produce ,6.0,6.0,1.0,6,1891.0,1.0,1.0,0.9,7.544861068658458
w161eef2,Animals,7.0,3.0,2.0,6,1496.0,1.0,2.0,0.9,7.310550158534422
w161eef2,Objects,7.0,8.0,3.0,6,1024.0,0.0,2.0,0.9,6.931471805599453
w161eef2,Leaves,6.0,2.0,2.0,6,4101.0,1.0,2.0,0.9,8.31898612539206
w161eef2,Things In Bowls,4.0,4.0,1.0,6,616.0,1.0,1.0,0.9,6.423246963533519
w161eef2,Water,3.0,2.0,0.0,6,1567.0,1.0,2.0,0.9,7.356918242356021
w161eef2,Birds,3.0,3.0,0.0,6,2639.0,1.0,2.0,0.9,7.878155336503324
w161eef2,Appliances,1.0,1.0,0.0,6,2252.0,1.0,2.0,0.9,7.719573989259581
w161eef2,Fruit,3.0,3.0,1.0,6,386.0,1.0,1.0,0.9,5.955837369464831
w161eef2,Hands,2.0,0.0,0.0,6,989.0,1.0,2.0,0.9,6.8966943316227125
w161eef2,Pets,2.0,2.0,1.0,6,900.0,1.0,1.0,0.9,6.802394763324311
wd9e76e4,Indoor Scenes,9.0,8.0,9.0,13,6039.0,1.0,1.0,0.8666666666666667,8.705993714307901
wd9e76e4,Outdoor Scenes,12.0,11.0,4.0,13,6719.0,0.0,1.0,0.8666666666666667,8.81269461292015
wd9e76e4,Animals,7.0,6.0,5.0,13,949.0,1.0,2.0,0.8666666666666667,6.855408798609928
wd9e76e4,Objects,7.0,6.0,4.0,13,4549.0,1.0,1.0,0.8666666666666667,8.422662707570003
wd9e76e4,Birds,3.0,4.0,2.0,13,872.0,1.0,2.0,0.8666666666666667,6.77078942390898
wd9e76e4,Foods,7.0,6.0,4.0,13,1667.0,0.0,2.0,0.8666666666666667,7.418780882750794
wd9e76e4,Insects,1.0,2.0,0.0,13,1317.0,1.0,2.0,0.8666666666666667,7.183111701743281
wd9e76e4,Mammals,3.0,7.0,3.0,13,2966.0,0.0,2.0,0.8666666666666667,7.994969522697877
wd9e76e4,Balls,3.0,2.0,2.0,13,618.0,1.0,1.0,0.8666666666666667,6.42648845745769
wd9e76e4,Vegetables,3.0,3.0,1.0,13,1806.0,1.0,1.0,0.8666666666666667,7.498869733976931
wd9e76e4,Vehicles,3.0,1.0,1.0,13,1393.0,1.0,1.0,0.8666666666666667,7.239214973779806
wd9e76e4,Fruit,3.0,4.0,2.0,13,1668.0,1.0,1.0,0.8666666666666667,7.419380582918692
wd9e76e4,Dessert,1.0,2.0,1.0,13,1167.0,1.0,1.0,0.8666666666666667,7.062191632286556
wd9e76e4,Things In Bowls,4.0,4.0,3.0,13,2742.0,0.0,2.0,0.8666666666666667,7.91644286012226
wd9e76e4,Appliances,1.0,2.0,1.0,13,1506.0,1.0,2.0,0.8666666666666667,7.317212408359839
wd9e76e4,Things That Fly,4.0,5.0,2.0,13,2092.0,0.0,1.0,0.8666666666666667,7.645875825184813
wd9e76e4,Pets,2.0,3.0,2.0,13,2934.0,0.0,2.0,0.8666666666666667,7.984121958702927
wd9e76e4,Things With Wheels,2.0,3.0,1.0,13,1413.0,1.0,1.0,0.8666666666666667,7.253470382684528
wd9e76e4,Hands,2.0,2.0,0.0,13,1678.0,1.0,2.0,0.8666666666666667,7.425357887027151
wd9e76e4,Berries,2.0,1.0,2.0,13,934.0,1.0,1.0,0.8666666666666667,6.839476438228843
wd9e76e4,Water,3.0,4.0,1.0,13,2051.0,0.0,1.0,0.8666666666666667,7.62608275807238
wd9e76e4,Wild Animals,4.0,4.0,2.0,13,2881.0,1.0,2.0,0.8666666666666667,7.9658927350845286
wd9e76e4,Leaves,6.0,6.0,2.0,13,1412.0,1.0,2.0,0.8666666666666667,7.252762418053187
wd9e76e4,Grass,3.0,3.0,1.0,13,2708.0,1.0,2.0,0.8666666666666667,7.903965634032166
wd9e76e4,Sweet Foods,4.0,5.0,3.0,13,1367.0,1.0,1.0,0.8666666666666667,7.220373836723949
wd9e76e4,Sky,4.0,5.0,2.0,13,800.0,0.0,1.0,0.8666666666666667,6.684611727667927
wd9e76e4,Clouds,2.0,3.0,1.0,13,348.0,0.0,1.0,0.8666666666666667,5.8522024797744745
wd9e76e4,Beach,2.0,1.0,1.0,13,1184.0,0.0,1.0,0.8666666666666667,7.076653815443951
wd9e76e4,Sports Court,2.0,3.0,2.0,13,1405.0,1.0,1.0,0.8666666666666667,7.247792581767846
wd9e76e4,Produce ,6.0,6.0,3.0,13,1337.0,1.0,1.0,0.8666666666666667,7.198183577101943
w6355333,Things In Bowls,4.0,4.0,4.0,17,4102.0,1.0,1.0,0.8333333333333334,8.319229938632326
w6355333,Vehicles,3.0,3.0,2.0,17,5294.0,1.0,1.0,0.8333333333333334,8.574329382787047
w6355333,Indoor Scenes,9.0,2.0,7.0,17,6501.0,1.0,1.0,0.8333333333333334,8.77971129020447
w6355333,Outdoor Scenes,12.0,7.0,10.0,17,1340.0,1.0,2.0,0.8333333333333334,7.200424892944957
w6355333,Dessert,1.0,1.0,0.0,17,5885.0,1.0,1.0,0.8333333333333334,8.680162019694377
w6355333,Insects,1.0,1.0,1.0,17,6032.0,1.0,2.0,0.8333333333333334,8.704833909687792
w6355333,Animals,7.0,6.0,6.0,17,2464.0,0.0,1.0,0.8333333333333334,7.80954132465341
w6355333,Sports Court,2.0,2.0,2.0,17,2121.0,1.0,1.0,0.8333333333333334,7.659642954564682
w6355333,Mammals,3.0,3.0,3.0,17,3670.0,0.0,2.0,0.8333333333333334,8.207946941048617
w6355333,Things With Wheels,2.0,2.0,1.0,17,4384.0,1.0,1.0,0.8333333333333334,8.385716828627851
w6355333,Birds,3.0,3.0,2.0,17,300.0,1.0,2.0,0.8333333333333334,5.703782474656201
w6355333,Objects,7.0,5.0,6.0,17,3880.0,0.0,2.0,0.8333333333333334,8.263590432617319
w6355333,Foods,7.0,7.0,5.0,17,3582.0,1.0,1.0,0.8333333333333334,8.183676582620658
w6355333,Vegetables,3.0,2.0,2.0,17,5532.0,1.0,1.0,0.8333333333333334,8.61830469278465
w6355333,Appliances,1.0,1.0,1.0,17,3242.0,0.0,1.0,0.8333333333333334,8.08394570229562
w6355333,Water,3.0,3.0,2.0,17,543.0,1.0,2.0,0.8333333333333334,6.297109319933935
w6355333,Berries,2.0,2.0,2.0,17,2147.0,1.0,1.0,0.8333333333333334,7.671826797878781
w6355333,Pets,2.0,2.0,2.0,17,1955.0,1.0,1.0,0.8333333333333334,7.578145472419466
w6355333,Produce ,6.0,6.0,5.0,17,5846.0,1.0,1.0,0.8333333333333334,8.673512945671192
w6355333,Fruit,3.0,3.0,3.0,17,3369.0,1.0,1.0,0.8333333333333334,8.122371243406553
w6355333,Things That Fly,4.0,4.0,3.0,17,1038.0,1.0,2.0,0.8333333333333334,6.945051063725834
w6355333,Hands,2.0,1.0,2.0,17,4060.0,1.0,2.0,0.8333333333333334,8.308938252595778
w6355333,Beach,2.0,1.0,1.0,17,111.0,1.0,2.0,0.8333333333333334,4.709530201312334
w6355333,Wild Animals,4.0,6.0,3.0,17,1203.0,1.0,2.0,0.8333333333333334,7.0925737159746784
w6355333,Leaves,6.0,2.0,6.0,17,3406.0,0.0,1.0,0.8333333333333334,8.133293861222633
w6355333,Grass,3.0,1.0,3.0,17,4894.0,1.0,2.0,0.8333333333333334,8.495765244002618
w6355333,Clouds,2.0,1.0,2.0,17,1360.0,1.0,2.0,0.8333333333333334,7.215239978730097
w6355333,Sky,4.0,4.0,4.0,17,491.0,1.0,2.0,0.8333333333333334,6.19644412779452
w6355333,Balls,3.0,3.0,3.0,17,534.0,1.0,1.0,0.8333333333333334,6.280395838960195
wa620fe2,Clouds,2.0,3.0,0.0,15,6194.0,0.0,1.0,0.8666666666666667,8.731336360533149
wa620fe2,Things In Bowls,4.0,5.0,4.0,15,1817.0,1.0,1.0,0.8666666666666667,7.504942068396171
wa620fe2,Animals,7.0,7.0,5.0,15,1270.0,0.0,1.0,0.8666666666666667,7.146772179452637
wa620fe2,Wild Animals,4.0,5.0,3.0,15,1303.0,1.0,2.0,0.8666666666666667,7.172424577124845
wa620fe2,Leaves,6.0,1.0,5.0,15,2507.0,1.0,2.0,0.8666666666666667,7.826842098158293
wa620fe2,Water,3.0,2.0,2.0,15,2693.0,1.0,2.0,0.8666666666666667,7.898411092811599
wa620fe2,Balls,3.0,2.0,1.0,15,1104.0,1.0,1.0,0.8666666666666667,7.00669522683704
wa620fe2,Things That Fly,4.0,4.0,3.0,15,1398.0,1.0,2.0,0.8666666666666667,7.242797922793756
wa620fe2,Berries,2.0,2.0,2.0,15,962.0,1.0,1.0,0.8666666666666667,6.8690144506657065
wa620fe2,Vegetables,3.0,3.0,2.0,15,5279.0,1.0,1.0,0.8666666666666667,8.571491964823617
wa620fe2,Dessert,1.0,1.0,1.0,15,979.0,1.0,1.0,0.8666666666666667,6.88653164253051
wa620fe2,Pets,2.0,2.0,2.0,15,839.0,1.0,1.0,0.8666666666666667,6.732210706467206
wa620fe2,Produce ,6.0,2.0,5.0,15,6177.0,1.0,1.0,0.8666666666666667,8.728587995695898
wa620fe2,Appliances,1.0,1.0,0.0,15,3466.0,1.0,2.0,0.8666666666666667,8.150756470275551
wa620fe2,Birds,3.0,4.0,3.0,15,1075.0,1.0,2.0,0.8666666666666667,6.980075940561763
wa620fe2,Sky,4.0,5.0,2.0,15,4879.0,0.0,1.0,0.8666666666666667,8.492695559815838
wa620fe2,Sweet Foods,4.0,4.0,4.0,15,2679.0,1.0,1.0,0.8666666666666667,7.893198869544609
wa620fe2,Mammals,3.0,4.0,2.0,15,2126.0,1.0,1.0,0.8666666666666667,7.661997558901893
wa620fe2,Outdoor Scenes,12.0,11.0,8.0,15,3601.0,1.0,2.0,0.8666666666666667,8.188966863648876
wa620fe2,Vehicles,3.0,3.0,3.0,15,956.0,1.0,1.0,0.8666666666666667,6.862757913051401
wa620fe2,Indoor Scenes,9.0,9.0,7.0,15,4451.0,1.0,1.0,0.8666666666666667,8.400884069015854
wa620fe2,Sports Court,2.0,2.0,1.0,15,458.0,1.0,1.0,0.8666666666666667,6.126869184114185
wa620fe2,Fruit,3.0,4.0,3.0,15,3641.0,1.0,1.0,0.8666666666666667,8.200013648175434
wa620fe2,Insects,1.0,1.0,0.0,15,2070.0,1.0,2.0,0.8666666666666667,7.635303886259415
wa620fe2,Beach,2.0,1.0,1.0,15,2459.0,1.0,2.0,0.8666666666666667,7.807510042216193
wa620fe2,Objects,7.0,6.0,4.0,15,5362.0,1.0,1.0,0.8666666666666667,8.587092318795905
wa620fe2,Things With Wheels,2.0,2.0,2.0,15,535.0,1.0,1.0,0.8666666666666667,6.282266746896006
wa620fe2,Hands,2.0,2.0,1.0,15,1721.0,1.0,2.0,0.8666666666666667,7.450660796211539
wa620fe2,Grass,3.0,5.0,2.0,15,6756.0,0.0,1.0,0.8666666666666667,8.81818627792769
wa620fe2,Foods,7.0,7.0,6.0,15,907.0,1.0,1.0,0.8666666666666667,6.810142450115136
w812d061,Animals,7.0,7.0,1.0,6,1715.0,0.0,1.0,0.6333333333333333,7.44716835960004
w812d061,Insects,1.0,1.0,0.0,6,474.0,1.0,2.0,0.6333333333333333,6.161207321695077
w812d061,Vehicles,3.0,1.0,0.0,6,388.0,0.0,2.0,0.6333333333333333,5.961005339623274
w812d061,Birds,3.0,0.0,0.0,6,610.0,0.0,1.0,0.6333333333333333,6.413458957167357
w812d061,Balls,3.0,0.0,3.0,6,1394.0,0.0,2.0,0.6333333333333333,7.2399325913204695
w812d061,Appliances,1.0,1.0,0.0,6,588.0,1.0,2.0,0.6333333333333333,6.376726947898627
w812d061,Indoor Scenes,9.0,3.0,4.0,6,598.0,1.0,1.0,0.6333333333333333,6.393590753950631
w812d061,Things In Bowls,4.0,1.0,2.0,6,1372.0,1.0,1.0,0.6333333333333333,7.22402480828583
w812d061,Things That Fly,4.0,7.0,0.0,6,1174.0,1.0,2.0,0.6333333333333333,7.068172000388042
w812d061,Dessert,1.0,2.0,0.0,6,72.0,1.0,1.0,0.6333333333333333,4.276666119016055
w812d061,Vegetables,3.0,3.0,0.0,6,581.0,0.0,2.0,0.6333333333333333,6.364750756851911
w812d061,Mammals,3.0,5.0,1.0,6,432.0,1.0,1.0,0.6333333333333333,6.068425588244111
w812d061,Foods,7.0,7.0,2.0,6,1314.0,1.0,1.0,0.6333333333333333,7.1808311990445555
w812d061,Objects,7.0,3.0,3.0,6,1142.0,0.0,2.0,0.6333333333333333,7.040536390215956
w812d061,Outdoor Scenes,12.0,9.0,2.0,6,1752.0,1.0,2.0,0.6333333333333333,7.468513271496337
w812d061,Pets,2.0,3.0,1.0,6,667.0,1.0,1.0,0.6333333333333333,6.502790045915623
w812d061,Produce ,6.0,7.0,2.0,6,2155.0,0.0,2.0,0.6333333333333333,7.675546002537848
w812d061,Things With Wheels,2.0,1.0,0.0,6,1044.0,1.0,1.0,0.6333333333333333,6.950814768442584
w812d061,Sports Court,2.0,3.0,2.0,6,754.0,0.0,2.0,0.6333333333333333,6.625392368007956
w812d061,Sky,4.0,4.0,1.0,6,428.0,0.0,1.0,0.6333333333333333,6.059123195581797
w812d061,Beach,2.0,1.0,1.0,6,378.0,1.0,2.0,0.6333333333333333,5.934894195619588
w812d061,Clouds,2.0,1.0,1.0,6,2909.0,0.0,1.0,0.6333333333333333,7.975564658495202
w812d061,Berries,2.0,1.0,2.0,6,320.0,0.0,2.0,0.6333333333333333,5.768320995793772
w812d061,Hands,2.0,1.0,0.0,6,723.0,1.0,2.0,0.6333333333333333,6.583409222158765
w812d061,Water,3.0,6.0,1.0,6,335.0,0.0,1.0,0.6333333333333333,5.814130531825066
w812d061,Leaves,6.0,2.0,1.0,6,728.0,1.0,2.0,0.6333333333333333,6.590301048196686
w812d061,Sweet Foods,4.0,1.0,2.0,6,328.0,1.0,1.0,0.6333333333333333,5.793013608384144
w812d061,Grass,3.0,4.0,0.0,6,2371.0,0.0,1.0,0.6333333333333333,7.771067086065406
w812d061,Wild Animals,4.0,3.0,0.0,6,578.0,1.0,2.0,0.6333333333333333,6.359573868672378
wf9347d8,Dessert,1.0,1.0,1.0,13,4411.0,1.0,1.0,0.9333333333333333,8.39185670010494
wf9347d8,Balls,3.0,3.0,1.0,13,2857.0,0.0,2.0,0.9333333333333333,7.957527402230773
wf9347d8,Produce ,6.0,0.0,4.0,13,4090.0,1.0,1.0,0.9333333333333333,8.316300249036848
wf9347d8,Sweet Foods,4.0,1.0,4.0,13,2723.0,1.0,1.0,0.9333333333333333,7.909489492673759
wf9347d8,Hands,2.0,0.0,2.0,13,3049.0,0.0,1.0,0.9333333333333333,8.022568946988255
wf9347d8,Things That Fly,4.0,4.0,4.0,13,4454.0,1.0,2.0,0.9333333333333333,8.401557847817314
wf9347d8,Sports Court,2.0,2.0,0.0,13,4830.0,1.0,1.0,0.9333333333333333,8.482601746646619
wf9347d8,Vegetables,3.0,3.0,1.0,13,2062.0,1.0,1.0,0.9333333333333333,7.631431664576906
wf9347d8,Leaves,6.0,5.0,6.0,13,441.0,0.0,1.0,0.9333333333333333,6.089044875446846
wf9347d8,Sky,4.0,4.0,4.0,13,2855.0,0.0,1.0,0.9333333333333333,7.956827122090111
wf9347d8,Things In Bowls,4.0,4.0,2.0,13,2927.0,1.0,1.0,0.9333333333333333,7.9817332866918855
wf9347d8,Indoor Scenes,9.0,7.0,4.0,13,2184.0,1.0,1.0,0.9333333333333333,7.688913336864796
wf9347d8,Beach,2.0,1.0,1.0,13,928.0,1.0,2.0,0.9333333333333333,6.833031732786201
wf9347d8,Clouds,2.0,2.0,2.0,13,1779.0,0.0,1.0,0.9333333333333333,7.483806687665835
wf9347d8,Foods,7.0,5.0,5.0,13,3256.0,1.0,1.0,0.9333333333333333,8.08825472712243
wf9347d8,Fruit,3.0,3.0,3.0,13,3506.0,1.0,1.0,0.9333333333333333,8.16223106548118
wf9347d8,Appliances,1.0,1.0,1.0,13,2842.0,1.0,2.0,0.9333333333333333,7.952263308657046
wf9347d8,Things With Wheels,2.0,2.0,2.0,13,2199.0,1.0,1.0,0.9333333333333333,7.695757990554761
wf9347d8,Insects,1.0,1.0,1.0,13,1993.0,1.0,2.0,0.9333333333333333,7.597396320212795
wf9347d8,Outdoor Scenes,12.0,7.0,9.0,13,2899.0,1.0,2.0,0.9333333333333333,7.972121128921655
wf9347d8,Animals,7.0,6.0,4.0,13,1435.0,0.0,1.0,0.9333333333333333,7.268920128193722
wf9347d8,Water,3.0,2.0,1.0,13,3155.0,0.0,1.0,0.9333333333333333,8.056743774975313
wf9347d8,Mammals,3.0,3.0,1.0,13,1164.0,1.0,1.0,0.9333333333333333,7.059617628291383
wf9347d8,Vehicles,3.0,1.0,2.0,13,1530.0,1.0,1.0,0.9333333333333333,7.333023014386481
wf9347d8,Birds,3.0,3.0,2.0,13,591.0,1.0,2.0,0.9333333333333333,6.3818160174060985
wf9347d8,Wild Animals,4.0,3.0,3.0,13,3966.0,1.0,2.0,0.9333333333333333,8.285513309079741
wf9347d8,Pets,2.0,2.0,0.0,13,744.0,1.0,1.0,0.9333333333333333,6.612041034833092
wf9347d8,Objects,7.0,2.0,4.0,13,3038.0,0.0,2.0,0.9333333333333333,8.018954683155718
wf9347d8,Grass,3.0,1.0,2.0,13,2396.0,0.0,1.0,0.9333333333333333,7.78155595923534
wf9347d8,Berries,2.0,2.0,2.0,13,1311.0,1.0,1.0,0.9333333333333333,7.1785454837637
w5624f17,Vegetables,3.0,3.0,1.0,15,5758.0,1.0,1.0,0.9333333333333333,8.65834547117212
w5624f17,Sky,4.0,3.0,3.0,15,2467.0,0.0,1.0,0.9333333333333333,7.810758116529357
w5624f17,Beach,2.0,2.0,1.0,15,2039.0,1.0,2.0,0.9333333333333333,7.620214770574455
w5624f17,Grass,3.0,3.0,1.0,15,4545.0,0.0,1.0,0.9333333333333333,8.421783006611578
w5624f17,Indoor Scenes,9.0,9.0,8.0,15,4470.0,1.0,1.0,0.9333333333333333,8.405143687607614
w5624f17,Clouds,2.0,1.0,1.0,15,4457.0,1.0,2.0,0.9333333333333333,8.402231172946555
w5624f17,Birds,3.0,3.0,1.0,15,2082.0,1.0,2.0,0.9333333333333333,7.641084249174914
w5624f17,Outdoor Scenes,12.0,12.0,7.0,15,3219.0,1.0,2.0,0.9333333333333333,8.076826031298808
w5624f17,Produce ,6.0,6.0,4.0,15,967.0,1.0,1.0,0.9333333333333333,6.874198495453294
w5624f17,Appliances,1.0,1.0,1.0,15,1995.0,1.0,2.0,0.9333333333333333,7.598399329323964
w5624f17,Wild Animals,4.0,4.0,2.0,15,806.0,1.0,2.0,0.9333333333333333,6.692083742506628
w5624f17,Dessert,1.0,1.0,0.0,15,252.0,1.0,1.0,0.9333333333333333,5.529429087511423
w5624f17,Things That Fly,4.0,4.0,3.0,15,2558.0,1.0,2.0,0.9333333333333333,7.846980982138788
w5624f17,Vehicles,3.0,3.0,3.0,15,4318.0,1.0,1.0,0.9333333333333333,8.370547611074752
w5624f17,Sweet Foods,4.0,4.0,3.0,15,2686.0,1.0,1.0,0.9333333333333333,7.895808377083183
w5624f17,Things In Bowls,4.0,4.0,3.0,15,3831.0,1.0,1.0,0.9333333333333333,8.25088114470065
w5624f17,Water,3.0,3.0,2.0,15,3779.0,1.0,2.0,0.9333333333333333,8.237214703349489
w5624f17,Balls,3.0,3.0,3.0,15,2508.0,1.0,1.0,0.9333333333333333,7.827240901752812
w5624f17,Things With Wheels,2.0,2.0,2.0,15,4015.0,1.0,1.0,0.9333333333333333,8.297792626380861
w5624f17,Hands,2.0,2.0,2.0,15,6087.0,1.0,2.0,0.9333333333333333,8.713910628493924
w5624f17,Animals,7.0,7.0,4.0,15,3536.0,1.0,2.0,0.9333333333333333,8.170751423757535
w5624f17,Berries,2.0,2.0,2.0,15,1007.0,1.0,1.0,0.9333333333333333,6.914730892718563
w5624f17,Fruit,3.0,3.0,3.0,15,2446.0,1.0,1.0,0.9333333333333333,7.802209316247118
w5624f17,Pets,2.0,2.0,2.0,15,2730.0,1.0,1.0,0.9333333333333333,7.912056888179006
w5624f17,Objects,7.0,15.0,7.0,15,2216.0,0.0,2.0,0.9333333333333333,7.703459047867175
w5624f17,Mammals,3.0,4.0,2.0,15,841.0,0.0,2.0,0.9333333333333333,6.734591659972948
w5624f17,Insects,1.0,1.0,1.0,15,915.0,1.0,2.0,0.9333333333333333,6.818924065275521
w5624f17,Foods,7.0,7.0,4.0,15,2094.0,1.0,1.0,0.9333333333333333,7.646831391430482
w5624f17,Sports Court,2.0,2.0,2.0,15,2057.0,1.0,1.0,0.9333333333333333,7.6290038896529575
w5624f17,Leaves,6.0,6.0,5.0,15,2404.0,0.0,1.0,0.9333333333333333,7.784889295655098
wad2e584,Foods,7.0,6.0,3.0,10,4215.0,1.0,1.0,0.9333333333333333,8.346404870435956
wad2e584,Outdoor Scenes,12.0,7.0,6.0,10,1608.0,0.0,1.0,0.9333333333333333,7.382746449738912
wad2e584,Mammals,3.0,1.0,1.0,10,1575.0,0.0,2.0,0.9333333333333333,7.362010551259734
wad2e584,Indoor Scenes,9.0,9.0,4.0,10,1823.0,0.0,2.0,0.9333333333333333,7.508238774678663
wad2e584,Objects,7.0,0.0,3.0,10,581.0,1.0,1.0,0.9333333333333333,6.364750756851911
wad2e584,Birds,3.0,3.0,2.0,10,4042.0,1.0,2.0,0.9333333333333333,8.304494897963567
wad2e584,Animals,7.0,4.0,4.0,10,2342.0,0.0,1.0,0.9333333333333333,7.758760544157663
wad2e584,Insects,1.0,1.0,1.0,10,3203.0,1.0,2.0,0.9333333333333333,8.071843149609158
wad2e584,Balls,3.0,0.0,1.0,10,203.0,1.0,1.0,0.9333333333333333,5.313205979041787
wad2e584,Things That Fly,4.0,1.0,3.0,10,1086.0,0.0,1.0,0.9333333333333333,6.990256500493881
wad2e584,Vehicles,3.0,2.0,1.0,10,1015.0,1.0,1.0,0.9333333333333333,6.922643891475888
wad2e584,Fruit,3.0,3.0,2.0,10,724.0,0.0,2.0,0.9333333333333333,6.584791392385716
wad2e584,Appliances,1.0,0.0,1.0,10,1475.0,0.0,1.0,0.9333333333333333,7.29641326877392
wad2e584,Vegetables,3.0,2.0,1.0,10,2416.0,1.0,1.0,0.9333333333333333,7.789868559054706
wad2e584,Dessert,1.0,0.0,0.0,10,829.0,0.0,2.0,0.9333333333333333,6.720220155135295
wad2e584,Things In Bowls,4.0,0.0,2.0,10,1165.0,1.0,1.0,0.9333333333333333,7.060476365999801
wad2e584,Hands,2.0,0.0,2.0,10,823.0,1.0,2.0,0.9333333333333333,6.71295620067707
wad2e584,Clouds,2.0,2.0,1.0,10,852.0,1.0,2.0,0.9333333333333333,6.747586526829315
wad2e584,Sweet Foods,4.0,1.0,2.0,10,567.0,1.0,1.0,0.9333333333333333,6.340359303727752
wad2e584,Pets,2.0,5.0,0.0,10,593.0,0.0,2.0,0.9333333333333333,6.385194398997726
wad2e584,Sky,4.0,3.0,2.0,10,316.0,0.0,1.0,0.9333333333333333,5.755742213586912
wad2e584,Berries,2.0,0.0,1.0,10,220.0,1.0,1.0,0.9333333333333333,5.393627546352362
wad2e584,Things With Wheels,2.0,0.0,0.0,10,4029.0,1.0,1.0,0.9333333333333333,8.301273485191347
wad2e584,Beach,2.0,0.0,0.0,10,3084.0,0.0,1.0,0.9333333333333333,8.03398273468322
wad2e584,Sports Court,2.0,2.0,1.0,10,2947.0,0.0,2.0,0.9333333333333333,7.988542982737695
wad2e584,Produce ,6.0,6.0,3.0,10,2263.0,1.0,1.0,0.9333333333333333,7.724446645633537
wad2e584,Water,3.0,2.0,1.0,10,1233.0,0.0,1.0,0.9333333333333333,7.117205503164344
wad2e584,Leaves,6.0,0.0,4.0,10,2805.0,1.0,2.0,0.9333333333333333,7.9391588179567965
wad2e584,Grass,3.0,2.0,1.0,10,322.0,0.0,1.0,0.9333333333333333,5.7745515455444085
wad2e584,Wild Animals,4.0,4.0,3.0,10,2495.0,0.0,1.0,0.9333333333333333,7.822044008185619
wf2e46b5,Pets,2.0,2.0,0.0,9,378.0,1.0,1.0,0.9,5.934894195619588
wf2e46b5,Indoor Scenes,9.0,7.0,5.0,9,2022.0,0.0,2.0,0.9,7.611842399580417
wf2e46b5,Water,3.0,2.0,1.0,9,703.0,1.0,2.0,0.9,6.555356891810665
wf2e46b5,Dessert,1.0,1.0,1.0,9,952.0,1.0,1.0,0.9,6.858565034791365
wf2e46b5,Berries,2.0,2.0,2.0,9,1040.0,1.0,1.0,0.9,6.946975992135418
wf2e46b5,Outdoor Scenes,12.0,11.0,4.0,9,440.0,0.0,1.0,0.9,6.0867747269123065
wf2e46b5,Sports Court,2.0,2.0,2.0,9,439.0,1.0,1.0,0.9,6.0844994130751715
wf2e46b5,Birds,3.0,3.0,0.0,9,1957.0,0.0,1.0,0.9,7.579167967396076
wf2e46b5,Things With Wheels,2.0,2.0,2.0,9,3507.0,1.0,1.0,0.9,8.162516250140179
wf2e46b5,Produce ,6.0,5.0,3.0,9,627.0,1.0,1.0,0.9,6.440946540632921
wf2e46b5,Balls,3.0,3.0,3.0,9,1151.0,1.0,1.0,0.9,7.048386408721883
wf2e46b5,Animals,7.0,5.0,0.0,9,1545.0,0.0,1.0,0.9,7.3427791893318455
wf2e46b5,Fruit,3.0,3.0,2.0,9,389.0,1.0,1.0,0.9,5.963579343618446
wf2e46b5,Clouds,2.0,1.0,1.0,9,1817.0,0.0,1.0,0.9,7.504942068396171
wf2e46b5,Things That Fly,4.0,4.0,1.0,9,1826.0,0.0,1.0,0.9,7.509883061154913
wf2e46b5,Grass,3.0,0.0,1.0,9,1608.0,1.0,2.0,0.9,7.382746449738912
wf2e46b5,Beach,2.0,1.0,1.0,9,332.0,0.0,1.0,0.9,5.805134968916488
wf2e46b5,Wild Animals,4.0,4.0,0.0,9,660.0,1.0,2.0,0.9,6.492239835020471
wf2e46b5,Vegetables,3.0,3.0,1.0,9,567.0,1.0,1.0,0.9,6.340359303727752
wf2e46b5,Foods,7.0,7.0,4.0,9,46.0,1.0,1.0,0.9,3.828641396489095
wf2e46b5,Mammals,3.0,3.0,0.0,9,839.0,0.0,2.0,0.9,6.732210706467206
wf2e46b5,Things In Bowls,4.0,4.0,2.0,9,1894.0,1.0,1.0,0.9,7.546446273746024
wf2e46b5,Appliances,1.0,1.0,0.0,9,1066.0,1.0,2.0,0.9,6.97166860472579
wf2e46b5,Leaves,6.0,0.0,2.0,9,2180.0,0.0,1.0,0.9,7.687080155783135
wf2e46b5,Sky,4.0,2.0,2.0,9,583.0,0.0,1.0,0.9,6.368187186350492
wf2e46b5,Sweet Foods,4.0,2.0,3.0,9,936.0,1.0,1.0,0.9,6.841615476477592
wf2e46b5,Insects,1.0,1.0,0.0,9,230.0,1.0,2.0,0.9,5.438079308923196
wf2e46b5,Objects,7.0,5.0,5.0,9,273.0,1.0,1.0,0.9,5.60947179518496
wf2e46b5,Hands,2.0,1.0,0.0,9,741.0,0.0,1.0,0.9,6.608000625296087
wf2e46b5,Vehicles,3.0,2.0,2.0,9,515.0,1.0,1.0,0.9,6.244166900663736
wbff56f6,Appliances,1.0,1.0,0.0,17,6397.0,1.0,2.0,0.8,8.763584409450138
wbff56f6,Things With Wheels,2.0,0.0,2.0,17,3845.0,1.0,1.0,0.8,8.254528881939745
wbff56f6,Fruit,3.0,3.0,2.0,17,1395.0,1.0,1.0,0.8,7.240649694255466
wbff56f6,Vehicles,3.0,1.0,3.0,17,862.0,1.0,1.0,0.8,6.759255270663693
wbff56f6,Things In Bowls,4.0,4.0,4.0,17,1640.0,1.0,1.0,0.8,7.402451520818244
wbff56f6,Animals,7.0,7.0,6.0,17,1547.0,1.0,2.0,0.8,7.344072850573066
wbff56f6,Indoor Scenes,9.0,8.0,7.0,17,3888.0,0.0,2.0,0.8,8.265650165580329
wbff56f6,Sky,4.0,3.0,4.0,17,4716.0,1.0,2.0,0.8,8.458716261657262
wbff56f6,Hands,2.0,1.0,1.0,17,858.0,1.0,2.0,0.8,6.754604099487962
wbff56f6,Vegetables,3.0,3.0,3.0,17,2004.0,1.0,1.0,0.8,7.602900462204755
wbff56f6,Things That Fly,4.0,4.0,4.0,17,2582.0,1.0,2.0,0.8,7.856319571406588
wbff56f6,Balls,3.0,3.0,3.0,17,1771.0,1.0,1.0,0.8,7.479299637782834
wbff56f6,Mammals,3.0,4.0,3.0,17,5976.0,1.0,1.0,0.8,8.695506726812653
wbff56f6,Outdoor Scenes,12.0,12.0,10.0,17,3831.0,0.0,1.0,0.8,8.25088114470065
wbff56f6,Wild Animals,4.0,3.0,3.0,17,1108.0,1.0,2.0,0.8,7.010311867307229
wbff56f6,Objects,7.0,7.0,6.0,17,1105.0,1.0,1.0,0.8,7.007600613951853
wbff56f6,Sports Court,2.0,2.0,2.0,17,2031.0,1.0,1.0,0.8,7.616283561580385
wbff56f6,Produce ,6.0,2.0,5.0,17,4093.0,1.0,1.0,0.8,8.317033476492403
wbff56f6,Birds,3.0,2.0,2.0,17,3275.0,1.0,2.0,0.8,8.094073148069352
wbff56f6,Sweet Foods,4.0,3.0,2.0,17,1420.0,1.0,1.0,0.8,7.258412150595307
wbff56f6,Grass,3.0,3.0,3.0,17,5476.0,1.0,2.0,0.8,8.60813018640834
wbff56f6,Dessert,1.0,0.0,0.0,17,4419.0,0.0,2.0,0.8,8.39366870513074
wbff56f6,Pets,2.0,2.0,2.0,17,523.0,1.0,1.0,0.8,6.259581464064923
wbff56f6,Water,3.0,3.0,2.0,17,1266.0,1.0,2.0,0.8,7.143617602704121
wbff56f6,Beach,2.0,2.0,1.0,17,4252.0,0.0,1.0,0.8,8.355144739461839
wbff56f6,Insects,1.0,1.0,1.0,17,1471.0,1.0,2.0,0.8,7.293697720601438
wbff56f6,Berries,2.0,2.0,2.0,17,2552.0,1.0,1.0,0.8,7.844632644464681
wbff56f6,Foods,7.0,7.0,5.0,17,1424.0,1.0,1.0,0.8,7.261225091971921
wbff56f6,Clouds,2.0,1.0,2.0,17,2088.0,1.0,2.0,0.8,7.643961949002529
w3067c35,Things That Fly,4.0,5.0,2.0,8,5712.0,0.0,1.0,0.5333333333333333,8.65032450401942
w3067c35,Leaves,6.0,0.0,3.0,8,4053.0,1.0,2.0,0.5333333333333333,8.307212626628308
w3067c35,Dessert,1.0,1.0,0.0,8,2300.0,1.0,1.0,0.5333333333333333,7.7406644019172415
w3067c35,Beach,2.0,0.0,0.0,8,2474.0,0.0,1.0,0.5333333333333333,7.813591552952433
w3067c35,Mammals,3.0,4.0,0.0,8,5745.0,1.0,1.0,0.5333333333333333,8.656085190282855
w3067c35,Balls,3.0,2.0,2.0,8,951.0,1.0,1.0,0.5333333333333333,6.85751406254539
w3067c35,Sweet Foods,4.0,2.0,1.0,8,3408.0,0.0,2.0,0.5333333333333333,8.133880887949207
w3067c35,Things With Wheels,2.0,2.0,2.0,8,1785.0,1.0,1.0,0.5333333333333333,7.487173694213739
w3067c35,Vehicles,3.0,1.0,2.0,8,329.0,1.0,1.0,0.5333333333333333,5.796057750765372
w3067c35,Berries,2.0,0.0,1.0,8,2288.0,1.0,1.0,0.5333333333333333,7.7354333524996886
w3067c35,Insects,1.0,0.0,0.0,8,1392.0,1.0,2.0,0.5333333333333333,7.238496840894365
w3067c35,Hands,2.0,0.0,0.0,8,2991.0,1.0,2.0,0.5333333333333333,8.003363058629947
w3067c35,Pets,2.0,0.0,0.0,8,1080.0,1.0,1.0,0.5333333333333333,6.984716320118266
w3067c35,Clouds,2.0,0.0,0.0,8,2035.0,0.0,1.0,0.5333333333333333,7.618251097876695
w3067c35,Indoor Scenes,9.0,5.0,4.0,8,2835.0,0.0,2.0,0.5333333333333333,7.949797216161852
w3067c35,Appliances,1.0,1.0,1.0,8,2505.0,1.0,2.0,0.5333333333333333,7.826044013518965
w3067c35,Outdoor Scenes,12.0,4.0,4.0,8,1204.0,0.0,1.0,0.5333333333333333,7.093404625868766
w3067c35,Sky,4.0,0.0,2.0,8,507.0,0.0,1.0,0.5333333333333333,6.2285110035911835
w3067c35,Things In Bowls,4.0,4.0,1.0,8,1669.0,1.0,1.0,0.5333333333333333,7.419979923661835
w3067c35,Objects,7.0,0.0,5.0,8,2098.0,1.0,1.0,0.5333333333333333,7.6487397889562425
w3067c35,Foods,7.0,0.0,2.0,8,1443.0,1.0,1.0,0.5333333333333333,7.274479558773871
w3067c35,Animals,7.0,0.0,1.0,8,2345.0,1.0,2.0,0.5333333333333333,7.76004068088038
w3067c35,Grass,3.0,1.0,1.0,8,5192.0,0.0,1.0,0.5333333333333333,8.554874258383926
w3067c35,Fruit,3.0,2.0,1.0,8,779.0,1.0,1.0,0.5333333333333333,6.658011045870748
w3067c35,Birds,3.0,1.0,1.0,8,1125.0,1.0,2.0,0.5333333333333333,7.025538314638521
w3067c35,Sports Court,2.0,1.0,2.0,8,767.0,1.0,1.0,0.5333333333333333,6.642486801367256
w3067c35,Vegetables,3.0,4.0,1.0,8,391.0,1.0,1.0,0.5333333333333333,5.968707559985366
w3067c35,Water,3.0,2.0,0.0,8,803.0,0.0,1.0,0.5333333333333333,6.688354713946762
w3067c35,Wild Animals,4.0,3.0,1.0,8,2409.0,1.0,2.0,0.5333333333333333,7.786967002614872
wc136bb6,Animals,7.0,6.0,5.0,13,3127.0,1.0,2.0,1.0,8.047829357457841
wc136bb6,Objects,7.0,6.0,4.0,13,833.0,1.0,1.0,1.0,6.725033642166843
wc136bb6,Fruit,3.0,4.0,3.0,13,5088.0,1.0,1.0,1.0,8.534640105019959
wc136bb6,Pets,2.0,2.0,2.0,13,2875.0,1.0,1.0,1.0,7.963807953231451
wc136bb6,Dessert,1.0,1.0,1.0,13,3807.0,1.0,1.0,1.0,8.244596756382498
wc136bb6,Beach,2.0,2.0,2.0,13,2832.0,0.0,1.0,1.0,7.94873845481361
wc136bb6,Birds,3.0,3.0,2.0,13,654.0,1.0,2.0,1.0,6.483107351457199
wc136bb6,Hands,2.0,1.0,1.0,13,4324.0,1.0,2.0,1.0,8.371936178759098
wc136bb6,Foods,7.0,4.0,4.0,13,3188.0,0.0,2.0,1.0,8.067149039910106
wc136bb6,Things In Bowls,4.0,3.0,2.0,13,4107.0,1.0,1.0,1.0,8.320448113956559
wc136bb6,Water,3.0,3.0,2.0,13,7279.0,1.0,2.0,1.0,8.892748769118258
wc136bb6,Grass,3.0,2.0,2.0,13,4647.0,0.0,1.0,1.0,8.443977129084978
wc136bb6,Outdoor Scenes,12.0,7.0,7.0,13,3725.0,0.0,1.0,1.0,8.22282213081366
wc136bb6,Leaves,6.0,5.0,4.0,13,943.0,1.0,2.0,1.0,6.849066282633458
wc136bb6,Things With Wheels,2.0,2.0,2.0,13,5488.0,1.0,1.0,1.0,8.610319169405722
wc136bb6,Things That Fly,4.0,4.0,2.0,13,2595.0,1.0,2.0,1.0,7.861341795599989
wc136bb6,Insects,1.0,1.0,0.0,13,3685.0,1.0,2.0,1.0,8.212025804623437
wc136bb6,Clouds,2.0,0.0,2.0,13,492.0,0.0,1.0,1.0,6.198478716492308
wc136bb6,Berries,2.0,2.0,2.0,13,789.0,1.0,1.0,1.0,6.670766320845874
wc136bb6,Sky,4.0,3.0,4.0,13,1512.0,0.0,1.0,1.0,7.321188556739478
wc136bb6,Vegetables,3.0,2.0,0.0,13,6166.0,0.0,2.0,1.0,8.726805608446096
wc136bb6,Indoor Scenes,9.0,5.0,6.0,13,3242.0,1.0,1.0,1.0,8.08394570229562
wc136bb6,Vehicles,3.0,1.0,2.0,13,4534.0,1.0,1.0,1.0,8.419359831067474
wc136bb6,Mammals,3.0,4.0,3.0,13,3035.0,0.0,2.0,1.0,8.017966703493599
wc136bb6,Appliances,1.0,1.0,1.0,13,1479.0,1.0,2.0,1.0,7.2991214627108
wc136bb6,Sweet Foods,4.0,1.0,4.0,13,1587.0,1.0,1.0,1.0,7.369600720526409
wc136bb6,Produce ,6.0,3.0,3.0,13,2172.0,0.0,2.0,1.0,7.683403681053826
wc136bb6,Balls,3.0,2.0,1.0,13,441.0,1.0,1.0,1.0,6.089044875446846
wc136bb6,Sports Court,2.0,2.0,0.0,13,939.0,0.0,2.0,1.0,6.844815479208263
wa24f9fe,Dessert,1.0,1.0,0.0,12,6025.0,1.0,1.0,0.9666666666666667,8.703672758358856
wa24f9fe,Things That Fly,4.0,4.0,3.0,12,3178.0,1.0,2.0,0.9666666666666667,8.064007347096661
wa24f9fe,Hands,2.0,0.0,1.0,12,6421.0,0.0,1.0,0.9666666666666667,8.76732914779405
wa24f9fe,Balls,3.0,3.0,3.0,12,1237.0,1.0,1.0,0.9666666666666667,7.1204443723924875
wa24f9fe,Pets,2.0,2.0,2.0,12,4623.0,1.0,1.0,0.9666666666666667,8.438799123988225
wa24f9fe,Objects,7.0,1.0,5.0,12,5574.0,0.0,2.0,0.9666666666666667,8.625868208041894
wa24f9fe,Water,3.0,3.0,2.0,12,6348.0,1.0,2.0,0.9666666666666667,8.7558950816463
wa24f9fe,Outdoor Scenes,12.0,3.0,6.0,12,5493.0,1.0,2.0,0.9666666666666667,8.61122983334262
wa24f9fe,Grass,3.0,1.0,1.0,12,3574.0,0.0,1.0,0.9666666666666667,8.181440695719374
wa24f9fe,Sports Court,2.0,1.0,2.0,12,1966.0,1.0,1.0,0.9666666666666667,7.583756300707112
wa24f9fe,Things In Bowls,4.0,2.0,2.0,12,3651.0,1.0,1.0,0.9666666666666667,8.202756381655638
wa24f9fe,Berries,2.0,1.0,2.0,12,387.0,1.0,1.0,0.9666666666666667,5.958424693029782
wa24f9fe,Vehicles,3.0,0.0,2.0,12,3225.0,1.0,1.0,0.9666666666666667,8.078688229229872
wa24f9fe,Fruit,3.0,4.0,2.0,12,222.0,1.0,1.0,0.9666666666666667,5.402677381872279
wa24f9fe,Vegetables,3.0,2.0,0.0,12,4900.0,1.0,1.0,0.9666666666666667,8.496990484098719
wa24f9fe,Produce ,6.0,4.0,2.0,12,2142.0,1.0,1.0,0.9666666666666667,7.669495251007694
wa24f9fe,Indoor Scenes,9.0,0.0,6.0,12,3568.0,0.0,2.0,0.9666666666666667,8.1797604936999
wa24f9fe,Beach,2.0,1.0,2.0,12,551.0,1.0,2.0,0.9666666666666667,6.311734809152915
wa24f9fe,Birds,3.0,2.0,2.0,12,796.0,1.0,2.0,0.9666666666666667,6.679599185844383
wa24f9fe,Appliances,1.0,1.0,0.0,12,4525.0,0.0,1.0,0.9666666666666667,8.417372856134026
wa24f9fe,Foods,7.0,2.0,2.0,12,1244.0,1.0,1.0,0.9666666666666667,7.126087273299125
wa24f9fe,Things With Wheels,2.0,1.0,2.0,12,4281.0,1.0,1.0,0.9666666666666667,8.361941906144946
wa24f9fe,Sky,4.0,3.0,3.0,12,5594.0,1.0,2.0,0.9666666666666667,8.629449873761905
wa24f9fe,Leaves,6.0,0.0,4.0,12,2124.0,0.0,1.0,0.9666666666666667,7.66105638236183
wa24f9fe,Wild Animals,4.0,4.0,3.0,12,2776.0,1.0,2.0,0.9666666666666667,7.9287663216266955
wa24f9fe,Sweet Foods,4.0,3.0,2.0,12,3196.0,1.0,1.0,0.9666666666666667,8.069655306886165
wa24f9fe,Clouds,2.0,0.0,1.0,12,358.0,1.0,2.0,0.9666666666666667,5.8805329864007
wa24f9fe,Mammals,3.0,2.0,2.0,12,1765.0,1.0,1.0,0.9666666666666667,7.475905969367397
w51d8142,Vegetables,3.0,4.0,1.0,7,1750.0,1.0,1.0,0.7666666666666667,7.4673710669175595
w51d8142,Indoor Scenes,9.0,10.0,1.0,7,4401.0,1.0,1.0,0.7666666666666667,8.38958706681109
w51d8142,Wild Animals,4.0,5.0,1.0,7,5833.0,1.0,2.0,0.7666666666666667,8.671286726753637
w51d8142,Objects,7.0,14.0,3.0,7,2154.0,1.0,1.0,0.7666666666666667,7.675081857716334
w51d8142,Outdoor Scenes,12.0,11.0,6.0,7,1248.0,1.0,2.0,0.7666666666666667,7.129297548929373
w51d8142,Animals,7.0,7.0,2.0,7,1086.0,0.0,1.0,0.7666666666666667,6.990256500493881
w51d8142,Sky,4.0,4.0,3.0,7,1212.0,1.0,2.0,0.7666666666666667,7.10002716662926
w51d8142,Leaves,6.0,5.0,3.0,7,2003.0,1.0,2.0,0.7666666666666667,7.602401335665818
w51d8142,Balls,3.0,3.0,1.0,7,676.0,1.0,1.0,0.7666666666666667,6.516193076042964
w51d8142,Dessert,1.0,2.0,0.0,7,930.0,1.0,1.0,0.7666666666666667,6.835184586147301
w51d8142,Pets,2.0,3.0,1.0,7,842.0,1.0,1.0,0.7666666666666667,6.7357800142423265
w51d8142,Appliances,1.0,2.0,0.0,7,1563.0,1.0,2.0,0.7666666666666667,7.354362330421477
w51d8142,Things That Fly,4.0,5.0,1.0,7,2063.0,0.0,1.0,0.7666666666666667,7.631916513071252
w51d8142,Water,3.0,3.0,2.0,7,1397.0,1.0,2.0,0.7666666666666667,7.242082359256962
w51d8142,Foods,7.0,7.0,2.0,7,3631.0,0.0,2.0,0.7666666666666667,8.197263371414335
w51d8142,Insects,1.0,1.0,0.0,7,965.0,1.0,2.0,0.7666666666666667,6.872128101338986
w51d8142,Things With Wheels,2.0,3.0,1.0,7,2253.0,1.0,1.0,0.7666666666666667,7.720017940432244
w51d8142,Fruit,3.0,3.0,1.0,7,2713.0,0.0,2.0,0.7666666666666667,7.905810312658931
w51d8142,Clouds,2.0,4.0,1.0,7,2020.0,1.0,2.0,0.7666666666666667,7.61085279039525
w51d8142,Sweet Foods,4.0,1.0,1.0,7,603.0,1.0,1.0,0.7666666666666667,6.401917196727186
w51d8142,Mammals,3.0,6.0,1.0,7,3384.0,1.0,1.0,0.7666666666666667,8.126813720726114
w51d8142,Berries,2.0,2.0,1.0,7,782.0,1.0,1.0,0.7666666666666667,6.661854740545311
w51d8142,Produce ,6.0,6.0,2.0,7,1164.0,0.0,2.0,0.7666666666666667,7.059617628291383
w51d8142,Sports Court,2.0,3.0,0.0,7,1101.0,0.0,2.0,0.7666666666666667,7.00397413672268
w51d8142,Birds,3.0,4.0,1.0,7,1845.0,1.0,2.0,0.7666666666666667,7.520234556474628
w51d8142,Grass,3.0,3.0,1.0,7,3072.0,1.0,2.0,0.7666666666666667,8.030084094267563
w51d8142,Beach,2.0,3.0,1.0,7,1320.0,1.0,2.0,0.7666666666666667,7.1853870155804165
w51d8142,Vehicles,3.0,2.0,2.0,7,2450.0,1.0,1.0,0.7666666666666667,7.803843303538772
w51d8142,Hands,2.0,3.0,0.0,7,816.0,1.0,2.0,0.7666666666666667,6.704414354964107
w51d8142,Things In Bowls,4.0,4.0,1.0,7,3776.0,1.0,1.0,0.7666666666666667,8.236420527265391
wf7e1cf2,Insects,1.0,0.0,0.0,5,3058.0,1.0,2.0,0.7666666666666667,8.025516386489008
wf7e1cf2,Indoor Scenes,9.0,6.0,4.0,5,2111.0,1.0,1.0,0.7666666666666667,7.65491704784832
wf7e1cf2,Beach,2.0,3.0,0.0,5,1131.0,1.0,2.0,0.7666666666666667,7.030857476116121
wf7e1cf2,Vegetables,3.0,3.0,2.0,5,884.0,0.0,2.0,0.7666666666666667,6.784457062637643
wf7e1cf2,Things With Wheels,2.0,1.0,1.0,5,3986.0,0.0,2.0,0.7666666666666667,8.29054350077274
wf7e1cf2,Hands,2.0,1.0,0.0,5,1536.0,0.0,1.0,0.7666666666666667,7.336936913707618
wf7e1cf2,Balls,3.0,3.0,0.0,5,2228.0,0.0,2.0,0.7666666666666667,7.708859601047175
wf7e1cf2,Foods,7.0,7.0,3.0,5,3541.0,1.0,1.0,0.7666666666666667,8.172164452111904
wf7e1cf2,Clouds,2.0,0.0,0.0,5,2582.0,1.0,2.0,0.7666666666666667,7.856319571406588
wf7e1cf2,Animals,7.0,4.0,1.0,5,1428.0,0.0,1.0,0.7666666666666667,7.2640301428995295
wf7e1cf2,Dessert,1.0,1.0,0.0,5,1255.0,1.0,1.0,0.7666666666666667,7.134890851565884
wf7e1cf2,Leaves,6.0,0.0,0.0,5,1111.0,1.0,2.0,0.7666666666666667,7.01301578963963
wf7e1cf2,Appliances,1.0,0.0,0.0,5,1033.0,0.0,1.0,0.7666666666666667,6.940222469119639
wf7e1cf2,Produce ,6.0,0.0,3.0,5,617.0,1.0,1.0,0.7666666666666667,6.424869023905388
wf7e1cf2,Vehicles,3.0,3.0,1.0,5,526.0,0.0,2.0,0.7666666666666667,6.26530121273771
wf7e1cf2,Fruit,3.0,3.0,1.0,5,5.0,1.0,1.0,0.7666666666666667,1.6094379124341003
wf7e1cf2,Wild Animals,4.0,4.0,0.0,5,620.0,0.0,1.0,0.7666666666666667,6.429719478039138
wf7e1cf2,Berries,2.0,2.0,1.0,5,690.0,1.0,1.0,0.7666666666666667,6.536691597591305
wf7e1cf2,Objects,7.0,3.0,1.0,5,1195.0,1.0,1.0,0.7666666666666667,7.085901464365611
wf7e1cf2,Birds,3.0,3.0,0.0,5,708.0,0.0,1.0,0.7666666666666667,6.56244409369372
wf7e1cf2,Pets,2.0,2.0,1.0,5,570.0,1.0,1.0,0.7666666666666667,6.345636360828596
wf7e1cf2,Sky,4.0,3.0,0.0,5,3348.0,0.0,1.0,0.7666666666666667,8.116118431609365
wf7e1cf2,Mammals,3.0,0.0,1.0,5,3150.0,1.0,1.0,0.7666666666666667,8.055157731819678
wf7e1cf2,Things In Bowls,4.0,4.0,2.0,5,1651.0,1.0,1.0,0.7666666666666667,7.409136443920128
wf7e1cf2,Sports Court,2.0,2.0,0.0,5,2290.0,1.0,1.0,0.7666666666666667,7.736307096548285
wf7e1cf2,Grass,3.0,3.0,0.0,5,2325.0,0.0,1.0,0.7666666666666667,7.751475318021456
wf7e1cf2,Sweet Foods,4.0,1.0,1.0,5,3958.0,1.0,1.0,0.7666666666666667,8.28349412616251
w915dec2,Wild Animals,4.0,6.0,1.0,9,5300.0,1.0,2.0,0.9333333333333333,8.575462099540212
w915dec2,Vegetables,3.0,3.0,1.0,9,6119.0,1.0,1.0,0.9333333333333333,8.71915396346254
w915dec2,Insects,1.0,1.0,0.0,9,1657.0,1.0,2.0,0.9333333333333333,7.4127640174265625
w915dec2,Sky,4.0,3.0,2.0,9,2831.0,0.0,1.0,0.9333333333333333,7.9483852851118995
w915dec2,Water,3.0,3.0,0.0,9,3865.0,0.0,1.0,0.9333333333333333,8.259716961021523
w915dec2,Indoor Scenes,9.0,9.0,7.0,9,2686.0,1.0,1.0,0.9333333333333333,7.895808377083183
w915dec2,Sports Court,2.0,1.0,2.0,9,1745.0,1.0,1.0,0.9333333333333333,7.4645098346365275
w915dec2,Pets,2.0,4.0,2.0,9,58.0,1.0,1.0,0.9333333333333333,4.060443010546419
w915dec2,Things That Fly,4.0,4.0,2.0,9,2258.0,1.0,2.0,0.9333333333333333,7.722234744709607
w915dec2,Fruit,3.0,3.0,1.0,9,958.0,1.0,1.0,0.9333333333333333,6.86484777797086
w915dec2,Vehicles,3.0,2.0,2.0,9,777.0,1.0,1.0,0.9333333333333333,6.655440350367647
w915dec2,Dessert,1.0,1.0,0.0,9,3500.0,0.0,2.0,0.9333333333333333,8.160518247477505
w915dec2,Mammals,3.0,5.0,2.0,9,406.0,1.0,1.0,0.9333333333333333,6.0063531596017325
w915dec2,Outdoor Scenes,12.0,10.0,2.0,9,4986.0,1.0,2.0,0.9333333333333333,8.514389264083503
w915dec2,Sweet Foods,4.0,3.0,1.0,9,5764.0,0.0,2.0,0.9333333333333333,8.659386957119413
w915dec2,Hands,2.0,0.0,0.0,9,5210.0,0.0,1.0,0.9333333333333333,8.558335134747413
w915dec2,Beach,2.0,1.0,0.0,9,84.0,0.0,1.0,0.9333333333333333,4.430816798843313
w915dec2,Leaves,6.0,5.0,2.0,9,6846.0,1.0,2.0,0.9333333333333333,8.831419819090131
w915dec2,Grass,3.0,2.0,1.0,9,2213.0,0.0,1.0,0.9333333333333333,7.70210434005105
w915dec2,Things With Wheels,2.0,5.0,2.0,9,2391.0,1.0,1.0,0.9333333333333333,7.779466967458324
w915dec2,Things In Bowls,4.0,4.0,2.0,9,6267.0,1.0,1.0,0.9333333333333333,8.743053050224676
w915dec2,Foods,7.0,8.0,2.0,9,4512.0,1.0,1.0,0.9333333333333333,8.414495793177895
w915dec2,Produce ,6.0,7.0,2.0,9,4313.0,0.0,2.0,0.9333333333333333,8.369388996647842
w915dec2,Balls,3.0,3.0,2.0,9,99.0,1.0,1.0,0.9333333333333333,4.59511985013459
w915dec2,Objects,7.0,9.0,4.0,9,3602.0,1.0,1.0,0.9333333333333333,8.189244525735901
w915dec2,Birds,3.0,3.0,1.0,9,470.0,1.0,2.0,0.9333333333333333,6.152732694704104
w915dec2,Clouds,2.0,1.0,0.0,9,4836.0,0.0,1.0,0.9333333333333333,8.483843211734683
w915dec2,Berries,2.0,1.0,1.0,9,2127.0,0.0,2.0,0.9333333333333333,7.6624678152002375
w4e312fd,Grass,3.0,3.0,1.0,10,2382.0,1.0,2.0,1.0,7.775695749915245
w4e312fd,Leaves,6.0,3.0,2.0,10,1378.0,1.0,2.0,1.0,7.228388451573604
w4e312fd,Water,3.0,2.0,2.0,10,507.0,1.0,2.0,1.0,6.2285110035911835
w4e312fd,Clouds,2.0,2.0,1.0,10,2560.0,1.0,2.0,1.0,7.847762537473608
w4e312fd,Things That Fly,4.0,4.0,0.0,10,2068.0,0.0,1.0,1.0,7.63433723562832
w4e312fd,Sports Court,2.0,2.0,0.0,10,456.0,1.0,1.0,1.0,6.1224928095143865
w4e312fd,Mammals,3.0,3.0,2.0,10,2820.0,1.0,1.0,1.0,7.944492163932159
w4e312fd,Indoor Scenes,9.0,8.0,5.0,10,456.0,1.0,1.0,1.0,6.1224928095143865
w4e312fd,Dessert,1.0,1.0,0.0,10,622.0,0.0,2.0,1.0,6.432940092739179
w4e312fd,Outdoor Scenes,12.0,11.0,5.0,10,417.0,1.0,2.0,1.0,6.0330862217988015
w4e312fd,Vehicles,3.0,2.0,2.0,10,1249.0,1.0,1.0,1.0,7.130098510125578
w4e312fd,Hands,2.0,2.0,0.0,10,649.0,1.0,2.0,1.0,6.47543271670409
w4e312fd,Fruit,3.0,3.0,2.0,10,1346.0,0.0,2.0,1.0,7.204892510204673
w4e312fd,Things In Bowls,4.0,4.0,3.0,10,3540.0,1.0,1.0,1.0,8.17188200612782
w4e312fd,Beach,2.0,1.0,1.0,10,1068.0,1.0,2.0,1.0,6.97354301952014
w4e312fd,Wild Animals,4.0,4.0,0.0,10,2031.0,1.0,2.0,1.0,7.616283561580385
w4e312fd,Insects,1.0,1.0,0.0,10,1290.0,1.0,2.0,1.0,7.162397497355718
w4e312fd,Berries,2.0,2.0,2.0,10,2147.0,0.0,2.0,1.0,7.671826797878781
w4e312fd,Sweet Foods,4.0,3.0,2.0,10,2494.0,0.0,2.0,1.0,7.821643126239982
w4e312fd,Things With Wheels,2.0,2.0,1.0,10,516.0,1.0,1.0,1.0,6.246106765481563
w4e312fd,Pets,2.0,3.0,2.0,10,1512.0,1.0,1.0,1.0,7.321188556739478
w4e312fd,Foods,7.0,7.0,4.0,10,793.0,0.0,2.0,1.0,6.675823221634848
w4e312fd,Sky,4.0,0.0,2.0,10,523.0,1.0,2.0,1.0,6.259581464064923
w4e312fd,Appliances,1.0,1.0,1.0,10,728.0,0.0,1.0,1.0,6.590301048196686
w4e312fd,Produce ,6.0,6.0,4.0,10,1104.0,0.0,2.0,1.0,7.00669522683704
w4e312fd,Objects,7.0,2.0,4.0,10,2891.0,0.0,2.0,1.0,7.969357742016346
w4e312fd,Animals,7.0,6.0,2.0,10,1776.0,1.0,2.0,1.0,7.4821189235521155
w4e312fd,Birds,3.0,3.0,0.0,10,658.0,1.0,2.0,1.0,6.489204931325317
w4e312fd,Balls,3.0,3.0,1.0,10,829.0,0.0,2.0,1.0,6.720220155135295
w4e312fd,Vegetables,3.0,3.0,2.0,10,434.0,0.0,2.0,1.0,6.073044534100405
w0c6daff,Insects,1.0,1.0,1.0,12,1637.0,1.0,2.0,0.9666666666666667,7.400620577371135
w0c6daff,Mammals,3.0,6.0,2.0,12,1985.0,0.0,2.0,0.9666666666666667,7.59337419312129
w0c6daff,Balls,3.0,3.0,3.0,12,112.0,1.0,1.0,0.9666666666666667,4.718498871295094
w0c6daff,Sky,4.0,3.0,2.0,12,1826.0,1.0,2.0,0.9666666666666667,7.509883061154913
w0c6daff,Indoor Scenes,9.0,8.0,8.0,12,1270.0,1.0,1.0,0.9666666666666667,7.146772179452637
w0c6daff,Vehicles,3.0,3.0,2.0,12,2925.0,1.0,1.0,0.9666666666666667,7.981049759665957
w0c6daff,Things That Fly,4.0,3.0,2.0,12,2346.0,1.0,2.0,0.9666666666666667,7.76046702921342
w0c6daff,Leaves,6.0,5.0,3.0,12,925.0,1.0,2.0,0.9666666666666667,6.829793737512425
w0c6daff,Grass,3.0,3.0,1.0,12,4004.0,1.0,2.0,0.9666666666666667,8.295049140435111
w0c6daff,Outdoor Scenes,12.0,12.0,4.0,12,3632.0,1.0,2.0,0.9666666666666667,8.197538739721184
w0c6daff,Dessert,1.0,1.0,0.0,12,3749.0,1.0,1.0,0.9666666666666667,8.229244416735913
w0c6daff,Sports Court,2.0,2.0,2.0,12,902.0,1.0,1.0,0.9666666666666667,6.804614520062624
w0c6daff,Water,3.0,3.0,1.0,12,1195.0,1.0,2.0,0.9666666666666667,7.085901464365611
w0c6daff,Birds,3.0,3.0,0.0,12,1110.0,1.0,2.0,0.9666666666666667,7.01211529430638
w0c6daff,Animals,7.0,6.0,3.0,12,1754.0,0.0,1.0,0.9666666666666667,7.469654172932128
w0c6daff,Beach,2.0,1.0,1.0,12,1926.0,1.0,2.0,0.9666666666666667,7.563200592358071
w0c6daff,Produce ,6.0,6.0,3.0,12,258.0,1.0,1.0,0.9666666666666667,5.552959584921617
w0c6daff,Things With Wheels,2.0,2.0,2.0,12,2434.0,1.0,1.0,0.9666666666666667,7.797291273547472
w0c6daff,Wild Animals,4.0,4.0,1.0,12,2266.0,1.0,2.0,0.9666666666666667,7.725771441587952
w0c6daff,Things In Bowls,4.0,4.0,3.0,12,888.0,1.0,1.0,0.9666666666666667,6.78897174299217
w0c6daff,Vegetables,3.0,2.0,1.0,12,134.0,1.0,1.0,0.9666666666666667,4.897839799950911
w0c6daff,Clouds,2.0,2.0,1.0,12,2505.0,1.0,2.0,0.9666666666666667,7.826044013518965
w0c6daff,Hands,2.0,1.0,1.0,12,3317.0,1.0,2.0,0.9666666666666667,8.106816038947052
w0c6daff,Objects,7.0,4.0,6.0,12,1929.0,1.0,1.0,0.9666666666666667,7.564757012905729
w0c6daff,Appliances,1.0,1.0,1.0,12,1682.0,1.0,2.0,0.9666666666666667,7.427738840532894
w0c6daff,Pets,2.0,2.0,2.0,12,2057.0,1.0,1.0,0.9666666666666667,7.6290038896529575
w0c6daff,Fruit,3.0,4.0,2.0,12,125.0,1.0,1.0,0.9666666666666667,4.8283137373023015
w0c6daff,Sweet Foods,4.0,1.0,2.0,12,2098.0,0.0,2.0,0.9666666666666667,7.6487397889562425
w0c6daff,Foods,7.0,3.0,3.0,12,1418.0,0.0,2.0,0.9666666666666667,7.257002707092073
w0c6daff,Berries,2.0,1.0,2.0,12,581.0,1.0,1.0,0.9666666666666667,6.364750756851911
w472a3b0,Things In Bowls,4.0,4.0,2.0,14,3979.0,1.0,1.0,0.8,8.288785810426928
w472a3b0,Dessert,1.0,1.0,0.0,14,682.0,1.0,1.0,0.8,6.525029657843462
w472a3b0,Fruit,3.0,3.0,2.0,14,2146.0,1.0,1.0,0.8,7.671360923190644
w472a3b0,Berries,2.0,2.0,1.0,14,754.0,1.0,1.0,0.8,6.625392368007956
w472a3b0,Birds,3.0,3.0,2.0,14,571.0,1.0,2.0,0.8,6.3473892096560105
w472a3b0,Clouds,2.0,1.0,1.0,14,2772.0,1.0,2.0,0.8,7.927324360309794
w472a3b0,Foods,7.0,0.0,3.0,14,5373.0,1.0,1.0,0.8,8.589141690728821
w472a3b0,Mammals,3.0,3.0,3.0,14,671.0,1.0,1.0,0.8,6.508769136971682
w472a3b0,Beach,2.0,2.0,1.0,14,607.0,1.0,2.0,0.8,6.408528791059498
w472a3b0,Wild Animals,4.0,1.0,3.0,14,3398.0,1.0,2.0,0.8,8.130942302231878
w472a3b0,Sweet Foods,4.0,1.0,2.0,14,786.0,1.0,1.0,0.8,6.666956792429207
w472a3b0,Things With Wheels,2.0,1.0,1.0,14,4481.0,1.0,1.0,0.8,8.407601514786142
w472a3b0,Leaves,6.0,4.0,4.0,14,3329.0,1.0,2.0,0.8,8.110427237575024
w472a3b0,Vehicles,3.0,3.0,2.0,14,2294.0,1.0,1.0,0.8,7.738052297689316
w472a3b0,Vegetables,3.0,3.0,1.0,14,4383.0,1.0,1.0,0.8,8.38548870041881
w472a3b0,Sports Court,2.0,2.0,2.0,14,1791.0,1.0,1.0,0.8,7.490529402060711
w472a3b0,Hands,2.0,1.0,2.0,14,1782.0,1.0,2.0,0.8,7.485491608030754
w472a3b0,Objects,7.0,4.0,5.0,14,1648.0,1.0,1.0,0.8,7.4073177104694174
w472a3b0,Animals,7.0,6.0,6.0,14,3680.0,1.0,2.0,0.8,8.210668031162976
w472a3b0,Produce ,6.0,0.0,3.0,14,6843.0,0.0,2.0,0.8,8.830981510952498
w472a3b0,Grass,3.0,1.0,2.0,14,2846.0,1.0,2.0,0.8,7.953669778649798
w472a3b0,Water,3.0,3.0,2.0,14,495.0,1.0,2.0,0.8,6.20455776256869
w472a3b0,Insects,1.0,1.0,1.0,14,3807.0,1.0,2.0,0.8,8.244596756382498
w472a3b0,Outdoor Scenes,12.0,8.0,8.0,14,3021.0,1.0,2.0,0.8,8.013343181386672
w472a3b0,Things That Fly,4.0,4.0,3.0,14,342.0,1.0,2.0,0.8,5.834810737062605
w472a3b0,Pets,2.0,2.0,2.0,14,1659.0,1.0,1.0,0.8,7.413970290190444
w472a3b0,Sky,4.0,0.0,1.0,14,423.0,1.0,2.0,0.8,6.0473721790462776
w472a3b0,Balls,3.0,0.0,2.0,14,471.0,0.0,2.0,0.8,6.154858094016418
w472a3b0,Appliances,1.0,1.0,1.0,14,2360.0,0.0,1.0,0.8,7.7664168980196555
w472a3b0,Indoor Scenes,9.0,4.0,6.0,14,568.0,1.0,1.0,0.8,6.342121418721152
w7b672a4,Objects,7.0,13.0,4.0,8,6838.0,1.0,1.0,0.7666666666666667,8.830250570199247
w7b672a4,Dessert,1.0,0.0,0.0,8,2361.0,1.0,1.0,0.7666666666666667,7.766840537085513
w7b672a4,Things In Bowls,4.0,2.0,1.0,8,2556.0,1.0,1.0,0.7666666666666667,7.846198815497425
w7b672a4,Vegetables,3.0,1.0,0.0,8,3812.0,1.0,1.0,0.7666666666666667,8.245909264774093
w7b672a4,Grass,3.0,0.0,2.0,8,3748.0,0.0,1.0,0.7666666666666667,8.228977643358313
w7b672a4,Leaves,6.0,2.0,2.0,8,2879.0,1.0,2.0,0.7666666666666667,7.965198290612176
w7b672a4,Sweet Foods,4.0,5.0,1.0,8,3140.0,0.0,2.0,0.7666666666666667,8.0519780789023
w7b672a4,Indoor Scenes,9.0,4.0,3.0,8,2409.0,1.0,1.0,0.7666666666666667,7.786967002614872
w7b672a4,Insects,1.0,0.0,0.0,8,3104.0,1.0,2.0,0.7666666666666667,8.04044688130311
w7b672a4,Wild Animals,4.0,3.0,2.0,8,2481.0,1.0,2.0,0.7666666666666667,7.816416983691801
w7b672a4,Foods,7.0,7.0,1.0,8,3211.0,0.0,2.0,0.7666666666666667,8.074337694089515
w7b672a4,Hands,2.0,0.0,0.0,8,1352.0,0.0,1.0,0.7666666666666667,7.20934025660291
w7b672a4,Fruit,3.0,0.0,1.0,8,3547.0,1.0,1.0,0.7666666666666667,8.173857454773621
w7b672a4,Sky,4.0,0.0,2.0,8,1497.0,1.0,2.0,0.7666666666666667,7.311218384419629
w7b672a4,Water,3.0,0.0,2.0,8,1370.0,1.0,2.0,0.7666666666666667,7.222566018822171
w7b672a4,Balls,3.0,1.0,2.0,8,1273.0,1.0,1.0,0.7666666666666667,7.149131598557407
w7b672a4,Sports Court,2.0,0.0,2.0,8,2188.0,1.0,1.0,0.7666666666666667,7.690743163541872
w7b672a4,Vehicles,3.0,0.0,2.0,8,2487.0,1.0,1.0,0.7666666666666667,7.818832443803404
w7b672a4,Pets,2.0,2.0,0.0,8,4153.0,1.0,1.0,0.7666666666666667,8.331586243630754
w7b672a4,Outdoor Scenes,12.0,10.0,5.0,8,783.0,1.0,2.0,0.7666666666666667,6.663132695990803
w7b672a4,Produce ,6.0,2.0,1.0,8,3154.0,0.0,2.0,0.7666666666666667,8.056426767522984
w7b672a4,Animals,7.0,7.0,3.0,8,750.0,0.0,1.0,0.7666666666666667,6.620073206530356
w7b672a4,Things That Fly,4.0,3.0,1.0,8,3368.0,0.0,1.0,0.7666666666666667,8.122074375362217
w7b672a4,Things With Wheels,2.0,1.0,1.0,8,2276.0,1.0,1.0,0.7666666666666667,7.730174795246222
w7b672a4,Appliances,1.0,1.0,0.0,8,948.0,1.0,2.0,0.7666666666666667,6.854354502255021
w7b672a4,Clouds,2.0,0.0,1.0,8,1316.0,1.0,2.0,0.7666666666666667,7.182352111885263
w7b672a4,Birds,3.0,2.0,2.0,8,1085.0,0.0,1.0,0.7666666666666667,6.98933526597456
w7b672a4,Mammals,3.0,2.0,1.0,8,1572.0,0.0,2.0,0.7666666666666667,7.360103972989152
w7b672a4,Berries,2.0,0.0,1.0,8,2469.0,1.0,1.0,0.7666666666666667,7.81156848934518
wa06df17,Mammals,3.0,4.0,1.0,11,6389.0,1.0,1.0,0.8666666666666667,8.762333040602343
wa06df17,Dessert,1.0,1.0,0.0,11,1361.0,1.0,1.0,0.8666666666666667,7.215975002651466
wa06df17,Objects,7.0,2.0,5.0,11,2791.0,0.0,2.0,0.8666666666666667,7.934155233536322
wa06df17,Grass,3.0,3.0,2.0,11,2728.0,0.0,1.0,0.8666666666666667,7.911324018963353
wa06df17,Things In Bowls,4.0,4.0,2.0,11,3749.0,1.0,1.0,0.8666666666666667,8.229244416735913
wa06df17,Wild Animals,4.0,3.0,2.0,11,2752.0,1.0,2.0,0.8666666666666667,7.920083199053234
wa06df17,Vegetables,3.0,3.0,3.0,11,4006.0,1.0,1.0,0.8666666666666667,8.295548516225763
wa06df17,Sweet Foods,4.0,3.0,0.0,11,2417.0,1.0,1.0,0.8666666666666667,7.790282380703483
wa06df17,Beach,2.0,2.0,2.0,11,1953.0,1.0,2.0,0.8666666666666667,7.577121930876679
wa06df17,Appliances,1.0,1.0,1.0,11,1115.0,1.0,2.0,0.8666666666666667,7.016609683894219
wa06df17,Sky,4.0,3.0,2.0,11,3847.0,0.0,1.0,0.8666666666666667,8.255048902752295
wa06df17,Sports Court,2.0,1.0,2.0,11,3573.0,1.0,1.0,0.8666666666666667,8.181160858023409
wa06df17,Berries,2.0,2.0,0.0,11,1422.0,0.0,2.0,0.8666666666666667,7.259819610363186
wa06df17,Leaves,6.0,0.0,2.0,11,2256.0,1.0,2.0,0.8666666666666667,7.721348612617949
wa06df17,Things That Fly,4.0,3.0,1.0,11,4830.0,1.0,2.0,0.8666666666666667,8.482601746646619
wa06df17,Fruit,3.0,2.0,0.0,11,3026.0,1.0,1.0,0.8666666666666667,8.014996894348302
wa06df17,Foods,7.0,0.0,3.0,11,2161.0,1.0,1.0,0.8666666666666667,7.6783263565068856
wa06df17,Insects,1.0,1.0,1.0,11,3394.0,1.0,2.0,0.8666666666666667,8.129764445794171
wa06df17,Birds,3.0,2.0,1.0,11,3634.0,0.0,1.0,0.8666666666666667,8.198089248956116
wa06df17,Hands,2.0,0.0,1.0,11,667.0,0.0,1.0,0.8666666666666667,6.502790045915623
wa06df17,Pets,2.0,2.0,1.0,11,2853.0,1.0,1.0,0.8666666666666667,7.9561263512135
wa06df17,Indoor Scenes,9.0,5.0,5.0,11,1812.0,1.0,1.0,0.8666666666666667,7.502186486602924
wa06df17,Outdoor Scenes,12.0,6.0,6.0,11,4326.0,1.0,2.0,0.8666666666666667,8.372398606513004
wa06df17,Clouds,2.0,2.0,1.0,11,732.0,0.0,1.0,0.8666666666666667,6.595780513961311
wa06df17,Balls,3.0,1.0,3.0,11,560.0,0.0,2.0,0.8666666666666667,6.327936783729195
wa06df17,Animals,7.0,6.0,3.0,11,2863.0,0.0,1.0,0.8666666666666667,7.959625305098115
wa06df17,Water,3.0,3.0,2.0,11,1283.0,1.0,2.0,0.8666666666666667,7.1569563646156364
wa06df17,Produce ,6.0,4.0,3.0,11,797.0,1.0,1.0,0.8666666666666667,6.680854678790215
wa06df17,Vehicles,3.0,1.0,1.0,11,4826.0,0.0,2.0,0.8666666666666667,8.481773246184977
w0e327f3,Mammals,3.0,6.0,3.0,20,5249.0,1.0,1.0,0.8333333333333334,8.5657928612523
w0e327f3,Vehicles,3.0,2.0,3.0,20,6019.0,1.0,1.0,0.8333333333333334,8.70267641154777
w0e327f3,Birds,3.0,3.0,3.0,20,5886.0,0.0,1.0,0.8333333333333334,8.680331928793418
w0e327f3,Objects,7.0,5.0,7.0,20,5487.0,0.0,2.0,0.8333333333333334,8.610136937058975
w0e327f3,Dessert,1.0,3.0,1.0,20,4144.0,1.0,1.0,0.8333333333333334,8.329416783939319
w0e327f3,Animals,7.0,6.0,7.0,20,1952.0,0.0,1.0,0.8333333333333334,7.5766097669730375
w0e327f3,Hands,2.0,2.0,1.0,20,3853.0,1.0,2.0,0.8333333333333334,8.256607344626158
w0e327f3,Foods,7.0,6.0,6.0,20,3614.0,1.0,1.0,0.8333333333333334,8.192570471152173
w0e327f3,Beach,2.0,2.0,2.0,20,4710.0,0.0,1.0,0.8333333333333334,8.457443187010464
w0e327f3,Leaves,6.0,7.0,5.0,20,3937.0,0.0,1.0,0.8333333333333334,8.278174290943738
w0e327f3,Things In Bowls,4.0,4.0,4.0,20,5742.0,0.0,2.0,0.8333333333333334,8.655562860681009
w0e327f3,Outdoor Scenes,12.0,12.0,11.0,20,3928.0,1.0,2.0,0.8333333333333334,8.275885669474356
w0e327f3,Sweet Foods,4.0,3.0,3.0,20,3388.0,1.0,1.0,0.8333333333333334,8.127995055771946
w0e327f3,Appliances,1.0,3.0,1.0,20,3636.0,1.0,2.0,0.8333333333333334,8.19863945529737
w0e327f3,Vegetables,3.0,2.0,3.0,20,7283.0,0.0,2.0,0.8333333333333334,8.893298144217916
w0e327f3,Things With Wheels,2.0,1.0,2.0,20,5782.0,1.0,1.0,0.8333333333333334,8.662504922576291
w0e327f3,Berries,2.0,3.0,2.0,20,4251.0,1.0,1.0,0.8333333333333334,8.35490952835879
w0e327f3,Wild Animals,4.0,4.0,4.0,20,4811.0,1.0,2.0,0.8333333333333334,8.478660241699453
w0e327f3,Sports Court,2.0,1.0,2.0,20,4833.0,1.0,1.0,0.8333333333333334,8.483222671845084
w0e327f3,Grass,3.0,3.0,3.0,20,3490.0,1.0,2.0,0.8333333333333334,8.157657015196472
w0e327f3,Indoor Scenes,9.0,7.0,9.0,20,3003.0,1.0,1.0,0.8333333333333334,8.00736706798333
w0e327f3,Clouds,2.0,3.0,2.0,20,5597.0,1.0,2.0,0.8333333333333334,8.62998601889136
w0e327f3,Balls,3.0,3.0,3.0,20,3429.0,1.0,1.0,0.8333333333333334,8.14002395246292
w0e327f3,Produce ,6.0,6.0,5.0,20,7170.0,0.0,2.0,0.8333333333333334,8.877660933593667
w0e327f3,Pets,2.0,4.0,2.0,20,2496.0,1.0,1.0,0.8333333333333334,7.822444729489319
w0e327f3,Things That Fly,4.0,4.0,4.0,20,4878.0,0.0,1.0,0.8333333333333334,8.492490578775866
w1afb6bd,Things In Bowls,4.0,4.0,2.0,17,3529.0,1.0,1.0,0.8666666666666667,8.16876982367527
w1afb6bd,Dessert,1.0,0.0,1.0,17,5937.0,0.0,2.0,0.8666666666666667,8.688959234270676
w1afb6bd,Vehicles,3.0,3.0,3.0,17,2316.0,0.0,2.0,0.8666666666666667,7.7475968386928855
w1afb6bd,Insects,1.0,1.0,1.0,17,2283.0,1.0,2.0,0.8666666666666667,7.733245646529795
w1afb6bd,Wild Animals,4.0,4.0,4.0,17,4381.0,1.0,2.0,0.8666666666666667,8.385032287813898
w1afb6bd,Appliances,1.0,2.0,0.0,17,7464.0,1.0,2.0,0.8666666666666667,8.91784674252718
w1afb6bd,Water,3.0,3.0,3.0,17,58.0,1.0,2.0,0.8666666666666667,4.060443010546419
w1afb6bd,Clouds,2.0,2.0,2.0,17,2146.0,1.0,2.0,0.8666666666666667,7.671360923190644
w1afb6bd,Vegetables,3.0,3.0,2.0,17,2365.0,1.0,1.0,0.8666666666666667,7.768533300926033
w1afb6bd,Things That Fly,4.0,4.0,4.0,17,6280.0,1.0,2.0,0.8666666666666667,8.745125259462244
w1afb6bd,Foods,7.0,6.0,4.0,17,655.0,1.0,1.0,0.8666666666666667,6.484635235635252
w1afb6bd,Indoor Scenes,9.0,7.0,8.0,17,2329.0,1.0,1.0,0.8666666666666667,7.753194269884341
w1afb6bd,Grass,3.0,3.0,2.0,17,812.0,0.0,1.0,0.8666666666666667,6.699500340161678
w1afb6bd,Things With Wheels,2.0,1.0,2.0,17,1061.0,1.0,1.0,0.8666666666666667,6.966967138613983
w1afb6bd,Balls,3.0,3.0,3.0,17,2585.0,1.0,1.0,0.8666666666666667,7.85748078694253
w1afb6bd,Outdoor Scenes,12.0,11.0,9.0,17,1563.0,1.0,2.0,0.8666666666666667,7.354362330421477
w1afb6bd,Hands,2.0,0.0,1.0,17,3905.0,0.0,1.0,0.8666666666666667,8.270013062273787
w1afb6bd,Fruit,3.0,3.0,1.0,17,426.0,1.0,1.0,0.8666666666666667,6.054439346269371
w1afb6bd,Animals,7.0,3.0,7.0,17,2769.0,0.0,1.0,0.8666666666666667,7.926241523170962
w1afb6bd,Objects,7.0,10.0,6.0,17,3559.0,0.0,2.0,0.8666666666666667,8.177234885510194
w1afb6bd,Pets,2.0,2.0,2.0,17,72.0,1.0,1.0,0.8666666666666667,4.276666119016055
w1afb6bd,Birds,3.0,3.0,3.0,17,1437.0,1.0,2.0,0.8666666666666667,7.270312886079025
w1afb6bd,Leaves,6.0,6.0,4.0,17,884.0,0.0,1.0,0.8666666666666667,6.784457062637643
w1afb6bd,Sky,4.0,4.0,4.0,17,274.0,1.0,2.0,0.8666666666666667,5.6131281063880705
w1afb6bd,Sports Court,2.0,2.0,2.0,17,2776.0,1.0,1.0,0.8666666666666667,7.9287663216266955
w1afb6bd,Berries,2.0,2.0,1.0,17,654.0,1.0,1.0,0.8666666666666667,6.483107351457199
w1afb6bd,Mammals,3.0,3.0,3.0,17,2866.0,1.0,1.0,0.8666666666666667,7.960672608388117
w1afb6bd,Beach,2.0,1.0,2.0,17,2674.0,1.0,2.0,0.8666666666666667,7.891330757661889
w1afb6bd,Produce ,6.0,0.0,3.0,17,3433.0,1.0,1.0,0.8666666666666667,8.141189793457691
w1afb6bd,Sweet Foods,4.0,3.0,2.0,17,1119.0,1.0,1.0,0.8666666666666667,7.020190708311925
w08dda5e,Berries,2.0,2.0,2.0,13,1826.0,1.0,1.0,0.8,7.509883061154913
w08dda5e,Things In Bowls,4.0,4.0,2.0,13,2425.0,1.0,1.0,0.8,7.793586803371584
w08dda5e,Outdoor Scenes,12.0,10.0,7.0,13,4059.0,0.0,1.0,0.8,8.308691916838898
w08dda5e,Things With Wheels,2.0,1.0,2.0,13,556.0,1.0,1.0,0.8,6.320768294250582
w08dda5e,Leaves,6.0,5.0,5.0,13,1904.0,1.0,2.0,0.8,7.55171221535131
w08dda5e,Dessert,1.0,0.0,1.0,13,798.0,1.0,1.0,0.8,6.682108597449809
w08dda5e,Birds,3.0,3.0,2.0,13,2333.0,1.0,2.0,0.8,7.75491027202143
w08dda5e,Grass,3.0,3.0,1.0,13,3255.0,0.0,1.0,0.8,8.08794755464267
w08dda5e,Things That Fly,4.0,4.0,3.0,13,2427.0,1.0,2.0,0.8,7.794411205726601
w08dda5e,Balls,3.0,3.0,2.0,13,3398.0,1.0,1.0,0.8,8.130942302231878
w08dda5e,Wild Animals,4.0,5.0,2.0,13,759.0,0.0,1.0,0.8,6.63200177739563
w08dda5e,Vegetables,3.0,3.0,1.0,13,1801.0,1.0,1.0,0.8,7.496097345175956
w08dda5e,Animals,7.0,7.0,4.0,13,2702.0,0.0,1.0,0.8,7.9017475185201445
w08dda5e,Objects,7.0,10.0,4.0,13,1181.0,1.0,1.0,0.8,7.074116816197362
w08dda5e,Water,3.0,3.0,1.0,13,2133.0,0.0,1.0,0.8,7.665284718471351
w08dda5e,Appliances,1.0,2.0,0.0,13,2077.0,0.0,1.0,0.8,7.638679823876112
w08dda5e,Insects,1.0,1.0,0.0,13,1087.0,1.0,2.0,0.8,6.99117688712121
w08dda5e,Hands,2.0,2.0,1.0,13,2717.0,1.0,2.0,0.8,7.907283609426348
w08dda5e,Sports Court,2.0,2.0,1.0,13,4428.0,0.0,2.0,0.8,8.395703293828527
w08dda5e,Sky,4.0,4.0,3.0,13,1759.0,0.0,1.0,0.8,7.472500744737558
w08dda5e,Fruit,3.0,3.0,3.0,13,295.0,1.0,1.0,0.8,5.68697535633982
w08dda5e,Pets,2.0,3.0,2.0,13,473.0,1.0,1.0,0.8,6.159095388491933
w08dda5e,Beach,2.0,1.0,1.0,13,953.0,0.0,1.0,0.8,6.859614903654202
w08dda5e,Produce ,6.0,5.0,4.0,13,1763.0,0.0,2.0,0.8,7.47477218239787
w08dda5e,Sweet Foods,4.0,1.0,4.0,13,1013.0,1.0,1.0,0.8,6.920671504248683
w08dda5e,Foods,7.0,6.0,5.0,13,1704.0,1.0,1.0,0.8,7.440733707389261
w08dda5e,Clouds,2.0,2.0,1.0,13,483.0,1.0,2.0,0.8,6.180016653652572
w08dda5e,Mammals,3.0,6.0,2.0,13,4504.0,1.0,1.0,0.8,8.412721169819527
w08dda5e,Vehicles,3.0,3.0,2.0,13,1914.0,0.0,2.0,0.8,7.5569505720129
w49dc7cd,Balls,3.0,3.0,3.0,11,4098.0,1.0,1.0,0.8333333333333334,8.318254328798846
w49dc7cd,Dessert,1.0,1.0,0.0,11,3888.0,1.0,1.0,0.8333333333333334,8.265650165580329
w49dc7cd,Sky,4.0,1.0,3.0,11,4898.0,1.0,2.0,0.8333333333333334,8.496582237512113
w49dc7cd,Berries,2.0,2.0,2.0,11,3319.0,1.0,1.0,0.8333333333333334,8.107418811719974
w49dc7cd,Vegetables,3.0,3.0,1.0,11,1547.0,0.0,2.0,0.8333333333333334,7.344072850573066
w49dc7cd,Animals,7.0,7.0,4.0,11,404.0,0.0,1.0,0.8333333333333334,6.0014148779611505
w49dc7cd,Leaves,6.0,4.0,2.0,11,4601.0,0.0,1.0,0.8333333333333334,8.434028950155469
w49dc7cd,Pets,2.0,2.0,2.0,11,1590.0,1.0,1.0,0.8333333333333334,7.371489295214277
w49dc7cd,Things That Fly,4.0,4.0,2.0,11,1832.0,1.0,2.0,0.8333333333333334,7.513163545234075
w49dc7cd,Appliances,1.0,1.0,0.0,11,3001.0,1.0,2.0,0.8333333333333334,8.006700845440367
w49dc7cd,Foods,7.0,5.0,3.0,11,2979.0,0.0,2.0,0.8333333333333334,7.999342952713282
w49dc7cd,Sweet Foods,4.0,1.0,2.0,11,4338.0,1.0,1.0,0.8333333333333334,8.37516869138682
w49dc7cd,Birds,3.0,0.0,1.0,11,1560.0,1.0,2.0,0.8333333333333334,7.352441100243583
w49dc7cd,Grass,3.0,2.0,2.0,11,2052.0,0.0,1.0,0.8333333333333334,7.62657020629066
w49dc7cd,Clouds,2.0,1.0,2.0,11,1517.0,0.0,1.0,0.8333333333333334,7.324489979348532
w49dc7cd,Beach,2.0,2.0,1.0,11,645.0,0.0,1.0,0.8333333333333334,6.4692503167957724
w49dc7cd,Things In Bowls,4.0,1.0,3.0,11,79.0,1.0,1.0,0.8333333333333334,4.3694478524670215
w49dc7cd,Hands,2.0,2.0,0.0,11,5232.0,0.0,1.0,0.8333333333333334,8.562548893137034
w49dc7cd,Water,3.0,3.0,1.0,11,2917.0,0.0,1.0,0.8333333333333334,7.978310969867722
w49dc7cd,Things With Wheels,2.0,2.0,1.0,11,1820.0,1.0,1.0,0.8333333333333334,7.506591780070841
w49dc7cd,Outdoor Scenes,12.0,8.0,5.0,11,3058.0,1.0,2.0,0.8333333333333334,8.025516386489008
w49dc7cd,Mammals,3.0,0.0,3.0,11,479.0,1.0,1.0,0.8333333333333334,6.171700597410915
w49dc7cd,Insects,1.0,1.0,0.0,11,995.0,1.0,2.0,0.8333333333333334,6.902742737158593
w49dc7cd,Indoor Scenes,9.0,7.0,6.0,11,2331.0,1.0,1.0,0.8333333333333334,7.754052639035757
w49dc7cd,Produce ,6.0,5.0,3.0,11,780.0,1.0,1.0,0.8333333333333334,6.659293919683638
w49dc7cd,Wild Animals,4.0,4.0,1.0,11,995.0,0.0,1.0,0.8333333333333334,6.902742737158593
w49dc7cd,Objects,7.0,1.0,4.0,11,2045.0,1.0,1.0,0.8333333333333334,7.623153068476902
w49dc7cd,Sports Court,2.0,1.0,2.0,11,2453.0,0.0,2.0,0.8333333333333334,7.8050670442584895
w49dc7cd,Vehicles,3.0,3.0,1.0,11,1485.0,1.0,1.0,0.8333333333333334,7.3031700512368
w49dc7cd,Fruit,3.0,3.0,2.0,11,1796.0,1.0,1.0,0.8333333333333334,7.493317248862145
w7574933,Vegetables,3.0,2.0,0.0,14,4704.0,0.0,2.0,0.5666666666666667,8.456168489578463
w7574933,Dessert,1.0,1.0,1.0,14,987.0,1.0,1.0,0.5666666666666667,6.894670039433482
w7574933,Berries,2.0,2.0,2.0,14,286.0,1.0,1.0,0.5666666666666667,5.655991810819852
w7574933,Things That Fly,4.0,3.0,2.0,14,3010.0,1.0,2.0,0.5666666666666667,8.009695357742922
w7574933,Sweet Foods,4.0,3.0,4.0,14,2445.0,1.0,1.0,0.5666666666666667,7.801800401908973
w7574933,Clouds,2.0,1.0,1.0,14,3939.0,1.0,2.0,0.5666666666666667,8.278682162970906
w7574933,Wild Animals,4.0,4.0,3.0,14,4119.0,1.0,2.0,0.5666666666666667,8.323365694436081
w7574933,Balls,3.0,2.0,2.0,14,3996.0,0.0,2.0,0.5666666666666667,8.293049139768444
w7574933,Things With Wheels,2.0,2.0,1.0,14,4366.0,1.0,1.0,0.5666666666666667,8.38160253710989
w7574933,Insects,1.0,1.0,1.0,14,686.0,1.0,2.0,0.5666666666666667,6.530877627725885
w7574933,Water,3.0,2.0,1.0,14,3696.0,1.0,2.0,0.5666666666666667,8.215006432761575
w7574933,Hands,2.0,2.0,2.0,14,2981.0,1.0,2.0,0.5666666666666667,8.000014093678072
w7574933,Sky,4.0,3.0,2.0,14,3412.0,0.0,1.0,0.5666666666666667,8.13505390861157
w7574933,Outdoor Scenes,12.0,9.0,7.0,14,1685.0,0.0,1.0,0.5666666666666667,7.429520842786462
w7574933,Appliances,1.0,1.0,1.0,14,850.0,1.0,2.0,0.5666666666666667,6.745236349484363
w7574933,Animals,7.0,5.0,6.0,14,1405.0,0.0,1.0,0.5666666666666667,7.247792581767846
w7574933,Produce ,6.0,4.0,3.0,14,1834.0,1.0,1.0,0.5666666666666667,7.51425465281641
w7574933,Grass,3.0,3.0,2.0,14,5967.0,1.0,2.0,0.5666666666666667,8.693999567522082
w7574933,Sports Court,2.0,1.0,2.0,14,2030.0,1.0,1.0,0.5666666666666667,7.615791072035833
w7574933,Things In Bowls,4.0,4.0,2.0,14,3625.0,1.0,1.0,0.5666666666666667,8.195609567288775
w7574933,Vehicles,3.0,3.0,1.0,14,604.0,0.0,2.0,0.5666666666666667,6.403574197934815
w7574933,Foods,7.0,6.0,4.0,14,6928.0,0.0,2.0,0.5666666666666667,8.843326450242271
w7574933,Pets,2.0,2.0,2.0,14,389.0,1.0,1.0,0.5666666666666667,5.963579343618446
w7574933,Leaves,6.0,6.0,5.0,14,1870.0,1.0,2.0,0.5666666666666667,7.533693709848633
w7574933,Beach,2.0,1.0,1.0,14,468.0,1.0,2.0,0.5666666666666667,6.148468295917647
w7574933,Fruit,3.0,3.0,3.0,14,2808.0,1.0,1.0,0.5666666666666667,7.940227765145702
w7574933,Birds,3.0,3.0,2.0,14,2166.0,1.0,2.0,0.5666666666666667,7.680637427560936
w7574933,Mammals,3.0,6.0,3.0,14,1520.0,1.0,1.0,0.5666666666666667,7.326465613840322
